﻿{
  "dataList": [
    {
      "id": 1,
      "personalityid": 10801,
      "voiceFile": 0,
      "teller": "Ishmael",
      "dialog": "Can I do it? Of course. There’s no point in even asking.",
      "usage": "(800101, VERY_HIGH), (800102, VERY_HIGH), (800104, VERY_HIGH), (800105, VERY_HIGH)"
    },
    {
      "id": 2,
      "personalityid": 10801,
      "voiceFile": 0,
      "teller": "Ishmael",
      "dialog": "This should be reasonable. As long as the plan behind it isn’t total flotsam.",
      "usage": "(800101, HIGH), (800102, HIGH), (800104, HIGH), (800105, HIGH) "
    },
    {
      "id": 3,
      "personalityid": 10801,
      "voiceFile": 0,
      "teller": "Ishmael",
      "dialog": "Well… If there’s no one else up for this, I’ll step forward.",
      "usage": "(800101, NORMAL), (800102, NORMAL), (800104, NORMAL), (800105, NORMAL)"
    },
    {
      "id": 4,
      "personalityid": 10801,
      "voiceFile": 0,
      "teller": "Ishmael",
      "dialog": "I’ll comply, but this honestly sounds like a terrible plan.",
      "usage": "(800101, LOW), (800102, LOW), (800104, LOW), (800105, LOW)"
    },
    {
      "id": 5,
      "personalityid": 10801,
      "voiceFile": 0,
      "teller": "Ishmael",
      "dialog": "Are you serious? Several screws loose? I’m disappointed. Don’t talk to me.",
      "usage": "(800101, VERY_LOW), (800102, VERY_LOW), (800104, VERY_LOW), (800105, VERY_LOW) "
    },
    {
      "id": 6,
      "personalityid": 10801,
      "voiceFile": 0,
      "teller": "Ishmael",
      "dialog": "Despite it all… I managed somehow.",
      "usage": "(800101, SUCCESS), (800102, SUCCESS), (800104, SUCCESS), (800105, SUCCESS)"
    },
    {
      "id": 7,
      "personalityid": 10801,
      "voiceFile": 0,
      "teller": "Ishmael",
      "dialog": "You should’ve had someone else deal with it. Don’t blame me for this.",
      "usage": "(800101, FAILURE), (800102, FAILURE), (800104, FAILURE), (800105, FAILURE)"
    },
    {
      "id": 8,
      "personalityid": 10802,
      "voiceFile": 0,
      "teller": "R Corp. Ishmael",
      "dialog": "",
      "usage": "(800101, VERY_HIGH), (800102, VERY_HIGH), (800104, VERY_HIGH), (800105, VERY_HIGH)"
    },
    {
      "id": 9,
      "personalityid": 10802,
      "voiceFile": 0,
      "teller": "R Corp. Ishmael",
      "dialog": "",
      "usage": "(800101, HIGH), (800102, HIGH), (800104, HIGH), (800105, HIGH) "
    },
    {
      "id": 10,
      "personalityid": 10802,
      "voiceFile": 0,
      "teller": "R Corp. Ishmael",
      "dialog": "",
      "usage": "(800101, NORMAL), (800102, NORMAL), (800104, NORMAL), (800105, NORMAL)"
    },
    {
      "id": 11,
      "personalityid": 10802,
      "voiceFile": 0,
      "teller": "R Corp. Ishmael",
      "dialog": "",
      "usage": "(800101, LOW), (800102, LOW), (800104, LOW), (800105, LOW)"
    },
    {
      "id": 12,
      "personalityid": 10802,
      "voiceFile": 0,
      "teller": "R Corp. Ishmael",
      "dialog": "",
      "usage": "(800101, VERY_LOW), (800102, VERY_LOW), (800104, VERY_LOW), (800105, VERY_LOW) "
    },
    {
      "id": 13,
      "personalityid": 10802,
      "voiceFile": 0,
      "teller": "R Corp. Ishmael",
      "dialog": "",
      "usage": "(800101, SUCCESS), (800102, SUCCESS), (800104, SUCCESS), (800105, SUCCESS)"
    },
    {
      "id": 14,
      "personalityid": 10802,
      "voiceFile": 0,
      "teller": "R Corp. Ishmael",
      "dialog": "",
      "usage": "(800101, FAILURE), (800102, FAILURE), (800104, FAILURE), (800105, FAILURE)"
    }
  ]
}