﻿{
  "dataList": [
    {
      "id": "816401_success_1",
      "content": "<color=#ebcaa2>[{0}]</color> получает %{2} {1}/% и %{4} {3}/% до конца Сражения"
    },
    {
      "id": "816401_success_2",
      "content": "<color=#ebcaa2>Все союзники получают %{1} {0}/% до конца Сражения</color>"
    },
    {
      "id": "816401_success_3",
      "content": "Увеличивает порог Оглушения вдвое, включая данный эффект от Провокации Тремора, для <color=#ebcaa2>[{0}]</color>"
    },
    {
      "id": "816401_failure_1",
      "content": "<color=#ebcaa2>[{0}]</color> получает %{2} {1}/% и %{4} {3}/% до конца Сражения"
    },
    {
      "id": "816401_failure_2",
      "content": "<color=#ebcaa2>Все союзники получают %{1} {0}/% до конца Сражения</color>"
    },
    {
      "id": "816401_failure_3",
      "content": "Увеличивает порог Оглушения вдвое, включая данный эффект от Провокации Тремора, для <color=#ebcaa2>[{0}]</color>"
    }
  ]
}