﻿{
  "dataList": [
    {
      "id": 97100301,
      "title": "Танго страсти домашней птицы",
      "eventDesc": "Курица, держащая швейные принадлежности, умоляет цыплячьими глазами.\nКто-то должен это сделать. Эти глаза нельзя игнорировать.",
      "prevDesc": "",
      "behaveDesc": "У кого есть руки для этого задания?",
      "successDesc": [
        "{0} нерешительно шагнул вперёд.\n«М-м-м…»\nВзяв иголку с ниткой, Грешник сел за курицей.\nНеловкими, но осторожными руками начал зашивать шов обычным методом.\n«Киф.»\nК счастью, похоже, она не чувствует боли от иголки.\nКак только шов был закончен, она запрыгнула на колени к {0}, словно благодаря.\n«Киеех!»\n{0} был приятно озадачен."
      ],
      "failureDesc": [
        "{0} уверенно шагнул вперёд.\n«Посмотрим…»\nВзяв иголку с ниткой, Грешник сел за курицей.\nОднако, несмотря на первоначальную уверенность, стежки постепенно становились кривыми.\n«Киеерх!»\nПрежде чем {0} успел закончить, курица оттолкнула Грешника.\n«…Почему ты сам этого не сделал в первую очередь?»\nОна выхватила принадлежности обратно, чтобы зашить себя, а затем скрылась из виду.\n{0} остался озадачен."
      ]
    },
    {
      "id": 97101201,
      "title": "Выбор Чёрной Книги - Спасти мирных жителей.",
      "eventDesc": "",
      "prevDesc": "",
      "behaveDesc": "Кто сделает шаг вперёд?",
      "successDesc": [
        "«Чёрт побери…»\n\n«Что, чёрт возьми, случилось?! Я думала, мы их всех прогнали!»\n\nПосле изнурительной битвы {0} и Энду удалось победить или прогнать прихвостней Клана Курокумо.\n\n«…Моя благодарность тебе. Я рада, что мы смогли им помочь.»"
      ],
      "failureDesc": [
        "«Чёрт побери…»\n\n«Что, чёрт возьми, случилось?! Я думала, мы их всех прогнали!»\n\nПосле изнурительной битвы {0} и Энду удалось победить или прогнать прихвостней Клана Курокумо. Но…\n\n«…Ах.»\n\nВозможно, Энду ещё не полностью оправилась. Она получила некоторый урон в стычке.\n\n{0} также, кажется, получил несколько ударов, защищая раненую Энду.\n\n«Мои извинения…»\n\nЭнду пробормотала сквозь стиснутые зубы. В её голосе слышался оттенок стыда."
      ]
    },
    {
      "id": 97101203,
      "title": "Выбор Чёрной Книги - Сказать, что вы из Родословной Клинка.",
      "eventDesc": "",
      "prevDesc": "",
      "behaveDesc": "Кто сделает шаг вперёд и заговорит?",
      "successDesc": [
        "«Р-р-родос—»\n\nМирные жители тут же упали на колени и низко поклонились. Их голоса дрожат, когда они умоляют.\n\n«Простите нас, простите нас!»\n\n«Пожалуйста, помилуйте… Не убивайте нас…!»\n\nВ растерянной попытке {0} пытается сказать им, что у нас нет причин или намерений причинять им вред; но они отказываются слушать.\n\n«В-возьмите это, по крайней мере…»\n\nОни подняли руки с величайшим почтением. В их руках было нечто, похожее на книгу.\n\nПриглядевшись, мы поняли, что они передали нам заполненная тетрадь с чёрными обложками.\n\n«Пожалуйста, простите нас! Это всё, что у нас есть сейчас…»\n\nКак бы мы ни старались помочь им встать, страх уже прочно пригвоздил их к земле. Они даже не смеют поднять головы.\n\n…У нас не было выбора, кроме как оставить их как есть."
      ],
      "failureDesc": [
        "«…Это гадкая шутка, ребята~»\n\nВозможно, {0} звучал неловко, когда заявил, что он из Родословной Клинка. У гражданского дёрнулась бровь на мгновение, прежде чем он разразился смехом.\n\n«Почему бы им быть здесь, на этих улицах?»\n\n«Верно, верно. Кроме того, почему бы им помогать нам? Мы просто закрыли глаза, когда они…»\n\n«Эй! Тссс, следи за языком!»\n\n«А!»\n\nПосле обмена репликами, контекст которых был нам непонятен, они вдруг встрепенулись, словно поняли, что мы всё ещё стоим здесь.\n\n«Н-ну тогда… Спасибо за помощь в любом случае!»\n\n«Но не говорите такого, даже в шутку! Никогда не знаешь, что может случиться…»\n\nС этими словами мирные жители поспешно покинули место происшествия.\n\nЭто лишь испортило нам настроение, не так ли…"
      ]
    },
    {
      "id": 97101301,
      "title": "Ржавая рукоять - Владеть клинком значит Рубить им",
      "eventDesc": "",
      "prevDesc": "",
      "behaveDesc": "Кто поделится своим мнением?",
      "successDesc": [
        "«Слушай, слушай!»\n\nСамый громкий хохочет, поднимая свой стакан, полный алкоголя.\n\n«Я не утверждаю, что другие методы хуже! Я всего лишь утверждаю, что клинок, оружие с лезвием, создано для того, чтобы резать!»\n\nДвое других кивают с неохотным согласием.\n\n«Н-ну, если ты говоришь только о клинке и его части, конечно…»\n\n«Полагаю, обезглавливание не так уж отличается от проламывания черепа.»\n\n«Ха! Ты сделал мой день, друг. Вот, возьми!»\n\nЧеловек, проповедовавший превосходство Рубящего урона, хлопает тебя по спине и кладёт что-то в твои руки."
      ],
      "failureDesc": [
        "«Слушай, слушай!»\n\nСамый громкий хохочет, поднимая свой стакан, полный алкоголя.\n\n«И всё же…»\n\nВнезапно он перестает смеяться. Затем, с ужасающим выражением лица, он сверлит взглядом {0}.\n\n«Как ты, будучи сам практикующим боевые искусства, можешь обманывать себя и отказываться говорить мне свои истинные убеждения? У тебя нет стыда?»\n\n«Хватит, мужик! Снова пытаешься напугать невинных прохожих?»\n\nДвое собутыльников этого человека тащат {0} к своему столу с восторженным выражением лица.\n\n«Уверен, очарование мощного, одиночного Пронзающего удара было слишком сильным, чтобы отрицать! Я понимаю, понимаю!»\n\n«Ощущение удара Тупым предметом, проламывающего череп… не можешь им насытиться, да?»\n\nПара подбадривала {0} и наполнила его стакан алкоголем."
      ]
    },
    {
      "id": 97101401,
      "title": "Выбор Сломанного Клинка - Обнажение Меча",
      "eventDesc": "",
      "prevDesc": "",
      "behaveDesc": "Кто должен владеть мечом?",
      "successDesc": [
        "{0} взялся за меч.\n\n«…!»\n\nПотратив мгновение, чтобы успокоить дыхание, {0} обнажил клинок и Разрез очка разрубил нечто перед нами.\n\nЭто нечто захихикало, исчезая, почему-то находя эту ситуацию забавной…\n\nИ оставила после себя фрагменты клинка."
      ],
      "failureDesc": [
        "{0} взялся за меч.\n\n«…!»\n\nПотратив мгновение, чтобы успокоить дыхание, {0} обн—\n\n—Забудьте. Он не смог обнажить клинок и вместо этого уронил его на пол.\n\n…Кажется, он держал меч наоборот, порезав при этом собственную ладонь.\n\nЭто нечто исчезло, пока мы были заняты попытками остановить кровотечение из руки {0}."
      ]
    },
    {
      "id": 97101402,
      "title": "Выбор Сломанного Клинка - Позволить мечу висеть сбоку",
      "eventDesc": "",
      "prevDesc": "",
      "behaveDesc": "Кто должен владеть мечом?",
      "successDesc": [
        "{0} взялся за меч.\n\n«……»\n\n{0} без усилий обнажил меч, отбросил ножны и осторожно опустил его к своему боку, острием к земле.\n\nЭто нечто захихикало, исчезая, почему-то находя эту ситуацию забавной…\n\nИ оставила после себя сломанный клинок."
      ],
      "failureDesc": [
        "{0} взялся за меч.\n\n«……»\n\n{0} осторожно и без усилий обнажил меч—\n\n—Забудьте. Он не смог обнажить клинок и вместо этого уронил его на пол.\n\n…Кажется, он держал меч наоборот, порезав при этом собственную ладонь.\n\nЭто нечто исчезло, пока мы были заняты попытками остановить кровотечение из руки {0}."
      ]
    },
    {
      "id": 97101601,
      "title": "Выбор Красной Кисточки - Мелюзга",
      "eventDesc": "",
      "prevDesc": "",
      "behaveDesc": "Кто поговорит с ними?",
      "successDesc": [
        "«Ха!»\n\nЧеловек с мечом усмехается.\n\n«Ты отвечаешь мудростью на мой глупый вопрос. Подобные размышления действительно имеют очень мало значения в Городе.»\n\nОн смеётся ещё немного, на этот раз с энтузиазмом, затем отрывает кисточку от своего оружия, прежде чем передать её.\n\n«Мне понравился твой ответ. Если когда-нибудь окажешься в конфликте с Родословной Клинка, покажи им эту кисточку.»\n\n«Она тебе немного поможет, я могу это гарантировать.»\n\nС этими словами он махнул рукой и исчез в другом направлении."
      ],
      "failureDesc": [
        "«Слова истины.»\n\nОни оба кивают.\n\n«Но я не думаю, что ты достаточно мудр или способен говорить такую мудрость от всего сердца.»\n\nДвое неловко улыбаются, прежде чем повернуться и уйти.\n\nОставшись один, {0} посмотрел на землю с печальным выражением лица."
      ]
    },
    {
      "id": 97101701,
      "title": "Выбор Потёртой Бамбуковой Шляпы - Не это важно",
      "eventDesc": "",
      "prevDesc": "",
      "behaveDesc": "Кто заговорит?",
      "successDesc": [
        "Синие буквы медленно исчезают, и на их месте появляется новое слово.\n\n«Радость.»\n\nСлово остаётся там на мгновение, прежде чем преобразоваться и упасть на пол.\n\nОно превратилось в старую и потёртую бамбуковую шляпу."
      ],
      "failureDesc": [
        "Синие буквы медленно исчезают, и на их месте появляется новое слово.\n\n«Гнев.»\n\nСлово остаётся там на мгновение, прежде чем сгореть и исчезнуть.\n\n…Может быть, ему не понравился наш ответ?"
      ]
    },
    {
      "id": 97101702,
      "title": "Старая накидка Допо - Что верно, то верно",
      "eventDesc": "",
      "prevDesc": "",
      "behaveDesc": "Кто заговорит?",
      "successDesc": [
        "Синие буквы медленно исчезают, и на их месте появляется новое слово.\n\n«Наслаждение.»\n\nСлово остаётся там на мгновение, прежде чем преобразоваться и упасть на пол.\n\nОно превратилось в старую, потёртую накидку допо."
      ],
      "failureDesc": [
        "Синие буквы медленно исчезают, и на их месте появляется новое слово.\n\n«Печаль.»\n\nСлово остаётся там на мгновение, прежде чем сгореть и исчезнуть.\n\n…Может быть, ему не понравился наш ответ?"
      ]
    },
    {
      "id": 97102101,
      "title": "Осмотреть фабрику в общих чертах.",
      "eventDesc": "",
      "prevDesc": "",
      "behaveDesc": "Кто поможет?",
      "successDesc": [
        "Осмотревшись и немного подумав, {0} заметил, что станок на фабрике работал на высокой скорости.\n\n{0} говорит, что даже два часа сна могут создать чрезмерную нагрузку на других сотрудников…\n\nи даже могут негативно сказаться на производственных мощностях фабрики.\n\n«У тебя острый взгляд на проблемы.»\n\n«Вы все это слышали? Хватит отмазываться и возвращайтесь к работе.»\n\nВладелец фабрики сверлит взглядом сотрудника, который медленно спускался по лестнице, прежде чем передать нам что-то.\n\n«Я собирался выдать это в качестве награды за хорошую работу одному из моих сотрудников, но, полагаю, теперь не стану. Вот, можешь взять это.»"
      ],
      "failureDesc": [
        "{0} выразил недоумение по поводу того, что никто, включая самого сотрудника, кажется, не заметил, что сотрудник проспал целых два часа.\n\n«Тцк-тцк. Это негативно сказывается на имидже нашей фабрики.»\n\n«Ты уволен. Уходи.»\n\nЧто-то чувствовалось не так, но было уже поздно.\n\nСотрудник очень медленно упал на колени, со слезами на глазах, но владелец фабрики даже глазом не моргнул, прежде чем развернуться и покинуть комнату.\n\nМы остались наедине с медленным, мучительным воем сотрудника."
      ]
    },
    {
      "id": 97102102,
      "title": "Приглядеться к владельцу фабрики и сотруднику.",
      "eventDesc": "",
      "prevDesc": "",
      "behaveDesc": "Кто поможет?",
      "successDesc": [
        "Походив между ними некоторое время, прежде чем осознать, что продолжительность их дней совершенно разная.\n\nВ глазах владельца фабрики, который живёт восьмидесятичасовыми днями, могло показаться, будто сотрудник проспал целых два часа.\n\nНо для сотрудника, который живёт всего шестичасовыми днями, это был всего лишь девятиминутный сон. {0} передаёт эту информацию.\n\n«Хм. Сколько часов в день ты работаешь?»\n\n«П…ять… Ч…а…с…о…в…»\n\n«Хм, да. Звучит примерно так. Прощу тебя в этот раз, но будь осторожен, чтобы не совершить ту же ошибку дважды.»\n\nС этими словами владелец прошёл мимо сотрудника.\n\nСотрудник очень медленно поклонился нам в знак благодарности, прежде чем оставить что-то в наших руках."
      ],
      "failureDesc": [
        "{0} сказал, что сотрудник живёт более короткими днями, чем владелец.\n\n«И почему это должно меня волновать?»\n\n«Девять минут, два часа — никакой разницы. Ты всё равно решил подремать посреди рабочего дня. Ты уволен.»\n\nЧто-то было не так — но было уже поздно.\n\nСотрудник очень медленно упал на колени, со слезами на глазах, но владелец фабрики даже глазом не моргнул, прежде чем развернуться и покинуть комнату.\n\nМы остались наедине с медленным, мучительным воем сотрудника."
      ]
    },
    {
      "id": 97102201,
      "title": "",
      "eventDesc": "",
      "prevDesc": "",
      "behaveDesc": "Кто заговорит?",
      "successDesc": [
        "{0} утверждает, что в их расчётах что-то не так.\n\nДругие Грешники присоединяются, говоря, что им, вероятно, следует проверить эту сумму. Один из них отмечает, что поблизости, к счастью, есть Отдел Сбора.\n\nШепчущая толпа начинает расти вокруг суматохи, и Сборщик Времени в конце концов сдаётся.\n\n«Похоже, у вас нет часов.»\n\n«На твоём месте я бы держался подальше от неприятностей.»\n\nЯвно раздражённый помехой, Сборщик Времени что-то проворчал и ушёл; но не прежде, чем приклеить что-то к одежде Грешника."
      ],
      "failureDesc": [
        "{0} утверждает, что в их расчётах что-то не так.\n\nДругие Грешники присоединяются, говоря, что им, вероятно, следует проверить эту сумму. Один из них отмечает, что поблизости, к счастью, есть Отдел Сбора.\n\nШепчущая толпа начинает расти вокруг суматохи.\n\n«Похоже, у вас нет часов.»\n\n«Мало того, вы ещё и нарушаете спокойствие наших добропорядочных граждан. Мне придётся собрать ваши налоги.»"
      ]
    },
    {
      "id": 97102301,
      "title": "",
      "eventDesc": "",
      "prevDesc": "",
      "behaveDesc": "Кто вызовется?",
      "successDesc": [
        "Едва сумев догнать юношу, {0} спрашивает его, что так заставило его спешить.\n\nЮноша постоянно поглядывает на свои часы, явно нетерпеливо ожидая окончания вопроса {0}. Он продолжает ходить взад-вперёд.\n\n«Я должен работать быстро, чтобы выиграть больше времени!»\n\n«Владелец фабрики? Уверен, у него на десять часов жизни больше, чем у меня!»\n\n{0} наклоняется и спрашивает юношу: «На что ты собираешься потратить всё это время?»\n\n«С большим временем я могу использовать это время, чтобы работать дольше! Агх, я опаздываю! Нужно бежать, пока!»\n\nЮноша поспешно забегает в здание.\n\nМы так и не узнали, что он на самом деле хотел сделать со всем этим временем.\n\nПохоже, он что-то уронил в спешке…\n\nНо он уже слишком далеко, чтобы мы могли вернуть это."
      ],
      "failureDesc": [
        "Вам не удалось догнать юношу.\n\nНу что ж."
      ]
    },
    {
      "id": 97102302,
      "title": "",
      "eventDesc": "",
      "prevDesc": "",
      "behaveDesc": "Кто вызовется?",
      "successDesc": [
        "Вы спрашиваете старика: «Как вы можете так улыбаться, когда ясно, что у вас так мало времени?»\n\nСтарик мягко улыбается, прежде чем написать что-то на бумаге.\n\n«Жизнь — это не вопрос того, сколько у нас времени.»\n\n«Что действительно важно — это то, как мы используем время, которое нам дано.»\n\n«Как я могу иметь другое лицо, кроме улыбки, когда в этот момент мне предоставлен досуг в таком спешащем мире?»\n\nСтарик медленно оборачивается и уходит.\n\nПохоже, он что-то оставил.\n\nВы поднимаете взгляд, чтобы вернуть вещь старику… но он уже ушёл."
      ],
      "failureDesc": [
        "Вы спрашиваете старика: «Как вы можете так улыбаться, когда ясно, что у вас так мало времени?»\n\nСтарик мягко улыбается, прежде чем написать что-то на бумаге.\n\nУ нас нет времени на этот вздор.\n\nВы спешите по своему пути, оставляя старика позади."
      ]
    },
    {
      "id": 97102401,
      "title": "",
      "eventDesc": "",
      "prevDesc": "",
      "behaveDesc": "Кто доставит это?",
      "successDesc": [
        "Объединяйтесь!\n\nЮродивый достает несколько бутылок ликера, украденных у богатых, и выливает их на кучу чаш, всё время скандируя лозунги."
      ],
      "failureDesc": [
        "Это было очень неловкое представление.\n\nВсе внезапно бросают подозрительный взгляд в вашем направлении.\n\nВы придумываете нелепые оправдания о том, что вам нужно куда-то идти, прежде чем быстро ретироваться из укрытия."
      ]
    },
    {
      "id": 97102501,
      "title": "",
      "eventDesc": "",
      "prevDesc": "",
      "behaveDesc": "Кто заговорит?",
      "successDesc": [
        "Вы сделали всё, что могли, но ничего из этого не привело к значимому результату.\n\nОни не могут двигаться, и вы не можете физически прикоснуться к ним.\n\nНо вы находите подозрительно выглядящую квитанцию под ногой жертвы.\n\nЭто может быть зацепка."
      ],
      "failureDesc": [
        "Вы сделали всё, что могли, но ничего из этого не привело к значимому результату.\n\nОни не могут двигаться, и вы не можете физически прикоснуться к ним."
      ]
    }
  ]
}