﻿{
  "dataList": [
    {
      "id": 97106801,
      "title": "Наказать Хэйшоу ветви Ю.",
      "prevDesc": "",
      "eventDesc": "",
      "behaveDesc": "Кто даст совет?",
      "successDesc": [
        "«Значит, я должна забрать кинжал у Хэйшоу, потому что они не могут с ним ответственно обращаться, да?»\n\nСледуя совету {0}, Сичунь забрала кинжал у Хэйшоу.\n\n«Ваша воля — для меня закон, моя госпожа...»\n\nХэйшоу ветви Ю передал(а) кинжал с таким видом, будто отдавал(а) очень важную часть себя.\n\n«Я верну его тебе, когда ты хорошенько подумаешь над тем, что сделал(а) не так».\n\nСичунь, похоже, довольна."
      ],
      "failureDesc": [
        "«...Что? Это глупо».\n\nСичунь, явно недовольная советом {0}, приказывает Хэйшоу... отправиться под арест.\n\n«Ваша воля — для меня закон. Обещаю, подобное больше никогда не повторится».\n\nХэйшоу ветви Ю с радостью связал(а) себе руки.\n\n...Сичунь, похоже, не считает такое решение удовлетворительным."
      ]
    },
    {
      "id": 97106901,
      "title": "Подозрительная красная ткань",
      "prevDesc": "",
      "eventDesc": "",
      "behaveDesc": "Кто заговорит?",
      "successDesc": [
        "«Правда?.. Эту грязную тряпку?.. Ну, я могу отдать её тебе, если хочешь, но...»\n\nСичунь с радостью передала лоскут ткани {0} по его/её просьбе.\n\n«Ну, если тебе понадобится что-нибудь ещё, кроме этой жуткой красной тряпки, не стесняйся».\n\n...Некоторые Грешники тут же оживились, словно собираясь засыпать её списком требований, так что мне пришлось вмешаться. ...Что мне едва удалось.\n\nКрасная ткань уже была повязана на запястье {0}."
      ],
      "failureDesc": [
        "«Правда?.. Эту грязную тряпку?.. Ну, я могу отдать её тебе, если хочешь, но...»\n\nСичунь с радостью передала лоскут ткани {0} по его/её просьбе.\n\n«А?..»\n\nНо, как ни странно, лоскут ткани растаял в воздухе в тот самый момент, как {0} взял(а) его.\n\nЧто это было?"
      ]
    },
    {
      "id": 97107301,
      "title": "Кто-то сбыл снаряжение отряда Хэйшоу ветви У",
      "prevDesc": "",
      "eventDesc": "",
      "behaveDesc": "Кто выступит вперёд?",
      "successDesc": [
        "«Н-но я был уверен, что это снаряжение никому не принадлежит... агх, забудьте».\n\nТорговец, полностью обманутый словами {0}, бесплатно отдал нам снаряжение Хэйшоу.\n\n«Это... согласно подтверждённой информации, похоже на снаряжение ветви «У».\n\nПохоже, мы только что раздобыли утерянное снаряжение отряда Хэйшоу ветви У."
      ],
      "failureDesc": [
        "«Ах вы негодяи! Неужели вы думали, что сможете убедить меня такой ложью?!»\n\n«П-погодите, послушайте. Ты послушай сюда, приятель...»\n\nТорговец раскусил ложь {0} и пришёл в ярость.\n\nМы быстро скрылись, пока дело не приняло дурной оборот."
      ]
    }
  ]
}