﻿{
  "dataList": [
    {
      "id": 817301,
      "name": "",
      "subDesc": "",
      "desc": "\"Ты меня слышишь? Ты слышишь мой голос?!\"\n\nВнезапно я осознаю, что незнакомый голос эхом раздается прямо в моей голове.\n\n\"<Этот... этот звук идет напрямую через Золотую Ветвь?>\"\n\n\"... Ты тоже это слышишь, Часоголовый?\"\n\nЯ поворачиваюсь, чтобы посмотреть на Хитклифа. Он выглядит изможденным от затяжной битвы, как телом, так и духом.\n\nЗолотая Ветвь, когда-то пронзившая его грудь, была давно удалена после того, как мои часы повернулись...\n\n... но по какой-то причине её влияние, казалось, всё ещё оставалось.\n\n\"Кэтрин...?\"\n\nШепчет Хитклиф.",
      "options": [
        {
          "message": "Прислушаться.",
          "messageDesc": "",
          "result": [
            ""
          ]
        }
      ]
    },
    {
      "id": 817303,
      "name": "",
      "subDesc": "",
      "desc": "Моя голова снова наполняется голосом.\n\n\"Мне никогда не следовало вызывать эту Кэтрин сюда...\"\n\n\"Я думала... Я думала, что Хитклифу больше никогда не придется страдать, если не останется ни одной Кэтрин...\"\n\n\"... Но я должна была знать, что Хитклиф думал о том же самом...!\"\n\nЯ ощущаю её душераздирающую печаль.\n\n\"... Ах... Мне никогда не следовало убегать. Мне следовало поговорить с ней, вместо того чтобы убегать.\"\n\nХитклиф был прав. Каждое несказанное слово, каждая непроговорённая беседа только ещё больше разрывала их сердца... пока их слова не начали идти параллельно, никогда не сойдясь.\n\n\"Если бы я только мог вернуться...\"\n\n\"Неужели действительно нет выхода из этой ловушки, которую она для нас устроила...?\"",
      "options": [
        {
          "message": "Хитклиф кричит.",
          "messageDesc": "",
          "result": [
            ""
          ]
        }
      ]
    }
  ]
}