﻿{
  "dataList": [
    {
      "id": 10501,
      "name": "Проверка лодки",
      "subDesc": "",
      "desc": "Вскоре после отплытия...\n\n\"Ого!\"\n\n... Мы начали слышать, как что-то трясется под кораблем.\n\n\"Что это...?\"\n\n\"Воистину, под нашим кораблем может быть враг, который скрежется!\n\n\"... Да, это зловеще. Нам стоит это проверить.\"\n\nЧто нам делать?",
      "options": [
        {
          "message": "Проверить под кораблем.",
          "messageDesc": "Измаил получает 10 СД. Перейти к следующему выбору.",
          "result": [
            ""
          ]
        },
        {
          "message": "Мы не знаем, что произойдет, если мы это сделаем. Давайте останемся на месте.",
          "messageDesc": "Измаил теряет 10 СД. 50% шанс на Боевое Столкновение. Получить ЭГО Дар при победе",
          "result": [
            "\"Ты собираешься это игнорировать? Какого черта...\"\n\nРаздраженный Грешник собирался что-то сказать... но остановился. Возможно, он подумал, что это пустая трата усилий.\n\n\"... Звуки царапанья усиливаются.\"\n\nЧестно говоря, это не обычный корабль... так что, возможно, этот корабль просто время от времени издает звуки царапанья.\n\n\"... Оно прекратилось.\"\n\n\"Иногда бездействие тоже может быть решением.\"\n\nЧерез несколько минут звуки царапанья прекратились.\n\n... Похоже, это был не корабль, который издавал шум. Нам повезло.",
            "\"Ты собираешься это игнорировать? Какого черта...\"\n\nРаздраженный Грешник собирался что-то сказать... прежде чем остановиться. Возможно, он подумал, что это пустая трата усилий.\n\n\"... Звуки царапанья усиливаются.\"\n\nЧестно говоря, это не обычный корабль... так что, возможно, этот корабль просто время от времени издает звуки царапанья.\n\nЕсли нет...\n\n\"Подождите, это напоминает мне. Пиратские корабли...\"\n\n\"Полагаю, вот для чего были нужны те шипы.\"\n\nЗвуки царапанья продолжают усиливаться, пока не перемещаются к борту корабля. Вскоре источник звуков царапанья раскрывает себя.\n\n... Русалки.\n\n\"Черт, нам следовало проверить.\"\n\nМне нечего было сказать на это.\n\nНам пришлось сражаться."
          ]
        }
      ]
    },
    {
      "id": 10504,
      "name": "Артерия",
      "subDesc": "",
      "desc": "Это должна быть та артерия, о которой говорил Ахав. Как только мы разрежем эту штуку... наш путь к центру сердца откроется.",
      "options": [
        {
          "message": "Разрезать артерию.",
          "messageDesc": "Перейти к следующему выбору",
          "result": [
            ""
          ]
        }
      ]
    },
    {
      "id": 10505,
      "name": "Ящики с припасами",
      "subDesc": "",
      "desc": "\"Это... деревянный ящик?\"\n\nГрешники обнаружили беспорядочно разбросанную кучу ящиков.\n\n\"Судя по их внешнему виду, можно предположить, что они предназначались для использования в качестве ящиков с припасами.\"\n\nНа некоторых ящиках нарисован логотип Пиратов Двукрюков. На некоторых - логотип Команды До.\n\nКит, должно быть, проглотил и эти ящики тоже.\n\n\"Мудро было бы запастись некоторыми из них в качестве провизии!\"\n\nВерно. Мы не знаем, что случится, когда мы доберемся до сердца.\n\nСтоит ли нам взять некоторые из них, на всякий случай?",
      "options": [
        {
          "message": "Порыться в ящиках с припасами.",
          "messageDesc": "Перейти к следующему выбору.",
          "result": [
            ""
          ]
        },
        {
          "message": "Уйти.",
          "messageDesc": "Ничего не произошло.",
          "result": [
            "Ничего хорошего никогда не выходит из возни с подозрительными предметами вроде этих.\n\nМы оставили комнату как есть."
          ]
        }
      ]
    },
    {
      "id": 810601,
      "name": "Ахав",
      "subDesc": "",
      "desc": "\"Я потерпела неудачу.\"\n\n\"<...!>\"\n\nЭто иллюзия? Или... это тоже Измаил?\n\nПозади Капитана появляется силуэт Измаил, заключенный в той бледной мембране.\n\n\"Я ничего не смогла решить. Я во всем потерпела неудачу.\"\n\n\"Все, что я смогла сделать, это выжить. Жалкая, и никчемная. Цепляясь за гроб моего дорогого друга.\"\n\nКапитан безумно хохочет. \"Именно, Измаил! Ты никого не смогла спасти! Ни свою команду! Ни своего друга! Никого!\"\n\n\"И ты снова сдашься. Потому что ты боишься! Ты сдашься еще до того, как начнешь!\"\n\nГрешники начинают волноваться.\n\n\"Этот чертов ублюдок...!\"\n\n\"Не слушай ее, Измаил! О-она не знает, о чем говорит!\n\n\"<......>\"\n\nМенеджер хранит молчание.\n\nЗатем произносит.",
      "options": [
        {
          "message": "Это не Измаил.",
          "messageDesc": "Перейти к следующему выбору.",
          "result": [
            ""
          ]
        }
      ]
    }
  ]
}