﻿{
  "dataList": [
    {
      "id": "MDcFaBa",
      "name": "Усиление Изжоги",
      "desc": "Наносит +1 Изжога при использовании Навыков"
    },
    {
      "id": "MDcFaBb",
      "name": "Усиление Кетчупа",
      "desc": "Наносит +1 Кетчуп при использовании Навыков"
    },
    {
      "id": "MDcFaBc",
      "name": "Усиление Тряски",
      "desc": "Накладывает +1 Тряску при использовании навыков"
    },
    {
      "id": "MDcFaBd",
      "name": "Дополнительный Зеленка",
      "desc": "Наносит +1 дополнительный Зеленка умениями"
    },
    {
      "id": "MDcFaBe",
      "name": "Усиление Депрессии",
      "desc": "Наносит +1 Депрессию при использовании Навыков"
    },
    {
      "id": "MDcFaBf",
      "name": "Усиление Рубящего урона",
      "desc": "Рубящий урон +15%"
    },
    {
      "id": "MDcFaBg",
      "name": "Усиление Пронзающего урона",
      "desc": "Пронзающий урон +15%"
    },
    {
      "id": "MDcFaBh",
      "name": "Усиление Дробящего урона",
      "desc": "Дробящий урон +15%"
    },
    {
      "id": "MDcFbBa",
      "name": "Повышение сопротивления к стихиям (кроме Гнева)",
      "desc": "Сопротивление ко всем стихиям -0,1 (кроме Гнева)"
    },
    {
      "id": "MDcFbBb",
      "name": "Повышение сопротивления к стихиям (кроме Похоти)",
      "desc": "Сопротивление ко всем стихиям -0,1 (кроме Похоти)"
    },
    {
      "id": "MDcFbBc",
      "name": "Повышение сопротивления к стихиям (кроме Лени)",
      "desc": "Сопротивление ко всем стихиям -0,1 (кроме Лени)"
    },
    {
      "id": "MDcFbBd",
      "name": "Повышение сопротивления к стихиям (кроме Чревоугодия)",
      "desc": "Сопротивление ко всем стихиям -0,1 (кроме Чревоугодия)"
    },
    {
      "id": "MDcFbBe",
      "name": "Повышение сопротивления к стихиям (кроме Уныния)",
      "desc": "Сопротивление ко всем стихиям -0,1 (кроме Уныния)"
    },
    {
      "id": "MDcFbBf",
      "name": "Повышение сопротивления к стихиям (кроме Гордыни)",
      "desc": "Сопротивление ко всем стихиям -0,1 (кроме Гордыни)"
    },
    {
      "id": "MDcFbBg",
      "name": "Повышение сопротивления к стихиям (кроме Зависти)",
      "desc": "Сопротивление ко всем стихиям -0,1 (кроме Зависти)"
    },
    {
      "id": "MDcFbBh",
      "name": "Повышение максимальных HP",
      "desc": "Макс. HP +15%"
    },
    {
      "id": "MDcFcBa",
      "name": "Повышение веса слота",
      "desc": "Вес слота +1"
    },
    {
      "id": "MDcFcBb",
      "name": "Вампиризм",
      "desc": "При попадании восстанавливает 5% от нанесенного урона в виде HP"
    },
    {
      "id": "MDcFcBc",
      "name": "Повышение скорости",
      "desc": "Макс. скорость +1"
    },
    {
      "id": "MDcFcBd",
      "name": "Атака рассудка",
      "desc": "При попадании наносит 2 фиксированного урона по SP"
    },
    {
      "id": "MDcFcBe",
      "name": "Проницательность",
      "desc": "В начале хода получает 1 Усиление урона, если этот персонаж нанес урон хотя бы раз в прошлом ходу"
    },
    {
      "id": "MDcFcBf",
      "name": "Перегруппировка",
      "desc": "В начале хода получает 3 Повышения уровня атаки, если этот персонаж не получал урон по ЗД в прошлом ходу"
    },
    {
      "id": "MDcFcBg",
      "name": "Усиление неблокируемой атаки",
      "desc": "Итоговая сила +1 для неблокируемых атак"
    },
    {
      "id": "MDcFcBh",
      "name": "Усиление атаки в поединке",
      "desc": "Финальная мощность +1 в поединке"
    },
    {
      "id": "MDHcFaBa",
      "name": "Повышение уровня защиты",
      "desc": "Уровень защиты +4"
    },
    {
      "id": "MDHcFaBb",
      "name": "Повышение силы защиты",
      "desc": "Основная сила навыков защиты +2"
    },
    {
      "id": "MDHcFaBc",
      "name": "Повышение максимальных HP",
      "desc": "Макс. HP +10%"
    },
    {
      "id": "MDHcFaBd",
      "name": "Снижение получаемого урона",
      "desc": "Получаемый урон -10%"
    },
    {
      "id": "MDHcFbBa",
      "name": "Повышение уровня атаки",
      "desc": "Уровень атаки +3, Макс. HP +5%"
    },
    {
      "id": "MDHcFbBb",
      "name": "Повышение итоговой силы",
      "desc": "Итоговая сила +1, Макс. HP +5%"
    },
    {
      "id": "MDHcFbBc",
      "name": "Повышение основной силы",
      "desc": "Основная сила +1, Макс. HP +5%"
    },
    {
      "id": "MDHcFbBd",
      "name": "Повышение наносимого урона",
      "desc": "Наносимый урон +15%, Макс. HP +5%"
    },
    {
      "id": "MDHcFcBa",
      "name": "Повышение итоговой силы I",
      "desc": "Итоговая сила +1, Макс. HP +15%"
    },
    {
      "id": "MDHcFcBb",
      "name": "Повышение итоговой силы II",
      "desc": "Итоговая сила +2, Уровень защиты -4, Макс. HP +15%"
    },
    {
      "id": "MDHcFcBc",
      "name": "Повышение основной силы I",
      "desc": "Основная сила +1, Макс. HP +10%"
    },
    {
      "id": "MDHcFcBd",
      "name": "Повышение основной силы II",
      "desc": "Основная сила +2, Уровень защиты -4, Макс. HP +10%"
    },
    {
      "id": "MDHcFcBe",
      "name": "Усиление монетной силы I",
      "desc": "Сила положительных монет +1, сила отрицательных монет -1"
    },
    {
      "id": "MDHcFcBf",
      "name": "Перегрузка I",
      "desc": "Уровень атаки +7, Уровень защиты -7"
    },
    {
      "id": "MDHcFdBa",
      "name": "Повышение итоговой силы III",
      "desc": "Итоговая сила +2, Уровень защиты +6, Макс. HP +10%"
    },
    {
      "id": "MDHcFdBb",
      "name": "Повышение итоговой силы IV",
      "desc": "Итоговая сила +3, Макс. HP +10%"
    },
    {
      "id": "MDHcFdBc",
      "name": "Усиление монетной силы II",
      "desc": "Сила положительных монет +1, сила отрицательных монет -1, Макс. HP +15%"
    },
    {
      "id": "MDHcFdBd",
      "name": "Повышение основной силы III",
      "desc": "Основная сила +2, Уровень защиты +3, Макс. HP +10%"
    },
    {
      "id": "MDHcFdBe",
      "name": "Перегрузка II",
      "desc": "Уровень атаки +10, Уровень защиты -7"
    },
    {
      "id": "MDHcFdBf",
      "name": "Стойкость",
      "desc": "Макс. HP +25%, Уровень защиты +5"
    },
    {
      "id": "MDHcFdBg",
      "name": "Упрямство",
      "desc": "Наносимый урон +50%, Получаемый урон -50%"
    }
  ]
}