{
  "dataList": [
    {
      "id": "FusionVibration",
      "name": "Наложение амплитуд",
      "desc": "· Накладывает амплитуды особых видов <sprite name=\"Vibration\"><color=#e30000><u><link=\"Vibration\">Тряски</link></u></color> <b>друг на друга</b>, образуя <sprite name=\"VibrationNesting\"><color=#e30000><u><link=\"VibrationNesting\">Тряска — Суперпозицию</link></u></color>\n· При попытке <sprite name=\"Switch_Vibration\"><color=#9f6a3a><u><link=\"Switch_Vibration\">Преобразовать амплитуду</link></u></color> на <sprite name=\"VibrationNesting\"><color=#e30000><u><link=\"VibrationNesting\">Тряске — Суперпозиции</link></u></color>, вместо этого происходит <sprite name=\"FusionVibration\"><color=#9f6a3a><u><link=\"FusionVibration\">Наложение амплитуд</link></u></color>\n\n「<sprite name=\"VibrationNesting\"><color=#e30000><u><link=\"VibrationNesting\">Тряска — Суперпозиция</link></u></color>:\n· Содержит в себе все эффекты особых видов <sprite name=\"Vibration\"><color=#e30000><u><link=\"Vibration\">Тряски</link></u></color>, которые были или нанеслись с <sprite name=\"FusionVibration\"><color=#9f6a3a><u><link=\"FusionVibration\">Наложением амплитуд</link></u></color>」",
      "summary": ""
    },
    {
      "id": "VibrationNesting",
      "name": "Тряска — Суперпозиция",
      "desc": "Сочетает в себе все эффекты особых видов <sprite name=\"Vibration\"><color=#e30000><u><link=\"Vibration\">Тряски</link></u></color>, которые были или нанеслись с <sprite name=\"FusionVibration\"><color=#9f6a3a><u><link=\"FusionVibration\">Наложением амплитуд</link></u></color>",
      "summary": "",
      "undefined": "-"
    },
    {
      "id": "VibrationDistribution",
      "name": "Тряска — Распределение",
      "desc": "· В конце хода получает (Сумма счетчика <sprite name=\"Vibration\"><color=#e30000><u><link=\"Vibration\">Тряски</link></u></color> всех союзников / число живых союзников) <sprite name=\"AttackUp\"><color=#f8c200><u><link=\"AttackUp\">Повышений уровня атаки</link></u></color> на следующий ход (До 5)\n※ Сохраняет все остальные свойства обычного <sprite name=\"Vibration\"><color=#e30000><u><link=\"Vibration\">Тряски</link></u></color>",
      "summary": "",
      "undefined": "-"
    },
    {
      "id": "TcorpSpecialInvestigator",
      "name": "Значок Особого следователя Корп. T",
      "desc": "· После получения смертельного урона впервые за битву ОЗ не могут упасть ниже 1, после чего они восстанавливаются до 80%\n· После своей активации, начиная со следующего хода, получает 2 <sprite name=\"ResultEnhancement\"><color=#f8c200><u><link=\"ResultEnhancement\">Повышения силы</link></u></color> в течение 5 ходов",
      "summary": "",
      "undefined": "-"
    },
    {
      "id": "VibrationChain",
      "name": "Тряска — Цепи",
      "desc": "· <b>Теряет</b> 1 <b>Силу в столкновении</b> за каждые 10 <sprite name=\"VibrationChainPersonality\"><color=#e30000><u><link=\"VibrationChainPersonality\">Тряски</link></u></color> на себе (До 3)\n※ Сохраняет все остальные свойства обычного <sprite name=\"Vibration\"><color=#e30000><u><link=\"Vibration\">Тряски</link></u></color>",
      "summary": "",
      "undefined": "-"
    },
    {
      "id": "TimeRentalTwo",
      "name": "Одолженное время Корп. T",
      "desc": "В конце хода потенциал повышается на 1, а счетчик понижается на 1\n\nВ конце хода:\n· Получает (Счетчик эффекта - 1) <sprite name=\"Agility\"><color=#f8c200><u><link=\"Agility\">Спешки</link></u></color>, <sprite name=\"ParryingResultUp\"><color=#f8c200><u><link=\"ParryingResultUp\">Повышений силы в столкновении</link></u></color> и <sprite name=\"Vulnerable\"><color=#e30000><u><link=\"Vulnerable\">Уязвимостей</link></u></color> на следующий ход\n· Если количество <sprite name=\"Binding\"><color=#e30000><u><link=\"Binding\">Поноса</link></u></color> превышает количество <sprite name=\"Agility\"><color=#f8c200><u><link=\"Agility\">Спешки</link></u></color>, <sprite name=\"TimeRentalTwo\"><color=#f8c200><u><link=\"TimeRentalTwo\">Одолженное время</link></u></color> прекращает свое действие, оглушая носителя\n\nКогда счетчик достигает 1 к концу хода:\n· Получает ((Потенциал эффекта -1) × 2) <sprite name=\"Binding\"><color=#e30000><u><link=\"Binding\">Поноса</link></u></color> на следующий ход вместо тех эффектов",
      "summary": "",
      "undefined": "-"
    },
    {
      "id": "TimeAccumulation",
      "name": "Накопление времени",
      "desc": "В конце хода понижается на 1\n\n· Пока эффект в действии, урон накапливается без снижения ОЗ\n· Если к концу хода значение равняется 1, наносит двойное количество накопленного урона в виде урона Леностю\n· Значение эффекта не может измениться другими факторами",
      "summary": "",
      "undefined": "-"
    },
    {
      "id": "ParryingResultDown",
      "name": "Понижение силы в столкновении",
      "desc": "Во время столкновения его сила понижается на количество эффекта",
      "summary": "",
      "undefined": "-"
    },
    {
      "id": "ParryingResultUp",
      "name": "Повышение силы в столкновении",
      "desc": "Во время столкновения его сила повышается на количество эффекта",
      "summary": "",
      "undefined": "-"
    },
    {
      "id": "LimitedTime",
      "name": "Украденное время",
      "desc": "· Если в начале хода значение равно или превышает 200, получает ((Значение - 200) / 50) <sprite name=\"AttackUp\"><color=#f8c200><u><link=\"AttackUp\">Повышений уровня атаки</link></u></color> и <sprite name=\"DefenseUp\"><color=#f8c200><u><link=\"DefenseUp\">Повышений уровня защиты</link></u></color>\n· Если в начале хода значение менее 200, получает ((200 - Значение) / 50) <sprite name=\"AttackDown\"><color=#e30000><u><link=\"AttackDown\">Понижений уровня атаки</link></u></color> и <sprite name=\"DefenseDown\"><color=#e30000><u><link=\"DefenseDown\">Понижений уровня защиты</link></u></color>",
      "summary": "",
      "undefined": "-"
    },
    {
      "id": "OwnTime",
      "name": "Распределенное время",
      "desc": "· Если в начале хода значение равно или превышает 40, получает ((Значение - 40) / 10) <sprite name=\"AttackUp\"><color=#f8c200><u><link=\"AttackUp\">Повышений уровня атаки</link></u></color> и <sprite name=\"DefenseUp\"><color=#f8c200><u><link=\"DefenseUp\">Повышений уровня защиты</link></u></color>\n· Если в начале хода значение менее 40, получает ((40 - Значение) / 10) <sprite name=\"AttackDown\"><color=#e30000><u><link=\"AttackDown\">Понижений уровня атаки</link></u></color> и <sprite name=\"DefenseDown\"><color=#e30000><u><link=\"DefenseDown\">Понижений уровня защиты</link></u></color>",
      "summary": "",
      "undefined": "-"
    },
    {
      "id": "EquitableDistribution",
      "name": "Издержки распределенного времени",
      "desc": "При трате <sprite name=\"OwnTime\"><color=#9f6a3a><u><link=\"OwnTime\">Распределенного времени</link></u></color> все Мозги тратят одинаковое количество",
      "summary": "",
      "undefined": "-"
    },
    {
      "id": "UnfairDistribution",
      "name": "Распри",
      "desc": "· При трате <sprite name=\"OwnTime\"><color=#9f6a3a><u><link=\"OwnTime\">Распределенного времени</link></u></color> все Мозги теперь тратят его вразнобой\n· В начале хода все части теряют <sprite name=\"Protection\"><color=#f8c200><u><link=\"Protection\">Защищенность</link></u></color> по числу частей, имеющих разное количество <sprite name=\"OwnTime\"><color=#9f6a3a><u><link=\"OwnTime\">Распределенного времени</link></u></color>",
      "summary": "",
      "undefined": "-"
    },
    {
      "id": "TimeAcceleration",
      "name": "Ускорение времени",
      "desc": "· Скорость повышается на 5\n· Атаки усиливаются\n· Получает 1 <sprite name=\"Vulnerable\"><color=#e30000><u><link=\"Vulnerable\">Уязвимость</link></u></color>\n· Повышение границ выносливости при <sprite name=\"VibrationExplosion\"><color=#e30000><u><link=\"VibrationExplosion\">Потрясения сучки</link></u></color> или эффектами навыков или монет увеличивается на 50%",
      "summary": "",
      "undefined": "-"
    },
    {
      "id": "Yurodivy_LowMorale",
      "name": "Расколотое единство (Низкий дух)",
      "desc": "· Получает 1 <sprite name=\"Vulnerable\"><color=#e30000><u><link=\"Vulnerable\">Уязвимость</link></u></color>\n· При получении урона свой счетчик <sprite name=\"Vibration\"><color=#e30000><u><link=\"Vibration\">Тряски</link></u></color> повышается на 1 (До 3)",
      "summary": "",
      "undefined": "-"
    },
    {
      "id": "Yurodivy_Panic",
      "name": "Расколотое единство (Ахуй)",
      "desc": "· Получает 2 <sprite name=\"Vulnerable\"><color=#e30000><u><link=\"Vulnerable\">Уязвимости</link></u></color>\n· При получении урона свой счетчик <sprite name=\"Vibration\"><color=#e30000><u><link=\"Vibration\">Тряски</link></u></color> повышается на 2 (До 3)",
      "summary": "",
      "undefined": "-"
    },
    {
      "id": "TimeKillerWatch",
      "name": "Цель спасения времени",
      "desc": "Становится целью Потрошителя времени, пока его <sprite name=\"TimeAcceleration\"><color=#9f6a3a><u><link=\"TimeAcceleration\">Ускорение времени</link></u></color> активно",
      "summary": "",
      "undefined": "-"
    },
    {
      "id": "UltraPrecisionTimeAcceleration",
      "name": "Microprecision Time Acceleration",
      "desc": "This unit gains base Min and Max Speed by Stack\nSkills that inflict Tremor Potency, Count, or trigger Tremor Burst: gain Base Power +(Stack), deal +(Stack x 10)% damage against enemies, and when raising Stagger Thresholds via Tremor Burst, increase the amount raised by (Stack x 10)% (including E.G.O Skills)\nReduced by 1 at Turn End\nAt 1 Stack, the Stack does not drop below 0, and is maintained through the Encounter.",
      "summary": "",
      "undefined": "-"
    }
  ]
}