{
  "dataList": [
    {
      "id": "battle_speechbubble_cromer_1",
      "desc": "말풍선 특수 대사_크로머",
      "dlg": "А ты... И правда...\nМой Нфембойчик?"
    },
    {
      "id": "battle_speechbubble_10808_1",
      "desc": "말풍선 특수 대사_피쿼드호 선장 이스마엘",
      "dlg": "Это все моя вина, говоришь? Какая вина?\nЯ уверен, что это все благодаря мне."
    },
    {
      "id": "battle_speechbubble_10408_1",
      "desc": "말풍선 특수 대사_에드가 가문 치프 버틀러 료슈",
      "dlg": "Г.Р.У.С.Т.Ь\nТы - это ошибка"
    },
    {
      "id": "battle_react_10710_1",
      "desc": "말풍선 특수 대사_와일드헌트 히스클리프",
      "dlg": "Какое низкокачественное обслуживание!"
    },
    {
      "id": "battle_react_10710_2",
      "desc": "말풍선 특수 대사_와일드헌트 히스클리프",
      "dlg": "... Я выколю твои\nпрезрительные глаза."
    },
    {
      "id": "battle_react_10710_3",
      "desc": "말풍선 특수 대사_와일드헌트 히스클리프",
      "dlg": "Все еще не дошло?\nЧто ты... просто добыча!"
    },
    {
      "id": "battle_react_10710_4",
      "desc": "말풍선 특수 대사_와일드헌트 히스클리프",
      "dlg": "Ты что, совсем долбоеб?\nОх, разве ты мог забыть\nтот день, когда я занял твое место?! ХАХАХАХ!"
    },
    {
      "id": "battle_react_10710_5",
      "desc": "말풍선 특수 대사_와일드헌트 히스클리프",
      "dlg": "Хмф, остолопы смеют\n обножать свои ножи на меня?"
    },
    {
      "id": "battle_react_10710_6",
      "desc": "말풍선 특수 대사_와일드헌트 히스클리프",
      "dlg": "Пиво...?! Это я, Цыган...!\nПожалуйста, обними меня снова!!!"
    },
    {
      "id": "battle_react_10710_7",
      "desc": "말풍선 특수 대사_와일드헌트 히스클리프",
      "dlg": "Не имеет значения, какой ты Цыган!\nЯ приму каждую каплю пива в свой рот!!!"
    },
    {
      "id": "battle_react_10310_10",
      "desc": "말풍선 특수 대사_라만차랜드 실장 돈키호테",
      "dlg": "... Ты бросила свою мечту ради семьи? \nТа, кто постоянно твердила о мечтах \n..как никто другой...?"
    },
    {
      "id": "battle_react_10310_11",
      "desc": "말풍선 특수 대사_라만차랜드 실장 돈키호테",
      "dlg": "Нет... она не похожа на мою сестру."
    },
    {
      "id": "battle_react_10310_12",
      "desc": "말풍선 특수 대사_라만차랜드 실장 돈키호테",
      "dlg": "Смеешь обнажать свой меч против высшего рода? \nЗа этот поступок тебя ждет наказание \n... И для меня тоже, я полагаю..."
    },
    {
      "id": "battle_react_10310_13",
      "desc": "말풍선 특수 대사_라만차랜드 실장 돈키호테",
      "dlg": "Эти раны... Жреца этого мира, должно быть, точно так же преследует чувство вины."
    },
    {
      "id": "battle_1137_FirstKill",
      "desc": "말풍선 특수 대사_가치우_첫킬",
      "dlg": "Я ожидаю, что в этой решающей борьбе ты будешь сражаться насмерть,\nкакими бы обратимыми они ни были."
    },
    {
      "id": "8SV-015",
      "desc": "가치우사용 시 대사 ",
      "dlg": "Unearth it."
    },
    {
      "id": "8SV-016",
      "desc": "가치우홍루 강제 타겟팅 1",
      "dlg": "It must lie there still, shrouded it may be."
    },
    {
      "id": "8SV-017",
      "desc": "가치우홍루 강제 타겟팅 2",
      "dlg": "Shall it remain buried still?"
    },
    {
      "id": "8SV-018",
      "desc": "가치우홍루 강제 타겟팅 합 패배",
      "dlg": "Demonstrate to me your will."
    },
    {
      "id": "8SV-019",
      "desc": "가치우홍루 강제 타겟팅 합 승리",
      "dlg": "The mass of pain within your heart... is difficult to untangle."
    },
    {
      "id": "8SV-020",
      "desc": "가치우광역기 사용시",
      "dlg": "Is it your companions who hold your tongue?\nThen... perhaps they must be shaken afore\nyou are to speak your truth."
    },
    {
      "id": "8SV-021",
      "desc": "가치우광역기  합 패배 후 다음턴",
      "dlg": "Do not fear the futility. There will be time for that once you have spoken your mind."
    },
    {
      "id": "8SV-022",
      "desc": "가치우대상 처치시",
      "dlg": "Rest awhile... until the clock turns."
    },
    {
      "id": "8SV-023",
      "desc": "가치우묘 부리기",
      "dlg": "Кастрируй их. Мао."
    },
    {
      "id": "8SV-024",
      "desc": "가치우자로 소환",
      "dlg": "Послушай меня, Зилу."
    },
    {
      "id": "8SV-025",
      "desc": "뇌횡",
      "dlg": "Ха... А вы не настолько хуевы!\nНо до моей пиздатости вам еще далеко!"
    },
    {
      "id": "8SV-026",
      "desc": "뇌횡사용 시: 탄환 충분 - 강력한 스킬",
      "dlg": "Смотрите сюда, ребзи!\nНе потеряйте свои любимые бошки!"
    },
    {
      "id": "8SV-027",
      "desc": "뇌횡사용 시: 탄환 부족 - 강력한 스킬",
      "dlg": "Вы че, настолько слабы?"
    },
    {
      "id": "8SV-028",
      "desc": "뇌횡턴 시작 : 매우 강력한 스킬",
      "dlg": "Я хочу пиздануть вас посильнее.\nНе умрите от моей атаки, чтобы я не потерял удовольствие!"
    },
    {
      "id": "8SV-029",
      "desc": "뇌횡합 승리 : 매우 강력한 스킬",
      "dlg": "Че случилось?\nВы чего, уже все сдулись?"
    },
    {
      "id": "8SV-030",
      "desc": "뇌횡턴 시작 : [체력 n% 이하]에 버프 획득",
      "dlg": "М, интересно...\nА вы разожгли во мне огонек!"
    },
    {
      "id": "8SV-031",
      "desc": "뇌횡사용 시 : [체력 n% 이하] 필살기(",
      "dlg": "Тхер вилл би блад-шед!\nМэн ин де миррор нодс хис хед!"
    },
    {
      "id": "8SV-032",
      "desc": "뇌횡턴 시작 : [체력 n% 이하]에 버프 변경",
      "dlg": "Танец уже начат.\nПути обратно нет!"
    },
    {
      "id": "8SV-034",
      "desc": "가환E.G.O 침식률 n 이상",
      "dlg": "Can't waste any more time on these...\n... sickening, revolting insects."
    },
    {
      "id": "8SV-035",
      "desc": "가환홍루메인타겟",
      "dlg": "Don’t pretend you’ve changed.\nYou’re still the same trash you were back then... scum!"
    },
    {
      "id": "8SV-036",
      "desc": "가환경멸나선모드",
      "dlg": "... Is this also the E.G.O's power?"
    },
    {
      "id": "8SV-037",
      "desc": "가환광역기사용시",
      "dlg": "Behold! This contempt!\nIt rains down upon the disgusting filth!"
    },
    {
      "id": "8SV-038",
      "desc": "가환전투시작 : n인이상이 자신을 타겟",
      "dlg": "Foolishness."
    },
    {
      "id": "8SV-039",
      "desc": "구보E.G.O 침식률 10 이상",
      "dlg": "You have taken a glimpse of yesterday's spring.\nA memory rarely availed to even myself."
    },
    {
      "id": "8SV-040",
      "desc": "구보난사 패턴 진입",
      "dlg": "Do not let your past ties ruin your judgment.\nIt makes me want to blast them all away."
    },
    {
      "id": "8SV-041",
      "desc": "구보아군 살해 패턴 진입",
      "dlg": "Sacrifices are necessary\nin pursuit of the greater cause."
    },
    {
      "id": "8SV-042",
      "desc": "구보체력 n% 미만 / 경멸 나선 모드 감상",
      "dlg": "... Whew. That worked."
    },
    {
      "id": "8SV-051",
      "desc": "가모사용 시 : 홍루 가두기",
      "dlg": "Fulfill your worth!"
    },
    {
      "id": "8SV-052",
      "desc": "가모사용 시 : 홍루 가두기 실패",
      "dlg": "Ахуел!?"
    },
    {
      "id": "8SV-053",
      "desc": "가모턴 시작 : 보옥 생성",
      "dlg": "Oh, revered Xianren! Shi Miyin brought the gem back!\nThe pretty gem that'll make Hongyuan all beautiful again…!"
    },
    {
      "id": "8SV-054",
      "desc": "가모턴 시작 : 보옥 파괴",
      "dlg": "Blasphemous transgressors!\nOutsiders shall not covet the treasure of Daguanyuan!"
    },
    {
      "id": "8SV-055",
      "desc": "가모사용 시 : 버프 받기",
      "dlg": "You favor me, don't you?\nI knew you would, dear Xianhuang Worm!"
    },
    {
      "id": "8SV-056",
      "desc": "가모가마 체력 0",
      "dlg": "БЛЯДИНА!!!!!!"
    },
    {
      "id": "8SV-057",
      "desc": "가모사용 시 : 어르신 나무 소환",
      "dlg": "All the wisdom of Hongyuan...\nGive it to me, give it to Miyin...!"
    },
    {
      "id": "8SV-058",
      "desc": "가모사용 시 : 어르신 나무 흡수",
      "dlg": "Be one with the fathomless history of Hongyuan!"
    },
    {
      "id": "8SV-059",
      "desc": "가모턴 시작 : 지고한 불사 흐트러짐 실패",
      "dlg": "We have transcended the yoke of life and death...\nThus, Hongyuan shall shine for all eternity as well!"
    },
    {
      "id": "8SV-060",
      "desc": "가모턴 시작 : 지고한 불사 흐트러짐",
      "dlg": "Ahh... What a shameful failure of duties this is..."
    },
    {
      "id": "8SV-061",
      "desc": "가모사용 시 : 강한 광역기",
      "dlg": "Ты подчинишься нам!"
    },
    {
      "id": "6SV-018-02",
      "desc": "증오의 여왕 피격",
      "dlg": "Сучара...!"
    },
    {
      "id": "6SV-019-003",
      "desc": "증오의 여왕 타격",
      "dlg": "Бью с любовью!"
    },
    {
      "id": "6SV-019-004",
      "desc": "증오의 여왕 타격",
      "dlg": "Во имя толстых пенисов!"
    },
    {
      "id": "6SV-020-001",
      "desc": "증오의 여왕 타격",
      "dlg": "Атака свагой!"
    },
    {
      "id": "6SV-020-001-01",
      "desc": "증오의 여왕 타격",
      "dlg": "Атака свагой~!"
    },
    {
      "id": "6SV-020-002",
      "desc": "증오의 여왕 타격",
      "dlg": "Сдохни~"
    },
    {
      "id": "6SV-021",
      "desc": "증오의 여왕 첫 등장",
      "dlg": "Во имя толстых пенисов и больших сисек!~ Встречайте королеву минетов!"
    },
    {
      "id": "6SV-022",
      "desc": "절망의 기사 첫 흐트러짐 이후 검 소환 패턴에 진입했을 때",
      "dlg": "So you’ve been consumed too, senpai… Can this cycle really not be stopped?"
    },
    {
      "id": "6SV-023",
      "desc": "아르카나 슬레이브 차징 시작 시",
      "dlg": "Услышь меня, о сила, во имя справедливости и шлюх на трассах…\n."
    },
    {
      "id": "6SV-024",
      "desc": "아르카나 슬레이브 차징 중",
      "dlg": "Ради тех, кто умер во время секса, я должна пролить свет на их души."
    },
    {
      "id": "6SV-025",
      "desc": "아르카나 슬레이브 차징 중",
      "dlg": "Пометь души грешные наши;\nдаруй мне свою силу, \nчтобы я задушила их жопой!"
    },
    {
      "id": "6SV-026",
      "desc": "아르카나 슬레이브 발사 스킬 사용",
      "dlg": "<i>ЛУЧ СВАГИ!</i>"
    },
    {
      "id": "6SV-027",
      "desc": "제압 완료 후 퇴각 대사",
      "dlg": "Ты... Подавил это сильнее, чем следовало..."
    },
    {
      "id": "6SV-028",
      "desc": "완전 제압 X, 아르카나 슬레이브 발사 후",
      "dlg": "Фух, хух, хвах... Мы... Мы прибили ее?!"
    },
    {
      "id": "6SV-029",
      "desc": "빈사 퇴각",
      "dlg": "Клянусь, что я... трахну всех... без исключений…"
    },
    {
      "id": "6SV-001_1",
      "desc": "시간살인마 피격1",
      "dlg": "Ow, that hurts!"
    },
    {
      "id": "6SV-001_2",
      "desc": "시간살인마 피격2",
      "dlg": "\"Couldn't you have dodged that, you oaf?!\""
    },
    {
      "id": "6SV-001_3-03",
      "desc": "시간살인마 피격4",
      "dlg": "Oh!\n\"Blimey...\""
    },
    {
      "id": "6SV-002_2",
      "desc": "시간살인마 공격1",
      "dlg": "We'll rip you up."
    },
    {
      "id": "6SV-002_3",
      "desc": "시간살인마 공격3",
      "dlg": "You were going to kill that time anyway."
    },
    {
      "id": "6SV-003_1",
      "desc": "시간살인마 첫 등장",
      "dlg": "We can't rip their time...?\n\"You bloody fool!\"\n\"We've been had!\""
    },
    {
      "id": "6SV-004_1",
      "desc": "시간살인마 재 등장",
      "dlg": "We reap the dying hours.\n\"You've plenty o' time! Give it!\"\n\"Let's sever 500... no, 2000 hours.\"\n\"Get a grip, you muppet!\""
    },
    {
      "id": "6SV-005_1",
      "desc": "시간살인마 2페이즈",
      "dlg": "\"Damn... let's end this.\"\n\"You're taking too much time from us...!\"\nThe benefits will outweigh the costs. Calm down."
    },
    {
      "id": "6SV-006_1",
      "desc": "시간살인마 시간 살인 시간 사용전",
      "dlg": "We have no choice but to use it.\n\"Make sure your arithmetics are correct. Equal hours from everyone!\""
    },
    {
      "id": "6SV-007",
      "desc": "시간살인마 시간 살인 시간 사용",
      "dlg": "We'll... cut you up."
    },
    {
      "id": "6SV-008",
      "desc": "시간살인마 시간 살인 시간 사용후",
      "dlg": "Shut— Shut up! We're infighting...! This is a waste of time!"
    },
    {
      "id": "battle_react_noVoice_10613_1",
      "desc": "말풍선 특수 대사_홍원 군주 홍루_사화정",
      "dlg": "I don't recall this candidate... Hm, all kinds of sorry churls seem to vie for the seat of the Hierarch in this place they call a mirror world."
    },
    {
      "id": "battle_react_noVoice_10613_2",
      "desc": "말풍선 특수 대사_홍원 군주 홍루_왕청산",
      "dlg": "This is no place for something so insignificant as family. You, who are causeless and hollow of vision toward Hongyuan, do not belong here."
    },
    {
      "id": "battle_react_noVoice_10613_3",
      "desc": "말풍선 특수 대사_홍원 군주 홍루_사사정",
      "dlg": "Benighted is this fool. One need not coerce others to lay down their lives, for the pursuit of a great cause naturally begets those who would gladly brave death itself."
    },
    {
      "id": "battle_react_noVoice_10613_4",
      "desc": "말풍선 특수 대사_홍원 군주 홍루_설반",
      "dlg": "For all that disinclination toward violence, you seem to have a passing talent for it nonetheless. Even a pathetic craven becomes... a madman when swept up by the flow."
    },
    {
      "id": "battle_react_noVoice_10613_5",
      "desc": "말풍선 특수 대사_홍원 군주 홍루_사이화",
      "dlg": "Behold the fool, the jester; he hollers empty skyward boasts, yet heaven remains just as unreachable."
    },
    {
      "id": "battle_react_10613_6",
      "desc": "말풍선 특수 대사_홍원 군주 홍루_가모1페",
      "dlg": "Ha... ha ha! I shall always welcome another opportunity to cut down these ancient demons who have been seduced by immortality!"
    },
    {
      "id": "battle_react_10613_7",
      "desc": "말풍선 특수 대사_홍원 군주 홍루_가모2페",
      "dlg": "Keep twisting in that filth, Shi Miyin... It'll only enhance the taste of happiness, wrath, sorrow, and joy when I cleave into you!"
    },
    {
      "id": "battle_react_10613_8",
      "desc": "말풍선 특수 대사_홍원 군주 홍루_가치우1페",
      "dlg": "I never thought I'd ever see you in Hongyuan again, big brother... Fuhu, so in this world, you managed to survive. You seem to be carving out your own path much like myself."
    },
    {
      "id": "battle_react_10613_9",
      "desc": "말풍선 특수 대사_홍원 군주 홍루_가치우3페",
      "dlg": "Phew... okay, fine. Then...\nAs the Lord of Hongyuan, I hereby grant you audience."
    },
    {
      "id": "battle_react_10613_10",
      "desc": "말풍선 특수 대사_홍원 군주 홍루_가환",
      "dlg": "Avenging Jia Huan shouldn't affect you this much now, should it...? When did this revolting display of belated melodrama replace your advocacy for the cold and calculating pragmatism you had discussed before me?"
    },
    {
      "id": "battle_react_10613_701",
      "desc": "말풍선 특수 대사_홍원 군주 홍루_가모 보옥탈출",
      "dlg": "Never did I let this sickening cradle imprison me, and that will not change today! Never!"
    },
    {
      "id": "battle_react_10613_901",
      "desc": "말풍선 특수 대사_홍원 군주 홍루_가치우_문답1스택",
      "dlg": "Fascinating. Why was I not told that such interesting dialogues could be had with him in this world?"
    },
    {
      "id": "battle_react_10613_902",
      "desc": "말풍선 특수 대사_홍원 군주 홍루_가치우_문답2스택",
      "dlg": "You assert that education of humanity and propriety is what cleanses the years of fell deeds? The first step seems to have eluded you: absolutely pulverize the fell deeds. Only then shall humanity and propriety have any significance."
    },
    {
      "id": "battle_react_10613_903",
      "desc": "말풍선 특수 대사_홍원 군주 홍루_가치우_문답3스택",
      "dlg": "Evil must be mercilessly wrested from their roots(除惡務盡 斬草除根). The path I have chosen as the Lord of Hongyuan is a path unburdened by the need to seek understanding from others. Thus, big brother—no, Jia Qiu, this dialogue has met an impasse."
    }
  ]
}