﻿{
  "dataList": [
    {
      "id": "battlepass_battlepass",
      "content": "БП"
    },
    {
      "id": "battlepass_passmission",
      "content": "Квесты"
    },
    {
      "id": "battlepass_dailymission",
      "content": "Ежедневные"
    },
    {
      "id": "battlepass_weeklymission",
      "content": "Еженедельные"
    },
    {
      "id": "battlepass_seasonmission",
      "content": "Сезончиковые"
    },
    {
      "id": "battlepass_freeandpaid",
      "content": "Платный {0} Бесплатный {1}"
    },
    {
      "id": "battlepass_mission_tag_normal",
      "content": "Обычный"
    },
    {
      "id": "battlepass_mission_tag_battle",
      "content": "Сражение"
    },
    {
      "id": "battlepass_remain_time",
      "content": "{0} дней {1} часов до обновления"
    },
    {
      "id": "battlepass_ask_purchase_limbus_pass",
      "content": "Купи бп иначе бомжара (ахахах) {0}:"
    },
    {
      "id": "battlepass_limbus_pass_benefit_reward",
      "content": "Доступны баттл пасс награды"
    },
    {
      "id": "battlepass_limbus_pass_benefit_ex_reward",
      "content": "Уровень максимальных наград пасса улучшен"
    },
    {
      "id": "battlepass_level_up",
      "content": "Ты становишься еще тупее"
    },
    {
      "id": "battlepass_level_up_ask",
      "content": "Прокачать уровень бп с помощью [Paid Lunacy]?"
    },
    {
      "id": "battlepass_level_upgrade",
      "content": "Плюс один хуй в твоем рту"
    },
    {
      "id": "battlepass_level_max",
      "content": "<color=#f8c200>Максимальный уровень БП</color> достигнут!"
    },
    {
      "id": "battlepass_purchase_level_up_failed",
      "content": "Невозможно купить уровень пасса"
    },
    {
      "id": "lack_if_paid_lunacy",
      "content": "Ты слишком нищий, где твои платные примогемы?"
    },
    {
      "id": "remain_days_with_label",
      "content": "{0}д осталось"
    },
    {
      "id": "remain_hours_with_label",
      "content": "{0}ч осталось"
    },
    {
      "id": "remain_minutes_with_label",
      "content": "{0}м осталось"
    },
    {
      "id": "update_progress",
      "content": "Прогресс обновлен"
    },
    {
      "id": "able_to_acquire_ex_pass_level_reward",
      "content": "Eligible for Max Pass Level rewards"
    },
    {
      "id": "ask_to_use_paid_lunacy_to_level_up_pass",
      "content": "Потратить {0} Платных примогемов чтобы купить уровни БП?"
    },
    {
      "id": "battlepass_purchase_level_up",
      "content": "Купить уровни БП"
    },
    {
      "id": "lack_of_paid_lunacy",
      "content": "Бомжара, у тебя мало платных примогемов."
    },
    {
      "id": "only_paid_lunacy_for_battlepass_levelup",
      "content": "※ Покупка баттл пасс уровней стоит 300 платных примогемов."
    },
    {
      "id": "buy_battlepass_word",
      "content": "<size=55%>Депнуть на  "
    },
    {
      "id": "battlepass_level_ex_reward",
      "content": "Награды максимального пасса"
    },
    {
      "id": "battlepass_progress",
      "content": "Опыт ноулайфера"
    },
    {
      "id": "battlepass_free",
      "content": "<size=80%>БЕСПЛАТНО!!!"
    },
    {
      "id": "battlepass_limbuspass",
      "content": "<size=90%>ПЛАТНО =("
    },
    {
      "id": "battlepass_unable_levelup_by_level",
      "content": "Максимальный уровень достигнут"
    },
    {
      "id": "battlepass_reward_opened_at",
      "content": "{0} Обновить"
    },
    {
      "id": "battlepass_package_purchase",
      "content": "<font=\"BebasKai SDF\"><color=#ff3d5e>Проеб денег для дебилов</style>"
    },
    {
      "id": "battlepass_package_desc_level",
      "content": "Содержит разные награды, включая 「Крутой специальный баннер для богатых хуесосов」"
    },
    {
      "id": "battlepass_package_desc_banner",
      "content": "+ [Проеб денег] (Реальный)"
    },
    {
      "id": "battlepass_package_ask_purchase",
      "content": "Хочешь купить этот набор за {0} платного примогемов?"
    },
    {
      "id": "battlepass_package_warning",
      "content": "※ Этот предмет автоматически активируется после приобретения; возврат средств не оформляем."
    },
    {
      "id": "battlepass_limbus_pass_benefit_ex_box_reward",
      "content": "Получи следующие награды за максимальный уровень Баттл Пасса ЕХ после покупки"
    },
    {
      "id": "battlepass_limbus_pass_benefit_ex_box_reward_count",
      "content": "<size=75%>(Если купить сейчас, ты получишь <style=\"highlightConverted\">{1}</style> желтых коробок {0}-го сезона)</size>"
    },
    {
      "id": "battlepass_select_product_popup_title",
      "content": "Сколько хочешь депнуть?"
    },
    {
      "id": "only_paid_lunacy_for_battlepass_levelup_with_number",
      "content": "※ Покупка уровня пасса будет стоить {0} Платного примогемов."
    },
    {
      "id": "battle_pass_package_button_desc",
      "content": "Разные награды\nВключая специальный баннер"
    },
    {
      "id": "battle_pass_select_popup_package_desc",
      "content": "Разные награды\nВключая специальный баннер"
    },
    {
      "id": "battle_pass_select_popup_limbus_desc",
      "content": "◆ Открывает платные награды\n◆ Дает больше коробок за EX уровни"
    },
    {
      "id": "battle_pass_package_purchase_popup_desc",
      "content": "◆ Дает 10 уровней (нахуя?)"
    },
    {
      "id": "battle_pass_limbus_purchase_popup_desc",
      "content": "◆ Получи различные награды из Лимбус Пасса.\n◆ Получи 3 [Season 3] Номинационных Эгошард Ящика вместо 1 из маскимальных Пасс Уровней ЕХ наград."
    },
    {
      "id": "battle_pass_package_button_desc_with_limbus",
      "content": "Разные награды\nIncluding the Special Banner\n+ [LIMBUS PASS]"
    },
    {
      "id": "battle_pass_package_purchase_popup_desc_in_box",
      "content": "- Limbus Pass Package Special Banner\n- Level Boost Ticket IV"
    },
    {
      "id": "until_season_4_start",
      "content": "~ До обновления сезона"
    },
    {
      "id": "until_season_5_start",
      "content": "До обновления сезона"
    },
    {
      "id": "battlepass_ask_purchase_limbus_pass_package",
      "content": "Покупка набора Лимбус Баттл Пасса \nдаст вам следующие преимущества во время {0}:"
    },
    {
      "id": "battlepass_purchase_desc_pass",
      "content": "Разные награды включены в Лимбус Пасс"
    },
    {
      "id": "battlepass_purchase_desc_ex",
      "content": "Получи <style=\"highlightConverted\">{1}</style> Сезон 6 Номинационных Эгошард Коробок из масимального Пасс Уровня+ Награды вместо <style=\"highlightConverted\">{0}</style>"
    },
    {
      "id": "battlepass_purchase_desc_pass_level",
      "content": "Немедленно получи 10 Пасс уровней после покупки."
    },
    {
      "id": "battlepass_purchase_desc_level_ticket",
      "content": "Один блядский билет 5-го тира"
    },
    {
      "id": "battlepass_purchase_desc_special_banner",
      "content": "Набор специального баннера Лимбус Пасса"
    },
    {
      "id": "battlepass_purchase_desc_policy",
      "content": "※ Этот предмет будет немедленно использован после покупки; возврату не подлежит.\n\n※ Баттл Пасс будет гарантировано длиться [как минимум 90 дней после старта сезона].\nТочная дата конца Баттл Пасса будет раскрыта когда [Guide for the upcoming Season] будет анонсирован.\nПожалуйста учитывайте, что дата вашей покупки Баттл Пасса ну будет иметь эффекта на активацию длительности Баттл Пасса."
    },
    {
      "id": "owned_count",
      "content": "{0} Имеется"
    },
    {
      "id": "battle_pass_package_button_desc_with_limbus_2",
      "content": "◆ Дает 10 уровней БП (нахуя?)\n◆ Крутой баннер с маленькой писюн\n◆ Блядский билет 5-го тира"
    },
    {
      "id": "battle_pass_product_limbus_desc_summary",
      "content": "◆ Открывает платные награды\n◆ Дает больше коробок за EX уровни"
    },
    {
      "id": "battle_pass_product_package_with_limbus_desc_summary",
      "content": "◆ Сезон 6 Лимбус Пасс\n◆ Немедленно получи 10 Пасс уровней после покупки\n◆ Билет скачка уровня V\n◆ Лимбус набор Специального баннера x2"
    },
    {
      "id": "battle_pass_product_package_without_limbus_desc_summary",
      "content": "◆ Немедленно получи 10 Пасс уровней после покупки\n◆ Билет скачка уровня V\n◆ Лимбус набор Специального баннера x2"
    },
    {
      "id": "battle_pass_sale_10",
      "content": "10% Скидончик"
    },
    {
      "id": "until_season_6_start",
      "content": "- Как Аллах скажет"
    }
  ]
}