{
  "dataList": [
    {
      "id": "AtkDamageMultiplier",
      "desc": "{0}% к нанесенному урону",
      "variation": "{1}% к нанесенному урону: {0}"
    },
    {
      "id": "AtkAndTakeAtkDamageMultiplier",
      "desc": "{0}% к нанесенному и получаемому урону",
      "variation": "{1}% к нанесенному и получаемому урону греха: {0}"
    },
    {
      "id": "GiveBuffOnSucceedAttack",
      "desc": "Наносит {0}: {1}"
    },
    {
      "id": "MaxHpMultiplierRail",
      "desc": "{0}% максимальных HP"
    },
    {
      "id": "SlotWeightAdder",
      "desc": "Количество слотов {0}"
    },
    {
      "id": "AtkAdder",
      "desc": "Уровень атаки {0}"
    },
    {
      "id": "DefAdder",
      "desc": "Уровень защиты {0}"
    },
    {
      "id": "AtkAdderIfNotDamagedPrevTurn",
      "desc": "Уровень атаки {0}, если во время хода персонаж не получил урона по HP\n(Урон по щиту ≠ урон по HP)"
    },
    {
      "id": "MaxSpeedAdderAsStack",
      "desc": "Максимальная скорость: {0}"
    },
    {
      "id": "MaxSpeedAdder",
      "desc": "Максимальная скорость {0}"
    },
    {
      "id": "MinSpeedAdder",
      "desc": "Минимальная скорость {0}"
    },
    {
      "id": "TakeHpHealMultiplier",
      "desc": "Восстановление HP от эффектов навыков и монет {0}%"
    },
    {
      "id": "RecoverSelfHpOnSucceedAttackByDmg",
      "desc": "Восстанавливает {0}% от нанесенного урона"
    },
    {
      "id": "RailEnemyBuffF",
      "desc": "{0} к количеству затрачиваемых балбесами ЭГО ресурсов при использовании ЭГО навыков"
    },
    {
      "id": "MaxHpMultiplier",
      "desc": "{0}% максимальных HP"
    },
    {
      "id": "AtkAndDefAdder",
      "desc": "Уровень атаки {0}, Уровень защиты {0}"
    },
    {
      "id": "GiveBuffOnRoundStartToAllAlly",
      "desc": "В начале хода дает всем союзникам {1} {0} и +{2} счетчка {0}",
      "variation": "В начале хода дает всем союзникам {1} {0}.",
      "variation2": "В начале хода дает всем союзникам +{1} счетчика {0}"
    },
    {
      "id": "GiveBuffOnRoundStartToAllAllyExtra",
      "desc": "В начале хода дает всем союзникам {1} {0} и дает еще +{2} счетчик {0} всем союзникам с {0}"
    },
    {
      "id": "GiveBuffOnRoundStartToAllEnemyExtra",
      "desc": "В начале хода наносит {1} {0} всем противникам и наносит еще +{2} счетчик {0} всем противникам с {0}"
    },
    {
      "id": "LoseTurnOnRoundEnd",
      "desc": "Конец хода: теряет {0} счетчик"
    },
    {
      "id": "Vibration",
      "desc": "При получении атак, вызывающих Провокацию Тряски, повышает Порог оглушения на {0}. Длится {1} ход(а)."
    },
    {
      "id": "DefAdderByStackCeilToInt",
      "desc": "Теряет 1 Уровень Защиты за каждые 4 потенциала Тряски"
    },
    {
      "id": "Crack",
      "desc": "Когда Оглушен, и когда сумма потенциала Тряски и счетчика достигает 20 или выше, повышает Уровень Оглушения на 1\nНе может превысить максимальный Уровень Оглушения этим эффектом"
    },
    {
      "id": "VibrationEcho",
      "desc": "При получении атак, вызывающих Провокацию Тряски, получает {0} урона от Уныния."
    },
    {
      "id": "VibrationDistribution",
      "desc": "- Конец хода: Получает ((сумма Тряски всех союзников - счетчик Распределения) / (кол-во союзников с Тряской - Распределение)) Повышение Уровня Атаки в следующем ходу (максимум 5)"
    },
    {
      "id": "VibrationChain",
      "desc": "Теряет 1 Силу Столкновения за каждые 10 потенциала Тряски на цели (максимум 3)"
    },
    {
      "id": "VibrationContinue",
      "desc": "- При активации Потрясения сучки Навыком или эффектами Монеты, {0}% шанс вызвать дополнительную Провокацию Тряски. (максимум 50%)\n- При активации Потрясения сучки Навыком или эффектами Монеты, {1}% шанс вызвать дополнительную Провокацию Тряски. (максимум 50%)"
    },
    {
      "id": "TimeSuspend",
      "desc": "При активации наносит {3} урона от Уныния и вызывает {0} Провокацию(-и) Тряски"
    },
    {
      "id": "TimeRentalTwoPersonality",
      "name": "Заемное Время",
      "desc": "Конец хода: получает {1} Спешку, Повышение Силы Столкновения и Уязвимость в следующем ходу\nПри счетчике 1 получает {0} Понос в следующем ходу вместо этого",
      "summary": ""
    },
    {
      "id": "VibrationChainPersonality",
      "name": "Тряска — Цепь",
      "desc": "Теряет 1 Силу Столкновения за каждые 10 потенциала Тряски (максимум 3)",
      "summary": ""
    },
    {
      "id": "DefSkillPowerResultAdder",
      "desc": "Итоговая сила навыков защиты {0}"
    },
    {
      "id": "TakeAtkDamageMultiplier",
      "desc": "Получаемый урон {0}%"
    },
    {
      "id": "ParryingResultAdder",
      "desc": "Сила в столкновении {0}"
    },
    {
      "id": "SkillPowerResultAdder",
      "desc": "Итоговая сила {0}"
    },
    {
      "id": "SkillPowerAdder",
      "desc": "Базовая сила {0}"
    },
    {
      "id": "PlusCoinScaleAdder",
      "desc": "Сила положительных монет {0}"
    },
    {
      "id": "MinusCoinScaleAdder",
      "desc": "Сила отрицательных монет {0}"
    },
    {
      "id": "DefaultMaxHpMultiplier",
      "desc": "Максимальные HP {0}%"
    },
    {
      "id": "ResistAdderForLastBoss",
      "desc": "{0} сопротивление финального босса третьей секции {1}"
    },
    {
      "id": "MRR519P",
      "desc": "Каждый раз, когда союзник умирает, наносит фиксированный урон всем противникам, равный 20% от максимальных HP"
    },
    {
      "id": "HealSelfOnSucceedAttackByDmgRatio",
      "desc": "При ударе, если удар нанес урон цели, восстанавливает {0}% от нанесенного урона"
    },
    {
      "id": "MRR524P",
      "desc": "Навыки всех союзников наносят на 1% больше урона за каждые 10 {0} на себе (До 30%)"
    },
    {
      "id": "MRR525",
      "desc": "Конец хода: теряет {1} счетчиков {0}"
    },
    {
      "id": "CoinScaleAdderByAtkType",
      "desc": "{0} навыки получают +{1} к Силе положительных монет и -{1} к Силе отрицательных"
    },
    {
      "id": "GiveBuffOnReleaseStandBy",
      "desc": "Получает {1} {0} при входе в бой"
    },
    {
      "id": "MRR532",
      "desc": "После использования ЭГО навыков (Не коррозии), тратит 1 ЭГО ресурс трех 3 случайных типов грехов с более чем 1 количеством"
    },
    {
      "id": "LacerationStackAndTurnAdder",
      "desc": "+{0} к наносимым потенциалу и счетчику {1} эффектами навыков и монет"
    },
    {
      "id": "MRR536",
      "desc": "При получении урона от навыка, получает один из следующих эффектов: {0}, {1} (До 4 раз)"
    },
    {
      "id": "MRR540",
      "desc": "Навыки, которые тратят {0}, получают +1 к Итоговой силе и наносят на 10% больше урона"
    },
    {
      "id": "MRR541",
      "desc": "Когда главной целью является противник с наименьшим {1}, Итоговая сила навыка +{0}"
    },
    {
      "id": "MRR518P",
      "desc": "Начало боевой фазы: 3 самые первые выбранные идентичности получают 10 Кумара"
    },
    {
      "id": "MRR520P",
      "desc": "При смерти, наносит фиксированный урон всем противникам или частям аномалии, равный {0}% от своих максимальных HP"
    },
    {
      "id": "MRR517",
      "desc": "При получении урона от навыка, получает 2 Повышения уровня атаки на следующий ход (До 6)"
    },
    {
      "id": "MRR5051",
      "desc": "При попадании навыками, которые тратят 8 и более счетчиков {0}: +0.1 к {1} сопротивлению цели на протяжении этого столкновения\n- Единожды за навык на противника\n- Максимальное добавляемое сопротивление: +0.3"
    },
    {
      "id": "MRR5052",
      "desc": "Навыки, которые повышают или повышают счетчик {0} наносят на (10 + (Потраченный счетчик × 2))% больше урона (До 50%)"
    },
    {
      "id": "MRR506",
      "desc": "Конец хода: для каждого статусного эффекта, против противников с 2+ счетчиками, наносит урон {1}, равный {0} на каждой цели; затем снижает счетчик {0} на 1, провоцирует {2} единожды и снижает счетчик {3} на 1"
    },
    {
      "id": "MRR507",
      "desc": "Навыки, которые наносят потенциал или счетчик {0} получают +2 к Итоговой силе"
    },
    {
      "id": "MRR508",
      "desc": "На ({0} цели)% целям с менее чем 0 SP или без SP (До 45%)"
    },
    {
      "id": "MRR509P",
      "desc": "На {0}% больше урона сломанным или оглушенным частям"
    },
    {
      "id": "GiveBuffOnFirstRoundStartPerWave",
      "desc": "Начало первого хода волны: дает {1} единиц потенциала {0} и повышает счетчик {0} на {2}"
    },
    {
      "id": "GiveBuffOnBattleStartAR",
      "desc": "Если был активирован резонанс {0}, все союзники получают {2} единиц потенциала {1} и повышают счетчик {1} на {3} в начале боевой фазы"
    },
    {
      "id": "MRR511PMaxSpeedAdder",
      "desc": "#1 Выбранная Идентичность: максимальная скорость +1"
    },
    {
      "id": "MRR511PMinSpeedAdder",
      "desc": "#1 Выбранная Идентичность: минимальная скорость +1"
    },
    {
      "id": "MRR511PMinSpeedChangeSkill",
      "desc": "#1 Выбранная Идентичность: теряет первый навык, но получает третий"
    },
    {
      "id": "MRR512",
      "desc": "Начиная с #7 Выбранной Идентичности, в начале хода вступления на поле боя, восстанавливает {0} SP, получает {2} {1} на это столкновение, а так же {3} ЭГО ресурсов за каждый грех их первого, второго и третьего навыков"
    },
    {
      "id": "AddSinStockOnKillTargetByUsedSkillAttribute",
      "desc": "После использования атаки или контратаки, если противник убит, дает {0} ЭГО ресурсов греха использованного навыка (Единожды за навык, ЭГО навыки тоже учитываются)"
    },
    {
      "id": "MRR514",
      "desc": "Когда запасные противники входят на поле боя, наносит им 5 Кетчупа и повышает его счетчик на 3 в начале боевой фазы. Если среди союзников имеется <Кровожад>: при соблюдении вышеописанных условий активирует кетчуп на всех противниках и понижает его счетчик на 1"
    },
    {
      "id": "EnemyLevelTextOnly",
      "desc": "Уровень противников {0}"
    },
    {
      "id": "MRR501",
      "desc": "+{0} к Онгню, Кровотечениб, Тряске, Зеленке, и Депрессии, наносимым противникам эффектами навыков или монет"
    },
    {
      "id": "TakeBuffTurnAdder",
      "desc": "{1} к счетчику {0}, полученному от союзников от эффектов монет или навыков"
    },
    {
      "id": "MRR503",
      "desc": "{0} союзников с наименьшей SP восстанавливают {1} SP в конце хода (За исключением паники или коррозии ЭГО)"
    },
    {
      "id": "CriticalDamageBoostWithBuffUse",
      "desc": "При раскумаре и более чем {1} {0}, тратит до {1} после этого числа, что бы нанести на (Потраченное количество × {2})% больше урона при раскумаре (До {3}%)"
    },
    {
      "id": "GainSinStockOnDieByDefaultSkill",
      "desc": "При смерти, дает ЭГО ресурсы, равные греху и рангу навыка каждого их них"
    },
    {
      "id": "MRR547",
      "desc": "Начало хода: все навыки противников получают +1~3 к Итоговой силе"
    },
    {
      "id": "MRR544",
      "desc": "Начало хода: все навыки союзников получают +1~3 к Итоговой силе"
    },
    {
      "id": "MRR551",
      "desc": "Начало хода: при максимальных HP, получает {1} единиц потенциала {0} и повышает его счетчик на {2} (Единожды на часть за столкновение)"
    },
    {
      "id": "MRR552",
      "desc": "При смерти, 1 с наименьшими текущими HP получает {1} {0} на следующий ход"
    },
    {
      "id": "MRR553",
      "desc": "ЭГО навыки наносят на {0}% больше урона"
    },
    {
      "id": "MRR521",
      "desc": "Убирает первую границу выносливости"
    },
    {
      "id": "MRR557",
      "desc": "На (10 + (Потенциал + счетчик {0})% больше урона при раскумаре (До 50%)"
    },
    {
      "id": "LacerationStackAndTurnAdderIfNotZero",
      "desc": "+{0} к наносимым потенциалу и счетчику {1} эффектами навыков и монет"
    },
    {
      "id": "AttackDmgMultiplierSpecificType",
      "desc": "{0} навыки наносят на 30% больше урона"
    },
    {
      "id": "MRR565MaxSpeedAdder",
      "desc": "Максимальная скорость {0}"
    },
    {
      "id": "MRR565MinSpeedAdder",
      "desc": "Минимальная скорость {0}"
    },
    {
      "id": "DefaultLevelAdder",
      "desc": "Базовый Уровень атаки {0}, Базовый Уровень защиты {0}"
    },
    {
      "id": "VibrationIgnition",
      "desc": "В следующие {1} Провокаций тремора получит ({0} + Сила Огня / 2) Урона гневом"
    },
    {
      "id": "Heishou10212",
      "desc": "Heishou Pack - Mao Branch Adept Faust: take -5% damage from Skills"
    },
    {
      "id": "Heishou10411",
      "desc": "Heishou Pack - Mao Branch Ryōshū: if this unit's Speed is faster than the target's, deal +5% damage"
    },
    {
      "id": "Heishou11112",
      "desc": "Heishou Pack - Mao Branch Outis: inflict +1 Rupture Count On Hit with an Unopposed Attack (once per turn)"
    },
    {
      "id": "Heishou10912",
      "desc": "Heishou Pack - Si Branch Rodion: inflict 1 Rupture On Critical Hit (3 times per turn)"
    },
    {
      "id": "Heishou11212",
      "desc": "Heishou Pack - Si Branch Gregor: when dealing Rupture damage, gain +1 Poise Count (once per turn)"
    },
    {
      "id": "Heishou11014",
      "desc": "Heishou Pack - You Branch Sinclair: when inflicting Rupture with Skills, inflict 1 Burn (3 times per turn)"
    },
    {
      "id": "Heishou10114",
      "desc": "Heishou Pack - Wu Branch Adept Yi Sang: On Hit with a Base Skill's Final Coin, trigger Tremor Burst once (once per turn)"
    },
    {
      "id": "GiveMpDmgAsValueOnRESelf",
      "desc": "Every Turn End: allies lose {0} SP"
    },
    {
      "id": "GiveHpDmgAsValueAndIncreaseOnRESelf",
      "desc": "Turn End: allies take {0} fixed HP damage. Fixed damage increases by {1} every turn. (max {2})"
    },
    {
      "id": "CantRecoverMpOverValue",
      "desc": "Cannot heal SP past {0}"
    },
    {
      "id": "MD6LimitTest105",
      "desc": "Multiply E.G.O Resource consumption by {0}"
    },
    {
      "id": "RemoveFirstBreakSection",
      "desc": "Remove the first Stagger Threshold"
    },
    {
      "id": "MinSpeedAdderIncludeFirstTurn",
      "desc": "Min Speed {0}"
    },
    {
      "id": "MaxSpeedAdderIncludeFirstTurn",
      "desc": "Max Speed {0}"
    },
    {
      "id": "DefaultMaxHpMultiplierBossRoomOnly",
      "desc": "Boss Max HP {0}%"
    },
    {
      "id": "MaxHpReducerMirrorDungeonPersonality",
      "desc": "Max HP {0}%"
    }
  ]
}