﻿{
  "dataList": [
    {
      "id": "BurstAgility",
      "name": "Смертный ритуал 【Быстрый】",
      "desc": "Базовое значение: 3\n· При получении урона от <sprite name=\"Burst\"><color=#e30000><u><link=\"Burst\">Зеленки</link></u></color> после принятия атаки от противника со скоростью 10 и выше, значение понижается на 1, а счетчик <sprite name=\"Burst\"><color=#e30000><u><link=\"Burst\">Зеленки</link></u></color> повышается на 1\n· Когда эффект истекает, наносит урон Чревоугодием в количестве силы <sprite name=\"Burst\"><color=#e30000><u><link=\"Burst\">Зеленки</link></u></color>\n※ Количество эффекта не может увеличиться, пока он активен",
      "summary": "При соблюдении условий наносит урон Чревоугодием",
      "undefined": "-"
    },
    {
      "id": "LegStrength",
      "name": "Стремительность 【Мао】",
      "desc": "Максимальное значение: 3\n· В конце хода получает 5 <sprite name=\"Agility\"><color=#f8c200><u><link=\"Agility\">Спешки</link></u></color> на следующий ход, а значение понижается на 1",
      "summary": "Получает 5 <sprite name=\"Agility\"><color=#f8c200><u><link=\"Agility\">Спешки</link></u></color> на следующий ход",
      "undefined": "-"
    },
    {
      "id": "DarkBeast_LowMorale",
      "name": "Обман (Низкий дух)",
      "desc": "· Если быстрее цели или используется односторонняя атака, наносит на 10% больше урона",
      "summary": "",
      "undefined": "-"
    },
    {
      "id": "DarkBeast_Panic",
      "name": "Обман Ахуй",
      "desc": "· Если быстрее цели или используется односторонняя атака, наносит на 20% больше урона\n· Получает на 20% меньше урона от атак противников с меньшей скоростью",
      "summary": "",
      "undefined": "-"
    },
    {
      "id": "RepressedMurderousIntend",
      "name": "Подавленная жажда крови",
      "desc": "· Уровень атаки снижен на 10\n· Уровень защиты снижен на 10",
      "summary": "",
      "undefined": "-"
    },
    {
      "id": "WeighedMurderousIntend",
      "name": "Раздавленная жада крови",
      "desc": "· Уровень атаки снижен на 25\n· Уровень защиты снижен на 25",
      "summary": "",
      "undefined": "-"
    },
    {
      "id": "MiddleFingerBook",
      "name": "Метка воздаяния",
      "desc": "Максимальное значение: 10\n· Получает на 3% больше урона от противников из Среднего пальца за каждое значение (До 30%)",
      "summary": "",
      "undefined": "-"
    },
    {
      "id": "Persistent",
      "name": "Упорство",
      "desc": "Максимальное значение: 4\n· При получении смертельного урона, с 80% шансом игнорирует его и немедленно восстанавливает 60 HP, выходя из оглушения, а эффект теряется (Не срабатывает, если урон больше максимальных HP или действует эффект <sprite name=\"TakeHpHealReduce\"><color=#e30000><u><link=\"TakeHpHealReduce\">Понижения восстановления HP</link></u></color>)\n· В конце хода понижается на 1",
      "summary": "",
      "undefined": "-"
    },
    {
      "id": "BackstreetsNight_LowMorale",
      "name": "Ночь в подворотнях (Низкий дух)",
      "desc": "Начало хода: получает 1 <sprite name=\"AttackUp\"><color=#f8c200><u><link=\"AttackUp\">Повышение уровня атаки</link></u></color>, 1 <sprite name=\"TakeHpHealIncrease\"><color=#f8c200><u><link=\"TakeHpHealIncrease\">Повышение восстановления HP</link></u></color> и 1 <sprite name=\"Vulnerable\"><color=#e30000><u><link=\"Vulnerable\">Уязвимость</link></u></color>",
      "summary": "",
      "undefined": "-"
    },
    {
      "id": "BackstreetsNight_Panic",
      "name": "Ночь в подворотнях Ахуй",
      "desc": "Начало хода: получает 2 <sprite name=\"AttackUp\"><color=#f8c200><u><link=\"AttackUp\">Повышения уровня атаки</link></u></color>, 2 <sprite name=\"TakeHpHealIncrease\"><color=#f8c200><u><link=\"TakeHpHealIncrease\">Повышения восстановления HP</link></u></color> и 1 <sprite name=\"Vulnerable\"><color=#e30000><u><link=\"Vulnerable\">Уязвимость</link></u></color>",
      "summary": "",
      "undefined": "-"
    },
    {
      "id": "SweeperA",
      "name": "Первая волна",
      "desc": "Ходов до кончания первой волны: {0}",
      "summary": "",
      "undefined": "-"
    },
    {
      "id": "SweeperB",
      "name": "Вторая волна",
      "desc": "Ходов до кончания второй волны: {0}",
      "summary": "",
      "undefined": "-"
    },
    {
      "id": "SweeperC",
      "name": "Третья волна",
      "desc": "Ходов до кончания третьей волны: {0}",
      "summary": "",
      "undefined": "-"
    }
  ]
}