﻿{
  "dataList": [
    {
      "id": "MRcAfBa",
      "name": "Госсипиум",
      "desc": "Когда чурка Промокший Госсипиум находится в <sprite name=\"MRcAfBb\"><color=#f8c200><u><link=\"MRcAfBb\">Окровавленном состоянии</link></u></color>, в конце хода получает <sprite name=\"Laceration\"><color=#e30000><u><link=\"Laceration\">Кетчуп</link></u></color> в количестве половины значения этого эффекта и его счетчик повышается на столько же",
      "summary": "В конце хода: Получает (значение Госсипиума/2) Кетчупа и повышает счетчик Кетчупа"
    },
    {
      "id": "MRcAfBb",
      "name": "Окровавленный Госсипиум",
      "desc": "· В начале хода удваивает <sprite name=\"Laceration\"><color=#e30000><u><link=\"Laceration\">Кетчуп</link></u></color> и его счетчик, наносимые атаками\n· Если на цели есть <sprite name=\"MRcAfBa\"><color=#e30000><u><link=\"MRcAfBa\">Госсипиум</link></u></color>, получает +(Значение <sprite name=\"MRcAfBa\"><color=#e30000><u><link=\"MRcAfBa\">Госсипиума</link></u></color> на цели / 2) к Силе в столкновении",
      "summary": "Получает +(значение Госсипиума/2) к силе в поединке"
    },
    {
      "id": "MRcAiBa",
      "name": "Искра",
      "desc": "Максимальное значение: 5\n· При получении <sprite name=\"MRcAiBa\"><color=#f8c200><u><link=\"MRcAiBa\">Искры</link></u></color>, навыки в количестве {0} без греха Гнева приобретают его\n· Когда часть «Пылающие цветочные крылья» ломается, наносит последнему атаковавшему <sprite name=\"MRcAiBb\"><color=#e30000><u><link=\"MRcAiBb\">Мерцающую искру</link></u></color> в количестве своей <sprite name=\"MRcAiBa\"><color=#f8c200><u><link=\"MRcAiBa\">Искры</link></u></color>, после чего все свои <sprite name=\"MRcAiBa\"><color=#f8c200><u><link=\"MRcAiBa\">Искры</link></u></color> исчезают",
      "summary": ""
    },
    {
      "id": "MRcAiBb",
      "name": "Мерцающая искра",
      "desc": "Максимальное значение: 5\n· Получает <sprite name=\"MRcAiBc\"><color=#e30000><u><link=\"MRcAiBc\">Тлеющее пламя</link></u></color> при получении удара от определенного навыка, а все свои <sprite name=\"MRcAiBb\"><color=#e30000><u><link=\"MRcAiBb\">Мерцающае искры</link></u></color> исчезают",
      "summary": ""
    },
    {
      "id": "MRcAiBc",
      "name": "Тлеющее пламя",
      "desc": "· В начале боевой фазы наносит двум ближайшим по скорости с собой противникам <sprite name=\"Combustion\"><color=#e30000><u><link=\"Combustion\">Изжога</link></u></color> в количестве своего <sprite name=\"Combustion\"><color=#e30000><u><link=\"Combustion\">Изжоги</link></u></color>\n· Не может получать <sprite name=\"MRcAiBa\"><color=#f8c200><u><link=\"MRcAiBa\">Искру</link></u></color>, пока имеется этот эффект\n· В конце хода понижается на 1",
      "summary": ""
    },
    {
      "id": "MRcAmBa",
      "name": "Презрение",
      "desc": "В конце хода теряет 3 ЭГО ресурса выбранного греха\nВ конце хода наносит 3 <sprite name=\"AttackDmgDown\"><color=#e30000><u><link=\"AttackDmgDown\">Понижения урона</link></u></color> на следующий ход",
      "summary": ""
    },
    {
      "id": "MRcAmBb",
      "name": "Хватка",
      "desc": "Максимальное значение: 3\n· Не может действовать\n· Если значение падает до 2 или менее к концу хода, Спираль Презрения поглощает половину максимальных HP, чтобы восстановить всем частям столько же\n· В конце хода понижается на 1\n· Если HP упадет до 0, больше нельзя будет восстановить HP",
      "summary": ""
    },
    {
      "id": "MRcAmBc",
      "name": "Взор",
      "desc": "· На 10% больше урона за каждый <sprite name=\"MRcAmBc\"><color=#e30000><u><link=\"MRcAmBc\">Взор</link></u></color>\n· Если к концу хода значение достигает 7, получает 15 <sprite name=\"Laceration\"><color=#e30000><u><link=\"Laceration\">Кетчупа</link></u></color> и эффект перетекает в <sprite name=\"MRcAmBa\"><color=#e30000><u><link=\"MRcAmBa\">Презрение</link></u></color>",
      "summary": ""
    },
    {
      "id": "MRcAmBd",
      "name": "Всевидящий взор",
      "desc": "· В конце хода повышается на 1\n· В конце хода все участники боя со <sprite name=\"MRcAmBc\"><color=#e30000><u><link=\"MRcAmBc\">Взором</link></u></color> получают (4 × {0}) фиксированного урона по HP и SP",
      "summary": ""
    },
    {
      "id": "MRcAmBbDisplay",
      "name": "Хватка",
      "desc": "Максимальное значение: 3\n· Не может действовать\n· Если значение падает до 2 или менее к концу хода, Спираль Презрения поглощает половину максимальных HP, чтобы восстановить всем частям столько же\n· В конце хода понижается на 1\n· Если HP упадет до 0, больше нельзя будет восстановить HP",
      "summary": ""
    }
  ]
}