﻿{
  "dataList": [
    {
      "id": "AaCfPcBe",
      "name": "Глубокая Скорбь",
      "desc": "Наносит 5 СД урона после атаки",
      "summary": "",
      "undefined": "-"
    },
    {
      "id": "AaCfPcBf",
      "name": "Оковы горя",
      "desc": "· При определенном условии, когда значение достигает 3, все части оглушаются в начале следующего хода\n· Исчезает после нанесения 3 <sprite name=\"Vulnerable\"><color=#e30000><u><link=\"Vulnerable\">Уязвимостей</link></u></color> на часть 「Цепь」",
      "summary": "",
      "undefined": "-"
    },
    {
      "id": "AaCfPcBg",
      "name": "Объект гнева",
      "desc": "· Становится приоритетной целью атаки для Хитклифа с разбитым сердцем\n· При смерти <sprite name=\"AaCfPcBg\"><color=#e30000><u><link=\"AaCfPcBg\">Объекта гнева</link></u></color>, им становится другой противник",
      "summary": "",
      "undefined": "-"
    },
    {
      "id": "AaCfPcBb",
      "name": "Метка дворецкого",
      "desc": "Используется для повышения количества целей некоторых навыков Нелли",
      "summary": "",
      "undefined": "-"
    },
    {
      "id": "AaCfPcBc",
      "name": "Техника Поноса",
      "desc": "Максимальное значение: 3\n· Не может исчезнуть\n· В конце хода повышается на 1\n· Получает <sprite name=\"Binding\"><color=#e30000><u><link=\"Binding\">Понос</link></u></color>, равное значению эффекта в конце хода\n· Если значение достигает 3 к концу хода, оглушает до конца битвы",
      "summary": "Получает Понос, равное значению на следующий ход.\nПри значении 3 персонаж становится оглушенным до конца столкновения.",
      "undefined": "-"
    },
    {
      "id": "AaCfPcBa",
      "name": "Решимость",
      "desc": "· При получении атаки получает 1 <sprite name=\"AttackUp\"><color=#f8c200><u><link=\"AttackUp\">Повышение уровня атаки</link></u></color> на следующий ход (До 3 раз за ход)\n· Начало хода: При СД ниже 0 получает 3 <sprite name=\"Enhancement\"><color=#f8c200><u><link=\"Enhancement\">Повышения силы атаки</link></u></color>\n\nХитклиф не может отступить или сбежать с поля боя",
      "summary": "· При получении атаки получает 1 <sprite name=\"AttackUp\"><color=#f8c200><u><link=\"AttackUp\">Повышение уровня атаки</link></u></color> на следующий ход (До 3 раз за ход)\n· Начало хода: При СД ниже 0 получает 3 <sprite name=\"Enhancement\"><color=#f8c200><u><link=\"Enhancement\">Повышения силы атаки</link></u></color>\n\nХитклиф не может отступить или сбежать с поля боя",
      "undefined": "-"
    },
    {
      "id": "AaCfPcBh",
      "name": "Мучительная Ярость",
      "desc": "Если у атакующего есть <sprite name=\"AaCfPbBc\"><color=#9f6a3a><u><link=\"AaCfPbBc\">Взрывной Гнев</link></u></color>, получает на 100% больше урона",
      "undefined": "-"
    },
    {
      "id": "AaCfPcBm",
      "name": "Молния страдания",
      "desc": "· При победе в столкновении наносит 7 урона и 1 <sprite name=\"AaCfPcBn\"><color=#e30000><u><link=\"AaCfPcBn\">Разбивающееся сердце</link></u></color>\n· При поражении в столкновении получает 7 урона и <sprite name=\"AaCfPcBn\"><color=#e30000><u><link=\"AaCfPcBn\">Разбивающееся сердце</link></u></color>\n· В конце хода понижается на 1",
      "undefined": "-"
    },
    {
      "id": "AaCfPcBn",
      "name": "Разбивающееся сердце",
      "desc": "· Сопротивление к каждому греху ослабляется на 0.2 за каждое значение\n· Оглушается, когда значение достигает 3",
      "undefined": "-"
    },
    {
      "id": "AaCfPcBp",
      "name": "Смелость сближения",
      "desc": "· В конце хода восстанавливает 10 СД\n· Получает 3 <sprite name=\"ResultEnhancement\"><color=#f8c200><u><link=\"ResultEnhancement\">Повышения силы</link></u></color> и 5 <sprite name=\"Protection\"><color=#f8c200><u><link=\"Protection\">Защищенности</link></u></color> каждый ход\n· При получении атаки восстанавливает 5 СД, а так же 1 <sprite name=\"AttackUp\"><color=#f8c200><u><link=\"AttackUp\">Повышение уровня атаки</link></u></color> на следующий ход (До 3 повышений за ход)\n· Если СД менее 0 в начале хода, получает 3 <sprite name=\"ResultEnhancement\"><color=#f8c200><u><link=\"ResultEnhancement\">Повышения силы</link></u></color>\n· Пока остаются живые союзники, Хитклиф не может быть побежден\n\nХитклиф не может отступить или сбежать с поля боя",
      "undefined": "-"
    },
    {
      "id": "AaCfPcBo",
      "name": "Решимость",
      "desc": "· В конце хода восстанавливает 10 СД\n· При получении атаки получает 1 <sprite name=\"AttackUp\"><color=#f8c200><u><link=\"AttackUp\">Повышение уровня атаки</link></u></color> на следующий ход (До 3 за ход)\n· Если СД менее 0 в начале хода, получает 3 <sprite name=\"ResultEnhancement\"><color=#f8c200><u><link=\"ResultEnhancement\">Повышения силы</link></u></color>\n· Пока остаются живые союзники, Хитклиф не может быть побежден\n\nХитклиф не может отступить или сбежать с поля боя",
      "summary": "Конец хода: восстанавливает 10 СД.\nПри получении урона получает 1 Повышение уровня атаки.\nНачало хода: При СД ниже 0 получает 3 Повышения силы атаки.",
      "undefined": "-"
    },
    {
      "id": "AaCfPcBq",
      "name": "Разбитое сердце",
      "desc": "· Максимальная скорость +2\n· Получает 3 <sprite name=\"AttackDmgUp\"><color=#f8c200><u><link=\"AttackDmgUp\">Повышения урона</link></u></color> и 3 <sprite name=\"Vulnerable\"><color=#e30000><u><link=\"Vulnerable\">Уязвимости</link></u></color> каждый ход\n· Если основная цель — Хитклиф, атакующие навыки получают +2 к Итоговой силе\n· При поражении в столкновении против Хитклифа, получает 3 <sprite name=\"Binding\"><color=#e30000><u><link=\"Binding\">Поноса</link></u></color> и 3 <sprite name=\"AttackDmgDown\"><color=#e30000><u><link=\"AttackDmgDown\">Понижения урона</link></u></color> на следующий ход",
      "undefined": "-"
    },
    {
      "id": "AaCfPcBr",
      "name": "Да Проснется Она... В Мучениях!",
      "desc": "-6 Силы в столкновении против целей с <sprite name=\"AaCfPcBm\"><color=#e30000><u><link=\"AaCfPcBm\">Молнией страдания</link></u></color>",
      "undefined": "-"
    },
    {
      "id": "AaCfPcBi",
      "name": "Супертермогенез",
      "desc": "В конце хода получает фиксированный урон, равный <b>?</b>% от максимальных ОЗ, затем эффект исчезает",
      "undefined": "-"
    },
    {
      "id": "AaCfPcBs",
      "name": "Прочь с глаз",
      "desc": "Оставшееся значение Щита: {0}",
      "undefined": "-"
    }
  ]
}