﻿{
  "dataList": [
    {
      "id": "BloodScissor",
      "name": "Вилка для аборта",
      "desc": "Максимальное значение: 10\n· Первая стадия <sprite name=\"BloodScissor\"><color=#f8c200><u><link=\"BloodScissor\">Окровавленных лезвий ножниц</link></u></color>\n· Используется для особых атак",
      "summary": "",
      "undefined": "-"
    },
    {
      "id": "BloodScissorTwo",
      "name": "Вилка для аборта II",
      "desc": "Максимальное значение: 20\n· Вторая стадия <sprite name=\"BloodScissorTwo\"><color=#f8c200><u><link=\"BloodScissorTwo\">Окровавленных лезвий ножниц</link></u></color>\n· В начале хода получает 1 <sprite name=\"AttackUp\"><color=#f8c200><u><link=\"AttackUp\">Повышение уровня атаки</link></u></color> и 1 <sprite name=\"DefenseDown\"><color=#e30000><u><link=\"DefenseDown\">Понижение уровня защиты</link></u></color> за каждые 5 накопленного значения\n· Используется для особых атак",
      "summary": "",
      "undefined": "-"
    },
    {
      "id": "BloodScissorThree",
      "name": "Вилка для аборта III",
      "desc": "Максимальное значение: 30\n· Третья стадия <sprite name=\"BloodScissorThree\"><color=#f8c200><u><link=\"BloodScissorThree\">Окровавленных лезвий ножниц</link></u></color>\n· В начале хода получает 2 <sprite name=\"AttackUp\"><color=#f8c200><u><link=\"AttackUp\">Повышения уровня атаки</link></u></color> и 1 <sprite name=\"DefenseDown\"><color=#e30000><u><link=\"DefenseDown\">Понижение уровня защиты</link></u></color> за каждые 5 накопленного значения\n· Используется для особых атак",
      "summary": "",
      "undefined": "-"
    },
    {
      "id": "BloodDinner",
      "name": "Борщ",
      "desc": "Может достигать 999\n· Накапливает весь урон от <sprite name=\"Laceration\"><color=#e30000><u><link=\"Laceration\">Кетчупа</link></u></color>, нанесенный в этой битве\n· Общее для всех участников битвы\n· Если среди союзников есть более старший Сородич, который также поглощает <sprite name=\"BloodDinner\"><color=#9f6a3a><u><link=\"BloodDinner\">Борщ</link></u></color>, этот не сможет поглотить его, пока более старший Сородич не сделает это первым",
      "summary": "",
      "undefined": "-"
    },
    {
      "id": "BloodDinner_Accumulation",
      "name": "Поглощенное борщ",
      "desc": "Может достигать 999\n· Общее количество поглощенного <sprite name=\"BloodDinner\"><color=#9f6a3a><u><link=\"BloodDinner\">Борща</link></u></color> за эту битву: {0}",
      "summary": "",
      "undefined": "-"
    },
    {
      "id": "FamineBlood_LowMorale",
      "name": "Голод (Низкий дух)",
      "desc": "В начале хода получает 1 <sprite name=\"Binding\"><color=#e30000><u><link=\"Binding\">Понос</link></u></color> и 2 <sprite name=\"ResultEnhancement\"><color=#f8c200><u><link=\"ResultEnhancement\">Повышения силы</link></u></color>",
      "summary": "",
      "undefined": "-"
    },
    {
      "id": "FamineBlood_Panic",
      "name": "Голод Ахуй",
      "desc": "В начале хода получает 2 <sprite name=\"Binding\"><color=#e30000><u><link=\"Binding\">Поноса</link></u></color> и 4 <sprite name=\"ResultEnhancement\"><color=#f8c200><u><link=\"ResultEnhancement\">Повышения силы</link></u></color>",
      "summary": "",
      "undefined": "-"
    },
    {
      "id": "DuelDeclaration_Camille",
      "name": "Вызван Камиллой на дуэль",
      "desc": "· В столкновении между Камиллом и целью, которой была <sprite name=\"DuelDeclaration\"><color=#e30000><u><link=\"DuelDeclaration\">Объявлена дуэль</link></u></color>, первый получает +1 к Силе в столкновении, а так же 1 <sprite name=\"Agility\"><color=#f8c200><u><link=\"Agility\">Спешку</link></u></color> на следующий ход при ударе (До 4 за ход)\n· Исчезает, когда Камилл объявляет дуэль другой цели\n· Заменяется, когда дуэль объявляет другой участник битвы",
      "summary": "",
      "undefined": "-"
    },
    {
      "id": "RecklessDuel",
      "name": "Безрассудная дуэль",
      "desc": "В конце хода получает 1 <sprite name=\"ParryingResultUp\"><color=#f8c200><u><link=\"ParryingResultUp\">Повышение силы в столкновении</link></u></color> и 1 <sprite name=\"Binding\"><color=#e30000><u><link=\"Binding\">Понос</link></u></color> на следующий ход за каждые 10% потерянных HP (До 5)",
      "summary": "",
      "undefined": "-"
    },
    {
      "id": "ConcentratedAttack",
      "name": "Сосредоточенная атака",
      "desc": "Камилл получает следующие приемущества против слота навыков, по которому успешно нанес удар на прошлом ходу:\n  - 1 последовательное попадание: Сила в столкновении +1\n  - 2 последовательных попадания: Базовая сила +1\n  - 3 последовательных попадания: Базовая сила +1, Сила монет +1",
      "summary": "",
      "undefined": "-"
    },
    {
      "id": "TrulyWeak",
      "name": "Слабость",
      "desc": "Наносимый урон -10%",
      "summary": "",
      "undefined": "-"
    },
    {
      "id": "RealPaperBear",
      "name": "Настоящий Медведь",
      "desc": "Он ест людей. Как страшно!",
      "summary": "",
      "undefined": "-"
    },
    {
      "id": "BloodScissorScars",
      "name": "Глубокий Порез",
      "desc": "· Счетчик <sprite name=\"Laceration\"><color=#e30000><u><link=\"Laceration\">Кетчупа</link></u></color> повышается на 3, после чего оно активируется, понижая счетчик на 1\n· Истекает в конце хода",
      "summary": "",
      "undefined": "-"
    },
    {
      "id": "LineCutting",
      "name": "Цель шитья",
      "desc": "· Является приоритетной целью для ???.\n· Истекает в конце хода",
      "summary": "",
      "undefined": "-"
    },
    {
      "id": "StarvingBarberOne",
      "name": "Иссохший",
      "desc": "<i>Изголодавшийся по крови очень, очень давно</i>\n· Уровень атаки снижен на 15\n· Уровень защиты снижен на 15",
      "summary": "",
      "undefined": "-"
    },
    {
      "id": "StarvingBarberTwo",
      "name": "Иссохший",
      "desc": "<i>Изголодавшийся по крови очень, очень давно</i>\n· Уровень атаки снижен на 25\n· Уровень защиты снижен на 25",
      "summary": "",
      "undefined": "-"
    },
    {
      "id": "BloodShooting",
      "name": "Кровопускание!!",
      "desc": "После смерти:\n· <sprite name=\"BloodDinner\"><color=#9f6a3a><u><link=\"BloodDinner\">Борщ</link></u></color> увеличивается на 30\n· Добавляет 2 к наименее имеющемуся ЭГО ресурсу\n· На следующий ход: физические сопротивления всех союзников ослабляются на 0.1 (Накапливается до 0.5)",
      "summary": "",
      "undefined": "-"
    },
    {
      "id": "RighteousFeeling",
      "name": "КАКАЯ ПРАВЕДНОСТЬ!!",
      "desc": "· В конце каждого хода получает 1 <sprite name=\"Agility\"><color=#f8c200><u><link=\"Agility\">Спешку</link></u></color>, 3 <sprite name=\"AttackUp\"><color=#f8c200><u><link=\"AttackUp\">Повышения уровня атаки</link></u></color> и 3 <sprite name=\"DefenseDown\"><color=#e30000><u><link=\"DefenseDown\">Понижения уровня защиты</link></u></color> на следующий ход\n  - Получает еще 2 <sprite name=\"AttackUp\"><color=#f8c200><u><link=\"AttackUp\">Повышения уровня атаки</link></u></color> после каждых 3 прошедших ходов (До 6)\n· При победе в столкновении восстанавливает 3 SP\n· При убийстве получает 1 <sprite name=\"ParryingResultUp\"><color=#f8c200><u><link=\"ParryingResultUp\">Повышение силы в столкновении</link></u></color> на следующий ход (Единожды за ход)",
      "summary": "",
      "undefined": "-"
    },
    {
      "id": "DuelDeclarationMeursault",
      "name": "Вызван Мерсо на дуэль",
      "desc": "· В столкновении между Мерсо и целью, которой была <sprite name=\"DuelDeclaration\"><color=#e30000><u><link=\"DuelDeclaration\">Объявлена дуэль</link></u></color>, первый получает +1 к Силе в столкновении, а так же 1 <sprite name=\"Agility\"><color=#f8c200><u><link=\"Agility\">Спешку</link></u></color> на следующий ход при ударе (До 4 за ход)\n· Исчезает, когда Мерсо объявляет дуэль другой цели\n· Заменяется, когда дуэль объявляет другой участник битвы",
      "summary": "",
      "undefined": "-"
    },
    {
      "id": "ConcentratedAttackMeursault",
      "name": "Сосредоточенная атака - Мерсо",
      "desc": "(Только фокусированные столкновения)\n· Мерсо получает следующие приемущества против слота навыков в зависимости от значения <sprite name=\"ConcentratedAttackMeursault\"><color=#e30000><u><link=\"ConcentratedAttackMeursault\">Сосредоточенной атаки - Мерсо</link></u></color> на нем:\n  - 1x: Сила в столкновении +1\n  - 2x: Базовая сила +1\n  - 3x: Базовая сила +1, Сила монет +1\n· Исчезает в конце хода, если Мерсо не удалось нанести удар по этому слоту навыков\n· Исчезает, когда Мерсо снова накладывает ее на другой слот навыков\n· Заменяется, когда накладывается альтернативная <sprite name=\"ConcentratedAttackMeursault\"><color=#e30000><u><link=\"ConcentratedAttackMeursault\">Сосредоточенная атака</link></u></color>\n· Переместится на другой слот навыков, если этот будет побежден",
      "summary": "",
      "undefined": "-"
    },
    {
      "id": "Duello_LowMorale",
      "name": "Специалист по дуэлям (Низкий дух)",
      "desc": "· В начале хода получает 2 <sprite name=\"AttackUp\"><color=#f8c200><u><link=\"AttackUp\">Повышения уровня атаки</link></u></color>\n· При поражении в столкновении получает 1 <sprite name=\"DefenseDown\"><color=#e30000><u><link=\"DefenseDown\">Понижение уровня защиты</link></u></color> (До 3 раз за ход). Мин. скорость -1\n· Минимальная скорость понижается на 1",
      "summary": "",
      "undefined": "-"
    },
    {
      "id": "Duello_Panic",
      "name": "Специалист по дуэлям Ахуй",
      "desc": "· В начале хода получает 4 <sprite name=\"AttackUp\"><color=#f8c200><u><link=\"AttackUp\">Повышения уровня атаки</link></u></color>\n· При поражении в столкновении получает 2 <sprite name=\"DefenseDown\"><color=#e30000><u><link=\"DefenseDown\">Понижения уровня защиты</link></u></color> (До 6 раз за ход). Мин. скорость -1\n· Минимальная скорость понижается на 1",
      "summary": "",
      "undefined": "-"
    },
    {
      "id": "RighteousFeelingSancho",
      "name": "Я возьму ответственность через кровавые слезы.",
      "desc": "· Получает 1 дополнительную <sprite name=\"BloodArmorPersonalityFirst\"><color=#f8c200><u><link=\"BloodArmorPersonalityFirst\">Кровавую броню</link></u></color> при ее получении (До 5 раз за ход)\n· В конце каждого хода получает 2 <sprite name=\"Agility\"><color=#f8c200><u><link=\"Agility\">Спешки</link></u></color> и 3 <sprite name=\"AttackUp\"><color=#f8c200><u><link=\"AttackUp\">Повышения уровня атаки</link></u></color> на следующий ход\n  - Получает 2 дополнительных <sprite name=\"AttackUp\"><color=#f8c200><u><link=\"AttackUp\">Повышения уровня атаки</link></u></color> после каждых 3 прошедших ходов (До 6)\n· При победе в столкновении восстанавливает 3 SP\n· При убийстве получает 1 <sprite name=\"ParryingResultUp\"><color=#f8c200><u><link=\"ParryingResultUp\">Повышение силы в столкновении</link></u></color> на следующий ход (Единожды за ход)",
      "summary": "",
      "undefined": "-"
    },
    {
      "id": "UnfinishedDreamSancho",
      "name": "В которой повествуется о порабощении кровью гуще воды",
      "desc": "· Получает 2 дополнительной <sprite name=\"BloodArmorPersonalityFirst\"><color=#f8c200><u><link=\"BloodArmorPersonalityFirst\">Кровавой брони</link></u></color> при ее получении (До 5 раз за ход)\n· В конце каждого хода получает 2 <sprite name=\"Agility\"><color=#f8c200><u><link=\"Agility\">Спешки</link></u></color> и 3 <sprite name=\"AttackUp\"><color=#f8c200><u><link=\"AttackUp\">Повышения уровня атаки</link></u></color> на следующий ход\n  - Получает 2 дополнительных <sprite name=\"AttackUp\"><color=#f8c200><u><link=\"AttackUp\">Повышения уровня атаки</link></u></color> после каждых 3 прошедших ходов (До 6)\n· При победе в столкновении восстанавливает 3 SP\n· При убийстве получает 2 <sprite name=\"ParryingResultUp\"><color=#f8c200><u><link=\"ParryingResultUp\">Повышения силы в столкновении</link></u></color> на следующий ход (Единожды за ход)",
      "summary": "",
      "undefined": "-"
    },
    {
      "id": "FragmentOfHopeSancho",
      "name": "Что готовит кровавый пир для страдающей Семьи",
      "desc": "· Получает <sprite name=\"ParryingResultUp\"><color=#f8c200><u><link=\"ParryingResultUp\">Повышения силы в столкновении</link></u></color> равное количеству этого эффекта\n· На 10% больше наносимого урона",
      "summary": "",
      "undefined": "-"
    },
    {
      "id": "FragmentOfHopeTwoSancho",
      "name": "О том, как некий Кровожад в одиночку понес вину за отцеубийство.",
      "desc": "· +4 к Силе в столкновении за каждое значение\n· Накладывает щит на себя и на всех союзников в начале боевой фазы\n· На 20% больше наносимого урона\n· При ударе также наносит 1 фиксированного урона",
      "summary": "",
      "undefined": "-"
    }
  ]
}