{
    "dataList": [
        {
            "id": "S833I2",
            "effects": [
                {
                    "id": 1,
                    "background": {
                        "colorCode": "#00000000"
                    },
                    "mainText": "",
                    "subText": "",
                    "texts": [
                        {
                            "texts": [
                                {
                                    "text": "And tomorrow, we'll play whatever big bro Baoyu's favorite game is. How's that for a plan, huh?",
                                    "additionPosX": 0,
                                    "additionPoxY": 0,
                                    "additionPosZ": 0,
                                    "additionRotX": 0,
                                    "additionRotY": 0,
                                    "additionRotZ": 0,
                                    "additionFontSize": 0,
                                    "outlineColorCode": "#ffffff",
                                    "outlineWidth": 0.20000000298023224
                                }
                            ],
                            "positionX": -850,
                            "positionY": 200,
                            "positionZ": 0,
                            "rotationX": 0,
                            "rotationY": 0,
                            "rotationZ": -15,
                            "textAlignment": 513,
                            "fontSize": 50,
                            "colorCode": "#f1b840",
                            "startDelay": 0,
                            "textSpeedMultiplier": 0,
                            "isImmediate": false
                        },
                        {
                            "texts": [
                                {
                                    "text": "But what do <i>you</i> want? Here's some homework for you—when we meet tomorrow...",
                                    "additionPosX": 0,
                                    "additionPoxY": 0,
                                    "additionPosZ": 0,
                                    "additionRotX": 0,
                                    "additionRotY": 0,
                                    "additionRotZ": 0,
                                    "additionFontSize": 0,
                                    "outlineColorCode": "#ffffff",
                                    "outlineWidth": 0.20000000298023224
                                }
                            ],
                            "positionX": -650,
                            "positionY": 550,
                            "positionZ": 0,
                            "rotationX": 0,
                            "rotationY": 0,
                            "rotationZ": 0,
                            "textAlignment": 513,
                            "fontSize": 45,
                            "colorCode": "#f1b840",
                            "startDelay": 2,
                            "textSpeedMultiplier": 0,
                            "isImmediate": false
                        },
                        {
                            "texts": [
                                {
                                    "text": "... you better have come up with something you like, okay?",
                                    "additionPosX": 0,
                                    "additionPoxY": 0,
                                    "additionPosZ": 0,
                                    "additionRotX": 0,
                                    "additionRotY": 0,
                                    "additionRotZ": 0,
                                    "additionFontSize": 0,
                                    "outlineColorCode": "#ffffff",
                                    "outlineWidth": 0.20000000298023224
                                }
                            ],
                            "positionX": -350,
                            "positionY": -150,
                            "positionZ": 0,
                            "rotationX": 0,
                            "rotationY": 0,
                            "rotationZ": 30,
                            "textAlignment": 513,
                            "fontSize": 60,
                            "colorCode": "#f1b840",
                            "startDelay": 3.5,
                            "textSpeedMultiplier": 0,
                            "isImmediate": false
                        }
                    ],
                    "textsEffects": [
                        {
                            "index": 0,
                            "shakeDelay": 0,
                            "shakeDuration": 3,
                            "shakePositionX": 2,
                            "shakePositionY": -2,
                            "shakeEase": 25,
                            "shakeLoopType": 0,
                            "rotationShake": 0.30000001192092896,
                            "rotationShakeDelay": 1,
                            "rotationShakeDuration": 0.30000001192092896,
                            "rotationShakeEase": 14,
                            "rotationShakeLoopType": 1,
                            "scale": 0,
                            "scaleDelay": 0,
                            "scaleDuration": 0,
                            "scaleEase": 14,
                            "scaleLoopType": 1
                        },
                        {
                            "index": 1,
                            "shakeDelay": 0,
                            "shakeDuration": 3,
                            "shakePositionX": 2,
                            "shakePositionY": -2,
                            "shakeEase": 25,
                            "shakeLoopType": 0,
                            "rotationShake": 0.30000001192092896,
                            "rotationShakeDelay": 1,
                            "rotationShakeDuration": 0.30000001192092896,
                            "rotationShakeEase": 14,
                            "rotationShakeLoopType": 1,
                            "scale": 0,
                            "scaleDelay": 0,
                            "scaleDuration": 0,
                            "scaleEase": 14,
                            "scaleLoopType": 1
                        },
                        {
                            "index": 2,
                            "shakeDelay": 0,
                            "shakeDuration": 3,
                            "shakePositionX": 2,
                            "shakePositionY": -2,
                            "shakeEase": 25,
                            "shakeLoopType": 0,
                            "rotationShake": 0.30000001192092896,
                            "rotationShakeDelay": 1,
                            "rotationShakeDuration": 0.30000001192092896,
                            "rotationShakeEase": 14,
                            "rotationShakeLoopType": 1,
                            "scale": 0,
                            "scaleDelay": 0,
                            "scaleDuration": 0,
                            "scaleEase": 14,
                            "scaleLoopType": 1
                        }
                    ],
                    "glitch": {
                        "isOn": false
                    },
                    "vignetteSlice": 0,
                    "isBlackScreen": false,
                    "isAutoNext": true,
                    "autoNextDuration": 1,
                    "mainTextColor": "#ffffff",
                    "mainTextGlowColor": "#000000",
                    "mainTextScale": 0,
                    "mainTextBackFadeDuration": 0,
                    "mainTextStartAlpha": 0,
                    "mainTextEndAlpha": 0,
                    "mainTextLoopCount": 0
                }
            ]
        },
        {
            "id": "S833I3",
            "effects": [
                {
                    "id": 4,
                    "background": {
                        "colorCode": "#00000000"
                    },
                    "mainText": "",
                    "subText": "",
                    "texts": [
                        {
                            "texts": [
                                {
                                    "text": "Gather a bunch of sand, and pebbles, and leaves, and seed to make a Bolus, and the best Bolus wins!",
                                    "additionPosX": 0,
                                    "additionPoxY": 0,
                                    "additionPosZ": 0,
                                    "additionRotX": 0,
                                    "additionRotY": 0,
                                    "additionRotZ": 0,
                                    "additionFontSize": 0,
                                    "outlineColorCode": "#000000",
                                    "outlineWidth": 0.20000000298023224
                                }
                            ],
                            "positionX": -700,
                            "positionY": 570,
                            "positionZ": 0,
                            "rotationX": 0,
                            "rotationY": 0,
                            "rotationZ": 0,
                            "textAlignment": 513,
                            "fontSize": 45,
                            "colorCode": "#19e5e6",
                            "startDelay": 1,
                            "textSpeedMultiplier": 0,
                            "isImmediate": false
                        },
                        {
                            "texts": [
                                {
                                    "text": "I wanna play a Bolus making game!",
                                    "additionPosX": 0,
                                    "additionPoxY": 0,
                                    "additionPosZ": 0,
                                    "additionRotX": 0,
                                    "additionRotY": 0,
                                    "additionRotZ": 0,
                                    "additionFontSize": 0,
                                    "outlineColorCode": "#000000",
                                    "outlineWidth": 0.10000000149011612
                                }
                            ],
                            "positionX": -450,
                            "positionY": 200,
                            "positionZ": 0,
                            "rotationX": 0,
                            "rotationY": 0,
                            "rotationZ": -90,
                            "textAlignment": 513,
                            "fontSize": 50,
                            "colorCode": "#19e5e6",
                            "startDelay": 0,
                            "textSpeedMultiplier": 0,
                            "isImmediate": false
                        }
                    ],
                    "textsEffects": [
                        {
                            "index": 0,
                            "shakeDelay": 0.10000000149011612,
                            "shakeDuration": 0.05000000074505806,
                            "shakePositionX": 2,
                            "shakePositionY": -2,
                            "shakeEase": 25,
                            "shakeLoopType": 1,
                            "rotationShake": 0,
                            "rotationShakeDelay": 0,
                            "rotationShakeDuration": 0,
                            "rotationShakeEase": 0,
                            "rotationShakeLoopType": 0,
                            "scale": 0,
                            "scaleDelay": 0,
                            "scaleDuration": 0,
                            "scaleEase": 0,
                            "scaleLoopType": 0
                        },
                        {
                            "index": 1,
                            "shakeDelay": 0.10000000149011612,
                            "shakeDuration": 0.05000000074505806,
                            "shakePositionX": 2,
                            "shakePositionY": -2,
                            "shakeEase": 25,
                            "shakeLoopType": 1,
                            "rotationShake": 0,
                            "rotationShakeDelay": 0,
                            "rotationShakeDuration": 0,
                            "rotationShakeEase": 0,
                            "rotationShakeLoopType": 0,
                            "scale": 0,
                            "scaleDelay": 0,
                            "scaleDuration": 0,
                            "scaleEase": 0,
                            "scaleLoopType": 0
                        },
                        {
                            "index": 2,
                            "shakeDelay": 0.10000000149011612,
                            "shakeDuration": 0.05000000074505806,
                            "shakePositionX": 2,
                            "shakePositionY": -2,
                            "shakeEase": 25,
                            "shakeLoopType": 1,
                            "rotationShake": 0,
                            "rotationShakeDelay": 0,
                            "rotationShakeDuration": 0,
                            "rotationShakeEase": 0,
                            "rotationShakeLoopType": 0,
                            "scale": 0,
                            "scaleDelay": 0,
                            "scaleDuration": 0,
                            "scaleEase": 0,
                            "scaleLoopType": 0
                        }
                    ],
                    "glitch": {
                        "isOn": false
                    },
                    "vignetteSlice": 0,
                    "isBlackScreen": false,
                    "isAutoNext": false,
                    "autoNextDuration": 0,
                    "mainTextColor": "",
                    "mainTextGlowColor": "",
                    "mainTextScale": 0,
                    "mainTextBackFadeDuration": 0,
                    "mainTextStartAlpha": 0,
                    "mainTextEndAlpha": 0,
                    "mainTextLoopCount": 0
                }
            ]
        },
        {
            "id": "S833I32",
            "effects": [
                {
                    "id": 4,
                    "background": {
                        "colorCode": "#00000000"
                    },
                    "mainText": "",
                    "subText": "",
                    "texts": [
                        {
                            "texts": [
                                {
                                    "text": "Bro...ther... I'm... sorry... I should've listened... to you...",
                                    "additionPosX": 0,
                                    "additionPoxY": 0,
                                    "additionPosZ": 0,
                                    "additionRotX": 0,
                                    "additionRotY": 0,
                                    "additionRotZ": 0,
                                    "additionFontSize": 0,
                                    "outlineColorCode": "#000000",
                                    "outlineWidth": 0.20000000298023224
                                }
                            ],
                            "positionX": -600,
                            "positionY": 570,
                            "positionZ": 0,
                            "rotationX": 0,
                            "rotationY": 0,
                            "rotationZ": 0,
                            "textAlignment": 513,
                            "fontSize": 80,
                            "colorCode": "#19e5e6",
                            "startDelay": 0,
                            "textSpeedMultiplier": 0,
                            "isImmediate": false
                        },
                        {
                            "texts": [
                                {
                                    "text": "But I was just so... envious...",
                                    "additionPosX": 0,
                                    "additionPoxY": 0,
                                    "additionPosZ": 0,
                                    "additionRotX": 0,
                                    "additionRotY": 0,
                                    "additionRotZ": 0,
                                    "additionFontSize": 0,
                                    "outlineColorCode": "#000000",
                                    "outlineWidth": 0.10000000149011612
                                }
                            ],
                            "positionX": -450,
                            "positionY": 200,
                            "positionZ": 0,
                            "rotationX": 0,
                            "rotationY": 0,
                            "rotationZ": -90,
                            "textAlignment": 513,
                            "fontSize": 60,
                            "colorCode": "#19e5e6",
                            "startDelay": 1,
                            "textSpeedMultiplier": 0,
                            "isImmediate": false
                        },
                        {
                            "texts": [
                                {
                                    "text": "I just wanted to know… what they were gonna show here...",
                                    "additionPosX": 0,
                                    "additionPoxY": 0,
                                    "additionPosZ": 0,
                                    "additionRotX": 0,
                                    "additionRotY": 0,
                                    "additionRotZ": 0,
                                    "additionFontSize": 0,
                                    "outlineColorCode": "#000000",
                                    "outlineWidth": 0.10000000149011612
                                }
                            ],
                            "positionX": 150,
                            "positionY": -150,
                            "positionZ": 0,
                            "rotationX": 0,
                            "rotationY": 0,
                            "rotationZ": 25,
                            "textAlignment": 513,
                            "fontSize": 60,
                            "colorCode": "#19e5e6",
                            "startDelay": 1.5,
                            "textSpeedMultiplier": 0,
                            "isImmediate": false
                        }
                    ],
                    "textsEffects": [
                        {
                            "index": 0,
                            "shakeDelay": 0.10000000149011612,
                            "shakeDuration": 0.05000000074505806,
                            "shakePositionX": 2,
                            "shakePositionY": -2,
                            "shakeEase": 25,
                            "shakeLoopType": 1,
                            "rotationShake": 0,
                            "rotationShakeDelay": 0,
                            "rotationShakeDuration": 0,
                            "rotationShakeEase": 0,
                            "rotationShakeLoopType": 0,
                            "scale": 0,
                            "scaleDelay": 0,
                            "scaleDuration": 0,
                            "scaleEase": 0,
                            "scaleLoopType": 0
                        },
                        {
                            "index": 1,
                            "shakeDelay": 0.10000000149011612,
                            "shakeDuration": 0.05000000074505806,
                            "shakePositionX": 2,
                            "shakePositionY": -2,
                            "shakeEase": 25,
                            "shakeLoopType": 1,
                            "rotationShake": 0,
                            "rotationShakeDelay": 0,
                            "rotationShakeDuration": 0,
                            "rotationShakeEase": 0,
                            "rotationShakeLoopType": 0,
                            "scale": 0,
                            "scaleDelay": 0,
                            "scaleDuration": 0,
                            "scaleEase": 0,
                            "scaleLoopType": 0
                        },
                        {
                            "index": 2,
                            "shakeDelay": 0.10000000149011612,
                            "shakeDuration": 0.05000000074505806,
                            "shakePositionX": 2,
                            "shakePositionY": -2,
                            "shakeEase": 25,
                            "shakeLoopType": 1,
                            "rotationShake": 0,
                            "rotationShakeDelay": 0,
                            "rotationShakeDuration": 0,
                            "rotationShakeEase": 0,
                            "rotationShakeLoopType": 0,
                            "scale": 0,
                            "scaleDelay": 0,
                            "scaleDuration": 0,
                            "scaleEase": 0,
                            "scaleLoopType": 0
                        }
                    ],
                    "glitch": {
                        "isOn": false
                    },
                    "vignetteSlice": 0,
                    "isBlackScreen": false,
                    "isAutoNext": false,
                    "autoNextDuration": 0,
                    "mainTextColor": "",
                    "mainTextGlowColor": "",
                    "mainTextScale": 0,
                    "mainTextBackFadeDuration": 0,
                    "mainTextStartAlpha": 0,
                    "mainTextEndAlpha": 0,
                    "mainTextLoopCount": 0
                }
            ]
        },
        {
            "id": "S833I4",
            "effects": [
                {
                    "id": 3,
                    "background": {
                        "colorCode": "#00000000"
                    },
                    "mainText": "",
                    "subText": "",
                    "texts": [
                        {
                            "texts": [
                                {
                                    "text": "Come, little Baoyu.",
                                    "additionPosX": 0,
                                    "additionPoxY": 0,
                                    "additionPosZ": 0,
                                    "additionRotX": 0,
                                    "additionRotY": 0,
                                    "additionRotZ": 0,
                                    "additionFontSize": 0,
                                    "outlineColorCode": "#982620",
                                    "outlineWidth": 0.20000000298023224
                                }
                            ],
                            "positionX": -800,
                            "positionY": 450,
                            "positionZ": 0,
                            "rotationX": 0,
                            "rotationY": 0,
                            "rotationZ": 15,
                            "textAlignment": 513,
                            "fontSize": 70,
                            "colorCode": "#2e80d2",
                            "startDelay": 0,
                            "textSpeedMultiplier": 0,
                            "isImmediate": false
                        },
                        {
                            "texts": [
                                {
                                    "text": "It is time for you to visit the elders.",
                                    "additionPosX": 0,
                                    "additionPoxY": 0,
                                    "additionPosZ": 0,
                                    "additionRotX": 0,
                                    "additionRotY": 0,
                                    "additionRotZ": 0,
                                    "additionFontSize": 0,
                                    "outlineColorCode": "#982620",
                                    "outlineWidth": 0.20000000298023224
                                }
                            ],
                            "positionX": -800,
                            "positionY": -50,
                            "positionZ": 0,
                            "rotationX": 0,
                            "rotationY": 0,
                            "rotationZ": -35,
                            "textAlignment": 513,
                            "fontSize": 35,
                            "colorCode": "#2e80d2",
                            "startDelay": 0.5,
                            "textSpeedMultiplier": 2,
                            "isImmediate": false
                        },
                        {
                            "texts": [
                                {
                                    "text": "The revered Xianren await us.",
                                    "additionPosX": 0,
                                    "additionPoxY": 0,
                                    "additionPosZ": 0,
                                    "additionRotX": 0,
                                    "additionRotY": 0,
                                    "additionRotZ": 0,
                                    "additionFontSize": 0,
                                    "outlineColorCode": "#982620",
                                    "outlineWidth": 0.20000000298023224
                                }
                            ],
                            "positionX": 650,
                            "positionY": 350,
                            "positionZ": 0,
                            "rotationX": 0,
                            "rotationY": 0,
                            "rotationZ": -86,
                            "textAlignment": 513,
                            "fontSize": 60,
                            "colorCode": "#2e80d2",
                            "startDelay": 1.2000000476837158,
                            "textSpeedMultiplier": 1.2000000476837158,
                            "isImmediate": false
                        },
                        {
                            "texts": [
                                {
                                    "text": "The revered Xianren await your arrival...",
                                    "additionPosX": 0,
                                    "additionPoxY": 0,
                                    "additionPosZ": 0,
                                    "additionRotX": 0,
                                    "additionRotY": 0,
                                    "additionRotZ": 0,
                                    "additionFontSize": 0,
                                    "outlineColorCode": "#982620",
                                    "outlineWidth": 0.20000000298023224
                                }
                            ],
                            "positionX": 50,
                            "positionY": -300,
                            "positionZ": 0,
                            "rotationX": 0,
                            "rotationY": 0,
                            "rotationZ": 0,
                            "textAlignment": 513,
                            "fontSize": 60,
                            "colorCode": "#2e80d2",
                            "startDelay": 2,
                            "textSpeedMultiplier": 2,
                            "isImmediate": false
                        }
                    ],
                    "textsEffects": [],
                    "glitch": {
                        "isOn": false
                    },
                    "vignetteSlice": 0,
                    "isBlackScreen": false,
                    "isAutoNext": false,
                    "autoNextDuration": 0,
                    "mainTextColor": "",
                    "mainTextGlowColor": "",
                    "mainTextScale": 0,
                    "mainTextBackFadeDuration": 0,
                    "mainTextStartAlpha": 0,
                    "mainTextEndAlpha": 0,
                    "mainTextLoopCount": 0
                }
            ]
        },
        {
            "id": "S833I42",
            "effects": [
                {
                    "id": 3,
                    "background": {
                        "colorCode": "#00000000"
                    },
                    "mainText": "",
                    "subText": "",
                    "texts": [
                        {
                            "texts": [
                                {
                                    "text": "Come, little Baoyu.",
                                    "additionPosX": 0,
                                    "additionPoxY": 0,
                                    "additionPosZ": 0,
                                    "additionRotX": 0,
                                    "additionRotY": 0,
                                    "additionRotZ": 0,
                                    "additionFontSize": 0,
                                    "outlineColorCode": "#982620",
                                    "outlineWidth": 0.20000000298023224
                                }
                            ],
                            "positionX": -800,
                            "positionY": 450,
                            "positionZ": 0,
                            "rotationX": 0,
                            "rotationY": 0,
                            "rotationZ": 15,
                            "textAlignment": 513,
                            "fontSize": 70,
                            "colorCode": "#2e80d2",
                            "startDelay": 0,
                            "textSpeedMultiplier": 0,
                            "isImmediate": true
                        },
                        {
                            "texts": [
                                {
                                    "text": "It is time for you to visit the elders.",
                                    "additionPosX": 0,
                                    "additionPoxY": 0,
                                    "additionPosZ": 0,
                                    "additionRotX": 0,
                                    "additionRotY": 0,
                                    "additionRotZ": 0,
                                    "additionFontSize": 0,
                                    "outlineColorCode": "#982620",
                                    "outlineWidth": 0.20000000298023224
                                }
                            ],
                            "positionX": -800,
                            "positionY": -50,
                            "positionZ": 0,
                            "rotationX": 0,
                            "rotationY": 0,
                            "rotationZ": -35,
                            "textAlignment": 513,
                            "fontSize": 35,
                            "colorCode": "#2e80d2",
                            "startDelay": 0,
                            "textSpeedMultiplier": 2,
                            "isImmediate": true
                        },
                        {
                            "texts": [
                                {
                                    "text": "The revered Xianren await us.",
                                    "additionPosX": 0,
                                    "additionPoxY": 0,
                                    "additionPosZ": 0,
                                    "additionRotX": 0,
                                    "additionRotY": 0,
                                    "additionRotZ": 0,
                                    "additionFontSize": 0,
                                    "outlineColorCode": "#982620",
                                    "outlineWidth": 0.20000000298023224
                                }
                            ],
                            "positionX": 650,
                            "positionY": 350,
                            "positionZ": 0,
                            "rotationX": 0,
                            "rotationY": 0,
                            "rotationZ": -86,
                            "textAlignment": 513,
                            "fontSize": 60,
                            "colorCode": "#2e80d2",
                            "startDelay": 0,
                            "textSpeedMultiplier": 1.2000000476837158,
                            "isImmediate": true
                        },
                        {
                            "texts": [
                                {
                                    "text": "The revered Xianren await your arrival...",
                                    "additionPosX": 0,
                                    "additionPoxY": 0,
                                    "additionPosZ": 0,
                                    "additionRotX": 0,
                                    "additionRotY": 0,
                                    "additionRotZ": 0,
                                    "additionFontSize": 0,
                                    "outlineColorCode": "#982620",
                                    "outlineWidth": 0.20000000298023224
                                }
                            ],
                            "positionX": 50,
                            "positionY": -300,
                            "positionZ": 0,
                            "rotationX": 0,
                            "rotationY": 0,
                            "rotationZ": 0,
                            "textAlignment": 513,
                            "fontSize": 60,
                            "colorCode": "#2e80d2",
                            "startDelay": 0,
                            "textSpeedMultiplier": 2,
                            "isImmediate": true
                        },
                        {
                            "texts": [
                                {
                                    "text": "<b>It cannot be helped, young master.</b>",
                                    "additionPosX": 0,
                                    "additionPoxY": 0,
                                    "additionPosZ": 0,
                                    "additionRotX": 0,
                                    "additionRotY": 0,
                                    "additionRotZ": 0,
                                    "additionFontSize": 0,
                                    "outlineColorCode": "#982620",
                                    "outlineWidth": 0.20000000298023224
                                }
                            ],
                            "positionX": -150,
                            "positionY": 570,
                            "positionZ": 0,
                            "rotationX": 0,
                            "rotationY": 0,
                            "rotationZ": 0,
                            "textAlignment": 513,
                            "fontSize": 60,
                            "colorCode": "#2e80d2",
                            "startDelay": 0,
                            "textSpeedMultiplier": 2,
                            "isImmediate": false
                        },
                        {
                            "texts": [
                                {
                                    "text": "The prudent option would be to witness it all in silence.",
                                    "additionPosX": 0,
                                    "additionPoxY": 0,
                                    "additionPosZ": 0,
                                    "additionRotX": 0,
                                    "additionRotY": 0,
                                    "additionRotZ": 0,
                                    "additionFontSize": 0,
                                    "outlineColorCode": "#982620",
                                    "outlineWidth": 0.30000001192092896
                                }
                            ],
                            "positionX": -300,
                            "positionY": -200,
                            "positionZ": 0,
                            "rotationX": 0,
                            "rotationY": 0,
                            "rotationZ": 35,
                            "textAlignment": 513,
                            "fontSize": 60,
                            "colorCode": "#2e80d2",
                            "startDelay": 1.2000000476837158,
                            "textSpeedMultiplier": 1.5,
                            "isImmediate": false
                        }
                    ],
                    "textsEffects": [],
                    "glitch": {
                        "isOn": false
                    },
                    "vignetteSlice": 0,
                    "isBlackScreen": false,
                    "isAutoNext": false,
                    "autoNextDuration": 0,
                    "mainTextColor": "",
                    "mainTextGlowColor": "",
                    "mainTextScale": 0,
                    "mainTextBackFadeDuration": 0,
                    "mainTextStartAlpha": 0,
                    "mainTextEndAlpha": 0,
                    "mainTextLoopCount": 0
                }
            ]
        },
        {
            "id": "S833I5",
            "effects": [
                {
                    "id": 2,
                    "background": {
                        "colorCode": "#00000000"
                    },
                    "mainText": "",
                    "subText": "",
                    "texts": [
                        {
                            "texts": [
                                {
                                    "text": "You... never should have said that. To me.",
                                    "additionPosX": 0,
                                    "additionPoxY": 0,
                                    "additionPosZ": 0,
                                    "additionRotX": 0,
                                    "additionRotY": 0,
                                    "additionRotZ": 0,
                                    "additionFontSize": 0,
                                    "outlineColorCode": "#ffffff",
                                    "outlineWidth": 0.10000000149011612
                                }
                            ],
                            "positionX": 150,
                            "positionY": -250,
                            "positionZ": 0,
                            "rotationX": 0,
                            "rotationY": 0,
                            "rotationZ": 0,
                            "textAlignment": 513,
                            "fontSize": 50,
                            "colorCode": "#d84a49",
                            "startDelay": 0,
                            "textSpeedMultiplier": 0,
                            "isImmediate": false
                        },
                        {
                            "texts": [
                                {
                                    "text": "... I won't be visiting you ever, ever again.",
                                    "additionPosX": 0,
                                    "additionPoxY": 0,
                                    "additionPosZ": 0,
                                    "additionRotX": 0,
                                    "additionRotY": 0,
                                    "additionRotZ": 0,
                                    "additionFontSize": 0,
                                    "outlineColorCode": "#ffffff",
                                    "outlineWidth": 0.10000000149011612
                                }
                            ],
                            "positionX": -650,
                            "positionY": 450,
                            "positionZ": 0,
                            "rotationX": 0,
                            "rotationY": 0,
                            "rotationZ": 0,
                            "textAlignment": 513,
                            "fontSize": 35,
                            "colorCode": "#d84a49",
                            "startDelay": 0.5,
                            "textSpeedMultiplier": 1,
                            "isImmediate": false
                        }
                    ],
                    "textsEffects": [],
                    "glitch": {
                        "isOn": false
                    },
                    "vignetteSlice": 0,
                    "isBlackScreen": false,
                    "isAutoNext": false,
                    "autoNextDuration": 0,
                    "mainTextColor": "",
                    "mainTextGlowColor": "",
                    "mainTextScale": 0,
                    "mainTextBackFadeDuration": 0,
                    "mainTextStartAlpha": 0,
                    "mainTextEndAlpha": 0,
                    "mainTextLoopCount": 0
                }
            ]
        },
        {
            "id": "S833I52",
            "effects": [
                {
                    "id": 2,
                    "background": {
                        "colorCode": "#00000000"
                    },
                    "mainText": "",
                    "subText": "",
                    "texts": [
                        {
                            "texts": [
                                {
                                    "text": "You... never should have said that. To me.",
                                    "additionPosX": 0,
                                    "additionPoxY": 0,
                                    "additionPosZ": 0,
                                    "additionRotX": 0,
                                    "additionRotY": 0,
                                    "additionRotZ": 0,
                                    "additionFontSize": 0,
                                    "outlineColorCode": "#ffffff",
                                    "outlineWidth": 0.10000000149011612
                                }
                            ],
                            "positionX": 150,
                            "positionY": -250,
                            "positionZ": 0,
                            "rotationX": 0,
                            "rotationY": 0,
                            "rotationZ": 0,
                            "textAlignment": 513,
                            "fontSize": 50,
                            "colorCode": "#d84a49",
                            "startDelay": 0,
                            "textSpeedMultiplier": 0,
                            "isImmediate": true
                        },
                        {
                            "texts": [
                                {
                                    "text": "... I won't be visiting you ever, ever again.",
                                    "additionPosX": 0,
                                    "additionPoxY": 0,
                                    "additionPosZ": 0,
                                    "additionRotX": 0,
                                    "additionRotY": 0,
                                    "additionRotZ": 0,
                                    "additionFontSize": 0,
                                    "outlineColorCode": "#ffffff",
                                    "outlineWidth": 0.10000000149011612
                                }
                            ],
                            "positionX": -650,
                            "positionY": 450,
                            "positionZ": 0,
                            "rotationX": 0,
                            "rotationY": 0,
                            "rotationZ": 0,
                            "textAlignment": 513,
                            "fontSize": 35,
                            "colorCode": "#d84a49",
                            "startDelay": 0,
                            "textSpeedMultiplier": 1,
                            "isImmediate": true
                        },
                        {
                            "texts": [
                                {
                                    "text": "I... I didn't have to die yesterday...",
                                    "additionPosX": 0,
                                    "additionPoxY": 0,
                                    "additionPosZ": 0,
                                    "additionRotX": 0,
                                    "additionRotY": 0,
                                    "additionRotZ": 0,
                                    "additionFontSize": 0,
                                    "outlineColorCode": "#ffffff",
                                    "outlineWidth": 0.10000000149011612
                                },
                                {
                                    "text": "If you'd just helped me.",
                                    "additionPosX": 0,
                                    "additionPoxY": 0,
                                    "additionPosZ": 0,
                                    "additionRotX": 0,
                                    "additionRotY": 0,
                                    "additionRotZ": 0,
                                    "additionFontSize": 0,
                                    "outlineColorCode": "#ffffff",
                                    "outlineWidth": 0.10000000149011612
                                }
                            ],
                            "positionX": -300,
                            "positionY": -150,
                            "positionZ": 0,
                            "rotationX": 0,
                            "rotationY": 0,
                            "rotationZ": 90,
                            "textAlignment": 513,
                            "fontSize": 55,
                            "colorCode": "#d84a49",
                            "startDelay": 0,
                            "textSpeedMultiplier": 0,
                            "isImmediate": false
                        },
                        {
                            "texts": [
                                {
                                    "text": "Do you have any idea how much it hurts when they chop off your neck?",
                                    "additionPosX": 0,
                                    "additionPoxY": 0,
                                    "additionPosZ": 0,
                                    "additionRotX": 0,
                                    "additionRotY": 0,
                                    "additionRotZ": 0,
                                    "additionFontSize": 0,
                                    "outlineColorCode": "#ffffff",
                                    "outlineWidth": 0.10000000149011612
                                },
                                {
                                    "text": "It hurts. It really, really hurts, but you can't even scream.",
                                    "additionPosX": 0,
                                    "additionPoxY": 0,
                                    "additionPosZ": 0,
                                    "additionRotX": 0,
                                    "additionRotY": 0,
                                    "additionRotZ": 0,
                                    "additionFontSize": 0,
                                    "outlineColorCode": "#ffffff",
                                    "outlineWidth": 0.10000000149011612
                                },
                                {
                                    "text": "... I wish for nothing but the worst sufferings in what's left of your miserable life.",
                                    "additionPosX": 0,
                                    "additionPoxY": 0,
                                    "additionPosZ": 0,
                                    "additionRotX": 0,
                                    "additionRotY": 0,
                                    "additionRotZ": 0,
                                    "additionFontSize": 0,
                                    "outlineColorCode": "#ffffff",
                                    "outlineWidth": 0.10000000149011612
                                }
                            ],
                            "positionX": -50,
                            "positionY": 150,
                            "positionZ": 0,
                            "rotationX": 0,
                            "rotationY": 0,
                            "rotationZ": 20,
                            "textAlignment": 513,
                            "fontSize": 40,
                            "colorCode": "#d84a49",
                            "startDelay": 0.800000011920929,
                            "textSpeedMultiplier": 1.5,
                            "isImmediate": false
                        }
                    ],
                    "textsEffects": [
                        {
                            "index": 2,
                            "shakeDelay": 0.10000000149011612,
                            "shakeDuration": 0.05000000074505806,
                            "shakePositionX": 2,
                            "shakePositionY": -2,
                            "shakeEase": 25,
                            "shakeLoopType": 1,
                            "rotationShake": 0,
                            "rotationShakeDelay": 0,
                            "rotationShakeDuration": 0,
                            "rotationShakeEase": 0,
                            "rotationShakeLoopType": 0,
                            "scale": 0,
                            "scaleDelay": 0,
                            "scaleDuration": 0,
                            "scaleEase": 0,
                            "scaleLoopType": 0
                        },
                        {
                            "index": 3,
                            "shakeDelay": 0.10000000149011612,
                            "shakeDuration": 0.05000000074505806,
                            "shakePositionX": 2,
                            "shakePositionY": -2,
                            "shakeEase": 25,
                            "shakeLoopType": 1,
                            "rotationShake": 0,
                            "rotationShakeDelay": 0,
                            "rotationShakeDuration": 0,
                            "rotationShakeEase": 0,
                            "rotationShakeLoopType": 0,
                            "scale": 0,
                            "scaleDelay": 0,
                            "scaleDuration": 0,
                            "scaleEase": 0,
                            "scaleLoopType": 0
                        }
                    ],
                    "glitch": {
                        "isOn": false
                    },
                    "vignetteSlice": 0,
                    "isBlackScreen": false,
                    "isAutoNext": false,
                    "autoNextDuration": 0,
                    "mainTextColor": "",
                    "mainTextGlowColor": "",
                    "mainTextScale": 0,
                    "mainTextBackFadeDuration": 0,
                    "mainTextStartAlpha": 0,
                    "mainTextEndAlpha": 0,
                    "mainTextLoopCount": 0
                }
            ]
        },
        {
            "id": "S833I53",
            "effects": [
                {
                    "id": 2,
                    "background": {
                        "colorCode": "#00000000"
                    },
                    "mainText": "",
                    "subText": "",
                    "texts": [
                        {
                            "texts": [
                                {
                                    "text": "You... never should have said that. To me.",
                                    "additionPosX": 0,
                                    "additionPoxY": 0,
                                    "additionPosZ": 0,
                                    "additionRotX": 0,
                                    "additionRotY": 0,
                                    "additionRotZ": 0,
                                    "additionFontSize": 0,
                                    "outlineColorCode": "#ffffff",
                                    "outlineWidth": 0.10000000149011612
                                }
                            ],
                            "positionX": 150,
                            "positionY": -250,
                            "positionZ": 0,
                            "rotationX": 0,
                            "rotationY": 0,
                            "rotationZ": 0,
                            "textAlignment": 513,
                            "fontSize": 50,
                            "colorCode": "#d84a49",
                            "startDelay": 0,
                            "textSpeedMultiplier": 0,
                            "isImmediate": true
                        },
                        {
                            "texts": [
                                {
                                    "text": "... I won't be visiting you ever, ever again.",
                                    "additionPosX": 0,
                                    "additionPoxY": 0,
                                    "additionPosZ": 0,
                                    "additionRotX": 0,
                                    "additionRotY": 0,
                                    "additionRotZ": 0,
                                    "additionFontSize": 0,
                                    "outlineColorCode": "#ffffff",
                                    "outlineWidth": 0.10000000149011612
                                }
                            ],
                            "positionX": -650,
                            "positionY": 450,
                            "positionZ": 0,
                            "rotationX": 0,
                            "rotationY": 0,
                            "rotationZ": 0,
                            "textAlignment": 513,
                            "fontSize": 35,
                            "colorCode": "#d84a49",
                            "startDelay": 0,
                            "textSpeedMultiplier": 1,
                            "isImmediate": true
                        },
                        {
                            "texts": [
                                {
                                    "text": "If you'd just helped me.",
                                    "additionPosX": 0,
                                    "additionPoxY": 0,
                                    "additionPosZ": 0,
                                    "additionRotX": 0,
                                    "additionRotY": 0,
                                    "additionRotZ": 0,
                                    "additionFontSize": 0,
                                    "outlineColorCode": "#ffffff",
                                    "outlineWidth": 0.10000000149011612
                                }
                            ],
                            "positionX": -300,
                            "positionY": -150,
                            "positionZ": 0,
                            "rotationX": 0,
                            "rotationY": 0,
                            "rotationZ": 90,
                            "textAlignment": 513,
                            "fontSize": 55,
                            "colorCode": "#d84a49",
                            "startDelay": 0,
                            "textSpeedMultiplier": 0,
                            "isImmediate": true
                        },
                        {
                            "texts": [
                                {
                                    "text": "... I wish for nothing but the worst sufferings in what's left of your miserable life.",
                                    "additionPosX": 0,
                                    "additionPoxY": 0,
                                    "additionPosZ": 0,
                                    "additionRotX": 0,
                                    "additionRotY": 0,
                                    "additionRotZ": 0,
                                    "additionFontSize": 0,
                                    "outlineColorCode": "#ffffff",
                                    "outlineWidth": 0.10000000149011612
                                }
                            ],
                            "positionX": -50,
                            "positionY": 150,
                            "positionZ": 0,
                            "rotationX": 0,
                            "rotationY": 0,
                            "rotationZ": 20,
                            "textAlignment": 513,
                            "fontSize": 40,
                            "colorCode": "#d84a49",
                            "startDelay": 0,
                            "textSpeedMultiplier": 1.5,
                            "isImmediate": true
                        },
                        {
                            "texts": [
                                {
                                    "text": "Baoyu, grandma and mother tell me that...",
                                    "additionPosX": 0,
                                    "additionPoxY": 0,
                                    "additionPosZ": 0,
                                    "additionRotX": 0,
                                    "additionRotY": 0,
                                    "additionRotZ": 0,
                                    "additionFontSize": 0,
                                    "outlineColorCode": "#ffffff",
                                    "outlineWidth": 0.10000000149011612
                                },
                                {
                                    "text": "...there are no other woman in Daguanyuan who can possibly hope to match up to you... other than me.",
                                    "additionPosX": 0,
                                    "additionPoxY": 0,
                                    "additionPosZ": 0,
                                    "additionRotX": 0,
                                    "additionRotY": 0,
                                    "additionRotZ": 0,
                                    "additionFontSize": 0,
                                    "outlineColorCode": "",
                                    "outlineWidth": 0
                                }
                            ],
                            "positionX": -550,
                            "positionY": 600,
                            "positionZ": 0,
                            "rotationX": 0,
                            "rotationY": 0,
                            "rotationZ": 0,
                            "textAlignment": 513,
                            "fontSize": 38,
                            "colorCode": "#d84a49",
                            "startDelay": 0,
                            "textSpeedMultiplier": 0,
                            "isImmediate": false
                        },
                        {
                            "texts": [
                                {
                                    "text": "We'll see only the pleasant sights, eat only the best food out there, and enjoy the beautiful luxuries life has to offer.",
                                    "additionPosX": 0,
                                    "additionPoxY": 0,
                                    "additionPosZ": 0,
                                    "additionRotX": 0,
                                    "additionRotY": 0,
                                    "additionRotZ": 0,
                                    "additionFontSize": 0,
                                    "outlineColorCode": "#ffffff",
                                    "outlineWidth": 0.10000000149011612
                                }
                            ],
                            "positionX": 1000,
                            "positionY": 350,
                            "positionZ": 0,
                            "rotationX": 0,
                            "rotationY": 0,
                            "rotationZ": -90,
                            "textAlignment": 513,
                            "fontSize": 20,
                            "colorCode": "#d84a49",
                            "startDelay": 0,
                            "textSpeedMultiplier": 0,
                            "isImmediate": false
                        },
                        {
                            "texts": [
                                {
                                    "text": "Aren't you excited?",
                                    "additionPosX": 0,
                                    "additionPoxY": 0,
                                    "additionPosZ": 0,
                                    "additionRotX": 0,
                                    "additionRotY": 0,
                                    "additionRotZ": 0,
                                    "additionFontSize": 0,
                                    "outlineColorCode": "#000000",
                                    "outlineWidth": 0.20000000298023224
                                }
                            ],
                            "positionX": 100,
                            "positionY": 0,
                            "positionZ": 0,
                            "rotationX": 0,
                            "rotationY": 0,
                            "rotationZ": -180,
                            "textAlignment": 513,
                            "fontSize": 60,
                            "colorCode": "#d84a49",
                            "startDelay": 3,
                            "textSpeedMultiplier": 0.5,
                            "isImmediate": false
                        }
                    ],
                    "textsEffects": [
                        {
                            "index": 2,
                            "shakeDelay": 0.10000000149011612,
                            "shakeDuration": 0.05000000074505806,
                            "shakePositionX": 2,
                            "shakePositionY": -2,
                            "shakeEase": 25,
                            "shakeLoopType": 1,
                            "rotationShake": 0,
                            "rotationShakeDelay": 0,
                            "rotationShakeDuration": 0,
                            "rotationShakeEase": 0,
                            "rotationShakeLoopType": 0,
                            "scale": 0,
                            "scaleDelay": 0,
                            "scaleDuration": 0,
                            "scaleEase": 0,
                            "scaleLoopType": 0
                        },
                        {
                            "index": 3,
                            "shakeDelay": 0.10000000149011612,
                            "shakeDuration": 0.05000000074505806,
                            "shakePositionX": 2,
                            "shakePositionY": -2,
                            "shakeEase": 25,
                            "shakeLoopType": 1,
                            "rotationShake": 0,
                            "rotationShakeDelay": 0,
                            "rotationShakeDuration": 0,
                            "rotationShakeEase": 0,
                            "rotationShakeLoopType": 0,
                            "scale": 0,
                            "scaleDelay": 0,
                            "scaleDuration": 0,
                            "scaleEase": 0,
                            "scaleLoopType": 0
                        }
                    ],
                    "glitch": {
                        "isOn": false
                    },
                    "vignetteSlice": 0,
                    "isBlackScreen": false,
                    "isAutoNext": false,
                    "autoNextDuration": 0,
                    "mainTextColor": "",
                    "mainTextGlowColor": "",
                    "mainTextScale": 0,
                    "mainTextBackFadeDuration": 0,
                    "mainTextStartAlpha": 0,
                    "mainTextEndAlpha": 0,
                    "mainTextLoopCount": 0
                }
            ]
        },
        {
            "id": "S833I54",
            "effects": [
                {
                    "id": 2,
                    "background": {
                        "colorCode": "#00000000"
                    },
                    "mainText": "",
                    "subText": "",
                    "texts": [
                        {
                            "texts": [
                                {
                                    "text": "You... never should have said that. To me.",
                                    "additionPosX": 0,
                                    "additionPoxY": 0,
                                    "additionPosZ": 0,
                                    "additionRotX": 0,
                                    "additionRotY": 0,
                                    "additionRotZ": 0,
                                    "additionFontSize": 0,
                                    "outlineColorCode": "#ffffff",
                                    "outlineWidth": 0.10000000149011612
                                }
                            ],
                            "positionX": 150,
                            "positionY": -250,
                            "positionZ": 0,
                            "rotationX": 0,
                            "rotationY": 0,
                            "rotationZ": 0,
                            "textAlignment": 513,
                            "fontSize": 50,
                            "colorCode": "#d84a49",
                            "startDelay": 0,
                            "textSpeedMultiplier": 0,
                            "isImmediate": true
                        },
                        {
                            "texts": [
                                {
                                    "text": "... I won't be visiting you ever, ever again.",
                                    "additionPosX": 0,
                                    "additionPoxY": 0,
                                    "additionPosZ": 0,
                                    "additionRotX": 0,
                                    "additionRotY": 0,
                                    "additionRotZ": 0,
                                    "additionFontSize": 0,
                                    "outlineColorCode": "#ffffff",
                                    "outlineWidth": 0.10000000149011612
                                }
                            ],
                            "positionX": -650,
                            "positionY": 450,
                            "positionZ": 0,
                            "rotationX": 0,
                            "rotationY": 0,
                            "rotationZ": 0,
                            "textAlignment": 513,
                            "fontSize": 35,
                            "colorCode": "#d84a49",
                            "startDelay": 0,
                            "textSpeedMultiplier": 1,
                            "isImmediate": true
                        },
                        {
                            "texts": [
                                {
                                    "text": "If you'd just helped me.",
                                    "additionPosX": 0,
                                    "additionPoxY": 0,
                                    "additionPosZ": 0,
                                    "additionRotX": 0,
                                    "additionRotY": 0,
                                    "additionRotZ": 0,
                                    "additionFontSize": 0,
                                    "outlineColorCode": "#ffffff",
                                    "outlineWidth": 0.10000000149011612
                                }
                            ],
                            "positionX": -300,
                            "positionY": -150,
                            "positionZ": 0,
                            "rotationX": 0,
                            "rotationY": 0,
                            "rotationZ": 90,
                            "textAlignment": 513,
                            "fontSize": 55,
                            "colorCode": "#d84a49",
                            "startDelay": 0,
                            "textSpeedMultiplier": 0,
                            "isImmediate": true
                        },
                        {
                            "texts": [
                                {
                                    "text": "... I wish for nothing but the worst sufferings in what's left of your miserable life.",
                                    "additionPosX": 0,
                                    "additionPoxY": 0,
                                    "additionPosZ": 0,
                                    "additionRotX": 0,
                                    "additionRotY": 0,
                                    "additionRotZ": 0,
                                    "additionFontSize": 0,
                                    "outlineColorCode": "#ffffff",
                                    "outlineWidth": 0.10000000149011612
                                }
                            ],
                            "positionX": 400,
                            "positionY": 250,
                            "positionZ": 0,
                            "rotationX": 0,
                            "rotationY": 0,
                            "rotationZ": 15,
                            "textAlignment": 513,
                            "fontSize": 40,
                            "colorCode": "#d84a49",
                            "startDelay": 0,
                            "textSpeedMultiplier": 1.5,
                            "isImmediate": true
                        },
                        {
                            "texts": [
                                {
                                    "text": "...there are no other woman in Daguanyuan who can possibly hope to match up to you... other than me.",
                                    "additionPosX": 0,
                                    "additionPoxY": 0,
                                    "additionPosZ": 0,
                                    "additionRotX": 0,
                                    "additionRotY": 0,
                                    "additionRotZ": 0,
                                    "additionFontSize": 0,
                                    "outlineColorCode": "",
                                    "outlineWidth": 0
                                }
                            ],
                            "positionX": -550,
                            "positionY": 600,
                            "positionZ": 0,
                            "rotationX": 0,
                            "rotationY": 0,
                            "rotationZ": 0,
                            "textAlignment": 513,
                            "fontSize": 38,
                            "colorCode": "#d84a49",
                            "startDelay": 0,
                            "textSpeedMultiplier": 0,
                            "isImmediate": true
                        },
                        {
                            "texts": [
                                {
                                    "text": "We'll see only the pleasant sights, eat only the best food out there, and enjoy the beautiful luxuries life has to offer.",
                                    "additionPosX": 0,
                                    "additionPoxY": 0,
                                    "additionPosZ": 0,
                                    "additionRotX": 0,
                                    "additionRotY": 0,
                                    "additionRotZ": 0,
                                    "additionFontSize": 0,
                                    "outlineColorCode": "#ffffff",
                                    "outlineWidth": 0.10000000149011612
                                }
                            ],
                            "positionX": 1000,
                            "positionY": 350,
                            "positionZ": 0,
                            "rotationX": 0,
                            "rotationY": 0,
                            "rotationZ": -90,
                            "textAlignment": 513,
                            "fontSize": 20,
                            "colorCode": "#d84a49",
                            "startDelay": 0,
                            "textSpeedMultiplier": 0,
                            "isImmediate": true
                        },
                        {
                            "texts": [
                                {
                                    "text": "Aren't you excited?",
                                    "additionPosX": 0,
                                    "additionPoxY": 0,
                                    "additionPosZ": 0,
                                    "additionRotX": 0,
                                    "additionRotY": 0,
                                    "additionRotZ": 0,
                                    "additionFontSize": 0,
                                    "outlineColorCode": "#000000",
                                    "outlineWidth": 0.20000000298023224
                                }
                            ],
                            "positionX": 100,
                            "positionY": 0,
                            "positionZ": 0,
                            "rotationX": 0,
                            "rotationY": 0,
                            "rotationZ": -180,
                            "textAlignment": 513,
                            "fontSize": 60,
                            "colorCode": "#d84a49",
                            "startDelay": 0,
                            "textSpeedMultiplier": 0.5,
                            "isImmediate": true
                        },
                        {
                            "texts": [
                                {
                                    "text": "So now you'd rather isolate yourself in this room?",
                                    "additionPosX": 0,
                                    "additionPoxY": 0,
                                    "additionPosZ": 0,
                                    "additionRotX": 0,
                                    "additionRotY": 0,
                                    "additionRotZ": 0,
                                    "additionFontSize": 0,
                                    "outlineColorCode": "#ffffff",
                                    "outlineWidth": 0.10000000149011612
                                },
                                {
                                    "text": "I don't know what to do anymore. Whenever I see your smile, I...",
                                    "additionPosX": 0,
                                    "additionPoxY": 0,
                                    "additionPosZ": 0,
                                    "additionRotX": 0,
                                    "additionRotY": 0,
                                    "additionRotZ": 0,
                                    "additionFontSize": 0,
                                    "outlineColorCode": "#ffffff",
                                    "outlineWidth": 0.10000000149011612
                                }
                            ],
                            "positionX": -400,
                            "positionY": -200,
                            "positionZ": 0,
                            "rotationX": 0,
                            "rotationY": 0,
                            "rotationZ": 35,
                            "textAlignment": 513,
                            "fontSize": 56,
                            "colorCode": "#d84a49",
                            "startDelay": 0,
                            "textSpeedMultiplier": 1.5,
                            "isImmediate": false
                        },
                        {
                            "texts": [
                                {
                                    "text": "Whenever I see your smile, I...",
                                    "additionPosX": 0,
                                    "additionPoxY": 0,
                                    "additionPosZ": 0,
                                    "additionRotX": 0,
                                    "additionRotY": 0,
                                    "additionRotZ": 0,
                                    "additionFontSize": 0,
                                    "outlineColorCode": "#ffffff",
                                    "outlineWidth": 0.10000000149011612
                                },
                                {
                                    "text": "I find myself drawn to it… before I become so hateful of it that I never want to see it again.",
                                    "additionPosX": 0,
                                    "additionPoxY": 0,
                                    "additionPosZ": 0,
                                    "additionRotX": 0,
                                    "additionRotY": 0,
                                    "additionRotZ": 0,
                                    "additionFontSize": 0,
                                    "outlineColorCode": "#ffffff",
                                    "outlineWidth": 0.10000000149011612
                                }
                            ],
                            "positionX": -750,
                            "positionY": 250,
                            "positionZ": 0,
                            "rotationX": 0,
                            "rotationY": 0,
                            "rotationZ": -35,
                            "textAlignment": 513,
                            "fontSize": 40,
                            "colorCode": "#d84a49",
                            "startDelay": 1,
                            "textSpeedMultiplier": 0,
                            "isImmediate": false
                        }
                    ],
                    "textsEffects": [
                        {
                            "index": 2,
                            "shakeDelay": 0.10000000149011612,
                            "shakeDuration": 0.05000000074505806,
                            "shakePositionX": 2,
                            "shakePositionY": -2,
                            "shakeEase": 25,
                            "shakeLoopType": 1,
                            "rotationShake": 0,
                            "rotationShakeDelay": 0,
                            "rotationShakeDuration": 0,
                            "rotationShakeEase": 0,
                            "rotationShakeLoopType": 0,
                            "scale": 0,
                            "scaleDelay": 0,
                            "scaleDuration": 0,
                            "scaleEase": 0,
                            "scaleLoopType": 0
                        },
                        {
                            "index": 3,
                            "shakeDelay": 0.10000000149011612,
                            "shakeDuration": 0.05000000074505806,
                            "shakePositionX": 2,
                            "shakePositionY": -2,
                            "shakeEase": 25,
                            "shakeLoopType": 1,
                            "rotationShake": 0,
                            "rotationShakeDelay": 0,
                            "rotationShakeDuration": 0,
                            "rotationShakeEase": 0,
                            "rotationShakeLoopType": 0,
                            "scale": 0,
                            "scaleDelay": 0,
                            "scaleDuration": 0,
                            "scaleEase": 0,
                            "scaleLoopType": 0
                        }
                    ],
                    "glitch": {
                        "isOn": false
                    },
                    "vignetteSlice": 0,
                    "isBlackScreen": false,
                    "isAutoNext": false,
                    "autoNextDuration": 0,
                    "mainTextColor": "",
                    "mainTextGlowColor": "",
                    "mainTextScale": 0,
                    "mainTextBackFadeDuration": 0,
                    "mainTextStartAlpha": 0,
                    "mainTextEndAlpha": 0,
                    "mainTextLoopCount": 0
                }
            ]
        }
    ]
}