{
    "dataList": [
        {
            "id": "GetConfirmedObject",
            "content": "<color=#ebcaa2>{reward} Артефакт получен!</color>"
        },
        {
            "id": "GetConfirmedCoin",
            "content": "<color=#ebcaa2>{reward}: {stack} получен!</color>"
        },
        {
            "id": "LoseConfirmedCoin",
            "content": "<color=#ebcaa2>{reward}: {stack} проебан!</color>"
        },
        {
            "id": "DestroyObject",
            "content": "<color=#ebcaa2>{reward} Артефакт</color> <color=#e30000>проебан!</color>"
        },
        {
            "id": "GetConfirmedObjectOnWinBattle",
            "content": "<color=#ebcaa2>Выиграй битву чтобы получить {reward}. Или иди нахуй.</color>"
        },
        {
            "id": "HiddenGiftUnlockHiddenRoute",
            "content": "<color=#ebcaa2>На карте открылся новый путь.</color>"
        }
    ]
}