﻿{
  "dataList": [
    {
      "id": "coupon_InputField_block",
      "content": "Купонов не существует"
    },
    {
      "id": "coupon_InputField",
      "content": "Купонов не существует"
    },
    {
      "id": "coupon_popup_title",
      "content": "Купонов не существует"
    },
    {
      "id": "coupon_popup_desc",
      "content": "Купонов не существует"
    },
    {
      "id": "coupon_use_failed_2",
      "content": "Купонов не существует. Это миф."
    },
    {
      "id": "coupon_use_failed_3",
      "content": "Купонов не существует. Все купоны только у Рикардо."
    },
    {
      "id": "coupon_use_failed_4",
      "content": "Купонов не существует. Ты все еще не понял?"
    },
    {
      "id": "coupon_use_failed_5",
      "content": "Купонов не существует. Джихун не слишком-то щедрый, да?"
    },
    {
      "id": "coupon_use_failed_6",
      "content": "Купонов не существует. Вы будете забанены."
    },
    {
      "id": "coupon_use_failed_7",
      "content": "Купонов не существует. Попробуй вбить в это поле \"1488\"."
    },
    {
      "id": "coupon_InputField_block_desc",
      "content": "Купонов не существует. Смерть в нищите у тебя под дверью."
    },
    {
      "id": "coupon_use_failed_unknown",
      "content": "Купонов не существует. А потом... Тайлер изчез..."
    }
  ]
}