﻿{
  "dataList": [
    {
      "id": "cultivation_rewardShopButton",
      "content": "Обмен наград"
    },
    {
      "id": "cultivation_missionbutton_normal",
      "content": "Достижения"
    },
    {
      "id": "cultivation_missionbutton_not_clear",
      "content": "Пройди 8.5-3"
    },
    {
      "id": "cultivation_classbutton_normal",
      "content": "Начать прогрев"
    },
    {
      "id": "cultivation_classbutton_not_clear",
      "content": "Начни 8.5-4"
    },
    {
      "id": "cultivation_stagebutton_normal",
      "content": "Сюжет"
    },
    {
      "id": "cultivation_stagebutton_not_clear",
      "content": "ЕБАШЬ КАНТО 8"
    },
    {
      "id": "cultivation_stagebutton_end_event",
      "content": "Ивент закончился"
    },
    {
      "id": "cultivation_bonus_preview",
      "content": "Юниты с бонусом"
    },
    {
      "id": "cultivation_storybutton_before_start",
      "content": "Пройди 8.5-1"
    },
    {
      "id": "cultivation_storybutton_normal",
      "content": "В флешбеки"
    },
    {
      "id": "cultivation_bonus_popup_title",
      "content": "Юниты с бонусом"
    },
    {
      "id": "cultivation_bonusUI_Desc",
      "content": "В течение периода ивента, если в отряде будут размещены следующие Айди,\nувеличится количество получаемой валюты <color=#ffa7a7>[Представление к Чжи, Йон, Рэн]</color>.\nМаксимальный бонус к получаемой валюте ивента составляет <color=#ffa7a7>120%</color>."
    },
    {
      "id": "cultivation_scrap_guide_title",
      "content": "Гайд по валюте ивента"
    },
    {
      "id": "cultivation_rewardpage_desc",
      "content": "Во время ивента ты можешь получать <color=#ffa7a7>[Представление к Чжи, Йон, Рэн]</color>, проходя этапы ивента. Также их можно получить за первое прохождение этапов Основной Истории, за прохождение МД или за выполнение Достижений.\n\nРедко можно получить <color=#ffa7a7>[Точно не секретный свиток]</color>, проходя этапы ивента, Основной Истории или МД.\n<color=#ffa7a7>[Точно не секретный свиток]</color> автоматически конвертируется в 20 <color=#ffa7a7>[Представление к Чжи, Йон, Рэн]</color> при получении.\n\nВ окне <color=#ffa7a7>[Обмен наград]</color> можно приобрести различные награды, используя собранные <color=#ffa7a7>[Представление к Чжи, Йон, Рэн]</color>."
    },
    {
      "id": "cultivation_reward_popup_desc",
      "content": "Зарабатывай <color=#ffa7a7>[Представление к Чжи, Йон, Рэн]</color> следующими способами:\nпрохождение этапов ивента и подземелий, МД,\nдостижений, а также за первое прохождение этапов и подземелий Основной Истории.\n\nВ окне <color=#ffa7a7>[Обмен наград]</color> можно приобрести различные награды,\nиспользуя собранные <color=#ffa7a7>[Представление к Чжи, Йон, Рэн]</color>."
    },
    {
      "id": "cultivation_mission_reward_popup_desc",
      "content": "Выполняй различные достижения во время уроков, чтобы получить <color=#ffa7a7>[Представление к Чжи, Йон, Рэн]</color>.\n\nПосле окончания ивента новые достижения выполнять будет невозможно. Однако уже полученные награды останутся доступными для получения."
    },
    {
      "id": "ask_xichun_class_node_enter",
      "content": "Вернутся в кабинет\nи продолжить обучение?"
    },
    {
      "id": "not_playing_xichun_class_node",
      "content": "Уроки еще не начаты."
    },
    {
      "id": "not_playing_xichun_class_node_retry",
      "content": "Запусти 8.5-4 чтобы начать обучение снова."
    }
  ]
}