﻿{
  "dataList": [
    {
      "id": 10101,
      "stageList": [
        {
          "id": 12,
          "title": "Камера содержания отдела Контроля",
          "desc": "Первое впечатление о филиале корпорации «Лоботомия» просто отвратительно. Не в состоянии сказать и слова, мы уставились на тела с частями насекомых…"
        },
        {
          "id": 11,
          "title": "Камера содержания отдела Контроля",
          "desc": "Первое впечатление о филиале корпорации «Лоботомия» просто отвратительно. Не в состоянии сказать и слова, мы уставились на тела с частями насекомых…"
        },
        {
          "id": 10,
          "title": "Лобби отдела Контроля",
          "desc": "Первое впечатление о филиале корпорации «Лоботомия» просто отвратительно. Не в состоянии сказать и слова, мы уставились на тела с частями насекомых…"
        },
        {
          "id": 110,
          "title": "Комната ожидания для персонала",
          "desc": "В тёмном коридоре появляется тень. Она тихо наблюдает за нами. Становится ясно, что мы не будем рады встрече друг с другом."
        },
        {
          "id": 210,
          "title": "Линия обороны 23-7 — 11:00",
          "desc": "Первое, что мы увидели на следующем этаже — пол, усеянный личинками. Затем, вместе со вспышкой золотого света, нас встретило мутное небо и звон криков и выстрелов. Дрожащий голос Грегора дал мне понять, что это поле битвы."
        },
        {
          "id": 211,
          "title": "Линия обороны 23-7 — 11:00",
          "desc": "Первое, что мы увидели на следующем этаже — пол, усеянный личинками. Затем, вместе со вспышкой золотого света, нас встретило мутное небо и звон криков и выстрелов. Дрожащий голос Грегора дал мне понять, что это поле битвы."
        },
        {
          "id": 212,
          "title": "Линия обороны 23-7 — 11:00",
          "desc": "Первое, что мы увидели на следующем этаже — пол, усеянный личинками. Затем, вместе со вспышкой золотого света, нас встретило мутное небо и звон криков и выстрелов. Дрожащий голос Грегора дал мне понять, что это поле битвы."
        },
        {
          "id": 250,
          "title": "Линия обороны 23-7 — 13:00",
          "desc": "Молодой военный по имени Тома приветствует группу, словно впервые видит нас, и наше окружение становится всё менее и менее правдоподобным. Неужели Грегор видит своё прошлое именно так?"
        },
        {
          "id": 20,
          "title": "1-й коридор к камерам содержания",
          "desc": "Мы оказались сбиты с толку встречей с существами, на первый взгляд похожими на аномалий. Однако Юри, похоже, также была удивлена."
        },
        {
          "id": 30,
          "title": "2-й коридор к камерам содержания",
          "desc": "Продолжительные битвы ранили и утомляли грешников. Настал момент, когда мне нужно отмотать стрелки часов. Фауст искала подходящее место, где я мог бы это сделать."
        },
        {
          "id": 31,
          "title": "2-й коридор к камерам содержания",
          "desc": "Продолжительные битвы ранили и утомляли грешников. Настал момент, когда мне нужно отмотать стрелки часов. Фауст искала подходящее место, где я мог бы это сделать."
        },
        {
          "id": 40,
          "title": "Комната отдыха",
          "desc": "Продолжительные битвы ранили и утомляли грешников. Настал момент, когда мне нужно отмотать стрелки часов. Фауст искала подходящее место, где я мог бы это сделать."
        },
        {
          "id": 240,
          "title": "Линия обороны 23-7 — 13:00",
          "desc": "Молодой военный по имени Тома приветствует группу, словно впервые видит нас, и наше окружение становится всё менее и менее правдоподобным. Неужели Грегор видит своё прошлое именно так?"
        },
        {
          "id": 121,
          "title": "4-й коридор к камерам содержания",
          "desc": "В тёмном коридоре появляется тень. Она тихо наблюдает за нами. Становится ясно, что мы не будем рады встрече друг с другом."
        },
        {
          "id": 120,
          "title": "5-й коридор к камерам содержания",
          "desc": "\"Не иди дальше…\"\nНо, оставив предупреждение бывшего начальника Грегора позади, мы продолжили наш путь. И, словно наказывая нас за глупость, воздух начал наполняться едким запахом."
        },
        {
          "id": 130,
          "title": "Кафетерий",
          "desc": "Мы столкнулись с аномалией, что, скорее всего, натворила множество бед в этом филиале. По словам Юри, эти аномалии находились под строгим наблюдением и содержались благодаря сложным процедурам. Не хочу даже думать о том, что произошло после того, как этот филиал оказался замурован."
        },
        {
          "id": 140,
          "title": "Столовая",
          "desc": "Мы столкнулись с аномалией, что, скорее всего, натворила множество бед в этом филиале. По словам Юри, эти аномалии находились под строгим наблюдением и содержались благодаря сложным процедурам. Не хочу даже думать о том, что произошло после того, как этот филиал оказался замурован."
        },
        {
          "id": 50,
          "title": "Переход в Информационный отдел",
          "desc": "С помощью часов мы подлатали всех грешников, но дурное предчувствие в этом филиале лишь растёт. С надеждой, что мне лишь чудятся острые шипы, обвивающие коридоры, мы двинулись дальше."
        },
        {
          "id": 150,
          "title": "Ключевая камера содержания",
          "desc": "Мы столкнулись с аномалией, что, скорее всего, натворила множество бед в этом филиале. По словам Юри, эти аномалии находились под строгим наблюдением и содержались благодаря сложным процедурам. Не хочу даже думать о том, что произошло после того, как этот филиал оказался замурован."
        },
        {
          "id": 270,
          "title": "Линия обороны 23-7 — 15:36",
          "desc": "Гигантская ладонь из воспоминаний Грегора вернула нас обратно в камеру содержания. Прямо как война не кончается просто потому что ты сбежал с поля боя, у нас всё ещё есть шанс достать Золотую ветвь."
        },
        {
          "id": 241,
          "title": "Линия обороны 23-7 — 13:00",
          "desc": "Молодой военный по имени Тома приветствует группу, словно впервые видит нас, и наше окружение становится всё менее и менее правдоподобным. Неужели Грегор видит своё прошлое именно так?"
        },
        {
          "id": 242,
          "title": "Линия обороны 23-7 — 13:00",
          "desc": "Молодой военный по имени Тома приветствует группу, словно впервые видит нас, и наше окружение становится всё менее и менее правдоподобным. Неужели Грегор видит своё прошлое именно так?"
        },
        {
          "id": 100117,
          "title": "Линия обороны 23-7 — 11:00",
          "desc": "С помощью часов мы подлатали всех грешников, но дурное предчувствие в этом филиале лишь растёт. С надеждой, что мне лишь чудятся острые шипы, обвивающие коридоры, мы двинулись дальше."
        },
        {
          "id": 251,
          "title": "Линия обороны 23-7 — 15:36",
          "desc": "Молодой военный по имени Тома приветствует группу, словно впервые видит нас, и наше окружение становится всё менее и менее правдоподобным. Неужели Грегор видит своё прошлое именно так?"
        },
        {
          "id": 260,
          "title": "Линия обороны 23-7 — 15:36",
          "desc": "Молодой военный по имени Тома приветствует группу, словно впервые видит нас, и наше окружение становится всё менее и менее правдоподобным. Неужели Грегор видит своё прошлое именно так?"
        },
        {
          "id": 221,
          "title": "Линия обороны 23-7 — 13:00",
          "desc": "На поле битвы мы сражались с частично насекомовидными солдатами, что так были похожи на Грегора. Я не мог сказать, где это происходило и кем были наши враги, но я чувствовал, что всё это было создано влиянием Золотой ветви."
        },
        {
          "id": 220,
          "title": "Линия обороны 23-7 — 13:00",
          "desc": "На поле битвы мы сражались с частично насекомовидными солдатами, что так были похожи на Грегора. Я не мог сказать, где это происходило и кем были наши враги, но я чувствовал, что всё это было создано влиянием Золотой ветви."
        },
        {
          "id": 230,
          "title": "Линия обороны 23-7 — 13:00",
          "desc": "На поле битвы мы сражались с частично насекомовидными солдатами, что так были похожи на Грегора. Я не мог сказать, где это происходило и кем были наши враги, но я чувствовал, что всё это было создано влиянием Золотой ветви."
        },
        {
          "id": 0,
          "title": "Лобби отдела Контроля"
        },
        {
          "id": 100,
          "title": "Лобби Информационного отдела"
        },
        {
          "id": 200,
          "title": "Линия обороны 23-7 — 11:00"
        }
      ]
    }
  ]
}