﻿{
  "dataList": [
    {
      "id": 10301,
      "stageList": [
        {
          "id": 10,
          "title": "Вход в подвал",
          "desc": "Инквизиторы, окупировавшие этот филиал «Лоботомии», превратили в его в пыточную для протезированных, где кровожадно с ними расправляются. Жителям посёлка приходится терпеть эти пытки лишь потому, что они установили себе протезы."
        },
        {
          "id": 11,
          "title": "Вход в подвал",
          "desc": "Прямо напротив входа мы столкнулись с умирающей Сод. Никто не смог честно ответить на её вопрос о том, жив ли Эффи."
        },
        {
          "id": 12,
          "title": "Вход в подвал",
          "desc": "Инквизиторы, окупировавшие этот филиал «Лоботомии», превратили в его в пыточную для протезированных, где кровожадно с ними расправляются. Жителям посёлка приходится терпеть эти пытки лишь потому, что они установили себе протезы."
        },
        {
          "id": 20,
          "title": "Машинный зал",
          "desc": "Прямо напротив входа мы столкнулись с умирающей Сод. Никто не смог честно ответить на её вопрос о том, жив ли Эффи."
        },
        {
          "id": 21,
          "title": "Машинный зал",
          "desc": "Прямо напротив входа мы столкнулись с умирающей Сод. Никто не смог честно ответить на её вопрос о том, жив ли Эффи."
        },
        {
          "id": 22,
          "title": "Машинный зал",
          "desc": "Прямо напротив входа мы столкнулись с умирающей Сод. Никто не смог честно ответить на её вопрос о том, жив ли Эффи."
        },
        {
          "id": 30,
          "title": "Зона изоляции",
          "desc": "Гвидо преследовал нас с жутким упорством даже несмотря на череду уже прошедших битв. В конце концов, расправившись с ним и оставив Сод позади, мы двинулись дальше. Мрачные краски начали сгущаться, никто не смел проронить и слова."
        },
        {
          "id": 31,
          "title": "Врата №1",
          "desc": "Гвидо преследовал нас с жутким упорством даже несмотря на череду уже прошедших битв. В конце концов, расправившись с ним и оставив Сод позади, мы двинулись дальше. Мрачные краски начали сгущаться, никто не смел проронить и слова."
        },
        {
          "id": 32,
          "title": "Запечатанная дверь",
          "desc": "Я слышу, как кто-то скребёт по полу. Хотелось бы мне знать кто это, хотя часть меня понимает, что лучше бы мне это оставить неизведанным."
        },
        {
          "id": 33,
          "title": "Забытый проход",
          "desc": "Гвидо преследовал нас с жутким упорством даже несмотря на череду уже прошедших битв. В конце концов, расправившись с ним и оставив Сод позади, мы двинулись дальше. Мрачные краски начали сгущаться, никто не смел проронить и слова."
        },
        {
          "id": 40,
          "title": "Тюремная зона",
          "desc": "Сразив инквизиторов в коррозии, мы очистили свой путь к Золотой ветви."
        },
        {
          "id": 50,
          "title": "Блок сущностей в коррозии",
          "desc": "Я слышу, как кто-то скребёт по полу. Хотелось бы мне знать кто это, хотя часть меня понимает, что лучше бы мне это оставить неизведанным."
        },
        {
          "id": 51,
          "title": "Центр подготовки элитных солдат",
          "desc": "Я слышу, как кто-то скребёт по полу. Хотелось бы мне знать кто это, хотя часть меня понимает, что лучше бы мне это оставить неизведанным."
        },
        {
          "id": 52,
          "title": "Тюремная зона",
          "desc": "Сразив инквизиторов в коррозии, мы очистили свой путь к Золотой ветви."
        },
        {
          "id": 53,
          "title": "Старый склад",
          "desc": "Я слышу, как кто-то скребёт по полу. Хотелось бы мне знать кто это, хотя часть меня понимает, что лучше бы мне это оставить неизведанным."
        },
        {
          "id": 60,
          "title": "Зал пыток",
          "desc": "Я слышу, как кто-то скребёт по полу. Хотелось бы мне знать кто это, хотя часть меня понимает, что лучше бы мне это оставить неизведанным."
        },
        {
          "id": 61,
          "title": "Часовня",
          "desc": "Я слышу, как кто-то скребёт по полу. Хотелось бы мне знать кто это, хотя часть меня понимает, что лучше бы мне это оставить неизведанным."
        },
        {
          "id": 62,
          "title": "Закрытая зона",
          "desc": "Я слышу, как кто-то скребёт по полу. Хотелось бы мне знать кто это, хотя часть меня понимает, что лучше бы мне это оставить неизведанным."
        },
        {
          "id": 101,
          "title": "Подземные церковные коридоры",
          "desc": "Мы добрались до следующего этажа. Нас окружили орудия пыток, куски плоти и внутренности жителей посёлка, умирающих в агонии. Но, что хуже всего — периодически доносящийся издалека свист."
        },
        {
          "id": 102,
          "title": "Подземные церковные коридоры",
          "desc": "Мы добрались до следующего этажа. Нас окружили орудия пыток, куски плоти и внутренности жителей посёлка, умирающих в агонии. Но, что хуже всего — периодически доносящийся издалека свист."
        },
        {
          "id": 110,
          "title": "Закрытый молитвенный зал",
          "desc": "Мы добрались до следующего этажа. Нас окружили орудия пыток, куски плоти и внутренности жителей посёлка, умирающих в агонии. Но, что хуже всего — периодически доносящийся издалека свист."
        },
        {
          "id": 111,
          "title": "Подземные церковные коридоры",
          "desc": "Мы добрались до следующего этажа. Нас окружили орудия пыток, куски плоти и внутренности жителей посёлка, умирающих в агонии. Но, что хуже всего — периодически доносящийся издалека свист."
        },
        {
          "id": 120,
          "title": "Закрытый молитвенный зал",
          "desc": "Мы добрались до следующего этажа. Нас окружили орудия пыток, куски плоти и внутренности жителей посёлка, умирающих в агонии. Но, что хуже всего — периодически доносящийся издалека свист."
        },
        {
          "id": 121,
          "title": "Зал с эхом криков",
          "desc": "Мы добрались до следующего этажа. Нас окружили орудия пыток, куски плоти и внутренности жителей посёлка, умирающих в агонии. Но, что хуже всего — периодически доносящийся издалека свист."
        },
        {
          "id": 130,
          "title": "Врата №2",
          "desc": "Мы добрались до следующего этажа. Нас окружили орудия пыток, куски плоти и внутренности жителей посёлка, умирающих в агонии. Но, что хуже всего — периодически доносящийся издалека свист."
        },
        {
          "id": 140,
          "title": "Мост воспаления",
          "desc": "Мы добрались до следующего этажа. Нас окружили орудия пыток, куски плоти и внутренности жителей посёлка, умирающих в агонии. Но, что хуже всего — периодически доносящийся издалека свист."
        },
        {
          "id": 150,
          "title": "Подземная церковь",
          "desc": "Мы добрались до следующего этажа. Нас окружили орудия пыток, куски плоти и внутренности жителей посёлка, умирающих в агонии. Но, что хуже всего — периодически доносящийся издалека свист."
        },
        {
          "id": 151,
          "title": "Церковные врата",
          "desc": "Мы добрались до следующего этажа. Нас окружили орудия пыток, куски плоти и внутренности жителей посёлка, умирающих в агонии. Но, что хуже всего — периодически доносящийся издалека свист."
        },
        {
          "id": 152,
          "title": "Кафедра медитации",
          "desc": "Мы добрались до следующего этажа. Нас окружили орудия пыток, куски плоти и внутренности жителей посёлка, умирающих в агонии. Но, что хуже всего — периодически доносящийся издалека свист."
        },
        {
          "id": 152,
          "title": "Алтарь слёз",
          "desc": "Мы добрались до следующего этажа. Нас окружили орудия пыток, куски плоти и внутренности жителей посёлка, умирающих в агонии. Но, что хуже всего — периодически доносящийся издалека свист."
        },
        {
          "id": 160,
          "title": "Алтарь слёз",
          "desc": "Мы добрались до следующего этажа. Нас окружили орудия пыток, куски плоти и внутренности жителей посёлка, умирающих в агонии. Но, что хуже всего — периодически доносящийся издалека свист."
        },
        {
          "id": 161,
          "title": "Ризница",
          "desc": "Мы добрались до следующего этажа. Нас окружили орудия пыток, куски плоти и внутренности жителей посёлка, умирающих в агонии. Но, что хуже всего — периодически доносящийся издалека свист."
        },
        {
          "id": 162,
          "title": "Центральная зона",
          "desc": "Мы добрались до следующего этажа. Нас окружили орудия пыток, куски плоти и внутренности жителей посёлка, умирающих в агонии. Но, что хуже всего — периодически доносящийся издалека свист."
        },
        {
          "id": 163,
          "title": "Врата алтаря",
          "desc": "Мы добрались до следующего этажа. Нас окружили орудия пыток, куски плоти и внутренности жителей посёлка, умирающих в агонии. Но, что хуже всего — периодически доносящийся издалека свист."
        },
        {
          "id": 164,
          "title": "Алтарь покаяния",
          "desc": "Мы добрались до следующего этажа. Нас окружили орудия пыток, куски плоти и внутренности жителей посёлка, умирающих в агонии. Но, что хуже всего — периодически доносящийся издалека свист."
        },
        {
          "id": 170,
          "title": "Очиститель",
          "desc": "Мы добрались до следующего этажа. Нас окружили орудия пыток, куски плоти и внутренности жителей посёлка, умирающих в агонии. Но, что хуже всего — периодически доносящийся издалека свист."
        },
        {
          "id": 180,
          "title": "Подземная церковь",
          "desc": "Мы добрались до следующего этажа. Нас окружили орудия пыток, куски плоти и внутренности жителей посёлка, умирающих в агонии. Но, что хуже всего — периодически доносящийся издалека свист."
        },
        {
          "id": 181,
          "title": "Врата №3",
          "desc": "Мы добрались до следующего этажа. Нас окружили орудия пыток, куски плоти и внутренности жителей посёлка, умирающих в агонии. Но, что хуже всего — периодически доносящийся издалека свист."
        },
        {
          "id": 182,
          "title": "Подземная церковь",
          "desc": "Мы добрались до следующего этажа. Нас окружили орудия пыток, куски плоти и внутренности жителей посёлка, умирающих в агонии. Но, что хуже всего — периодически доносящийся издалека свист."
        },
        {
          "id": 190,
          "title": "Праведный суд",
          "desc": "Мы добрались до следующего этажа. Нас окружили орудия пыток, куски плоти и внутренности жителей посёлка, умирающих в агонии. Но, что хуже всего — периодически доносящийся издалека свист."
        },
        {
          "id": 1100,
          "title": "Путь к Святой земле",
          "desc": "Мы добрались до следующего этажа. Нас окружили орудия пыток, куски плоти и внутренности жителей посёлка, умирающих в агонии. Но, что хуже всего — периодически доносящийся издалека свист."
        },
        {
          "id": 210,
          "title": "Ритуальная площадь",
          "desc": "Благодаря влиянию Золотой ветви пространство преобразилось в бескрайние горы трупов. Мы застали инквизиторов прямо в разгаре молитвы."
        },
        {
          "id": 220,
          "title": "Ритуальная площадь",
          "desc": "Со школьным звонком, знакомым одним и чуждым другим, мы заглянули в прошлое Синклера. Он сидит в шумном классе, окружённый болтающими учениками."
        },
        {
          "id": 230,
          "title": "Ритуальная площадь",
          "desc": "Со школьным звонком, знакомым одним и чуждым другим, мы заглянули в прошлое Синклера. Он сидит в шумном классе, окружённый болтающими учениками."
        },
        {
          "id": 240,
          "title": "Ритуальная площадь",
          "desc": "Со школьным звонком, знакомым одним и чуждым другим, мы заглянули в прошлое Синклера. Он сидит в шумном классе, окружённый болтающими учениками."
        },
        {
          "id": 250,
          "title": "Ритуальная площадь",
          "desc": "Со школьным звонком, знакомым одним и чуждым другим, мы заглянули в прошлое Синклера. Он сидит в шумном классе, окружённый болтающими учениками."
        },
        {
          "id": 260,
          "title": "Ритуальная площадь",
          "desc": "Со школьным звонком, знакомым одним и чуждым другим, мы заглянули в прошлое Синклера. Он сидит в шумном классе, окружённый болтающими учениками."
        },
        {
          "id": 270,
          "title": "Ритуальная площадь",
          "desc": "Со школьным звонком, знакомым одним и чуждым другим, мы заглянули в прошлое Синклера. Он сидит в шумном классе, окружённый болтающими учениками."
        },
        {
          "id": 280,
          "title": "Ритуальная площадь",
          "desc": "Воспоминания о руинах разрушенной жизни Синклера подошли к концу. Лишь Кромер, не скрывая своего удовольствия, неудержимо хохотала."
        },
        {
          "id": 290,
          "title": "Ритуальная площадь",
          "desc": "Воспоминания о руинах разрушенной жизни Синклера подошли к концу. Лишь Кромер, не скрывая своего удовольствия, неудержимо хохотала."
        },
        {
          "id": 2100,
          "title": "Гора трупов",
          "desc": "Воспоминания о руинах разрушенной жизни Синклера подошли к концу. Лишь Кромер, не скрывая своего удовольствия, неудержимо хохотала."
        },
        {
          "id": 0,
          "title": "Вход в подвал"
        },
        {
          "id": 100,
          "title": "Вход в подземную часовню"
        },
        {
          "id": 200,
          "title": "Вход на ритуальную площадь"
        }
      ]
    }
  ]
}