﻿{
  "dataList": [
    {
      "id": "dungeon_1_1_0101",
      "content": "Камера содержания\nотдела Контроля"
    },
    {
      "id": "dungeon_1_1_0102",
      "content": "Лобби отдела Контроля"
    },
    {
      "id": "dungeon_1_1_0103",
      "content": "1-й коридор к\nкамерам содержания"
    },
    {
      "id": "dungeon_1_1_0104",
      "content": "2-й коридор к\nкамерам содержания"
    },
    {
      "id": "dungeon_1_1_0105",
      "content": "3-й коридор к\nкамерам содержания"
    },
    {
      "id": "dungeon_1_1_0106",
      "content": "Комната отдыха"
    },
    {
      "id": "dungeon_1_1_0107",
      "content": "Переход в\nИнформационный отдел"
    },
    {
      "id": "dungeon_1_1_0201",
      "content": "Лобби\nИнформационного отдела"
    },
    {
      "id": "dungeon_1_1_0202",
      "content": "Комната отдыха\nдля персонала"
    },
    {
      "id": "dungeon_1_1_0203",
      "content": "4-й коридор к\nкамерам содержания"
    },
    {
      "id": "dungeon_1_1_0204",
      "content": "5-й коридор к\nкамерам содержания"
    },
    {
      "id": "dungeon_1_1_0205",
      "content": "Кафетерий"
    },
    {
      "id": "dungeon_1_1_0206",
      "content": "Простой переход"
    },
    {
      "id": "dungeon_1_1_0207",
      "content": "Ключевая\nкамера содержания"
    },
    {
      "id": "dungeon_1_1_0301",
      "content": "Центральный фронт\nДымной войны"
    },
    {
      "id": "dungeon_1_1_0302",
      "content": "Линия обороны 23-7\n11:00"
    },
    {
      "id": "dungeon_1_1_0303",
      "content": "Ключевой\nплацдарм"
    },
    {
      "id": "dungeon_1_1_0304",
      "content": "Линия обороны 23-7\n13:00"
    },
    {
      "id": "dungeon_1_1_0305",
      "content": "Линия обороны 23-7\n15:36"
    }
  ]
}