{
  "dataList": [
    {
      "id": 2061,
      "name": "Мiнетка",
      "desc": "Хон Лу наносит на 0.5% больше урона за каждую имеющуюся монету.\n\n<i><color=#a16a3b><margin=2em>Артефакты, используемые для второго раунда Оценки на пост Главы Семьи. Кандидаты, у которых этих монет не осталось, либо их отобрали силой, будут немедленно исключены.</color></i>",
      "simpleDesc": [
        {
          "abilityID": 2061,
          "simpleDesc": "Хон Лу наносит на 0.5% больше урона за каждую имеющуюся монету."
        }
      ]
    },
    {
      "id": 2062,
      "name": "Старая сберкнижка",
      "desc": "Сломанная и потрепанная ключ-карта.\n\nВозможно, она может открыть какую-нибудь дверь."
    },
    {
      "id": 2063,
      "name": "Очень дорогой Дирол",
      "desc": "В конце хода союзник с наименьшей SP восстанавливает 10 SP.",
      "simpleDesc": [
        {
          "abilityID": 2063,
          "simpleDesc": "В конце хода союзник с наименьшей SP восстанавливает 10 SP."
        }
      ]
    },
    {
      "id": 2064,
      "name": "Дирол со вкусом клубники",
      "desc": "В конце хода восстанавливает 5% HP союзнику с наименьшим процентом HP. (Округляется вниз)",
      "simpleDesc": [
        {
          "abilityID": 2064,
          "simpleDesc": "Восстанавливает 5% HP."
        }
      ]
    },
    {
      "id": 2065,
      "name": "Дирол со вкусом арбуза",
      "desc": "Конец хода: между союзниками, которые теряли HP, один из них с наименьши процентом HP наносит на (Процент потерянных HP / 4)% больше урона в течение хода. (Округляется вниз)",
      "simpleDesc": [
        {
          "abilityID": 2065,
          "simpleDesc": "Терявшие HP союзники наносят на (Процент потерянных HP / 4)% больше урона"
        }
      ]
    },
    {
      "id": 2066,
      "name": "Дирол со вкусом мяты",
      "desc": "Начало хода: союзник с наибольшими максимальными HP получает <sprite name=\"DefenseUp\"><color=#f8c200><u><link=\"DefenseUp\">Повышения уровня защиты</link></u></color> в количестве полученных от атакующих навыков противников ударов. (До 6)",
      "simpleDesc": [
        {
          "abilityID": 2066,
          "simpleDesc": "Дает <sprite name=\"DefenseUp\"><color=#f8c200><u><link=\"DefenseUp\">Повышения уровня защиты</link></u></color>"
        }
      ]
    },
    {
      "id": 2067,
      "name": "Картина Австрийского Художника",
      "desc": "Начало каждого хода: наносит 3 <sprite name=\"Burst\"><color=#e30000><u><link=\"Burst\">Зеленки</link></u></color> и повышает его счетчик на 1 всем противникам или частям без <sprite name=\"Burst\"><color=#e30000><u><link=\"Burst\">Зеленки</link></u></color>.\n\n<i><color=#a16a3b>Как бессердечны они — их плавное веяние, их увядающее цветение.</color></i>",
      "simpleDesc": [
        {
          "abilityID": 2067,
          "simpleDesc": "Наносит <sprite name=\"Burst\"><color=#e30000><u><link=\"Burst\">Зеленки</link></u></color> всем противникам"
        }
      ]
    },
    {
      "id": 2068,
      "name": "Вид на жительство",
      "desc": "Начало первого хода битвы: все союзники на поле боя теряют 5 SP и получают 1 <sprite name=\"ShamrockResultUp\"><color=#f8c200><u><link=\"ShamrockResultUp\">Повышение силы Чревоугодия</link></u></color> с 1 <sprite name=\"ShamrockDamageUp\"><color=#f8c200><u><link=\"ShamrockDamageUp\">Повышением урона Чревоугодием</link></u></color> на 3 хода.",
      "simpleDesc": [
        {
          "abilityID": 2068,
          "simpleDesc": "Дает 1 <sprite name=\"ShamrockResultUp\"><color=#f8c200><u><link=\"ShamrockResultUp\">Повышение силы Чревоугодия</link></u></color> и 1 <sprite name=\"ShamrockDamageUp\"><color=#f8c200><u><link=\"ShamrockDamageUp\">Повышение урона Чревоугодием</link></u></color> на 3 хода взамен на SP"
        }
      ]
    },
    {
      "id": 2069,
      "name": "Женский вид на жительство",
      "desc": "Начало первого хода битвы: все союзники на поле боя теряют 5 SP и получают 1 <sprite name=\"ShamrockResultUp\"><color=#f8c200><u><link=\"ShamrockResultUp\">Повышение силы Чревоугодия</link></u></color> с 1 <sprite name=\"ShamrockDamageUp\"><color=#f8c200><u><link=\"ShamrockDamageUp\">Повышением урона Чревоугодием</link></u></color> на всю оставшуюся битву.\n\nПри поражении в столкновении союзник теряет 5 SP, но последняя монета использованного навыка становится <sprite name=\"SuperCoin\"><color=#9f6a3a><u><link=\"SuperCoin\">Вечной</link></u></color>. (Единожды за ход на идентичность; за исключением ЭГО навыков)",
      "simpleDesc": [
        {
          "abilityID": 2069,
          "simpleDesc": "Дает 1 <sprite name=\"ShamrockResultUp\"><color=#f8c200><u><link=\"ShamrockResultUp\">Повышение силы Чревоугодия</link></u></color> и 1 <sprite name=\"ShamrockDamageUp\"><color=#f8c200><u><link=\"ShamrockDamageUp\">Повышение урона Чревоугодием</link></u></color> на 3 хода взамен на SP"
        },
        {
          "abilityID": 20691,
          "simpleDesc": "При поражении в столкновении последняя монета навыка становится <sprite name=\"SuperCoin\"><color=#9f6a3a><u><link=\"SuperCoin\">Вечной</link></u></color> взмен на SP"
        }
      ]
    },
    {
      "id": 2070,
      "name": "Протекшая жижа для вейпа",
      "desc": "При ударе по противнику с 5 и более <sprite name=\"Burst\"><color=#e30000><u><link=\"Burst\">Зеленкеи</link></u></color> дает 1 <sprite name=\"Breath\"><color=#f8c200><u><link=\"Breath\">Дыхание</link></u></color> и повышает его счетчик на 1. (До 3 раз за навык)\n\n<i><color=#a16a3b>Как бессердечны они — их плавное веяние, их увядающее цветение.</color></i>",
      "simpleDesc": [
        {
          "abilityID": 2070,
          "simpleDesc": "Дает <sprite name=\"Breath\"><color=#f8c200><u><link=\"Breath\">Дыхание</link></u></color> при ударе по противникам с 5 и более <sprite name=\"Burst\"><color=#e30000><u><link=\"Burst\">Зеленкеи</link></u></color>"
        }
      ]
    },
    {
      "id": 2071,
      "name": "Волосня",
      "desc": "Навыки, которые наносят Зеленка, получают +1 к Силе в столкновении и наносят на 10% больше урона.\n\nЕсли противник с 15 и более Зеленкеи убит после атаки, убивший его союзник получает 2 <sprite name=\"AttackUp\"><color=#f8c200><u><link=\"AttackUp\">Повышения уровня атаки</link></u></color> на следующий ход. (До 3 раз за навык)\n\n<i><color=#a16a3b>Подле ледяной луны упокоила я душу цветков.</color></i>",
      "simpleDesc": [
        {
          "abilityID": 2071,
          "simpleDesc": "Навыки, наносящие Зеленка, получают +1 к Силе в столкновении и наносят на 10% больше урона"
        },
        {
          "abilityID": 20712,
          "simpleDesc": "Дает 2 <sprite name=\"AttackUp\"><color=#f8c200><u><link=\"AttackUp\">Повышения уровня атаки</link></u></color> на следующий ход"
        }
      ]
    },
    {
      "id": 2072,
      "name": "Топор для казни бабушек",
      "desc": "Дает союзнику 1 силу <sprite name=\"Charge\"><color=#f8c200><u><link=\"Charge\">Солей</link></u></color> каждый раз, как он тратит 10-ую единицу счетчика <sprite name=\"Charge\"><color=#f8c200><u><link=\"Charge\">Солей</link></u></color>.\n\nКонец хода: при силе Солей 2 и более дает 1 <sprite name=\"ParryingResultUp\"><color=#f8c200><u><link=\"ParryingResultUp\">Повышение силы в столкновении</link></u></color> на следующий ход.\n\nНаносит 1 <sprite name=\"Burst\"><color=#e30000><u><link=\"Burst\">Зеленка</link></u></color> при попадании навыками, которые потратили 5 и более единиц счетчика <sprite name=\"Charge\"><color=#f8c200><u><link=\"Charge\">Солей</link></u></color>. (До 3 раз за навык)",
      "simpleDesc": [
        {
          "abilityID": 2072,
          "simpleDesc": "Дает 1 силу <sprite name=\"Charge\"><color=#f8c200><u><link=\"Charge\">Солей</link></u></color> каждый раз при трате 10-ой единицы счетчика <sprite name=\"Charge\"><color=#f8c200><u><link=\"Charge\">Солей</link></u></color>"
        },
        {
          "abilityID": 20721,
          "simpleDesc": "Дает 1 <sprite name=\"ParryingResultUp\"><color=#f8c200><u><link=\"ParryingResultUp\">Повышение силы в столкновении</link></u></color> при силе <sprite name=\"Charge\"><color=#f8c200><u><link=\"Charge\">Солей</link></u></color> 2 и более"
        },
        {
          "abilityID": 20722,
          "simpleDesc": "Наносит 1 <sprite name=\"Burst\"><color=#e30000><u><link=\"Burst\">Зеленка</link></u></color>"
        }
      ]
    },
    {
      "id": 2073,
      "name": "Большой социальный кредит",
      "desc": "Навыки с грехом Чревоугодия наносят на 10% больше урона противникам с наложенными Смертными ритуалами.\n\nВ начале боевой фазы: последняя монета используемого навыка союзников с -15 SP и ниже становится <sprite name=\"SuperCoin\"><color=#9f6a3a><u><link=\"SuperCoin\">Вечной</link></u></color>. (Единожды за ход на идентичность; в приоритете навыки в самом левом слоте навыков; ЭГО навыки не учитываются)",
      "simpleDesc": [
        {
          "abilityID": 2073,
          "simpleDesc": "Навыки с грехом Чревоугодия наносят на 10% больше урона целям с наложенными Смертными ритуалами"
        },
        {
          "abilityID": 20731,
          "simpleDesc": "При SP -15 и ниже последняя монета навыка становится <sprite name=\"SuperCoin\"><color=#9f6a3a><u><link=\"SuperCoin\">Вечной</link></u></color>."
        }
      ]
    },
    {
      "id": 2074,
      "name": "Индийский ножик",
      "desc": "Сила в столкновении +1, если HP не максимальны.\nКогда союзники с этим эффектом наносят удар, на 1% больше урона за каждую единицу в сумме силы и счетчика <sprite name=\"Laceration\"><color=#e30000><u><link=\"Laceration\">Кетчупа</link></u></color> цели. (До 20%)",
      "simpleDesc": [
        {
          "abilityID": 2074,
          "simpleDesc": "Сила в столкновении +1 при неполных HP"
        },
        {
          "abilityID": 20741,
          "simpleDesc": "На 1% больше урона за каждую единицу в сумме силы и счетчика <sprite name=\"Laceration\"><color=#e30000><u><link=\"Laceration\">Кетчупа</link></u></color> цели при неполных HP"
        }
      ]
    },
    {
      "id": 2075,
      "name": "Дирол со вкусом говна",
      "desc": "Когда союзник получает урон, в следующем ходе его Итоговая сила навыков повышается на 1 и урон так же повышается на 10%. (Активируется так же при получении урона от своих же эффектов)\n\nПри получении смертельного урона восстанавливает союзнику 50% HP, после чего он получает 2 <sprite name=\"Enhancement\"><color=#f8c200><u><link=\"Enhancement\">Повышения силы атаки</link></u></color> до конца битвы. (Единожды за битву)",
      "simpleDesc": [
        {
          "abilityID": 2075,
          "simpleDesc": "Итоговая сила +1 и на 10% больше урона в следующем ходе"
        },
        {
          "abilityID": 20751,
          "simpleDesc": "Восстанавливает 50% HP и дает 2 <sprite name=\"Enhancement\"><color=#f8c200><u><link=\"Enhancement\">Повышения силы атаки</link></u></color> до конца битвы"
        }
      ]
    },
    {
      "id": 2076,
      "name": "Флаг ЧВК Вагнер",
      "desc": "[Эффекты активируются для #1 и #8 Выбранных Идентичностей]\nЕсли противник убит после атаки, дает 2 <sprite name=\"Breath\"><color=#f8c200><u><link=\"Breath\">Дыхания</link></u></color> и повышает его счетчик на 2.\n\nПовышает уровень атаки на 1 до конца битвы за каждого побежденного после атаки противника. (До 3)",
      "simpleDesc": [
        {
          "abilityID": 2076,
          "simpleDesc": "Дает 2 <sprite name=\"Breath\"><color=#f8c200><u><link=\"Breath\">Дыхания</link></u></color> повышает его счетчик на 2"
        },
        {
          "abilityID": 20761,
          "simpleDesc": "Уровень атаки +1 за каждого убитого противника"
        }
      ]
    },
    {
      "id": 2077,
      "name": "Щит от фурри",
      "desc": "Дает запасной идентичности 1 <sprite name=\"ParryingResultUp\"><color=#f8c200><u><link=\"ParryingResultUp\">Повышение силы в столкновении</link></u></color> на 3 хода после ее входа в битву.",
      "simpleDesc": [
        {
          "abilityID": 20771,
          "simpleDesc": "Дает 1 <sprite name=\"ParryingResultUp\"><color=#f8c200><u><link=\"ParryingResultUp\">Повышение силы в столкновении</link></u></color> на 3 хода"
        }
      ]
    },
    {
      "id": 2078,
      "name": "Мемориал о геноциде",
      "desc": "Уровень Хон Лу поднимается до 55.\nУровни Связи Хон Лу поднимаются до 4.\n\n<i><color=#a16a3b>'Продолжайте помнить день, когда Семья Кун, что навлекла на себя эту катастрофу своими тяжкими прегрешениями, потерпела крах.\nНарушение законов Хунъюаня не является трагедией, но и не заслуживает жалости. Лишь презрение и уничижение должно следовать за этим.\nЭто историческое место стоит как памятник неизбежности кармы.'</color></i>"
    },
    {
      "id": 2079,
      "name": "Красный диплом",
      "desc": "Сломанная и потрепанная красная входная карта.\n\nВозможно, она может открыть какую-нибудь дверь."
    }
  ]
}