﻿{
  "dataList": [
    {
      "id": 2047,
      "name": "Разбитая мечта",
      "desc": "При получении этого Дара Э.Г.О, вы получите следующие эффекты:\n• Уровень Дон Кихот повышается до 50\n• Уровень Связи и Cвязь ЭГО Дон Кихот повышаются до 4\n(Если Уровень айдишки или Уровень связи выше указанных значений, то сохраняются текущие значения.)",
      "simpleDesc": [
        {
          "abilityID": 2047,
          "simpleDesc": "Уровень Дон Кихот повышается до 50"
        },
        {
          "abilityID": 204701,
          "simpleDesc": "Уровень связи и Уровень ЭГО Дон Кихот повышаются до 4"
        }
      ]
    },
    {
      "id": 2048,
      "name": "Билет на весь день в Ла-Манчалэнд",
      "desc": "При попадании по целям с 10+ (Сумма <sprite name=\"Laceration\"><color=#e30000><u><link=\"Laceration\">Кетчупа</link></u></color>, Особого Кетчупа и <sprite name=\"Burst\"><color=#e30000><u><link=\"Burst\">Зеленки</link></u></color>): дает 1 <sprite name=\"Breath\"><color=#f8c200><u><link=\"Breath\">Кумар</link></u></color> и повышает его счетчик на 1. (Дважды за навык)",
      "simpleDesc": [
        {
          "abilityID": 2048,
          "simpleDesc": "При попадании по целям с 10+ (Сумма <sprite name=\"Laceration\"><color=#e30000><u><link=\"Laceration\">Кетчупа</link></u></color>, Особого Кетчупа и <sprite name=\"Burst\"><color=#e30000><u><link=\"Burst\">Зеленки</link></u></color>): дает 1 <sprite name=\"Breath\"><color=#f8c200><u><link=\"Breath\">Кумар</link></u></color> и повышает его счетчик на 1 (Трижды за навык)"
        }
      ]
    },
    {
      "id": 2049,
      "name": "Стандартный билет в Ла-Манчалэнд",
      "desc": "Начало первого хода столкновения: все союзники получают 4 силы и счетчика <sprite name=\"Laceration\"><color=#e30000><u><link=\"Laceration\">Кетчупа</link></u></color>.",
      "simpleDesc": [
        {
          "abilityID": 2049,
          "simpleDesc": "Начало первого хода столкновения: все союзники получают 4 потенциала и счетчика <sprite name=\"Laceration\"><color=#e30000><u><link=\"Laceration\">Кетчупа</link></u></color>."
        }
      ]
    },
    {
      "id": 2050,
      "name": "Победный жетон",
      "desc": "При убийстве противника, союзник с наименьшей SP восстанавливает 8 SP.\n\nПосле атаки: если противник с 10+ (Сумма <sprite name=\"Laceration\"><color=#e30000><u><link=\"Laceration\">Кетчупа</link></u></color>, Особого Кетчупа и <sprite name=\"Burst\"><color=#e30000><u><link=\"Burst\">Зеленки</link></u></color>) побежден, союзник получает 2 <sprite name=\"AttackUp\"><color=#f8c200><u><link=\"AttackUp\">Повышения уровня атаки</link></u></color> на следующий ход. (В приоритете союзник, убивший этого противника)",
      "simpleDesc": [
        {
          "abilityID": 2050,
          "simpleDesc": "При убийстве, 1 союзник с наименьшим SP восстанавливает 8 SP."
        },
        {
          "abilityID": 205001,
          "simpleDesc": "Дает 2 <sprite name=\"AttackUp\"><color=#f8c200><u><link=\"AttackUp\">Повышения уровня атаки</link></u></color> на следующий ход."
        }
      ]
    },
    {
      "id": 2051,
      "name": "Плеть самобичевания",
      "desc": "Когда союзник с наивысшим процентом HP использует Атакующий навык, он получает 10 <sprite name=\"Laceration\"><color=#e30000><u><link=\"Laceration\">Кетчупа</link></u></color>, 3 <sprite name=\"AttackUp\"><color=#f8c200><u><link=\"AttackUp\">Повышения уровня атаки</link></u></color> и 3 <sprite name=\"DefenseUp\"><color=#f8c200><u><link=\"DefenseUp\">Повышения уровня защиты</link></u></color>. (Единожды за ход)",
      "simpleDesc": [
        {
          "abilityID": 2051,
          "simpleDesc": "Дает 10 <sprite name=\"Laceration\"><color=#e30000><u><link=\"Laceration\">Кетчупа</link></u></color>, 3 <sprite name=\"AttackUp\"><color=#f8c200><u><link=\"AttackUp\">Повышения уровня атаки</link></u></color> и 3 <sprite name=\"DefenseUp\"><color=#f8c200><u><link=\"DefenseUp\">Повышения уровня защиты</link></u></color>"
        }
      ]
    },
    {
      "id": 2052,
      "name": "Маска парада",
      "desc": "Цепные битвы: когда новый противник входит в бой, наносит ему 5 <sprite name=\"Laceration\"><color=#e30000><u><link=\"Laceration\">Кетчупа</link></u></color> и повышает его счетчик на 3 в начале беовой фазы.",
      "simpleDesc": [
        {
          "abilityID": 2052,
          "simpleDesc": "Наносит 5 <sprite name=\"Laceration\"><color=#e30000><u><link=\"Laceration\">Кетчупа</link></u></color> и повышает его счетчик на 3 новым врагам"
        }
      ]
    },
    {
      "id": 2053,
      "name": "Пожирающий куб",
      "desc": "Когда союзник умирает, дает по 1 ЭГО ресурсу за его первый и второй навыки.\n\nПосле атаки: если противник побежден, дает 1 случайный ЭГО ресурс. (Единожды за навык)",
      "simpleDesc": [
        {
          "abilityID": 2053,
          "simpleDesc": "Дает 3 случайных ЭГО ресурса"
        },
        {
          "abilityID": 205301,
          "simpleDesc": "Дает 1 случайный ЭГО ресурс"
        }
      ]
    },
    {
      "id": 2054,
      "name": "Нескончаемый голод",
      "desc": "Начало первого хода столкновения: каждая айдишка на поле боя теряет 5 SP и получает 1 <sprite name=\"Enhancement\"><color=#f8c200><u><link=\"Enhancement\">Повышение силы атаки</link></u></color> на 3 хода.\nЕсли же указанная айдишка является <Кровожадом>, то она теряет 10 SP и получает 2 <sprite name=\"Enhancement\"><color=#f8c200><u><link=\"Enhancement\">Повышения силы атаки</link></u></color> на 3 хода, а так же наносит на 1 силу и счетчик <sprite name=\"Laceration\"><color=#e30000><u><link=\"Laceration\">Кетчупа</link></u></color> больше эффектами навыков и монет вместо этого.",
      "simpleDesc": [
        {
          "abilityID": 2054,
          "simpleDesc": "айдишки теряют 5 SP и получают 1 <sprite name=\"Enhancement\"><color=#f8c200><u><link=\"Enhancement\">Повышение силы атаки</link></u></color> на 3 хода."
        },
        {
          "abilityID": 205401,
          "simpleDesc": "Союзники, являющиеся <Кровожадами>, теряют 10 SP и получает 2 <sprite name=\"Enhancement\"><color=#f8c200><u><link=\"Enhancement\">Повышение силы атаки</link></u></color> на 3 хода и наносят на 1 потенциал и счетчик <sprite name=\"Laceration\"><color=#e30000><u><link=\"Laceration\">Кетчупа</link></u></color> больше эффектами Навыков и Монет"
        }
      ]
    },
    {
      "id": 2055,
      "name": "Маленькая мечта",
      "desc": "При победе в столкновении навыком с грехом Гордыни: восстанавливает 5 SP.\nПри ударе после победы в столкновении вышеуказанным навыком: повышает счетчик <sprite name=\"Laceration\"><color=#e30000><u><link=\"Laceration\">Кетчупа</link></u></color> и <sprite name=\"Burst\"><color=#e30000><u><link=\"Burst\">Зеленки</link></u></color> на 1. (4 раза за навык)",
      "simpleDesc": [
        {
          "abilityID": 2055,
          "simpleDesc": "Повышает счетчик <sprite name=\"Laceration\"><color=#e30000><u><link=\"Laceration\">Кетчупа</link></u></color> и <sprite name=\"Burst\"><color=#e30000><u><link=\"Burst\">Зеленки</link></u></color> на 1 при ударе"
        }
      ]
    },
    {
      "id": 2056,
      "name": "Пустая мечта",
      "desc": "При ударе по целям с <sprite name=\"Laceration\"><color=#e30000><u><link=\"Laceration\">Кетчупом</link></u></color> или Особым Кетчупом: восстанавливает 2~5 HP.\nНавыки, потребляющие <sprite name=\"BloodDinner\"><color=#9f6a3a><u><link=\"BloodDinner\">Борщ</link></u></color>: Сила Монет +1.",
      "simpleDesc": [
        {
          "abilityID": 2056,
          "simpleDesc": "Восстанавливает HP При ударе по целям с <sprite name=\"Laceration\"><color=#e30000><u><link=\"Laceration\">Кетчупом</link></u></color> или Особым Кетчупом."
        },
        {
          "abilityID": 205601,
          "simpleDesc": "Навыка, потребляющие <sprite name=\"BloodDinner\"><color=#9f6a3a><u><link=\"BloodDinner\">Борщ</link></u></color>: Сила Монет +1"
        }
      ]
    },
    {
      "id": 2057,
      "name": "Мечта начинается заново",
      "desc": "Все навыки Дон Кихот получают +2 к Итоговой Силе\nКогда союзник погибает, оставшиеся союзники восстанавливают 15 SP получают 1 <sprite name=\"Enhancement\"><color=#f8c200><u><link=\"Enhancement\">Повышение силы атаки</link></u></color> на следующий ход. (До 3 Повышений силы атаки)",
      "simpleDesc": [
        {
          "abilityID": 2057,
          "simpleDesc": "+2 к Итоговой силе навыков Дон Кихот "
        },
        {
          "abilityID": 205701,
          "simpleDesc": "Восстанавливает 15 SP и дает 1 <sprite name=\"Enhancement\"><color=#f8c200><u><link=\"Enhancement\">Повышение силы атаки</link></u></color> на следующий ход при смерти союзника"
        }
      ]
    },
    {
      "id": 2058,
      "name": "Грязный железный кол",
      "desc": "При ударе с использованием одномонетного навыка, наносит 1 <sprite name=\"Laceration\"><color=#e30000><u><link=\"Laceration\">Кетчуп</link></u></color> и 2 <sprite name=\"DefenseDown\"><color=#e30000><u><link=\"DefenseDown\">Понижения уровня защиты</link></u></color> до конца следующего хода.\n- Если у цели уже есть <sprite name=\"Laceration\"><color=#e30000><u><link=\"Laceration\">Кетчуп</link></u></color> или Особое кетчуп, наносит 3 <sprite name=\"Laceration\"><color=#e30000><u><link=\"Laceration\">Кетчупа</link></u></color> вместо этого.",
      "simpleDesc": [
        {
          "abilityID": 2058,
          "simpleDesc": "Наносит 1 <sprite name=\"Laceration\"><color=#e30000><u><link=\"Laceration\">Кетчуп</link></u></color> и 2 <sprite name=\"DefenseDown\"><color=#e30000><u><link=\"DefenseDown\">Понижения уровня защиты</link></u></color> до конца следующего хода"
        },
        {
          "abilityID": 205801,
          "simpleDesc": "Наносит 3 <sprite name=\"Laceration\"><color=#e30000><u><link=\"Laceration\">Кетчупа</link></u></color>"
        }
      ]
    },
    {
      "id": 2059,
      "name": "Колючее лассо",
      "desc": "Конец хода: наносит <sprite name=\"Burst\"><color=#e30000><u><link=\"Burst\">Зеленка</link></u></color> всем противникам, равный их текущим скоростям.\n\nПри активации абсолютного резонанса Похоти, наносит 3 <sprite name=\"Burst\"><color=#e30000><u><link=\"Burst\">Зеленки</link></u></color> и повышает его счетчик на 3 случайному противнику в начале боевой фазы.",
      "simpleDesc": [
        {
          "abilityID": 2059,
          "simpleDesc": "Наносит <sprite name=\"Burst\"><color=#e30000><u><link=\"Burst\">Зеленка</link></u></color> всем врагам"
        },
        {
          "abilityID": 205901,
          "simpleDesc": "Наносит 3 <sprite name=\"Burst\"><color=#e30000><u><link=\"Burst\">Зеленка</link></u></color> и повышает его счетчик на 3"
        }
      ]
    },
    {
      "id": 2060,
      "name": "Кармилла",
      "desc": "В начале нефокусированного столкновения все враги получают фиксированный урон, равный 20% от их максимальных HP.",
      "simpleDesc": [
        {
          "abilityID": 2060,
          "simpleDesc": "Наносит 20% от максимальных HP как фиксированный урон"
        }
      ]
    }
  ]
}