{
  "dataList": [
    {
      "id": 9799,
      "name": "«1984»",
      "desc": "Если шанс получения ЭГО дара из слияния равен 90% и более, то он повышается до 100%.\n\n«1984» — роман-антиутопия Джорджа Оруэлла о тоталитарном обществе с культом личности партийного лидера Большого Брата, постоянным правительственным контролем повседневной жизни и регулярными войнами. Изданный в 1949 году роман стал последним и, по господствующему мнению, самым главным произведением писателя.",
      "simpleDesc": [
        {
          "abilityID": 9799,
          "simpleDesc": ""
        }
      ]
    },
    {
      "id": 9800,
      "name": "Прибыль с производства героина",
      "desc": "Снижает стоимость покупки или улучшения всех ЭГО Даров в магазине до 1.\n\nСоюзники получают 1 <sprite name=\"AttackUp\"><color=#f8c200><u><link=\"AttackUp\">Повышение уровня атаки</link></u></color> за каждые 500 имеющейся Стоимости. (До 20)",
      "simpleDesc": [
        {
          "abilityID": 9800,
          "simpleDesc": ""
        },
        {
          "abilityID": 980001,
          "simpleDesc": "Дает <sprite name=\"AttackUp\"><color=#f8c200><u><link=\"AttackUp\">Повышение уровня атаки</link></u></color>"
        }
      ]
    },
    {
      "id": 9801,
      "name": "Дирол с мятой",
      "desc": "Начало хода: союзник с наибольшими максимальными HP получает <sprite name=\"DefenseUp\"><color=#f8c200><u><link=\"DefenseUp\">Повышения уровня защиты</link></u></color> в количестве полученных от атакующих навыков противников ударов. (До 6)",
      "simpleDesc": [
        {
          "abilityID": 9801,
          "simpleDesc": "Дает <sprite name=\"DefenseUp\"><color=#f8c200><u><link=\"DefenseUp\">Повышения уровня защиты</link></u></color>"
        }
      ]
    },
    {
      "id": 9802,
      "name": "Для казни бабушек",
      "desc": "Наносит 1 <sprite name=\"Burst\"><color=#e30000><u><link=\"Burst\">Зеленка</link></u></color> при попадании навыками, которые тратят счетчик <sprite name=\"Charge\"><color=#f8c200><u><link=\"Charge\">Солей</link></u></color>. (До 3 раз за навык)\n\nЭГО дар усиливается в зависимости от количества выбранных Идентичностей, которые наносят <sprite name=\"Burst\"><color=#e30000><u><link=\"Burst\">Зеленки</link></u></color> или используют <sprite name=\"Charge\"><color=#f8c200><u><link=\"Charge\">Соль</link></u></color> (Включая запасных; за исключением ЭГО навыков):\n- 6 и более: повышает свой счетчик <sprite name=\"Charge\"><color=#f8c200><u><link=\"Charge\">Солей</link></u></color> на 1 при нанесении урона эффектом <sprite name=\"Burst\"><color=#e30000><u><link=\"Burst\">Зеленки</link></u></color>; (До 3 раз за навык)\n- 8 и более: повышает счетчик <sprite name=\"Burst\"><color=#e30000><u><link=\"Burst\">Зеленки</link></u></color> цели на 1 при попадании навыком, который тратит счетчик <sprite name=\"Charge\"><color=#f8c200><u><link=\"Charge\">Солей</link></u></color>. (До 3 раз за навык)",
      "simpleDesc": [
        {
          "abilityID": 9802,
          "simpleDesc": "Наносит 1 <sprite name=\"Burst\"><color=#e30000><u><link=\"Burst\">Зеленка</link></u></color>"
        },
        {
          "abilityID": 980201,
          "simpleDesc": ""
        },
        {
          "abilityID": 980202,
          "simpleDesc": "Повышает свой счетчик <sprite name=\"Charge\"><color=#f8c200><u><link=\"Charge\">Солей</link></u></color> на 1"
        },
        {
          "abilityID": 980203,
          "simpleDesc": "Повышает счетчик <sprite name=\"Burst\"><color=#e30000><u><link=\"Burst\">Зеленки</link></u></color> на 1"
        }
      ]
    },
    {
      "id": 9803,
      "name": "Картина Австрийского художника",
      "desc": "Начало каждого хода: наносит 3 <sprite name=\"Burst\"><color=#e30000><u><link=\"Burst\">Зеленки</link></u></color> и повышает его счетчик на 1 всем противникам или частям.\n\nЭГО дар усиливается в зависимости от количества выбранных Идентичностей, которые наносят <sprite name=\"Burst\"><color=#e30000><u><link=\"Burst\">Зеленки</link></u></color> или используют <sprite name=\"Breath\"><color=#f8c200><u><link=\"Breath\">Дыхание</link></u></color> (Включая запасных; за исключением ЭГО навыков):\n- 6 и более: повышает свой счетчик <sprite name=\"Breath\"><color=#f8c200><u><link=\"Breath\">Дыхания</link></u></color> на 1 при нанесении урона эффектом <sprite name=\"Burst\"><color=#e30000><u><link=\"Burst\">Зеленки</link></u></color> при попадании; (До 3 раз за навык)\n- 10 и более: повышает счетчик <sprite name=\"Burst\"><color=#e30000><u><link=\"Burst\">Зеленки</link></u></color> цели на 1 при критическом попадании. (До 3 раз за навык)",
      "simpleDesc": [
        {
          "abilityID": 9803,
          "simpleDesc": "Наносит 3 <sprite name=\"Burst\"><color=#e30000><u><link=\"Burst\">Зеленки</link></u></color> и повышает его счетчик на 1"
        },
        {
          "abilityID": 980301,
          "simpleDesc": ""
        },
        {
          "abilityID": 980302,
          "simpleDesc": "Повышает свой счетчик <sprite name=\"Breath\"><color=#f8c200><u><link=\"Breath\">Дыхания</link></u></color> на 1"
        },
        {
          "abilityID": 980303,
          "simpleDesc": "Повышает счетчик <sprite name=\"Burst\"><color=#e30000><u><link=\"Burst\">Зеленки</link></u></color> на 1"
        }
      ]
    },
    {
      "id": 9804,
      "name": "Протекшая жижа для вейпа",
      "desc": "При попадании по целям с 5 и более <sprite name=\"Burst\"><color=#e30000><u><link=\"Burst\">Зеленкеи</link></u></color>: дает 1 <sprite name=\"Breath\"><color=#f8c200><u><link=\"Breath\">Дыхание</link></u></color> и повышает его счетчик на 1. (До 3 раз за навык)\n\nЭГО дар усиливается в зависимости от количества выбранных Идентичностей, которые наносят <sprite name=\"Burst\"><color=#e30000><u><link=\"Burst\">Зеленки</link></u></color> или используют <sprite name=\"Breath\"><color=#f8c200><u><link=\"Breath\">Дыхание</link></u></color> (Включая запасных; за исключением ЭГО навыков):\n- Все 12 Идентичностей: снимает с себя 1 случайный снимаемый негативный эффект при критическом попадании; (Единожды за ход на Идентичность)\n- На 10% больше урона при критическом попадании, если на противнике 20 и более <sprite name=\"Burst\"><color=#e30000><u><link=\"Burst\">Зеленки</link></u></color>, а также еще на 3% больше урона при критическом попадании за каждую выбранную Идентичность из условия.",
      "simpleDesc": [
        {
          "abilityID": 9804,
          "simpleDesc": "Дает <sprite name=\"Breath\"><color=#f8c200><u><link=\"Breath\">Дыхание</link></u></color> и повышает его счетчик"
        },
        {
          "abilityID": 980401,
          "simpleDesc": ""
        },
        {
          "abilityID": 980402,
          "simpleDesc": "Больше урона при критическом попадании"
        },
        {
          "abilityID": 980403,
          "simpleDesc": "Снимает с себя случайный негативный эффект"
        }
      ]
    },
    {
      "id": 9795,
      "name": "Вытекшие месячные",
      "desc": "Активируется при наличии на поле боя 3 и более Идентичностей, которые поглощают <sprite name=\"BloodDinner\"><color=#9f6a3a><u><link=\"BloodDinner\">Борщ</link></u></color>. (За исключением ЭГО навыков)\n\nПеред использованием навыка, который поглощает <sprite name=\"BloodDinner\"><color=#9f6a3a><u><link=\"BloodDinner\">Борщ</link></u></color>, и если на главной цели 30 и более <sprite name=\"Laceration\"><color=#e30000><u><link=\"Laceration\">Кетчупа</link></u></color>: поглощает все <sprite name=\"Laceration\"><color=#e30000><u><link=\"Laceration\">Кетчуп</link></u></color> главной цели свыше 15 и увеличивает <sprite name=\"BloodDinner\"><color=#9f6a3a><u><link=\"BloodDinner\">Борщ</link></u></color> на столько же. (Единожды за ход на группу из одинаковых противников)\n\nЕсли у использовавшего этот навык союзника были навыки, которые поглощают <sprite name=\"BloodDinner\"><color=#9f6a3a><u><link=\"BloodDinner\">Борщ</link></u></color>: также дает 1 <sprite name=\"ResultEnhancement\"><color=#f8c200><u><link=\"ResultEnhancement\">Повышение силы</link></u></color> и 1 <sprite name=\"AttackDmgUp\"><color=#f8c200><u><link=\"AttackDmgUp\">Повышение урона</link></u></color> на следующий ход за каждые 10 полученного от этого <sprite name=\"BloodDinner\"><color=#9f6a3a><u><link=\"BloodDinner\">Борща</link></u></color>. (До 4)",
      "simpleDesc": [
        {
          "abilityID": 9795,
          "simpleDesc": "Уменьшает силу <sprite name=\"Laceration\"><color=#e30000><u><link=\"Laceration\">Кетчупа</link></u></color> цели и увеличивает <sprite name=\"BloodDinner\"><color=#9f6a3a><u><link=\"BloodDinner\">Борщ</link></u></color>"
        },
        {
          "abilityID": 979501,
          "simpleDesc": "Дает <sprite name=\"ResultEnhancement\"><color=#f8c200><u><link=\"ResultEnhancement\">Повышение силы</link></u></color> и <sprite name=\"AttackDmgUp\"><color=#f8c200><u><link=\"AttackDmgUp\">Повышение урона</link></u></color>"
        }
      ]
    },
    {
      "id": 9796,
      "name": "Выдох астматика",
      "desc": "Если сумма силы и счетчика <sprite name=\"Breath\"><color=#f8c200><u><link=\"Breath\">Дыхания</link></u></color> #5 выбранной Идентичности равна 50 и более: положительные монеты, подкидываемые после победы в столкновении или при односторонней атаке, всегда выпадают орлом (Отрицательные - решкой), а также наносят на 80% больше урона при критическом попадании. (Единожды за навык на всю битву; за исключением ЭГО навыков)\n\nЕсли выбрано 5 и более Идентичностей, которые используют <sprite name=\"Breath\"><color=#f8c200><u><link=\"Breath\">Дыхание</link></u></color> или дают его союзникам: #5 выбранная Идентичность наносит на 60% больше урона при критическом попадании, а также еще на 20% больше урона при критическом попадании за каждую выбранную Идентичность из условия (Включая запасных Идентичностей).",
      "simpleDesc": [
        {
          "abilityID": 9796,
          "simpleDesc": "Больше урона при критическом попадании"
        },
        {
          "abilityID": 979601,
          "simpleDesc": "Больше урона при критическом попадании"
        }
      ]
    },
    {
      "id": 9797,
      "name": "Стеклянный мастурбатор",
      "desc": "Дает 2 <sprite name=\"AttackDmgUp\"><color=#f8c200><u><link=\"AttackDmgUp\">Повышения урона</link></u></color> и 2 <sprite name=\"Vulnerable\"><color=#e30000><u><link=\"Vulnerable\">Уязвимости</link></u></color> в начале боевой фазы.\n\nНачиная со второго хода получаемые эффекты увеличиваются на 1. (До 10 в итоге)",
      "simpleDesc": [
        {
          "abilityID": 9797,
          "simpleDesc": "Дает <sprite name=\"AttackDmgUp\"><color=#f8c200><u><link=\"AttackDmgUp\">Повышение урона</link></u></color> и <sprite name=\"Vulnerable\"><color=#e30000><u><link=\"Vulnerable\">Уязвимость</link></u></color>"
        },
        {
          "abilityID": 979701,
          "simpleDesc": ""
        }
      ]
    },
    {
      "id": 9798,
      "name": "Шип из пизды",
      "desc": "Каждые 3 хода наносит 2 <sprite name=\"RoseThorn\"><color=#f8c200><u><link=\"RoseThorn\">Ненасытных шипа</link></u></color> противникам или частям с <sprite name=\"Laceration\"><color=#e30000><u><link=\"Laceration\">Кетчупом</link></u></color>.\n- Если все противники или части имеют Кетчуп, наносит 4 <sprite name=\"RoseThorn\"><color=#f8c200><u><link=\"RoseThorn\">Ненасытных шипа</link></u></color> вместо этого.",
      "simpleDesc": [
        {
          "abilityID": 9798,
          "simpleDesc": "Наносит <sprite name=\"RoseThorn\"><color=#f8c200><u><link=\"RoseThorn\">Ненасытный шип</link></u></color>"
        },
        {
          "abilityID": 979801,
          "simpleDesc": "Наносит <sprite name=\"RoseThorn\"><color=#f8c200><u><link=\"RoseThorn\">Ненасытный шип</link></u></color>"
        }
      ]
    }
  ]
}