{
  "dataList": [
    {
      "id": 999999,
      "name": "Тело",
      "desc": "Часть"
    },
    {
      "id": 8577,
      "name": "Преломленный Мотылёк алых лепестков",
      "desc": "Ядро"
    },
    {
      "id": 857701,
      "name": "Тело",
      "desc": "Часть"
    },
    {
      "id": 857702,
      "name": "Крылья",
      "desc": "Часть"
    },
    {
      "id": 8578,
      "name": "Преломленный Промокший госсипиум",
      "desc": "Ядро"
    },
    {
      "id": 857801,
      "name": "Тело",
      "desc": "Часть"
    },
    {
      "id": 8585,
      "name": "Преломленная Спираль презрения",
      "desc": "Ядро"
    },
    {
      "id": 858501,
      "name": "Тело",
      "desc": "Часть"
    },
    {
      "id": 858502,
      "name": "Руки",
      "desc": "Часть"
    },
    {
      "id": 8571,
      "name": "Преломленный Пророк кожи",
      "desc": "Ядро"
    },
    {
      "id": 8572,
      "name": "Преломленная Свеча",
      "desc": "Ядро"
    },
    {
      "id": 8573,
      "name": "Преломленная Ступающая жемчужина",
      "desc": "Ядро"
    },
    {
      "id": 8574,
      "name": "Преломленная Зелёная слизь",
      "desc": "Ядро"
    },
    {
      "id": 8575,
      "name": "Преломленный Мутный Поток, <cspace=-1px>Пожирающий Сновидения</cspace>",
      "desc": "Ядро"
    },
    {
      "id": 8576,
      "name": "Преломленный дрейфующий обломок",
      "desc": "Ядро"
    },
    {
      "id": 8579,
      "name": "Преломленная Ахав",
      "desc": "Ядро"
    },
    {
      "id": 8580,
      "name": "Преломленная Квикег",
      "desc": "Ядро"
    },
    {
      "id": 8581,
      "name": "Преломленный Старбак",
      "desc": "Ядро"
    },
    {
      "id": 8582,
      "name": "Преломленное Расцветшее ЭГО::Газгарпун",
      "desc": "Ядро"
    },
    {
      "id": 85822,
      "name": "Преломленное Расцветшее ЭГО::Газгарпун",
      "desc": "Ядро"
    },
    {
      "id": 85823,
      "name": "Преломленное Расцветшее ЭГО::Газгарпун",
      "desc": "Ядро"
    },
    {
      "id": 8583,
      "name": "Преломленный слепой житель \"Пекод Тауна\"",
      "desc": "Ядро"
    },
    {
      "id": 8584,
      "name": "Преломленная задыхающаяся жительница \"Пекод Тауна\"",
      "desc": "Ядро"
    },
    {
      "id": 8586,
      "name": "Преломленная русалка Кита Пористой Руки",
      "desc": "Ядро"
    },
    {
      "id": 8587,
      "name": "Преломленная русалка Кита Пористой Руки",
      "desc": "Ядро"
    },
    {
      "id": 8588,
      "name": "Преломленный слепой житель \"Пекод Тауна\"",
      "desc": "Ядро"
    },
    {
      "id": 8589,
      "name": "Преломленная задыхающаяся жительница \"Пекод Тауна\"",
      "desc": "Ядро"
    },
    {
      "id": 8590,
      "name": "Преломленный усатый пират Двукрюков",
      "desc": "Ядро"
    },
    {
      "id": 8591,
      "name": "Преломленный пират Двукрюков в бандане",
      "desc": "Ядро"
    },
    {
      "id": 8592,
      "name": "Преломленный ловкий пират Двукрюков",
      "desc": "Ядро"
    },
    {
      "id": 8593,
      "name": "Преломленный надёжный пират Двукрюков",
      "desc": "Ядро"
    },
    {
      "id": 8594,
      "name": "Преломленная Сми, Старший Помощник Пиратов Двукрюков",
      "desc": "Ядро"
    },
    {
      "id": 8595,
      "name": "Преломленное обледневшее Нечто — Щитовик",
      "desc": "Ядро"
    },
    {
      "id": 8596,
      "name": "Преломленное обледневшее Нечто — Служащий",
      "desc": "Ядро"
    },
    {
      "id": 8597,
      "name": "Преломленное обледневшее Нечто — Пират",
      "desc": "Ядро"
    },
    {
      "id": 8598,
      "name": "Преломленное обледневшее Нечто — Крюк",
      "desc": "Ядро"
    },
    {
      "id": 8599,
      "name": "Преломленная бледная Белая Русалка",
      "desc": "Ядро"
    },
    {
      "id": 8600,
      "name": "Преломленная бледная Синяя Русалка",
      "desc": "Ядро"
    },
    {
      "id": 8601,
      "name": "Преломленная бледная Белая Русалка",
      "desc": "Ядро"
    },
    {
      "id": 8602,
      "name": "Преломленная бледная Голубая Русалка",
      "desc": "Ядро"
    },
    {
      "id": 8603,
      "name": "Преломленная Русалка Кита Тысячи Нитей",
      "desc": "Ядро"
    },
    {
      "id": 8604,
      "name": "Преломленная Хватка",
      "desc": "Ядро"
    },
    {
      "id": 860401,
      "name": "Хватка",
      "desc": "Часть"
    }
  ]
}
