﻿{
  "dataList": [
    {
      "id": 90101,
      "name": "Зелёный гном",
      "desc": "Противник"
    },
    {
      "id": 90102,
      "name": "Красный гном",
      "desc": "Противник"
    },
    {
      "id": 90103,
      "name": "Чёрный гном",
      "desc": "Противник"
    },
    {
      "id": 90104,
      "name": "Главный гном цеха",
      "desc": "Противник"
    },
    {
      "id": 811401,
      "name": "Тело",
      "desc": "Часть"
    },
    {
      "id": 811501,
      "name": "Тело",
      "desc": "Часть"
    },
    {
      "id": 811601,
      "name": "Тело",
      "desc": "Часть"
    },
    {
      "id": 813501,
      "name": "Тело",
      "desc": "Часть"
    },
    {
      "id": 8113,
      "name": "Сантата",
      "desc": "Противник"
    },
    {
      "id": 811301,
      "name": "Тело",
      "desc": "Часть"
    },
    {
      "id": 811302,
      "name": "Мешок с подарками",
      "desc": "Часть"
    },
    {
      "id": 90105,
      "name": "Додору",
      "desc": "Противник"
    }
  ]
}