﻿{
  "dataList": [
    {
      "id": 90083,
      "name": "Русалка Кита Пористой Руки",
      "desc": "Ядро"
    },
    {
      "id": 90084,
      "name": "Усатый пират Двукрюков",
      "desc": "Ядро"
    },
    {
      "id": 90085,
      "name": "Пират Двукрюков в бандане",
      "desc": "Ядро"
    },
    {
      "id": 90086,
      "name": "Ловкий пират Двукрюков",
      "desc": "Ядро"
    },
    {
      "id": 90087,
      "name": "Надёжный пират Двукрюков",
      "desc": "Ядро"
    },
    {
      "id": 91011,
      "name": "Русалка Кита Пористой Руки",
      "desc": "Ядро"
    },
    {
      "id": 91012,
      "name": "Сми, Старший Помощник Пиратов Двукрюков",
      "desc": "Ядро"
    },
    {
      "id": 97401,
      "name": "Страшный охранник контрольного пункта Корп. K",
      "desc": "Ядро"
    },
    {
      "id": 97402,
      "name": "Застывший охранник контрольного пункта Корп. K",
      "desc": "Ядро"
    },
    {
      "id": 97403,
      "name": "Агент 1-го уровня Корп. K в беде",
      "desc": "Ядро"
    },
    {
      "id": 97404,
      "name": "Неуверенный агент 1-го уровня Корп. K",
      "desc": "Ядро"
    },
    {
      "id": 97405,
      "name": "Взломанный лечащий робот Корп. K",
      "desc": "Ядро"
    },
    {
      "id": 97406,
      "name": "Воскрешённый охранник контрольного пункта Корп. K",
      "desc": "Ядро"
    },
    {
      "id": 97407,
      "name": "Воскрешённый охранник контрольного пункта Корп. K",
      "desc": "Ядро"
    },
    {
      "id": 97408,
      "name": "Воскрешённый агент 1-го уровня Корп. K",
      "desc": "Ядро"
    },
    {
      "id": 97409,
      "name": "Воскрешённый агент 1-го уровня Корп. K",
      "desc": "Ядро"
    },
    {
      "id": 97410,
      "name": "Воскрешённый агент 3-го уровня Корп. K — Усиленный",
      "desc": "Ядро"
    },
    {
      "id": 8741,
      "name": "Чтобы Никто Не Плакал",
      "desc": "Ядро"
    },
    {
      "id": 874101,
      "name": "Тело",
      "desc": "Часть"
    },
    {
      "id": 874102,
      "name": "Правая рука",
      "desc": "Часть"
    },
    {
      "id": 8742,
      "name": "Бродячий Лис",
      "desc": "Ядро"
    },
    {
      "id": 874201,
      "name": "Тело",
      "desc": "Часть"
    },
    {
      "id": 874202,
      "name": "Голова",
      "desc": "Часть"
    },
    {
      "id": 8743,
      "name": "Старый Зонт",
      "desc": "Ядро"
    },
    {
      "id": 874301,
      "name": "Зонт",
      "desc": "Часть"
    },
    {
      "id": 8744,
      "name": "Фея-Джентльмен",
      "desc": "Ядро"
    },
    {
      "id": 874401,
      "name": "Тело",
      "desc": "Часть"
    },
    {
      "id": 874402,
      "name": "Левая рука",
      "desc": "Часть"
    },
    {
      "id": 8745,
      "name": "Вино фей",
      "desc": "Ядро"
    },
    {
      "id": 874501,
      "name": "Бокал вина",
      "desc": "Часть"
    },
    {
      "id": 8746,
      "name": "Фея-Длинноножка",
      "desc": "Ядро"
    },
    {
      "id": 874601,
      "name": "Тело",
      "desc": "Часть"
    },
    {
      "id": 874602,
      "name": "Левая рука",
      "desc": "Часть"
    },
    {
      "id": 874603,
      "name": "Голова",
      "desc": "Часть"
    },
    {
      "id": 8747,
      "name": "Гигантский лист",
      "desc": "Ядро"
    },
    {
      "id": 874701,
      "name": "Тело",
      "desc": "Часть"
    },
    {
      "id": 8748,
      "name": "Медный бык - В слезах",
      "desc": "Ядро"
    },
    {
      "id": 874801,
      "name": "Тело",
      "desc": "Часть"
    },
    {
      "id": 874802,
      "name": "Голова",
      "desc": "Часть"
    },
    {
      "id": 8749,
      "name": "kqe-1j-23",
      "desc": "Ядро"
    },
    {
      "id": 874901,
      "name": "Тело",
      "desc": "Часть"
    },
    {
      "id": 8750,
      "name": "Сердце горожан",
      "desc": "Ядро"
    },
    {
      "id": 875001,
      "name": "Сердце",
      "desc": "Часть"
    },
    {
      "id": 8751,
      "name": "Плачущая Жаба",
      "desc": "Ядро"
    },
    {
      "id": 875101,
      "name": "Тело",
      "desc": "Часть"
    },
    {
      "id": 875102,
      "name": "Левый глаз",
      "desc": "Часть"
    },
    {
      "id": 875103,
      "name": "Правый глаз",
      "desc": "Часть"
    }
  ]
}
