{
  "dataList": [
    {
      "id": 8605,
      "name": "Преломленный Портрет того дня",
      "desc": "Ядро"
    },
    {
      "id": 8606,
      "name": "Преломленный Портрет",
      "desc": "Ядро"
    },
    {
      "id": 8607,
      "name": "Преломленный Портрет",
      "desc": "Ядро"
    },
    {
      "id": 8608,
      "name": "Преломленная Снящаяся электроовца",
      "desc": "Ядро"
    },
    {
      "id": 8628,
      "name": "Преломленный Генератор",
      "desc": "Ядро"
    },
    {
      "id": 8624,
      "name": "Преломленный очарованный исследователь Безымянного пальца?",
      "desc": ""
    },
    {
      "id": 8625,
      "name": "Преломленный восторженный исследователь Безымянного пальца?",
      "desc": ""
    },
    {
      "id": 8626,
      "name": "Преломленный исследователь Безымянного пальца-пуантилист?",
      "desc": ""
    },
    {
      "id": 8627,
      "name": "Преломленная Нелли",
      "desc": ""
    },
    {
      "id": 8618,
      "name": "Преломленный Хиндли, Опустошенный Плакальщик",
      "desc": ""
    },
    {
      "id": 8611,
      "name": "Преломленная шустрая дворецкая рода Эдгар",
      "desc": ""
    },
    {
      "id": 8612,
      "name": "Преломленная скорая дворецкая рода Эдгар",
      "desc": ""
    },
    {
      "id": 8613,
      "name": "Преломленная бывалая дворецкая рода Эдгар",
      "desc": ""
    },
    {
      "id": 8614,
      "name": "Преломленный ловкий дворецкий рода Эдгар",
      "desc": ""
    },
    {
      "id": 8615,
      "name": "Преломленный умелый дворецкий рода Эдгар",
      "desc": ""
    },
    {
      "id": 8616,
      "name": "Преломленный бывалый дворецкий рода Эдгар",
      "desc": ""
    },
    {
      "id": 8609,
      "name": "Преломленный свирепый дворецкий Грозового перевала",
      "desc": ""
    },
    {
      "id": 8610,
      "name": "Преломленный закалённый дворецкий Грозового перевала",
      "desc": ""
    },
    {
      "id": 8617,
      "name": "Преломленная Джозефина",
      "desc": ""
    },
    {
      "id": 8629,
      "name": "Преломленный Связанный король",
      "desc": ""
    },
    {
      "id": 8619,
      "name": "Преломленный решительный вакашу клана «Курокумо»",
      "desc": ""
    },
    {
      "id": 8620,
      "name": "Преломленный нервный вакашу клана «Курокумо»",
      "desc": ""
    },
    {
      "id": 8621,
      "name": "Преломленная умелая вакашу клана «Курокумо»",
      "desc": ""
    },
    {
      "id": 8622,
      "name": "Преломленная уставшая вакашу клана «Курокумо»",
      "desc": ""
    },
    {
      "id": 8623,
      "name": "Преломленный капитан клана «Курокумо» Дзюн",
      "desc": ""
    },
    {
      "id": 8280,
      "name": "Преломленная пеккатула Зависти",
      "desc": "Ядро"
    },
    {
      "id": 8292,
      "name": "Преломленная пеккатула Зависти?",
      "desc": "Ядро"
    }
  ]
}