{
  "dataList": [
    {
      "id": 90162,
      "name": "Перспективный Кровосос",
      "desc": "Юнит"
    },
    {
      "id": 8394,
      "name": "Перспективный Корректировщик Цвай",
      "desc": "Юнит"
    },
    {
      "id": 90166,
      "name": "Перспективный Кровожад",
      "desc": "Юнит"
    },
    {
      "id": 90167,
      "name": "Расцветший Кровожад",
      "desc": "Юнит"
    },
    {
      "id": 90168,
      "name": "Цветущий Кровожад",
      "desc": "Юнит"
    },
    {
      "id": 8373,
      "name": "Пеккатула Похоти?",
      "desc": "Юнит"
    },
    {
      "id": 8374,
      "name": "Пеккатула Гордыни?",
      "desc": "Юнит"
    },
    {
      "id": 8375,
      "name": "Перспективный Корректировщик Западной «Сэнк»",
      "desc": "Юнит"
    },
    {
      "id": 8376,
      "name": "Охотник за Розами",
      "desc": "Юнит"
    },
    {
      "id": 8377,
      "name": "Колючее Лассо",
      "desc": "Юнит"
    },
    {
      "id": 8378,
      "name": "Священник",
      "desc": "Юнит"
    },
    {
      "id": 8379,
      "name": "Больной Мишка Тедди",
      "desc": "Юнит"
    },
    {
      "id": 8380,
      "name": "Санчо",
      "desc": "Юнит"
    },
    {
      "id": 8395,
      "name": "Цирюльник",
      "desc": "Юнит"
    },
    {
      "id": 8396,
      "name": "Дульсинея",
      "desc": "Юнит"
    },
    {
      "id": 8403,
      "name": "Гондола",
      "desc": "Юнит"
    },
    {
      "id": 8411,
      "name": "Свернувшаяся мечта",
      "desc": "Юнит"
    },
    {
      "id": 8412,
      "name": "Пронзающее Копье",
      "desc": "Юнит"
    },
    {
      "id": 90165,
      "name": "Перспективный Корректировщик Западной «Цвай»",
      "desc": "Юнит"
    },
    {
      "id": 8410,
      "name": "Дон Кихот",
      "desc": "Босс"
    },
    {
      "id": 8413,
      "name": "Воспоминания о Мечтательном Приключении",
      "desc": "Юнит"
    },
    {
      "id": 8390,
      "name": "Дон Кихот",
      "desc": "Босс"
    },
    {
      "id": 839001,
      "name": "Колесо Ла-Манчалэнда",
      "desc": "Босс"
    },
    {
      "id": 840301,
      "name": "Гондола",
      "desc": "Юнит"
    },
    {
      "id": 841101,
      "name": "Осколок Мечты",
      "desc": "Юнит"
    },
    {
      "id": 841201,
      "name": "Фрагмент Заcтывшей Крови",
      "desc": "Юнит"
    },
    {
      "id": 841301,
      "name": "Воспоминания о Приключении",
      "desc": "Юнит"
    }
  ]
}
