{
  "dataList": [
    {
      "id": "tkt_stagebutton_not_clear",
      "content": "Пройди 6-48 чтобы открыть"
    },
    {
      "id": "tkt_stagebutton_normal",
      "content": "Сюжет"
    },
    {
      "id": "tkt_stagebutton_end_event",
      "content": "Ивент закончился"
    },
    {
      "id": "tkt_storybutton_before_start",
      "content": "<size=75%>Пройди первый ивентовый уровень чтобы открыть.</size>"
    },
    {
      "id": "tkt_storybutton_normal",
      "content": "В театр"
    },
    {
      "id": "tkt_rewardShopButton",
      "content": "Обмен на награды"
    },
    {
      "id": "tkt_scrap_guide_title",
      "content": "Руководство по ивентовой валюте"
    },
    {
      "id": "tkt_scrap_guide_desc",
      "content": "В редких случаях, ты можешь получить <color=#c69136>[Набор карманных часов]</color> за прохождение сюжетных уровней и данжей, а также Миррорки.\n\n<color=#c69136>[Набор карманных часов]</color> автоматически конвертируется в 20 <color=#c69136>[Карманных часы]</color> при получении."
    },
    {
      "id": "tkt_rewardpage_desc",
      "content": "Во время ивента ты можешь получить <color=#c69136>[Карманные часы]</color> проходя сюжетные уровни и данжи. Ты также можешь получить <color=#c69136>[Карманные часы]</color> за прохождение сюжетных уровней и данжей впервые, либо проходя Миррорку.\n\nВ редких случаях, ты можешь получить <color=#c69136>[Набор карманных часов]</color> за прохождение сюжетных уровней и данжей, а также Миррорки.\n\n<color=#c69136>[Набор карманных часов]</color> автоматически конвертируется в 20 <color=#c69136>[Карманных часов]</color> при получении.\n\nВо вкладке <color=#c69136>[Обмен наград]</color> ты можешь купить различные награды используя собранные <color=#c69136>[Карманные часы]</color>."
    },
    {
      "id": "tkt_reward_popup_desc",
      "content": "Получай <color=#c69136>[Карманные часы]</color> следующими способами:\nПрохождение сюжетных уровней и данжей, прохождение Миррорки, а также прохождение сюжетных уровней и данжей в первый раз.\n\nВо вкладке <color=#c69136>[Обмен наград]</color> ты можешь купить различные награды используя собранные <color=#c69136>[Карманные часы]</color>."
    },
    {
      "id": "tkt_reward_popup_num_of_owned_items",
      "content": "Собрано"
    },
    {
      "id": "tkt_bonusUI_Title",
      "content": "Бонус"
    },
    {
      "id": "tkt_bonusUI_Title_contain_false",
      "content": "Не получен"
    },
    {
      "id": "tkt_bonusUI_Desc",
      "content": "Во время проведения ивента, использование данных юнитов и ЭГО\nувеличивает количество полученных <color=#c69136>[Карманных часов]</color>\nМожно получить до <color=#c69136>120%</color> бонуса к полученным наградам."
    },
    {
      "id": "tkt_bonus_popup_title",
      "content": "Юниты с бонусом"
    },
    {
      "id": "tkt_bonus_preview",
      "content": "Юниты с бонусом"
    },
    {
      "id": "tkt_chapter_map_difficulty_ui_unlock_condition",
      "content": "Пройди {0}-{1} чтобы открыть сложный режим"
    }
  ]
}