{
  "dataList": [
    {
      "id": 1001,
      "name": "Бесплатная лоботомия"
    },
    {
      "id": 1002,
      "name": "Отпиздили толпой"
    },
    {
      "id": 1003,
      "name": "Депнул семью"
    },
    {
      "id": 1004,
      "name": "Завод дилдаков"
    },
    {
      "id": 1005,
      "name": "Холодно бля"
    },
    {
      "id": 1006,
      "name": "Пожар в центре Киева"
    },
    {
      "id": 1007,
      "name": "Ебучие мутанты"
    },
    {
      "id": 1008,
      "name": "Гора месячных"
    },
    {
      "id": 1009,
      "name": "Спортики пришли в офис"
    },
    {
      "id": 1010,
      "name": "Флешбеки китайца"
    },
    {
      "id": 1011,
      "name": "Это не ЖЖК сука"
    },
    {
      "id": 1012,
      "name": "Поля в Бахмуте"
    },
    {
      "id": 1013,
      "name": "Сельская дискотека"
    },
    {
      "id": 1014,
      "name": "Здание из спермы"
    },
    {
      "id": 1015,
      "name": "Долбимся внутри кита"
    },
    {
      "id": 1016,
      "name": "Подвал с детьми"
    },
    {
      "id": 1017,
      "name": "Мухахахахахаха"
    },
    {
      "id": 1101,
      "name": "Очередь в KFC"
    },
    {
      "id": 1102,
      "name": "Крабовуха"
    },
    {
      "id": 1103,
      "name": "Генгбенг гномами"
    },
    {
      "id": 1104,
      "name": "Разрезаю говно своим острым мечем"
    },
    {
      "id": 1201,
      "name": "Спидран аборта"
    },
    {
      "id": 1202,
      "name": "Кастрация"
    },
    {
      "id": 1203,
      "name": "Насилие крабами"
    },
    {
      "id": 1204,
      "name": "Фея поит всех пивом"
    },
    {
      "id": 1205,
      "name": "Глупо в ахуе"
    },
    {
      "id": 1206,
      "name": "Я ненавижу роботов"
    },
    {
      "id": 1301,
      "name": "Сами знаете"
    },
    {
      "id": 1302,
      "name": "Я же говорю сами знаете"
    },
    {
      "id": 1303,
      "name": "Мне жалко моллюска"
    },
    {
      "id": 1304,
      "name": "Рул 34"
    },
    {
      "id": 1305,
      "name": "Кровосиси"
    },
    {
      "id": 1306,
      "name": "Курочка"
    },
    {
      "id": 1307,
      "name": "Они любят колоться"
    },
    {
      "id": 1308,
      "name": "Что это за хуйня?"
    },
    {
      "id": 1309,
      "name": "Возможно тупые"
    },
    {
      "id": 1310,
      "name": "Любим жрать"
    },
    {
      "id": 1311,
      "name": "Комнатные растения"
    },
    {
      "id": 1312,
      "name": "Дети из Африки"
    },
    {
      "id": 1313,
      "name": "Глупо все еще в ахуе"
    },
    {
      "id": 1314,
      "name": "Глупо пришел на вайлд хант"
    },
    {
      "id": 1315,
      "name": "Чувство депрессии"
    },
    {
      "id": 1316,
      "name": "Зря я туда полез"
    },
    {
      "id": 1317,
      "name": "Обкончаная бабка"
    },
    {
      "id": 1318,
      "name": "Хуле лыбится"
    },
    {
      "id": 1319,
      "name": "Я не буду ебать железяки"
    },
    {
      "id": 1320,
      "name": "Хитклифф лох"
    },
    {
      "id": 1321,
      "name": "Зачем медведь ебет Глупо???"
    },
    {
      "id": 1401,
      "name": "Свежее мясо"
    },
    {
      "id": 1402,
      "name": "Шашлыки"
    },
    {
      "id": 1403,
      "name": "Этот медведь когда-нибудь успокоится?"
    },
    {
      "id": 1404,
      "name": "Обычный день в СПБ"
    },
    {
      "id": 1405,
      "name": "Маринад для курочки"
    },
    {
      "id": 1406,
      "name": "Он прыгнул и вызвал землетрясение"
    },
    {
      "id": 1407,
      "name": "Муж долбит меня без остановки"
    },
    {
      "id": 1408,
      "name": "А могло бы быть Айдишкой..."
    },
    {
      "id": 1409,
      "name": "Глупо не знает куда попал"
    },
    {
      "id": 1410,
      "name": "Суицид"
    },
    {
      "id": 1411,
      "name": "Глубокый кумар"
    },
    {
      "id": 1412,
      "name": "Цикл кумара"
    },
    {
      "id": 1413,
      "name": "Оргия у роботов"
    },
    {
      "id": 1414,
      "name": "Свинг пати с роботами"
    },
    {
      "id": 1105,
      "name": "Зарубил бабку топором"
    },
    {
      "id": 1106,
      "name": "Загадочный мужик"
    },
    {
      "id": 1107,
      "name": "Догони меня кирпич"
    },
    {
      "id": 1018,
      "name": "Прыгаем с крыши"
    },
    {
      "id": 1019,
      "name": "Реран Мочаленда"
    },
    {
      "id": 1020,
      "name": "Бунт Пригожина"
    },
    {
      "id": 1108,
      "name": "Тут есть Глупо"
    },
    {
      "id": 1109,
      "name": "Жена Грегор"
    },
    {
      "id": 1110,
      "name": "Мужики в сперме"
    },
    {
      "id": 1111,
      "name": "Овца"
    },
    {
      "id": 1112,
      "name": "Король БДСМщик"
    },
    {
      "id": 1113,
      "name": "Реран генгбенга гномами"
    },
    {
      "id": 1114,
      "name": "Фембойчики из офиса Остановки развития"
    },
    {
      "id": 1115,
      "name": "Система поиска пидарасов"
    },
    {
      "id": 1116,
      "name": "Реран разрезания говна своим острым мечем"
    },
    {
      "id": 1117,
      "name": "Фанаты Геншин Импакта"
    },
    {
      "id": 1118,
      "name": "Френдли фаер, раскумар и розочка"
    },
    {
      "id": 1021,
      "name": "Привет санчо!!!"
    },
    {
      "id": 1022,
      "name": "Голодные игры и инцест"
    },
    {
      "id": 1023,
      "name": "Моем бабушку"
    },
    {
      "id": 1119,
      "name": "Говно и моча",
      "specialName": "<color=#ee4893>Говно</color> и <color=#0060c5>моча</color>"
    },
    {
      "id": 1120,
      "name": "Реран заруба бабки топором"
    },
    {
      "id": 1501,
      "name": "N Corp. New League of Nine Littérateurs"
    },
    {
      "id": 1502,
      "name": "Efflorescing Greenery"
    },
    {
      "id": 1503,
      "name": "Line 3 - Terminus"
    },
    {
      "id": 1504,
      "name": "Bridle of Infinity"
    },
    {
      "id": 1505,
      "name": "S.E.A. C.R"
    },
    {
      "id": 1506,
      "name": "Impenetrable Path"
    },
    {
      "id": 1507,
      "name": "Who Couldn't be Bloodfiends"
    },
    {
      "id": 1121,
      "name": "Spring Cultivation"
    }
  ]
}