﻿{
  "dataList": [
    {
      "id": 1043,
      "panicName": "Мутация древа",
      "lowMoraleDescription": "Получает 1 <sprite name=\"AttackDmgUp\"><color=#f8c200><u><link=\"AttackDmgUp\">Повышение урона</link></u></color>, 1 <sprite name=\"Vulnerable\"><color=#e30000><u><link=\"Vulnerable\">Уязвимость</link></u></color> и 1 <sprite name=\"BurstVulnerable\"><color=#e30000><u><link=\"BurstVulnerable\">Уязвимость к Разрывам</link></u></color>",
      "panicDescription": "Получает 2 <sprite name=\"AttackDmgUp\"><color=#f8c200><u><link=\"AttackDmgUp\">Повышения урона</link></u></color>, 2 <sprite name=\"Vulnerable\"><color=#e30000><u><link=\"Vulnerable\">Уязвимости</link></u></color> и 2 <sprite name=\"BurstVulnerable\"><color=#e30000><u><link=\"BurstVulnerable\">Уязвимости к Разрывам</link></u></color>"
    },
    {
      "id": 1044,
      "panicName": "Сердце зла",
      "lowMoraleDescription": "- Сила в столкновении +2 против целей с <sprite name=\"OminousTalisman\"><color=#e30000><u><link=\"OminousTalisman\">Предзнаменующими талисманами</link></u></color>\n- Получает 2 <sprite name=\"AttackDmgUp\"><color=#f8c200><u><link=\"AttackDmgUp\">Повышения урона</link></u></color> и 1 <sprite name=\"Vulnerable\"><color=#e30000><u><link=\"Vulnerable\">Уязвимость</link></u></color>",
      "panicDescription": "- Сила в столкновении +3 против целей с <sprite name=\"OminousTalisman\"><color=#e30000><u><link=\"OminousTalisman\">Предзнаменующими талисманами</link></u></color>\n- Получает 3 <sprite name=\"AttackDmgUp\"><color=#f8c200><u><link=\"AttackDmgUp\">Повышения урона</link></u></color> и 2 <sprite name=\"Vulnerable\"><color=#e30000><u><link=\"Vulnerable\">Уязвимости</link></u></color>"
    },
    {
      "id": 1045,
      "panicName": "Сердце гнетущего зла",
      "lowMoraleDescription": "- Сила в столкновении +2 против целей с <sprite name=\"OminousTalisman\"><color=#e30000><u><link=\"OminousTalisman\">Предзнаменующими талисманами</link></u></color>\n- Получает 3 <sprite name=\"AttackDmgUp\"><color=#f8c200><u><link=\"AttackDmgUp\">Повышения урона</link></u></color> и 1 <sprite name=\"Vulnerable\"><color=#e30000><u><link=\"Vulnerable\">Уязвимость</link></u></color>",
      "panicDescription": "- Сила в столкновении +3 против целей с <sprite name=\"OminousTalisman\"><color=#e30000><u><link=\"OminousTalisman\">Предзнаменующими талисманами</link></u></color>\n- Получает 4 <sprite name=\"AttackDmgUp\"><color=#f8c200><u><link=\"AttackDmgUp\">Повышения урона</link></u></color> и 2 <sprite name=\"Vulnerable\"><color=#e30000><u><link=\"Vulnerable\">Уязвимости</link></u></color>"
    },
    {
      "id": 1047,
      "panicName": "Цзя Цю",
      "lowMoraleDescription": "Наносит на 10% больше урона всем кроме Хон Лу",
      "panicDescription": "Наносит на 20% больше урона всем кроме Хон Лу"
    },
    {
      "id": 1042,
      "panicName": "Схема встречной подзарядки",
      "lowMoraleDescription": "Повышает свой счётчик <sprite name=\"Charge\"><color=#f8c200><u><link=\"Charge\">Заряда</link></u></color> на 3 и получает 1 <sprite name=\"Vulnerable\"><color=#e30000><u><link=\"Vulnerable\">Уязвимость</link></u></color>, когда сталкивается с противниками, имеющими <sprite name=\"Burst\"><color=#e30000><u><link=\"Burst\">Разрыв</link></u></color> (До 2 раз за ход)",
      "panicDescription": "Повышает свой счётчик <sprite name=\"Charge\"><color=#f8c200><u><link=\"Charge\">Заряда</link></u></color> на 5 и получает 2 <sprite name=\"Vulnerable\"><color=#e30000><u><link=\"Vulnerable\">Уязвимости</link></u></color> с 1 <sprite name=\"AttackDmgUp\"><color=#f8c200><u><link=\"AttackDmgUp\">Повышением урона</link></u></color>, когда сталкивается с противниками, имеющими <sprite name=\"Burst\"><color=#e30000><u><link=\"Burst\">Разрыв</link></u></color> (До 2 раз за ход)"
    },
    {
      "id": 9995,
      "panicName": "Перехватывающее дыхание",
      "lowMoraleDescription": "Теряет 2 <sprite name=\"Breath\"><color=#f8c200><u><link=\"Breath\">Дыхания</link></u></color> в начале хода и получает 2 <sprite name=\"DefenseDown\"><color=#e30000><u><link=\"DefenseDown\">Понижения уровня защиты</link></u></color>",
      "panicDescription": "Теряет 5 <sprite name=\"Breath\"><color=#f8c200><u><link=\"Breath\">Дыхания</link></u></color> в начале хода и получает 5 <sprite name=\"DefenseDown\"><color=#e30000><u><link=\"DefenseDown\">Понижений уровня защиты</link></u></color>"
    },
    {
      "id": 1055,
      "panicName": "Обоюдоострое перо",
      "lowMoraleDescription": "- Получает 1 <sprite name=\"Vulnerable\"><color=#e30000><u><link=\"Vulnerable\">Уязвимость</link></u></color> и 1 <sprite name=\"TakeHpHealIncrease\"><color=#f8c200><u><link=\"TakeHpHealIncrease\">Повышение восстановления ОЗ</link></u></color> в начале хода\n- Наносит 1 <sprite name=\"Burst\"><color=#e30000><u><link=\"Burst\">Разрыв</link></u></color> и 1 <sprite name=\"Laceration\"><color=#e30000><u><link=\"Laceration\">Кровотечение</link></u></color> при ударе",
      "panicDescription": "- Получает 2 <sprite name=\"Vulnerable\"><color=#e30000><u><link=\"Vulnerable\">Уязвимости</link></u></color> и 2 <sprite name=\"TakeHpHealIncrease\"><color=#f8c200><u><link=\"TakeHpHealIncrease\">Повышения восстановления ОЗ</link></u></color> в начале хода\n- Наносит 1 <sprite name=\"Burst\"><color=#e30000><u><link=\"Burst\">Разрыв</link></u></color> и 1 <sprite name=\"Laceration\"><color=#e30000><u><link=\"Laceration\">Кровотечение</link></u></color> при ударе"
    },
    {
      "id": 1056,
      "panicName": "Страх",
      "lowMoraleDescription": "- Сила в столкновении +2 против целей с <sprite name=\"OminousTalisman\"><color=#e30000><u><link=\"OminousTalisman\">Предзнаменующими талисманами</link></u></color>\n- Получает 2 <sprite name=\"AttackDmgUp\"><color=#f8c200><u><link=\"AttackDmgUp\">Повышения урона</link></u></color> и 1 <sprite name=\"Vulnerable\"><color=#e30000><u><link=\"Vulnerable\">Уязвимость</link></u></color>",
      "panicDescription": "- Сила в столкновении +3 против целей с <sprite name=\"OminousTalisman\"><color=#e30000><u><link=\"OminousTalisman\">Предзнаменующими талисманами</link></u></color>\n- Получает 3 <sprite name=\"AttackDmgUp\"><color=#f8c200><u><link=\"AttackDmgUp\">Повышения урона</link></u></color> и 2 <sprite name=\"Vulnerable\"><color=#e30000><u><link=\"Vulnerable\">Уязвимости</link></u></color>"
    },
    {
      "id": 1058,
      "panicName": "Таратор приказами",
      "lowMoraleDescription": "- Получает 1 <sprite name=\"Vulnerable\"><color=#e30000><u><link=\"Vulnerable\">Уязвимость</link></u></color>\n= Даёт всем союзникам 1 <sprite name=\"AttackDmgUp\"><color=#f8c200><u><link=\"AttackDmgUp\">Повышение урона</link></u></color>",
      "panicDescription": "- Получает 2 <sprite name=\"Vulnerable\"><color=#e30000><u><link=\"Vulnerable\">Уязвимости</link></u></color>\n- Даёт всем союзникам 2 <sprite name=\"AttackDmgUp\"><color=#f8c200><u><link=\"AttackDmgUp\">Повышения урона</link></u></color>"
    }
  ]
}