﻿{
  "dataList": [
    {
      "id": 1059,
      "panicName": "Необузданный скакун",
      "lowMoraleDescription": "Получает 2 <sprite name=\"AttackUp\"><color=#f8c200><u><link=\"AttackUp\">Повышения уровня атаки</link></u></color> и 1 <sprite name=\"Vulnerable\"><color=#e30000><u><link=\"Vulnerable\">Уязвимость</link></u></color>",
      "panicDescription": "- Максимальная скорость повышается на 1\n- Получает 2 <sprite name=\"AttackUp\"><color=#f8c200><u><link=\"AttackUp\">Повышения уровня атаки</link></u></color> и 2 <sprite name=\"Vulnerable\"><color=#e30000><u><link=\"Vulnerable\">Уязвимости</link></u></color>"
    },
    {
      "id": 1060,
      "panicName": "Ночной Скиталец Пьяной Ладони",
      "lowMoraleDescription": "- Получает на 10% больше урона от Цзя Сичунь\n- Наносит на 30% больше урона контратаками",
      "panicDescription": "- Итоговая сила +1\n- Получает на 20% больше урона от Цзя Сичунь\n- Наносит на 50% больше урона контратаками"
    },
    {
      "id": 1041,
      "panicName": "Тёмная рука",
      "lowMoraleDescription": "- Сила в столкновении -1\n- Получает на 10% меньше урона",
      "panicDescription": "- Сила в столкновении -2\n- Получает на 20% меньше урона"
    }
  ]
}