﻿{
  "dataList": [
    {
      "id": 1024,
      "panicName": "Расколотое единство",
      "lowMoraleDescription": "- Получает 1 <sprite name=\"Vulnerable\"><color=#e30000><u><link=\"Vulnerable\">Уязвимость</link></u></color>\n- При получении урона свой счётчик <sprite name=\"Vibration\"><color=#e30000><u><link=\"Vibration\">Тремора</link></u></color> повышается на 1 (До 3 раз за ход)",
      "panicDescription": "- Получает 2 <sprite name=\"Vulnerable\"><color=#e30000><u><link=\"Vulnerable\">Уязвимости</link></u></color>\n- При получении урона свой счётчик <sprite name=\"Vibration\"><color=#e30000><u><link=\"Vibration\">Тремора</link></u></color> повышается на 2 (До 3 раз за ход)"
    }
  ]
}