﻿{
  "dataList": [
    {
      "id": 1017,
      "panicName": "Одержимость уборкой",
      "lowMoraleDescription": "- Теряет 5 СД при поражении в столкновении\n- Получает 1 <sprite name=\"Agility\"><color=#f8c200><u><link=\"Agility\">Спешку</link></u></color> на следующий ход при получении удара (До 2)",
      "panicDescription": "- Получает 2 <sprite name=\"Vulnerable\"><color=#e30000><u><link=\"Vulnerable\">Уязвимости</link></u></color>\n- Получает 1 <sprite name=\"Agility\"><color=#f8c200><u><link=\"Agility\">Спешку</link></u></color> на следующий ход при получении удара (До 3)"
    },
    {
      "id": 1018,
      "panicName": "Эхо особняка",
      "lowMoraleDescription": "- Сила в столкновении -1\n- На 10% больше урона монетами, на которых выпал орёл",
      "panicDescription": "- Сила в столкновении -2\n- Получает 2 <sprite name=\"AttackDmgUp\"><color=#f8c200><u><link=\"AttackDmgUp\">Повышения урона</link></u></color>"
    },
    {
      "id": 1020,
      "panicName": "Раскол",
      "lowMoraleDescription": "- Теряет 2 ОЗ с каждым комбо\n- Получает 1 <sprite name=\"AttackUp\"><color=#f8c200><u><link=\"AttackUp\">Повышение уровня атаки</link></u></color>",
      "panicDescription": "- Теряет 3 ОЗ с каждым комбо\n- Получает 2 <sprite name=\"AttackUp\"><color=#f8c200><u><link=\"AttackUp\">Повышения уровня атаки</link></u></color>"
    }
  ]
}