﻿{
  "dataList": [
    {
      "id": "4",
      "nameList": [
        {
          "id": "0",
          "content": "Line 4 Boarding"
        },
        {
          "id": "1",
          "content": "Секция #1",
          "shortName": "Секция #1"
        },
        {
          "id": "2",
          "content": "Station #4 : Interlude",
          "shortName": "Station #4"
        },
        {
          "id": "3",
          "content": "Секция #2",
          "shortName": "Секция #2"
        },
        {
          "id": "4",
          "content": "Station #8 : Interlude",
          "shortName": "Station #8"
        },
        {
          "id": "5",
          "content": "Секция #3",
          "shortName": "Секция #3"
        },
        {
          "id": "6",
          "content": "Station #11 : Interlude",
          "shortName": "Station #11"
        },
        {
          "id": "7",
          "content": "Секция #4",
          "shortName": "Секция #4"
        }
      ]
    }
  ]
}