﻿{
  "dataList": [
    {
      "id": "retunPolicy_Info",
      "content": "Политика возврата (если приобретённый товар не соответствует ожиданиям)"
    },
    {
      "id": "retunPolicy_Info_Paragraph_1",
      "content": "Мы хотели бы проинформировать вас о нашей политике возврата в соответствии с положениями, указанными в «Условиях предоставления услуг Limbus Company».\n\n"
    },
    {
      "id": "retunPolicy_Info_Desc_1",
      "content": "1. Пользователи, заключившие договор на приобретение платного контента у Компании, могут отказаться от подписки без дополнительных сборов или штрафов в течение 7 дней с момента заключения договора о покупке или с момента доступности контента, в зависимости от того, какая дата наступит позже.\n\n"
    },
    {
      "id": "retunPolicy_Info_Desc_2",
      "content": "2. Пользователи не могут отказаться от подписки в соответствии с пунктом 1 против воли Компании в следующих случаях. Однако в случае договора о покупке, включающего делимый контент, это не применяется к оставшимся частям делимого контента, которые не подпадают под каждый из следующих подпунктов."
    },
    {
      "id": "retunPolicy_Info_Desc_2_1",
      "content": "(1) Товары, которые используются сразу после покупки"
    },
    {
      "id": "retunPolicy_Info_Desc_2_2",
      "content": "(2) Контент, в котором использованы дополнительные бонусы, если такие бонусы предоставлены"
    },
    {
      "id": "retunPolicy_Info_Desc_2_3",
      "content": "(3) В случае открытия контента, которое можно расценивать как использование или определяющее полезность на момент открытия\n\n"
    },
    {
      "id": "retunPolicy_Info_Desc_3",
      "content": "3. В случае контента, на который не распространяется возможность возврата согласно каждому подпункту пункта 2, Компания ясно указывает этот факт в месте, доступном для ознакомления Пользователей, и предоставляет пробную версию контента (разрешено временное использование, только для ознакомления) либо, если предоставление такой версии затруднительно, Компания предоставляет информацию о контенте таким образом, чтобы реализация права Пользователя на отказ от подписки не была затруднена.\n\n"
    },
    {
      "id": "retunPolicy_Info_Paragraph_2",
      "content": "[Руководство по политике возврата]"
    },
    {
      "id": "table_ItemCategory_Title",
      "content": "Категория"
    },
    {
      "id": "table_ItemList_Title",
      "content": "Название"
    },
    {
      "id": "table_ReturnPolicy_Title",
      "content": "Возможность возврата"
    },
    {
      "id": "table_Detail_Title",
      "content": "Детали"
    },
    {
      "id": "BATTLEPASS_A",
      "content": "Баттл пасс"
    },
    {
      "id": "PACKAGE_A",
      "content": "Наборы"
    },
    {
      "id": "PACKAGE_B",
      "content": "Наборы"
    },
    {
      "id": "PACKAGE_C",
      "content": "Наборы"
    },
    {
      "id": "GROWTH_A",
      "content": "Подписка"
    },
    {
      "id": "LUNACY_A",
      "content": "Примогемы"
    },
    {
      "id": "LUNACY_B",
      "content": "Примогемы"
    },
    {
      "id": "VENDINGMACHINE_A",
      "content": "Магазин ID-предметов за шарды"
    },
    {
      "id": "PACKAGE_A_Comment",
      "content": "[※ Наборы с баннерами, декоративными билетами, озвучкой или специальными предметами, которые невозможно получить иным способом в игре]"
    },
    {
      "id": "PACKAGE_B_Comment",
      "content": "[※ Наборы с сезонной валютой]"
    },
    {
      "id": "LUNACY_A_Comment",
      "content": "[※ Включает предложения для новых игроков]"
    },
    {
      "id": "VENDINGMACHINE_A_Comment",
      "content": "[※ Предметы, приобретаемые через Диспенсер за оплаченные примогемы]"
    },
    {
      "id": "detail_not_return",
      "content": "- Не подлежит возврату: контент, использованный или применённый сразу после покупки"
    },
    {
      "id": "detail_return_7day",
      "content": "- Может быть возвращён в течение 7 дней с момента покупки"
    },
    {
      "id": "detail_not_return_get_mail",
      "content": "- Не подлежит возврату, если содержимое набора было получено из почтового ящика"
    },
    {
      "id": "detail_not_return_platform",
      "content": "- Для данного продукта: если Пользователь оформляет возврат через платформу, у него есть однократная возможность получить изъятие игровой валюты вместо блокировки аккаунта."
    },
    {
      "id": "detail_not_return_get_mail_one_item",
      "content": "- Не подлежит возврату, если один или несколько предметов набора были получены из почтового ящика"
    }
  ]
}
