﻿{
  "dataList": [
    {
      "id": "season_title_1",
      "content": "ОКУРОК"
    },
    {
      "id": "season_title_1_EVENT",
      "content": "ОКУРОК [СОБЫТИЕ]"
    },
    {
      "id": "season_title_2",
      "content": "АЛЬЦГЕЙМЕР"
    },
    {
      "id": "season_title_2_EVENT",
      "content": "АЛЬЦГЕЙМЕР [СОБЫТИЕ]"
    },
    {
      "id": "season_9101_walpurgisnacht",
      "content": "Ночь депа"
    },
    {
      "id": "season_title_3",
      "content": "ЧА МАГАНЕРА"
    },
    {
      "id": "season_title_3_EVENT",
      "content": "ЧА МАГАНЕРА [СОБЫТИЕ]"
    },
    {
      "id": "season_filter_3",
      "content": "Сезон 3"
    },
    {
      "id": "season_title_4",
      "content": "ОЧИСТИТЬ ВСе ПИВО"
    },
    {
      "id": "season_title_4_EVENT",
      "content": "ОЧИСТИТЬ ВСе ПИВО [СОБЫТИЕ]"
    },
    {
      "id": "season_filter_4",
      "content": "Сезон 4"
    },
    {
      "id": "season_title_5",
      "content": "СКАЙРИМ"
    },
    {
      "id": "season_title_5_EVENT",
      "content": "СКАЙРИМ [СОБЫТИЕ]"
    },
    {
      "id": "season_filter_5",
      "content": "Сезон 5"
    },
    {
      "id": "season_filter_6",
      "content": "Сезон 6"
    },
    {
      "id": "season_title_6",
      "content": "ТОКИЙСКИЙ ГУЛЬ"
    },
    {
      "id": "season_title_6_EVENT",
      "content": "ТОКИЙСКИЙ ГУЛЬ[СОБЫТИЕ]"
    }
  ]
}