﻿{
  "dataList": [
    {
      "id": "shotcutKeyManual_confirm_popup",
      "content": "[Общий] Подтвердить"
    },
    {
      "id": "shotcutKeyManual_skip_story",
      "content": "[История] Пропустить диалог"
    },
    {
      "id": "shotcutKeyManual_skip_extraction",
      "content": "[Извлечение] Пропустить анимацию"
    },
    {
      "id": "shotcutKeyManual_pause_and_play",
      "content": "[Битва] Поставить на паузу и продолжить"
    },
    {
      "id": "shotcutKeyManual_start_battle",
      "content": "[Битва] Начать фазу битвы"
    },
    {
      "id": "shotcutKeyManual_button_winning",
      "content": "[Битва] Лучшая кнопка в игре"
    },
    {
      "id": "shotcutKeyManual_button_damage",
      "content": "Разнести ебало"
    },
    {
      "id": "shotcutKeyManual_close_popup",
      "content": "[Общий] Закрыть окно"
    },
    {
      "id": "shotcutKeyManual_cancel_back",
      "content": "Отменить или вернуться в предыдущее меню"
    },
    {
      "id": "shotcutKeyManual_quit_game",
      "content": "Выйти из игры"
    },
    {
      "id": "shotcutKeyManual_move_screen",
      "content": "[Битва] Передвижение камеры"
    },
    {
      "id": "shotcutKeyManual_show_current_situation",
      "content": "[Битва] Указатели столкновений"
    },
    {
      "id": "shotcutKeyManual_open_manual",
      "content": "[Общий] Открыть руководство"
    },
    {
      "id": "shotcutKeyManual_zoom_inout_battle",
      "content": "[Битва] Приблизить или отдалить"
    }
  ]
}