{
  "dataList": [
    {
      "id": 122301,
      "levelList": [
        {
          "level": 1,
          "name": "Cascading Despair",
          "desc": "[WhenUse] If target has 4+ [Sinking], Coin Power +1\n[WinDuel] Inflict [ColdBlackTear] equal to the # of remaining Coins",
          "coinlist": [
            {
              "coindescs": [
                {
                  "desc": "[OnSucceedAttack] Inflict 2 [Sinking]"
                }
              ]
            },
            {
              "coindescs": [
                {
                  "desc": "[OnSucceedAttack] Inflict +1 [Sinking] Count"
                }
              ]
            },
            {
              "coindescs": [
                {
                  "desc": "[OnSucceedAttack] Inflict 2 [Sinking]"
                }
              ]
            }
          ]
        }
      ]
    },
    {
      "id": 122302,
      "levelList": [
        {
          "level": 1,
          "name": "Sharp Teardrops",
          "desc": "[WhenUse] If target has 4+ [Sinking], Coin Power +1\n[WhenUse] If target has 20 or higher SP, Base Power +1\n[WinDuel] Inflict [ColdBlackTear] equal to the # of remaining Coins",
          "coinlist": [
            {
              "coindescs": [
                {
                  "desc": "[OnSucceedAttack] Inflict 2 [Sinking]"
                },
                {
                  "desc": "[OnSucceedAttack] Inflict +2 [Sinking] Count"
                }
              ]
            },
            {
              "coindescs": [
                {
                  "desc": "[OnSucceedAttack] Inflict 1 [Sinking]"
                },
                {
                  "desc": "[OnSucceedAttack] Inflict +1 [Sinking] Count"
                }
              ]
            },
            {
              "coindescs": [
                {
                  "desc": "[OnSucceedAttack] Inflict 1 [Sinking]"
                },
                {
                  "desc": "[OnSucceedAttack] Inflict +1 [Sinking] Count"
                }
              ]
            }
          ]
        }
      ]
    },
    {
      "id": 122303,
      "levelList": [
        {
          "level": 1,
          "name": "River of Despairing Tears",
          "desc": "[WhenUse] Base Power +1 for every 4 [Sinking] on target (max 2)\n[WhenUse] If target has 1+ [ColdBlackTear], Coin Power +1\n[DefeatDuel] Deal -80% damage and damage dealt by this Skill cannot Stagger the target",
          "coinlist": [
            {
              "coindescs": [
                {
                  "desc": "[SuperCoin]"
                },
                {
                  "desc": "[UnBrokenCoinOnSucceedAttack] Inflict 1 [ColdBlackTear]"
                }
              ]
            },
            {
              "coindescs": [
                {
                  "desc": "[SuperCoin]"
                },
                {
                  "desc": "[UnBrokenCoinOnSucceedAttack] Inflict 1 [ColdBlackTear]"
                }
              ]
            },
            {
              "coindescs": [
                {
                  "desc": "[SuperCoin]"
                },
                {
                  "desc": "[UnBrokenCoinOnSucceedAttack] Inflict 1 [ColdBlackTear]"
                }
              ]
            },
            {
              "coindescs": [
                {
                  "desc": "[SuperCoin]"
                },
                {
                  "desc": "[UnBrokenCoinOnSucceedAttack] Inflict 1 [ColdBlackTear]"
                }
              ]
            },
            {
              "coindescs": [
                {
                  "desc": "[SuperCoin]"
                },
                {
                  "desc": "[UnBrokenCoinOnSucceedAttack] Inflict 1 [ColdBlackTear]"
                }
              ]
            }
          ]
        }
      ]
    },
    {
      "id": 122304,
      "levelList": [
        {
          "level": 1,
          "name": "Shared Sorrow, Dulled",
          "desc": "[WhenUse] Inflict 1 [ColdBlackTear]",
          "coinlist": [
            {
              "coindescs": [
                {
                  "desc": "[OnSucceedAttack] If target has 3+ [ColdBlackTear], inflict 1 [Vulnerable]"
                }
              ]
            }
          ]
        }
      ]
    },
    {
      "id": 122305,
      "levelList": [
        {
          "level": 1,
          "name": "Violent Cascade of Hollow Despair",
          "desc": "Prioritizes targets with the most [ColdBlackTear]\n[WhenUse] If the main target has 5+ [ColdBlackTear], Coin Power +5",
          "coinlist": [
            {
              "coindescs": [
                {
                  "desc": "[SuperCoin]"
                },
                {
                  "desc": "[UnBrokenCoinOnSucceedAttack] Deal fixed damage equal to ([ColdBlackTear] Stack on target x 6)% of target's max HP, then remove all [ColdBlackTear] on target"
                }
              ]
            }
          ]
        }
      ]
    },
    {
      "id": 122306,
      "levelList": [
        {
          "level": 1,
          "name": "Arcana: Tear and Pierce",
          "desc": "Uses this Skill when an enemy uses Arcana[TabExplain] Slave, and when this unit does not have [CollapsedPride]\nCounterattacks only Arcana Slave",
          "coinlist": [
            {
              "coindescs": [
                {
                  "desc": "[SuperCoin]"
                },
                {
                  "desc": "[OnSucceedAttack] Inflict 2 [ColdBlackTear]"
                }
              ]
            },
            {
              "coindescs": [
                {
                  "desc": "[SuperCoin]"
                },
                {
                  "desc": "[OnSucceedAttack] Inflict 1 [ColdBlackTear]"
                }
              ]
            },
            {
              "coindescs": [
                {
                  "desc": "[SuperCoin]"
                },
                {
                  "desc": "[OnSucceedAttack] Inflict 1 [ColdBlackTear]"
                }
              ]
            },
            {
              "coindescs": [
                {
                  "desc": "[SuperCoin]"
                },
                {
                  "desc": "[OnSucceedAttack] Inflict 1 [ColdBlackTear]"
                }
              ]
            },
            {
              "coindescs": [
                {
                  "desc": "[SuperCoin]"
                },
                {
                  "desc": "[OnSucceedAttack] Deal fixed damage equal to ([ColdBlackTear] Stack on target x 6)% of target's max HP, then remove all [ColdBlackTear] on target (ignores Resistances)"
                }
              ]
            }
          ]
        }
      ]
    },
    {
      "id": 122401,
      "levelList": [
        {
          "level": 1,
          "name": "Faded Faith",
          "desc": "[WhenUse] Clash Power +1 for every 4 [Sinking] on target (max 2)\n[WhenUse] If target has 10 or higher SP, Base Power +1\n[WhenUse] If target has 20 or higher SP, Coin Power +1",
          "coinlist": [
            {
              "coindescs": [
                {
                  "desc": "[OnSucceedAttack] Inflict 2 [Sinking]"
                }
              ]
            },
            {
              "coindescs": [
                {
                  "desc": "[OnSucceedAttack] Inflict 2 [Sinking]"
                }
              ]
            }
          ]
        }
      ]
    },
    {
      "id": 122402,
      "levelList": [
        {
          "level": 1,
          "name": "Weathered Pride",
          "desc": "[WhenUse] Clash Power +1 for every 4 [Sinking] on target (max 2)\n[WhenUse] If target has 10 or higher SP, Base Power +1\n[WhenUse] If target has 20 or higher SP, Coin Power +1",
          "coinlist": [
            {
              "coindescs": [
                {
                  "desc": "[OnSucceedAttack] Inflict 1 [Sinking]"
                }
              ]
            },
            {
              "coindescs": [
                {
                  "desc": "[OnSucceedAttack] Inflict 1 [Sinking]"
                },
                {
                  "desc": "[OnSucceedAttack] Inflict +1 [Sinking] Count"
                }
              ]
            }
          ]
        }
      ]
    },
    {
      "id": 122403,
      "levelList": [
        {
          "level": 1,
          "name": "Endless Despair",
          "desc": "[WhenUse] Clash Power +1 for every 4 [Sinking] on target (max 2)\n[WhenUse] If target has 10 or higher SP, Base Power +1\n[WhenUse] If target has 20 or higher SP, Coin Power +1",
          "coinlist": [
            {
              "coindescs": [
                {
                  "desc": "[OnSucceedAttack] Inflict 1 [Sinking]"
                },
                {
                  "desc": "[OnSucceedAttack] Inflict +1 [Sinking] Count"
                }
              ]
            },
            {
              "coindescs": [
                {
                  "desc": "[OnSucceedAttack] Inflict 1 [Sinking]"
                },
                {
                  "desc": "[OnSucceedAttack] Inflict +1 [Sinking] Count"
                }
              ]
            }
          ]
        }
      ]
    },
    {
      "id": 122404,
      "levelList": [
        {
          "level": 1,
          "name": "Sword Sharpened with Tears",
          "desc": "[WhenUse] Coin Power +5 for every 6 [Sinking] on target (max 10)\n[WhenUse] If target has [ColdBlackTear], Final Power +1",
          "coinlist": [
            {
              "coindescs": [
                {
                  "desc": "[OnSucceedAttack] If target has 6+ [Sinking], inflict ([Sinking] on target / 10) [DefenseDown] next turn (rounded down)"
                }
              ]
            }
          ]
        }
      ]
    },
    {
      "id": 122405,
      "levelList": [
        {
          "level": 1,
          "name": "Sword Laced with Grief",
          "desc": "[WhenUse] Coin Power +3 for every 6 [Sinking] on target (max 6)\n[WhenUse] Base Power +1 for every [ColdBlackTear] Count on target (max 3)",
          "coinlist": [
            {
              "coindescs": [
                {
                  "desc": "[SuperCoin]"
                },
                {
                  "desc": "[UnBrokenCoinOnSucceedAttack] Deal bonus Gloom damage equal to (Skill Power)% of target's max HP (max 30)\n- If target has 2+ [ColdBlackTear], deal bonus Gloom damage again"
                }
              ]
            }
          ]
        }
      ]
    },
    {
      "id": 122501,
      "levelList": [
        {
          "level": 1,
          "name": "Faded Faith",
          "desc": "[WhenUse] Clash Power +1 for every 4 [Sinking] on target (max 2)\n[WhenUse] If target has 10 or higher SP, Base Power +1\n[WhenUse] If target has 20 or higher SP, Coin Power +1",
          "coinlist": [
            {
              "coindescs": [
                {
                  "desc": "[OnSucceedAttack] Inflict 2 [Sinking]"
                }
              ]
            },
            {
              "coindescs": [
                {
                  "desc": "[OnSucceedAttack] Inflict 2 [Sinking]"
                }
              ]
            }
          ]
        }
      ]
    },
    {
      "id": 122502,
      "levelList": [
        {
          "level": 1,
          "name": "Weathered Pride",
          "desc": "[WhenUse] Clash Power +1 for every 4 [Sinking] on target (max 2)\n[WhenUse] If target has 10 or higher SP, Base Power +1\n[WhenUse] If target has 20 or higher SP, Coin Power +1",
          "coinlist": [
            {
              "coindescs": [
                {
                  "desc": "[OnSucceedAttack] Inflict 1 [Sinking]"
                }
              ]
            },
            {
              "coindescs": [
                {
                  "desc": "[OnSucceedAttack] Inflict 1 [Sinking]"
                },
                {
                  "desc": "[OnSucceedAttack] Inflict +1 [Sinking] Count"
                }
              ]
            }
          ]
        }
      ]
    },
    {
      "id": 122503,
      "levelList": [
        {
          "level": 1,
          "name": "Endless Despair",
          "desc": "[WhenUse] Clash Power +1 for every 4 [Sinking] on target (max 2)\n[WhenUse] If target has 10 or higher SP, Base Power +1\n[WhenUse] If target has 20 or higher SP, Coin Power +1",
          "coinlist": [
            {
              "coindescs": [
                {
                  "desc": "[OnSucceedAttack] Inflict 1 [Sinking]"
                },
                {
                  "desc": "[OnSucceedAttack] Inflict +1 [Sinking] Count"
                }
              ]
            },
            {
              "coindescs": [
                {
                  "desc": "[OnSucceedAttack] Inflict 1 [Sinking]"
                },
                {
                  "desc": "[OnSucceedAttack] Inflict +1 [Sinking] Count"
                }
              ]
            }
          ]
        }
      ]
    },
    {
      "id": 122504,
      "levelList": [
        {
          "level": 1,
          "name": "Sword Sharpened with Tears",
          "desc": "[WhenUse] Coin Power +5 for every 6 [Sinking] on target (max 10)\n[WhenUse] If target has [ColdBlackTear], Final Power +1",
          "coinlist": [
            {
              "coindescs": [
                {
                  "desc": "[OnSucceedAttack] If target has 6+ [Sinking], inflict ([Sinking] on target / 10) [DefenseDown] next turn (rounded down)"
                }
              ]
            }
          ]
        }
      ]
    },
    {
      "id": 122505,
      "levelList": [
        {
          "level": 1,
          "name": "Sword Laced with Grief",
          "desc": "[WhenUse] Coin Power +3 for every 6 [Sinking] on target (max 6)\n[WhenUse] Base Power +1 for every [ColdBlackTear] Count on target (max 3)",
          "coinlist": [
            {
              "coindescs": [
                {
                  "desc": "[SuperCoin]"
                },
                {
                  "desc": "[UnBrokenCoinOnSucceedAttack] Deal bonus Gloom damage equal to (Skill Power)% of target's max HP (max 30)\n- If target has 2+ [ColdBlackTear], deal bonus Gloom damage again"
                }
              ]
            }
          ]
        }
      ]
    },
    {
      "id": 122601,
      "levelList": [
        {
          "level": 1,
          "name": "Faded Faith",
          "desc": "[WhenUse] Clash Power +1 for every 4 [Sinking] on target (max 2)\n[WhenUse] If target has 10 or higher SP, Base Power +1\n[WhenUse] If target has 20 or higher SP, Coin Power +1",
          "coinlist": [
            {
              "coindescs": [
                {
                  "desc": "[OnSucceedAttack] Inflict 2 [Sinking]"
                }
              ]
            },
            {
              "coindescs": [
                {
                  "desc": "[OnSucceedAttack] Inflict 2 [Sinking]"
                }
              ]
            }
          ]
        }
      ]
    },
    {
      "id": 122602,
      "levelList": [
        {
          "level": 1,
          "name": "Weathered Pride",
          "desc": "[WhenUse] Clash Power +1 for every 4 [Sinking] on target (max 2)\n[WhenUse] If target has 10 or higher SP, Base Power +1\n[WhenUse] If target has 20 or higher SP, Coin Power +1",
          "coinlist": [
            {
              "coindescs": [
                {
                  "desc": "[OnSucceedAttack] Inflict 1 [Sinking]"
                }
              ]
            },
            {
              "coindescs": [
                {
                  "desc": "[OnSucceedAttack] Inflict 1 [Sinking]"
                },
                {
                  "desc": "[OnSucceedAttack] Inflict +1 [Sinking] Count"
                }
              ]
            }
          ]
        }
      ]
    },
    {
      "id": 122603,
      "levelList": [
        {
          "level": 1,
          "name": "Endless Despair",
          "desc": "[WhenUse] Clash Power +1 for every 4 [Sinking] on target (max 2)\n[WhenUse] If target has 10 or higher SP, Base Power +1\n[WhenUse] If target has 20 or higher SP, Coin Power +1",
          "coinlist": [
            {
              "coindescs": [
                {
                  "desc": "[OnSucceedAttack] Inflict 1 [Sinking]"
                },
                {
                  "desc": "[OnSucceedAttack] Inflict +1 [Sinking] Count"
                }
              ]
            },
            {
              "coindescs": [
                {
                  "desc": "[OnSucceedAttack] Inflict 1 [Sinking]"
                },
                {
                  "desc": "[OnSucceedAttack] Inflict +1 [Sinking] Count"
                }
              ]
            }
          ]
        }
      ]
    },
    {
      "id": 122604,
      "levelList": [
        {
          "level": 1,
          "name": "Sword Sharpened with Tears",
          "desc": "[WhenUse] Coin Power +5 for every 6 [Sinking] on target (max 10)\n[WhenUse] If target has [ColdBlackTear], Final Power +1",
          "coinlist": [
            {
              "coindescs": [
                {
                  "desc": "[OnSucceedAttack] If target has 6+ [Sinking], inflict ([Sinking] on target / 10) [DefenseDown] next turn (rounded down)"
                }
              ]
            }
          ]
        }
      ]
    },
    {
      "id": 122605,
      "levelList": [
        {
          "level": 1,
          "name": "Sword Laced with Grief",
          "desc": "[WhenUse] Coin Power +3 for every 6 [Sinking] on target (max 6)\n[WhenUse] Base Power +1 for every [ColdBlackTear] Count on target (max 3)",
          "coinlist": [
            {
              "coindescs": [
                {
                  "desc": "[SuperCoin]"
                },
                {
                  "desc": "[UnBrokenCoinOnSucceedAttack] Deal bonus Gloom damage equal to (Skill Power)% of target's max HP (max 30)\n- If target has 2+ [ColdBlackTear], deal bonus Gloom damage again"
                }
              ]
            }
          ]
        }
      ]
    },
    {
      "id": 122701,
      "levelList": [
        {
          "level": 1,
          "name": "Faded Faith",
          "desc": "[WhenUse] Clash Power +1 for every 4 [Sinking] on target (max 2)\n[WhenUse] If target has 10 or higher SP, Base Power +1\n[WhenUse] If target has 20 or higher SP, Coin Power +1",
          "coinlist": [
            {
              "coindescs": [
                {
                  "desc": "[OnSucceedAttack] Inflict 2 [Sinking]"
                }
              ]
            },
            {
              "coindescs": [
                {
                  "desc": "[OnSucceedAttack] Inflict 2 [Sinking]"
                }
              ]
            }
          ]
        }
      ]
    },
    {
      "id": 122702,
      "levelList": [
        {
          "level": 1,
          "name": "Weathered Pride",
          "desc": "[WhenUse] Clash Power +1 for every 4 [Sinking] on target (max 2)\n[WhenUse] If target has 10 or higher SP, Base Power +1\n[WhenUse] If target has 20 or higher SP, Coin Power +1",
          "coinlist": [
            {
              "coindescs": [
                {
                  "desc": "[OnSucceedAttack] Inflict 1 [Sinking]"
                }
              ]
            },
            {
              "coindescs": [
                {
                  "desc": "[OnSucceedAttack] Inflict 1 [Sinking]"
                },
                {
                  "desc": "[OnSucceedAttack] Inflict +1 [Sinking] Count"
                }
              ]
            }
          ]
        }
      ]
    },
    {
      "id": 122703,
      "levelList": [
        {
          "level": 1,
          "name": "Endless Despair",
          "desc": "[WhenUse] Clash Power +1 for every 4 [Sinking] on target (max 2)\n[WhenUse] If target has 10 or higher SP, Base Power +1\n[WhenUse] If target has 20 or higher SP, Coin Power +1",
          "coinlist": [
            {
              "coindescs": [
                {
                  "desc": "[OnSucceedAttack] Inflict 1 [Sinking]"
                },
                {
                  "desc": "[OnSucceedAttack] Inflict +1 [Sinking] Count"
                }
              ]
            },
            {
              "coindescs": [
                {
                  "desc": "[OnSucceedAttack] Inflict 1 [Sinking]"
                },
                {
                  "desc": "[OnSucceedAttack] Inflict +1 [Sinking] Count"
                }
              ]
            }
          ]
        }
      ]
    },
    {
      "id": 122704,
      "levelList": [
        {
          "level": 1,
          "name": "Sword Sharpened with Tears",
          "desc": "[WhenUse] Coin Power +5 for every 6 [Sinking] on target (max 10)\n[WhenUse] If target has [ColdBlackTear], Final Power +1",
          "coinlist": [
            {
              "coindescs": [
                {
                  "desc": "[OnSucceedAttack] If target has 6+ [Sinking], inflict ([Sinking] on target / 10) [DefenseDown] next turn (rounded down)"
                }
              ]
            }
          ]
        }
      ]
    },
    {
      "id": 122705,
      "levelList": [
        {
          "level": 1,
          "name": "Sword Laced with Grief",
          "desc": "[WhenUse] Coin Power +3 for every 6 [Sinking] on target (max 6)\n[WhenUse] Base Power +1 for every [ColdBlackTear] Count on target (max 3)",
          "coinlist": [
            {
              "coindescs": [
                {
                  "desc": "[SuperCoin]"
                },
                {
                  "desc": "[UnBrokenCoinOnSucceedAttack] Deal bonus Gloom damage equal to (Skill Power)% of target's max HP (max 30)\n- If target has 2+ [ColdBlackTear], deal bonus Gloom damage again"
                }
              ]
            }
          ]
        }
      ]
    }
  ]
}