{
  "dataList": [
    {
      "id": 40000201,
      "levelList": [
        {
          "level": 1,
          "name": "Weakness Thrust",
          "desc": "[WhenUse] If target has 3+ types of negative effects, Base Power +1\n[WhenUse] Gain +1 [Breath] Count\n[OnDirectAttack] Inflict +1 [Burst] Count",
          "coinlist": [
            {
              "coindescs": [
                {
                  "desc": "+30% Damage on Critical Hit"
                },
                {
                  "desc": "[OnSucceedAttack] Inflict 2 [Burst]"
                }
              ]
            }
          ]
        }
      ]
    },
    {
      "id": 40000202,
      "levelList": [
        {
          "level": 1,
          "name": "Dualblade Substitution Thrust",
          "desc": "[StartBattle] Gain 1 [Protection]\n[WhenUse] If target has 3+ types of negative effects, Coin Power +1\n[WhenUse] Gain 3 [Breath] Potency",
          "coinlist": [
            {
              "coindescs": [
                {
                  "desc": "[OnSucceedAttack] Inflict +2 [Burst] Count"
                }
              ]
            },
            {
              "coindescs": [
                {
                  "desc": "[OnSucceedAttack] Gain +1 [Breath] Count"
                }
              ]
            },
            {
              "coindescs": [
                {
                  "desc": "+50% Damage on Critical Hit"
                },
                {
                  "desc": "[OnSucceedAttack] Inflict 3 [Burst]"
                }
              ]
            }
          ]
        }
      ]
    },
    {
      "id": 40000203,
      "levelList": [
        {
          "level": 1,
          "name": "Aiding Strike",
          "desc": "[WhenUse] If target has 3+ types of negative effects, Coin Power +1\n[WhenUse] Gain +3 [Breath] Count\n[WhenUse] Gain 6 [Breath] Potency",
          "coinlist": [
            {
              "coindescs": [
                {
                  "desc": "[OnSucceedAttack] Inflict +2 [Burst] Count"
                }
              ]
            },
            {
              "coindescs": [
                {
                  "desc": "[OnSucceedAttack] Gain +1 [Breath] Count"
                }
              ]
            },
            {
              "coindescs": [
                {
                  "desc": "[CriticalOnSucceedAttack] Inflict 2 [Burst]"
                }
              ]
            },
            {
              "coindescs": [
                {
                  "desc": "+100% Damage on Critical Hit"
                },
                {
                  "desc": "[CriticalOnSucceedAttack] Inflict 5 [Burst]"
                }
              ]
            }
          ]
        }
      ]
    },
    {
      "id": 40000204,
      "levelList": [
        {
          "level": 1,
          "name": "Defend",
          "desc": "[CanDuelGuard]\n[StartBattle] Remove 1 random removable negative effect applied to self\n[StartBattle] Heal 10 SP\n[WhenUse] Gain 2 [ProtectStance]",
          "coinlist": [
            {
              "coindescs": [
                {
                  "desc": "[SuperCoin]"
                }
              ]
            }
          ]
        }
      ]
    }
  ]
}