﻿{
  "dataList": [
    {
      "id": 9016201,
      "levelList": [
        {
          "level": 1,
          "name": "Усиленный укол застывшей кровью",
          "desc": "",
          "coinlist": [
            {
              "coindescs": [
                {
                  "desc": "[OnSucceedAttack] Наносит 3 <sprite name=\"Laceration\"><color=#e30000><u><link=\"Laceration\">Кетчупа</link></u></color>"
                }
              ]
            }
          ]
        }
      ]
    },
    {
      "id": 9016202,
      "levelList": [
        {
          "level": 1,
          "name": "Усиленный разрез застывшей кровью",
          "desc": "[WhenUse] Наносит на 20% больше урона против целей с 8 и более <sprite name=\"Laceration\"><color=#e30000><u><link=\"Laceration\">Кетчупа</link></u></color>",
          "coinlist": [
            {
              "coindescs": [
                {
                  "desc": "[OnSucceedAttack] Наносит 2 <sprite name=\"Laceration\"><color=#e30000><u><link=\"Laceration\">Кетчупа</link></u></color>"
                }
              ]
            },
            {
              "coindescs": [
                {
                  "desc": "[OnSucceedAttack] Наносит 2 <sprite name=\"Laceration\"><color=#e30000><u><link=\"Laceration\">Кетчупа</link></u></color>"
                },
                {
                  "desc": "[OnSucceedAttack] При 6 и более <sprite name=\"Laceration\"><color=#e30000><u><link=\"Laceration\">Кетчупа</link></u></color>, получает 1 <sprite name=\"HardenedBlood\"><color=#f8c200><u><link=\"HardenedBlood\">Застывшую кровь</link></u></color>"
                }
              ]
            },
            {
              "coindescs": [
                {
                  "desc": "[OnSucceedAttack] Наносит 2 <sprite name=\"Laceration\"><color=#e30000><u><link=\"Laceration\">Кетчупа</link></u></color>"
                },
                {
                  "desc": "[OnSucceedAttack] Получает 8 <sprite name=\"Laceration\"><color=#e30000><u><link=\"Laceration\">Кетчупа</link></u></color> и 1 <sprite name=\"BloodScissor\"><color=#f8c200><u><link=\"BloodScissor\">Вилка для аборта</link></u></color>"
                }
              ]
            }
          ]
        }
      ]
    },
    {
      "id": 9016203,
      "levelList": [
        {
          "level": 1,
          "name": "Усиленный мощный разрез застывшей кровью",
          "desc": "[WhenUse] Если на цели 6 и более <sprite name=\"Laceration\"><color=#e30000><u><link=\"Laceration\">Кетчупа</link></u></color>, Базовая сила +1\nНаносит на 5% больше урона за каждую <sprite name=\"HardenedBlood\"><color=#f8c200><u><link=\"HardenedBlood\">Застывшую кровь</link></u></color> (До 25%)\n[EndSkill] Тратит всю <sprite name=\"HardenedBlood\"><color=#f8c200><u><link=\"HardenedBlood\">Застывшую кровь</link></u></color> и <sprite name=\"BloodScissor\"><color=#f8c200><u><link=\"BloodScissor\">Вилка для аборта</link></u></color>",
          "coinlist": [
            {
              "coindescs": [
                {
                  "desc": "[OnSucceedAttack] Наносит 3 <sprite name=\"Laceration\"><color=#e30000><u><link=\"Laceration\">Кетчупа</link></u></color> и повышает его счетчик на 2"
                }
              ]
            },
            {
              "coindescs": [
                {
                  "desc": "[OnSucceedAttack] Восстанавливает (<sprite name=\"Laceration\"><color=#e30000><u><link=\"Laceration\">Кетчуп</link></u></color> на цели)% HP (До 20%)"
                }
              ]
            }
          ]
        }
      ]
    },
    {
      "id": 9016204,
      "levelList": [
        {
          "level": 1,
          "name": "Контратака",
          "desc": "[WhenUse] Базовая сила +1 за каждую <sprite name=\"HardenedBlood\"><color=#f8c200><u><link=\"HardenedBlood\">Застывшую кровь</link></u></color> на себе",
          "coinlist": [
            {
              "coindescs": [
                {
                  "desc": "[OnSucceedAttackHead] Наносит 2 <sprite name=\"Laceration\"><color=#e30000><u><link=\"Laceration\">Кетчупа</link></u></color>"
                }
              ]
            }
          ]
        }
      ]
    },
    {
      "id": 9016601,
      "levelList": [
        {
          "level": 1,
          "name": "Это Фестиваль, Фестиваль!",
          "desc": "",
          "coinlist": [
            {
              "coindescs": [
                {
                  "desc": "[OnSucceedAttack] Наносит 3 <sprite name=\"Laceration\"><color=#e30000><u><link=\"Laceration\">Кетчупа</link></u></color>"
                }
              ]
            },
            {
              "coindescs": [
                {
                  "desc": "[OnSucceedAttack] Наносит 3 <sprite name=\"Laceration\"><color=#e30000><u><link=\"Laceration\">Кетчупа</link></u></color>"
                }
              ]
            }
          ]
        }
      ]
    },
    {
      "id": 9016602,
      "levelList": [
        {
          "level": 1,
          "name": "Примерим наряд",
          "desc": "[WhenUse] Наносит на 20% больше урона против целей с 6 и более <sprite name=\"Laceration\"><color=#e30000><u><link=\"Laceration\">Кетчупа</link></u></color>",
          "coinlist": [
            {
              "coindescs": [
                {
                  "desc": "[OnSucceedAttack] Повышает счетчик <sprite name=\"Laceration\"><color=#e30000><u><link=\"Laceration\">Кетчупа</link></u></color> на 3"
                },
                {
                  "desc": "[OnSucceedAttack] Если на цели 5 и более <sprite name=\"Laceration\"><color=#e30000><u><link=\"Laceration\">Кетчупа</link></u></color>, получает 1 <sprite name=\"HardenedBlood\"><color=#f8c200><u><link=\"HardenedBlood\">Застывшую кровь</link></u></color>"
                }
              ]
            }
          ]
        }
      ]
    },
    {
      "id": 9016603,
      "levelList": [
        {
          "level": 1,
          "name": "У нас для вас событие!",
          "desc": "[WhenUse] Поглощает до 50 <sprite name=\"BloodDinner\"><color=#9f6a3a><u><link=\"BloodDinner\">Борща</link></u></color>, чтобы получить 1 <sprite name=\"BloodScissor\"><color=#f8c200><u><link=\"BloodScissor\">Вилка для аборта</link></u></color> и восстановить 3 SP за каждые 10 поглощенного <sprite name=\"BloodDinner\"><color=#9f6a3a><u><link=\"BloodDinner\">Борща</link></u></color>\n[WhenUse] Если не удалось поглотить <sprite name=\"BloodDinner\"><color=#9f6a3a><u><link=\"BloodDinner\">Борщ</link></u></color>, получает 5 <sprite name=\"Laceration\"><color=#e30000><u><link=\"Laceration\">Кетчупа</link></u></color> и 1 <sprite name=\"HardenedBlood\"><color=#f8c200><u><link=\"HardenedBlood\">Застывшую кровь</link></u></color>\n[WhenUse] Сила монет +1 против целей с 5 и более <sprite name=\"Laceration\"><color=#e30000><u><link=\"Laceration\">Кетчупа</link></u></color>",
          "coinlist": [
            {
              "coindescs": [
                {
                  "desc": "[OnSucceedAttack] Наносит 3 <sprite name=\"Laceration\"><color=#e30000><u><link=\"Laceration\">Кетчупа</link></u></color>"
                }
              ]
            },
            {
              "coindescs": [
                {
                  "desc": "[OnSucceedAttack] Наносит 3 <sprite name=\"Laceration\"><color=#e30000><u><link=\"Laceration\">Кетчупа</link></u></color>"
                }
              ]
            }
          ]
        }
      ]
    },
    {
      "id": 9016604,
      "levelList": [
        {
          "level": 1,
          "name": "Не торопи меня",
          "desc": "[WhenUse] Сила монет +1 против целей с 5 и более <sprite name=\"Laceration\"><color=#e30000><u><link=\"Laceration\">Кетчупа</link></u></color>\n[WhenUse] Сила в столкновении +1 за каждые <sprite name=\"BloodScissor\"><color=#f8c200><u><link=\"BloodScissor\">Вилка для аборта</link></u></color> (До 3)\nНаносит на 7% больше урона за каждую <sprite name=\"HardenedBlood\"><color=#f8c200><u><link=\"HardenedBlood\">Застывшую кровь</link></u></color> (До 35%)\n[EndSkill] Тратит всю <sprite name=\"HardenedBlood\"><color=#f8c200><u><link=\"HardenedBlood\">Застывшую кровь</link></u></color>",
          "coinlist": [
            {
              "coindescs": [
                {
                  "desc": "<sprite name=\"SuperCoin\"><color=#9f6a3a><u><link=\"SuperCoin\">Вечная монета</link></u></color>"
                },
                {
                  "desc": "[OnSucceedAttackHead] Наносит 8 <sprite name=\"Laceration\"><color=#e30000><u><link=\"Laceration\">Кетчупа</link></u></color>"
                }
              ]
            },
            {},
            {
              "coindescs": [
                {
                  "desc": "[OnSucceedAttack] Тратит до 5 <sprite name=\"BloodScissor\"><color=#f8c200><u><link=\"BloodScissor\">Окровавленных лезвий ножниц</link></u></color> и наносит на (20 × потраченные <sprite name=\"BloodScissor\"><color=#f8c200><u><link=\"BloodScissor\">Вилка для аборта</link></u></color>)% урона (До 100%)"
                },
                {
                  "desc": "[OnSucceedAttack] Восстанавливает (<sprite name=\"Laceration\"><color=#e30000><u><link=\"Laceration\">Кетчуп</link></u></color> на цели)% HP (До 30%)"
                }
              ]
            }
          ]
        }
      ]
    },
    {
      "id": 9016605,
      "levelList": [
        {
          "level": 1,
          "name": "Контратака",
          "desc": "[WhenUse] Если есть <sprite name=\"BloodScissor\"><color=#f8c200><u><link=\"BloodScissor\">Вилка для аборта</link></u></color>, Базовая атака +1\n[WhenUse] При 3 и более <sprite name=\"HardenedBlood\"><color=#f8c200><u><link=\"HardenedBlood\">Застывшей крови</link></u></color>, Сила монет +1",
          "coinlist": [
            {
              "coindescs": [
                {
                  "desc": "[OnSucceedAttack] Наносит 2 <sprite name=\"Laceration\"><color=#e30000><u><link=\"Laceration\">Кетчупа</link></u></color>"
                }
              ]
            }
          ]
        }
      ]
    },
    {
      "id": 9016701,
      "levelList": [
        {
          "level": 1,
          "name": "Пройдите опрос",
          "desc": "[WhenUse] Получает 5 <sprite name=\"Laceration\"><color=#e30000><u><link=\"Laceration\">Кетчупа</link></u></color> и повышает его счетчик на 1",
          "coinlist": [
            {
              "coindescs": [
                {
                  "desc": "[OnSucceedAttack] Наносит 3 <sprite name=\"Laceration\"><color=#e30000><u><link=\"Laceration\">Кетчупа</link></u></color>"
                }
              ]
            },
            {
              "coindescs": [
                {
                  "desc": "[OnSucceedAttack] Наносит 3 <sprite name=\"Laceration\"><color=#e30000><u><link=\"Laceration\">Кетчупа</link></u></color>"
                }
              ]
            }
          ]
        }
      ]
    },
    {
      "id": 9016702,
      "levelList": [
        {
          "level": 1,
          "name": "Нет! Не обрывай меня!",
          "desc": "[WhenUse] Получает 5 <sprite name=\"Laceration\"><color=#e30000><u><link=\"Laceration\">Кетчупа</link></u></color> и повышает его счетчик на 1",
          "coinlist": [
            {
              "coindescs": [
                {
                  "desc": "[OnSucceedAttack] Наносит 4 <sprite name=\"Laceration\"><color=#e30000><u><link=\"Laceration\">Кетчупа</link></u></color>"
                },
                {
                  "desc": "[OnSucceedAttack] Если на цели 5 и более <sprite name=\"Laceration\"><color=#e30000><u><link=\"Laceration\">Кетчупа</link></u></color>, получает 1 <sprite name=\"BloodyHand\"><color=#f8c200><u><link=\"BloodyHand\">Окровавленную руку</link></u></color>"
                }
              ]
            }
          ]
        }
      ]
    },
    {
      "id": 9016703,
      "levelList": [
        {
          "level": 1,
          "name": "Иссякшее терпение",
          "desc": "[WhenUse] Поглощает до 50 <sprite name=\"BloodDinner\"><color=#9f6a3a><u><link=\"BloodDinner\">Борща</link></u></color> и получает 1 <sprite name=\"BloodyHand\"><color=#f8c200><u><link=\"BloodyHand\">Окровавленную руку</link></u></color> за каждые 10 поглощенного <sprite name=\"BloodDinner\"><color=#9f6a3a><u><link=\"BloodDinner\">Борща</link></u></color>\n[WhenUse] Сила монет +1 против целей с 5 и более <sprite name=\"Laceration\"><color=#e30000><u><link=\"Laceration\">Кетчупа</link></u></color>",
          "coinlist": [
            {
              "coindescs": [
                {
                  "desc": "[OnSucceedAttack] Наносит 3 <sprite name=\"Laceration\"><color=#e30000><u><link=\"Laceration\">Кетчупа</link></u></color>"
                }
              ]
            },
            {
              "coindescs": [
                {
                  "desc": "[EndSkill] Если не удалось поглотить <sprite name=\"BloodDinner\"><color=#9f6a3a><u><link=\"BloodDinner\">Борщ</link></u></color>, получает 10 <sprite name=\"Laceration\"><color=#e30000><u><link=\"Laceration\">Кетчупа</link></u></color> и 1 <sprite name=\"BloodyHand\"><color=#f8c200><u><link=\"BloodyHand\">Окровавленную руку</link></u></color>"
                }
              ]
            }
          ]
        }
      ]
    },
    {
      "id": 9016704,
      "levelList": [
        {
          "level": 1,
          "name": "Бесконечное искупление",
          "desc": "[WhenUse] Сила монет +1 против целей с 5 и более <sprite name=\"Laceration\"><color=#e30000><u><link=\"Laceration\">Кетчупа</link></u></color>\n[WhenUse] Сила в столкновении +1 за каждую <sprite name=\"HardenedBlood\"><color=#f8c200><u><link=\"HardenedBlood\">Застывшую кровь</link></u></color>\n[DefeatDuel] Теряет 2 <sprite name=\"BloodyHand\"><color=#f8c200><u><link=\"BloodyHand\">Окровавленные руки</link></u></color>",
          "coinlist": [
            {
              "coindescs": [
                {
                  "desc": "[OnSucceedAttack] Наносит 4 <sprite name=\"Laceration\"><color=#e30000><u><link=\"Laceration\">Кетчупа</link></u></color>"
                }
              ]
            },
            {
              "coindescs": [
                {
                  "desc": "[OnSucceedAttack] Наносит 4 <sprite name=\"Laceration\"><color=#e30000><u><link=\"Laceration\">Кетчупа</link></u></color>"
                }
              ]
            },
            {
              "coindescs": [
                {
                  "desc": "[OnSucceedAttack] Тратит все <sprite name=\"BloodyHand\"><color=#f8c200><u><link=\"BloodyHand\">Окровавленные руки</link></u></color>, чтобы повысить счетчик <sprite name=\"Laceration\"><color=#e30000><u><link=\"Laceration\">Кетчупа</link></u></color> на 3"
                },
                {
                  "desc": "[OnSucceedAttack] Тратит всю <sprite name=\"HardenedBlood\"><color=#f8c200><u><link=\"HardenedBlood\">Застывшую кровь</link></u></color>, чтобы увеличить <sprite name=\"BloodDinner\"><color=#9f6a3a><u><link=\"BloodDinner\">Борщ</link></u></color> на (Потраченная <sprite name=\"HardenedBlood\"><color=#f8c200><u><link=\"HardenedBlood\">Застывшая кровь</link></u></color> × 3) и получить 5 <sprite name=\"Laceration\"><color=#e30000><u><link=\"Laceration\">Кетчупа</link></u></color>"
                },
                {
                  "desc": "[OnSucceedAttack] Восстанавливает (<sprite name=\"Laceration\"><color=#e30000><u><link=\"Laceration\">Кетчуп</link></u></color> на цели)% HP (До 30%)"
                }
              ]
            }
          ]
        }
      ]
    },
    {
      "id": 9016705,
      "levelList": [
        {
          "level": 1,
          "name": "Контратака",
          "desc": "[WhenUse] Если есть <sprite name=\"BloodyHand\"><color=#f8c200><u><link=\"BloodyHand\">Окровавленная рука</link></u></color>, Базовая сила +1\n[WhenUse] При 3 и более <sprite name=\"HardenedBlood\"><color=#f8c200><u><link=\"HardenedBlood\">Застывшей крови</link></u></color>, Сила монет +1",
          "coinlist": [
            {
              "coindescs": [
                {
                  "desc": "[OnSucceedAttack] Наносит 2 <sprite name=\"Laceration\"><color=#e30000><u><link=\"Laceration\">Кетчупа</link></u></color>"
                }
              ]
            }
          ]
        }
      ]
    },
    {
      "id": 9016801,
      "levelList": [
        {
          "level": 1,
          "name": "Добро пожаловать на Фестиваль чудес!",
          "desc": "[WhenUse] При 5 и более <sprite name=\"FestivalFever\"><color=#f8c200><u><link=\"FestivalFever\">Праздничной горячки</link></u></color>, Итоговая сила +2",
          "coinlist": [
            {
              "coindescs": [
                {
                  "desc": "[OnSucceedAttack] Наносит 3 <sprite name=\"Laceration\"><color=#e30000><u><link=\"Laceration\">Кетчупа</link></u></color> и повышает его счетчик на 2"
                },
                {
                  "desc": "[OnSucceedAttackHead] Наносит 3 <sprite name=\"Burst\"><color=#e30000><u><link=\"Burst\">Зеленки</link></u></color>"
                }
              ]
            }
          ]
        }
      ]
    },
    {
      "id": 9016802,
      "levelList": [
        {
          "level": 1,
          "name": "Присоединяйся к радостному параду!",
          "desc": "[WhenUse] Итоговая сила +1 за каждые 5 <sprite name=\"FestivalFever\"><color=#f8c200><u><link=\"FestivalFever\">Праздничной горячки</link></u></color> на себе или каждые 6 <sprite name=\"Laceration\"><color=#e30000><u><link=\"Laceration\">Кетчупа</link></u></color> на цели (До 3)\n[WhenUse] При менее 20 <sprite name=\"BloodDinner\"><color=#9f6a3a><u><link=\"BloodDinner\">Борща</link></u></color>, получает 20 урона <sprite name=\"Laceration\"><color=#e30000><u><link=\"Laceration\">Кетчупом</link></u></color> и теряет 1 его счетчик\n[EndSkill] Поглощает 20 <sprite name=\"BloodDinner\"><color=#9f6a3a><u><link=\"BloodDinner\">Борща</link></u></color>",
          "coinlist": [
            {
              "coindescs": [
                {
                  "desc": "[OnSucceedAttack] Получает 1 <sprite name=\"HardenedBlood\"><color=#f8c200><u><link=\"HardenedBlood\">Застывшую кровь</link></u></color> за каждые 6 <sprite name=\"Laceration\"><color=#e30000><u><link=\"Laceration\">Кетчупа</link></u></color> на цели (До 2)"
                }
              ]
            },
            {
              "coindescs": [
                {
                  "desc": "<sprite name=\"SuperCoin\"><color=#9f6a3a><u><link=\"SuperCoin\">Вечная монета</link></u></color>"
                },
                {
                  "desc": "[WinDuelAttack] Наносит 4 <sprite name=\"Laceration\"><color=#e30000><u><link=\"Laceration\">Кетчупа</link></u></color> и повышает счетчик <sprite name=\"Laceration\"><color=#e30000><u><link=\"Laceration\">Кетчупа</link></u></color> на 3"
                },
                {
                  "desc": "[OnSucceedAttack] Получает 2~3 <sprite name=\"BloomingThorns\"><color=#f8c200><u><link=\"BloomingThorns\">Цветущих шипа</link></u></color>"
                }
              ]
            }
          ]
        }
      ]
    },
    {
      "id": 9016803,
      "levelList": [
        {
          "level": 1,
          "name": "Расцветайте улыбками радости!",
          "desc": "[WhenUse] При 5 и более <sprite name=\"FestivalFever\"><color=#f8c200><u><link=\"FestivalFever\">Праздничной горячки</link></u></color>, Сила монет +1\n[WhenUse] Если у цели 6+ <sprite name=\"Laceration\"><color=#e30000><u><link=\"Laceration\">Кетчупа</link></u></color>, Сила в столкновении +1",
          "coinlist": [
            {
              "coindescs": [
                {
                  "desc": "[OnSucceedAttack] Повышает счетчик <sprite name=\"Laceration\"><color=#e30000><u><link=\"Laceration\">Кетчупа</link></u></color> на 3"
                }
              ]
            },
            {},
            {
              "coindescs": [
                {
                  "desc": "[WinDuelAttack] Получает 2 <sprite name=\"FestivalFever\"><color=#f8c200><u><link=\"FestivalFever\">Праздничной горячки</link></u></color>"
                }
              ]
            }
          ]
        }
      ]
    },
    {
      "id": 9016804,
      "levelList": [
        {
          "level": 1,
          "name": "Вечное королевство счастья, Ла-Манчаленд!",
          "desc": "[WhenUse] При менее 40 <sprite name=\"BloodDinner\"><color=#9f6a3a><u><link=\"BloodDinner\">Борща</link></u></color>, получает 20 <sprite name=\"Laceration\"><color=#e30000><u><link=\"Laceration\">Кетчупа</link></u></color> и дважды активирует его\n[EndSkill] Поглощает 40 <sprite name=\"BloodDinner\"><color=#9f6a3a><u><link=\"BloodDinner\">Борща</link></u></color>\n[EndBattle] Тратит всю <sprite name=\"HardenedBlood\"><color=#f8c200><u><link=\"HardenedBlood\">Застывшую кровь</link></u></color> и <sprite name=\"FestivalFever\"><color=#f8c200><u><link=\"FestivalFever\">Праздничную горячку</link></u></color>",
          "coinlist": [
            {
              "coindescs": [
                {
                  "desc": "[OnSucceedAttack] Наносит <sprite name=\"Laceration\"><color=#e30000><u><link=\"Laceration\">Кетчуп</link></u></color> и <sprite name=\"Burst\"><color=#e30000><u><link=\"Burst\">Зеленки</link></u></color> в количестве своей <sprite name=\"HardenedBlood\"><color=#f8c200><u><link=\"HardenedBlood\">Застывшей крови</link></u></color>"
                },
                {
                  "desc": "[OnSucceedAttack] Восстанавливает (<sprite name=\"FestivalFever\"><color=#f8c200><u><link=\"FestivalFever\">Праздничная горячка</link></u></color> × 4)% HP (До 40%)"
                }
              ]
            },
            {
              "coindescs": [
                {
                  "desc": "<sprite name=\"SuperCoin\"><color=#9f6a3a><u><link=\"SuperCoin\">Вечная монета</link></u></color>"
                },
                {
                  "desc": "[OnSucceedAttack] Получает 5 <sprite name=\"BloomingThorns\"><color=#f8c200><u><link=\"BloomingThorns\">Цветущих шипов</link></u></color>"
                }
              ]
            }
          ]
        }
      ]
    },
    {
      "id": 9016805,
      "levelList": [
        {
          "level": 1,
          "name": "Уворот",
          "desc": "[WhenUse] При 5 и более <sprite name=\"FestivalFever\"><color=#f8c200><u><link=\"FestivalFever\">Праздничной горячки</link></u></color>, Итоговая сила +2\n[StartBattle] Получает 3 <sprite name=\"FestivalFever\"><color=#f8c200><u><link=\"FestivalFever\">Праздничной горячки</link></u></color>\n[OnDefeatEvade] Теряет 3 <sprite name=\"FestivalFever\"><color=#f8c200><u><link=\"FestivalFever\">Праздничной горячки</link></u></color>",
          "coinlist": [
            {}
          ]
        }
      ]
    }
  ]
}