﻿{
  "dataList": [
    {
      "id": 9018101,
      "levelList": [
        {
          "level": 1,
          "name": "От■■сь",
          "desc": "[WhenUse] Если цель не имеет <sprite name=\"Burst\"><color=#e30000><u><link=\"Burst\">Зеленка</link></u></color>, Сила монет +1",
          "coinlist": [
            {
              "coindescs": [
                {
                  "desc": "[OnSucceedAttack] Наносит 3 <sprite name=\"Burst\"><color=#e30000><u><link=\"Burst\">Зеленки</link></u></color>"
                },
                {
                  "desc": "[OnSucceedAttack] Наносит 2 урона по SP"
                }
              ]
            }
          ]
        }
      ]
    },
    {
      "id": 9018102,
      "levelList": [
        {
          "level": 1,
          "name": "■ав■■ ■■ть!",
          "desc": "[WhenUse] Если цель имеет 5 и более <sprite name=\"Burst\"><color=#e30000><u><link=\"Burst\">Зеленки</link></u></color>, Сила монет +1",
          "coinlist": [
            {
              "coindescs": [
                {
                  "desc": "[OnSucceedAttack] Повышает счетчик <sprite name=\"Burst\"><color=#e30000><u><link=\"Burst\">Зеленки</link></u></color> на 2"
                },
                {
                  "desc": "[OnSucceedAttack] Наносит 3 урона по SP"
                }
              ]
            },
            {
              "coindescs": [
                {
                  "desc": "[OnSucceedAttack] Повышает счетчик <sprite name=\"Burst\"><color=#e30000><u><link=\"Burst\">Зеленки</link></u></color> на 2"
                },
                {
                  "desc": "[OnSucceedAttack] Восстанавливает HP на количество нанесенного урона (До 20)"
                },
                {
                  "desc": "[OnSucceedAttack] Наносит 5 урона по SP"
                }
              ]
            }
          ]
        }
      ]
    },
    {
      "id": 9018103,
      "levelList": [
        {
          "level": 1,
          "name": "Э■о г■■ ■■■ть ■ту!!",
          "desc": "[WhenUse] Сила монет +1 за каждые 3 <sprite name=\"Burst\"><color=#e30000><u><link=\"Burst\">Зеленки</link></u></color> на цели (До 2)",
          "coinlist": [
            {
              "coindescs": [
                {
                  "desc": "[OnSucceedAttack] Повышает счетчик <sprite name=\"Burst\"><color=#e30000><u><link=\"Burst\">Зеленки</link></u></color> на 3"
                }
              ]
            },
            {
              "coindescs": [
                {
                  "desc": "[OnSucceedAttack] Повышает счетчик <sprite name=\"Burst\"><color=#e30000><u><link=\"Burst\">Зеленки</link></u></color> на 2"
                },
                {
                  "desc": "[OnSucceedAttack] Восстанавливает HP на количество нанесенного урона (До 20)"
                }
              ]
            },
            {
              "coindescs": [
                {
                  "desc": "[OnSucceedAttack] При менее чем 50% HP, заново подкидывает монету"
                },
                {
                  "desc": "[OnSucceedAttack] Повышает счетчик <sprite name=\"Burst\"><color=#e30000><u><link=\"Burst\">Зеленки</link></u></color> на 2"
                },
                {
                  "desc": "[OnSucceedAttack] Наносит 10 урона по SP"
                },
                {
                  "desc": "[OnSucceedAttack] Восстанавливает HP на количество нанесенного урона (До 20)"
                }
              ]
            }
          ]
        }
      ]
    },
    {
      "id": 9018104,
      "levelList": [
        {
          "level": 1,
          "name": "З■щ■■■",
          "desc": "[WhenUse] Получает щит за каждые 5 <sprite name=\"Burst\"><color=#e30000><u><link=\"Burst\">Зеленки</link></u></color> на цели\n[EndBattle] Восстанавливает HP на количество оставшегося щита",
          "coinlist": [
            {
              "coindescs": [
                {
                  "desc": ""
                }
              ]
            }
          ]
        }
      ]
    },
    {
      "id": 9018201,
      "levelList": [
        {
          "level": 1,
          "name": "За■■■ть",
          "desc": "[WhenUse] Если цель не имеет <sprite name=\"Burst\"><color=#e30000><u><link=\"Burst\">Зеленка</link></u></color>, Сила монет +1",
          "coinlist": [
            {
              "coindescs": [
                {
                  "desc": "[OnSucceedAttack] Повышает счетчик <sprite name=\"Burst\"><color=#e30000><u><link=\"Burst\">Зеленки</link></u></color> на 2"
                },
                {
                  "desc": "[OnSucceedAttack] Наносит 2 урона по SP"
                }
              ]
            }
          ]
        }
      ]
    },
    {
      "id": 9018202,
      "levelList": [
        {
          "level": 1,
          "name": "Раз■■в",
          "desc": "[WhenUse] Если цель имеет 5 и более <sprite name=\"Burst\"><color=#e30000><u><link=\"Burst\">Зеленки</link></u></color>, Сила монет +1",
          "coinlist": [
            {
              "coindescs": [
                {
                  "desc": "[OnSucceedAttack] Наносит 3 <sprite name=\"Burst\"><color=#e30000><u><link=\"Burst\">Зеленки</link></u></color>"
                },
                {
                  "desc": "[OnSucceedAttack] Наносит 3 урона по SP"
                }
              ]
            },
            {
              "coindescs": [
                {
                  "desc": "[OnSucceedAttack] Наносит 4 <sprite name=\"Burst\"><color=#e30000><u><link=\"Burst\">Зеленки</link></u></color>"
                },
                {
                  "desc": "[OnSucceedAttack] Восстанавливает HP на количество нанесенного урона (До 20)"
                },
                {
                  "desc": "[OnSucceedAttack] Наносит 5 урона по SP"
                }
              ]
            }
          ]
        }
      ]
    },
    {
      "id": 9018203,
      "levelList": [
        {
          "level": 1,
          "name": "В■мя е■■ь!",
          "desc": "[WhenUse] Сила монет +1 за каждые 3 <sprite name=\"Burst\"><color=#e30000><u><link=\"Burst\">Зеленки</link></u></color> на цели (До 2)",
          "coinlist": [
            {
              "coindescs": [
                {
                  "desc": "[OnSucceedAttack] Наносит 4 <sprite name=\"Burst\"><color=#e30000><u><link=\"Burst\">Зеленки</link></u></color>"
                }
              ]
            },
            {
              "coindescs": [
                {
                  "desc": "[OnSucceedAttack] Наносит 3 <sprite name=\"Burst\"><color=#e30000><u><link=\"Burst\">Зеленки</link></u></color>"
                },
                {
                  "desc": "[OnSucceedAttack] Восстанавливает HP на количество нанесенного урона (До 20)"
                }
              ]
            },
            {
              "coindescs": [
                {
                  "desc": "[OnSucceedAttack] При менее чем 50% HP, заново подкидывает монету"
                },
                {
                  "desc": "[OnSucceedAttack] Наносит 3 <sprite name=\"Burst\"><color=#e30000><u><link=\"Burst\">Зеленки</link></u></color>"
                },
                {
                  "desc": "[OnSucceedAttack] Наносит 10 урона по SP"
                },
                {
                  "desc": "[OnSucceedAttack] Восстанавливает HP на количество нанесенного урона (До 20)"
                }
              ]
            }
          ]
        }
      ]
    },
    {
      "id": 9018204,
      "levelList": [
        {
          "level": 1,
          "name": "■■щит■",
          "desc": "[WhenUse] Получает щит за каждые 5 <sprite name=\"Burst\"><color=#e30000><u><link=\"Burst\">Зеленки</link></u></color> на цели\n[EndBattle] Восстанавливает HP на количество оставшегося щита",
          "coinlist": [
            {
              "coindescs": [
                {
                  "desc": ""
                }
              ]
            }
          ]
        }
      ]
    }
  ]
}