﻿{
  "dataList": [
    {
      "id": 835001,
      "levelList": [
        {
          "level": 1,
          "name": "Преклонитесь передо мной",
          "desc": "[WhenUse] Сила в столкновении +1 против целей с 4 и более <sprite name=\"Laceration\"><color=#e30000><u><link=\"Laceration\">Кетчупа</link></u></color>",
          "coinlist": [
            {
              "coindescs": [
                {
                  "desc": "[OnSucceedAttack] Наносит 4 <sprite name=\"Laceration\"><color=#e30000><u><link=\"Laceration\">Кетчупа</link></u></color>"
                }
              ]
            }
          ]
        }
      ]
    },
    {
      "id": 835002,
      "levelList": [
        {
          "level": 1,
          "name": "Жалкие людишки",
          "desc": "[WhenUse] Сила в столкновении +1 против целей с 4 и более <sprite name=\"Laceration\"><color=#e30000><u><link=\"Laceration\">Кетчупа</link></u></color>",
          "coinlist": [
            {
              "coindescs": [
                {
                  "desc": "[OnSucceedAttack] Повышает счетчик <sprite name=\"Laceration\"><color=#e30000><u><link=\"Laceration\">Кетчупа</link></u></color> на 2"
                }
              ]
            }
          ]
        }
      ]
    },
    {
      "id": 835003,
      "levelList": [
        {
          "level": 1,
          "name": "Ступайте вон... Вон!..",
          "desc": "[WhenUse] Сила в столкновении +1 против целей с 4 и более <sprite name=\"Laceration\"><color=#e30000><u><link=\"Laceration\">Кетчупа</link></u></color>\n[WhenUse] На 5% больше урона за каждую единицу счетчика <sprite name=\"Laceration\"><color=#e30000><u><link=\"Laceration\">Кетчупа</link></u></color> (До 20%)",
          "coinlist": [
            {},
            {
              "coindescs": [
                {
                  "desc": "[OnSucceedAttack] Наносит 8 <sprite name=\"Laceration\"><color=#e30000><u><link=\"Laceration\">Кетчупа</link></u></color> и повышает его счетчик на 2"
                }
              ]
            }
          ]
        }
      ]
    },
    {
      "id": 835004,
      "levelList": [
        {
          "level": 1,
          "name": "Князь парада",
          "desc": "[StartBattle] Вес атаки +(Количество противников с <sprite name=\"Laceration\"><color=#e30000><u><link=\"Laceration\">Кетчупом</link></u></color>) (До 5)\n[WhenUse] Базовая сила +1 против целей с 4 и более <sprite name=\"Laceration\"><color=#e30000><u><link=\"Laceration\">Кетчупа</link></u></color>\n[WhenUse] Сила монет +1 против целей с 3 и выше на счетчике <sprite name=\"Laceration\"><color=#e30000><u><link=\"Laceration\">Кетчупа</link></u></color>\n[DefeatDuel] Тратит 1 <sprite name=\"KeptBlood\"><color=#f8c200><u><link=\"KeptBlood\">Накопленную кровь</link></u></color>",
          "coinlist": [
            {
              "coindescs": [
                {
                  "desc": "[OnSucceedAttack] Повышает счетчик <sprite name=\"Laceration\"><color=#e30000><u><link=\"Laceration\">Кетчупа</link></u></color> на 2"
                }
              ]
            },
            {
              "coindescs": [
                {
                  "desc": "[OnSucceedAttack] Повышает счетчик <sprite name=\"Laceration\"><color=#e30000><u><link=\"Laceration\">Кетчупа</link></u></color> на 2"
                }
              ]
            },
            {
              "coindescs": [
                {
                  "desc": "[OnSucceedAttack] Наносит 4 <sprite name=\"Laceration\"><color=#e30000><u><link=\"Laceration\">Кетчупа</link></u></color>"
                }
              ]
            },
            {
              "coindescs": [
                {
                  "desc": "[OnSucceedAttack] Наносит 4 <sprite name=\"Laceration\"><color=#e30000><u><link=\"Laceration\">Кетчупа</link></u></color>"
                }
              ]
            }
          ]
        }
      ]
    },
    {
      "id": 835005,
      "levelList": [
        {
          "level": 1,
          "name": "Кровь... Крови... Крови!..",
          "desc": "[WhenUse] Сила монет +1 против целей с 8 и более <sprite name=\"Laceration\"><color=#e30000><u><link=\"Laceration\">Кетчупа</link></u></color>\n[DefeatDuel] Тратит 1 <sprite name=\"KeptBlood\"><color=#f8c200><u><link=\"KeptBlood\">Накопленную кровь</link></u></color>",
          "coinlist": [
            {
              "coindescs": [
                {
                  "desc": "[OnSucceedAttack] Наносит 5 <sprite name=\"Laceration\"><color=#e30000><u><link=\"Laceration\">Кетчупа</link></u></color> и повышает его счетчик на 3"
                },
                {
                  "desc": "[OnSucceedAttack] На 20% больше урона для следующей монеты против целей с 10 и более <sprite name=\"Laceration\"><color=#e30000><u><link=\"Laceration\">Кетчупа</link></u></color>"
                }
              ]
            },
            {
              "coindescs": [
                {
                  "desc": "[OnSucceedAttack] Получает 1 <sprite name=\"KeptBlood\"><color=#f8c200><u><link=\"KeptBlood\">Накопленную кровь</link></u></color>"
                },
                {
                  "desc": "[OnSucceedAttack] Наносит 1 <sprite name=\"Binding\"><color=#e30000><u><link=\"Binding\">Понос</link></u></color> на следующий ход"
                }
              ]
            }
          ]
        }
      ]
    },
    {
      "id": 835006,
      "levelList": [
        {
          "level": 1,
          "name": "Оставьте меня!..",
          "desc": "[WhenUse] Базовая сила +1 за каждую единицу счетчика <sprite name=\"Laceration\"><color=#e30000><u><link=\"Laceration\">Кетчупа</link></u></color> на цели (До 4)",
          "coinlist": [
            {}
          ]
        }
      ]
    },
    {
      "id": 835007,
      "levelList": [
        {
          "level": 1,
          "name": "Я же... принц... сего шествия!..",
          "desc": "[CantDuel]\n[WhenUse] Удваивает восстановление HP от пассивного умения «Глефа из застывшей крови»\n[WhenUse] Сбрасывает SP до 0\n[EndSkill] Получает 10 <sprite name=\"KeptBlood\"><color=#f8c200><u><link=\"KeptBlood\">Накопленной крови</link></u></color>\nКассетти не может быть оглушен в этот ход; завершает ход после использования этого навыка",
          "coinlist": [
            {
              "coindescs": [
                {
                  "desc": "[OnSucceedAttack] Наносит 2 <sprite name=\"Laceration\"><color=#e30000><u><link=\"Laceration\">Кетчупа</link></u></color> и повышает его счетчик на 1"
                }
              ]
            },
            {
              "coindescs": [
                {
                  "desc": "[OnSucceedAttack] Наносит 2 <sprite name=\"Laceration\"><color=#e30000><u><link=\"Laceration\">Кетчупа</link></u></color> и повышает его счетчик на 1"
                }
              ]
            },
            {
              "coindescs": [
                {
                  "desc": "[OnSucceedAttack] Наносит 2 <sprite name=\"Laceration\"><color=#e30000><u><link=\"Laceration\">Кетчупа</link></u></color> и повышает его счетчик на 1"
                }
              ]
            },
            {
              "coindescs": [
                {
                  "desc": "[OnSucceedAttack] Наносит 2 <sprite name=\"Laceration\"><color=#e30000><u><link=\"Laceration\">Кетчупа</link></u></color> и повышает его счетчик на 1"
                }
              ]
            }
          ]
        }
      ]
    },
    {
      "id": 835008,
      "levelList": [
        {
          "level": 1,
          "name": "Я не вернусь... во веки веков!..",
          "desc": "[WhenUse] Сила в столкновении +1 за каждые 5 <sprite name=\"Laceration\"><color=#e30000><u><link=\"Laceration\">Кетчупа</link></u></color> на цели (До 3)\n[WhenUse] Сила монет +1 против целей с 4 и более на счетчике <sprite name=\"Laceration\"><color=#e30000><u><link=\"Laceration\">Кетчупа</link></u></color> цели\n[WhenUse] Наносит н 5% больше урона за каждую единицу счетчика <sprite name=\"Laceration\"><color=#e30000><u><link=\"Laceration\">Кетчупа</link></u></color> цели (До 20%)\n[WhenUse] Удваивает восстановление HP от пассивного умения «Глефа из застывшей крови»\n[EndSkill] Получает 10 <sprite name=\"KeptBlood\"><color=#f8c200><u><link=\"KeptBlood\">Накопленной крови</link></u></color>",
          "coinlist": [
            {
              "coindescs": [
                {
                  "desc": "[OnSucceedAttack] Наносит 3 <sprite name=\"Laceration\"><color=#e30000><u><link=\"Laceration\">Кетчупа</link></u></color> и повышает его счетчик на 1"
                }
              ]
            },
            {
              "coindescs": [
                {
                  "desc": "[OnSucceedAttack] Наносит 3 <sprite name=\"Laceration\"><color=#e30000><u><link=\"Laceration\">Кетчупа</link></u></color> и повышает его счетчик на 1"
                }
              ]
            },
            {
              "coindescs": [
                {
                  "desc": "[OnSucceedAttack] Наносит 3 <sprite name=\"Laceration\"><color=#e30000><u><link=\"Laceration\">Кетчупа</link></u></color> и повышает его счетчик на 1"
                }
              ]
            },
            {
              "coindescs": [
                {
                  "desc": "[OnSucceedAttack] Наносит 3 <sprite name=\"Laceration\"><color=#e30000><u><link=\"Laceration\">Кетчупа</link></u></color> и повышает его счетчик на 1"
                }
              ]
            }
          ]
        }
      ]
    }
  ]
}