﻿{
  "dataList": [
    {
      "id": 837801,
      "levelList": [
        {
          "level": 1,
          "name": "Этот непростительный грех...",
          "desc": "[WhenUse] Получает 20 <sprite name=\"Laceration\"><color=#e30000><u><link=\"Laceration\">Кетчупа</link></u></color> и повышает его счетчик на 1",
          "coinlist": [
            {
              "coindescs": [
                {
                  "desc": "[OnSucceedAttack] Наносит 3 <sprite name=\"Laceration\"><color=#e30000><u><link=\"Laceration\">Кетчупа</link></u></color>"
                }
              ]
            }
          ]
        }
      ]
    },
    {
      "id": 837802,
      "levelList": [
        {
          "level": 1,
          "name": "Заслуженное покаяние...",
          "desc": "[WhenUse] Получает 20 <sprite name=\"Laceration\"><color=#e30000><u><link=\"Laceration\">Кетчупа</link></u></color> и повышает его счетчик на 1",
          "coinlist": [
            {
              "coindescs": [
                {
                  "desc": "[OnSucceedAttack] Наносит 2 <sprite name=\"Laceration\"><color=#e30000><u><link=\"Laceration\">Кетчупа</link></u></color>"
                }
              ]
            },
            {
              "coindescs": [
                {
                  "desc": "[OnSucceedAttack] Повышает счетчик <sprite name=\"Laceration\"><color=#e30000><u><link=\"Laceration\">Кетчупа</link></u></color> на 2"
                }
              ]
            }
          ]
        }
      ]
    },
    {
      "id": 837803,
      "levelList": [
        {
          "level": 1,
          "name": "Думал ли ты сегодня о крови?",
          "desc": "[WhenUse] Получает 10 <sprite name=\"Laceration\"><color=#e30000><u><link=\"Laceration\">Кетчупа</link></u></color>\n[WhenUse] Поглощает до 30 <sprite name=\"BloodDinner\"><color=#9f6a3a><u><link=\"BloodDinner\">Борща</link></u></color>, чтобы восстановить HP Ядра и Части другого союзника с наименьшими HP на (Поглощенное <sprite name=\"BloodDinner\"><color=#9f6a3a><u><link=\"BloodDinner\">Борщ</link></u></color> × 2)",
          "coinlist": [
            {
              "coindescs": [
                {
                  "desc": "[OnSucceedAttack] Наносит 2 <sprite name=\"Laceration\"><color=#e30000><u><link=\"Laceration\">Кетчупа</link></u></color>"
                }
              ]
            },
            {
              "coindescs": [
                {
                  "desc": "[OnSucceedAttack] Получает 2 <sprite name=\"WornHeart\"><color=#9f6a3a><u><link=\"WornHeart\">Болезненных сердца</link></u></color> и 2 <sprite name=\"BloodyHand\"><color=#f8c200><u><link=\"BloodyHand\">Окровавленных руки</link></u></color>"
                }
              ]
            }
          ]
        }
      ]
    },
    {
      "id": 837804,
      "levelList": [
        {
          "level": 1,
          "name": "Ты все еще думаешь о крови?",
          "desc": "[WhenUse] Получает 10 <sprite name=\"Laceration\"><color=#e30000><u><link=\"Laceration\">Кетчупа</link></u></color>\n[WhenUse] Поглощает до 20 <sprite name=\"BloodDinner\"><color=#9f6a3a><u><link=\"BloodDinner\">Борща</link></u></color>, чтобы восстановить HP Ядра и Части другого союзника и себя с наименьшими HP на (Поглощенное <sprite name=\"BloodDinner\"><color=#9f6a3a><u><link=\"BloodDinner\">Борщ</link></u></color> × 2)\n- Если союзников не осталось, удваивает восстановление на себе",
          "coinlist": [
            {
              "coindescs": [
                {
                  "desc": "<sprite name=\"SuperCoin\"><color=#9f6a3a><u><link=\"SuperCoin\">Вечная монета</link></u></color>"
                },
                {
                  "desc": "[OnSucceedAttack] Повышает счетчик <sprite name=\"Laceration\"><color=#e30000><u><link=\"Laceration\">Кетчупа</link></u></color> на 2"
                },
                {
                  "desc": "[OnSucceedAttack] При 50% и более HP, активирует <sprite name=\"Laceration\"><color=#e30000><u><link=\"Laceration\">Кетчуп</link></u></color> на себе и тратит 1 его счетчик"
                }
              ]
            },
            {
              "coindescs": [
                {
                  "desc": "[OnSucceedAttack] Получает 3 <sprite name=\"WornHeart\"><color=#9f6a3a><u><link=\"WornHeart\">Болезненных сердца</link></u></color> и <sprite name=\"BloodyHand\"><color=#f8c200><u><link=\"BloodyHand\">Окровавленных рук</link></u></color>"
                },
                {
                  "desc": "[OnSucceedAttack] При 10 <sprite name=\"WornHeart\"><color=#9f6a3a><u><link=\"WornHeart\">Болезненных сердца</link></u></color>, получает 3 дополнительных <sprite name=\"BloodyHand\"><color=#f8c200><u><link=\"BloodyHand\">Окровавленных руки</link></u></color> и 1 <sprite name=\"AttackUp\"><color=#f8c200><u><link=\"AttackUp\">Повышение уровня атаки</link></u></color> на следующий ход"
                }
              ]
            }
          ]
        }
      ]
    },
    {
      "id": 837805,
      "levelList": [
        {
          "level": 1,
          "name": "Больше, больше крови...!",
          "desc": "[WhenUse] Поглощает до 50 <sprite name=\"BloodDinner\"><color=#9f6a3a><u><link=\"BloodDinner\">Борща</link></u></color> и получает 1 <sprite name=\"BloodyHand\"><color=#f8c200><u><link=\"BloodyHand\">Окровавленную руку</link></u></color> за каждые 10 поглощенного <sprite name=\"BloodDinner\"><color=#9f6a3a><u><link=\"BloodDinner\">Борща</link></u></color>\n[WhenUse] Получает 10 <sprite name=\"Laceration\"><color=#e30000><u><link=\"Laceration\">Кетчупа</link></u></color>\n[WhenUse] Получает 3 <sprite name=\"BloodyHand\"><color=#f8c200><u><link=\"BloodyHand\">Окровавленные руки</link></u></color>",
          "coinlist": [
            {
              "coindescs": [
                {
                  "desc": "[OnSucceedAttack] Получает 1 <sprite name=\"BloodyHand\"><color=#f8c200><u><link=\"BloodyHand\">Окровавленную руку</link></u></color> за каждые 5 <sprite name=\"Laceration\"><color=#e30000><u><link=\"Laceration\">Кетчупа</link></u></color> на цели (До 5)"
                }
              ]
            }
          ]
        }
      ]
    },
    {
      "id": 837806,
      "levelList": [
        {
          "level": 1,
          "name": "Какое изобилие...",
          "desc": "[WhenUse] Сила монет +1 против целей с 6 и более <sprite name=\"Laceration\"><color=#e30000><u><link=\"Laceration\">Кетчупа</link></u></color>\n[WhenUse] Поглощает до 30 <sprite name=\"BloodDinner\"><color=#9f6a3a><u><link=\"BloodDinner\">Борща</link></u></color>, чтобы получить +1 к Силе самой первой монеты за каждые 10 поглощенного <sprite name=\"BloodDinner\"><color=#9f6a3a><u><link=\"BloodDinner\">Борща</link></u></color>\n[DefeatDuel] Получает 1 <sprite name=\"Vulnerable\"><color=#e30000><u><link=\"Vulnerable\">Уязвимость</link></u></color> на следующий ход",
          "coinlist": [
            {
              "coindescs": [
                {
                  "desc": "<sprite name=\"SuperCoin\"><color=#9f6a3a><u><link=\"SuperCoin\">Вечная монета</link></u></color>"
                },
                {
                  "desc": "[OnSucceedAttack] Наносит 4 <sprite name=\"Laceration\"><color=#e30000><u><link=\"Laceration\">Кетчупа</link></u></color>"
                }
              ]
            },
            {
              "coindescs": [
                {
                  "desc": "[OnSucceedAttack] Повышает счетчик <sprite name=\"Laceration\"><color=#e30000><u><link=\"Laceration\">Кетчупа</link></u></color> на 2"
                }
              ]
            },
            {
              "coindescs": [
                {
                  "desc": "[OnSucceedAttack] Восстанавливает HP в количестве нанесенного урона (До 30)"
                },
                {
                  "desc": "[OnSucceedAttack] Если навык поглотил 30 <sprite name=\"BloodDinner\"><color=#9f6a3a><u><link=\"BloodDinner\">Борща</link></u></color>, и так же имеется 30 <sprite name=\"BloodyHand_3rd\"><color=#f8c200><u><link=\"BloodyHand_3rd\">Окровавленной руки III</link></u></color>, заново подкидывает монету"
                },
                {
                  "desc": "- Если не удалось поглотить <sprite name=\"BloodDinner\"><color=#9f6a3a><u><link=\"BloodDinner\">Борщ</link></u></color>, получает 20 <sprite name=\"Laceration\"><color=#e30000><u><link=\"Laceration\">Кетчупа</link></u></color>"
                }
              ]
            }
          ]
        }
      ]
    },
    {
      "id": 837807,
      "levelList": [
        {
          "level": 1,
          "name": "Жертва ради семьи",
          "desc": "[StartBattle] При 50% HP и более, активирует <sprite name=\"Laceration\"><color=#e30000><u><link=\"Laceration\">Кетчуп</link></u></color> на себе (До 3 раз; уменьшает счетчик <sprite name=\"Laceration\"><color=#e30000><u><link=\"Laceration\">Кетчупа</link></u></color> при каждой активации; урон от этого эффекта не может оглушить)\n[StartBattle] Все союзники восстанавливают 5 SP (Включая себя)",
          "coinlist": [
            {
              "coindescs": [
                {
                  "desc": ""
                }
              ]
            }
          ]
        }
      ]
    },
    {
      "id": 837808,
      "levelList": [
        {
          "level": 1,
          "name": "Кровь...",
          "desc": "[WhenUse] Наносит на 20% больше урона против целей с 6 и более <sprite name=\"Laceration\"><color=#e30000><u><link=\"Laceration\">Кетчупа</link></u></color>",
          "coinlist": [
            {
              "coindescs": [
                {
                  "desc": "[OnSucceedAttack] Наносит 2 <sprite name=\"Laceration\"><color=#e30000><u><link=\"Laceration\">Кетчупа</link></u></color>"
                }
              ]
            },
            {
              "coindescs": [
                {
                  "desc": "[OnSucceedAttack] Повышает счетчик <sprite name=\"Laceration\"><color=#e30000><u><link=\"Laceration\">Кетчупа</link></u></color> на 2"
                }
              ]
            }
          ]
        }
      ]
    },
    {
      "id": 837901,
      "levelList": [
        {
          "level": 1,
          "name": "Выражение любви",
          "desc": "Выбирает цели с наименьшим количеством отрицательных эффектов\n[WhenUse] Если у цели нет отрицательных эффектов, использует атаку «Грубое выражение любви» на следующий ход\n[WhenUse] Если у цели больше отрицательных эффектов, чем <sprite name=\"FaintMemory\"><color=#9f6a3a><u><link=\"FaintMemory\">Тусклых воспоминаний</link></u></color> на себе, использует «Печальные объятия» в следующем ходе",
          "coinlist": [
            {
              "coindescs": [
                {
                  "desc": "<sprite name=\"SuperCoin\"><color=#9f6a3a><u><link=\"SuperCoin\">Вечная монета</link></u></color>"
                },
                {
                  "desc": "[OnSucceedAttack] Наносит 4 <sprite name=\"AffectionTeddy\"><color=#e30000><u><link=\"AffectionTeddy\">Привязанности</link></u></color>"
                },
                {
                  "desc": "[WinDuelAttack] Наносит 2 <sprite name=\"Vulnerable\"><color=#e30000><u><link=\"Vulnerable\">Уязвимости</link></u></color> на следующий ход"
                }
              ]
            }
          ]
        }
      ]
    },
    {
      "id": 837902,
      "levelList": [
        {
          "level": 1,
          "name": "Царапание",
          "desc": "Выбирает цели с наименьшим количеством отрицательных эффектов\n[WinDuel] Наносит 3 <sprite name=\"AffectionTeddy\"><color=#e30000><u><link=\"AffectionTeddy\">Привязанности</link></u></color> на следующий ход\n[DefeatDuel] Наносит 1 <sprite name=\"AffectionTeddy\"><color=#e30000><u><link=\"AffectionTeddy\">Привязанность</link></u></color> на следующий ход",
          "coinlist": [
            {
              "coindescs": [
                {
                  "desc": "[OnSucceedAttack] Наносит 3 <sprite name=\"Laceration\"><color=#e30000><u><link=\"Laceration\">Кетчупа</link></u></color>"
                },
                {
                  "desc": "[OnSucceedAttack] Наносит 2 <sprite name=\"NailPersonality\"><color=#e30000><u><link=\"NailPersonality\">Гвоздя</link></u></color>"
                }
              ]
            }
          ]
        }
      ]
    },
    {
      "id": 837903,
      "levelList": [
        {
          "level": 1,
          "name": "Яростное царапание",
          "desc": "Выбирает цели с наименьшим количеством отрицательных эффектов\n[WinDuel] Наносит 3 <sprite name=\"AffectionTeddy\"><color=#e30000><u><link=\"AffectionTeddy\">Привязанности</link></u></color> на следующий ход\n[DefeatDuel] Наносит 1 <sprite name=\"AffectionTeddy\"><color=#e30000><u><link=\"AffectionTeddy\">Привязанность</link></u></color> на следующий ход",
          "coinlist": [
            {
              "coindescs": [
                {
                  "desc": "[OnSucceedAttack] Повышает счетчик <sprite name=\"Laceration\"><color=#e30000><u><link=\"Laceration\">Кетчупа</link></u></color> на 2"
                }
              ]
            },
            {
              "coindescs": [
                {
                  "desc": "[OnSucceedAttack] Наносит 3 <sprite name=\"Curse\"><color=#e30000><u><link=\"Curse\">Проклятия</link></u></color>"
                }
              ]
            }
          ]
        }
      ]
    },
    {
      "id": 837904,
      "levelList": [
        {
          "level": 1,
          "name": "Робкое выражение любви",
          "desc": "[DuelCounter]\n[WhenUse] Наносит 2 <sprite name=\"Disarming\"><color=#e30000><u><link=\"Disarming\">Понижения силы защиты</link></u></color> на следующий ход\n[WhenUse] Наносит 1 <sprite name=\"Curse\"><color=#e30000><u><link=\"Curse\">Проклятие</link></u></color>",
          "coinlist": [
            {
              "coindescs": [
                {
                  "desc": "<sprite name=\"SuperCoin\"><color=#9f6a3a><u><link=\"SuperCoin\">Вечная монета</link></u></color>"
                },
                {
                  "desc": "[OnSucceedAttack] Если у цели есть <sprite name=\"AffectionTeddy\"><color=#e30000><u><link=\"AffectionTeddy\">Привязанность</link></u></color>, поглощает <sprite name=\"AffectionTeddy\"><color=#e30000><u><link=\"AffectionTeddy\">Привязанность</link></u></color> и наносит <sprite name=\"Curse\"><color=#e30000><u><link=\"Curse\">Проклятие</link></u></color> с <sprite name=\"NailPersonality\"><color=#e30000><u><link=\"NailPersonality\">Гвоздями</link></u></color> в количестве поглощенной <sprite name=\"AffectionTeddy\"><color=#e30000><u><link=\"AffectionTeddy\">Привязанности</link></u></color> (Поглощает до 4)"
                },
                {
                  "desc": "[OnSucceedAttack] Если на цели 4 и более <sprite name=\"Curse\"><color=#e30000><u><link=\"Curse\">Проклятия</link></u></color>, поглощает 4 <sprite name=\"Curse\"><color=#e30000><u><link=\"Curse\">Проклятия</link></u></color> с цели и наносит 1 <sprite name=\"CursePackage\"><color=#e30000><u><link=\"CursePackage\">Шкатулку проклятий</link></u></color>"
                }
              ]
            }
          ]
        }
      ]
    },
    {
      "id": 837905,
      "levelList": [
        {
          "level": 1,
          "name": "Грубое выражение любви",
          "desc": "[CantChangeTarget]\nВыбирает целью того противника, с которым в прошлом ходе сталкивался атакой «Выражение любви»",
          "coinlist": [
            {
              "coindescs": [
                {
                  "desc": "<sprite name=\"SuperCoin\"><color=#9f6a3a><u><link=\"SuperCoin\">Вечная монета</link></u></color>"
                },
                {
                  "desc": "Если на цели нет отрицательных эффектов, на 100% больше урона"
                },
                {
                  "desc": "[OnSucceedAttack] Наносит 3 <sprite name=\"Curse\"><color=#e30000><u><link=\"Curse\">Проклятия</link></u></color>"
                },
                {
                  "desc": "[WinDuelAttack] Наносит 6 <sprite name=\"NailPersonality\"><color=#e30000><u><link=\"NailPersonality\">Гвоздей</link></u></color>"
                }
              ]
            }
          ]
        }
      ]
    },
    {
      "id": 837906,
      "levelList": [
        {
          "level": 1,
          "name": "Печальные объятия",
          "desc": "[CantChangeTarget]\nВыбирает целью того противника, с которым в прошлом ходе сталкивался атакой «Выражение любви»\nНе наносит урон\n[StartBattle] Получает 2 <sprite name=\"Vulnerable\"><color=#e30000><u><link=\"Vulnerable\">Уязвимости</link></u></color> до следующего хода\n[EndBattle] Оглушается",
          "coinlist": [
            {
              "coindescs": [
                {
                  "desc": "<sprite name=\"SuperCoin\"><color=#9f6a3a><u><link=\"SuperCoin\">Вечная монета</link></u></color>"
                },
                {
                  "desc": "[OnSucceedAttack] Полностью восстанавливает SP цели"
                }
              ]
            }
          ]
        }
      ]
    },
    {
      "id": 837907,
      "levelList": [
        {
          "level": 1,
          "name": "Старые, ностальгические объятия",
          "desc": "[DefeatDuel] Наносит лишь половину урона",
          "coinlist": [
            {
              "coindescs": [
                {
                  "desc": "[OnSucceedAttack] Наносит 4 <sprite name=\"Curse\"><color=#e30000><u><link=\"Curse\">Проклятия</link></u></color>"
                }
              ]
            },
            {
              "coindescs": [
                {
                  "desc": "<sprite name=\"SuperCoin\"><color=#9f6a3a><u><link=\"SuperCoin\">Вечная монета</link></u></color>"
                },
                {
                  "desc": "[OnSucceedAttack] Наносит 4 <sprite name=\"NailPersonality\"><color=#e30000><u><link=\"NailPersonality\">Гвоздя</link></u></color>"
                },
                {
                  "desc": "[OnSucceedAttack] Поглощает всю <sprite name=\"AffectionTeddy\"><color=#e30000><u><link=\"AffectionTeddy\">Привязанность</link></u></color> с цели\n- При победе в столкновении повышает гранцу выносливости цели на (Поглощенная <sprite name=\"AffectionTeddy\"><color=#e30000><u><link=\"AffectionTeddy\">Привязанность</link></u></color> × 10)"
                }
              ]
            }
          ]
        }
      ]
    },
    {
      "id": 837301,
      "levelList": [
        {
          "level": 1,
          "name": "Прикалывание к полу",
          "desc": "",
          "coinlist": [
            {
              "coindescs": [
                {
                  "desc": "[OnSucceedAttack] Наносит 4 <sprite name=\"Laceration\"><color=#e30000><u><link=\"Laceration\">Кетчупа</link></u></color> и повышает его счетчик на 2"
                }
              ]
            }
          ]
        }
      ]
    },
    {
      "id": 837302,
      "levelList": [
        {
          "level": 1,
          "name": "Пронзающее желание",
          "desc": "[WhenUse] Если у цели 4 и более <sprite name=\"Laceration\"><color=#e30000><u><link=\"Laceration\">Кетчупа</link></u></color>, Сила монет +1",
          "coinlist": [
            {
              "coindescs": [
                {
                  "desc": "[OnSucceedAttack] Повышает счетчик <sprite name=\"Laceration\"><color=#e30000><u><link=\"Laceration\">Кетчупа</link></u></color> на 3"
                }
              ]
            },
            {
              "coindescs": [
                {
                  "desc": "[OnSucceedAttack] Наносит 6 <sprite name=\"Laceration\"><color=#e30000><u><link=\"Laceration\">Кетчупа</link></u></color>"
                }
              ]
            }
          ]
        }
      ]
    },
    {
      "id": 837303,
      "levelList": [
        {
          "level": 1,
          "name": "Подавленное желание",
          "desc": "[WhenUse] Если у цели 4 и более <sprite name=\"Laceration\"><color=#e30000><u><link=\"Laceration\">Кетчупа</link></u></color>, Базовая сила +2",
          "coinlist": [
            {
              "coindescs": [
                {
                  "desc": "[WinDuelAttack] Повышает счетчик <sprite name=\"Laceration\"><color=#e30000><u><link=\"Laceration\">Кетчупа</link></u></color> на количество потраченных целью счетчиков <sprite name=\"Laceration\"><color=#e30000><u><link=\"Laceration\">Кетчупа</link></u></color> во время столкновения"
                }
              ]
            },
            {},
            {
              "coindescs": [
                {
                  "desc": "[OnSucceedAttack] Наносит 10 <sprite name=\"Laceration\"><color=#e30000><u><link=\"Laceration\">Кетчупа</link></u></color>"
                },
                {
                  "desc": "[OnSucceedAttack] Наносит 2 <sprite name=\"ScarletTakeDamageUp\"><color=#e30000><u><link=\"ScarletTakeDamageUp\">Уязвимости к Похоти</link></u></color> на следующий ход"
                }
              ]
            }
          ]
        }
      ]
    },
    {
      "id": 837304,
      "levelList": [
        {
          "level": 1,
          "name": "Блок",
          "desc": "[WhenUse] HP щита +10 за каждые 4 <sprite name=\"Laceration\"><color=#e30000><u><link=\"Laceration\">Кетчупа</link></u></color> на цели (До 30)",
          "coinlist": [
            {
              "coindescs": [
                {
                  "desc": ""
                }
              ]
            }
          ]
        }
      ]
    },
    {
      "id": 837401,
      "levelList": [
        {
          "level": 1,
          "name": "Измельчение",
          "desc": "[WhenUse] Повышает счетчик <sprite name=\"Breath\"><color=#f8c200><u><link=\"Breath\">Кумара</link></u></color> на 2",
          "coinlist": [
            {
              "coindescs": [
                {
                  "desc": "[OnSucceedAttack] Получает 3 <sprite name=\"Breath\"><color=#f8c200><u><link=\"Breath\">Кумара</link></u></color>"
                }
              ]
            },
            {
              "coindescs": [
                {
                  "desc": "[OnSucceedAttack] Получает 3 <sprite name=\"Breath\"><color=#f8c200><u><link=\"Breath\">Кумара</link></u></color>"
                },
                {
                  "desc": "[CriticalOnSucceedAttack] Наносит 1 <sprite name=\"Vulnerable\"><color=#e30000><u><link=\"Vulnerable\">Уязвимость</link></u></color> на следующий ход"
                }
              ]
            }
          ]
        }
      ]
    },
    {
      "id": 837402,
      "levelList": [
        {
          "level": 1,
          "name": "Сокрушение",
          "desc": "[WhenUse] Получает 5 <sprite name=\"Breath\"><color=#f8c200><u><link=\"Breath\">Кумара</link></u></color>",
          "coinlist": [
            {},
            {
              "coindescs": [
                {
                  "desc": "[OnSucceedAttack] Повышает счетчик <sprite name=\"Breath\"><color=#f8c200><u><link=\"Breath\">Кумара</link></u></color> на 2"
                }
              ]
            },
            {
              "coindescs": [
                {
                  "desc": "[OnSucceedAttack] Наносит 2 <sprite name=\"IndigoTakeDamageUp\"><color=#e30000><u><link=\"IndigoTakeDamageUp\">Уязвимости к Гордыне</link></u></color> на следующий ход"
                },
                {
                  "desc": "[CriticalOnSucceedAttack] Наносит 1 <sprite name=\"Vulnerable\"><color=#e30000><u><link=\"Vulnerable\">Уязвимость</link></u></color> на следующий ход"
                }
              ]
            }
          ]
        }
      ]
    },
    {
      "id": 837403,
      "levelList": [
        {
          "level": 1,
          "name": "Горделивое сокрушение",
          "desc": "[WhenUse] При 5 и более <sprite name=\"Breath\"><color=#f8c200><u><link=\"Breath\">Кумара</link></u></color>, Сила монет +2",
          "coinlist": [
            {
              "coindescs": [
                {
                  "desc": "[OnSucceedAttack] Получает 4 <sprite name=\"Breath\"><color=#f8c200><u><link=\"Breath\">Кумара</link></u></color> и повышает его счетчик на 3"
                },
                {
                  "desc": "[CriticalOnSucceedAttack] На 100% больше урона"
                }
              ]
            }
          ]
        }
      ]
    },
    {
      "id": 837404,
      "levelList": [
        {
          "level": 1,
          "name": "Контратака",
          "desc": "[WhenUse] При 6 и более <sprite name=\"Breath\"><color=#f8c200><u><link=\"Breath\">Кумара</link></u></color>, Сила монет +2",
          "coinlist": [
            {
              "coindescs": [
                {
                  "desc": "[OnSucceedAttack] Повышает счетчик <sprite name=\"Breath\"><color=#f8c200><u><link=\"Breath\">Кумара</link></u></color> на 2"
                },
                {
                  "desc": ""
                }
              ]
            }
          ]
        }
      ]
    },
    {
      "id": 838001,
      "levelList": [
        {
          "level": 1,
          "name": "Опрокидывание",
          "desc": "[WhenUse] Поглощает 10 <sprite name=\"BloodDinner\"><color=#9f6a3a><u><link=\"BloodDinner\">Борща</link></u></color> и получает 1 <sprite name=\"BloodArmor\"><color=#f8c200><u><link=\"BloodArmor\">Кровавую броню</link></u></color>\n[WhenUse] Сила монет +1 за каждые 10 <sprite name=\"BloodArmor\"><color=#f8c200><u><link=\"BloodArmor\">Кровавой брони</link></u></color> (До 2)\n[WhenUse] Сила монет +1 за каждые 15 <sprite name=\"Laceration\"><color=#e30000><u><link=\"Laceration\">Кетчупа</link></u></color> на себе (До 3)",
          "coinlist": [
            {
              "coindescs": [
                {
                  "desc": "[OnSucceedAttack] Наносит 3 <sprite name=\"Laceration\"><color=#e30000><u><link=\"Laceration\">Кетчупа</link></u></color>"
                }
              ]
            },
            {
              "coindescs": [
                {
                  "desc": "[OnSucceedAttack] Наносит 3 <sprite name=\"Laceration\"><color=#e30000><u><link=\"Laceration\">Кетчупа</link></u></color>"
                }
              ]
            }
          ]
        }
      ]
    },
    {
      "id": 838002,
      "levelList": [
        {
          "level": 1,
          "name": "Ранение",
          "desc": "[WhenUse] Поглощает до 20 <sprite name=\"BloodDinner\"><color=#9f6a3a><u><link=\"BloodDinner\">Борща</link></u></color> и получает 1 <sprite name=\"BloodArmor\"><color=#f8c200><u><link=\"BloodArmor\">Кровавую броню</link></u></color> за каждые 10 поглощенного <sprite name=\"BloodDinner\"><color=#9f6a3a><u><link=\"BloodDinner\">Борща</link></u></color>\n[WhenUse] Сила монет +1 за каждые 10 <sprite name=\"BloodArmor\"><color=#f8c200><u><link=\"BloodArmor\">Кровавой брони</link></u></color> (До 2)\n[WhenUse] Сила монет +1 за каждые 15 <sprite name=\"Laceration\"><color=#e30000><u><link=\"Laceration\">Кетчупа</link></u></color> на себе (До 3)",
          "coinlist": [
            {
              "coindescs": [
                {
                  "desc": "[OnSucceedAttack] Повышает счетчик <sprite name=\"Laceration\"><color=#e30000><u><link=\"Laceration\">Кетчупа</link></u></color> на 2"
                }
              ]
            },
            {
              "coindescs": [
                {
                  "desc": "[OnSucceedAttack] Повышает счетчик <sprite name=\"Laceration\"><color=#e30000><u><link=\"Laceration\">Кетчупа</link></u></color> на 2"
                }
              ]
            }
          ]
        }
      ]
    },
    {
      "id": 838003,
      "levelList": [
        {
          "level": 1,
          "name": "Кровавая радость",
          "desc": "[WhenUse] Поглощает 4 <sprite name=\"BloodArmor\"><color=#f8c200><u><link=\"BloodArmor\">Кровавой брони</link></u></color>, чтобы восстановить 10 SP\n[WhenUse] Поглощает 10 <sprite name=\"BloodDinner\"><color=#9f6a3a><u><link=\"BloodDinner\">Борща</link></u></color>, чтобы получить 1 <sprite name=\"BloodArmor\"><color=#f8c200><u><link=\"BloodArmor\">Кровавую броню</link></u></color> и восстановить 10 SP\n- Если не удалось поглотить <sprite name=\"BloodDinner\"><color=#9f6a3a><u><link=\"BloodDinner\">Борщ</link></u></color>, получает 3 <sprite name=\"Laceration\"><color=#e30000><u><link=\"Laceration\">Кетчупа</link></u></color>",
          "coinlist": [
            {
              "coindescs": [
                {
                  "desc": "[OnSucceedAttack] На 10% больше урона за каждое <sprite name=\"Laceration\"><color=#e30000><u><link=\"Laceration\">Кетчуп</link></u></color> на цели (До 100%)"
                },
                {
                  "desc": "[OnSucceedAttack] Наносит 3 <sprite name=\"Laceration\"><color=#e30000><u><link=\"Laceration\">Кетчупа</link></u></color> и повышает его счетчик на 2"
                }
              ]
            }
          ]
        }
      ]
    },
    {
      "id": 838004,
      "levelList": [
        {
          "level": 1,
          "name": "Экстаз крови",
          "desc": "Можно перехватить независимо от скорости\n[StartBattle] Если есть противники с <sprite name=\"Laceration\"><color=#e30000><u><link=\"Laceration\">Кетчупом</link></u></color>, активирует <sprite name=\"Laceration\"><color=#e30000><u><link=\"Laceration\">Кетчуп</link></u></color> на всех них и они теряют 2 его счетчика\n[WhenUse] Если активации <sprite name=\"Laceration\"><color=#e30000><u><link=\"Laceration\">Кетчупа</link></u></color> в начале боевой фазы не произошло, получает 30 <sprite name=\"Laceration\"><color=#e30000><u><link=\"Laceration\">Кетчупа</link></u></color>\n[WinDuel] Поглощает до 40 <sprite name=\"BloodDinner\"><color=#9f6a3a><u><link=\"BloodDinner\">Борща</link></u></color>, чтобы за каждые поглощенного 10 <sprite name=\"BloodDinner\"><color=#9f6a3a><u><link=\"BloodDinner\">Борща</link></u></color> получить 1 <sprite name=\"BloodArmor\"><color=#f8c200><u><link=\"BloodArmor\">Кровавую броню</link></u></color> и нанести на 25% больше урона (До 100%)\n- Если не удалось поглотить <sprite name=\"BloodDinner\"><color=#9f6a3a><u><link=\"BloodDinner\">Борщ</link></u></color>, получает 5 урона <sprite name=\"Laceration\"><color=#e30000><u><link=\"Laceration\">Кетчупом</link></u></color> и теряет 2 его счетчика\n[EndSkill] Завершает ход",
          "coinlist": [
            {
              "coindescs": [
                {
                  "desc": "<sprite name=\"SuperCoin\"><color=#9f6a3a><u><link=\"SuperCoin\">Вечная монета</link></u></color>"
                },
                {
                  "desc": "[OnSucceedAttack] Наносит 5 <sprite name=\"Laceration\"><color=#e30000><u><link=\"Laceration\">Кетчупа</link></u></color> и повышает его счетчик на 2"
                }
              ]
            },
            {
              "coindescs": [
                {
                  "desc": "<sprite name=\"SuperCoin\"><color=#9f6a3a><u><link=\"SuperCoin\">Вечная монета</link></u></color>"
                },
                {
                  "desc": "[OnSucceedAttack] Наносит 5 <sprite name=\"Laceration\"><color=#e30000><u><link=\"Laceration\">Кетчупа</link></u></color> и повышает его счетчик на 2"
                }
              ]
            },
            {
              "coindescs": [
                {
                  "desc": "<sprite name=\"SuperCoin\"><color=#9f6a3a><u><link=\"SuperCoin\">Вечная монета</link></u></color>"
                }
              ]
            }
          ]
        }
      ]
    },
    {
      "id": 838005,
      "levelList": [
        {
          "level": 1,
          "name": "Искусство застывшей крови Дон Кихота 4 - Рассечение",
          "desc": "[WhenUse] Сила монет +1 против целей с 6 и более <sprite name=\"Laceration\"><color=#e30000><u><link=\"Laceration\">Кетчупа</link></u></color>\n[WinDuel] Наносит на 20% больше урона за каждую Фазу <sprite name=\"BloodArmor\"><color=#f8c200><u><link=\"BloodArmor\">Кровавой брони</link></u></color> (До 60%)\n[DefeatDuel] Тратит 4 <sprite name=\"BloodArmor\"><color=#f8c200><u><link=\"BloodArmor\">Кровавой брони</link></u></color>, чтобы получить 20 HP щита",
          "coinlist": [
            {
              "coindescs": [
                {
                  "desc": "[OnSucceedAttack] Наносит 5 <sprite name=\"Laceration\"><color=#e30000><u><link=\"Laceration\">Кетчупа</link></u></color>"
                }
              ]
            },
            {
              "coindescs": [
                {
                  "desc": "[OnSucceedAttack] Наносит 5 <sprite name=\"Laceration\"><color=#e30000><u><link=\"Laceration\">Кетчупа</link></u></color>"
                }
              ]
            }
          ]
        }
      ]
    },
    {
      "id": 838006,
      "levelList": [
        {
          "level": 1,
          "name": "Искусство застывшей крови Дон Кихота 11 - Пронзание",
          "desc": "[WhenUse] Базовая сила +1 за каждые 3 <sprite name=\"Laceration\"><color=#e30000><u><link=\"Laceration\">Кетчупа</link></u></color> на цели (До 3)\n[WinDuel] Наносит на 20% больше урона за каждую Фазу <sprite name=\"BloodArmor\"><color=#f8c200><u><link=\"BloodArmor\">Кровавой брони</link></u></color> (До 60%)\n[DefeatDuel] Тратит 4 <sprite name=\"BloodArmor\"><color=#f8c200><u><link=\"BloodArmor\">Кровавой брони</link></u></color>, чтобы получить 20 HP щита",
          "coinlist": [
            {
              "coindescs": [
                {
                  "desc": "[OnSucceedAttack] Повышает счетчик <sprite name=\"Laceration\"><color=#e30000><u><link=\"Laceration\">Кетчупа</link></u></color> на 2"
                }
              ]
            },
            {
              "coindescs": [
                {
                  "desc": "[OnSucceedAttack] Повышает счетчик <sprite name=\"Laceration\"><color=#e30000><u><link=\"Laceration\">Кетчупа</link></u></color> на 2"
                }
              ]
            },
            {
              "coindescs": [
                {
                  "desc": "[OnSucceedAttack] Активирует <sprite name=\"Laceration\"><color=#e30000><u><link=\"Laceration\">Кетчуп</link></u></color> цели на все его счетчики кроме последнего"
                }
              ]
            }
          ]
        }
      ]
    },
    {
      "id": 838007,
      "levelList": [
        {
          "level": 1,
          "name": "Искусство застывшей крови Дон Кихота 2 - Кровавая броня",
          "desc": "Можно перехватить независимо от скорости\n[StartBattle] Поглощает 200 <sprite name=\"BloodDinner\"><color=#9f6a3a><u><link=\"BloodDinner\">Борща</link></u></color>, чтобы получить 500 HP щита, 5 <sprite name=\"BloodArmor\"><color=#f8c200><u><link=\"BloodArmor\">Кровавой брони</link></u></color> и 1 <sprite name=\"SwirlingBlood\"><color=#f8c200><u><link=\"SwirlingBlood\">Присутствие второго сородича</link></u></color>\n- Если не удалось поглотить <sprite name=\"BloodDinner\"><color=#9f6a3a><u><link=\"BloodDinner\">Борщ</link></u></color>, получает 50 урона <sprite name=\"Laceration\"><color=#e30000><u><link=\"Laceration\">Кетчупом</link></u></color> и теряет 2 его счетчика. Получает 500 HP щита и 1 <sprite name=\"SwirlingBlood\"><color=#f8c200><u><link=\"SwirlingBlood\">Присутствие второго сородича</link></u></color> (HP не может упасть ниже 1 от этого)\n[WinDuel] Получает 200 HP щита\n[DefeatDuel] Получает 3 <sprite name=\"Vulnerable\"><color=#e30000><u><link=\"Vulnerable\">Уязвимости</link></u></color>, пока активен щит, полученный этим навыком\n[DefeatDuel] Атака наносит на 50% меньше урона и не может оглушить противников\n[EndSkill] Завершает ход",
          "coinlist": [
            {
              "coindescs": [
                {
                  "desc": "<sprite name=\"SuperCoin\"><color=#9f6a3a><u><link=\"SuperCoin\">Вечная монета</link></u></color>"
                }
              ]
            },
            {
              "coindescs": [
                {
                  "desc": "<sprite name=\"SuperCoin\"><color=#9f6a3a><u><link=\"SuperCoin\">Вечная монета</link></u></color>"
                }
              ]
            },
            {
              "coindescs": [
                {
                  "desc": "<sprite name=\"SuperCoin\"><color=#9f6a3a><u><link=\"SuperCoin\">Вечная монета</link></u></color>"
                }
              ]
            },
            {
              "coindescs": [
                {
                  "desc": "<sprite name=\"SuperCoin\"><color=#9f6a3a><u><link=\"SuperCoin\">Вечная монета</link></u></color>"
                },
                {
                  "desc": "[OnSucceedAttack] Наносит 5 <sprite name=\"Laceration\"><color=#e30000><u><link=\"Laceration\">Кетчупа</link></u></color> и повышает его счетчик на 3"
                }
              ]
            }
          ]
        }
      ]
    },
    {
      "id": 838008,
      "levelList": [
        {
          "level": 1,
          "name": "Вариант стиля Дон Кихота: Искусство Санчо 4 - Выслеживание",
          "desc": "Выбирает целью противников с наибольшим <sprite name=\"Laceration\"><color=#e30000><u><link=\"Laceration\">Кетчупом</link></u></color>\n[BeforeAttack] Если цель имеет наибольшее <sprite name=\"Laceration\"><color=#e30000><u><link=\"Laceration\">Кетчуп</link></u></color>, получает +2 к Весу атаки и +3 к Силе в столкновении\n[WhenUse] Поглощает до 30 <sprite name=\"BloodDinner\"><color=#9f6a3a><u><link=\"BloodDinner\">Борща</link></u></color>, чтобы получить 1 <sprite name=\"BloodArmor\"><color=#f8c200><u><link=\"BloodArmor\">Кровавую броню</link></u></color> и +1 к Силе монет за каждые 15 поглощенного <sprite name=\"BloodDinner\"><color=#9f6a3a><u><link=\"BloodDinner\">Борща</link></u></color> (До 2)\n- Если не удалось поглотить <sprite name=\"BloodDinner\"><color=#9f6a3a><u><link=\"BloodDinner\">Борщ</link></u></color>, получает 10 урона <sprite name=\"Laceration\"><color=#e30000><u><link=\"Laceration\">Кетчупом</link></u></color> и теряет 2 его счетчика\n[EndSkill] Увеличивает <sprite name=\"BloodDinner\"><color=#9f6a3a><u><link=\"BloodDinner\">Борщ</link></u></color> на величину урона, нанесенного этой атакой",
          "coinlist": [
            {
              "coindescs": [
                {
                  "desc": "[OnSucceedAttack] Наносит 8 <sprite name=\"Laceration\"><color=#e30000><u><link=\"Laceration\">Кетчупа</link></u></color>"
                }
              ]
            },
            {
              "coindescs": [
                {
                  "desc": "[OnSucceedAttack] Наносит 1 <sprite name=\"Binding\"><color=#e30000><u><link=\"Binding\">Понос</link></u></color> на следующий ход\n- Если удалось поглотить 30 <sprite name=\"BloodDinner\"><color=#9f6a3a><u><link=\"BloodDinner\">Борща</link></u></color>, наносит еще 2 <sprite name=\"Binding\"><color=#e30000><u><link=\"Binding\">Поноса</link></u></color>"
                }
              ]
            }
          ]
        }
      ]
    },
    {
      "id": 838009,
      "levelList": [
        {
          "level": 1,
          "name": "Вариант стиля Дон Кихота: Искусство Санчо 3 - Засада",
          "desc": "Выбирает целью противников с наибольшим <sprite name=\"Laceration\"><color=#e30000><u><link=\"Laceration\">Кетчупом</link></u></color>\n[BeforeAttack] Если цель имеет наибольшее <sprite name=\"Laceration\"><color=#e30000><u><link=\"Laceration\">Кетчуп</link></u></color>, получает +2 к Весу атаки и +3 к Силе в столкновении\n[WhenUse] Поглощает до 50 <sprite name=\"BloodDinner\"><color=#9f6a3a><u><link=\"BloodDinner\">Борща</link></u></color>, чтобы получить 1 <sprite name=\"BloodArmor\"><color=#f8c200><u><link=\"BloodArmor\">Кровавую броню</link></u></color> и +1 к Базовой силе за каждые 10 поглощенного <sprite name=\"BloodDinner\"><color=#9f6a3a><u><link=\"BloodDinner\">Борща</link></u></color> (До 5)\n- Если не удалось поглотить <sprite name=\"BloodDinner\"><color=#9f6a3a><u><link=\"BloodDinner\">Борщ</link></u></color>, получает 10 урона <sprite name=\"Laceration\"><color=#e30000><u><link=\"Laceration\">Кетчупом</link></u></color> и теряет 1 его счетчик\n[EndSkill] Увеличивает <sprite name=\"BloodDinner\"><color=#9f6a3a><u><link=\"BloodDinner\">Борщ</link></u></color> на величину урона, нанесенного этой атакой",
          "coinlist": [
            {
              "coindescs": [
                {
                  "desc": "[OnSucceedAttack] Повышает счетчик <sprite name=\"Laceration\"><color=#e30000><u><link=\"Laceration\">Кетчупа</link></u></color> на 2"
                }
              ]
            },
            {
              "coindescs": [
                {
                  "desc": "[OnSucceedAttack] Повышает счетчик <sprite name=\"Laceration\"><color=#e30000><u><link=\"Laceration\">Кетчупа</link></u></color> на 2"
                }
              ]
            },
            {
              "coindescs": [
                {
                  "desc": "[OnSucceedAttack] Наносит 1 <sprite name=\"Paralysis\"><color=#e30000><u><link=\"Paralysis\">Паралич</link></u></color> на следующий ход\n- Если удалось поглотить 50 <sprite name=\"BloodDinner\"><color=#9f6a3a><u><link=\"BloodDinner\">Борща</link></u></color>, наносит еще 2 <sprite name=\"Paralysis\"><color=#e30000><u><link=\"Paralysis\">Паралича</link></u></color>"
                }
              ]
            }
          ]
        }
      ]
    },
    {
      "id": 838010,
      "levelList": [
        {
          "level": 1,
          "name": "Вариант стиля Дон Кихота: Искусство Санчо 2 - Ла Сангре",
          "desc": "Можно перехватить независимо от скорости\n[WhenUse] Поглощает 50 <sprite name=\"BloodDinner\"><color=#9f6a3a><u><link=\"BloodDinner\">Борща</link></u></color>, чтобы нанести 1 <sprite name=\"Paralysis\"><color=#e30000><u><link=\"Paralysis\">Паралич</link></u></color> на цель и на себя\n[WhenUse] Поглощает 100 <sprite name=\"BloodDinner\"><color=#9f6a3a><u><link=\"BloodDinner\">Борща</link></u></color>, чтобы получить +5 к Силе в столкновении\n- Если не удалось поглотить <sprite name=\"BloodDinner\"><color=#9f6a3a><u><link=\"BloodDinner\">Борщ</link></u></color>, тратит 100 HP, чтобы получить +5 к Силе в столкновении\n[EndSkill] Завершает ход",
          "coinlist": [
            {
              "coindescs": [
                {
                  "desc": "<sprite name=\"SuperCoin\"><color=#9f6a3a><u><link=\"SuperCoin\">Вечная монета</link></u></color>"
                },
                {
                  "desc": "[OnSucceedAttackHead] Наносит 8 <sprite name=\"Laceration\"><color=#e30000><u><link=\"Laceration\">Кетчупа</link></u></color>"
                },
                {
                  "desc": "[OnSucceedAttackHead] Восстанавливает HP на количество нанесенного урона"
                }
              ]
            }
          ]
        }
      ]
    },
    {
      "id": 838011,
      "levelList": [
        {
          "level": 1,
          "name": "Ла Авентура Ха Терминадо",
          "desc": "[WhenUse] Поглощает (45 - текущее SP) <sprite name=\"BloodDinner\"><color=#9f6a3a><u><link=\"BloodDinner\">Борща</link></u></color>, чтобы восстановить SP до 45\n- Если не удалось поглотить <sprite name=\"BloodDinner\"><color=#9f6a3a><u><link=\"BloodDinner\">Борщ</link></u></color>, вместо этого поглощает до (45 - текущее SP) HP, чтобы восстановить SP до 45 (HP не может упасть ниже 1 от этого)\n- Получает HP щита в количестве оставшегося <sprite name=\"BloodDinner\"><color=#9f6a3a><u><link=\"BloodDinner\">Кровавого пиршеству</link></u></color> (До 100)\n[WinDuel] Наносит 10 <sprite name=\"Laceration\"><color=#e30000><u><link=\"Laceration\">Кетчупа</link></u></color>\n[DefeatDuel] Потребляет 100 <sprite name=\"BloodDinner\"><color=#9f6a3a><u><link=\"BloodDinner\">Борща</link></u></color>\n[EndSkill] Увеличивает <sprite name=\"BloodDinner\"><color=#9f6a3a><u><link=\"BloodDinner\">Борщ</link></u></color> на количество нанесенного урона",
          "coinlist": [
            {
              "coindescs": [
                {
                  "desc": "<sprite name=\"SuperCoin\"><color=#9f6a3a><u><link=\"SuperCoin\">Вечная монета</link></u></color>"
                },
                {
                  "desc": "[OnSucceedAttack] На 10% больше урона за каждое <sprite name=\"Laceration\"><color=#e30000><u><link=\"Laceration\">Кетчуп</link></u></color> на цели (До 200%)"
                },
                {
                  "desc": "[OnSucceedAttack] На 10% больше урона за каждую единицу <sprite name=\"BloodDinner\"><color=#9f6a3a><u><link=\"BloodDinner\">Кровавго пиршества</link></u></color> (До 100%)"
                },
                {
                  "desc": "[OnSucceedAttack] Наносит 3 <sprite name=\"Laceration\"><color=#e30000><u><link=\"Laceration\">Кетчупа</link></u></color> и повышает его счетчик на 2"
                }
              ]
            }
          ]
        }
      ]
    },
    {
      "id": 839401,
      "levelList": [
        {
          "level": 1,
          "name": "Кеееххххннххх",
          "desc": "[WhenUse] Получает 3 <sprite name=\"DefenseUp\"><color=#f8c200><u><link=\"DefenseUp\">Повышения уровня защиты</link></u></color>\n[DefeatDuel] Получает 3 <sprite name=\"DefenseUp\"><color=#f8c200><u><link=\"DefenseUp\">Повышения уровня защиты</link></u></color>",
          "coinlist": [
            {
              "coindescs": [
                {
                  "desc": "[OnSucceedAttack] Получает 2 <sprite name=\"DefenseUp\"><color=#f8c200><u><link=\"DefenseUp\">Повышения уровня защиты</link></u></color> на следующий ход"
                }
              ]
            },
            {
              "coindescs": [
                {
                  "desc": "[OnSucceedAttack] Получает 2 <sprite name=\"DefenseUp\"><color=#f8c200><u><link=\"DefenseUp\">Повышения уровня защиты</link></u></color> на следующий ход"
                }
              ]
            }
          ]
        }
      ]
    },
    {
      "id": 839402,
      "levelList": [
        {
          "level": 1,
          "name": "Кннхгх нххннх",
          "desc": "[WinDuel] Наносит 1 <sprite name=\"Binding\"><color=#e30000><u><link=\"Binding\">Понос</link></u></color> на следующий ход\n[WhenUse] Базовая сила +1 за каждые 4 <sprite name=\"DefenseUp\"><color=#f8c200><u><link=\"DefenseUp\">Повышения уровня защиты</link></u></color> (До 2)\n[WhenUse] Получает 3 <sprite name=\"DefenseUp\"><color=#f8c200><u><link=\"DefenseUp\">Повышения уровня защиты</link></u></color>",
          "coinlist": [
            {
              "coindescs": [
                {
                  "desc": "[OnSucceedAttack] Получает 2 <sprite name=\"DefenseUp\"><color=#f8c200><u><link=\"DefenseUp\">Повышения уровня защиты</link></u></color> на следующий ход"
                }
              ]
            },
            {
              "coindescs": [
                {
                  "desc": "[OnSucceedAttack] Получает 2 <sprite name=\"DefenseUp\"><color=#f8c200><u><link=\"DefenseUp\">Повышения уровня защиты</link></u></color> на следующий ход"
                }
              ]
            },
            {
              "coindescs": [
                {
                  "desc": "[OnSucceedAttack] Получает 2 <sprite name=\"DefenseUp\"><color=#f8c200><u><link=\"DefenseUp\">Повышения уровня защиты</link></u></color> на следующий ход"
                }
              ]
            }
          ]
        }
      ]
    },
    {
      "id": 839403,
      "levelList": [
        {
          "level": 1,
          "name": "Кннггхх",
          "desc": "[StartBattle] Дает 3 <sprite name=\"DefenseUp\"><color=#f8c200><u><link=\"DefenseUp\">Повышения уровня защиты</link></u></color> союзнику с наименьшим процентом HP (Включая себя)\n[WhenUse] Базовая сила +1 за каждые 5 <sprite name=\"DefenseUp\"><color=#f8c200><u><link=\"DefenseUp\">Повышений уровня защиты</link></u></color> (До 4)",
          "coinlist": [
            {},
            {},
            {
              "coindescs": [
                {
                  "desc": "[OnSucceedAttack] Получает <sprite name=\"AttackUp\"><color=#f8c200><u><link=\"AttackUp\">Повышения уровня атаки</link></u></color> на следующий ход в количестве <sprite name=\"DefenseUp\"><color=#f8c200><u><link=\"DefenseUp\">Повышений уровня защиты</link></u></color>"
                }
              ]
            }
          ]
        }
      ]
    },
    {
      "id": 839404,
      "levelList": [
        {
          "level": 1,
          "name": "Кннх",
          "desc": "[StartBattle] Получает (2 × <sprite name=\"DefenseUp\"><color=#f8c200><u><link=\"DefenseUp\">Повышений уровня защиты</link></u></color> на себе) HP щита (До 20; дважды за ход)",
          "coinlist": [
            {
              "coindescs": [
                {
                  "desc": ""
                }
              ]
            }
          ]
        }
      ]
    },
    {
      "id": 837601,
      "levelList": [
        {
          "level": 1,
          "name": "Шипованный хлыст",
          "desc": "[WhenUse] Сила в столкновении +1 против целей с 6 и более <sprite name=\"Burst\"><color=#e30000><u><link=\"Burst\">Зеленкеи</link></u></color>",
          "coinlist": [
            {
              "coindescs": [
                {
                  "desc": "[OnSucceedAttack] Наносит 4 <sprite name=\"Burst\"><color=#e30000><u><link=\"Burst\">Зеленки</link></u></color>"
                }
              ]
            }
          ]
        }
      ]
    },
    {
      "id": 837602,
      "levelList": [
        {
          "level": 1,
          "name": "Удар хлыстом",
          "desc": "[WhenUse] Сила монет +1 против целей с 6 и более <sprite name=\"Burst\"><color=#e30000><u><link=\"Burst\">Зеленкеи</link></u></color>\n[WinDuel] Повышает счетчик <sprite name=\"Burst\"><color=#e30000><u><link=\"Burst\">Зеленки</link></u></color> на 2",
          "coinlist": [
            {
              "coindescs": [
                {
                  "desc": "[OnSucceedAttack] Если счетчик <sprite name=\"Burst\"><color=#e30000><u><link=\"Burst\">Зеленки</link></u></color> цели меньше 5, повышает его на 2\n- При 5 и более счетчиках <sprite name=\"Burst\"><color=#e30000><u><link=\"Burst\">Зеленки</link></u></color>, вместо этого наносит 2 <sprite name=\"Burst\"><color=#e30000><u><link=\"Burst\">Зеленки</link></u></color>"
                }
              ]
            },
            {
              "coindescs": [
                {
                  "desc": "[OnSucceedAttack] Если счетчик <sprite name=\"Burst\"><color=#e30000><u><link=\"Burst\">Зеленки</link></u></color> цели меньше 5, повышает его на 2\n- При 5 и более счетчиках <sprite name=\"Burst\"><color=#e30000><u><link=\"Burst\">Зеленки</link></u></color>, вместо этого наносит 2 <sprite name=\"Burst\"><color=#e30000><u><link=\"Burst\">Зеленки</link></u></color>"
                }
              ]
            }
          ]
        }
      ]
    },
    {
      "id": 837603,
      "levelList": [
        {
          "level": 1,
          "name": "Удушающая терновая корона",
          "desc": "Нацеливается на противника с наименьшей SP\n[WhenUse] Если у цели 0 или менее SP, Сила в столкновении +3\n[WhenUse] Сила монет +1 за каждые 4 <sprite name=\"Burst\"><color=#e30000><u><link=\"Burst\">Зеленки</link></u></color> на цели (До 3)",
          "coinlist": [
            {
              "coindescs": [
                {
                  "desc": "[OnSucceedAttack] Цель теряет 10 SP\n- Если у цели 0 или менее SP, цель теряет 20 SP вместо этого"
                }
              ]
            }
          ]
        }
      ]
    },
    {
      "id": 837604,
      "levelList": [
        {
          "level": 1,
          "name": "Отдергивание кнута",
          "desc": "В перую очередь нацеливается на противников с <sprite name=\"ThornNoose\"><color=#e30000><u><link=\"ThornNoose\">Колючим лассо</link></u></color>\nЕсли на цели нет <sprite name=\"ThornNoose\"><color=#e30000><u><link=\"ThornNoose\">Колючего лассо</link></u></color>, наносит на 50% меньше урона",
          "coinlist": [
            {
              "coindescs": [
                {
                  "desc": "[OnSucceedAttack] Если на цели <sprite name=\"ThornNoose\"><color=#e30000><u><link=\"ThornNoose\">Колючее лассо</link></u></color>, наносит 2 <sprite name=\"Burst\"><color=#e30000><u><link=\"Burst\">Зеленки</link></u></color>\n- Если на цели 10 и более <sprite name=\"Burst\"><color=#e30000><u><link=\"Burst\">Зеленки</link></u></color>, вместо этого повышает его счетчик на 2"
                }
              ]
            },
            {
              "coindescs": [
                {
                  "desc": "[OnSucceedAttack] Если на цели <sprite name=\"ThornNoose\"><color=#e30000><u><link=\"ThornNoose\">Колючее лассо</link></u></color>, наносит 2 <sprite name=\"Burst\"><color=#e30000><u><link=\"Burst\">Зеленки</link></u></color>\n- Если на цели 10 и более <sprite name=\"Burst\"><color=#e30000><u><link=\"Burst\">Зеленки</link></u></color>, вместо этого повышает его счетчик на 2"
                }
              ]
            },
            {
              "coindescs": [
                {
                  "desc": "[OnSucceedAttack] Если на цели <sprite name=\"ThornNoose\"><color=#e30000><u><link=\"ThornNoose\">Колючее лассо</link></u></color>, наносит 2 <sprite name=\"Burst\"><color=#e30000><u><link=\"Burst\">Зеленки</link></u></color>\n- Если на цели 10 и более <sprite name=\"Burst\"><color=#e30000><u><link=\"Burst\">Зеленки</link></u></color>, вместо этого повышает его счетчик на 2"
                }
              ]
            },
            {
              "coindescs": [
                {
                  "desc": "<sprite name=\"SuperCoin\"><color=#9f6a3a><u><link=\"SuperCoin\">Вечная монета</link></u></color>"
                },
                {
                  "desc": "[OnSucceedAttack] Если на цели <sprite name=\"ThornNoose\"><color=#e30000><u><link=\"ThornNoose\">Колючее лассо</link></u></color>, на 50% больше урона"
                }
              ]
            }
          ]
        }
      ]
    },
    {
      "id": 837605,
      "levelList": [
        {
          "level": 1,
          "name": "Колючее лассо",
          "desc": "[WhenUse] Если скорость выше скорости цели, Сила в столкновении +5\n[WhenUse] Сила монет +1 за каждые 4 <sprite name=\"Burst\"><color=#e30000><u><link=\"Burst\">Зеленки</link></u></color> на цели (До 2)\n[WhenUse] Получает Базовую силу по количеству целей с <sprite name=\"ThornNoose\"><color=#e30000><u><link=\"ThornNoose\">Колючим лассо</link></u></color>",
          "coinlist": [
            {},
            {},
            {},
            {
              "coindescs": [
                {
                  "desc": "<sprite name=\"SuperCoin\"><color=#9f6a3a><u><link=\"SuperCoin\">Вечная монета</link></u></color>"
                },
                {
                  "desc": "[OnSucceedAttack] Наносит 4 <sprite name=\"Burst\"><color=#e30000><u><link=\"Burst\">Зеленки</link></u></color> и повышает его счетчик на 2"
                },
                {
                  "desc": "[OnSucceedAttack] Если цель оглушена или имеет <sprite name=\"ThornNoose\"><color=#e30000><u><link=\"ThornNoose\">Колючее лассо</link></u></color>, на 30% больше урона"
                },
                {
                  "desc": "[EnemyKill] Наносит всем противникам <sprite name=\"Burst\"><color=#e30000><u><link=\"Burst\">Зеленки</link></u></color> в количестве (Счетчик <sprite name=\"Burst\"><color=#e30000><u><link=\"Burst\">Зеленки</link></u></color> цели × 2) (До 10)"
                }
              ]
            }
          ]
        }
      ]
    },
    {
      "id": 837606,
      "levelList": [
        {
          "level": 1,
          "name": "Венок из кнута",
          "desc": "[StartBattle] Получает HP щита в размере (Количество противников с <sprite name=\"ThornNoose\"><color=#e30000><u><link=\"ThornNoose\">Колючим лассо</link></u></color>)% от максимальных HP",
          "coinlist": [
            {
              "coindescs": [
                {
                  "desc": ""
                }
              ]
            }
          ]
        }
      ]
    },
    {
      "id": 837607,
      "levelList": [
        {
          "level": 1,
          "name": "Захватывающее лассо",
          "desc": "[StartBattle] Если на поле боя 3 или менее противника, на которых <sprite name=\"ThornNoose\"><color=#e30000><u><link=\"ThornNoose\">Колючее лассо</link></u></color>, наносит 1 <sprite name=\"ThornNoose\"><color=#e30000><u><link=\"ThornNoose\">Колючее лассо</link></u></color>",
          "coinlist": [
            {
              "coindescs": [
                {
                  "desc": "<sprite name=\"SuperCoin\"><color=#9f6a3a><u><link=\"SuperCoin\">Вечная монета</link></u></color>"
                },
                {
                  "desc": "[OnSucceedAttack] Повышает счетчик <sprite name=\"Burst\"><color=#e30000><u><link=\"Burst\">Зеленки</link></u></color> на 2"
                }
              ]
            }
          ]
        }
      ]
    },
    {
      "id": 837701,
      "levelList": [
        {
          "level": 1,
          "name": "Шипы",
          "desc": "[CantChangeTarget]\nНацеливается на противника с <sprite name=\"ThornNoose\"><color=#e30000><u><link=\"ThornNoose\">Колючим лассо</link></u></color>",
          "coinlist": [
            {
              "coindescs": [
                {
                  "desc": "[OnSucceedAttack] Наносит 4 <sprite name=\"Burst\"><color=#e30000><u><link=\"Burst\">Зеленки</link></u></color> и повышает его счетчик на 2"
                }
              ]
            }
          ]
        }
      ]
    },
    {
      "id": 839601,
      "levelList": [
        {
          "level": 1,
          "name": "Грациозно...",
          "desc": "[WhenUse] Если у цели 6 и более <sprite name=\"Laceration\"><color=#e30000><u><link=\"Laceration\">Кетчупа</link></u></color>, Сила монет +1",
          "coinlist": [
            {
              "coindescs": [
                {
                  "desc": "[OnSucceedAttack] Наносит 4 <sprite name=\"Burst\"><color=#e30000><u><link=\"Burst\">Зеленки</link></u></color>"
                }
              ]
            },
            {
              "coindescs": [
                {
                  "desc": "[OnSucceedAttack] Наносит 4 <sprite name=\"Laceration\"><color=#e30000><u><link=\"Laceration\">Кетчупа</link></u></color>"
                }
              ]
            }
          ]
        }
      ]
    },
    {
      "id": 839001,
      "levelList": [
        {
          "level": 1,
          "name": "Бесконечный парад",
          "desc": "[CantDuel]\nНе наносит урона по защитным навыкам\n[WhenUse] На поле боя появляется 1 Гондола в следующем ходу",
          "coinlist": [
            {
              "coindescs": [
                {}
              ]
            }
          ]
        }
      ]
    },
    {
      "id": 839002,
      "levelList": [
        {
          "level": 1,
          "name": "Вечный фестиваль",
          "desc": "[CantDuel]\nНе наносит урона по защитным навыкам\n[WhenUse] На поле боя появляются 4 Гондолы в следующем ходу",
          "coinlist": [
            {
              "coindescs": [
                {}
              ]
            },
            {
              "coindescs": [
                {}
              ]
            },
            {
              "coindescs": [
                {}
              ]
            },
            {
              "coindescs": [
                {}
              ]
            }
          ]
        }
      ]
    },
    {
      "id": 840301,
      "levelList": [
        {
          "level": 1,
          "name": "ВЫПУСТИТЕМЕНЯ!!!ВЫПУСТИТЕМЕНЯ!!!",
          "desc": "Использует самодетонирующийся навык в следующем ходе",
          "coinlist": [
            {
              "coindescs": [
                {}
              ]
            }
          ]
        }
      ]
    },
    {
      "id": 840302,
      "levelList": [
        {
          "level": 1,
          "name": "ОНО СЕЙЧАС ВЗОРВеТСЯ!!!!!",
          "desc": "[CantDuel]\n[StartBattle] Получает 3 <sprite name=\"Vulnerable\"><color=#e30000><u><link=\"Vulnerable\">Уязвимости</link></u></color>",
          "coinlist": [
            {
              "coindescs": [
                {
                  "desc": "[EndCoin] Наносит 10 урона Похотью цели и разрушается"
                }
              ]
            }
          ]
        }
      ]
    },
    {
      "id": 840303,
      "levelList": [
        {
          "level": 1,
          "name": "Фанфары!",
          "desc": "[CantDuel]",
          "coinlist": [
            {
              "coindescs": [
                {
                  "desc": "[EndCoin] Наносит 10 урона Похотью цели и умирает"
                }
              ]
            }
          ]
        }
      ]
    },
    {
      "id": 841001,
      "levelList": [
        {
          "level": 1,
          "name": "Жгучая жажда",
          "desc": "[WhenUse] Базовая сила +1 за каждые 5 <sprite name=\"Laceration\"><color=#e30000><u><link=\"Laceration\">Кетчупа</link></u></color> на цели (До 3)\n[WhenUse] Поглощает до 30 <sprite name=\"BloodDinner\"><color=#9f6a3a><u><link=\"BloodDinner\">Борща</link></u></color> и получает 1 <sprite name=\"RegainedStrength\"><color=#f8c200><u><link=\"RegainedStrength\">Возвращающуюся жажду крови</link></u></color> за каждые 10 поглощенного <sprite name=\"BloodDinner\"><color=#9f6a3a><u><link=\"BloodDinner\">Борща</link></u></color>\n[DefeatDuel] Теряет 3 SP",
          "coinlist": [
            {
              "coindescs": [
                {
                  "desc": "[OnSucceedAttack] Наносит 3 <sprite name=\"Laceration\"><color=#e30000><u><link=\"Laceration\">Кетчупа</link></u></color>"
                }
              ]
            },
            {
              "coindescs": [
                {
                  "desc": "[OnSucceedAttack] Наносит 3 <sprite name=\"Laceration\"><color=#e30000><u><link=\"Laceration\">Кетчупа</link></u></color>"
                }
              ]
            }
          ]
        }
      ]
    },
    {
      "id": 841002,
      "levelList": [
        {
          "level": 1,
          "name": "Будь пронзен",
          "desc": "[WhenUse] Поглощает до 40 <sprite name=\"BloodDinner\"><color=#9f6a3a><u><link=\"BloodDinner\">Борща</link></u></color>, чтобы получить 1 <sprite name=\"RegainedStrength\"><color=#f8c200><u><link=\"RegainedStrength\">Возвращающуюся жажду крови</link></u></color> и восстановить 3 SP за каждые 10 поглощенного <sprite name=\"BloodDinner\"><color=#9f6a3a><u><link=\"BloodDinner\">Борща</link></u></color>\n[DefeatDuel] Теряет 3 SP\n[DefeatDuel] Теряет 3 <sprite name=\"RegainedStrength\"><color=#f8c200><u><link=\"RegainedStrength\">Возвращающейся жажды крови</link></u></color> и получает 3 <sprite name=\"DefenseDown\"><color=#e30000><u><link=\"DefenseDown\">Понижения уровня защиты</link></u></color> на следующий ход",
          "coinlist": [
            {
              "coindescs": [
                {
                  "desc": "[OnSucceedAttack] Наносит урон Похотью в количестве 20% от максимальных HP цели"
                }
              ]
            },
            {
              "coindescs": [
                {
                  "desc": "[OnSucceedAttack] Наносит урон Похотью в количестве 20% от максимальных HP цели"
                }
              ]
            }
          ]
        }
      ]
    },
    {
      "id": 841003,
      "levelList": [
        {
          "level": 1,
          "name": "Искусство застывшей крови Дон Кихота 2 - Кол",
          "desc": "Атакует противника с наибольшим количеством <sprite name=\"Laceration\"><color=#e30000><u><link=\"Laceration\">Кетчупа</link></u></color>\n[WhenUse] Сила монет +1 за каждые 5 <sprite name=\"Laceration\"><color=#e30000><u><link=\"Laceration\">Кетчупа</link></u></color> на цели (До 2)",
          "coinlist": [
            {
              "coindescs": [
                {
                  "desc": "[OnSucceedAttack] Наносит 2 <sprite name=\"Laceration\"><color=#e30000><u><link=\"Laceration\">Кетчупа</link></u></color>"
                },
                {
                  "desc": "[OnSucceedAttack] Наносит 2 <sprite name=\"Burst\"><color=#e30000><u><link=\"Burst\">Зеленки</link></u></color>"
                }
              ]
            },
            {
              "coindescs": [
                {
                  "desc": "[OnSucceedAttack] Наносит 2 <sprite name=\"Laceration\"><color=#e30000><u><link=\"Laceration\">Кетчупа</link></u></color>"
                },
                {
                  "desc": "[OnSucceedAttack] Наносит 2 <sprite name=\"Burst\"><color=#e30000><u><link=\"Burst\">Зеленки</link></u></color>"
                }
              ]
            },
            {
              "coindescs": [
                {
                  "desc": "[OnSucceedAttack] Наносит урон Похотью в количестве (Сила × Счетчик <sprite name=\"Laceration\"><color=#e30000><u><link=\"Laceration\">Кетчупа</link></u></color> на цели)"
                }
              ]
            }
          ]
        }
      ]
    },
    {
      "id": 841004,
      "levelList": [
        {
          "level": 1,
          "name": "Кровавый клин",
          "desc": "[StartBattle] Вес атаки повышается на 1 за каждые 3 <sprite name=\"RegainedStrength\"><color=#f8c200><u><link=\"RegainedStrength\">Возвращающейся жажды крови</link></u></color> (До 2)\n[EndSkill] Тратит 3 <sprite name=\"RegainedStrength\"><color=#f8c200><u><link=\"RegainedStrength\">Возвращающейся жажды крови</link></u></color>",
          "coinlist": [
            {
              "coindescs": [
                {
                  "desc": "<sprite name=\"SuperCoin\"><color=#9f6a3a><u><link=\"SuperCoin\">Вечная монета</link></u></color>"
                },
                {
                  "desc": "[OnSucceedAttack] Наносит 3 <sprite name=\"Laceration\"><color=#e30000><u><link=\"Laceration\">Кетчупа</link></u></color>"
                },
                {
                  "desc": "[WinDuelAttack] Наносит 3 <sprite name=\"Burst\"><color=#e30000><u><link=\"Burst\">Зеленки</link></u></color>"
                },
                {
                  "desc": "[DefeatDuelAttack] Тратит 1 <sprite name=\"RegainedStrength\"><color=#f8c200><u><link=\"RegainedStrength\">Возвращающуюся жажды крови</link></u></color>"
                }
              ]
            },
            {
              "coindescs": [
                {
                  "desc": "<sprite name=\"SuperCoin\"><color=#9f6a3a><u><link=\"SuperCoin\">Вечная монета</link></u></color>"
                },
                {
                  "desc": "[OnSucceedAttack] Повышает счетчик <sprite name=\"Laceration\"><color=#e30000><u><link=\"Laceration\">Кетчупа</link></u></color> на 2"
                },
                {
                  "desc": "[WinDuelAttack] Наносит 3 <sprite name=\"Burst\"><color=#e30000><u><link=\"Burst\">Зеленки</link></u></color>"
                },
                {
                  "desc": "[DefeatDuelAttack] Тратит 1 <sprite name=\"RegainedStrength\"><color=#f8c200><u><link=\"RegainedStrength\">Возвращающуюся жажды крови</link></u></color>"
                }
              ]
            },
            {
              "coindescs": [
                {
                  "desc": "[OnSucceedAttack] Наносит 3 <sprite name=\"Laceration\"><color=#e30000><u><link=\"Laceration\">Кетчупа</link></u></color>"
                }
              ]
            }
          ]
        }
      ]
    },
    {
      "id": 841005,
      "levelList": [
        {
          "level": 1,
          "name": "Жажда крови",
          "desc": "[WhenUse] Поглощает до 40 <sprite name=\"BloodDinner\"><color=#9f6a3a><u><link=\"BloodDinner\">Борща</link></u></color> и получает 1 <sprite name=\"RegainedStrength\"><color=#f8c200><u><link=\"RegainedStrength\">Возвращающуюся жажду крови</link></u></color> за каждые 10 поглощенного <sprite name=\"BloodDinner\"><color=#9f6a3a><u><link=\"BloodDinner\">Борща</link></u></color>",
          "coinlist": [
            {
              "coindescs": [
                {
                  "desc": "<sprite name=\"SuperCoin\"><color=#9f6a3a><u><link=\"SuperCoin\">Вечная монета</link></u></color>"
                },
                {
                  "desc": "[OnSucceedAttack] Повышает счетчик <sprite name=\"Laceration\"><color=#e30000><u><link=\"Laceration\">Кетчупа</link></u></color> на 1"
                }
              ]
            },
            {
              "coindescs": [
                {
                  "desc": "<sprite name=\"SuperCoin\"><color=#9f6a3a><u><link=\"SuperCoin\">Вечная монета</link></u></color>"
                },
                {
                  "desc": "[OnSucceedAttack] Повышает счетчик <sprite name=\"Laceration\"><color=#e30000><u><link=\"Laceration\">Кетчупа</link></u></color> на 1"
                }
              ]
            },
            {
              "coindescs": [
                {
                  "desc": "<sprite name=\"SuperCoin\"><color=#9f6a3a><u><link=\"SuperCoin\">Вечная монета</link></u></color>"
                },
                {
                  "desc": "[OnSucceedAttack] Повышает счетчик <sprite name=\"Laceration\"><color=#e30000><u><link=\"Laceration\">Кетчупа</link></u></color> на 1"
                }
              ]
            },
            {
              "coindescs": [
                {
                  "desc": "<sprite name=\"SuperCoin\"><color=#9f6a3a><u><link=\"SuperCoin\">Вечная монета</link></u></color>"
                },
                {
                  "desc": "[OnSucceedAttack] Наносит 4 <sprite name=\"Laceration\"><color=#e30000><u><link=\"Laceration\">Кетчупа</link></u></color>"
                }
              ]
            }
          ]
        }
      ]
    },
    {
      "id": 841006,
      "levelList": [
        {
          "level": 1,
          "name": "Момент борща",
          "desc": "[CantIdentify]\n[WhenUse] Поглощает до 300 <sprite name=\"BloodDinner\"><color=#9f6a3a><u><link=\"BloodDinner\">Борща</link></u></color>, чтобы получить 1 <sprite name=\"RegainedStrength\"><color=#f8c200><u><link=\"RegainedStrength\">Возвращающуюся жажду крови</link></u></color> и восстановить 3 SP за каждые 10 поглощенного <sprite name=\"BloodDinner\"><color=#9f6a3a><u><link=\"BloodDinner\">Борща</link></u></color>\n- Если удалось полготить <sprite name=\"BloodDinner\"><color=#9f6a3a><u><link=\"BloodDinner\">Борщ</link></u></color>, восстанавливает 30 SP",
          "coinlist": [
            {
              "coindescs": [
                {
                  "desc": "<sprite name=\"SuperCoin\"><color=#9f6a3a><u><link=\"SuperCoin\">Вечная монета</link></u></color>"
                }
              ]
            }
          ]
        }
      ]
    },
    {
      "id": 841007,
      "levelList": [
        {
          "level": 1,
          "name": "Искусство застывшей крови Дон Кихота 4 - Рассечение",
          "desc": "Дон Кихот не может быть оглушен до окончания этой атаки\n[WhenUse] Поглощает до 100 <sprite name=\"BloodDinner\"><color=#9f6a3a><u><link=\"BloodDinner\">Борща</link></u></color>, чтобы получить 1 <sprite name=\"RegainedStrength\"><color=#f8c200><u><link=\"RegainedStrength\">Возвращающуюся жажду крови</link></u></color> и восстановить 15 SP за каждые 10 поглощенного <sprite name=\"BloodDinner\"><color=#9f6a3a><u><link=\"BloodDinner\">Борща</link></u></color>\n[WhenUse] Сила в столкновении +1 за каждое <sprite name=\"BloodDinner_Accumulation\"><color=#9f6a3a><u><link=\"BloodDinner_Accumulation\">Поглощенное собой борщ</link></u></color> (До 15)\n[DefeatDuel] Атака наносит на 50% меньше урона и не может оглушить целей\n[EndSkill] В этом и следующем ходе получает <sprite name=\"AttackDown\"><color=#e30000><u><link=\"AttackDown\">Понижения уровня атаки</link></u></color> и <sprite name=\"DefenseDown\"><color=#e30000><u><link=\"DefenseDown\">Понижения уровня защиты</link></u></color> в количестве полученной Силы в столкновении (До 15)",
          "coinlist": [
            {
              "coindescs": [
                {
                  "desc": "<sprite name=\"SuperCoin\"><color=#9f6a3a><u><link=\"SuperCoin\">Вечная монета</link></u></color>"
                },
                {
                  "desc": "[OnSucceedAttack] Наносит 8 <sprite name=\"Laceration\"><color=#e30000><u><link=\"Laceration\">Кетчупа</link></u></color>"
                },
                {
                  "desc": "[OnSucceedAttack] Тратит 2 <sprite name=\"RegainedStrength\"><color=#f8c200><u><link=\"RegainedStrength\">Возвращающейся жажды крови</link></u></color>"
                }
              ]
            }
          ]
        }
      ]
    },
    {
      "id": 841008,
      "levelList": [
        {
          "level": 1,
          "name": "Искусство застывшей крови Дон Кихота 14: Мантия",
          "desc": "[DuelGuard]\n[WinDuel] Наносит 4 <sprite name=\"Laceration\"><color=#e30000><u><link=\"Laceration\">Кетчупа</link></u></color> и <sprite name=\"Burst\"><color=#e30000><u><link=\"Burst\">Зеленки</link></u></color>\n[DefeatDuel] Тратит 2 <sprite name=\"RegainedStrength\"><color=#f8c200><u><link=\"RegainedStrength\">Возвращающейся жажды крови</link></u></color>",
          "coinlist": [
            {
              "coindescs": [
                {
                  "desc": "<sprite name=\"SuperCoin\"><color=#9f6a3a><u><link=\"SuperCoin\">Вечная монета</link></u></color>"
                }
              ]
            }
          ]
        }
      ]
    },
    {
      "id": 841009,
      "levelList": [
        {
          "level": 1,
          "name": "Хрупки, столь хрупки",
          "desc": "[DuelCounter]\nБазовая сила +1 за каждые 10 <sprite name=\"RegainedStrength\"><color=#f8c200><u><link=\"RegainedStrength\">Возвращающейся жажды крови</link></u></color>\nСила монет +1 за каждые 5 <sprite name=\"Laceration\"><color=#e30000><u><link=\"Laceration\">Кетчупа</link></u></color> на цели (До 2)\n[DefeatDuel] Теряет 3 SP",
          "coinlist": [
            {
              "coindescs": [
                {
                  "desc": "[OnSucceedAttack] Наносит 2 <sprite name=\"Laceration\"><color=#e30000><u><link=\"Laceration\">Кетчупа</link></u></color> и повышает его счетчик на 2"
                }
              ]
            },
            {
              "coindescs": [
                {
                  "desc": "[OnSucceedAttack] Наносит 2 <sprite name=\"Laceration\"><color=#e30000><u><link=\"Laceration\">Кетчупа</link></u></color> и повышает его счетчик на 2"
                }
              ]
            }
          ]
        }
      ]
    },
    {
      "id": 841010,
      "levelList": [
        {
          "level": 1,
          "name": "Кроваво-веселая карусель",
          "desc": "[CantDuel]\n[WhenUse] Создает Свернувшуюся Мечту в следующем ходе",
          "coinlist": [
            {
              "coindescs": [
                {
                  "desc": "[OnSucceedAttack] Повышает счетчик <sprite name=\"Laceration\"><color=#e30000><u><link=\"Laceration\">Кетчупа</link></u></color> на 1"
                }
              ]
            },
            {
              "coindescs": [
                {
                  "desc": "[OnSucceedAttack] Повышает счетчик <sprite name=\"Laceration\"><color=#e30000><u><link=\"Laceration\">Кетчупа</link></u></color> на 1"
                }
              ]
            },
            {
              "coindescs": [
                {
                  "desc": "[OnSucceedAttack] Наносит 2 <sprite name=\"Laceration\"><color=#e30000><u><link=\"Laceration\">Кетчупа</link></u></color>"
                }
              ]
            },
            {
              "coindescs": [
                {
                  "desc": "[OnSucceedAttack] Наносит 2 <sprite name=\"Laceration\"><color=#e30000><u><link=\"Laceration\">Кетчупа</link></u></color>"
                }
              ]
            }
          ]
        }
      ]
    },
    {
      "id": 841011,
      "levelList": [
        {
          "level": 1,
          "name": "Будь пронзен",
          "desc": "[DefeatDuel] Теряет 3 SP",
          "coinlist": [
            {
              "coindescs": [
                {}
              ]
            },
            {
              "coindescs": [
                {
                  "desc": "<sprite name=\"SuperCoin\"><color=#9f6a3a><u><link=\"SuperCoin\">Вечная монета</link></u></color>"
                },
                {
                  "desc": "[OnSucceedAttack] Оглушает цель и <sprite name=\"Penetration\"><color=#e30000><u><link=\"Penetration\">Пронзает</link></u></color> ее в следующем ходе"
                },
                {
                  "desc": "[EndCoin] Переносит до 25 <sprite name=\"Laceration\"><color=#e30000><u><link=\"Laceration\">Кетчупа</link></u></color> с цели на себя и увеличивает <sprite name=\"BloodDinner\"><color=#9f6a3a><u><link=\"BloodDinner\">Борщ</link></u></color> на это количество"
                }
              ]
            }
          ]
        }
      ]
    },
    {
      "id": 841012,
      "levelList": [
        {
          "level": 1,
          "name": "Восходящее искусство застывшей крови Дон Кихота - Сфера",
          "desc": "Дон Кихот не может быть оглушен до окончания этой атаки\nНаносит дополнительный урон в количестве <sprite name=\"BloodDinner_Common_Accumulation\"><color=#9f6a3a><u><link=\"BloodDinner_Common_Accumulation\">Общего поглощенного борща</link></u></color> (До 300%)\n[WhenUse] Восстанавливает 30 SP\n[WhenUse] Сила в столкновении +1 за каждые 10 <sprite name=\"RegainedStrength\"><color=#f8c200><u><link=\"RegainedStrength\">Возвращающейся жажды крови</link></u></color>\n[EndSkill] Тратит всю <sprite name=\"RegainedStrength\"><color=#f8c200><u><link=\"RegainedStrength\">Возвращающуюся жажду крови</link></u></color>, получает 5 <sprite name=\"Vulnerable\"><color=#e30000><u><link=\"Vulnerable\">Уязвимостей</link></u></color> на этот и следующий ход, получает 2 <sprite name=\"Binding\"><color=#e30000><u><link=\"Binding\">Поноса</link></u></color> на следующий ход",
          "coinlist": [
            {
              "coindescs": [
                {
                  "desc": "<sprite name=\"SuperCoin\"><color=#9f6a3a><u><link=\"SuperCoin\">Вечная монета</link></u></color>"
                }
              ]
            },
            {
              "coindescs": [
                {
                  "desc": "<sprite name=\"SuperCoin\"><color=#9f6a3a><u><link=\"SuperCoin\">Вечная монета</link></u></color>"
                }
              ]
            }
          ]
        }
      ]
    },
    {
      "id": 837501,
      "levelList": [
        {
          "level": 1,
          "name": "Шшшх",
          "desc": "[WhenUse] <sprite name=\"DuelDeclaration_Camille\"><color=#e30000><u><link=\"DuelDeclaration_Camille\">Вызывает на дуэль</link></u></color>\n[WhenUse] Получает 5 <sprite name=\"Breath\"><color=#f8c200><u><link=\"Breath\">Кумара</link></u></color>\n[WinDuel] Повышает свой счетчик <sprite name=\"Breath\"><color=#f8c200><u><link=\"Breath\">Кумара</link></u></color> на 2",
          "coinlist": [
            {
              "coindescs": [
                {
                  "desc": ""
                }
              ]
            }
          ]
        }
      ]
    },
    {
      "id": 837502,
      "levelList": [
        {
          "level": 1,
          "name": "Хннннхххх",
          "desc": "[WhenUse] Получает 2 <sprite name=\"Breath\"><color=#f8c200><u><link=\"Breath\">Кумара</link></u></color>",
          "coinlist": [
            {
              "coindescs": [
                {
                  "desc": "[OnSucceedAttack] Повышает свой счетчик <sprite name=\"Breath\"><color=#f8c200><u><link=\"Breath\">Кумара</link></u></color> на 2"
                },
                {
                  "desc": "[OnSucceedAttack] При скорости 7+, наносит 3 <sprite name=\"Burst\"><color=#e30000><u><link=\"Burst\">Зеленки</link></u></color>"
                }
              ]
            },
            {
              "coindescs": [
                {
                  "desc": "[OnSucceedAttack] Получает 3 <sprite name=\"Breath\"><color=#f8c200><u><link=\"Breath\">Кумара</link></u></color>"
                },
                {
                  "desc": "[OnSucceedAttack] При скорости 7+, наносит 3 <sprite name=\"Burst\"><color=#e30000><u><link=\"Burst\">Зеленки</link></u></color>"
                }
              ]
            }
          ]
        }
      ]
    },
    {
      "id": 837503,
      "levelList": [
        {
          "level": 1,
          "name": "Кихх",
          "desc": "[WhenUse] Сила монет +2 при 7 и более <sprite name=\"Breath\"><color=#f8c200><u><link=\"Breath\">Кумара</link></u></color>\n[WinDuel] Повышает свой счетчик <sprite name=\"Breath\"><color=#f8c200><u><link=\"Breath\">Кумара</link></u></color> на 2",
          "coinlist": [
            {
              "coindescs": [
                {
                  "desc": "[OnSucceedAttack] Получает 3 <sprite name=\"Breath\"><color=#f8c200><u><link=\"Breath\">Кумара</link></u></color>"
                },
                {
                  "desc": "[OnSucceedAttack] При скорости 7 и более, повышает счетчик <sprite name=\"Burst\"><color=#e30000><u><link=\"Burst\">Зеленки</link></u></color> на 3"
                },
                {
                  "desc": "[CriticalOnSucceedAttack] На 50% больше урона при раскумаре"
                }
              ]
            }
          ]
        }
      ]
    },
    {
      "id": 837504,
      "levelList": [
        {
          "level": 1,
          "name": "Кшшш",
          "desc": "[WhenUse] Если скорость выше, чем у цели, Сила монет +1 за каждые 2 единицы разницы в скорости (До 3)",
          "coinlist": [
            {
              "coindescs": [
                {
                  "desc": "[OnSucceedAttack] Повышает счетчик <sprite name=\"Breath\"><color=#f8c200><u><link=\"Breath\">Кумара</link></u></color> на 4"
                },
                {
                  "desc": "[OnSucceedAttack] При скорости 7 и выше наносит 3 <sprite name=\"Burst\"><color=#e30000><u><link=\"Burst\">Зеленки</link></u></color> и повышает его счетчик на 1"
                }
              ]
            },
            {
              "coindescs": [
                {
                  "desc": "[OnSucceedAttack] Получает 5 <sprite name=\"Breath\"><color=#f8c200><u><link=\"Breath\">Кумара</link></u></color>"
                },
                {
                  "desc": "[OnSucceedAttack] При скорости 7 и выше наносит 3 <sprite name=\"Burst\"><color=#e30000><u><link=\"Burst\">Зеленки</link></u></color> и повышает его счетчик на 1"
                }
              ]
            },
            {
              "coindescs": [
                {
                  "desc": "[OnSucceedAttack] Получает 5 <sprite name=\"Breath\"><color=#f8c200><u><link=\"Breath\">Кумара</link></u></color>"
                },
                {
                  "desc": "[OnSucceedAttack] При скорости 7 и выше наносит 3 <sprite name=\"Burst\"><color=#e30000><u><link=\"Burst\">Зеленки</link></u></color> и повышает его счетчик на 1"
                }
              ]
            },
            {
              "coindescs": [
                {
                  "desc": "[CriticalOnSucceedAttack] На 100% больше урона при раскумаре"
                },
                {
                  "desc": "[OnSucceedAttack] На 5% больше урона за каждый <sprite name=\"Burst\"><color=#e30000><u><link=\"Burst\">Зеленка</link></u></color> на цели (До 50%)"
                }
              ]
            }
          ]
        }
      ]
    },
    {
      "id": 837505,
      "levelList": [
        {
          "level": 1,
          "name": "Кннх",
          "desc": "[WinDuel] Наносит на 10% больше урона за каждое комбо (До 50%)\n[WinDuel] Получает 2 <sprite name=\"Agility\"><color=#f8c200><u><link=\"Agility\">Спешки</link></u></color> на следующий ход\n[DefeatDuel] Получает 2 <sprite name=\"Binding\"><color=#e30000><u><link=\"Binding\">Поноса</link></u></color> на следующий ход",
          "coinlist": [
            {
              "coindescs": [
                {
                  "desc": "[OnSucceedAttack] Наносит 1 <sprite name=\"Vulnerable\"><color=#e30000><u><link=\"Vulnerable\">Уязвимость</link></u></color> на следующий ход"
                }
              ]
            }
          ]
        }
      ]
    },
    {
      "id": 837506,
      "levelList": [
        {
          "level": 1,
          "name": "Кнххх",
          "desc": "[OnSucceedEvade] Получает 1 <sprite name=\"Agility\"><color=#f8c200><u><link=\"Agility\">Спешку</link></u></color> на следующий ход",
          "coinlist": [
            {
              "coindescs": [
                {
                  "desc": ""
                }
              ]
            }
          ]
        }
      ]
    },
    {
      "id": 841013,
      "levelList": [
        {
          "level": 1,
          "name": "Восходящее искусство застывшей крови Дон Кихота - Ла Сангре",
          "desc": "",
          "coinlist": [
            {
              "coindescs": [
                {}
              ]
            }
          ]
        }
      ]
    },
    {
      "id": 841301,
      "levelList": [
        {
          "level": 1,
          "name": "Сияющие воспоминания о приключении",
          "desc": "[StartBattle] Дает 1 <sprite name=\"ParryingResultUp\"><color=#f8c200><u><link=\"ParryingResultUp\">Повышение силы в столкновении</link></u></color> и 1 <sprite name=\"AttackDmgUp\"><color=#f8c200><u><link=\"AttackDmgUp\">Повышение урона</link></u></color> случайному Балбесу\n[StartBattle] Наносит 1 <sprite name=\"Vulnerable\"><color=#e30000><u><link=\"Vulnerable\">Уязвимость</link></u></color> Дон Кихоту и его Свернувшейся Мечте",
          "coinlist": [
            {
              "coindescs": [
                {}
              ]
            }
          ]
        }
      ]
    }
  ]
}