﻿{
  "dataList": [
    {
      "id": 9014001,
      "levelList": [
        {
          "level": 1,
          "name": "Не лезь",
          "desc": "[WhenUse] Повышает свой счетчик <sprite name=\"Vibration\"><color=#e30000><u><link=\"Vibration\">Тряски</link></u></color> на 2",
          "coinlist": [
            {
              "coindescs": [
                {
                  "desc": "[OnSucceedAttack] Повышает свой счетчик <sprite name=\"Vibration\"><color=#e30000><u><link=\"Vibration\">Тряски</link></u></color> на счетчик <sprite name=\"Vibration\"><color=#e30000><u><link=\"Vibration\">Тряски</link></u></color> цели"
                },
                {
                  "desc": "[OnSucceedAttack] Повышает счетчик <sprite name=\"Vibration\"><color=#e30000><u><link=\"Vibration\">Тряски</link></u></color> на 2"
                },
                {
                  "desc": "[OnSucceedAttackHead] Повышает свой счетчик <sprite name=\"Vibration\"><color=#e30000><u><link=\"Vibration\">Тряски</link></u></color> на 2"
                }
              ]
            }
          ]
        }
      ]
    },
    {
      "id": 9014002,
      "levelList": [
        {
          "level": 1,
          "name": "Наш козырь",
          "desc": "[WhenUse] Повышает свой счетчик <sprite name=\"Vibration\"><color=#e30000><u><link=\"Vibration\">Тряски</link></u></color> на 2",
          "coinlist": [
            {
              "coindescs": [
                {
                  "desc": "[OnSucceedAttack] Повышает счетчик <sprite name=\"Vibration\"><color=#e30000><u><link=\"Vibration\">Тряски</link></u></color> на 1"
                }
              ]
            },
            {
              "coindescs": [
                {
                  "desc": "[OnSucceedAttack] Повышает счетчик <sprite name=\"Vibration\"><color=#e30000><u><link=\"Vibration\">Тряски</link></u></color> на 1"
                }
              ]
            },
            {
              "coindescs": [
                {
                  "desc": "[OnSucceedAttack] Повышает счетчик <sprite name=\"Vibration\"><color=#e30000><u><link=\"Vibration\">Тряски</link></u></color> на 1"
                }
              ]
            },
            {
              "coindescs": [
                {
                  "desc": "[OnSucceedAttack] Повышает счетчик <sprite name=\"Vibration\"><color=#e30000><u><link=\"Vibration\">Тряски</link></u></color> на 1"
                }
              ]
            }
          ]
        }
      ]
    },
    {
      "id": 9014003,
      "levelList": [
        {
          "level": 1,
          "name": "Грязные цепочки!",
          "desc": "Сила в поединке +1 за каждые 5 единиц на счетчике <sprite name=\"Vibration\"><color=#e30000><u><link=\"Vibration\">Тряски</link></u></color> (До 2)\n[WhenUse] <sprite name=\"Switch_Vibration\"><color=#9f6a3a><u><link=\"Switch_Vibration\">Преобразует амплитуду</link></u></color> своего <sprite name=\"Vibration\"><color=#e30000><u><link=\"Vibration\">Тряски</link></u></color> в  <sprite name=\"VibrationDistribution\"><color=#f8c200><u><link=\"VibrationDistribution\">Тряска — Передел</link></u></color>",
          "coinlist": [
            {
              "coindescs": [
                {
                  "desc": "[OnSucceedAttack] Повышает счетчик <sprite name=\"Vibration\"><color=#e30000><u><link=\"Vibration\">Тряски</link></u></color> цели на свой счетчик <sprite name=\"Vibration\"><color=#e30000><u><link=\"Vibration\">Тряски</link></u></color>"
                }
              ]
            },
            {
              "coindescs": [
                {
                  "desc": "[OnSucceedAttack] <sprite name=\"VibrationExplosion\"><color=#e30000><u><link=\"VibrationExplosion\">Трясет сучку</link></u></color> и понижает его счетчик на 1"
                }
              ]
            }
          ]
        }
      ]
    },
    {
      "id": 9014004,
      "levelList": [
        {
          "level": 1,
          "name": "Блок",
          "desc": "[StartBattle] Получает щит, равный двойному числу единиц на своем счетчике <sprite name=\"Vibration\"><color=#e30000><u><link=\"Vibration\">Тряски</link></u></color> (До 20)",
          "coinlist": [
            {
              "coindescs": [
                {
                  "desc": ""
                }
              ]
            }
          ]
        }
      ]
    },
    {
      "id": 9014101,
      "levelList": [
        {
          "level": 1,
          "name": "Прочь с дороги",
          "desc": "[WhenUse] Повышает свой счетчик <sprite name=\"Vibration\"><color=#e30000><u><link=\"Vibration\">Тряски</link></u></color> на 2",
          "coinlist": [
            {
              "coindescs": [
                {
                  "desc": "[OnSucceedAttack] Дает себе <sprite name=\"Vibration\"><color=#e30000><u><link=\"Vibration\">Тряска</link></u></color> в количестве <sprite name=\"Vibration\"><color=#e30000><u><link=\"Vibration\">Тряски</link></u></color> на цели"
                },
                {
                  "desc": "[OnSucceedAttack] Наносит 6 <sprite name=\"Vibration\"><color=#e30000><u><link=\"Vibration\">Тряски</link></u></color>"
                },
                {
                  "desc": "[OnSucceedAttackHead] Повышает свой счетчик <sprite name=\"Vibration\"><color=#e30000><u><link=\"Vibration\">Тряски</link></u></color> на 2"
                }
              ]
            }
          ]
        }
      ]
    },
    {
      "id": 9014102,
      "levelList": [
        {
          "level": 1,
          "name": "Не прокатит?",
          "desc": "[WhenUse] Повышает свой счетчик <sprite name=\"Vibration\"><color=#e30000><u><link=\"Vibration\">Тряски</link></u></color> на 2",
          "coinlist": [
            {
              "coindescs": [
                {
                  "desc": "[OnSucceedAttack] Наносит 3 <sprite name=\"Vibration\"><color=#e30000><u><link=\"Vibration\">Тряски</link></u></color>"
                }
              ]
            },
            {
              "coindescs": [
                {
                  "desc": "[OnSucceedAttack] Наносит 3 <sprite name=\"Vibration\"><color=#e30000><u><link=\"Vibration\">Тряски</link></u></color>"
                }
              ]
            },
            {
              "coindescs": [
                {
                  "desc": "[OnSucceedAttack] Наносит 3 <sprite name=\"Vibration\"><color=#e30000><u><link=\"Vibration\">Тряски</link></u></color>"
                }
              ]
            },
            {
              "coindescs": [
                {
                  "desc": "[OnSucceedAttack] Наносит 3 <sprite name=\"Vibration\"><color=#e30000><u><link=\"Vibration\">Тряски</link></u></color>"
                }
              ]
            }
          ]
        }
      ]
    },
    {
      "id": 9014103,
      "levelList": [
        {
          "level": 1,
          "name": "Подлые цепочки!",
          "desc": "Сила в поединке +1 за каждые 5 единиц на счетчике <sprite name=\"Vibration\"><color=#e30000><u><link=\"Vibration\">Тряски</link></u></color> (До 2)\n[WhenUse] <sprite name=\"Switch_Vibration\"><color=#9f6a3a><u><link=\"Switch_Vibration\">Преобразует амплитуду</link></u></color> своего <sprite name=\"Vibration\"><color=#e30000><u><link=\"Vibration\">Тряски</link></u></color> в  <sprite name=\"VibrationDistribution\"><color=#f8c200><u><link=\"VibrationDistribution\">Тряска — Передел</link></u></color>",
          "coinlist": [
            {
              "coindescs": [
                {
                  "desc": "[OnSucceedAttack] Наносит <sprite name=\"Vibration\"><color=#e30000><u><link=\"Vibration\">Тряска</link></u></color> в количестве <sprite name=\"Vibration\"><color=#e30000><u><link=\"Vibration\">Тряски</link></u></color> на себе"
                }
              ]
            },
            {
              "coindescs": [
                {
                  "desc": "[OnSucceedAttack] <sprite name=\"VibrationExplosion\"><color=#e30000><u><link=\"VibrationExplosion\">Трясет сучку</link></u></color> и понижает его счетчик на 1"
                }
              ]
            }
          ]
        }
      ]
    },
    {
      "id": 9014104,
      "levelList": [
        {
          "level": 1,
          "name": "Блок",
          "desc": "[StartBattle] Получает щит, равный двойному числу единиц на своем счетчике <sprite name=\"Vibration\"><color=#e30000><u><link=\"Vibration\">Тряски</link></u></color> (До 20)",
          "coinlist": [
            {
              "coindescs": [
                {
                  "desc": ""
                }
              ]
            }
          ]
        }
      ]
    },
    {
      "id": 9101701,
      "levelList": [
        {
          "level": 1,
          "name": "Совсем совести нет?",
          "desc": "[WhenUse] Повышает свой счетчик <sprite name=\"Vibration\"><color=#e30000><u><link=\"Vibration\">Тряски</link></u></color> на 1",
          "coinlist": [
            {
              "coindescs": [
                {
                  "desc": "[OnSucceedAttack] Наносит 2 <sprite name=\"Vibration\"><color=#e30000><u><link=\"Vibration\">Тряски</link></u></color>"
                }
              ]
            },
            {
              "coindescs": [
                {
                  "desc": "[OnSucceedAttack] Наносит 2 <sprite name=\"Vibration\"><color=#e30000><u><link=\"Vibration\">Тряски</link></u></color>"
                }
              ]
            }
          ]
        }
      ]
    },
    {
      "id": 9101702,
      "levelList": [
        {
          "level": 1,
          "name": "И правда бессовестные",
          "desc": "[WhenUse] Повышает свой счетчик <sprite name=\"Vibration\"><color=#e30000><u><link=\"Vibration\">Тряски</link></u></color> на 1",
          "coinlist": [
            {
              "coindescs": [
                {
                  "desc": "[OnSucceedAttack] Наносит 3 <sprite name=\"Vibration\"><color=#e30000><u><link=\"Vibration\">Тряски</link></u></color>"
                }
              ]
            },
            {
              "coindescs": [
                {
                  "desc": "[OnSucceedAttack] Наносит 3 <sprite name=\"Vibration\"><color=#e30000><u><link=\"Vibration\">Тряски</link></u></color>"
                }
              ]
            }
          ]
        }
      ]
    },
    {
      "id": 9101703,
      "levelList": [
        {
          "level": 1,
          "name": "Сможешь их уберечь?",
          "desc": "[WhenUse] Повышает свой счетчик <sprite name=\"Vibration\"><color=#e30000><u><link=\"Vibration\">Тряски</link></u></color> на 1",
          "coinlist": [
            {
              "coindescs": [
                {
                  "desc": "[OnSucceedAttack] Наносит 5 <sprite name=\"Vibration\"><color=#e30000><u><link=\"Vibration\">Тряски</link></u></color>"
                }
              ]
            },
            {
              "coindescs": [
                {
                  "desc": "[OnSucceedAttack] При 10 и более единицах на своем счетчике <sprite name=\"Vibration\"><color=#e30000><u><link=\"Vibration\">Тряски</link></u></color>, <sprite name=\"VibrationExplosion\"><color=#e30000><u><link=\"VibrationExplosion\">Трясет сучку</link></u></color> и понижает его счетчик на 1"
                },
                {
                  "desc": "[OnSucceedAttack] При 15 и более <sprite name=\"Vibration\"><color=#e30000><u><link=\"Vibration\">Тряски</link></u></color> на цели, <sprite name=\"VibrationExplosion\"><color=#e30000><u><link=\"VibrationExplosion\">Трясет сучку</link></u></color> и понижает его счетчик на 1"
                }
              ]
            }
          ]
        }
      ]
    },
    {
      "id": 9101704,
      "levelList": [
        {
          "level": 1,
          "name": "Что, оружие бесполезно?",
          "desc": "[WhenUse] Повышает свой счетчик <sprite name=\"Vibration\"><color=#e30000><u><link=\"Vibration\">Тряски</link></u></color> на 2",
          "coinlist": [
            {
              "coindescs": [
                {
                  "desc": "[OnSucceedAttack] Наносит 5 <sprite name=\"Vibration\"><color=#e30000><u><link=\"Vibration\">Тряски</link></u></color>"
                }
              ]
            },
            {
              "coindescs": [
                {
                  "desc": "[OnSucceedAttack] Наносит 5 <sprite name=\"Vibration\"><color=#e30000><u><link=\"Vibration\">Тряски</link></u></color>"
                }
              ]
            },
            {
              "coindescs": [
                {
                  "desc": "[OnSucceedAttack] <sprite name=\"Switch_Vibration\"><color=#9f6a3a><u><link=\"Switch_Vibration\">Амплитуда Тряски преобразуется</link></u></color> в <sprite name=\"VibrationCollapse\"><color=#e30000><u><link=\"VibrationCollapse\">Тряска — Распад</link></u></color>"
                }
              ]
            }
          ]
        }
      ]
    },
    {
      "id": 9101705,
      "levelList": [
        {
          "level": 1,
          "name": "Готовы для взбучки?",
          "desc": "Выбирает цель с <sprite name=\"VibrationCollapse\"><color=#e30000><u><link=\"VibrationCollapse\">Тряской — Распад</link></u></color>\n[WhenUse] Повышает счетчики <sprite name=\"Vibration\"><color=#e30000><u><link=\"Vibration\">Тряски</link></u></color> всех союзников на число единиц на своем счетчике <sprite name=\"Vibration\"><color=#e30000><u><link=\"Vibration\">Тряски</link></u></color>\n[WhenUse] <sprite name=\"Switch_Vibration\"><color=#9f6a3a><u><link=\"Switch_Vibration\">Преобразует амплитуду</link></u></color> <sprite name=\"Vibration\"><color=#e30000><u><link=\"Vibration\">Тряски</link></u></color> всех союзников и себя в том числе в <sprite name=\"VibrationDistribution\"><color=#f8c200><u><link=\"VibrationDistribution\">Тряска — Передел</link></u></color>",
          "coinlist": [
            {},
            {},
            {
              "coindescs": [
                {
                  "desc": "[OnSucceedAttack] Наносит 10 <sprite name=\"Vibration\"><color=#e30000><u><link=\"Vibration\">Тряски</link></u></color>"
                }
              ]
            },
            {
              "coindescs": [
                {
                  "desc": "[OnSucceedAttack] Производит <color=#9f6a3a><u><link=\"FusionVibration\">наложение амплитуды</link></u></color> с <sprite name=\"VibrationEcho\"><color=#e30000><u><link=\"VibrationEcho\">Тряской — Эхо</link></u></color>"
                }
              ]
            }
          ]
        }
      ]
    },
    {
      "id": 9101706,
      "levelList": [
        {
          "level": 1,
          "name": "Блок",
          "desc": "[StartBattle] Получает щит, равный тройному числу единиц на своем счетчике <sprite name=\"Vibration\"><color=#e30000><u><link=\"Vibration\">Тряски</link></u></color> (До 30)",
          "coinlist": [
            {
              "coindescs": [
                {
                  "desc": ""
                }
              ]
            }
          ]
        }
      ]
    },
    {
      "id": 9101707,
      "levelList": [
        {
          "level": 1,
          "name": "Сбор ради общего дела",
          "desc": "[CantDuel]\n[StartBattle] Переносит числа со счетчиков <sprite name=\"Vibration\"><color=#e30000><u><link=\"Vibration\">Тряски</link></u></color> всех других союзников на свой счетчик <sprite name=\"Vibration\"><color=#e30000><u><link=\"Vibration\">Тряски</link></u></color>\n[StartBattle] Получает 1 <sprite name=\"AttackUp\"><color=#f8c200><u><link=\"AttackUp\">Повышение уровня атаки</link></u></color> за каждые 3 единицы на своем счетчике <sprite name=\"Vibration\"><color=#e30000><u><link=\"Vibration\">Тряски</link></u></color>\n[WhenUse] Повышает свой счетчик <sprite name=\"Vibration\"><color=#e30000><u><link=\"Vibration\">Тряски</link></u></color> на 8",
          "coinlist": [
            {
              "coindescs": [
                {
                  "desc": "[OnSucceedAttack] Наносит 10 <sprite name=\"Vibration\"><color=#e30000><u><link=\"Vibration\">Тряски</link></u></color>"
                },
                {
                  "desc": "[OnSucceedAttack] Наносит на 10% больше урона Леностью за каждую единицу на своем счетчике <sprite name=\"Vibration\"><color=#e30000><u><link=\"Vibration\">Тряски</link></u></color>"
                }
              ]
            },
            {
              "coindescs": [
                {
                  "desc": "[OnSucceedAttack] Повышает счетчик <sprite name=\"Vibration\"><color=#e30000><u><link=\"Vibration\">Тряски</link></u></color> на 4"
                },
                {
                  "desc": "[OnSucceedAttack] Наносит на 10% больше урона Леностью за каждую единицу на своем счетчике <sprite name=\"Vibration\"><color=#e30000><u><link=\"Vibration\">Тряски</link></u></color>"
                }
              ]
            },
            {
              "coindescs": [
                {
                  "desc": "[OnSucceedAttack] Понижает свой счетчик <sprite name=\"Vibration\"><color=#e30000><u><link=\"Vibration\">Тряски</link></u></color> на 3 и <sprite name=\"VibrationExplosion\"><color=#e30000><u><link=\"VibrationExplosion\">Трясет сучку</link></u></color>, затем понижает его счетчик на 1"
                },
                {
                  "desc": "[OnSucceedAttack] Понижает свой счетчик <sprite name=\"Vibration\"><color=#e30000><u><link=\"Vibration\">Тряски</link></u></color> на 3 и <sprite name=\"VibrationExplosion\"><color=#e30000><u><link=\"VibrationExplosion\">Трясет сучку</link></u></color>, затем понижает его счетчик на 1"
                },
                {
                  "desc": "[OnSucceedAttack] Понижает свой счетчик <sprite name=\"Vibration\"><color=#e30000><u><link=\"Vibration\">Тряски</link></u></color> на 3 и <sprite name=\"VibrationExplosion\"><color=#e30000><u><link=\"VibrationExplosion\">Трясет сучку</link></u></color>, затем понижает его счетчик на 1"
                }
              ]
            }
          ]
        }
      ]
    },
    {
      "id": 9014201,
      "levelList": [
        {
          "level": 1,
          "name": "Коллекторский досмотр",
          "desc": "[WhenUse] Повышает свой счетчик <sprite name=\"Vibration\"><color=#e30000><u><link=\"Vibration\">Тряски</link></u></color> на 1",
          "coinlist": [
            {
              "coindescs": [
                {
                  "desc": "[OnSucceedAttack] Если на счетчике <sprite name=\"Vibration\"><color=#e30000><u><link=\"Vibration\">Тряски</link></u></color> цели 4 и более единицы, наносит 1 <sprite name=\"InterlockingTime\"><color=#e30000><u><link=\"InterlockingTime\">Остановку времени</link></u></color>"
                }
              ]
            },
            {
              "coindescs": [
                {
                  "desc": "[OnSucceedAttack] Если на счетчике <sprite name=\"Vibration\"><color=#e30000><u><link=\"Vibration\">Тряски</link></u></color> цели 4 и более единицы, наносит 1 <sprite name=\"InterlockingTime\"><color=#e30000><u><link=\"InterlockingTime\">Остановку времени</link></u></color>"
                },
                {
                  "desc": "[OnSucceedAttack] Повышает свой счетчик <sprite name=\"Vibration\"><color=#e30000><u><link=\"Vibration\">Тряски</link></u></color> на 1"
                }
              ]
            }
          ]
        }
      ]
    },
    {
      "id": 9014202,
      "levelList": [
        {
          "level": 1,
          "name": "Остановитесь, пожалуйста.",
          "desc": "[WhenUse] Повышает свой счетчик <sprite name=\"Vibration\"><color=#e30000><u><link=\"Vibration\">Тряски</link></u></color> на 2\n[WhenUse] Сила в столкновении +1 при 4 и более единицах на своем счетчике <sprite name=\"Vibration\"><color=#e30000><u><link=\"Vibration\">Тряски</link></u></color>",
          "coinlist": [
            {
              "coindescs": [
                {
                  "desc": "[OnSucceedAttack] Наносит 2 <sprite name=\"Paralysis\"><color=#e30000><u><link=\"Paralysis\">Паралича</link></u></color> на следующий ход"
                },
                {
                  "desc": "[OnSucceedAttack] Если 4 и более единицы на своем счетчике <sprite name=\"Vibration\"><color=#e30000><u><link=\"Vibration\">Тряски</link></u></color>, наносит 8 <sprite name=\"Vibration\"><color=#e30000><u><link=\"Vibration\">Тряски</link></u></color>"
                }
              ]
            },
            {
              "coindescs": [
                {
                  "desc": "[OnSucceedAttack] Повышает свой счетчик <sprite name=\"Vibration\"><color=#e30000><u><link=\"Vibration\">Тряски</link></u></color> на 2"
                },
                {
                  "desc": "[OnSucceedAttack] Наносит 2 <sprite name=\"Binding\"><color=#e30000><u><link=\"Binding\">Поноса</link></u></color> на следующий ход"
                },
                {
                  "desc": "[OnSucceedAttack] Если 4 и более единицы на своем счетчике <sprite name=\"Vibration\"><color=#e30000><u><link=\"Vibration\">Тряски</link></u></color>, повышает счетчик <sprite name=\"Vibration\"><color=#e30000><u><link=\"Vibration\">Тряски</link></u></color> цели на 8"
                }
              ]
            }
          ]
        }
      ]
    },
    {
      "id": 9014203,
      "levelList": [
        {
          "level": 1,
          "name": "Вынужден произвести изъятие.",
          "desc": "[WhenUse] Сила в столкновении +1 за каждые 5 единиц на своем счетчике <sprite name=\"Vibration\"><color=#e30000><u><link=\"Vibration\">Тряски</link></u></color> (До 2)\n[WhenUse] Если 5 и более единиц на своем счетчике <sprite name=\"Vibration\"><color=#e30000><u><link=\"Vibration\">Тряски</link></u></color>, наносит на 10% больше урона за каждую единицу своего счетчика <sprite name=\"Vibration\"><color=#e30000><u><link=\"Vibration\">Тряска</link></u></color> (До 100%)\n[EndSkill] Тратит весь свой счетчик <sprite name=\"Vibration\"><color=#e30000><u><link=\"Vibration\">Тряски</link></u></color>",
          "coinlist": [
            {
              "coindescs": [
                {
                  "desc": "[OnSucceedAttack] Повышает свой счетчик <sprite name=\"Vibration\"><color=#e30000><u><link=\"Vibration\">Тряски</link></u></color> на 2 на следующий ход"
                },
                {
                  "desc": "[OnSucceedAttack] Если на цели 8 и более <sprite name=\"Vibration\"><color=#e30000><u><link=\"Vibration\">Тряски</link></u></color>, наносит 1 <sprite name=\"InterlockingTime\"><color=#e30000><u><link=\"InterlockingTime\">Остановка времени</link></u></color>"
                },
                {
                  "desc": "[OnSucceedAttack] Если 4 и более единицы на своем счетчике <sprite name=\"Vibration\"><color=#e30000><u><link=\"Vibration\">Тряски</link></u></color>, наносит 8 <sprite name=\"Vibration\"><color=#e30000><u><link=\"Vibration\">Тряски</link></u></color>"
                }
              ]
            },
            {
              "coindescs": [
                {
                  "desc": "[OnSucceedAttack] Повышает свой счетчик <sprite name=\"Vibration\"><color=#e30000><u><link=\"Vibration\">Тряски</link></u></color> на 2 на следующий ход"
                },
                {
                  "desc": "[OnSucceedAttack] Если на счетчике <sprite name=\"Vibration\"><color=#e30000><u><link=\"Vibration\">Тряски</link></u></color> цели равен 4 и более, наносит 1 <sprite name=\"InterlockingTime\"><color=#e30000><u><link=\"InterlockingTime\">Остановка времени</link></u></color>"
                },
                {
                  "desc": "[OnSucceedAttack] Если 4 и более единицы на своем счетчике <sprite name=\"Vibration\"><color=#e30000><u><link=\"Vibration\">Тряски</link></u></color>, повышает счетчик <sprite name=\"Vibration\"><color=#e30000><u><link=\"Vibration\">Тряски</link></u></color> цели на 5"
                }
              ]
            },
            {
              "coindescs": [
                {
                  "desc": "[OnSucceedAttack] Если 7 и более единиц на своем счетчике <sprite name=\"Vibration\"><color=#e30000><u><link=\"Vibration\">Тряски</link></u></color>, наносит 1 <sprite name=\"InterlockingTime\"><color=#e30000><u><link=\"InterlockingTime\">Остановку времени</link></u></color>"
                },
                {
                  "desc": "[OnSucceedAttack] <sprite name=\"VibrationExplosion\"><color=#e30000><u><link=\"VibrationExplosion\">Трясет сучку</link></u></color>"
                },
                {
                  "desc": "[OnSucceedAttack] Если 4 и более единицы на своем счетчике <sprite name=\"Vibration\"><color=#e30000><u><link=\"Vibration\">Тряски</link></u></color>, <sprite name=\"Switch_Vibration\"><color=#9f6a3a><u><link=\"Switch_Vibration\">преобразует амплитуду Тряски</link></u></color> в <sprite name=\"VibrationChain\"><color=#e30000><u><link=\"VibrationChain\">Тряска — Цепи</link></u></color>"
                }
              ]
            }
          ]
        }
      ]
    },
    {
      "id": 9014204,
      "levelList": [
        {
          "level": 1,
          "name": "Одолженное время",
          "desc": "[StartBattle] Понижает свой счетчик <sprite name=\"Vibration\"><color=#e30000><u><link=\"Vibration\">Тряски</link></u></color> на 5, чтобы повысить счетчик <sprite name=\"TimeRentalTwo\"><color=#f8c200><u><link=\"TimeRentalTwo\">Одолженного времени Корп. T</link></u></color> на 3",
          "coinlist": [
            {
              "coindescs": [
                {
                  "desc": ""
                }
              ]
            }
          ]
        }
      ]
    },
    {
      "id": 9014301,
      "levelList": [
        {
          "level": 1,
          "name": "Готовность изымать",
          "desc": "[WhenUse] Повышает свой счетчик <sprite name=\"Vibration\"><color=#e30000><u><link=\"Vibration\">Тряски</link></u></color> на 2",
          "coinlist": [
            {
              "coindescs": [
                {
                  "desc": "[OnSucceedAttack] Если 3 и более единицы на своем счетчике <sprite name=\"Vibration\"><color=#e30000><u><link=\"Vibration\">Тряски</link></u></color>, наносит 3 <sprite name=\"Vibration\"><color=#e30000><u><link=\"Vibration\">Тряски</link></u></color>"
                },
                {
                  "desc": "[OnSucceedAttackHead] Повышает свой счетчик <sprite name=\"Vibration\"><color=#e30000><u><link=\"Vibration\">Тряски</link></u></color> на 1"
                }
              ]
            }
          ]
        }
      ]
    },
    {
      "id": 9014302,
      "levelList": [
        {
          "level": 1,
          "name": "Метод ускоренного разреза Корп. T",
          "desc": "[WhenUse] Повышает свой счетчик <sprite name=\"Vibration\"><color=#e30000><u><link=\"Vibration\">Тряски</link></u></color> на 2",
          "coinlist": [
            {
              "coindescs": [
                {
                  "desc": "[OnSucceedAttack] Наносит 1 <sprite name=\"Vulnerable\"><color=#e30000><u><link=\"Vulnerable\">Уязвимость</link></u></color> на следующий ход"
                },
                {
                  "desc": "[OnSucceedAttack] Наносит 2 <sprite name=\"Vibration\"><color=#e30000><u><link=\"Vibration\">Тряски</link></u></color>"
                },
                {
                  "desc": "[OnSucceedAttack] Повышает свой счетчик <sprite name=\"Vibration\"><color=#e30000><u><link=\"Vibration\">Тряски</link></u></color> на 2"
                }
              ]
            },
            {
              "coindescs": [
                {
                  "desc": "[OnSucceedAttack] Наносит 1 <sprite name=\"Vulnerable\"><color=#e30000><u><link=\"Vulnerable\">Уязвимость</link></u></color> на следующий ход"
                },
                {
                  "desc": "[OnSucceedAttack] Наносит 2 <sprite name=\"Vibration\"><color=#e30000><u><link=\"Vibration\">Тряски</link></u></color>"
                }
              ]
            }
          ]
        }
      ]
    },
    {
      "id": 9014303,
      "levelList": [
        {
          "level": 1,
          "name": "Предъявите свои карманные часы.",
          "desc": "[WhenUse] Сила в столкновении +1 при 5 и более единицах на своем счетчике <sprite name=\"Vibration\"><color=#e30000><u><link=\"Vibration\">Тряски</link></u></color>\n[WhenUse] Повышает свой счетчик <sprite name=\"Vibration\"><color=#e30000><u><link=\"Vibration\">Тряски</link></u></color> на 2\n[WinDuel] Понижает свой счетчик <sprite name=\"Vibration\"><color=#e30000><u><link=\"Vibration\">Тряски</link></u></color> на 3, чтобы повысить свой счетчик <sprite name=\"TimeRentalTwo\"><color=#f8c200><u><link=\"TimeRentalTwo\">Одолженного времени</link></u></color> на 1",
          "coinlist": [
            {
              "coindescs": [
                {
                  "desc": "[OnSucceedAttack] Наносит 2 <sprite name=\"Vulnerable\"><color=#e30000><u><link=\"Vulnerable\">Уязвимости</link></u></color> на следующий ход"
                }
              ]
            },
            {
              "coindescs": [
                {
                  "desc": "[OnSucceedAttack] Наносит 1 <sprite name=\"Reduction\"><color=#e30000><u><link=\"Reduction\">Понижение силы атаки</link></u></color> на следующий ход"
                },
                {
                  "desc": "[OnSucceedAttack] При 5 и более единицах на своем счетчике <sprite name=\"Vibration\"><color=#e30000><u><link=\"Vibration\">Тряски</link></u></color>, <sprite name=\"Switch_Vibration\"><color=#9f6a3a><u><link=\"Switch_Vibration\">Преобразует амплитуду Тряски</link></u></color> в <sprite name=\"VibrationChain\"><color=#e30000><u><link=\"VibrationChain\">Тряска — Цепи</link></u></color>"
                }
              ]
            }
          ]
        }
      ]
    },
    {
      "id": 9014304,
      "levelList": [
        {
          "level": 1,
          "name": "Мы вынуждены произвести изъятие.",
          "desc": "[WhenUse] Повышает свой счетчик <sprite name=\"Vibration\"><color=#e30000><u><link=\"Vibration\">Тряски</link></u></color> на 3\n[WhenUse] Базовая сила +1 за каждые 4 единицы на своем счетчике <sprite name=\"Vibration\"><color=#e30000><u><link=\"Vibration\">Тряски</link></u></color> (До 3)\n[WinDuel] Понижает свой счетчик <sprite name=\"Vibration\"><color=#e30000><u><link=\"Vibration\">Тряски</link></u></color> на 5, чтобы повысить счетчик <sprite name=\"TimeRentalTwo\"><color=#f8c200><u><link=\"TimeRentalTwo\">Одолженного времени Корп. T</link></u></color> на 3",
          "coinlist": [
            {
              "coindescs": [
                {
                  "desc": "[OnSucceedAttack] Понижает свой счетчик <sprite name=\"Vibration\"><color=#e30000><u><link=\"Vibration\">Тряски</link></u></color> на 1, чтобы нанести 1 <sprite name=\"Vulnerable\"><color=#e30000><u><link=\"Vulnerable\">Уязвимость</link></u></color>"
                }
              ]
            },
            {
              "coindescs": [
                {
                  "desc": "[OnSucceedAttack] Понижает свой счетчик <sprite name=\"Vibration\"><color=#e30000><u><link=\"Vibration\">Тряски</link></u></color> на 1, чтобы поднять счетчик <sprite name=\"Vibration\"><color=#e30000><u><link=\"Vibration\">Тряски</link></u></color> цели на 3"
                }
              ]
            },
            {
              "coindescs": [
                {
                  "desc": "[OnSucceedAttack] Понижает свой счетчик <sprite name=\"Vibration\"><color=#e30000><u><link=\"Vibration\">Тряски</link></u></color> на 1, чтобы нанести 8 <sprite name=\"Vibration\"><color=#e30000><u><link=\"Vibration\">Тряски</link></u></color>"
                }
              ]
            },
            {
              "coindescs": [
                {
                  "desc": "[OnSucceedAttack] Понижает свой счетчик <sprite name=\"Vibration\"><color=#e30000><u><link=\"Vibration\">Тряски</link></u></color> на 2, чтобы <sprite name=\"VibrationExplosion\"><color=#e30000><u><link=\"VibrationExplosion\">Потрясти сучку</link></u></color>, после подкидывает эту монету снова (Только 1 раз)"
                },
                {
                  "desc": "[OnSucceedAttack] Понижает свой счетчик <sprite name=\"Vibration\"><color=#e30000><u><link=\"Vibration\">Тряски</link></u></color> на 5, чтобы нанести 2 <sprite name=\"TimeAccumulation\"><color=#e30000><u><link=\"TimeAccumulation\">Накопления времени</link></u></color>"
                }
              ]
            }
          ]
        }
      ]
    },
    {
      "id": 9014305,
      "levelList": [
        {
          "level": 1,
          "name": "Одолженное время",
          "desc": "[StartBattle] Понижает свой счетчик <sprite name=\"Vibration\"><color=#e30000><u><link=\"Vibration\">Тряски</link></u></color> на 4, чтобы повысить счетчик <sprite name=\"TimeRentalTwo\"><color=#f8c200><u><link=\"TimeRentalTwo\">Одолженного времени Корп. T</link></u></color> на 3\n[StartBattle] Повышает свой счетчик <sprite name=\"Vibration\"><color=#e30000><u><link=\"Vibration\">Тряски</link></u></color> на 2",
          "coinlist": [
            {
              "coindescs": [
                {
                  "desc": ""
                }
              ]
            }
          ]
        }
      ]
    },
    {
      "id": 9014401,
      "levelList": [
        {
          "level": 1,
          "name": "Готов взымать",
          "desc": "[WhenUse] Повышает свой счетчик <sprite name=\"Vibration\"><color=#e30000><u><link=\"Vibration\">Тряски</link></u></color> на 2",
          "coinlist": [
            {
              "coindescs": [
                {
                  "desc": "[OnSucceedAttack] Если свой счетчик <sprite name=\"Vibration\"><color=#e30000><u><link=\"Vibration\">Тряски</link></u></color> равен 3 и более, наносит 3 <sprite name=\"Vibration\"><color=#e30000><u><link=\"Vibration\">Тряски</link></u></color>"
                },
                {
                  "desc": "[OnSucceedAttackHead] Повышает свой счетчик <sprite name=\"Vibration\"><color=#e30000><u><link=\"Vibration\">Тряски</link></u></color> на 1"
                }
              ]
            }
          ]
        }
      ]
    },
    {
      "id": 9014402,
      "levelList": [
        {
          "level": 1,
          "name": "Временной арест Корп. T",
          "desc": "[WhenUse] Повышает свой счетчик <sprite name=\"Vibration\"><color=#e30000><u><link=\"Vibration\">Тряски</link></u></color> на 2",
          "coinlist": [
            {
              "coindescs": [
                {
                  "desc": "[OnSucceedAttack] Понижает свой счетчик <sprite name=\"Vibration\"><color=#e30000><u><link=\"Vibration\">Тряски</link></u></color> на 1, чтобы нанести 2 <sprite name=\"Paralysis\"><color=#e30000><u><link=\"Paralysis\">Паралича</link></u></color> на следующий ход. Наносит 2 <sprite name=\"Vibration\"><color=#e30000><u><link=\"Vibration\">Тряски</link></u></color>"
                },
                {
                  "desc": "[OnSucceedAttack] Повышает свой счетчик <sprite name=\"Vibration\"><color=#e30000><u><link=\"Vibration\">Тряски</link></u></color> на 2"
                }
              ]
            },
            {
              "coindescs": [
                {
                  "desc": "[OnSucceedAttack] Понижает свой счетчик <sprite name=\"Vibration\"><color=#e30000><u><link=\"Vibration\">Тряски</link></u></color> на 1, чтобы нанести 2 <sprite name=\"Paralysis\"><color=#e30000><u><link=\"Paralysis\">Паралича</link></u></color> на следующий ход. Наносит 2 <sprite name=\"Vibration\"><color=#e30000><u><link=\"Vibration\">Тряски</link></u></color>"
                }
              ]
            }
          ]
        }
      ]
    },
    {
      "id": 9014403,
      "levelList": [
        {
          "level": 1,
          "name": "Пожалуйста, замрите.",
          "desc": "[WhenUse] Сила в поединке +1 при 5 и более единиц на своем счетчике <sprite name=\"Vibration\"><color=#e30000><u><link=\"Vibration\">Тряски</link></u></color>\n[WhenUse] Повышает свой счетчик <sprite name=\"Vibration\"><color=#e30000><u><link=\"Vibration\">Тряски</link></u></color> на 2\n[WinDuel] Понижает свой счетчик <sprite name=\"Vibration\"><color=#e30000><u><link=\"Vibration\">Тряски</link></u></color> на 3, чтобы повысить свой счетчик <sprite name=\"TimeRentalTwo\"><color=#f8c200><u><link=\"TimeRentalTwo\">Одолженного времени</link></u></color> на 1",
          "coinlist": [
            {
              "coindescs": [
                {
                  "desc": "[OnSucceedAttack] Понижает свой счетчик <sprite name=\"Vibration\"><color=#e30000><u><link=\"Vibration\">Тряски</link></u></color> на 2, чтобы нанести 2 <sprite name=\"Binding\"><color=#e30000><u><link=\"Binding\">Поноса</link></u></color> на следующий ход"
                }
              ]
            },
            {
              "coindescs": [
                {
                  "desc": "[OnSucceedAttack] Понижает свой счетчик <sprite name=\"Vibration\"><color=#e30000><u><link=\"Vibration\">Тряски</link></u></color> на 2, чтобы нанести 1 <sprite name=\"ParryingResultDown\"><color=#e30000><u><link=\"ParryingResultDown\">Понижение силы в поединке</link></u></color> на следующий ход"
                }
              ]
            }
          ]
        }
      ]
    },
    {
      "id": 9014404,
      "levelList": [
        {
          "level": 1,
          "name": "Буду вынужден произвести изъятие.",
          "desc": "[WhenUse] Повышает свой счетчик <sprite name=\"Vibration\"><color=#e30000><u><link=\"Vibration\">Тряски</link></u></color> на 3\n[WhenUse] Базовая сила +1 за каждые 4 единицы на счетчике <sprite name=\"Vibration\"><color=#e30000><u><link=\"Vibration\">Тряски</link></u></color> (До 3)\n[WinDuel] Понижает свой счетчик <sprite name=\"Vibration\"><color=#e30000><u><link=\"Vibration\">Тряски</link></u></color> на 5, чтобы повысить счетчик <sprite name=\"TimeRentalTwo\"><color=#f8c200><u><link=\"TimeRentalTwo\">Одолженного времени Корп. T</link></u></color> на 3",
          "coinlist": [
            {
              "coindescs": [
                {
                  "desc": "[OnSucceedAttack] Понижает свой счетчик <sprite name=\"Vibration\"><color=#e30000><u><link=\"Vibration\">Тряски</link></u></color> на 1, чтобы нанести 1 <sprite name=\"Vulnerable\"><color=#e30000><u><link=\"Vulnerable\">Уязвимость</link></u></color>"
                }
              ]
            },
            {
              "coindescs": [
                {
                  "desc": "[OnSucceedAttack] Понижает свой счетчик <sprite name=\"Vibration\"><color=#e30000><u><link=\"Vibration\">Тряски</link></u></color> на 1, чтобы поднять счетчик <sprite name=\"Vibration\"><color=#e30000><u><link=\"Vibration\">Тряски</link></u></color> цели на 3"
                }
              ]
            },
            {
              "coindescs": [
                {
                  "desc": "[OnSucceedAttack] Понижает свой счетчик <sprite name=\"Vibration\"><color=#e30000><u><link=\"Vibration\">Тряски</link></u></color> на 1, чтобы нанести 8 <sprite name=\"Vibration\"><color=#e30000><u><link=\"Vibration\">Тряски</link></u></color>"
                }
              ]
            },
            {
              "coindescs": [
                {
                  "desc": "[OnSucceedAttack] Понижает свой счетчик <sprite name=\"Vibration\"><color=#e30000><u><link=\"Vibration\">Тряски</link></u></color> на 2, <sprite name=\"VibrationExplosion\"><color=#e30000><u><link=\"VibrationExplosion\">Потрясти сучку</link></u></color>, после подкидывает эту монету снова (Только 1 раз)"
                },
                {
                  "desc": "[OnSucceedAttack] Понижает свой счетчик <sprite name=\"Vibration\"><color=#e30000><u><link=\"Vibration\">Тряски</link></u></color> на 5, <sprite name=\"TimeAccumulation\"><color=#e30000><u><link=\"TimeAccumulation\">Накопление времени</link></u></color> 2 부여"
                }
              ]
            }
          ]
        }
      ]
    },
    {
      "id": 9014405,
      "levelList": [
        {
          "level": 1,
          "name": "Одолженное время",
          "desc": "[StartBattle] Понижает свой счетчик <sprite name=\"Vibration\"><color=#e30000><u><link=\"Vibration\">Тряски</link></u></color> на 4, чтобы повысить счетчик <sprite name=\"TimeRentalTwo\"><color=#f8c200><u><link=\"TimeRentalTwo\">Одолженного времени Корп. T</link></u></color> на 3\n[StartBattle] Повышает свой счетчик <sprite name=\"Vibration\"><color=#e30000><u><link=\"Vibration\">Тряски</link></u></color> на 2",
          "coinlist": [
            {
              "coindescs": [
                {
                  "desc": ""
                }
              ]
            }
          ]
        }
      ]
    }
  ]
}