﻿{
  "dataList": [
    {
      "id": 9008801,
      "levelList": [
        {
          "level": 1,
          "name": "Сеять страх",
          "desc": "",
          "coinlist": [
            {
              "coindescs": [
                {
                  "desc": "[OnSucceedAttackTail] Цель теряет 2 SP"
                }
              ]
            },
            {
              "coindescs": [
                {
                  "desc": "[OnSucceedAttackTail] Цель теряет 2 SP"
                }
              ]
            }
          ]
        }
      ]
    },
    {
      "id": 9008802,
      "levelList": [
        {
          "level": 1,
          "name": "Узреть ужас",
          "desc": "[WinDuel] Восстанавливает 10 HP и цель теряет 5 SP",
          "coinlist": [
            {
              "coindescs": [
                {
                  "desc": "[OnSucceedAttack] Наносит 1 <sprite name=\"Binding\"><color=#e30000><u><link=\"Binding\">Понос</link></u></color> на следующий ход"
                }
              ]
            }
          ]
        }
      ]
    },
    {
      "id": 9008803,
      "levelList": [
        {
          "level": 1,
          "name": "Пожинать ужас",
          "desc": "Если SP цели ниже 20, восстанавливает на 20% больше HP с помощью этой атаки",
          "coinlist": [
            {
              "coindescs": [
                {
                  "desc": "[OnSucceedAttackTail] Цель теряет 3 SP"
                },
                {
                  "desc": "[OnSucceedAttack] Восстанавливает 30% от нанесенного урона"
                }
              ]
            },
            {
              "coindescs": [
                {
                  "desc": "[OnSucceedAttackTail] Цель теряет 3 SP"
                },
                {
                  "desc": "[OnSucceedAttack] Восстанавливает 30% от нанесенного урона"
                }
              ]
            }
          ]
        }
      ]
    },
    {
      "id": 9008804,
      "levelList": [
        {
          "level": 1,
          "name": "Парализованный разум",
          "desc": "Если SP цели ниже -15, наносит на 50% больше урона",
          "coinlist": [
            {
              "coindescs": [
                {
                  "desc": "[OnSucceedAttack] Наносит 2 <sprite name=\"Paralysis\"><color=#e30000><u><link=\"Paralysis\">Паралича</link></u></color> на следующий ход"
                }
              ]
            },
            {
              "coindescs": [
                {
                  "desc": "[OnSucceedAttack] Наносит 2 <sprite name=\"Paralysis\"><color=#e30000><u><link=\"Paralysis\">Паралича</link></u></color> на следующий ход"
                }
              ]
            }
          ]
        }
      ]
    },
    {
      "id": 9008901,
      "levelList": [
        {
          "level": 1,
          "name": "-... - ..-",
          "desc": "",
          "coinlist": [
            {
              "coindescs": [
                {
                  "desc": "[OnSucceedAttack] Наносит 3 <sprite name=\"Sinking\"><color=#e30000><u><link=\"Sinking\">Депрессии</link></u></color>"
                }
              ]
            },
            {
              "coindescs": [
                {
                  "desc": "[OnSucceedAttack] Наносит 3 <sprite name=\"Sinking\"><color=#e30000><u><link=\"Sinking\">Депрессии</link></u></color>"
                }
              ]
            }
          ]
        }
      ]
    },
    {
      "id": 9008902,
      "levelList": [
        {
          "level": 1,
          "name": "-- ... -.-",
          "desc": "[WinDuel] Наносит 1 <sprite name=\"AaCePbBa\"><color=#e30000><u><link=\"AaCePbBa\">Бледный шум</link></u></color>",
          "coinlist": [
            {
              "coindescs": [
                {
                  "desc": "[OnSucceedAttack] Наносит 3 <sprite name=\"Sinking\"><color=#e30000><u><link=\"Sinking\">Депрессии</link></u></color>"
                },
                {
                  "desc": "[OnSucceedAttackHead] Повышает счетчик <sprite name=\"Sinking\"><color=#e30000><u><link=\"Sinking\">Депрессии</link></u></color> на 3"
                }
              ]
            }
          ]
        }
      ]
    },
    {
      "id": 9008903,
      "levelList": [
        {
          "level": 1,
          "name": "...- .",
          "desc": "Итоговая сила +1 за каждого другого живого Обледневшего союзника",
          "coinlist": [
            {
              "coindescs": [
                {
                  "desc": "[OnSucceedAttack] Восстанавливает HP на 40% от нанесенного урона"
                },
                {
                  "desc": "[OnSucceedAttack] Копирует одно из стандартных усилений на цели и получает его на следующий ход"
                }
              ]
            },
            {
              "coindescs": [
                {
                  "desc": "[OnSucceedAttack] Восстанавливает HP на 40% от нанесенного урона"
                }
              ]
            }
          ]
        }
      ]
    },
    {
      "id": 9009001,
      "levelList": [
        {
          "level": 1,
          "name": "..-. .",
          "desc": "",
          "coinlist": [
            {
              "coindescs": [
                {
                  "desc": "[OnSucceedAttack] Повышает счетчик <sprite name=\"Sinking\"><color=#e30000><u><link=\"Sinking\">Депрессии</link></u></color> на 2"
                }
              ]
            },
            {
              "coindescs": [
                {
                  "desc": "[OnSucceedAttack] Повышает счетчик <sprite name=\"Sinking\"><color=#e30000><u><link=\"Sinking\">Депрессии</link></u></color> на 2"
                }
              ]
            }
          ]
        }
      ]
    },
    {
      "id": 9009002,
      "levelList": [
        {
          "level": 1,
          "name": "..-. . --",
          "desc": "[WinDuel] Наносит 1 <sprite name=\"AaCePbBa\"><color=#e30000><u><link=\"AaCePbBa\">Бледный шум</link></u></color>",
          "coinlist": [
            {
              "coindescs": [
                {
                  "desc": "[OnSucceedAttack] Повышает счетчик <sprite name=\"Sinking\"><color=#e30000><u><link=\"Sinking\">Депрессии</link></u></color> на 2"
                },
                {
                  "desc": "[OnSucceedAttackHead] Наносит 2 <sprite name=\"Sinking\"><color=#e30000><u><link=\"Sinking\">Депрессии</link></u></color>"
                }
              ]
            }
          ]
        }
      ]
    },
    {
      "id": 9009003,
      "levelList": [
        {
          "level": 1,
          "name": ".-.. -",
          "desc": "[WinDuel] Цель теряет 1 SP за каждого другого живого Обледневшего союзника",
          "coinlist": [
            {
              "coindescs": [
                {
                  "desc": "[OnSucceedAttack] Восстанавливает HP на 40% от нанесенного урона"
                },
                {
                  "desc": "Копирует одно из стандартных усилений на цели и получает его на следующий ход"
                }
              ]
            },
            {
              "coindescs": [
                {
                  "desc": "[OnSucceedAttack] Восстанавливает HP на 40% от нанесенного урона"
                }
              ]
            }
          ]
        }
      ]
    },
    {
      "id": 9009101,
      "levelList": [
        {
          "level": 1,
          "name": "-... .…",
          "desc": "Если на цели есть <sprite name=\"Sinking\"><color=#e30000><u><link=\"Sinking\">Депрессия</link></u></color>, эффект восстановления HP будет действовать на одного Обледневшего союзника с наименьшей SP",
          "coinlist": [
            {
              "coindescs": [
                {
                  "desc": "[OnSucceedAttack] Восстанавливает HP на 30% от нанесенного урона"
                },
                {
                  "desc": "[OnSucceedAttackHead] Наносит 1 <sprite name=\"Sinking\"><color=#e30000><u><link=\"Sinking\">Депрессию</link></u></color>"
                }
              ]
            },
            {
              "coindescs": [
                {
                  "desc": "[OnSucceedAttack] Восстанавливает HP на 30% от нанесенного урона"
                },
                {
                  "desc": "[OnSucceedAttackHead] Наносит 1 <sprite name=\"Sinking\"><color=#e30000><u><link=\"Sinking\">Депрессию</link></u></color>"
                }
              ]
            }
          ]
        }
      ]
    },
    {
      "id": 9009102,
      "levelList": [
        {
          "level": 1,
          "name": ".--- .",
          "desc": "Если на цели есть <sprite name=\"Sinking\"><color=#e30000><u><link=\"Sinking\">Депрессия</link></u></color>, эффект восстановления HP будет действовать на одного Обледневшего союзника с наименьшей SP",
          "coinlist": [
            {
              "coindescs": [
                {
                  "desc": "[OnSucceedAttack] Восстанавливает HP на 50% от нанесенного урона"
                },
                {
                  "desc": "[OnSucceedAttack] Наносит 2 <sprite name=\"AaCePbBa\"><color=#e30000><u><link=\"AaCePbBa\">Бледного шума</link></u></color>"
                }
              ]
            }
          ]
        }
      ]
    },
    {
      "id": 9009103,
      "levelList": [
        {
          "level": 1,
          "name": "-. .…",
          "desc": "[WhenUse] Если на цели есть <sprite name=\"AaCePbBa\"><color=#e30000><u><link=\"AaCePbBa\">Бледный шум</link></u></color>, все Обледневшие союзники восстанавливают 30 HP",
          "coinlist": [
            {
              "coindescs": [
                {
                  "desc": "Копирует одно из стандартных усилений на цели и получает его на следующий ход"
                }
              ]
            },
            {
              "coindescs": [
                {
                  "desc": "[OnSucceedAttack] Восстанавливает себе 20 HP"
                }
              ]
            }
          ]
        }
      ]
    },
    {
      "id": 9009201,
      "levelList": [
        {
          "level": 1,
          "name": "-- . -.-",
          "desc": "",
          "coinlist": [
            {
              "coindescs": [
                {
                  "desc": "[OnSucceedAttack] Наносит 3 <sprite name=\"Vibration\"><color=#e30000><u><link=\"Vibration\">Тряски</link></u></color>"
                }
              ]
            },
            {
              "coindescs": [
                {
                  "desc": "[OnSucceedAttack] Наносит 3 <sprite name=\"Vibration\"><color=#e30000><u><link=\"Vibration\">Тряски</link></u></color>"
                }
              ]
            }
          ]
        }
      ]
    },
    {
      "id": 9009202,
      "levelList": [
        {
          "level": 1,
          "name": "-... .-",
          "desc": "[WhenUse] Дает 1 <sprite name=\"Protection\"><color=#f8c200><u><link=\"Protection\">Защищенность</link></u></color> случайному союзнику на следующий ход\n- Дает Обледневшим союзникам 1 дополнительную <sprite name=\"Protection\"><color=#f8c200><u><link=\"Protection\">Защищенность</link></u></color>",
          "coinlist": [
            {
              "coindescs": [
                {
                  "desc": "[OnSucceedAttack] Повышает счетчик <sprite name=\"Vibration\"><color=#e30000><u><link=\"Vibration\">Тряски</link></u></color> на 4"
                }
              ]
            }
          ]
        }
      ]
    },
    {
      "id": 9009203,
      "levelList": [
        {
          "level": 1,
          "name": "-.-. ..-",
          "desc": "",
          "coinlist": [
            {
              "coindescs": [
                {
                  "desc": "[OnSucceedAttack] <sprite name=\"VibrationExplosion\"><color=#e30000><u><link=\"VibrationExplosion\">Трясет сучку</link></u></color> и понижает его счетчик на 2"
                },
                {
                  "desc": "[OnSucceedAttack] Наносит 1 <sprite name=\"AaCePbBa\"><color=#e30000><u><link=\"AaCePbBa\">Бледный шум</link></u></color>"
                }
              ]
            },
            {
              "coindescs": [
                {
                  "desc": "[OnSucceedAttack] Наносит 10 <sprite name=\"Burst\"><color=#e30000><u><link=\"Burst\">Зеленок</link></u></color> и повышает его счетчик на 4"
                }
              ]
            }
          ]
        }
      ]
    },
    {
      "id": 9009204,
      "levelList": [
        {
          "level": 1,
          "name": ".--. .",
          "desc": "[StartBattle] Получает 1 <sprite name=\"Protection\"><color=#f8c200><u><link=\"Protection\">Защищенность</link></u></color> за каждых двух других Обледневших союзников\nБудучи атакованным при наличии щита, наносит 1 <sprite name=\"Vibration\"><color=#e30000><u><link=\"Vibration\">Тряска</link></u></color> атаковавшему",
          "coinlist": [
            {
              "coindescs": [
                {
                  "desc": ""
                }
              ]
            }
          ]
        }
      ]
    },
    {
      "id": 9009301,
      "levelList": [
        {
          "level": 1,
          "name": "..-. .",
          "desc": "",
          "coinlist": [
            {
              "coindescs": [
                {
                  "desc": "[OnSucceedAttack] Наносит 2 <sprite name=\"DefenseDown\"><color=#e30000><u><link=\"DefenseDown\">Понижения уровня защиты</link></u></color>"
                }
              ]
            }
          ]
        }
      ]
    },
    {
      "id": 9009302,
      "levelList": [
        {
          "level": 1,
          "name": ".-.. .",
          "desc": "[WhenUse] Дает 1 <sprite name=\"AttackDmgUp\"><color=#f8c200><u><link=\"AttackDmgUp\">Повышение урона</link></u></color> одному случайному Обледневшему союзнику на следующий ход",
          "coinlist": [
            {
              "coindescs": [
                {
                  "desc": "[OnSucceedAttack] Наносит 2 <sprite name=\"Paralysis\"><color=#e30000><u><link=\"Paralysis\">Паралича</link></u></color>"
                },
                {
                  "desc": "[OnSucceedAttackHead] Наносит 1 <sprite name=\"AaCePbBa\"><color=#e30000><u><link=\"AaCePbBa\">Бледный шум</link></u></color>"
                }
              ]
            }
          ]
        }
      ]
    },
    {
      "id": 9009303,
      "levelList": [
        {
          "level": 1,
          "name": ".-.. .-",
          "desc": "[WhenUse] Дает 1 <sprite name=\"AttackDmgUp\"><color=#f8c200><u><link=\"AttackDmgUp\">Повышение урона</link></u></color> одному случайному Обледневшему союзнику на следующий ход",
          "coinlist": [
            {
              "coindescs": [
                {
                  "desc": "[OnSucceedAttack] Наносит 2 <sprite name=\"DefenseDown\"><color=#e30000><u><link=\"DefenseDown\">Понижения уровня защиты</link></u></color>"
                },
                {
                  "desc": "[OnSucceedAttack] Наносит 1 <sprite name=\"AaCePbBa\"><color=#e30000><u><link=\"AaCePbBa\">Бледный шум</link></u></color>"
                }
              ]
            },
            {
              "coindescs": [
                {
                  "desc": "[OnSucceedAttack] Наносит 2 <sprite name=\"DefenseDown\"><color=#e30000><u><link=\"DefenseDown\">Понижения уровня защиты</link></u></color>"
                }
              ]
            }
          ]
        }
      ]
    },
    {
      "id": 9009401,
      "levelList": [
        {
          "level": 1,
          "name": "--. . ...-",
          "desc": "Если на цели есть <sprite name=\"AaCePbBa\"><color=#e30000><u><link=\"AaCePbBa\">Бледный шум</link></u></color>, она теряет 1 SP за каждого другого союзника",
          "coinlist": [
            {
              "coindescs": [
                {
                  "desc": "[OnSucceedAttack] Повышает счетчик <sprite name=\"Laceration\"><color=#e30000><u><link=\"Laceration\">Кетчупа</link></u></color> на 2"
                },
                {
                  "desc": "[OnSucceedAttackHead] Наносит 3 <sprite name=\"Laceration\"><color=#e30000><u><link=\"Laceration\">Кетчупа</link></u></color>"
                }
              ]
            }
          ]
        }
      ]
    },
    {
      "id": 9009402,
      "levelList": [
        {
          "level": 1,
          "name": "...- …",
          "desc": "",
          "coinlist": [
            {
              "coindescs": [
                {
                  "desc": "[OnSucceedAttack] Наносит 1 <sprite name=\"AaCePbBa\"><color=#e30000><u><link=\"AaCePbBa\">Бледный шум</link></u></color>"
                }
              ]
            },
            {
              "coindescs": [
                {
                  "desc": "[OnSucceedAttack] Повышает счетчик <sprite name=\"Laceration\"><color=#e30000><u><link=\"Laceration\">Кетчупа</link></u></color> на 3"
                },
                {
                  "desc": "[OnSucceedAttack] Наносит 3 <sprite name=\"Laceration\"><color=#e30000><u><link=\"Laceration\">Кетчупа</link></u></color>"
                }
              ]
            }
          ]
        }
      ]
    },
    {
      "id": 9009403,
      "levelList": [
        {
          "level": 1,
          "name": ".--. .... -",
          "desc": "[WinDuel] Наносит 1 <sprite name=\"AaCePbBa\"><color=#e30000><u><link=\"AaCePbBa\">Бледный шум</link></u></color>",
          "coinlist": [
            {
              "coindescs": [
                {
                  "desc": "[OnSucceedAttack] Наносит 4 <sprite name=\"Laceration\"><color=#e30000><u><link=\"Laceration\">Кетчупа</link></u></color> на следующий ход"
                }
              ]
            },
            {
              "coindescs": [
                {
                  "desc": "[OnSucceedAttack] Наносит 2 <sprite name=\"Vulnerable\"><color=#e30000><u><link=\"Vulnerable\">Уязвимости</link></u></color> на следующий ход"
                }
              ]
            }
          ]
        }
      ]
    },
    {
      "id": 9009404,
      "levelList": [
        {
          "level": 1,
          "name": "-.- -",
          "desc": "Будучи атакованным при наличии щита, наносит 1 <sprite name=\"AaCePbBa\"><color=#e30000><u><link=\"AaCePbBa\">Бледный шум</link></u></color> атакующему\n[EndBattle] Если щит остался, получает 3 <sprite name=\"Breath\"><color=#f8c200><u><link=\"Breath\">Кумара</link></u></color> на следующий ход",
          "coinlist": [
            {
              "coindescs": [
                {
                  "desc": ""
                }
              ]
            }
          ]
        }
      ]
    },
    {
      "id": 9009501,
      "levelList": [
        {
          "level": 1,
          "name": ".--. -",
          "desc": "",
          "coinlist": [
            {
              "coindescs": [
                {
                  "desc": "[OnSucceedAttack] Наносит 2 <sprite name=\"Binding\"><color=#e30000><u><link=\"Binding\">Поноса</link></u></color> на следующий ход"
                },
                {
                  "desc": "[OnSucceedAttack] Наносит 2 <sprite name=\"Laceration\"><color=#e30000><u><link=\"Laceration\">Кетчупа</link></u></color>"
                }
              ]
            }
          ]
        }
      ]
    },
    {
      "id": 9009502,
      "levelList": [
        {
          "level": 1,
          "name": ".-.. - ..-",
          "desc": "",
          "coinlist": [
            {
              "coindescs": [
                {
                  "desc": "[OnSucceedAttack] Наносит 1 <sprite name=\"Paralysis\"><color=#e30000><u><link=\"Paralysis\">Паралич</link></u></color> на следующий ход"
                },
                {
                  "desc": "[OnSucceedAttack] Наносит 2 <sprite name=\"Laceration\"><color=#e30000><u><link=\"Laceration\">Кетчупа</link></u></color>"
                }
              ]
            },
            {
              "coindescs": [
                {
                  "desc": "[OnSucceedAttack] Наносит 2 <sprite name=\"AttackDmgDown\"><color=#e30000><u><link=\"AttackDmgDown\">Понижения урона</link></u></color> на следующий ход"
                },
                {
                  "desc": "[OnSucceedAttack] Наносит 2 <sprite name=\"Laceration\"><color=#e30000><u><link=\"Laceration\">Кетчупа</link></u></color>"
                }
              ]
            }
          ]
        }
      ]
    },
    {
      "id": 9009503,
      "levelList": [
        {
          "level": 1,
          "name": "-- .... -",
          "desc": "[WhenUse] Получает 1 <sprite name=\"Protection\"><color=#f8c200><u><link=\"Protection\">Защищенность</link></u></color> за каждого живого союзника (До 3)",
          "coinlist": [
            {
              "coindescs": [
                {
                  "desc": "[OnSucceedAttack] Получает 2 <sprite name=\"Protection\"><color=#f8c200><u><link=\"Protection\">Защищенности</link></u></color>"
                },
                {
                  "desc": "[OnSucceedAttackHead] Наносит 1 <sprite name=\"AaCePbBa\"><color=#e30000><u><link=\"AaCePbBa\">Бледный шум</link></u></color>"
                }
              ]
            },
            {
              "coindescs": [
                {
                  "desc": "[OnSucceedAttack] Получает 2 <sprite name=\"Protection\"><color=#f8c200><u><link=\"Protection\">Защищенности</link></u></color> на следующий ход"
                },
                {
                  "desc": "[OnSucceedAttackHead] Наносит 4 <sprite name=\"Laceration\"><color=#e30000><u><link=\"Laceration\">Кетчупа</link></u></color> на следующий ход"
                }
              ]
            }
          ]
        }
      ]
    },
    {
      "id": 9009504,
      "levelList": [
        {
          "level": 1,
          "name": "-.- ..",
          "desc": "[WhenUse] Получает 2 <sprite name=\"Protection\"><color=#f8c200><u><link=\"Protection\">Защищенности</link></u></color>\nБудучи атакованным при наличии щита, наносит 1 <sprite name=\"AaCePbBa\"><color=#e30000><u><link=\"AaCePbBa\">Бледный шум</link></u></color> атакующему\n[EndBattle] Восстанавливает HP на двойное количество оставшегося щита",
          "coinlist": [
            {
              "coindescs": [
                {
                  "desc": ""
                }
              ]
            }
          ]
        }
      ]
    },
    {
      "id": 9009601,
      "levelList": [
        {
          "level": 1,
          "name": "Прямо в солнечное сплетение",
          "desc": "",
          "coinlist": [
            {
              "coindescs": [
                {
                  "desc": "[OnSucceedAttackHead] Наносит 1 <sprite name=\"Paralysis\"><color=#e30000><u><link=\"Paralysis\">Паралич</link></u></color> на следующий ход"
                }
              ]
            }
          ]
        }
      ]
    },
    {
      "id": 9009602,
      "levelList": [
        {
          "level": 1,
          "name": "Мы все помним!",
          "desc": "[DefeatDuel] Получает 1 <sprite name=\"AttackDmgUp\"><color=#f8c200><u><link=\"AttackDmgUp\">Повышение урона</link></u></color> на следующий ход",
          "coinlist": [
            {
              "coindescs": [
                {
                  "desc": "[OnSucceedAttack] Наносит 2 <sprite name=\"Binding\"><color=#e30000><u><link=\"Binding\">Поноса</link></u></color> на следующий ход"
                }
              ]
            },
            {
              "coindescs": [
                {
                  "desc": "[OnSucceedAttack] Наносит дополнительный фиксированный урон в количестве убитых во время этой волны союзников Среднего пальца"
                }
              ]
            }
          ]
        }
      ]
    },
    {
      "id": 9009603,
      "levelList": [
        {
          "level": 1,
          "name": "Проломить череп",
          "desc": "",
          "coinlist": [
            {
              "coindescs": [
                {
                  "desc": "[OnSucceedAttack] Наносит 1 <sprite name=\"Reduction\"><color=#e30000><u><link=\"Reduction\">Понижение силы атаки</link></u></color> на следующий ход"
                }
              ]
            },
            {
              "coindescs": [
                {
                  "desc": "[OnSucceedAttack] Наносит 2 <sprite name=\"Paralysis\"><color=#e30000><u><link=\"Paralysis\">Паралича</link></u></color> на следующий ход"
                }
              ]
            }
          ]
        }
      ]
    },
    {
      "id": 9009604,
      "levelList": [
        {
          "level": 1,
          "name": "Готовность записывать",
          "desc": "[EndBattle] Если остался щит, получает 1 <sprite name=\"Enhancement\"><color=#f8c200><u><link=\"Enhancement\">Повышение силы атаки</link></u></color> на следующий ход",
          "coinlist": [
            {
              "coindescs": [
                {
                  "desc": ""
                }
              ]
            }
          ]
        }
      ]
    },
    {
      "id": 9009605,
      "levelList": [
        {
          "level": 1,
          "name": "Отмщение",
          "desc": "[DefeatDuel] Получает 1 <sprite name=\"AttackDmgUp\"><color=#f8c200><u><link=\"AttackDmgUp\">Повышение урона</link></u></color> на следующий ход",
          "coinlist": [
            {},
            {
              "coindescs": [
                {
                  "desc": "[OnSucceedAttack] Наносит 2 <sprite name=\"Paralysis\"><color=#e30000><u><link=\"Paralysis\">Паралича</link></u></color> на следующий ход"
                },
                {
                  "desc": "[OnSucceedAttackTail] Повышает границы выносливости на 8"
                }
              ]
            }
          ]
        }
      ]
    },
    {
      "id": 9009606,
      "levelList": [
        {
          "level": 1,
          "name": "Многократное воздаяние",
          "desc": "",
          "coinlist": [
            {
              "coindescs": [
                {
                  "desc": "[OnSucceedAttack] Повышает границы выносливости на 30"
                },
                {
                  "desc": "[OnSucceedAttack] Наносит 20 фиксированного урона по HP"
                },
                {
                  "desc": "[OnSucceedAttack] Наносит 3 <sprite name=\"Paralysis\"><color=#e30000><u><link=\"Paralysis\">Паралича</link></u></color> на следующий ход"
                }
              ]
            }
          ]
        }
      ]
    },
    {
      "id": 9009701,
      "levelList": [
        {
          "level": 1,
          "name": "Прямо в солнечное сплетение",
          "desc": "",
          "coinlist": [
            {
              "coindescs": [
                {
                  "desc": "[OnSucceedAttack] Наносит 1 <sprite name=\"Paralysis\"><color=#e30000><u><link=\"Paralysis\">Паралич</link></u></color> на следующий ход"
                }
              ]
            }
          ]
        }
      ]
    },
    {
      "id": 9009702,
      "levelList": [
        {
          "level": 1,
          "name": "Запишите это!",
          "desc": "[DefeatDuel] Получает 1 <sprite name=\"AttackDmgUp\"><color=#f8c200><u><link=\"AttackDmgUp\">Повышение урона</link></u></color> на следующий ход",
          "coinlist": [
            {
              "coindescs": [
                {
                  "desc": "[OnSucceedAttack] Наносит 2 <sprite name=\"AttackDmgDown\"><color=#e30000><u><link=\"AttackDmgDown\">Понижения урона</link></u></color> на следующий ход"
                }
              ]
            },
            {
              "coindescs": [
                {
                  "desc": "[OnSucceedAttack] Наносит дополнительный фиксированный урон в количестве убитых во время этой волны союзников Среднего пальца"
                }
              ]
            }
          ]
        }
      ]
    },
    {
      "id": 9009703,
      "levelList": [
        {
          "level": 1,
          "name": "Проломить череп",
          "desc": "",
          "coinlist": [
            {
              "coindescs": [
                {
                  "desc": "[OnSucceedAttack] Наносит 1 <sprite name=\"PlusCoinValueDown\"><color=#e30000><u><link=\"PlusCoinValueDown\">Ослабление положительной монеты</link></u></color> на следующий ход"
                }
              ]
            },
            {
              "coindescs": [
                {
                  "desc": "[OnSucceedAttack] Наносит 1 <sprite name=\"PlusCoinValueDown\"><color=#e30000><u><link=\"PlusCoinValueDown\">Ослабление положительной монеты</link></u></color> на следующий ход"
                }
              ]
            }
          ]
        }
      ]
    },
    {
      "id": 9009704,
      "levelList": [
        {
          "level": 1,
          "name": "Готовность записывать",
          "desc": "Если щит был снят, получает 1 <sprite name=\"Enhancement\"><color=#f8c200><u><link=\"Enhancement\">Повышение силы атаки</link></u></color> на следующий ход",
          "coinlist": [
            {
              "coindescs": [
                {
                  "desc": ""
                }
              ]
            }
          ]
        }
      ]
    },
    {
      "id": 9009705,
      "levelList": [
        {
          "level": 1,
          "name": "Отмщение",
          "desc": "[DefeatDuel] Получает 1 <sprite name=\"AttackDmgUp\"><color=#f8c200><u><link=\"AttackDmgUp\">Повышение урона</link></u></color> на следующий ход",
          "coinlist": [
            {},
            {
              "coindescs": [
                {
                  "desc": "[OnSucceedAttack] Наносит 2 <sprite name=\"Paralysis\"><color=#e30000><u><link=\"Paralysis\">Паралича</link></u></color> на следующий ход"
                },
                {
                  "desc": "[OnSucceedAttackTail] Повышает границы выносливости на 8"
                }
              ]
            }
          ]
        }
      ]
    },
    {
      "id": 9009706,
      "levelList": [
        {
          "level": 1,
          "name": "Многократное воздаяние",
          "desc": "",
          "coinlist": [
            {
              "coindescs": [
                {
                  "desc": "[OnSucceedAttack] Повышает границы выносливости на 30"
                },
                {
                  "desc": "[OnSucceedAttack] Наносит 20 фиксированного урона по HP"
                },
                {
                  "desc": "[OnSucceedAttack] Наносит 3 <sprite name=\"Paralysis\"><color=#e30000><u><link=\"Paralysis\">Паралича</link></u></color> на следующий ход"
                }
              ]
            }
          ]
        }
      ]
    }
  ]
}