﻿{
  "dataList": [
    {
      "id": 9012801,
      "levelList": [
        {
          "level": 1,
          "name": "Сдерживание нарушителей",
          "desc": "[WhenUse] Если на цели есть <sprite name=\"Laceration\"><color=#e30000><u><link=\"Laceration\">Кетчуп</link></u></color>, восстанавливает 4 SP",
          "coinlist": [
            {
              "coindescs": [
                {
                  "desc": "[OnSucceedAttack] Наносит 3 <sprite name=\"Laceration\"><color=#e30000><u><link=\"Laceration\">Кетчупа</link></u></color>"
                }
              ]
            },
            {
              "coindescs": [
                {
                  "desc": "[OnSucceedAttack] Наносит 3 <sprite name=\"Laceration\"><color=#e30000><u><link=\"Laceration\">Кетчупа</link></u></color>"
                }
              ]
            }
          ]
        }
      ]
    },
    {
      "id": 9012802,
      "levelList": [
        {
          "level": 1,
          "name": "Исполнение правил",
          "desc": "[WhenUse] Если на цели 5 и более <sprite name=\"Laceration\"><color=#e30000><u><link=\"Laceration\">Кетчупа</link></u></color>, Сила монет +1",
          "coinlist": [
            {
              "coindescs": [
                {
                  "desc": "[OnSucceedAttack] Наносит 5 <sprite name=\"Laceration\"><color=#e30000><u><link=\"Laceration\">Кетчупа</link></u></color>"
                },
                {
                  "desc": "[OnSucceedAttack] Если на цели есть <sprite name=\"Laceration\"><color=#e30000><u><link=\"Laceration\">Кетчуп</link></u></color>, восстанавливает 5 SP"
                }
              ]
            },
            {
              "coindescs": [
                {
                  "desc": "[OnSucceedAttack] Наносит 5 <sprite name=\"Laceration\"><color=#e30000><u><link=\"Laceration\">Кетчупа</link></u></color>"
                },
                {
                  "desc": "[OnSucceedAttack] Если на цели есть <sprite name=\"Laceration\"><color=#e30000><u><link=\"Laceration\">Кетчуп</link></u></color>, восстанавливает 5 SP"
                }
              ]
            }
          ]
        }
      ]
    },
    {
      "id": 9012803,
      "levelList": [
        {
          "level": 1,
          "name": "Казнь нарушителей",
          "desc": "[WinDuel] Если на цели есть <sprite name=\"Laceration\"><color=#e30000><u><link=\"Laceration\">Кетчуп</link></u></color>, получает 1 <sprite name=\"Enhancement\"><color=#f8c200><u><link=\"Enhancement\">Повышение силы атаки</link></u></color> на следующий ход",
          "coinlist": [
            {
              "coindescs": [
                {
                  "desc": "[OnSucceedAttack] Если на цели 5 и более <sprite name=\"Laceration\"><color=#e30000><u><link=\"Laceration\">Кетчупа</link></u></color>, наносит еще 20% от нанесенного урона"
                },
                {
                  "desc": "[OnSucceedAttackHead] Наносит 1 <sprite name=\"DefenseDown\"><color=#e30000><u><link=\"DefenseDown\">Понижение уровня защиты</link></u></color>"
                }
              ]
            },
            {
              "coindescs": [
                {
                  "desc": "[OnSucceedAttack] Если у цели 5 и более <sprite name=\"Laceration\"><color=#e30000><u><link=\"Laceration\">Кетчупа</link></u></color>, наносит еще 20% от нанесенного урона"
                },
                {
                  "desc": "[OnSucceedAttackHead] Наносит 1 <sprite name=\"DefenseDown\"><color=#e30000><u><link=\"DefenseDown\">Понижение уровня защиты</link></u></color>"
                }
              ]
            }
          ]
        }
      ]
    },
    {
      "id": 9012804,
      "levelList": [
        {
          "level": 1,
          "name": "Блок",
          "desc": "Если остается щит к концу хода, получает 2 <sprite name=\"AttackDmgUp\"><color=#f8c200><u><link=\"AttackDmgUp\">Повышения урона</link></u></color> на следующий ход",
          "coinlist": [
            {
              "coindescs": [
                {
                  "desc": ""
                }
              ]
            }
          ]
        }
      ]
    },
    {
      "id": 9012901,
      "levelList": [
        {
          "level": 1,
          "name": "Устранение нарушителей",
          "desc": "[WhenUse] Если на цели есть <sprite name=\"Laceration\"><color=#e30000><u><link=\"Laceration\">Кетчуп</link></u></color>, восстанавливает 4 SP",
          "coinlist": [
            {
              "coindescs": [
                {
                  "desc": "[OnSucceedAttack] Повышает счетчик <sprite name=\"Laceration\"><color=#e30000><u><link=\"Laceration\">Кетчупа</link></u></color> на 2"
                }
              ]
            },
            {
              "coindescs": [
                {
                  "desc": "[OnSucceedAttack] Повышает счетчик <sprite name=\"Laceration\"><color=#e30000><u><link=\"Laceration\">Кетчупа</link></u></color> на 2"
                }
              ]
            }
          ]
        }
      ]
    },
    {
      "id": 9012902,
      "levelList": [
        {
          "level": 1,
          "name": "Исполнение приговора",
          "desc": "[WhenUse] Если счетчик <sprite name=\"Laceration\"><color=#e30000><u><link=\"Laceration\">Кетчупа</link></u></color> цели 4 и более, Сила монет +1",
          "coinlist": [
            {
              "coindescs": [
                {
                  "desc": "[OnSucceedAttack] Повышает счетчик <sprite name=\"Laceration\"><color=#e30000><u><link=\"Laceration\">Кетчупа</link></u></color> на 2"
                },
                {
                  "desc": "[OnSucceedAttack] Если на цели есть <sprite name=\"Laceration\"><color=#e30000><u><link=\"Laceration\">Кетчуп</link></u></color>, восстанавливает 5 SP"
                }
              ]
            },
            {
              "coindescs": [
                {
                  "desc": "[OnSucceedAttack] Повышает счетчик <sprite name=\"Laceration\"><color=#e30000><u><link=\"Laceration\">Кетчупа</link></u></color> на 2"
                },
                {
                  "desc": "[OnSucceedAttack] Если на цели есть <sprite name=\"Laceration\"><color=#e30000><u><link=\"Laceration\">Кетчуп</link></u></color>, восстанавливает 5 SP"
                }
              ]
            }
          ]
        }
      ]
    },
    {
      "id": 9012903,
      "levelList": [
        {
          "level": 1,
          "name": "Наказание нарушителей",
          "desc": "[WinDuel] Если на цели есть <sprite name=\"Laceration\"><color=#e30000><u><link=\"Laceration\">Кетчуп</link></u></color>, получает 1 <sprite name=\"Enhancement\"><color=#f8c200><u><link=\"Enhancement\">Повышение силы атаки</link></u></color> на следующий ход",
          "coinlist": [
            {
              "coindescs": [
                {
                  "desc": "[OnSucceedAttack] Если счетчик <sprite name=\"Laceration\"><color=#e30000><u><link=\"Laceration\">Кетчупа</link></u></color> цели 4 и более, наносит еще 20% от нанесенного урона"
                },
                {
                  "desc": "[OnSucceedAttackHead] Наносит 1 <sprite name=\"DefenseDown\"><color=#e30000><u><link=\"DefenseDown\">Понижение уровня защиты</link></u></color>"
                }
              ]
            },
            {
              "coindescs": [
                {
                  "desc": "[OnSucceedAttack] Если счетчик <sprite name=\"Laceration\"><color=#e30000><u><link=\"Laceration\">Кетчупа</link></u></color> цели 4 и более, наносит еще 20% от нанесенного урона"
                },
                {
                  "desc": "[OnSucceedAttackHead] Наносит 1 <sprite name=\"DefenseDown\"><color=#e30000><u><link=\"DefenseDown\">Понижение уровня защиты</link></u></color>"
                }
              ]
            }
          ]
        }
      ]
    },
    {
      "id": 9012904,
      "levelList": [
        {
          "level": 1,
          "name": "Блок",
          "desc": "Если остается щит к концу хода, получает 2 <sprite name=\"AttackDmgUp\"><color=#f8c200><u><link=\"AttackDmgUp\">Повышения урона</link></u></color> на следующий ход",
          "coinlist": [
            {
              "coindescs": [
                {
                  "desc": ""
                }
              ]
            }
          ]
        }
      ]
    },
    {
      "id": 9013001,
      "levelList": [
        {
          "level": 1,
          "name": "Исполнение наказания",
          "desc": "[WinDuel] Если счетчик <sprite name=\"Laceration\"><color=#e30000><u><link=\"Laceration\">Кетчупа</link></u></color> цели 5 и более, повтороно использует атаку (Единожды)",
          "coinlist": [
            {
              "coindescs": [
                {
                  "desc": "[OnSucceedAttack] Наносит 5 <sprite name=\"Laceration\"><color=#e30000><u><link=\"Laceration\">Кетчупа</link></u></color> и повышает его счетчик на 2"
                }
              ]
            }
          ]
        }
      ]
    },
    {
      "id": 9013002,
      "levelList": [
        {
          "level": 1,
          "name": "Дисциплина нарушителей",
          "desc": "Если на цели 5 и более <sprite name=\"Laceration\"><color=#e30000><u><link=\"Laceration\">Кетчупа</link></u></color>, наносит на 30% больше урона",
          "coinlist": [
            {
              "coindescs": [
                {
                  "desc": "[OnSucceedAttack] Если на цели есть <sprite name=\"Laceration\"><color=#e30000><u><link=\"Laceration\">Кетчуп</link></u></color>, наносит 2 <sprite name=\"AttackDown\"><color=#e30000><u><link=\"AttackDown\">Понижения уровня атаки</link></u></color> на следующий ход"
                },
                {
                  "desc": "[OnSucceedAttack] Наносит 5 <sprite name=\"Laceration\"><color=#e30000><u><link=\"Laceration\">Кетчупа</link></u></color>"
                }
              ]
            },
            {
              "coindescs": [
                {
                  "desc": "[OnSucceedAttack] Наносит <sprite name=\"Burst\"><color=#e30000><u><link=\"Burst\">Зеленки</link></u></color> в количестве (<sprite name=\"Laceration\"><color=#e30000><u><link=\"Laceration\">Кетчуп</link></u></color> цели / 2)"
                },
                {
                  "desc": "[OnSucceedAttack] Если на цели есть <sprite name=\"Laceration\"><color=#e30000><u><link=\"Laceration\">Кетчуп</link></u></color>, восстанавливает 7 SP"
                }
              ]
            }
          ]
        }
      ]
    },
    {
      "id": 9013003,
      "levelList": [
        {
          "level": 1,
          "name": "Нарушенный договор",
          "desc": "Сила монет +1 за каждые 3 <sprite name=\"Laceration\"><color=#e30000><u><link=\"Laceration\">Кетчупа</link></u></color> на цели (До 3)\n[WinDuel] Если на цели 6 и более <sprite name=\"Laceration\"><color=#e30000><u><link=\"Laceration\">Кетчупа</link></u></color>, наносит на 40% больше урона",
          "coinlist": [
            {
              "coindescs": [
                {
                  "desc": "[OnSucceedAttack] Наносит 8 <sprite name=\"Laceration\"><color=#e30000><u><link=\"Laceration\">Кетчупа</link></u></color>"
                },
                {
                  "desc": "[OnSucceedAttack] Если на цели есть <sprite name=\"Laceration\"><color=#e30000><u><link=\"Laceration\">Кетчуп</link></u></color>, восстанавливает 5 SP"
                }
              ]
            },
            {
              "coindescs": [
                {
                  "desc": "[OnSucceedAttack] Наносит <sprite name=\"Burst\"><color=#e30000><u><link=\"Burst\">Зеленки</link></u></color> в количестве <sprite name=\"Laceration\"><color=#e30000><u><link=\"Laceration\">Кетчупа</link></u></color> цели"
                },
                {
                  "desc": "[OnSucceedAttack] Если на цели есть <sprite name=\"Laceration\"><color=#e30000><u><link=\"Laceration\">Кетчуп</link></u></color>, восстанавливает 10 SP"
                },
                {
                  "desc": "[OnSucceedAttackHead] Если на цели 5 и более <sprite name=\"Laceration\"><color=#e30000><u><link=\"Laceration\">Кетчупа</link></u></color>, повтороно использует атаку (Единожды)"
                }
              ]
            }
          ]
        }
      ]
    },
    {
      "id": 9013004,
      "levelList": [
        {
          "level": 1,
          "name": "Уворот",
          "desc": "[OnSucceedEvade] Получает 1 <sprite name=\"Enhancement\"><color=#f8c200><u><link=\"Enhancement\">Повышение силы атаки</link></u></color> (Единожды)",
          "coinlist": [
            {
              "coindescs": [
                {
                  "desc": ""
                }
              ]
            }
          ]
        }
      ]
    },
    {
      "id": 9013101,
      "levelList": [
        {
          "level": 1,
          "name": "Набросок",
          "desc": "",
          "coinlist": [
            {
              "coindescs": [
                {
                  "desc": "[OnSucceedAttack] Наносит 3 <sprite name=\"Laceration\"><color=#e30000><u><link=\"Laceration\">Кетчупа</link></u></color>"
                }
              ]
            },
            {
              "coindescs": [
                {
                  "desc": "[OnSucceedAttack] Наносит 3 <sprite name=\"Laceration\"><color=#e30000><u><link=\"Laceration\">Кетчупа</link></u></color>"
                }
              ]
            },
            {
              "coindescs": [
                {
                  "desc": "[OnSucceedAttack] Наносит 3 <sprite name=\"Laceration\"><color=#e30000><u><link=\"Laceration\">Кетчупа</link></u></color>"
                }
              ]
            }
          ]
        }
      ]
    },
    {
      "id": 9013102,
      "levelList": [
        {
          "level": 1,
          "name": "Мазок кисти",
          "desc": "Базовая сила +2 против целей с 5 и более <sprite name=\"Laceration\"><color=#e30000><u><link=\"Laceration\">Кетчупа</link></u></color>",
          "coinlist": [
            {
              "coindescs": [
                {
                  "desc": "[OnSucceedAttack] Наносит 5 <sprite name=\"Laceration\"><color=#e30000><u><link=\"Laceration\">Кетчупа</link></u></color>"
                },
                {
                  "desc": "[OnSucceedAttack] Если на цели есть <sprite name=\"Laceration\"><color=#e30000><u><link=\"Laceration\">Кетчуп</link></u></color>, восстанавливает 5 SP"
                }
              ]
            },
            {
              "coindescs": [
                {
                  "desc": "[OnSucceedAttack] Наносит 5 <sprite name=\"Laceration\"><color=#e30000><u><link=\"Laceration\">Кетчупа</link></u></color>"
                },
                {
                  "desc": "[OnSucceedAttack] Если на цели есть <sprite name=\"Laceration\"><color=#e30000><u><link=\"Laceration\">Кетчуп</link></u></color>, восстанавливает 5 SP"
                }
              ]
            },
            {
              "coindescs": [
                {
                  "desc": "[OnSucceedAttack] Наносит <sprite name=\"Burst\"><color=#e30000><u><link=\"Burst\">Зеленки</link></u></color> в количестве <sprite name=\"Laceration\"><color=#e30000><u><link=\"Laceration\">Кетчупа</link></u></color> цели"
                }
              ]
            }
          ]
        }
      ]
    },
    {
      "id": 9013103,
      "levelList": [
        {
          "level": 1,
          "name": "Кровавые точки",
          "desc": "[WinDuel] Если на цели есть <sprite name=\"Laceration\"><color=#e30000><u><link=\"Laceration\">Кетчуп</link></u></color>, получает 1 <sprite name=\"Enhancement\"><color=#f8c200><u><link=\"Enhancement\">Повышение силы атаки</link></u></color> на следующий ход",
          "coinlist": [
            {
              "coindescs": [
                {
                  "desc": "[OnSucceedAttack] Если на цели 5 и более <sprite name=\"Laceration\"><color=#e30000><u><link=\"Laceration\">Кетчупа</link></u></color>, наносит еще 20% от нанесенного урона"
                },
                {
                  "desc": "[OnSucceedAttackHead] Наносит 1 <sprite name=\"DefenseDown\"><color=#e30000><u><link=\"DefenseDown\">Понижение уровня защиты</link></u></color>"
                }
              ]
            },
            {
              "coindescs": [
                {
                  "desc": "[OnSucceedAttack] Если на цели 5 и более <sprite name=\"Laceration\"><color=#e30000><u><link=\"Laceration\">Кетчупа</link></u></color>, наносит еще 20% от нанесенного урона"
                },
                {
                  "desc": "[OnSucceedAttackHead] Наносит 1 <sprite name=\"DefenseDown\"><color=#e30000><u><link=\"DefenseDown\">Понижение уровня защиты</link></u></color>"
                }
              ]
            },
            {
              "coindescs": [
                {
                  "desc": "[OnSucceedAttack] Если на цели 5 и более <sprite name=\"Laceration\"><color=#e30000><u><link=\"Laceration\">Кетчупа</link></u></color>, заново использует атаку (Единожды)"
                },
                {
                  "desc": "[OnSucceedAttackHead] Наносит 2 <sprite name=\"DefenseDown\"><color=#e30000><u><link=\"DefenseDown\">Понижения уровня защиты</link></u></color>"
                }
              ]
            }
          ]
        }
      ]
    },
    {
      "id": 9013104,
      "levelList": [
        {
          "level": 1,
          "name": "Блок",
          "desc": "Если остается щит к концу хода, получает 3 <sprite name=\"AttackDmgUp\"><color=#f8c200><u><link=\"AttackDmgUp\">Повышения урона</link></u></color> на следующий ход",
          "coinlist": [
            {
              "coindescs": [
                {
                  "desc": ""
                }
              ]
            }
          ]
        }
      ]
    },
    {
      "id": 9013201,
      "levelList": [
        {
          "level": 1,
          "name": "Линейный рисунок",
          "desc": "",
          "coinlist": [
            {
              "coindescs": [
                {
                  "desc": "[OnSucceedAttack] Повышает счетчик <sprite name=\"Laceration\"><color=#e30000><u><link=\"Laceration\">Кетчупа</link></u></color> на 2"
                }
              ]
            },
            {
              "coindescs": [
                {
                  "desc": "[OnSucceedAttack] Повышает счетчик <sprite name=\"Laceration\"><color=#e30000><u><link=\"Laceration\">Кетчупа</link></u></color> на 2"
                }
              ]
            },
            {
              "coindescs": [
                {
                  "desc": "[OnSucceedAttack] Повышает счетчик <sprite name=\"Laceration\"><color=#e30000><u><link=\"Laceration\">Кетчупа</link></u></color> на 2"
                }
              ]
            }
          ]
        }
      ]
    },
    {
      "id": 9013202,
      "levelList": [
        {
          "level": 1,
          "name": "Штрих",
          "desc": "Базовая сила +2 против целей с 5 и более <sprite name=\"Laceration\"><color=#e30000><u><link=\"Laceration\">Кетчупа</link></u></color>",
          "coinlist": [
            {
              "coindescs": [
                {
                  "desc": "[OnSucceedAttack] Повышает счетчик <sprite name=\"Laceration\"><color=#e30000><u><link=\"Laceration\">Кетчупа</link></u></color> на 2"
                },
                {
                  "desc": "[OnSucceedAttack] Если на цели есть <sprite name=\"Laceration\"><color=#e30000><u><link=\"Laceration\">Кетчуп</link></u></color>, восстанавливает 5 SP"
                }
              ]
            },
            {
              "coindescs": [
                {
                  "desc": "[OnSucceedAttack] Повышает счетчик <sprite name=\"Laceration\"><color=#e30000><u><link=\"Laceration\">Кетчупа</link></u></color> на 2"
                },
                {
                  "desc": "[OnSucceedAttack] Если на цели есть <sprite name=\"Laceration\"><color=#e30000><u><link=\"Laceration\">Кетчуп</link></u></color>, восстанавливает 5 SP"
                }
              ]
            },
            {
              "coindescs": [
                {
                  "desc": "[OnSucceedAttack] Наносит <sprite name=\"Burst\"><color=#e30000><u><link=\"Burst\">Зеленки</link></u></color> в количестве <sprite name=\"Laceration\"><color=#e30000><u><link=\"Laceration\">Кетчупа</link></u></color> цели"
                }
              ]
            }
          ]
        }
      ]
    },
    {
      "id": 9013203,
      "levelList": [
        {
          "level": 1,
          "name": "Кровавые точки",
          "desc": "[WinDuel] Если на цели есть <sprite name=\"Laceration\"><color=#e30000><u><link=\"Laceration\">Кетчуп</link></u></color>, получает 1 <sprite name=\"Enhancement\"><color=#f8c200><u><link=\"Enhancement\">Повышение силы атаки</link></u></color> на следующий ход",
          "coinlist": [
            {
              "coindescs": [
                {
                  "desc": "[OnSucceedAttack] Если счетчик <sprite name=\"Laceration\"><color=#e30000><u><link=\"Laceration\">Кетчупа</link></u></color> цели 4 и более, наносит еще 20% от нанесенного урона"
                },
                {
                  "desc": "[OnSucceedAttackHead] Наносит 1 <sprite name=\"DefenseDown\"><color=#e30000><u><link=\"DefenseDown\">Понижение уровня защиты</link></u></color>"
                }
              ]
            },
            {
              "coindescs": [
                {
                  "desc": "[OnSucceedAttack] Если счетчик <sprite name=\"Laceration\"><color=#e30000><u><link=\"Laceration\">Кетчупа</link></u></color> цели 4 и более, наносит еще 20% от нанесенного урона"
                },
                {
                  "desc": "[OnSucceedAttackHead] Наносит 1 <sprite name=\"DefenseDown\"><color=#e30000><u><link=\"DefenseDown\">Понижение уровня защиты</link></u></color>"
                }
              ]
            },
            {
              "coindescs": [
                {
                  "desc": "[OnSucceedAttack] Если счетчик <sprite name=\"Laceration\"><color=#e30000><u><link=\"Laceration\">Кетчупа</link></u></color> цели 4 и более, заново использует атаку (Единожды)"
                },
                {
                  "desc": "[OnSucceedAttackHead] Наносит 2 <sprite name=\"DefenseDown\"><color=#e30000><u><link=\"DefenseDown\">Понижения уровня защиты</link></u></color>"
                }
              ]
            }
          ]
        }
      ]
    },
    {
      "id": 9013204,
      "levelList": [
        {
          "level": 1,
          "name": "Блок",
          "desc": "Если остается щит к концу хода, получает 3 <sprite name=\"AttackDmgUp\"><color=#f8c200><u><link=\"AttackDmgUp\">Повышения урона</link></u></color> на следующий ход",
          "coinlist": [
            {
              "coindescs": [
                {
                  "desc": ""
                }
              ]
            }
          ]
        }
      ]
    },
    {
      "id": 9013301,
      "levelList": [
        {
          "level": 1,
          "name": "Окрашивание",
          "desc": "[WinDuel] Если на цели 5 и более <sprite name=\"Laceration\"><color=#e30000><u><link=\"Laceration\">Кетчупа</link></u></color>, заново использует атаку (Единожды)",
          "coinlist": [
            {
              "coindescs": [
                {
                  "desc": "[OnSucceedAttack] Наносит 3 <sprite name=\"Laceration\"><color=#e30000><u><link=\"Laceration\">Кетчупа</link></u></color>"
                }
              ]
            },
            {
              "coindescs": [
                {
                  "desc": "[OnSucceedAttack] Наносит 3 <sprite name=\"Laceration\"><color=#e30000><u><link=\"Laceration\">Кетчупа</link></u></color>"
                }
              ]
            },
            {
              "coindescs": [
                {
                  "desc": "[OnSucceedAttack] Повышает счетчик <sprite name=\"Laceration\"><color=#e30000><u><link=\"Laceration\">Кетчупа</link></u></color> на 4"
                }
              ]
            }
          ]
        }
      ]
    },
    {
      "id": 9013302,
      "levelList": [
        {
          "level": 1,
          "name": "Кровавый пуантилизм",
          "desc": "Наносит на 30% больше урона против целей с 5 и более <sprite name=\"Laceration\"><color=#e30000><u><link=\"Laceration\">Кетчупа</link></u></color>",
          "coinlist": [
            {
              "coindescs": [
                {
                  "desc": "[OnSucceedAttack] Если на цели есть <sprite name=\"Laceration\"><color=#e30000><u><link=\"Laceration\">Кетчуп</link></u></color>, наносит 2 <sprite name=\"AttackDown\"><color=#e30000><u><link=\"AttackDown\">Понижения уровня атаки</link></u></color> на следующий ход"
                },
                {
                  "desc": "[OnSucceedAttack] Наносит 5 <sprite name=\"Laceration\"><color=#e30000><u><link=\"Laceration\">Кетчупа</link></u></color>"
                }
              ]
            },
            {
              "coindescs": [
                {
                  "desc": "[OnSucceedAttack] Наносит 3 <sprite name=\"AttackDown\"><color=#e30000><u><link=\"AttackDown\">Понижения уровня атаки</link></u></color> на следующий ход"
                },
                {
                  "desc": "[OnSucceedAttack] Наносит 5 <sprite name=\"Laceration\"><color=#e30000><u><link=\"Laceration\">Кетчупа</link></u></color>"
                }
              ]
            },
            {
              "coindescs": [
                {
                  "desc": "[OnSucceedAttack] Наносит <sprite name=\"Burst\"><color=#e30000><u><link=\"Burst\">Зеленки</link></u></color> в количестве <sprite name=\"Laceration\"><color=#e30000><u><link=\"Laceration\">Кетчупа</link></u></color> цели"
                }
              ]
            }
          ]
        }
      ]
    },
    {
      "id": 9013303,
      "levelList": [
        {
          "level": 1,
          "name": "Пуантилизм",
          "desc": "Сила монет +1 за каждые 3 <sprite name=\"Laceration\"><color=#e30000><u><link=\"Laceration\">Кетчупа</link></u></color> на цели (До 4)\n[WinDuel] Если на цели 6 и более <sprite name=\"Laceration\"><color=#e30000><u><link=\"Laceration\">Кетчупа</link></u></color>, наносит на 40% больше урона",
          "coinlist": [
            {
              "coindescs": [
                {
                  "desc": "[OnSucceedAttack] Наносит 10 <sprite name=\"Laceration\"><color=#e30000><u><link=\"Laceration\">Кетчупа</link></u></color>"
                }
              ]
            },
            {
              "coindescs": [
                {
                  "desc": "[OnSucceedAttack] Повышает счетчик <sprite name=\"Burst\"><color=#e30000><u><link=\"Burst\">Зеленки</link></u></color> на количество счетчика <sprite name=\"Laceration\"><color=#e30000><u><link=\"Laceration\">Кетчупа</link></u></color> цели"
                }
              ]
            },
            {
              "coindescs": [
                {
                  "desc": "[OnSucceedAttack] Наносит <sprite name=\"Burst\"><color=#e30000><u><link=\"Burst\">Зеленки</link></u></color> в количестве <sprite name=\"Laceration\"><color=#e30000><u><link=\"Laceration\">Кетчупа</link></u></color> цели"
                }
              ]
            }
          ]
        }
      ]
    },
    {
      "id": 9013304,
      "levelList": [
        {
          "level": 1,
          "name": "Кровавая долина",
          "desc": "[WinDuel] Если на цели есть <sprite name=\"Laceration\"><color=#e30000><u><link=\"Laceration\">Кетчуп</link></u></color>, получает 1 <sprite name=\"Enhancement\"><color=#f8c200><u><link=\"Enhancement\">Повышение силы атаки</link></u></color> на следующий ход\n- Если на цели 10 и более <sprite name=\"Laceration\"><color=#e30000><u><link=\"Laceration\">Кетчупа</link></u></color>, получает еще 1 <sprite name=\"Enhancement\"><color=#f8c200><u><link=\"Enhancement\">Повышение силы атаки</link></u></color> на следующий ход",
          "coinlist": [
            {
              "coindescs": [
                {
                  "desc": "[OnSucceedAttack] Наносит 2 <sprite name=\"DefenseDown\"><color=#e30000><u><link=\"DefenseDown\">Понижения уровня защиты</link></u></color>"
                }
              ]
            },
            {
              "coindescs": [
                {
                  "desc": "[OnSucceedAttack] Наносит 2 <sprite name=\"DefenseDown\"><color=#e30000><u><link=\"DefenseDown\">Понижения уровня защиты</link></u></color>"
                }
              ]
            },
            {
              "coindescs": [
                {
                  "desc": "[OnSucceedAttack] Если на цели 5 и более <sprite name=\"Laceration\"><color=#e30000><u><link=\"Laceration\">Кетчупа</link></u></color>, заново использует атаку (До 3 раз)"
                },
                {
                  "desc": "[OnSucceedAttack] Уменьшает счетчик <sprite name=\"Laceration\"><color=#e30000><u><link=\"Laceration\">Кетчупа</link></u></color> на 1"
                },
                {
                  "desc": "[OnSucceedAttackHead] Наносит 2 <sprite name=\"DefenseDown\"><color=#e30000><u><link=\"DefenseDown\">Понижения уровня защиты</link></u></color>"
                }
              ]
            }
          ]
        }
      ]
    },
    {
      "id": 9013305,
      "levelList": [
        {
          "level": 1,
          "name": "Уворот",
          "desc": "[OnSucceedEvade] Получает 1 <sprite name=\"Enhancement\"><color=#f8c200><u><link=\"Enhancement\">Повышение силы атаки</link></u></color> (До 2)",
          "coinlist": [
            {
              "coindescs": [
                {
                  "desc": ""
                }
              ]
            }
          ]
        }
      ]
    },
    {
      "id": 9013501,
      "levelList": [
        {
          "level": 1,
          "name": "Normal Attack 1",
          "desc": "",
          "coinlist": [
            {
              "coindescs": [
                {
                  "desc": "[OnSucceedAttack] Наносит 1 <sprite name=\"AttackDown\"><color=#e30000><u><link=\"AttackDown\">Понижение уровня атаки</link></u></color> на следующий ход"
                }
              ]
            },
            {
              "coindescs": [
                {
                  "desc": "[OnSucceedAttack] Наносит 1 <sprite name=\"AttackDown\"><color=#e30000><u><link=\"AttackDown\">Понижение уровня атаки</link></u></color> на следующий ход"
                },
                {
                  "desc": "[OnSucceedAttackHead] Наносит 2 <sprite name=\"Paralysis\"><color=#e30000><u><link=\"Paralysis\">Паралича</link></u></color>"
                }
              ]
            }
          ]
        }
      ]
    },
    {
      "id": 9013502,
      "levelList": [
        {
          "level": 1,
          "name": "Normal Attack 2",
          "desc": "[WhenUse] Если у цели есть <sprite name=\"AttackDown\"><color=#e30000><u><link=\"AttackDown\">Понижение уровня атаки</link></u></color>, наносит на 20% больше урона",
          "coinlist": [
            {
              "coindescs": [
                {
                  "desc": "[OnSucceedAttack] Наносит 1 <sprite name=\"HitResistDown\"><color=#e30000><u><link=\"HitResistDown\">Понижение сопротивления к Дробящему урону</link></u></color>"
                }
              ]
            },
            {
              "coindescs": [
                {
                  "desc": "[OnSucceedAttack] Наносит 1 <sprite name=\"HitResistDown\"><color=#e30000><u><link=\"HitResistDown\">Понижение сопротивления к Дробящему урону</link></u></color>"
                },
                {
                  "desc": "[OnSucceedAttackHead] Наносит 1 <sprite name=\"DefenseDown\"><color=#e30000><u><link=\"DefenseDown\">Понижение уровня защиты</link></u></color> на следующий ход"
                }
              ]
            }
          ]
        }
      ]
    },
    {
      "id": 9013503,
      "levelList": [
        {
          "level": 1,
          "name": "Normal Attack 3",
          "desc": "[WhenUse] Если у цели 2 и более <sprite name=\"AttackDown\"><color=#e30000><u><link=\"AttackDown\">Понижения уровня атаки</link></u></color>, Сила столкновения +1",
          "coinlist": [
            {
              "coindescs": [
                {
                  "desc": "[OnSucceedAttack] Наносит 1 <sprite name=\"Vulnerable\"><color=#e30000><u><link=\"Vulnerable\">Уязвимость</link></u></color>"
                },
                {
                  "desc": "[OnSucceedAttack] Наносит 2 <sprite name=\"Binding\"><color=#e30000><u><link=\"Binding\">Поноса</link></u></color> на следующий ход"
                }
              ]
            },
            {
              "coindescs": [
                {
                  "desc": "[OnSucceedAttack] Восстанавливает 4 SP"
                },
                {
                  "desc": "[OnSucceedAttack] Наносит 2 <sprite name=\"DefenseDown\"><color=#e30000><u><link=\"DefenseDown\">Понижения уровня защиты</link></u></color>"
                }
              ]
            },
            {
              "coindescs": [
                {
                  "desc": "[OnSucceedAttack] Восстанавливает 4 SP"
                },
                {
                  "desc": "[OnSucceedAttack] Наносит 2 <sprite name=\"DefenseDown\"><color=#e30000><u><link=\"DefenseDown\">Понижения уровня защиты</link></u></color>"
                }
              ]
            },
            {
              "coindescs": [
                {
                  "desc": "[OnSucceedAttack] Восстанавливает 4 SP"
                },
                {
                  "desc": "[OnSucceedAttack] Наносит 2 <sprite name=\"DefenseDown\"><color=#e30000><u><link=\"DefenseDown\">Понижения уровня защиты</link></u></color>"
                }
              ]
            }
          ]
        }
      ]
    },
    {
      "id": 9013504,
      "levelList": [
        {
          "level": 1,
          "name": "Normal Attack 4",
          "desc": "Выбирает цели с наибольшим количеством отрицательных эффектов\n[WhenUse] Сила в столкновении +1 за каждые 3 <sprite name=\"DefenseDown\"><color=#e30000><u><link=\"DefenseDown\">Понижения уровня защиты</link></u></color> на цели (До 3)",
          "coinlist": [
            {
              "coindescs": [
                {
                  "desc": "[OnSucceedAttack] Наносит 1 <sprite name=\"Vulnerable\"><color=#e30000><u><link=\"Vulnerable\">Уязвимость</link></u></color>"
                },
                {
                  "desc": "[OnSucceedAttack] Наносит 1 <sprite name=\"Vulnerable\"><color=#e30000><u><link=\"Vulnerable\">Уязвимость</link></u></color> на следующий ход"
                },
                {
                  "desc": "[OnSucceedAttack] Наносит 2 <sprite name=\"Paralysis\"><color=#e30000><u><link=\"Paralysis\">Паралича</link></u></color> на следующий ход"
                }
              ]
            },
            {
              "coindescs": [
                {
                  "desc": "[OnSucceedAttack] Наносит на 20% больше урона за каждые 2 <sprite name=\"AttackDown\"><color=#e30000><u><link=\"AttackDown\">Понижения уровня атаки</link></u></color> на цели (максимум 100%)"
                },
                {
                  "desc": "[OnSucceedAttackHead] Если на цели 3 и более отрицательных эффекта, заново подкидывает монету (Единожды)"
                }
              ]
            }
          ]
        }
      ]
    },
    {
      "id": 9013505,
      "levelList": [
        {
          "level": 1,
          "name": "Контратака",
          "desc": "Если на цели есть <sprite name=\"Vulnerable\"><color=#e30000><u><link=\"Vulnerable\">Уязвимость</link></u></color>, Базовая сила +1",
          "coinlist": [
            {
              "coindescs": [
                {
                  "desc": ""
                }
              ]
            }
          ]
        }
      ]
    },
    {
      "id": 9101501,
      "levelList": [
        {
          "level": 1,
          "name": "Проклятые плебеи...!",
          "desc": "",
          "coinlist": [
            {
              "coindescs": [
                {
                  "desc": "[OnSucceedAttack] Получает 1 <sprite name=\"AttackUp\"><color=#f8c200><u><link=\"AttackUp\">Повышение уровня атаки</link></u></color> в следующий ход"
                }
              ]
            },
            {
              "coindescs": [
                {
                  "desc": "[OnSucceedAttack] Получает 1 <sprite name=\"AttackUp\"><color=#f8c200><u><link=\"AttackUp\">Повышение уровня атаки</link></u></color> в следующий ход"
                }
              ]
            }
          ]
        }
      ]
    },
    {
      "id": 9101502,
      "levelList": [
        {
          "level": 1,
          "name": "Я сотру тебя",
          "desc": "[WinDuel] Базовая сила +1",
          "coinlist": [
            {
              "coindescs": [
                {
                  "desc": "[OnSucceedAttack] Если у цели есть <sprite name=\"AttackDown\"><color=#e30000><u><link=\"AttackDown\">Понижение уровня атаки</link></u></color>, наносит еще 20% от нанесенного урона Дробящим уроном"
                }
              ]
            },
            {
              "coindescs": [
                {
                  "desc": "[OnSucceedAttack] Если у цели есть <sprite name=\"AttackDown\"><color=#e30000><u><link=\"AttackDown\">Понижение уровня атаки</link></u></color>, наносит еще 20% от нанесенного урона Дробящим уроном"
                }
              ]
            }
          ]
        }
      ]
    },
    {
      "id": 9101503,
      "levelList": [
        {
          "level": 1,
          "name": "Снова все исправить",
          "desc": "[WinDuel] Если у цели 2 и более <sprite name=\"AttackDown\"><color=#e30000><u><link=\"AttackDown\">Понижения уровня атаки</link></u></color>, Базовая сила +1\n[WhenUse] Если у цели есть <sprite name=\"AttackDown\"><color=#e30000><u><link=\"AttackDown\">Понижение уровня атаки</link></u></color>, наносит на 30% больше урона",
          "coinlist": [
            {},
            {
              "coindescs": [
                {
                  "desc": "[OnSucceedAttack] Восстанавливает 4 SP"
                }
              ]
            },
            {
              "coindescs": [
                {
                  "desc": "[OnSucceedAttack] Восстанавливает 4 SP"
                }
              ]
            },
            {
              "coindescs": [
                {
                  "desc": "[OnSucceedAttack] Восстанавливает 4 SP"
                }
              ]
            }
          ]
        }
      ]
    },
    {
      "id": 9101504,
      "levelList": [
        {
          "level": 1,
          "name": "Раздавлю",
          "desc": "Выбирает цели с наибольшим количеством отрицательных эффектов\n[WinDuel] Сила монет +1 за каждые 3 <sprite name=\"AttackDown\"><color=#e30000><u><link=\"AttackDown\">Понижения уровня атаки</link></u></color> цели (До 3)",
          "coinlist": [
            {
              "coindescs": [
                {
                  "desc": "[OnSucceedAttack] Наносит 1 <sprite name=\"Vulnerable\"><color=#e30000><u><link=\"Vulnerable\">Уязвимость</link></u></color>"
                },
                {
                  "desc": "[OnSucceedAttack] Наносит 1 <sprite name=\"Vulnerable\"><color=#e30000><u><link=\"Vulnerable\">Уязвимость</link></u></color> на следующий ход"
                },
                {
                  "desc": "[OnSucceedAttack] Наносит 2 <sprite name=\"Paralysis\"><color=#e30000><u><link=\"Paralysis\">Паралича</link></u></color> на следующий ход"
                }
              ]
            },
            {
              "coindescs": [
                {
                  "desc": "[OnSucceedAttack] На 30% больше урона за каждые 2 <sprite name=\"AttackDown\"><color=#e30000><u><link=\"AttackDown\">Понижения уровня атаки</link></u></color> на цели (До 120%)"
                },
                {
                  "desc": "[OnSucceedAttackHead] Если на цели 3 и более отрицательных эффекта, заново подкидывает монету (Единожды)"
                }
              ]
            }
          ]
        }
      ]
    },
    {
      "id": 9101505,
      "levelList": [
        {
          "level": 1,
          "name": "Блок",
          "desc": "[StartBattle] Получает еще 20 HP щита за каждого живого союзника",
          "coinlist": [
            {
              "coindescs": [
                {
                  "desc": ""
                }
              ]
            }
          ]
        }
      ]
    },
    {
      "id": 9101601,
      "levelList": [
        {
          "level": 1,
          "name": "Удар битой",
          "desc": "",
          "coinlist": [
            {
              "coindescs": [
                {
                  "desc": "[OnSucceedAttack] Повышает счетчик <sprite name=\"Burst\"><color=#e30000><u><link=\"Burst\">Зеленки</link></u></color> на 3"
                }
              ]
            },
            {
              "coindescs": [
                {
                  "desc": "[OnSucceedAttack] Наносит 3 <sprite name=\"Burst\"><color=#e30000><u><link=\"Burst\">Зеленки</link></u></color>"
                }
              ]
            }
          ]
        }
      ]
    },
    {
      "id": 9101602,
      "levelList": [
        {
          "level": 1,
          "name": "Избиение",
          "desc": "[WinDuel] Получает 1 <sprite name=\"Enhancement\"><color=#f8c200><u><link=\"Enhancement\">Повышение силы атаки</link></u></color> и 1 <sprite name=\"AttackDmgUp\"><color=#f8c200><u><link=\"AttackDmgUp\">Повышение урона</link></u></color> на следующий ход",
          "coinlist": [
            {
              "coindescs": [
                {
                  "desc": "[OnSucceedAttack] Повышает счетчик <sprite name=\"Burst\"><color=#e30000><u><link=\"Burst\">Зеленки</link></u></color> на 3"
                }
              ]
            },
            {
              "coindescs": [
                {
                  "desc": "[OnSucceedAttack] Наносит 3 <sprite name=\"Burst\"><color=#e30000><u><link=\"Burst\">Зеленки</link></u></color>"
                }
              ]
            },
            {
              "coindescs": [
                {
                  "desc": "[OnSucceedAttack] Наносит 3 <sprite name=\"Laceration\"><color=#e30000><u><link=\"Laceration\">Кетчупа</link></u></color>"
                },
                {
                  "desc": "[OnSucceedAttack] Наносит <sprite name=\"Laceration\"><color=#e30000><u><link=\"Laceration\">Кетчуп</link></u></color> в количестве <sprite name=\"Burst\"><color=#e30000><u><link=\"Burst\">Зеленок</link></u></color> цели"
                }
              ]
            }
          ]
        }
      ]
    },
    {
      "id": 9101603,
      "levelList": [
        {
          "level": 1,
          "name": "Взбучка",
          "desc": "Сила в столкновении +1 против целей с 5 и более <sprite name=\"Burst\"><color=#e30000><u><link=\"Burst\">Зеленкеи</link></u></color>\nСила в столкновении +1 против целей с 5 и более <sprite name=\"Laceration\"><color=#e30000><u><link=\"Laceration\">Кетчупа</link></u></color>\n[WinDuel] Повышает счетчик <sprite name=\"Burst\"><color=#e30000><u><link=\"Burst\">Зеленок</link></u></color> на 3",
          "coinlist": [
            {
              "coindescs": [
                {
                  "desc": "[OnSucceedAttackHead] Следующая монета получает +1 к своей силе"
                }
              ]
            },
            {
              "coindescs": [
                {
                  "desc": "[OnSucceedAttackHead] Следующая монета получает +2 к своей силе"
                }
              ]
            },
            {
              "coindescs": [
                {
                  "desc": "[OnSucceedAttack] Наносит 3 <sprite name=\"Paralysis\"><color=#e30000><u><link=\"Paralysis\">Паралича</link></u></color> на следующий ход"
                },
                {
                  "desc": "[OnSucceedAttack] Наносит дополнительный Пронзающий урон в количестве (Сила × счетчик <sprite name=\"Laceration\"><color=#e30000><u><link=\"Laceration\">Кетчуп</link></u></color> цели)"
                }
              ]
            }
          ]
        }
      ]
    },
    {
      "id": 9101604,
      "levelList": [
        {
          "level": 1,
          "name": "Блок",
          "desc": "[WhenUse] Получите 1 <sprite name=\"Enhancement\"><color=#f8c200><u><link=\"Enhancement\">Повышение силы атаки</link></u></color> на следующий ход",
          "coinlist": [
            {
              "coindescs": [
                {
                  "desc": ""
                }
              ]
            }
          ]
        }
      ]
    },
    {
      "id": 9101605,
      "levelList": [
        {
          "level": 1,
          "name": "Контратака",
          "desc": "[WhenUse] Получите 1 <sprite name=\"Enhancement\"><color=#f8c200><u><link=\"Enhancement\">Повышение силы атаки</link></u></color> на следующий ход",
          "coinlist": [
            {
              "coindescs": [
                {
                  "desc": ""
                }
              ]
            }
          ]
        }
      ]
    }
  ]
}