{
  "dataList": [
    {
      "id": 2070511,
      "levelList": [
        {
          "level": 1,
          "name": "Праздник",
          "abName": "Сан-адольф",
          "desc": "",
          "coinlist": [
            {
              "coindescs": [
                {
                  "desc": "[OnSucceedAttackHead] Наносит 1 <sprite name=\"Combustion\"><color=#e30000><u><link=\"Combustion\">Изжога</link></u></color>, <sprite name=\"Laceration\"><color=#e30000><u><link=\"Laceration\">Кетчуп</link></u></color>, <sprite name=\"Vibration\"><color=#e30000><u><link=\"Vibration\">Тряска</link></u></color>, <sprite name=\"Burst\"><color=#e30000><u><link=\"Burst\">Зеленка</link></u></color> или <sprite name=\"Sinking\"><color=#e30000><u><link=\"Sinking\">Депрессию</link></u></color> на следующий ход\n- Повторяет эффект (2 + (Число грехов в наибольшем абсолютном резонансе Чревоугодия)) раз (До 5)<style=\"highlight\"></style>"
                }
              ]
            }
          ]
        },
        {
          "level": 3,
          "name": "Праздник",
          "abName": "Сан-адольф",
          "desc": "",
          "coinlist": [
            {
              "coindescs": [
                {
                  "desc": "[OnSucceedAttackHead] Наносит 1 <sprite name=\"Combustion\"><color=#e30000><u><link=\"Combustion\">Изжога</link></u></color>, <sprite name=\"Laceration\"><color=#e30000><u><link=\"Laceration\">Кетчуп</link></u></color>, <sprite name=\"Vibration\"><color=#e30000><u><link=\"Vibration\">Тряска</link></u></color>, <sprite name=\"Burst\"><color=#e30000><u><link=\"Burst\">Зеленка</link></u></color> или <sprite name=\"Sinking\"><color=#e30000><u><link=\"Sinking\">Депрессию</link></u></color> на следующий ход\n- Повторяет эффект (2 + (Число грехов в наибольшем абсолютном резонансе Чревоугодия)) раз (До 5)<style=\"highlight\"></style>"
                },
                {
                  "desc": "[EnemyKill] Дает двум случайным союзникам 1 счетчик <sprite name=\"Breath\"><color=#f8c200><u><link=\"Breath\">Кумара</link></u></color>, счетчик <sprite name=\"Charge\"><color=#f8c200><u><link=\"Charge\">Солей</link></u></color>, <sprite name=\"Agility\"><color=#f8c200><u><link=\"Agility\">Спешку</link></u></color>, <sprite name=\"AttackUp\"><color=#f8c200><u><link=\"AttackUp\">Повышение уровня атаки</link></u></color> или <sprite name=\"DefenseUp\"><color=#f8c200><u><link=\"DefenseUp\">Повышение уровня защиты</link></u></color> на следующий ход<style=\"highlight\"></style>"
                }
              ]
            }
          ]
        },
        {
          "level": 4,
          "name": "Праздник",
          "abName": "Сан-адольф",
          "desc": "",
          "coinlist": [
            {
              "coindescs": [
                {
                  "desc": "<style=\"highlight\">[OnSucceedAttack]</style> Наносит 1 <sprite name=\"Combustion\"><color=#e30000><u><link=\"Combustion\">Изжога</link></u></color>, <sprite name=\"Laceration\"><color=#e30000><u><link=\"Laceration\">Кетчуп</link></u></color>, <sprite name=\"Vibration\"><color=#e30000><u><link=\"Vibration\">Тряска</link></u></color>, <sprite name=\"Burst\"><color=#e30000><u><link=\"Burst\">Зеленка</link></u></color> или <sprite name=\"Sinking\"><color=#e30000><u><link=\"Sinking\">Депрессию</link></u></color> на следующий ход\n- Повторяет эффект (2 + (Число грехов в наибольшем абсолютном резонансе Чревоугодия)) раз (До <style=\"highlight\">7</style>)"
                },
                {
                  "desc": "[EnemyKill] Дает двум случайным союзникам <style=\"highlight\">2</style> счетчика <sprite name=\"Breath\"><color=#f8c200><u><link=\"Breath\">Кумара</link></u></color>, счетчика <sprite name=\"Charge\"><color=#f8c200><u><link=\"Charge\">Солей</link></u></color>, <sprite name=\"Agility\"><color=#f8c200><u><link=\"Agility\">Спешки</link></u></color>, <sprite name=\"AttackUp\"><color=#f8c200><u><link=\"AttackUp\">Повышения уровня атаки</link></u></color> или <sprite name=\"DefenseUp\"><color=#f8c200><u><link=\"DefenseUp\">Повышения уровня защиты</link></u></color> на следующий ход"
                }
              ]
            }
          ]
        }
      ]
    },
    {
      "id": 2070521,
      "levelList": [
        {
          "level": 1,
          "name": "Праздник",
          "abName": "Сан-адольф",
          "desc": "[CantIdentify]\nАтакует цели с наибольшей SP\n[BeforeAttack] Цели теряют 10 SP<style=\"highlight\"></style>",
          "coinlist": [
            {
              "coindescs": [
                {
                  "desc": "[OnSucceedAttack] Наносит 1 <sprite name=\"Combustion\"><color=#e30000><u><link=\"Combustion\">Изжога</link></u></color>, <sprite name=\"Laceration\"><color=#e30000><u><link=\"Laceration\">Кетчуп</link></u></color>, <sprite name=\"Vibration\"><color=#e30000><u><link=\"Vibration\">Тряска</link></u></color>, <sprite name=\"Burst\"><color=#e30000><u><link=\"Burst\">Зеленка</link></u></color> или <sprite name=\"Sinking\"><color=#e30000><u><link=\"Sinking\">Депрессию</link></u></color> на следующий ход\n- Повторяет эффект (2 + (Число грехов в наибольшем абсолютном резонансе Чревоугодия)) раз (До 7)<style=\"highlight\"></style>"
                }
              ]
            }
          ]
        },
        {
          "level": 3,
          "name": "Праздник",
          "abName": "Сан-адольф",
          "desc": "[CantIdentify]\nАтакует цели с наибольшей SP\n[BeforeAttack] Цели теряют 10 SP<style=\"highlight\"></style>",
          "coinlist": [
            {
              "coindescs": [
                {
                  "desc": "[OnSucceedAttack] Наносит 1 <sprite name=\"Combustion\"><color=#e30000><u><link=\"Combustion\">Изжога</link></u></color>, <sprite name=\"Laceration\"><color=#e30000><u><link=\"Laceration\">Кетчуп</link></u></color>, <sprite name=\"Vibration\"><color=#e30000><u><link=\"Vibration\">Тряска</link></u></color>, <sprite name=\"Burst\"><color=#e30000><u><link=\"Burst\">Зеленка</link></u></color> или <sprite name=\"Sinking\"><color=#e30000><u><link=\"Sinking\">Депрессию</link></u></color> на следующий ход\n- Повторяет эффект (2 + (Число грехов в наибольшем абсолютном резонансе Чревоугодия)) раз (До 7)<style=\"highlight\"></style>"
                }
              ]
            }
          ]
        },
        {
          "level": 4,
          "name": "Праздник",
          "abName": "Сан-адольф",
          "desc": "[CantIdentify]\nАтакует цели с наибольшей SP\n<style=\"highlight\">Если у основной цели 15 и выше SP, Количество целей +1</style>\n[BeforeAttack] Цели теряют 10 SP",
          "coinlist": [
            {
              "coindescs": [
                {
                  "desc": "[OnSucceedAttack] Наносит 1 <sprite name=\"Combustion\"><color=#e30000><u><link=\"Combustion\">Изжога</link></u></color>, <sprite name=\"Laceration\"><color=#e30000><u><link=\"Laceration\">Кетчуп</link></u></color>, <sprite name=\"Vibration\"><color=#e30000><u><link=\"Vibration\">Тряска</link></u></color>, <sprite name=\"Burst\"><color=#e30000><u><link=\"Burst\">Зеленка</link></u></color> или <sprite name=\"Sinking\"><color=#e30000><u><link=\"Sinking\">Депрессию</link></u></color> на следующий ход\n- Повторяет эффект (2 + (Число грехов в наибольшем абсолютном резонансе Чревоугодия)) раз (До 7)<style=\"highlight\"></style>"
                }
              ]
            }
          ]
        }
      ]
    },
    {
      "id": 2070611,
      "levelList": [
        {
          "level": 1,
          "name": "Бондажи",
          "abName": "Король в бондаже",
          "desc": "[EndSkill] Получает 20 <sprite name=\"Binding\"><color=#e30000><u><link=\"Binding\">Поноса</link></u></color>, 1 <sprite name=\"ForwardToTheKing\"><color=#f8c200><u><link=\"ForwardToTheKing\">Пред ликом Короля</link></u></color> и 1 <sprite name=\"Enhancement\"><color=#f8c200><u><link=\"Enhancement\">Повышение силы атаки</link></u></color> на следующий ход\n[EndSkill] В течение 3-ех ходов теряет по 10 SP в конце каждого хода<style=\"highlight\"></style>",
          "coinlist": [
            {
              "coindescs": [
                {
                  "desc": "[OnSucceedAttack] Наносит 4 <sprite name=\"Sinking\"><color=#e30000><u><link=\"Sinking\">Депрессии</link></u></color><style=\"highlight\"></style>"
                },
                {
                  "desc": "[OnSucceedAttack] Наносит 4 <sprite name=\"Vibration\"><color=#e30000><u><link=\"Vibration\">Тряски</link></u></color><style=\"highlight\"></style>"
                },
                {
                  "desc": "[OnSucceedAttack] <sprite name=\"VibrationExplosion\"><color=#e30000><u><link=\"VibrationExplosion\">Трясет сучку</link></u></color><style=\"highlight\"></style>"
                }
              ]
            }
          ]
        },
        {
          "level": 3,
          "name": "Бондажи",
          "abName": "Король в бондаже",
          "desc": "[EndSkill] Получает 20 <sprite name=\"Binding\"><color=#e30000><u><link=\"Binding\">Поноса</link></u></color>, 1 <sprite name=\"ForwardToTheKing\"><color=#f8c200><u><link=\"ForwardToTheKing\">Пред ликом Короля</link></u></color> и 1 <sprite name=\"Enhancement\"><color=#f8c200><u><link=\"Enhancement\">Повышение силы атаки</link></u></color> на следующий ход\n[EndSkill] В течение 3-ех ходов теряет по 10 SP в конце каждого хода<style=\"highlight\"></style>",
          "coinlist": [
            {
              "coindescs": [
                {
                  "desc": "<style=\"highlight\">[OnSucceedAttack] Наносит 1 <sprite name=\"Binding\"><color=#e30000><u><link=\"Binding\">Понос</link></u></color> на следующий ход</style>"
                },
                {
                  "desc": "[OnSucceedAttack] Наносит 4 <sprite name=\"Sinking\"><color=#e30000><u><link=\"Sinking\">Депрессии</link></u></color><style=\"highlight\"></style>"
                },
                {
                  "desc": "[OnSucceedAttack] Наносит 4 <sprite name=\"Vibration\"><color=#e30000><u><link=\"Vibration\">Тряски</link></u></color><style=\"highlight\"></style>"
                },
                {
                  "desc": "[OnSucceedAttack] <sprite name=\"VibrationExplosion\"><color=#e30000><u><link=\"VibrationExplosion\">Трясет сучку</link></u></color><style=\"highlight\"></style>"
                }
              ]
            }
          ]
        },
        {
          "level": 4,
          "name": "Бондажи",
          "abName": "Король в бондаже",
          "desc": "[EndSkill] Получает 20 <sprite name=\"Binding\"><color=#e30000><u><link=\"Binding\">Поноса</link></u></color>, <style=\"highlight\">1 <sprite name=\"ForwardToTheBoundKing\"><color=#f8c200><u><link=\"ForwardToTheBoundKing\">Пред ликом Связанного короля</link></u></color> и 2</style> <sprite name=\"Enhancement\"><color=#f8c200><u><link=\"Enhancement\">Повышения силы атаки</link></u></color> на следующий ход\n[EndSkill] В течение 3-ех ходов теряет по 10 SP в конце каждого хода",
          "coinlist": [
            {
              "coindescs": [
                {
                  "desc": "[OnSucceedAttack] Наносит 1 <sprite name=\"Binding\"><color=#e30000><u><link=\"Binding\">Понос</link></u></color> на следующий ход<style=\"highlight\"></style>"
                },
                {
                  "desc": "[OnSucceedAttack] Наносит 4 <sprite name=\"Sinking\"><color=#e30000><u><link=\"Sinking\">Депрессии</link></u></color><style=\"highlight\"></style>"
                },
                {
                  "desc": "[OnSucceedAttack] Наносит 4 <sprite name=\"Vibration\"><color=#e30000><u><link=\"Vibration\">Тряски</link></u></color><style=\"highlight\"></style>"
                },
                {
                  "desc": "[OnSucceedAttack] <sprite name=\"VibrationExplosion\"><color=#e30000><u><link=\"VibrationExplosion\">Трясет сучку</link></u></color><style=\"highlight\"></style>"
                }
              ]
            }
          ]
        }
      ]
    },
    {
      "id": 2070621,
      "levelList": [
        {
          "level": 1,
          "name": "Бондажи",
          "abName": "Король в бондаже",
          "desc": "[CantIdentify]\nСлучайные цели\n[EndSkill] Получает на следующий ход 20 <sprite name=\"Binding\"><color=#e30000><u><link=\"Binding\">Поноса</link></u></color>, 1 <sprite name=\"ForwardToTheKing\"><color=#f8c200><u><link=\"ForwardToTheKing\">Пред ликом Короля</link></u></color> и 2 <sprite name=\"Enhancement\"><color=#f8c200><u><link=\"Enhancement\">Повышения силы атаки</link></u></color>\n[EndSkill] Накладывает на двух других союзников 20 <sprite name=\"Binding\"><color=#e30000><u><link=\"Binding\">Поноса</link></u></color> и 3 <sprite name=\"Enhancement\"><color=#f8c200><u><link=\"Enhancement\">Повышения силы атаки</link></u></color> на следующий ход в порядке их входа в команду\n- Повышает количество этих союзников на (Число грехов в наибольшем резонансе Уныния или Гордыни - 2) (До 2)<style=\"highlight\"></style>",
          "coinlist": [
            {
              "coindescs": [
                {
                  "desc": "[OnSucceedAttack] Наносит 3 <sprite name=\"Binding\"><color=#e30000><u><link=\"Binding\">Поноса</link></u></color> на следующий ход<style=\"highlight\"></style>"
                },
                {
                  "desc": "[OnSucceedAttack] Наносит 4 <sprite name=\"Sinking\"><color=#e30000><u><link=\"Sinking\">Депрессии</link></u></color><style=\"highlight\"></style>"
                },
                {
                  "desc": "[OnSucceedAttack] Наносит 4 <sprite name=\"Vibration\"><color=#e30000><u><link=\"Vibration\">Тряски</link></u></color><style=\"highlight\"></style>"
                },
                {
                  "desc": "[OnSucceedAttack] <sprite name=\"VibrationExplosion\"><color=#e30000><u><link=\"VibrationExplosion\">Трясет сучку</link></u></color><style=\"highlight\"></style>"
                }
              ]
            }
          ]
        },
        {
          "level": 3,
          "name": "Бондажи",
          "abName": "Король в бондаже",
          "desc": "[CantIdentify]\nСлучайные цели\n[EndSkill] Получает на следующий ход 20 <sprite name=\"Binding\"><color=#e30000><u><link=\"Binding\">Поноса</link></u></color>, 1 <sprite name=\"ForwardToTheKing\"><color=#f8c200><u><link=\"ForwardToTheKing\">Пред ликом Короля</link></u></color> <style=\"highlight\">и 2</style> <sprite name=\"Enhancement\"><color=#f8c200><u><link=\"Enhancement\">Повышения силы атаки</link></u></color>\n[EndSkill] Накладывает на двух других союзников 20 <sprite name=\"Binding\"><color=#e30000><u><link=\"Binding\">Поноса</link></u></color>, 3 <sprite name=\"Enhancement\"><color=#f8c200><u><link=\"Enhancement\">Повышения силы атаки</link></u></color> <style=\"highlight\">и 1 <style=\"highlight\"><sprite name=\"AzureDamageUp\"><color=#f8c200><u><link=\"AzureDamageUp\">Повышение урона Унынием</link></u></color></style> на следующий ход в порядке их входа в команду\n- Повышает количество этих союзников на (Число грехов в наибольшем резонансе Уныния или Гордыни - 2) (До <style=\"highlight\">3</style>)",
          "coinlist": [
            {
              "coindescs": [
                {
                  "desc": "[OnSucceedAttack] Наносит 3 <sprite name=\"Binding\"><color=#e30000><u><link=\"Binding\">Поноса</link></u></color> на следующий ход<style=\"highlight\"></style>"
                },
                {
                  "desc": "[OnSucceedAttack] Наносит 4 <sprite name=\"Sinking\"><color=#e30000><u><link=\"Sinking\">Депрессии</link></u></color><style=\"highlight\"></style>"
                },
                {
                  "desc": "[OnSucceedAttack] Наносит 4 <sprite name=\"Vibration\"><color=#e30000><u><link=\"Vibration\">Тряски</link></u></color><style=\"highlight\"></style>"
                },
                {
                  "desc": "[OnSucceedAttack] <sprite name=\"VibrationExplosion\"><color=#e30000><u><link=\"VibrationExplosion\">Трясет сучку</link></u></color><style=\"highlight\"></style>"
                }
              ]
            }
          ]
        },
        {
          "level": 4,
          "name": "Бондажи",
          "abName": "Король в бондаже",
          "desc": "[CantIdentify]\nСлучайные цели\n[EndSkill] Получает на следующий ход 20 <sprite name=\"Binding\"><color=#e30000><u><link=\"Binding\">Поноса</link></u></color>, 1 <sprite name=\"ForwardToTheKing\"><color=#f8c200><u><link=\"ForwardToTheKing\">Пред ликом Короля</link></u></color> и <style=\"highlight\">3</style> <sprite name=\"Enhancement\"><color=#f8c200><u><link=\"Enhancement\">Повышения силы атаки</link></u></color>\n[EndSkill] Накладывает на двух других союзников 20 <sprite name=\"Binding\"><color=#e30000><u><link=\"Binding\">Поноса</link></u></color>, 3 <sprite name=\"Enhancement\"><color=#f8c200><u><link=\"Enhancement\">Повышения силы атаки</link></u></color> и <style=\"highlight\">2</style> <sprite name=\"AzureDamageUp\"><color=#f8c200><u><link=\"AzureDamageUp\">Повышения урона Унынием</link></u></color> на следующий ход в порядке их входа в команду\n- Повышает количество этих союзников на (Число грехов в наибольшем резонансе Уныния или Гордыни - 2) (До <style=\"highlight\">4</style>)",
          "coinlist": [
            {
              "coindescs": [
                {
                  "desc": "[OnSucceedAttack] Наносит 3 <sprite name=\"Binding\"><color=#e30000><u><link=\"Binding\">Поноса</link></u></color> на следующий ход<style=\"highlight\"></style>"
                },
                {
                  "desc": "[OnSucceedAttack] Наносит 4 <sprite name=\"Sinking\"><color=#e30000><u><link=\"Sinking\">Депрессии</link></u></color><style=\"highlight\"></style>"
                },
                {
                  "desc": "[OnSucceedAttack] Наносит 4 <sprite name=\"Vibration\"><color=#e30000><u><link=\"Vibration\">Тряски</link></u></color><style=\"highlight\"></style>"
                },
                {
                  "desc": "[OnSucceedAttack] <sprite name=\"VibrationExplosion\"><color=#e30000><u><link=\"VibrationExplosion\">Трясет сучку</link></u></color><style=\"highlight\"></style>"
                }
              ]
            }
          ]
        }
      ]
    },
    {
      "id": 2070711,
      "levelList": [
        {
          "level": 1,
          "name": "Фелл Буллет",
          "abName": "Дер фултзезчтототам",
          "desc": "[BeforeAttack] Получает (Число грехов в наибольшем резонансе + 1) <sprite name=\"BoseProjektil\"><color=#9f6a3a><u><link=\"BoseProjektil\">Разорванных воспоминаний</link></u></color>\n- Если это абсолютный резонанс, получает (Число грехов в наибольшем резонансе + 2) <sprite name=\"BoseProjektil\"><color=#9f6a3a><u><link=\"BoseProjektil\">Разорванных воспоминаний</link></u></color> вместо этого\n[BeforeAttack] Получает 1 <sprite name=\"Breath\"><color=#f8c200><u><link=\"Breath\">Кумар</link></u></color> за каждое <sprite name=\"BoseProjektil\"><color=#9f6a3a><u><link=\"BoseProjektil\">Разорванное воспоминание</link></u></color> (До 3)\n[EndSkill] Тряет все <sprite name=\"BoseProjektil\"><color=#9f6a3a><u><link=\"BoseProjektil\">Разорванные воспоминания</link></u></color><style=\"highlight\"></style>",
          "coinlist": [
            {},
            {
              "coindescs": [
                {
                  "desc": "На 5% больше урона при раскумаре за каждое <sprite name=\"BoseProjektil\"><color=#9f6a3a><u><link=\"BoseProjektil\">Разорванное воспоминание</link></u></color> (До 35%)<style=\"highlight\"></style>"
                },
                {
                  "desc": "[OnSucceedAttack] Наносит 3 <sprite name=\"Laceration\"><color=#e30000><u><link=\"Laceration\">Кетчупа</link></u></color><style=\"highlight\"></style>"
                },
                {
                  "desc": "[CriticalOnSucceedAttack] Наносит 3 <sprite name=\"Sinking\"><color=#e30000><u><link=\"Sinking\">Депрессии</link></u></color><style=\"highlight\"></style>"
                },
                {
                  "desc": "[CriticalTargetKill] Если у этой идентичности Хитклифа есть возможность использовать <sprite name=\"Bullet\"><color=#9f6a3a><u><link=\"Bullet\">Тампоны</link></u></color>, получает 1 <sprite name=\"Bullet\"><color=#9f6a3a><u><link=\"Bullet\">Тампон</link></u></color> (До 2 раз за битву)<style=\"highlight\"></style>"
                }
              ]
            }
          ]
        },
        {
          "level": 3,
          "name": "Роковая пуля",
          "abName": "Дер фултзезчтототам",
          "desc": "[BeforeAttack] Получает (Число грехов в наибольшем резонансе + 1) <sprite name=\"BoseProjektil\"><color=#9f6a3a><u><link=\"BoseProjektil\">Разорванных воспоминаний</link></u></color>\n- Если это абсолютный резонанс, получает (Число грехов в наибольшем резонансе + 2) <sprite name=\"BoseProjektil\"><color=#9f6a3a><u><link=\"BoseProjektil\">Разорванных воспоминаний</link></u></color> вместо этого\n[BeforeAttack] Получает 1 <sprite name=\"Breath\"><color=#f8c200><u><link=\"Breath\">Кумар</link></u></color> за каждое <sprite name=\"BoseProjektil\"><color=#9f6a3a><u><link=\"BoseProjektil\">Разорванное воспоминание</link></u></color> (До <style=\"highlight\">4</style>)\n[EndSkill] Тряет все <sprite name=\"BoseProjektil\"><color=#9f6a3a><u><link=\"BoseProjektil\">Разорванные воспоминания</link></u></color>",
          "coinlist": [
            {},
            {
              "coindescs": [
                {
                  "desc": "На <style=\"highlight\">10%</style> больше урона при раскумаре за каждое <sprite name=\"BoseProjektil\"><color=#9f6a3a><u><link=\"BoseProjektil\">Разорванное воспоминание</link></u></color> (До <style=\"highlight\">70%</style>)"
                },
                {
                  "desc": "[OnSucceedAttack] Наносит <style=\"highlight\">4</style> <sprite name=\"Laceration\"><color=#e30000><u><link=\"Laceration\">Кетчупа</link></u></color>"
                },
                {
                  "desc": "[CriticalOnSucceedAttack] Наносит 3 <sprite name=\"Sinking\"><color=#e30000><u><link=\"Sinking\">Депрессии</link></u></color><style=\"highlight\"></style>"
                },
                {
                  "desc": "[CriticalTargetKill] Если у этой идентичности Хитклифа есть возможность использовать <sprite name=\"Bullet\"><color=#9f6a3a><u><link=\"Bullet\">Тампоны</link></u></color>, получает 1 <sprite name=\"Bullet\"><color=#9f6a3a><u><link=\"Bullet\">Тампон</link></u></color> (До 2 раз за битву)<style=\"highlight\"></style>"
                }
              ]
            }
          ]
        },
        {
          "level": 4,
          "name": "Роковая пуля",
          "abName": "Дер фултзезчтототам",
          "desc": "[BeforeAttack] Получает (Число грехов в наибольшем резонансе + 1) <sprite name=\"BoseProjektil\"><color=#9f6a3a><u><link=\"BoseProjektil\">Разорванных воспоминаний</link></u></color>\n- Если это абсолютный резонанс, получает (Число грехов в наибольшем резонансе + 2) <sprite name=\"BoseProjektil\"><color=#9f6a3a><u><link=\"BoseProjektil\">Разорванных воспоминаний</link></u></color> вместо этого\n[BeforeAttack] Получает 1 <sprite name=\"Breath\"><color=#f8c200><u><link=\"Breath\">Кумар</link></u></color> за каждое <sprite name=\"BoseProjektil\"><color=#9f6a3a><u><link=\"BoseProjektil\">Разорванное воспоминание</link></u></color> (До <style=\"highlight\">7</style>)\n<style=\"highlight\">[BeforeAttack] Повышает свой счетчик <sprite name=\"Breath\"><color=#f8c200><u><link=\"Breath\">Кумара</link></u></color> на 1</style>\n[EndSkill] Тряет все <sprite name=\"BoseProjektil\"><color=#9f6a3a><u><link=\"BoseProjektil\">Разорванные воспоминания</link></u></color>",
          "coinlist": [
            {},
            {
              "coindescs": [
                {
                  "desc": "На <style=\"highlight\">15%</style> больше урона при раскумаре за каждое <sprite name=\"BoseProjektil\"><color=#9f6a3a><u><link=\"BoseProjektil\">Разорванное воспоминание</link></u></color> (До <style=\"highlight\">105%</style>)"
                },
                {
                  "desc": "[OnSucceedAttack] Наносит <style=\"highlight\">5</style> <sprite name=\"Laceration\"><color=#e30000><u><link=\"Laceration\">Кетчупа</link></u></color>"
                },
                {
                  "desc": "[CriticalOnSucceedAttack] Наносит 3 <sprite name=\"Sinking\"><color=#e30000><u><link=\"Sinking\">Депрессии</link></u></color><style=\"highlight\"></style>"
                },
                {
                  "desc": "[CriticalTargetKill] Если у этой идентичности Хитклифа есть возможность использовать <sprite name=\"Bullet\"><color=#9f6a3a><u><link=\"Bullet\">Тампоны</link></u></color>, получает 1 <sprite name=\"Bullet\"><color=#9f6a3a><u><link=\"Bullet\">Тампон</link></u></color> (До <style=\"highlight\">3</style> раз за битву)"
                }
              ]
            }
          ]
        }
      ]
    },
    {
      "id": 2070721,
      "levelList": [
        {
          "level": 1,
          "name": "Роковая пуля",
          "abName": "Дер фултзезчтототам",
          "desc": "[CantIdentify]\nСлучайные цели\n[BeforeAttack] Получает (Число грехов в наибольшем резонансе + 1) <sprite name=\"BoseProjektil\"><color=#9f6a3a><u><link=\"BoseProjektil\">Разорванных воспоминаний</link></u></color>\n- Если это абсолютный резонанс, получает (Число грехов в наибольшем резонансе + 2) <sprite name=\"BoseProjektil\"><color=#9f6a3a><u><link=\"BoseProjektil\">Разорванных воспоминаний</link></u></color> вместо этого\n[BeforeAttack] Наносит на 2% больше урона за каждое <sprite name=\"BoseProjektil\"><color=#9f6a3a><u><link=\"BoseProjektil\">Разорванное воспоминание</link></u></color> (До 14%)\n[BeforeAttack] Получает 1 <sprite name=\"Breath\"><color=#f8c200><u><link=\"Breath\">Кумар</link></u></color> за каждое <sprite name=\"BoseProjektil\"><color=#9f6a3a><u><link=\"BoseProjektil\">Разорванное воспоминание</link></u></color> (До 3)\n[BeforeAttack] Наносит на 3% больше урона за каждые 5 <sprite name=\"Breath\"><color=#f8c200><u><link=\"Breath\">Кумара</link></u></color> (До 15%)\n[BeforeAttack] Тратит 5 <sprite name=\"Breath\"><color=#f8c200><u><link=\"Breath\">Кумара</link></u></color>\n[EndSkill] Треяет все <sprite name=\"BoseProjektil\"><color=#9f6a3a><u><link=\"BoseProjektil\">Разорванные воспоминания</link></u></color><style=\"highlight\"></style>",
          "coinlist": [
            {
              "coindescs": [
                {
                  "desc": "[OnSucceedAttack] Наносит 2 <sprite name=\"Laceration\"><color=#e30000><u><link=\"Laceration\">Кетчупа</link></u></color> и 2 <sprite name=\"Sinking\"><color=#e30000><u><link=\"Sinking\">Депрессии</link></u></color><style=\"highlight\"></style>"
                }
              ]
            }
          ]
        },
        {
          "level": 3,
          "name": "Роковая пуля",
          "abName": "Дер фултзезчтототам",
          "desc": "[CantIdentify]\nСлучайные цели\n[BeforeAttack] Получает (Число грехов в наибольшем резонансе + 1) <sprite name=\"BoseProjektil\"><color=#9f6a3a><u><link=\"BoseProjektil\">Разорванных воспоминаний</link></u></color>\n- Если это абсолютный резонанс, получает (Число грехов в наибольшем резонансе + 2) <sprite name=\"BoseProjektil\"><color=#9f6a3a><u><link=\"BoseProjektil\">Разорванных воспоминаний</link></u></color> вместо этого\n<style=\"highlight\">[BeforeAttack] Количество целей +1 при 3 и более <sprite name=\"BoseProjektil\"><color=#9f6a3a><u><link=\"BoseProjektil\">Разорванных воспоминаниях</link></u></color></style>\n[BeforeAttack] Наносит на 2% больше урона за каждое <sprite name=\"BoseProjektil\"><color=#9f6a3a><u><link=\"BoseProjektil\">Разорванное воспоминание</link></u></color> (До 14%)\n[BeforeAttack] Получает 1 <sprite name=\"Breath\"><color=#f8c200><u><link=\"Breath\">Кумар</link></u></color> за каждое <sprite name=\"BoseProjektil\"><color=#9f6a3a><u><link=\"BoseProjektil\">Разорванное воспоминание</link></u></color> (До <style=\"highlight\">4</style>)\n[BeforeAttack] Наносит на <style=\"highlight\">4%</style> больше урона за каждые 5 <sprite name=\"Breath\"><color=#f8c200><u><link=\"Breath\">Кумара</link></u></color> (До <style=\"highlight\">20%</style>)\n[BeforeAttack] Тратит 5 <sprite name=\"Breath\"><color=#f8c200><u><link=\"Breath\">Кумара</link></u></color>\n[EndSkill] Треяет все <sprite name=\"BoseProjektil\"><color=#9f6a3a><u><link=\"BoseProjektil\">Разорванные воспоминания</link></u></color>",
          "coinlist": [
            {
              "coindescs": [
                {
                  "desc": "[OnSucceedAttack] Наносит <style=\"highlight\">3</style> <sprite name=\"Laceration\"><color=#e30000><u><link=\"Laceration\">Кетчупа</link></u></color> и <style=\"highlight\">3</style> <sprite name=\"Sinking\"><color=#e30000><u><link=\"Sinking\">Депрессии</link></u></color>"
                }
              ]
            }
          ]
        },
        {
          "level": 4,
          "name": "Роковая пуля",
          "abName": "Дер фултзезчтототам",
          "desc": "[CantIdentify]\nСлучайные цели\n[BeforeAttack] Получает (Число грехов в наибольшем резонансе + 1) <sprite name=\"BoseProjektil\"><color=#9f6a3a><u><link=\"BoseProjektil\">Разорванных воспоминаний</link></u></color>\n- Если это абсолютный резонанс, получает (Число грехов в наибольшем резонансе + 2) <sprite name=\"BoseProjektil\"><color=#9f6a3a><u><link=\"BoseProjektil\">Разорванных воспоминаний</link></u></color> вместо этого\n[BeforeAttack] Количество целей +1 <style=\"highlight\">за каждые 3</style> <sprite name=\"BoseProjektil\"><color=#9f6a3a><u><link=\"BoseProjektil\">Разорванных воспоминания</link></u></color> <style=\"highlight\">(До 2)</style>\n[BeforeAttack] Наносит на <style=\"highlight\">3%</style> больше урона за каждое <sprite name=\"BoseProjektil\"><color=#9f6a3a><u><link=\"BoseProjektil\">Разорванное воспоминание</link></u></color> (До <style=\"highlight\">21%</style>)\n[BeforeAttack] Получает 1 <sprite name=\"Breath\"><color=#f8c200><u><link=\"Breath\">Кумар</link></u></color> за каждое <sprite name=\"BoseProjektil\"><color=#9f6a3a><u><link=\"BoseProjektil\">Разорванное воспоминание</link></u></color> (До <style=\"highlight\">7</style>)\n[BeforeAttack] Наносит на <style=\"highlight\">5%</style> больше урона за каждые 5 <sprite name=\"Breath\"><color=#f8c200><u><link=\"Breath\">Кумара</link></u></color> (До <style=\"highlight\">25%</style>)\n[BeforeAttack] Тратит 5 <sprite name=\"Breath\"><color=#f8c200><u><link=\"Breath\">Кумара</link></u></color>\n[EndSkill] Треяет все <sprite name=\"BoseProjektil\"><color=#9f6a3a><u><link=\"BoseProjektil\">Разорванные воспоминания</link></u></color>",
          "coinlist": [
            {
              "coindescs": [
                {
                  "desc": "[OnSucceedAttack] Наносит 3 <sprite name=\"Laceration\"><color=#e30000><u><link=\"Laceration\">Кетчупа</link></u></color> и 3 <sprite name=\"Sinking\"><color=#e30000><u><link=\"Sinking\">Депрессии</link></u></color><style=\"highlight\"></style>"
                }
              ]
            }
          ]
        }
      ]
    },
    {
      "id": 2070811,
      "levelList": [
        {
          "level": 1,
          "name": "Асимметричная инерция",
          "abName": "Мать его часы",
          "desc": "[BeforeAttack] Повышает свой счетчик <sprite name=\"Vibration\"><color=#e30000><u><link=\"Vibration\">Тряски</link></u></color> на (Число грехов в наибольшем резонансе) (До 6; не более 20 за ход)\n- Если указанный резонанс был резонансом Лености, <sprite name=\"Switch_Vibration\"><color=#9f6a3a><u><link=\"Switch_Vibration\">Преобразует амплитуду</link></u></color> своего <sprite name=\"Vibration\"><color=#e30000><u><link=\"Vibration\">Тряски</link></u></color> в <sprite name=\"VibrationSpring\"><color=#f8c200><u><link=\"VibrationSpring\">Тряска — Завод</link></u></color><style=\"highlight\"></style>",
          "coinlist": [
            {
              "coindescs": [
                {
                  "desc": "[OnSucceedAttack] Повышает счетчик <sprite name=\"Vibration\"><color=#e30000><u><link=\"Vibration\">Тряски</link></u></color> на 1<style=\"highlight\"></style>"
                },
                {
                  "desc": "[OnSucceedAttackHead] Наносит 2 <sprite name=\"Vibration\"><color=#e30000><u><link=\"Vibration\">Тряски</link></u></color><style=\"highlight\"></style>"
                },
                {
                  "desc": "[OnSucceedAttackTail] Повышает счетчик <sprite name=\"Vibration\"><color=#e30000><u><link=\"Vibration\">Тряски</link></u></color> на 2<style=\"highlight\"></style>"
                }
              ]
            },
            {
              "coindescs": [
                {
                  "desc": "[OnSucceedAttack] <sprite name=\"VibrationExplosion\"><color=#e30000><u><link=\"VibrationExplosion\">Трясет сучку</link></u></color> и понижает его счетчик на 1\n- При <sprite name=\"VibrationExplosion\"><color=#e30000><u><link=\"VibrationExplosion\">Потрясения сучки</link></u></color> на противнике в этом ходе наносит 1 <sprite name=\"AmberTakeDamageUp\"><color=#e30000><u><link=\"AmberTakeDamageUp\">Уязвимость к Лености</link></u></color>\n- Если наибольший резонанс был абсолютным резонансом Лености в 4 и более греха, наносит так же и 1 <sprite name=\"AmberTakeDamageUp\"><color=#e30000><u><link=\"AmberTakeDamageUp\">Уязвимость к Лености</link></u></color> на следующий ход<style=\"highlight\"></style>"
                }
              ]
            }
          ]
        },
        {
          "level": 3,
          "name": "Асимметричная инерция",
          "abName": "Мать его часы",
          "desc": "[BeforeAttack] Повышает свой счетчик <sprite name=\"Vibration\"><color=#e30000><u><link=\"Vibration\">Тряски</link></u></color> на (Число грехов в наибольшем резонансе <style=\"highlight\">+ 2</style>) (До <style=\"highlight\">8</style>; не более 20 за ход)\n- Если указанный резонанс был резонансом Лености, <sprite name=\"Switch_Vibration\"><color=#9f6a3a><u><link=\"Switch_Vibration\">Преобразует амплитуду</link></u></color> своего <sprite name=\"Vibration\"><color=#e30000><u><link=\"Vibration\">Тряски</link></u></color> в <sprite name=\"VibrationSpring\"><color=#f8c200><u><link=\"VibrationSpring\">Тряска — Часовые стрелки</link></u></color>",
          "coinlist": [
            {
              "coindescs": [
                {
                  "desc": "[OnSucceedAttack] Повышает счетчик <sprite name=\"Vibration\"><color=#e30000><u><link=\"Vibration\">Тряски</link></u></color> на 1<style=\"highlight\"></style>"
                },
                {
                  "desc": "[OnSucceedAttackHead] Наносит <style=\"highlight\">4</style> <sprite name=\"Vibration\"><color=#e30000><u><link=\"Vibration\">Тряски</link></u></color>"
                },
                {
                  "desc": "[OnSucceedAttackTail] Повышает счетчик <sprite name=\"Vibration\"><color=#e30000><u><link=\"Vibration\">Тряски</link></u></color> на 2<style=\"highlight\"></style>"
                }
              ]
            },
            {
              "coindescs": [
                {
                  "desc": "[OnSucceedAttack] <sprite name=\"VibrationExplosion\"><color=#e30000><u><link=\"VibrationExplosion\">Трясет сучку</link></u></color> и понижает его счетчик на 1\n- При <sprite name=\"VibrationExplosion\"><color=#e30000><u><link=\"VibrationExplosion\">Потрясения сучки</link></u></color> на противнике в этом ходе наносит 1 <sprite name=\"AmberTakeDamageUp\"><color=#e30000><u><link=\"AmberTakeDamageUp\">Уязвимость к Лености</link></u></color>\n- Если наибольший резонанс был абсолютным резонансом Лености <style=\"highlight\">в 3 греха</style>, наносит так же и 1 <sprite name=\"AmberTakeDamageUp\"><color=#e30000><u><link=\"AmberTakeDamageUp\">Уязвимость к Лености</link></u></color> на следующий ход"
                }
              ]
            }
          ]
        },
        {
          "level": 4,
          "name": "Асимметричная инерция",
          "abName": "Мать его часы",
          "desc": "[BeforeAttack] Повышает свой счетчик <sprite name=\"Vibration\"><color=#e30000><u><link=\"Vibration\">Тряски</link></u></color> на (Число грехов в наибольшем резонансе + <style=\"highlight\">4</style>) (До 8; не более 20 за ход)\n- Если указанный резонанс был резонансом Лености, <sprite name=\"Switch_Vibration\"><color=#9f6a3a><u><link=\"Switch_Vibration\">Преобразует амплитуду</link></u></color> своего <sprite name=\"Vibration\"><color=#e30000><u><link=\"Vibration\">Тряски</link></u></color> в <sprite name=\"VibrationSpring\"><color=#f8c200><u><link=\"VibrationSpring\">Тряска — Часовые стрелки</link></u></color>",
          "coinlist": [
            {
              "coindescs": [
                {
                  "desc": "[OnSucceedAttack] Повышает счетчик <sprite name=\"Vibration\"><color=#e30000><u><link=\"Vibration\">Тряски</link></u></color> на 1<style=\"highlight\"></style>"
                },
                {
                  "desc": "[OnSucceedAttackHead] Наносит <style=\"highlight\">5</style> <sprite name=\"Vibration\"><color=#e30000><u><link=\"Vibration\">Тряски</link></u></color>"
                },
                {
                  "desc": "[OnSucceedAttackTail] Повышает счетчик <sprite name=\"Vibration\"><color=#e30000><u><link=\"Vibration\">Тряски</link></u></color> <style=\"highlight\">на 3</style>"
                }
              ]
            },
            {
              "coindescs": [
                {
                  "desc": "[OnSucceedAttack] <sprite name=\"VibrationExplosion\"><color=#e30000><u><link=\"VibrationExplosion\">Трясет сучку</link></u></color> и понижает его счетчик на 1\n- При <sprite name=\"VibrationExplosion\"><color=#e30000><u><link=\"VibrationExplosion\">Потрясения сучки</link></u></color> на противнике в этом ходе наносит 1 <sprite name=\"AmberTakeDamageUp\"><color=#e30000><u><link=\"AmberTakeDamageUp\">Уязвимость к Лености</link></u></color>\n- Если наибольший резонанс был абсолютным резонансом Лености в 3 <style=\"highlight\">и более</style> греха, наносит так же и 1 <sprite name=\"AmberTakeDamageUp\"><color=#e30000><u><link=\"AmberTakeDamageUp\">Уязвимость к Лености</link></u></color> на следующий ход"
                }
              ]
            }
          ]
        }
      ]
    },
    {
      "id": 2070821,
      "levelList": [
        {
          "level": 1,
          "name": "Асимметричная инерция",
          "abName": "Мать его часы",
          "desc": "[CantIdentify]\nСлучайные цели\n[BeforeAttack] Повышает свой счетчик <sprite name=\"Vibration\"><color=#e30000><u><link=\"Vibration\">Тряски</link></u></color> на (Число грехов в наибольшем резонансе) (До 8; не более 20 за ход)\n- Если указанный резонанс был резонансом Лености, <sprite name=\"Switch_Vibration\"><color=#9f6a3a><u><link=\"Switch_Vibration\">Преобразует амплитуду</link></u></color> своего <sprite name=\"Vibration\"><color=#e30000><u><link=\"Vibration\">Тряски</link></u></color> в <sprite name=\"VibrationSpring\"><color=#f8c200><u><link=\"VibrationSpring\">Тряска — Часовые стрелки</link></u></color><style=\"highlight\"></style>",
          "coinlist": [
            {
              "coindescs": [
                {
                  "desc": "[OnSucceedAttack] Повышает счетчик <sprite name=\"Vibration\"><color=#e30000><u><link=\"Vibration\">Тряски</link></u></color> на 1<style=\"highlight\"></style>"
                },
                {
                  "desc": "[OnSucceedAttackHead] Наносит 4 <sprite name=\"Vibration\"><color=#e30000><u><link=\"Vibration\">Тряски</link></u></color><style=\"highlight\"></style>"
                },
                {
                  "desc": "[OnSucceedAttackTail] Повышает счетчик <sprite name=\"Vibration\"><color=#e30000><u><link=\"Vibration\">Тряски</link></u></color> на 2<style=\"highlight\"></style>"
                }
              ]
            },
            {
              "coindescs": [
                {
                  "desc": "[OnSucceedAttack] <sprite name=\"VibrationExplosion\"><color=#e30000><u><link=\"VibrationExplosion\">Трясет сучку</link></u></color> и понижает его счетчик на 1<style=\"highlight\"></style>"
                },
                {
                  "desc": "[OnSucceedAttack] <sprite name=\"VibrationExplosion\"><color=#e30000><u><link=\"VibrationExplosion\">Трясет сучку</link></u></color> и понижает его счетчик на 1\n- При <sprite name=\"VibrationExplosion\"><color=#e30000><u><link=\"VibrationExplosion\">Потрясения сучки</link></u></color> на противнике в этом ходе наносит 2 <sprite name=\"AmberTakeDamageUp\"><color=#e30000><u><link=\"AmberTakeDamageUp\">Уязвимости к Лености</link></u></color>\n- Если наибольший резонанс был абсолютным резонансом Лености в 4 и более греха, наносит так же и 2 <sprite name=\"AmberTakeDamageUp\"><color=#e30000><u><link=\"AmberTakeDamageUp\">Уязвимости к Лености</link></u></color> на следующий ход<style=\"highlight\"></style>"
                }
              ]
            }
          ]
        },
        {
          "level": 3,
          "name": "Асимметричная инерция",
          "abName": "Мать его часы",
          "desc": "[CantIdentify]\nСлучайные цели\n[BeforeAttack] Повышает свой счетчик <sprite name=\"Vibration\"><color=#e30000><u><link=\"Vibration\">Тряски</link></u></color> на (Число грехов в наибольшем резонансе) (До 8; не более 20 за ход)\n- Если указанный резонанс был резонансом Лености, <sprite name=\"Switch_Vibration\"><color=#9f6a3a><u><link=\"Switch_Vibration\">Преобразует амплитуду</link></u></color> своего <sprite name=\"Vibration\"><color=#e30000><u><link=\"Vibration\">Тряски</link></u></color> в <sprite name=\"VibrationSpring\"><color=#f8c200><u><link=\"VibrationSpring\">Тряска — Часовые стрелки</link></u></color><style=\"highlight\"></style>",
          "coinlist": [
            {
              "coindescs": [
                {
                  "desc": "[OnSucceedAttack] Повышает счетчик <sprite name=\"Vibration\"><color=#e30000><u><link=\"Vibration\">Тряски</link></u></color> на 1<style=\"highlight\"></style>"
                },
                {
                  "desc": "[OnSucceedAttackHead] Наносит <style=\"highlight\">5</style> <sprite name=\"Vibration\"><color=#e30000><u><link=\"Vibration\">Тряски</link></u></color>"
                },
                {
                  "desc": "[OnSucceedAttackTail] Повышает счетчик <sprite name=\"Vibration\"><color=#e30000><u><link=\"Vibration\">Тряски</link></u></color> <style=\"highlight\">на 3</style>"
                }
              ]
            },
            {
              "coindescs": [
                {
                  "desc": "[OnSucceedAttack] <sprite name=\"VibrationExplosion\"><color=#e30000><u><link=\"VibrationExplosion\">Трясет сучку</link></u></color> и понижает его счетчик на 1<style=\"highlight\"></style>"
                },
                {
                  "desc": "[OnSucceedAttack] <sprite name=\"VibrationExplosion\"><color=#e30000><u><link=\"VibrationExplosion\">Трясет сучку</link></u></color> и понижает его счетчик на 1\n- При <sprite name=\"VibrationExplosion\"><color=#e30000><u><link=\"VibrationExplosion\">Потрясения сучки</link></u></color> на противнике в этом ходе наносит 2 <sprite name=\"AmberTakeDamageUp\"><color=#e30000><u><link=\"AmberTakeDamageUp\">Уязвимости к Лености</link></u></color>\n- Если наибольший резонанс был абсолютным резонансом Лености <style=\"highlight\">в 3 греха</style>, наносит так же и 2 <sprite name=\"AmberTakeDamageUp\"><color=#e30000><u><link=\"AmberTakeDamageUp\">Уязвимости к Лености</link></u></color> на следующий ход"
                }
              ]
            }
          ]
        },
        {
          "level": 4,
          "name": "Асимметричная инерция",
          "abName": "Мать его часы",
          "desc": "[CantIdentify]\nСлучайные цели\n[BeforeAttack] Повышает свой счетчик <sprite name=\"Vibration\"><color=#e30000><u><link=\"Vibration\">Тряски</link></u></color> на (Число грехов в наибольшем резонансе) (До <style=\"highlight\">10</style>; не более 20 за ход)\n- Если указанный резонанс был резонансом Лености, <sprite name=\"Switch_Vibration\"><color=#9f6a3a><u><link=\"Switch_Vibration\">Преобразует амплитуду</link></u></color> своего <sprite name=\"Vibration\"><color=#e30000><u><link=\"Vibration\">Тряски</link></u></color> в <sprite name=\"VibrationSpring\"><color=#f8c200><u><link=\"VibrationSpring\">Тряска — Часовые стрелки</link></u></color>",
          "coinlist": [
            {
              "coindescs": [
                {
                  "desc": "[OnSucceedAttack] Повышает счетчик <sprite name=\"Vibration\"><color=#e30000><u><link=\"Vibration\">Тряски</link></u></color> <style=\"highlight\">на 2</style>"
                },
                {
                  "desc": "[OnSucceedAttackHead] Наносит <style=\"highlight\">6</style> <sprite name=\"Vibration\"><color=#e30000><u><link=\"Vibration\">Тряски</link></u></color>"
                },
                {
                  "desc": "[OnSucceedAttackTail] Повышает счетчик <sprite name=\"Vibration\"><color=#e30000><u><link=\"Vibration\">Тряски</link></u></color> <style=\"highlight\">на 4</style>"
                }
              ]
            },
            {
              "coindescs": [
                {
                  "desc": "[OnSucceedAttack] <sprite name=\"VibrationExplosion\"><color=#e30000><u><link=\"VibrationExplosion\">Трясет сучку</link></u></color> и понижает его счетчик на 1<style=\"highlight\"></style>"
                },
                {
                  "desc": "[OnSucceedAttack] <sprite name=\"VibrationExplosion\"><color=#e30000><u><link=\"VibrationExplosion\">Трясет сучку</link></u></color> и понижает его счетчик на 1\n- При <sprite name=\"VibrationExplosion\"><color=#e30000><u><link=\"VibrationExplosion\">Потрясения сучки</link></u></color> на противнике в этом ходе наносит 2 <sprite name=\"AmberTakeDamageUp\"><color=#e30000><u><link=\"AmberTakeDamageUp\">Уязвимости к Лености</link></u></color>\n- Если наибольший резонанс был абсолютным резонансом Лености в 3 <style=\"highlight\">и более</style> греха, наносит так же и 2 <sprite name=\"AmberTakeDamageUp\"><color=#e30000><u><link=\"AmberTakeDamageUp\">Уязвимости к Лености</link></u></color> на следующий ход"
                }
              ]
            }
          ]
        }
      ]
    }
  ]
}