﻿{
  "dataList": [
    {
      "id": 851001,
      "levelList": [
        {
          "level": 1,
          "name": "Плачущий шлепок",
          "desc": "[WhenUse] Цель теряет 15 SP",
          "coinlist": [
            {
              "coindescs": [
                {
                  "desc": "[OnSucceedAttackHead] Наносит 5 <sprite name=\"Sinking\"><color=#e30000><u><link=\"Sinking\">Депрессии</link></u></color> и +5 счетчиков <sprite name=\"Sinking\"><color=#e30000><u><link=\"Sinking\">Депрессии</link></u></color>"
                }
              ]
            }
          ]
        }
      ]
    },
    {
      "id": 851002,
      "levelList": [
        {
          "level": 1,
          "name": "Печальный шлепок",
          "desc": "[StartDuel] Цель восстанавливает 5 SP",
          "coinlist": [
            {
              "coindescs": [
                {
                  "desc": "[AlwaysUse] Наносит урон по SP, равный половине от нанесенного урона"
                },
                {
                  "desc": "[AlwaysUse] Не наносит урон по HP"
                }
              ]
            }
          ]
        }
      ]
    },
    {
      "id": 851003,
      "levelList": [
        {
          "level": 1,
          "name": "Расплавленный глаз",
          "desc": "[WhenUse] Цель теряет 5 SP\nЕсли SP цели ниже 0, +10% урона",
          "coinlist": [
            {
              "coindescs": [
                {
                  "desc": "[OnSucceedAttackHead] Наносит дополнительный урон, равный <sprite name=\"Sinking\"><color=#e30000><u><link=\"Sinking\">Депрессии</link></u></color> на цели"
                }
              ]
            },
            {
              "coindescs": [
                {
                  "desc": "[OnSucceedAttackHead] Наносит дополнительный урон по SP, равный <sprite name=\"Sinking\"><color=#e30000><u><link=\"Sinking\">Депрессии</link></u></color> на цели"
                }
              ]
            }
          ]
        }
      ]
    },
    {
      "id": 851004,
      "levelList": [
        {
          "level": 1,
          "name": "Льющаяся печаль",
          "desc": "[WhenUse] Цель теряет 5 SP\nНацеливается на противника с наибольшим <sprite name=\"Sinking\"><color=#e30000><u><link=\"Sinking\">Депрессией</link></u></color>",
          "coinlist": [
            {
              "coindescs": [
                {
                  "desc": "[OnSucceedAttack] Наносит +3 счетчика <sprite name=\"Sinking\"><color=#e30000><u><link=\"Sinking\">Депрессии</link></u></color>"
                }
              ]
            },
            {
              "coindescs": [
                {
                  "desc": "[OnSucceedAttackHead] Наносит дополнительный урон, равный <sprite name=\"Sinking\"><color=#e30000><u><link=\"Sinking\">Депрессии</link></u></color> на цели"
                }
              ]
            },
            {
              "coindescs": [
                {
                  "desc": "[OnSucceedAttackHead] Наносит дополнительный урон по SP, равный <sprite name=\"Sinking\"><color=#e30000><u><link=\"Sinking\">Депрессии</link></u></color> на цели"
                }
              ]
            }
          ]
        }
      ]
    },
    {
      "id": 851005,
      "levelList": [
        {
          "level": 1,
          "name": "Глазная тяжесть",
          "desc": "[DefeatDuel] Отменяет все навыки\n[DefeatDuel] Получает 3 <sprite name=\"Vulnerable\"><color=#e30000><u><link=\"Vulnerable\">Уязвимость</link></u></color>\nЕсли SP цели ниже 0, +10% урона",
          "coinlist": [
            {
              "coindescs": [
                {
                  "desc": "[OnSucceedAttackHead] Удваивает <sprite name=\"Sinking\"><color=#e30000><u><link=\"Sinking\">Депрессию</link></u></color> и его счетчик на цели"
                }
              ]
            }
          ]
        }
      ]
    },
    {
      "id": 851006,
      "levelList": [
        {
          "level": 1,
          "name": "Расплавленный глаз",
          "desc": "[WhenUse] Цель теряет 5 SP\nЕсли SP цели ниже 0, +10% урона",
          "coinlist": [
            {
              "coindescs": [
                {
                  "desc": "[OnSucceedAttackHead] Наносит дополнительный урон по SP, равный <sprite name=\"Sinking\"><color=#e30000><u><link=\"Sinking\">Депрессии</link></u></color> на цели"
                }
              ]
            }
          ]
        }
      ]
    },
    {
      "id": 851007,
      "levelList": [
        {
          "level": 1,
          "name": "Расплавленный глаз",
          "desc": "[WhenUse] Цель теряет 5 SP\nЕсли SP цели ниже 0, +10% урона",
          "coinlist": [
            {
              "coindescs": [
                {
                  "desc": "[OnSucceedAttackHead] Наносит дополнительный урон, равный <sprite name=\"Sinking\"><color=#e30000><u><link=\"Sinking\">Депрессии</link></u></color> на цели"
                }
              ]
            }
          ]
        }
      ]
    },
    {
      "id": 851008,
      "levelList": [
        {
          "level": 1,
          "name": "Квак-плак",
          "desc": "[StartBattle] Получает 2 <sprite name=\"Protection\"><color=#f8c200><u><link=\"Protection\">Защищенности</link></u></color>",
          "coinlist": []
        }
      ]
    },
    {
      "id": 851901,
      "levelList": [
        {
          "level": 1,
          "name": "Экскурсия по городу",
          "desc": "[WhenUse] Получает +4 счетчика <sprite name=\"Charge\"><color=#f8c200><u><link=\"Charge\">Солей</link></u></color>",
          "coinlist": [
            {}
          ]
        }
      ]
    },
    {
      "id": 851902,
      "levelList": [
        {
          "level": 1,
          "name": "Добро пожаловать в тур",
          "desc": "",
          "coinlist": [
            {},
            {
              "coindescs": [
                {
                  "desc": "[OnSucceedAttackHead] Наносит 1 <sprite name=\"PlusCoinValueDown\"><color=#e30000><u><link=\"PlusCoinValueDown\">Ослабление положительной монеты</link></u></color> на следующий ход"
                }
              ]
            }
          ]
        }
      ]
    },
    {
      "id": 851903,
      "levelList": [
        {
          "level": 1,
          "name": "Пожалуйста, не расходитесь!",
          "desc": "",
          "coinlist": [
            {
              "coindescs": [
                {
                  "desc": "[OnSucceedAttack] Наносит 3 <sprite name=\"Paralysis\"><color=#e30000><u><link=\"Paralysis\">Паралич</link></u></color> на следующий ход"
                }
              ]
            }
          ]
        }
      ]
    },
    {
      "id": 851904,
      "levelList": [
        {
          "level": 1,
          "name": "Передача обработанных отчетов",
          "desc": "[WhenUse] Тратит весь <sprite name=\"Charge\"><color=#f8c200><u><link=\"Charge\">Соль</link></u></color>",
          "coinlist": [
            {
              "coindescs": [
                {
                  "desc": "[OnSucceedAttack] Отправляет цель в <sprite name=\"Duress\"><color=#e30000><u><link=\"Duress\">Захват</link></u></color>"
                }
              ]
            }
          ]
        }
      ]
    },
    {
      "id": 851905,
      "levelList": [
        {
          "level": 1,
          "name": "Рад знакомству, дорогой сосед",
          "desc": "[CantDuel]\nАтакует цель в Захвате",
          "coinlist": [
            {
              "coindescs": [
                {
                  "desc": "[OnSucceedAttack] Наносит 10 <sprite name=\"Combustion\"><color=#e30000><u><link=\"Combustion\">Изжоги</link></u></color>"
                }
              ]
            }
          ]
        }
      ]
    },
    {
      "id": 851906,
      "levelList": [
        {
          "level": 1,
          "name": "Системная ошибка обнаружена",
          "desc": "Становится оглушен на следующий ход",
          "coinlist": [
            {
              "coindescs": [
                {
                  "desc": "[OnSucceedAttack] Тратит 2 <sprite name=\"Charge\"><color=#f8c200><u><link=\"Charge\">Соль</link></u></color> и наносит 5 <sprite name=\"Combustion\"><color=#e30000><u><link=\"Combustion\">Изжоги</link></u></color>"
                }
              ]
            },
            {
              "coindescs": [
                {
                  "desc": "[OnSucceedAttack] Тратит 2 <sprite name=\"Charge\"><color=#f8c200><u><link=\"Charge\">Соль</link></u></color> и наносит 5 <sprite name=\"Combustion\"><color=#e30000><u><link=\"Combustion\">Изжоги</link></u></color>"
                }
              ]
            }
          ]
        }
      ]
    },
    {
      "id": 851907,
      "levelList": [
        {
          "level": 1,
          "name": "Вычислительные процессы",
          "desc": "[WhenUse] Получает 5 <sprite name=\"Protection\"><color=#f8c200><u><link=\"Protection\">Защищенность</link></u></color>",
          "coinlist": []
        }
      ]
    },
    {
      "id": 851908,
      "levelList": [
        {
          "level": 1,
          "name": "Перезагрузка…",
          "desc": "",
          "coinlist": []
        }
      ]
    },
    {
      "id": 851909,
      "levelList": [
        {
          "level": 1,
          "name": "Передача обработанных отчетов",
          "desc": "[CantDuel]\nНацеливается на персонажа с наибольшими HP\n[WhenUse] Тратит весь <sprite name=\"Charge\"><color=#f8c200><u><link=\"Charge\">Соль</link></u></color>",
          "coinlist": [
            {
              "coindescs": [
                {
                  "desc": "[OnSucceedAttack] Отправляет цель в <sprite name=\"Duress\"><color=#e30000><u><link=\"Duress\">Захват</link></u></color>"
                }
              ]
            }
          ]
        }
      ]
    },
    {
      "id": 852101,
      "levelList": [
        {
          "level": 1,
          "name": "Не входить",
          "desc": "",
          "coinlist": [
            {
              "coindescs": [
                {
                  "desc": "[OnSucceedAttackHead] Наносит 1 <sprite name=\"Burst\"><color=#e30000><u><link=\"Burst\">Зеленка</link></u></color>"
                }
              ]
            }
          ]
        }
      ]
    },
    {
      "id": 852102,
      "levelList": [
        {
          "level": 1,
          "name": "Подчинение",
          "desc": "",
          "coinlist": [
            {
              "coindescs": [
                {
                  "desc": "[OnSucceedAttackHead] Наносит 3 <sprite name=\"Burst\"><color=#e30000><u><link=\"Burst\">Зеленки</link></u></color>"
                }
              ]
            },
            {
              "coindescs": [
                {
                  "desc": "[OnSucceedAttack] Наносит +3 счетчика <sprite name=\"Burst\"><color=#e30000><u><link=\"Burst\">Зеленка</link></u></color>"
                }
              ]
            }
          ]
        }
      ]
    },
    {
      "id": 852103,
      "levelList": [
        {
          "level": 1,
          "name": "Вход запрещен",
          "desc": "[DefeatDuel] Восстанавливает 10 HP",
          "coinlist": [
            {
              "coindescs": [
                {
                  "desc": "[OnSucceedAttack] Повышает счетчик <sprite name=\"Burst\"><color=#e30000><u><link=\"Burst\">Зеленки</link></u></color> на 2"
                }
              ]
            },
            {
              "coindescs": [
                {
                  "desc": "[OnSucceedAttackHead] Наносит дополнительный урон, равный <sprite name=\"Burst\"><color=#e30000><u><link=\"Burst\">Зеленке</link></u></color> на цели, умноженным на их счетчик\nУбирает весь <sprite name=\"Burst\"><color=#e30000><u><link=\"Burst\">Зеленка</link></u></color> с цели"
                }
              ]
            }
          ]
        }
      ]
    },
    {
      "id": 852301,
      "levelList": [
        {
          "level": 1,
          "name": "Подозрительные лица",
          "desc": "",
          "coinlist": [
            {
              "coindescs": [
                {
                  "desc": "[OnSucceedAttackHead] Наносит 3 <sprite name=\"Burst\"><color=#e30000><u><link=\"Burst\">Зеленки</link></u></color>"
                }
              ]
            }
          ]
        }
      ]
    },
    {
      "id": 852302,
      "levelList": [
        {
          "level": 1,
          "name": "Задержание",
          "desc": "",
          "coinlist": [
            {},
            {
              "coindescs": [
                {
                  "desc": "[OnSucceedAttackHead] Наносит 3 <sprite name=\"Burst\"><color=#e30000><u><link=\"Burst\">Зеленки</link></u></color>"
                }
              ]
            }
          ]
        }
      ]
    },
    {
      "id": 852303,
      "levelList": [
        {
          "level": 1,
          "name": "Посторонним вход воспрещен",
          "desc": "Нацеливается на персонажа с наибольшими HP",
          "coinlist": [
            {},
            {
              "coindescs": [
                {
                  "desc": "Если на монетее 1 выпадает орел, +10% урона"
                }
              ]
            },
            {
              "coindescs": [
                {
                  "desc": "Если на монетее 2 выпадает орел, +10% урона"
                }
              ]
            },
            {
              "coindescs": [
                {
                  "desc": "Если на монетеах 2 и 3 выпадает орел, +30% урона"
                }
              ]
            }
          ]
        }
      ]
    },
    {
      "id": 852701,
      "levelList": [
        {
          "level": 1,
          "name": "Пожертвование",
          "desc": "[WhenUse] Дает 2 <sprite name=\"Protection\"><color=#f8c200><u><link=\"Protection\">Защищенности</link></u></color> случайному союзнику",
          "coinlist": [
            {},
            {
              "coindescs": [
                {
                  "desc": "[OnSucceedAttack] Наносит 3 <sprite name=\"AttackDmgDown\"><color=#e30000><u><link=\"AttackDmgDown\">Понижение урона</link></u></color> на следующий ход"
                }
              ]
            }
          ]
        }
      ]
    },
    {
      "id": 852702,
      "levelList": [
        {
          "level": 1,
          "name": "Излагаемые сутры",
          "desc": "[WhenUse] Дает 2 Повышения силы атаки случайному союзнику",
          "coinlist": [
            {},
            {
              "coindescs": [
                {
                  "desc": "[OnSucceedAttack] Дает 2 Повышения силы атаки случайному союзнику на следующий ход"
                }
              ]
            }
          ]
        }
      ]
    },
    {
      "id": 852703,
      "levelList": [
        {
          "level": 1,
          "name": "Духовный наставник",
          "desc": "[WhenUse] Дает 3 <sprite name=\"Protection\"><color=#f8c200><u><link=\"Protection\">Защищенности</link></u></color> на следующий ход",
          "coinlist": []
        }
      ]
    },
    {
      "id": 852704,
      "levelList": [
        {
          "level": 1,
          "name": "Сваха́",
          "desc": "[WhenUse] Дает 3 Повышения урона на следующий ход",
          "coinlist": []
        }
      ]
    },
    {
      "id": 852705,
      "levelList": [
        {
          "level": 1,
          "name": "Совершенная мудрость",
          "desc": "[CantIdentify] Нацеливается на персонажа с наибольшей <sprite name=\"Cycle\"><color=#e30000><u><link=\"Cycle\">Карма</link></u></color>\nНаносит больше урона в зависимости от <sprite name=\"Cycle\"><color=#e30000><u><link=\"Cycle\">Карма</link></u></color> на цели (+2% за каждый счетчик)\nЕсли на цели нет <sprite name=\"Cycle\"><color=#e30000><u><link=\"Cycle\">Карма</link></u></color>, -50% урона",
          "coinlist": [
            {
              "coindescs": [
                {
                  "desc": "[OnSucceedAttack] Если на цели есть <sprite name=\"Cycle\"><color=#e30000><u><link=\"Cycle\">Карма</link></u></color>, наносит 50 <sprite name=\"Cycle\"><color=#e30000><u><link=\"Cycle\">Карма</link></u></color>"
                }
              ]
            }
          ]
        }
      ]
    },
    {
      "id": 852706,
      "levelList": [
        {
          "level": 1,
          "name": "Созерцание",
          "desc": "[WinDuel] Уменьшает вдвое негативные эффекты у персонажа",
          "coinlist": [
            {
              "coindescs": [
                {
                  "desc": "[OnSucceedAttack] Наносит 2 <sprite name=\"Reduction\"><color=#e30000><u><link=\"Reduction\">Понижение силы атаки</link></u></color> на следующий ход"
                }
              ]
            }
          ]
        }
      ]
    },
    {
      "id": 852707,
      "levelList": [
        {
          "level": 1,
          "name": "Вынужденная жертва",
          "desc": "[DefeatDuel] Наносит 20 <sprite name=\"Cycle\"><color=#e30000><u><link=\"Cycle\">Карма</link></u></color> случайному союзнику на следующий ход",
          "coinlist": [
            {
              "coindescs": [
                {
                  "desc": "[OnSucceedAttack] Наносит 20 <sprite name=\"Cycle\"><color=#e30000><u><link=\"Cycle\">Карма</link></u></color>"
                }
              ]
            }
          ]
        }
      ]
    },
    {
      "id": 852708,
      "levelList": [
        {
          "level": 1,
          "name": "Ленивое пробуждение",
          "desc": "[DefeatDuel] Наносит 20 <sprite name=\"Cycle\"><color=#e30000><u><link=\"Cycle\">Карма</link></u></color> случайному союзнику на следующий ход",
          "coinlist": [
            {
              "coindescs": [
                {
                  "desc": "[OnSucceedAttack] Наносит 10 <sprite name=\"Cycle\"><color=#e30000><u><link=\"Cycle\">Карма</link></u></color>"
                }
              ]
            },
            {
              "coindescs": [
                {
                  "desc": "[OnSucceedAttack] Наносит 10 <sprite name=\"Cycle\"><color=#e30000><u><link=\"Cycle\">Карма</link></u></color>"
                }
              ]
            }
          ]
        }
      ]
    },
    {
      "id": 852709,
      "levelList": [
        {
          "level": 1,
          "name": "Мантра",
          "desc": "",
          "coinlist": [
            {
              "coindescs": [
                {
                  "desc": "[OnSucceedAttack] Убирает 3 ЭГО ресурса случайного греха"
                }
              ]
            },
            {
              "coindescs": [
                {
                  "desc": "[OnSucceedAttack] Убирает 3 ЭГО ресурса случайного греха"
                }
              ]
            }
          ]
        }
      ]
    },
    {
      "id": 852710,
      "levelList": [
        {
          "level": 1,
          "name": "Ленивое пробуждение",
          "desc": "[CantDuel]",
          "coinlist": [
            {
              "coindescs": [
                {
                  "desc": "[OnSucceedAttack] Наносит 1 Сансара"
                },
                {
                  "desc": "[OnSucceedAttackHead] Наносит 3 <sprite name=\"Paralysis\"><color=#e30000><u><link=\"Paralysis\">Паралич</link></u></color> на следующий ход"
                }
              ]
            },
            {
              "coindescs": [
                {
                  "desc": "Наносит 3 <sprite name=\"Vulnerable\"><color=#e30000><u><link=\"Vulnerable\">Уязвимости</link></u></color> на следующий ход"
                }
              ]
            }
          ]
        }
      ]
    },
    {
      "id": 852711,
      "levelList": [
        {
          "level": 1,
          "name": "Бодхи, Сваха́",
          "desc": "[WhenUse] Получает 10 <sprite name=\"AttackDmgUp\"><color=#f8c200><u><link=\"AttackDmgUp\">Повышение урона</link></u></color>\nПриоритет на оглушенных противников",
          "coinlist": []
        }
      ]
    },
    {
      "id": 852801,
      "levelList": [
        {
          "level": 1,
          "name": "Наступление",
          "desc": "",
          "coinlist": [
            {
              "coindescs": [
                {
                  "desc": "[OnSucceedAttackHead] Наносит 1 <sprite name=\"AttackDmgDown\"><color=#e30000><u><link=\"AttackDmgDown\">Понижение урона</link></u></color> на следующий ход"
                }
              ]
            }
          ]
        }
      ]
    },
    {
      "id": 852802,
      "levelList": [
        {
          "level": 1,
          "name": "…Очистить это",
          "desc": "",
          "coinlist": [
            {},
            {
              "coindescs": [
                {
                  "desc": "[OnSucceedAttackHead] Наносит 1 <sprite name=\"Binding\"><color=#e30000><u><link=\"Binding\">Понос</link></u></color> на следующий ход"
                }
              ]
            }
          ]
        }
      ]
    },
    {
      "id": 852803,
      "levelList": [
        {
          "level": 1,
          "name": "Истребление ереси",
          "desc": "",
          "coinlist": [
            {
              "coindescs": [
                {
                  "desc": "[OnSucceedAttack] Наносит 3 <sprite name=\"Paralysis\"><color=#e30000><u><link=\"Paralysis\">Паралич</link></u></color> на следующий ход"
                }
              ]
            }
          ]
        }
      ]
    },
    {
      "id": 852901,
      "levelList": [
        {
          "level": 1,
          "name": "Rápidamente~",
          "desc": "",
          "coinlist": [
            {
              "coindescs": [
                {
                  "desc": "[OnSucceedAttackHead] Наносит 1 <sprite name=\"PlusCoinValueDown\"><color=#e30000><u><link=\"PlusCoinValueDown\">Ослабление положительной монеты</link></u></color> на следующий ход"
                }
              ]
            }
          ]
        }
      ]
    },
    {
      "id": 852902,
      "levelList": [
        {
          "level": 1,
          "name": "Pañata Party~!",
          "desc": "",
          "coinlist": [
            {
              "coindescs": [
                {
                  "desc": "[OnSucceedAttack] Наносит 2 <sprite name=\"PlusCoinValueDown\"><color=#e30000><u><link=\"PlusCoinValueDown\">Ослабления положительной монеты</link></u></color> на следующий ход"
                }
              ]
            },
            {},
            {},
            {
              "coindescs": [
                {
                  "desc": "[OnSucceedAttack] Наносит 1 <sprite name=\"Vulnerable\"><color=#e30000><u><link=\"Vulnerable\">Уязвимость</link></u></color> на следующий ход"
                }
              ]
            }
          ]
        }
      ]
    },
    {
      "id": 853001,
      "levelList": [
        {
          "level": 1,
          "name": "Выброс плоти",
          "desc": "",
          "coinlist": [
            {
              "coindescs": [
                {
                  "desc": "[OnSucceedAttackHead] Наносит 2 <sprite name=\"Paralysis\"><color=#e30000><u><link=\"Paralysis\">Паралич</link></u></color> на следующий ход"
                }
              ]
            }
          ]
        }
      ]
    },
    {
      "id": 853002,
      "levelList": [
        {
          "level": 1,
          "name": "Подчинить разум",
          "desc": "",
          "coinlist": [
            {
              "coindescs": [
                {
                  "desc": "[OnSucceedAttack] Наносит 1 <sprite name=\"AttackDmgDown\"><color=#e30000><u><link=\"AttackDmgDown\">Понижение урона</link></u></color> на следующий ход"
                }
              ]
            }
          ]
        }
      ]
    }
  ]
}