{
  "dataList": [
    {
      "id": 2040511,
      "levelList": [
        {
          "level": 1,
          "name": "Кока-кола",
          "abName": "Вкуснятина",
          "desc": "",
          "coinlist": [
            {
              "coindescs": [
                {
                  "desc": "[OnSucceedAttack] Наносит 4 Депрессии<style=\"highlight\"></style>"
                },
                {
                  "desc": "[EnemyKill] Получает 3 ЭГО ресурса случайно имеющимся грехам<style=\"highlight\"></style>"
                }
              ]
            }
          ]
        },
        {
          "level": 3,
          "name": "Кока-кола",
          "abName": "Вкуснятина",
          "desc": "",
          "coinlist": [
            {
              "coindescs": [
                {
                  "desc": "[OnSucceedAttack] Наносит 5 Депрессии<style=\"highlight\"></style>"
                },
                {
                  "desc": "[EnemyKill] Получает 3 ЭГО ресурса случайно имеющимся грехам; Все союзники хиллят 3 СП<style=\"highlight\"></style>"
                }
              ]
            }
          ]
        },
        {
          "level": 4,
          "name": "Кока-кола",
          "abName": "Вкуснятина",
          "desc": "",
          "coinlist": [
            {
              "coindescs": [
                {
                  "desc": "[OnSucceedAttack] Наносит 6 Депрессии<style=\"highlight\"></style>"
                },
                {
                  "desc": "[EnemyKill] Получает 3 ЭГО ресурса случайно имеющимся грехам; Все союзники хиллят 3 СП<style=\"highlight\"></style>"
                }
              ]
            }
          ]
        }
      ]
    },
    {
      "id": 2040521,
      "levelList": [
        {
          "level": 1,
          "name": "Кока-кола",
          "abName": "Вкуснятина",
          "desc": "[CantIdentify]\nЕбашит рандомно<style=\"highlight\"></style>",
          "coinlist": [
            {
              "coindescs": [
                {
                  "desc": "[OnSucceedAttack] Наносит 4 Депрессии<style=\"highlight\"></style>"
                },
                {
                  "desc": "[EndSkill] Все союзники получают +1 <sprite name=\"GainSinStockAdder\"><color=#f8c200><u><link=\"GainSinStockAdder\">ЭГО ресурс АМП</color></link></u>.<style=\"highlight\"></style>"
                }
              ]
            }
          ]
        },
        {
          "level": 3,
          "name": "Кока-кола",
          "abName": "Вкуснятина",
          "desc": "[CantIdentify]\nЕбашит рандомно<style=\"highlight\"></style>",
          "coinlist": [
            {
              "coindescs": [
                {
                  "desc": "[OnSucceedAttack] Наносит 5 Депрессии<style=\"highlight\"></style>"
                },
                {
                  "desc": "[EndSkill] Все союзники получают +1 <sprite name=\"GainSinStockAdder\"><color=#f8c200><u><link=\"GainSinStockAdder\">ЭГО ресурс АМП</color></link></u>.<style=\"highlight\"></style>"
                }
              ]
            }
          ]
        },
        {
          "level": 4,
          "name": "Кока-кола",
          "abName": "Вкуснятина",
          "desc": "[CantIdentify]\nЕбашит рандомно<style=\"highlight\"></style>",
          "coinlist": [
            {
              "coindescs": [
                {
                  "desc": "[OnSucceedAttack] Наносит 6 Депрессии<style=\"highlight\"></style>"
                },
                {
                  "desc": "[EndSkill] Все союзники получают +1 <sprite name=\"GainSinStockAdder\"><color=#f8c200><u><link=\"GainSinStockAdder\">ЭГО ресурс АМП</color></link></u>., получает 1 спешку на следующий ход<style=\"highlight\"></style>"
                }
              ]
            }
          ]
        }
      ]
    },
    {
      "id": 2040611,
      "levelList": [
        {
          "level": 1,
          "name": "Ослепляющие нюдсы",
          "abName": "А мне скинешь?",
          "desc": "[BeforeAttack] Получает 4 Кумара<style=\"highlight\"></style>",
          "coinlist": [
            {
              "coindescs": [
                {
                  "desc": "[OnSucceedAttack] Получает +2 Счетчика Солей<style=\"highlight\"></style>"
                },
                {
                  "desc": "[CriticalOnSucceedAttack] Получает +2 Счетчика Солей<style=\"highlight\"></style>"
                }
              ]
            }
          ]
        },
        {
          "level": 3,
          "name": "Ослепляющие нюдсы",
          "abName": "А мне скинешь?",
          "desc": "[BeforeAttack] Получает 4 Кумара\n[EndSkill] Получает 2 Кумара за каждого убитого врага этим скиллом<style=\"highlight\"></style>",
          "coinlist": [
            {
              "coindescs": [
                {
                  "desc": "[OnSucceedAttack] Получает +2 Счетчика Солей<style=\"highlight\"></style>"
                },
                {
                  "desc": "[CriticalOnSucceedAttack] Получает +2 Счетчика Солей<style=\"highlight\"></style>"
                }
              ]
            }
          ]
        },
        {
          "level": 4,
          "name": "Ослепляющие нюдсы",
          "abName": "А мне скинешь?",
          "desc": "[BeforeAttack] Получает 4 Кумара\n[EndSkill] Получает 2 Кумара за каждого убитого врага этим скиллом<style=\"highlight\"></style>",
          "coinlist": [
            {
              "coindescs": [
                {
                  "desc": "[OnSucceedAttack] Получает +2 Счетчика Солей<style=\"highlight\"></style>"
                },
                {
                  "desc": "[CriticalOnSucceedAttack] Получает +2 Счетчика Солей<style=\"highlight\"></style>"
                }
              ]
            }
          ]
        }
      ]
    },
    {
      "id": 2040621,
      "levelList": [
        {
          "level": 1,
          "name": "Ослепляющие нюдсы",
          "abName": "А мне скинешь?",
          "desc": "[CantIdentify]\nЕбашит рандомно\n[BeforeAttack] Получает 4 Кумара. Тратит 2 счетчика Солей чтобы получить 1 Кумар (Макс. 10)\n[EndSkill] Получает +4 Счетчика Солей за каждого убитого врага этим скиллом<style=\"highlight\"></style>",
          "coinlist": [
            {
              "coindescs": [
                {
                  "desc": "[OnSucceedAttack] Получает +1 Счетчика кумара<style=\"highlight\"></style>"
                }
              ]
            }
          ]
        },
        {
          "level": 3,
          "name": "Ослепляющие нюдсы",
          "abName": "А мне скинешь?",
          "desc": "[CantIdentify]\nЕбашит рандомно\n[BeforeAttack] Получает 4 Кумара. Тратит 2 счетчика Солей чтобы получить 1 Кумар (Макс. 10)\n[EndSkill] Получает +4 Счетчика Солей за каждого убитого врага этим скиллом<style=\"highlight\"></style>",
          "coinlist": [
            {
              "coindescs": [
                {
                  "desc": "[OnSucceedAttack] Получает +1 Счетчика кумара<style=\"highlight\"></style>"
                }
              ]
            }
          ]
        },
        {
          "level": 4,
          "name": "Ослепляющие нюдсы",
          "abName": "А мне скинешь?",
          "desc": "[CantIdentify]\nЕбашит рандомно\n[BeforeAttack] Получает 4 Кумара. Тратит 2 счетчика Солей чтобы получить 1 Кумар (Макс. 10)\n[EndSkill] Получает +4 Счетчика Солей за каждого убитого врага этим скиллом<style=\"highlight\"></style>",
          "coinlist": [
            {
              "coindescs": [
                {
                  "desc": "[OnSucceedAttack] Получает +1 Счетчика кумара<style=\"highlight\"></style>"
                },
                {
                  "desc": "[CriticalOnSucceedAttack] При 10+ <sprite name=\"Breath\"><color=#f8c200><u><link=\"Breath\">Кумара</link></u></color>, Получает +30% Крит. урона<style=\"highlight\"></style>"
                }
              ]
            }
          ]
        }
      ]
    },
    {
      "id": 2040711,
      "levelList": [
        {
          "level": 1,
          "name": "Комптемпт, ухх",
          "abName": "Спираль комптемпта",
          "desc": "[BeforeAttack] Получает (Наивысш. рез.) АОЕ атаку (Макс. 2)\n[BeforeAttack] Получает (Наивысш. рез. + 1) <sprite name=\"GazePersonality\"><color=#f8c200><u><link=\"GazePersonality\">Взор презрения</link></u></color> (Макс. 7)\n[EndSkill] Следующие 2 хода, теряет 10 СП в конце хода<style=\"highlight\"></style>",
          "coinlist": [
            {},
            {
              "coindescs": [
                {
                  "desc": "[EndSkill] Равномерно наносит 10 <sprite name=\"Laceration\"><color=#e30000><u><link=\"Laceration\">Кетчуп</link></u></color> между всеми врагами<style=\"highlight\"></style>"
                }
              ]
            }
          ]
        },
        {
          "level": 3,
          "name": "Комптемпт, ухх",
          "abName": "Спираль комптемпта",
          "desc": "[BeforeAttack] Получает (Наивысш. рез.) АОЕ атаку (Макс. <style=\"highlight\">4</style>)\n[BeforeAttack] Получает (Наивысш. рез. + 1) <sprite name=\"GazePersonality\"><color=#f8c200><u><link=\"GazePersonality\">Взор презрения</link></u></color> (Макс. 7)\n[EndSkill] Следующие 2 хода, теряет 10 СП в конце хода",
          "coinlist": [
            {},
            {
              "coindescs": [
                {
                  "desc": "[EndSkill] Равномерно наносит <style=\"highlight\">15</style> <sprite name=\"Laceration\"><color=#e30000><u><link=\"Laceration\">Кетчупа</link></u></color> между всеми врагами"
                }
              ]
            }
          ]
        },
        {
          "level": 4,
          "name": "Комптемпт, ухх",
          "abName": "Спираль комптемпта",
          "desc": "[BeforeAttack] Получает (Наивысш. рез.) АОЕ атаку (Макс. <style=\"highlight\">6</style>)\n[BeforeAttack] Получает (Наивысш. рез. + 1) <sprite name=\"GazePersonality\"><color=#f8c200><u><link=\"GazePersonality\">Взор презрения</link></u></color> <style=\"highlight\">на этот и следующий ход</style> (Макс. 7)\n<style=\"highlight\">[EndSkill] Если этот скилл был частью резонанса похоти, получает 1 ЭГО ресурсов, отвечающие за каждые скиллы союзников</style>\n[EndSkill] Следующие 2 хода, теряет 10 SP",
          "coinlist": [
            {},
            {
              "coindescs": [
                {
                  "desc": "[EndSkill] Равномерно наносит 15 <sprite name=\"Laceration\"><color=#e30000><u><link=\"Laceration\">Кетчупа</link></u></color> между всеми врагами<style=\"highlight\"></style>"
                }
              ]
            }
          ]
        }
      ]
    },
    {
      "id": 2040721,
      "levelList": [
        {
          "level": 1,
          "name": "Комптемпт, ухх",
          "abName": "Спираль комптемпта",
          "desc": "[CantIdentify]\nЕбашит рандомно\n[BeforeAttack] Получает 7 <sprite name=\"GazePersonality\"><color=#f8c200><u><link=\"GazePersonality\">Взор презрения</link></u></color><style=\"highlight\"></style>",
          "coinlist": [
            {
              "coindescs": [
                {
                  "desc": "[OnSucceedAttack] Если цель имела <sprite name=\"Laceration\"><color=#e30000><u><link=\"Laceration\">Кетчуп</link></u></color>, наносит +(сумма <sprite name=\"Laceration\"><color=#e30000><u><link=\"Laceration\">Кетчупа</link></u></color> Потенциала и счетчика на цели)% больше урона (Макс. 20%)<style=\"highlight\"></style>"
                },
                {
                  "desc": "[OnSucceedAttack] Наносит (1 + (Наивысш. рез. x 1.5)) <sprite name=\"Laceration\"><color=#e30000><u><link=\"Laceration\">Кетчуп</link></u></color> (Макс. 10, происходит округление)<style=\"highlight\"></style>"
                },
                {
                  "desc": "[OnSucceedAttack] Наносит +2 <sprite name=\"Laceration\"><color=#e30000><u><link=\"Laceration\">Кетчуп</link></u></color> Счетчика<style=\"highlight\"></style>"
                }
              ]
            }
          ]
        },
        {
          "level": 3,
          "name": "Комптемпт, ухх",
          "abName": "Спираль комптемпта",
          "desc": "[CantIdentify]\nЕбашит рандомно\n[BeforeAttack] Получает 7 <sprite name=\"GazePersonality\"><color=#f8c200><u><link=\"GazePersonality\">Взор презрения</link></u></color><style=\"highlight\"></style>",
          "coinlist": [
            {
              "coindescs": [
                {
                  "desc": "[OnSucceedAttack] Если цель имела <sprite name=\"Laceration\"><color=#e30000><u><link=\"Laceration\">Кетчуп</link></u></color>, наносит +(сумма <sprite name=\"Laceration\"><color=#e30000><u><link=\"Laceration\">Кетчупа</link></u></color> Потенциала и счетчика на цели)% больше урона (Макс. <style=\"highlight\">40%</style>)"
                },
                {
                  "desc": "[OnSucceedAttack] Наносит <style=\"highlight\">(3 + (Наивысш. рез. x 2))</style> <sprite name=\"Laceration\"><color=#e30000><u><link=\"Laceration\">Кетчуп</link></u></color> (Макс. <style=\"highlight\">15</style>, происходит округление)"
                },
                {
                  "desc": "[OnSucceedAttack] Наносит +<style=\"highlight\">3</style> <sprite name=\"Laceration\"><color=#e30000><u><link=\"Laceration\">Кетчуп</link></u></color> Счетчика"
                }
              ]
            }
          ]
        },
        {
          "level": 4,
          "name": "Комптемпт, ухх",
          "abName": "Спираль комптемпта",
          "desc": "[CantIdentify]\nЕбашит рандомно\n[BeforeAttack] Получает 7 <sprite name=\"GazePersonality\"><color=#f8c200><u><link=\"GazePersonality\">Взор презрения</link></u></color>\n<style=\"highlight\">[EndSkill] Если этот скилл был частью резонанса похоти, получает 1 ЭГО ресурсов, отвечающие за каждые скиллы союзников</style>",
          "coinlist": [
            {
              "coindescs": [
                {
                  "desc": "[OnSucceedAttack] Если цель имела <sprite name=\"Laceration\"><color=#e30000><u><link=\"Laceration\">Кетчуп</link></u></color>, наносит +(сумма <sprite name=\"Laceration\"><color=#e30000><u><link=\"Laceration\">Кетчупа</link></u></color> Потенциала и счетчика на цели)% больше урона (Макс. <style=\"highlight\">60%</style>)"
                },
                {
                  "desc": "[OnSucceedAttack] Наносит <style=\"highlight\">(10 + (Наивысш. рез. x 2.5))</style> <sprite name=\"Laceration\"><color=#e30000><u><link=\"Laceration\">Кетчуп</link></u></color> (Макс. <style=\"highlight\">25</style>, происходит округление)"
                },
                {
                  "desc": "[OnSucceedAttack] Наносит +<style=\"highlight\">5</style> <sprite name=\"Laceration\"><color=#e30000><u><link=\"Laceration\">Кетчуп</link></u></color> Счетчика"
                }
              ]
            }
          ]
        }
      ]
    },
    {
      "id": 2040811,
      "levelList": [
        {
          "level": 1,
          "name": "Рак легких",
          "abName": "Спящий мешок прошлых дней",
          "desc": "[BeforeAttack] Получает (Наивысш. рез.) <sprite name=\"Breath\"><color=#f8c200><u><link=\"Breath\">Кумара</link></u></color> (Макс. 4)\n- При 15+ <sprite name=\"Breath\"><color=#f8c200><u><link=\"Breath\">Кумар</link></u></color>, Вместо этого получает финальную силу клеша +(Наивысш. рез.) (Макс. 4)\n[BeforeAttack] Получает (Наивысш. рез. / 2) <sprite name=\"Breath\"><color=#f8c200><u><link=\"Breath\">Кумар</link></u></color> Счетчика (Макс. 2)\n- При 5+ <sprite name=\"Breath\"><color=#f8c200><u><link=\"Breath\">Кумар</link></u></color> Получает Силу монетки +(Наивысш. рез. / 2) (Макс. 2)\n[TargetKill] Получает 1 <sprite name=\"HoldingBreath\"><color=#f8c200><u><link=\"HoldingBreath\">Глубокий вдох</link></u></color> в следующем ходу (2 раза за ход)<style=\"highlight\"></style>",
          "coinlist": [
            {},
            {
              "coindescs": [
                {
                  "desc": "[OnSucceedAttack] Получает 2 <sprite name=\"HoldingBreath\"><color=#f8c200><u><link=\"HoldingBreath\">Глубокий вдох</link></u></color> (один раз за ход)<style=\"highlight\"></style>"
                }
              ]
            }
          ]
        },
        {
          "level": 3,
          "name": "Рак легких",
          "abName": "Спящий мешок прошлых дней",
          "desc": "[BeforeAttack] Получает (Наивысш. рез.) <sprite name=\"Breath\"><color=#f8c200><u><link=\"Breath\">Кумар</link></u></color> (Макс. <style=\"highlight\">6</style>)\n- При 15+ <sprite name=\"Breath\"><color=#f8c200><u><link=\"Breath\">Кумар</link></u></color>, Вместо этого получает финальную силу клеша +(Наивысш. рез.) (Макс. <style=\"highlight\">6</style>)\n[BeforeAttack] Получает (Наивысш. рез. / 2) <sprite name=\"Breath\"><color=#f8c200><u><link=\"Breath\">Кумар</link></u></color> Счетчика (Макс. 2)\n- При 5+ <sprite name=\"Breath\"><color=#f8c200><u><link=\"Breath\">Кумара</link></u></color> Получает Силу монетки +(Наивысш. рез. / 2) (Макс. 2)\n[TargetKill] Получает <style=\"highlight\">2</style> <sprite name=\"HoldingBreath\"><color=#f8c200><u><link=\"HoldingBreath\">Глубокий вдох</link></u></color> в следующем ходу (<style=\"highlight\">4</style> раза за ход)",
          "coinlist": [
            {},
            {
              "coindescs": [
                {
                  "desc": "<style=\"highlight\">Наносит +(<sprite name=\"Breath\"><color=#f8c200><u><link=\"Breath\">Кумар</link></u></color> Потенциала + Счетчика)% больше урона при раскумаре (Макс. 20%)</style>"
                },
                {
                  "desc": "[OnSucceedAttack] Получает 2 <sprite name=\"HoldingBreath\"><color=#f8c200><u><link=\"HoldingBreath\">Глубокий вдох</link></u></color> (один раз за ход)<style=\"highlight\"></style>"
                }
              ]
            }
          ]
        },
        {
          "level": 4,
          "name": "Рак легких",
          "abName": "Спящий мешок прошлых дней",
          "desc": "[BeforeAttack] Получает (Наивысш. рез.) <sprite name=\"Breath\"><color=#f8c200><u><link=\"Breath\">Кумар</link></u></color> (Макс. 6)\n- При 15+ <sprite name=\"Breath\"><color=#f8c200><u><link=\"Breath\">Кумар</link></u></color>, Вместо этого получает финальную силу клеша +(Наивысш. рез.) (Макс. 6)\n[BeforeAttack] Получает (Наивысш. рез. / 2) <sprite name=\"Breath\"><color=#f8c200><u><link=\"Breath\">Кумар</link></u></color> Счетчика (Макс. <style=\"highlight\">3</style>)\n- При 5+ <sprite name=\"Breath\"><color=#f8c200><u><link=\"Breath\">Кумар</link></u></color> Получает Силу монетки +(Наивысш. рез. / 2) (Макс. <style=\"highlight\">3</style>)\n[TargetKill] Получает 2 <sprite name=\"HoldingBreath\"><color=#f8c200><u><link=\"HoldingBreath\">Глубокий вдох</link></u></color> в следующем ходу (<style=\"highlight\">6</style> раз за ход)",
          "coinlist": [
            {},
            {
              "coindescs": [
                {
                  "desc": "Наносит +(<sprite name=\"Breath\"><color=#f8c200><u><link=\"Breath\">Кумар</link></u></color> Потенциала + Счетчика)% больше урона при раскумаре (Макс. <style=\"highlight\">40%</style>)"
                },
                {
                  "desc": "[OnSucceedAttack] Получает <style=\"highlight\">4</style> <sprite name=\"HoldingBreath\"><color=#f8c200><u><link=\"HoldingBreath\">Глубокий вдох</link></u></color> (один раз за ход)"
                }
              ]
            }
          ]
        }
      ]
    },
    {
      "id": 2040821,
      "levelList": [
        {
          "level": 1,
          "name": "Рак легких",
          "abName": "Спящий мешок прошлых дней",
          "desc": "[CantIdentify]\nПриоритет на юнитов с наименьшим хп(союзники в счет)\nЕсли союзник это цель скилла, наносит на +30% больше урона\n\n[BeforeAttack] При менее, чем 15 <sprite name=\"Breath\"><color=#f8c200><u><link=\"Breath\">Кумара</link></u></color>, Тратит 10% ХП чтобы получить <sprite name=\"Breath\"><color=#f8c200><u><link=\"Breath\">Кумара</link></u></color> и +5 <sprite name=\"Breath\"><color=#f8c200><u><link=\"Breath\">Кумара</link></u></color> Счетчика\n- Не может быть застаггерен или убит во время каста этого скилла\n\n[EndSkill] Если цель была убита, получает 2 <sprite name=\"HoldingBreath\"><color=#f8c200><u><link=\"HoldingBreath\">Глубокий вдох</link></u></color> на следующий ход. (Один раз за ход) Если сказанный юнит был союзником, активирует следующий эффект:\n- Союзники, которые учавствовали в сражении или были пришли из бекапа получают 2 <sprite name=\"Breath\"><color=#f8c200><u><link=\"Breath\">Кумара</link></u></color> и +2 <sprite name=\"Breath\"><color=#f8c200><u><link=\"Breath\">Кумара</link></u></color> Счетчика<style=\"highlight\"></style>",
          "coinlist": [
            {},
            {
              "coindescs": [
                {
                  "desc": "[OnSucceedAttack] Получает 4 <sprite name=\"HoldingBreath\"><color=#f8c200><u><link=\"HoldingBreath\">Глубокий вдох</link></u></color> (один раз за ход)<style=\"highlight\"></style>"
                }
              ]
            }
          ]
        },
        {
          "level": 3,
          "name": "Рак легких",
          "abName": "Спящий мешок прошлых дней",
          "desc": "[CantIdentify]\nПриоритет на юнитов с наименьшим хп(союзники в счет)\nЕсли союзник это цель скилла, наносит на +30% больше урона\n\n[BeforeAttack] При менее, чем 15 <sprite name=\"Breath\"><color=#f8c200><u><link=\"Breath\">Кумара</link></u></color>, Тратит 10% ХП чтобы получить <sprite name=\"Breath\"><color=#f8c200><u><link=\"Breath\">Кумара</link></u></color> и +5 <sprite name=\"Breath\"><color=#f8c200><u><link=\"Breath\">Кумара</link></u></color> Счетчика\n- Не может быть застаггерен или убит во время каста этого скилла\n<style=\"highlight\">- Получает 1 <sprite name=\"Breath\"><color=#f8c200><u><link=\"Breath\">Кумар</link></u></color> за каждого союзника, на которого направлен этот скилл (Макс. 2)</style>\n\n[EndSkill] Если цель была убита, получает 2 <sprite name=\"HoldingBreath\"><color=#f8c200><u><link=\"HoldingBreath\">Глубокий вдох</link></u></color> на следующий ход. (Один раз за ход) Если сказанный юнит был союзником, активирует следующий эффект:\n- Союзники, которые учавствовали в сражении или были пришли из бекапа получают <style=\"highlight\">4</style> <sprite name=\"Breath\"><color=#f8c2я0><u><link=\"Breath\">Кумар</link></u></color> и +2 <sprite name=\"Breath\"><color=#f8c200><u><link=\"Breath\">Кумара</link></u></color> Счетчика\n<style=\"highlight\">- Recover half of SP used by this Skill</style>",
          "coinlist": [
            {},
            {
              "coindescs": [
                {
                  "desc": "<style=\"highlight\">Наносит +(<sprite name=\"Breath\"><color=#f8c200><u><link=\"Breath\">Кумар</link></u></color> Потенциала + Счетчика)% больше урона при раскумаре (Макс. 20%)</style>"
                },
                {
                  "desc": "[OnSucceedAttack] Получает 4 <sprite name=\"HoldingBreath\"><color=#f8c200><u><link=\"HoldingBreath\">Глубокий вдох</link></u></color> (один раз за ход)<style=\"highlight\"></style>"
                }
              ]
            }
          ]
        },
        {
          "level": 4,
          "name": "Рак легких",
          "abName": "Спящий мешок прошлых дней",
          "desc": "[CantIdentify]\nПриоритет на юнитов с наименьшим хп(союзники в счет)\nЕсли союзник это цель скилла, наносит на +30% больше урона\n\n[BeforeAttack] При менее, чем 15 <sprite name=\"Breath\"><color=#f8c200><u><link=\"Breath\">Кумара</link></u></color>, Тратит 10% ХП чтобы получить <sprite name=\"Breath\"><color=#f8c200><u><link=\"Breath\">Кумара</link></u></color> и +5 <sprite name=\"Breath\"><color=#f8c200><u><link=\"Breath\">Кумара</link></u></color> Счетчика\n- Не может быть застаггерен или убит во время каста этого скилла\n- Получает <style=\"highlight\">2</style> <sprite name=\"Breath\"><color=#f8c200><u><link=\"Breath\">Кумар</link></u></color> за каждого союзника, на которого направлен этот скилл (Макс. <style=\"highlight\">4</style>)\n\n[EndSkill] Если цель была убита, получает 3 <sprite name=\"HoldingBreath\"><color=#f8c200><u><link=\"HoldingBreath\">Глубокий вдох</link></u></color> на следующий ход. (Один раз за ход) Если сказанный юнит был союзником, активирует следующий эффект:\n- Союзники, которые учавствовали в сражении или были пришли из бекапа получают 4 <sprite name=\"Breath\"><color=#f8c200><u><link=\"Breath\">Кумара</link></u></color> и +<style=\"highlight\">4</style> <sprite name=\"Breath\"><color=#f8c2я0><u><link=\"Breath\">Кумар</link></u></color> Счетчика\n<style=\"highlight\">- Recover SP used by this Skill и reПолучает 1 of each ЭГО resources consumed</style>",
          "coiяlist": [
            {},
            {
              "coindescs": [
                {
                  "desc": "Наносит +(<sprite name=\"Breath\"><color=#f8c200><u><link=\"Breath\">Кумар</link></u></color> Потенциала + Счетчика)% больше урона при раскумаре (Макс. <style=\"highlight\">40%</style>)"
                },
                {
                  "desc": "[OnSucceedAttack] Получает <style=\"highlight\">7</style> <sprite name=\"HoldingBreath\"><color=#f8c200><u><link=\"HoldingBreath\">Глубокий вдох</link></u></color> (один раз за ход)"
                }
              ]
            }
          ]
        }
      ]
    }
  ]
}