﻿{
  "dataList": [
    {
      "id": 827701,
      "levelList": [
        {
          "level": 1,
          "name": "Тебе страшно?",
          "desc": "Пока в состоянии <sprite name=\"TimeAcceleration\"><color=#f0a200><u><link=\"TimeAcceleration\">Ускоренного времени</link></u></color>, Сила в столкновении +1\n[DefeatDuel] При 75% HP и менее тратит 50 <sprite name=\"LimitedTime\"><color=#cc9901><u><link=\"LimitedTime\">Украденного времени</link></u></color>, чтобы получить 1 <sprite name=\"Protection\"><color=#f8c200><u><link=\"Protection\">Защищенность</link></u></color> (Единожды ход)",
          "coinlist": [
            {
              "coindescs": [
                {
                  "desc": "[OnSucceedAttack] Наносит 3 <sprite name=\"Laceration\"><color=#e30000><u><link=\"Laceration\">Кетчупа</link></u></color>"
                }
              ]
            },
            {
              "coindescs": [
                {
                  "desc": "[OnSucceedAttack] Наносит 3 <sprite name=\"Laceration\"><color=#e30000><u><link=\"Laceration\">Кетчупа</link></u></color>"
                }
              ]
            }
          ]
        }
      ]
    },
    {
      "id": 827702,
      "levelList": [
        {
          "level": 1,
          "name": "Наказание за убийство времени",
          "desc": "В состоянии <sprite name=\"TimeAcceleration\"><color=#f0a200><u><link=\"TimeAcceleration\">Ускоренного времени</link></u></color>, Сила в столкновении +2\n[WhenUse] При 500 и более <sprite name=\"LimitedTime\"><color=#cc9901><u><link=\"LimitedTime\">Украденного времени</link></u></color> повышает счетчик <sprite name=\"Laceration\"><color=#e30000><u><link=\"Laceration\">Кетчупа</link></u></color> цели на 1\n[WhenUse] При 300 и более <sprite name=\"LimitedTime\"><color=#cc9901><u><link=\"LimitedTime\">Украденного времени</link></u></color> тратит 25 <sprite name=\"LimitedTime\"><color=#cc9901><u><link=\"LimitedTime\">Украденного времени</link></u></color>, чтобы повысить счетчик и силу <sprite name=\"Laceration\"><color=#e30000><u><link=\"Laceration\">Кетчупа</link></u></color>, наносимые этой атакой, на 1",
          "coinlist": [
            {
              "coindescs": [
                {
                  "desc": "[OnSucceedAttack] Наносит 4 <sprite name=\"Laceration\"><color=#e30000><u><link=\"Laceration\">Кетчупа</link></u></color>"
                }
              ]
            },
            {
              "coindescs": [
                {
                  "desc": "[OnSucceedAttack] Повышает счетчик <sprite name=\"Laceration\"><color=#e30000><u><link=\"Laceration\">Кетчупа</link></u></color> на 2"
                }
              ]
            },
            {
              "coindescs": [
                {
                  "desc": "[OnSucceedAttack] Повышает счетчик <sprite name=\"Laceration\"><color=#e30000><u><link=\"Laceration\">Кетчупа</link></u></color> на 2"
                }
              ]
            }
          ]
        }
      ]
    },
    {
      "id": 827703,
      "levelList": [
        {
          "level": 1,
          "name": "Добыча",
          "desc": "В состоянии <sprite name=\"TimeAcceleration\"><color=#f0a200><u><link=\"TimeAcceleration\">Ускоренного времени</link></u></color> Сила в столкновении +1\n[WhenUse] При 75% и менее HP тратит 50 <sprite name=\"LimitedTime\"><color=#f0a200><u><link=\"LimitedTime\">Украденного времени</link></u></color>, чтобы получить +2 к Силе в столкновении",
          "coinlist": [
            {
              "coindescs": [
                {
                  "desc": "[OnSucceedAttack] Наносит 3 <sprite name=\"Laceration\"><color=#e30000><u><link=\"Laceration\">Кетчупа</link></u></color>"
                }
              ]
            },
            {
              "coindescs": [
                {
                  "desc": "[OnSucceedAttack] Наносит 3 <sprite name=\"Laceration\"><color=#e30000><u><link=\"Laceration\">Кетчупа</link></u></color>"
                }
              ]
            },
            {
              "coindescs": [
                {
                  "desc": "[OnSucceedAttack] Наносит 3 <sprite name=\"Laceration\"><color=#e30000><u><link=\"Laceration\">Кетчупа</link></u></color>"
                }
              ]
            },
            {
              "coindescs": [
                {
                  "desc": "[OnSucceedAttack] Повышает счетчик <sprite name=\"Laceration\"><color=#e30000><u><link=\"Laceration\">Кетчупа</link></u></color> на 2"
                }
              ]
            }
          ]
        }
      ]
    },
    {
      "id": 827704,
      "levelList": [
        {
          "level": 1,
          "name": "Рассечение",
          "desc": "[WhenUse] При 75% и менее HP тратит 75 <sprite name=\"LimitedTime\"><color=#cc9901><u><link=\"LimitedTime\">Украденного времени</link></u></color>, чтобы получить +2 к Силе в столкновении\n[BeforeAttack] В состоянии <sprite name=\"TimeAcceleration\"><color=#f0a200><u><link=\"TimeAcceleration\">Ускоренного времени</link></u></color> Вес атаки +1",
          "coinlist": [
            {
              "coindescs": [
                {
                  "desc": "[OnSucceedAttack] Повышает счетчик <sprite name=\"Laceration\"><color=#e30000><u><link=\"Laceration\">Кетчупа</link></u></color> на 1"
                }
              ]
            },
            {
              "coindescs": [
                {
                  "desc": "[OnSucceedAttack] Наносит 8 <sprite name=\"Laceration\"><color=#e30000><u><link=\"Laceration\">Кетчупа</link></u></color>"
                }
              ]
            }
          ]
        }
      ]
    },
    {
      "id": 827705,
      "levelList": [
        {
          "level": 1,
          "name": "Время спасения",
          "desc": "[CantDuel]\nВыбирает <sprite name=\"TimeKillerWatch\"><color=#c57609><u><link=\"TimeKillerWatch\">Целью спасения времени</link></u></color> противника, использовавшего атакующий навык на Потрошителя времени\n[StartBattle] Тратит 200 <sprite name=\"LimitedTime\"><color=#cc9901><u><link=\"LimitedTime\">Украденного времени</link></u></color> и переходит в состояние <sprite name=\"TimeAcceleration\"><color=#f0a200><u><link=\"TimeAcceleration\">Ускоренного времени</link></u></color> в следующем ходе",
          "coinlist": [
            {
              "coindescs": [
                {
                  "desc": ""
                }
              ]
            }
          ]
        }
      ]
    },
    {
      "id": 827706,
      "levelList": [
        {
          "level": 1,
          "name": "Уворот",
          "desc": "[WhenUse] Базовая сила +1 за каждые 100 <sprite name=\"LimitedTime\"><color=#cc9901><u><link=\"LimitedTime\">Украденного времени</link></u></color>",
          "coinlist": [
            {
              "coindescs": [
                {
                  "desc": ""
                }
              ]
            }
          ]
        }
      ]
    },
    {
      "id": 827801,
      "levelList": [
        {
          "level": 1,
          "name": "Тебе страшно?",
          "desc": "В состоянии <sprite name=\"TimeAcceleration\"><color=#f0a200><u><link=\"TimeAcceleration\">Ускоренного времени</link></u></color> Сила в столкновении +1\n[DefeatDuel] При 75% HP и менее тратит 50 <sprite name=\"OwnTime\"><color=#f5be14><u><link=\"OwnTime\">Распределенного времени</link></u></color>, чтобы получить 1 <sprite name=\"Protection\"><color=#f8c200><u><link=\"Protection\">Защищенность</link></u></color> (Единожды за ход)",
          "coinlist": [
            {
              "coindescs": [
                {
                  "desc": "[OnSucceedAttack] Наносит 3 <sprite name=\"Laceration\"><color=#e30000><u><link=\"Laceration\">Кетчупа</link></u></color>"
                }
              ]
            },
            {
              "coindescs": [
                {
                  "desc": "[OnSucceedAttack] Наносит 3 <sprite name=\"Laceration\"><color=#e30000><u><link=\"Laceration\">Кетчупа</link></u></color>"
                }
              ]
            }
          ]
        }
      ]
    },
    {
      "id": 827802,
      "levelList": [
        {
          "level": 1,
          "name": "Наказание за убийство времени",
          "desc": "В состоянии <sprite name=\"TimeAcceleration\"><color=#f0a200><u><link=\"TimeAcceleration\">Ускоренного времени</link></u></color> Сила в столкновении +2\n[WhenUse] При сумме <sprite name=\"OwnTime\"><color=#f5be14><u><link=\"OwnTime\">Распределенного времени</link></u></color> всех частей 500 и больше, повышает счетчик <sprite name=\"Laceration\"><color=#e30000><u><link=\"Laceration\">Кетчупа</link></u></color> цели на 1\n[WhenUse] При сумме <sprite name=\"OwnTime\"><color=#f5be14><u><link=\"OwnTime\">Распределенного времени</link></u></color> 300 и более, тратит 25 <sprite name=\"OwnTime\"><color=#f5be14><u><link=\"OwnTime\">Распределенного времени</link></u></color>, чтобы повысить счетчик и силу <sprite name=\"Laceration\"><color=#e30000><u><link=\"Laceration\">Кетчупа</link></u></color>, наносимые этой атакой, на 1",
          "coinlist": [
            {
              "coindescs": [
                {
                  "desc": "[OnSucceedAttack] Наносит 4 <sprite name=\"Laceration\"><color=#e30000><u><link=\"Laceration\">Кетчупа</link></u></color>"
                }
              ]
            },
            {
              "coindescs": [
                {
                  "desc": "[OnSucceedAttack] Повышает счетчик <sprite name=\"Laceration\"><color=#e30000><u><link=\"Laceration\">Кетчупа</link></u></color> на 2"
                }
              ]
            },
            {
              "coindescs": [
                {
                  "desc": "[OnSucceedAttack] Повышает счетчик <sprite name=\"Laceration\"><color=#e30000><u><link=\"Laceration\">Кетчупа</link></u></color> на 2"
                }
              ]
            }
          ]
        }
      ]
    },
    {
      "id": 827803,
      "levelList": [
        {
          "level": 1,
          "name": "Добыча",
          "desc": "В состоянии <sprite name=\"TimeAcceleration\"><color=#f0a200><u><link=\"TimeAcceleration\">Ускоренного времени</link></u></color> Сила монет +2\n[WhenUse] При 75% и менее HP тратит 50 <sprite name=\"OwnTime\"><color=#f5be14><u><link=\"OwnTime\">Распределенного времени</link></u></color>, чтобы получить +2 к Силе в столкновении",
          "coinlist": [
            {
              "coindescs": [
                {
                  "desc": "[OnSucceedAttack] Наносит 3 <sprite name=\"Laceration\"><color=#e30000><u><link=\"Laceration\">Кетчупа</link></u></color>"
                }
              ]
            },
            {
              "coindescs": [
                {
                  "desc": "[OnSucceedAttack] Наносит 3 <sprite name=\"Laceration\"><color=#e30000><u><link=\"Laceration\">Кетчупа</link></u></color>"
                }
              ]
            },
            {
              "coindescs": [
                {
                  "desc": "[OnSucceedAttack] Наносит 3 <sprite name=\"Laceration\"><color=#e30000><u><link=\"Laceration\">Кетчупа</link></u></color>"
                }
              ]
            },
            {
              "coindescs": [
                {
                  "desc": "[OnSucceedAttack] Повышает счетчик <sprite name=\"Laceration\"><color=#e30000><u><link=\"Laceration\">Кетчупа</link></u></color> на 2"
                }
              ]
            }
          ]
        }
      ]
    },
    {
      "id": 827804,
      "levelList": [
        {
          "level": 1,
          "name": "Рассечение",
          "desc": "[WhenUse] При 75% и менее HP тратит 75 <sprite name=\"OwnTime\"><color=#f5be14><u><link=\"OwnTime\">Распределенного времени</link></u></color> для получения +2 к Силе в столкновении\n[BeforeAttack] В состоянии <sprite name=\"TimeAcceleration\"><color=#f0a200><u><link=\"TimeAcceleration\">Ускоренного времени</link></u></color> Вес атаки +1\n[BeforeAttack] При 60% и менее HP тратит 10 <sprite name=\"OwnTime\"><color=#f5be14><u><link=\"OwnTime\">Распределенного времени</link></u></color>, чтобы получить +1 к Весу атаки",
          "coinlist": [
            {
              "coindescs": [
                {
                  "desc": "[OnSucceedAttack] Повышает счетчик <sprite name=\"Laceration\"><color=#e30000><u><link=\"Laceration\">Кетчупа</link></u></color> на 1"
                }
              ]
            },
            {
              "coindescs": [
                {
                  "desc": "[OnSucceedAttack] Наносит 8 <sprite name=\"Laceration\"><color=#e30000><u><link=\"Laceration\">Кетчупа</link></u></color>"
                }
              ]
            }
          ]
        }
      ]
    },
    {
      "id": 827805,
      "levelList": [
        {
          "level": 1,
          "name": "Время спасения",
          "desc": "[CantDuel]\nВыбирает <sprite name=\"TimeKillerWatch\"><color=#c57609><u><link=\"TimeKillerWatch\">Целью спасения времени</link></u></color> противника, использовавшего атакующий навык на Потрошителя времени\n[StartBattle] Тратит 200 <sprite name=\"OwnTime\"><color=#f5be14><u><link=\"OwnTime\">Распределенного времени</link></u></color> и переходит в состояние <sprite name=\"TimeAcceleration\"><color=#f0a200><u><link=\"TimeAcceleration\">Ускоренного времени</link></u></color> в следующем ходе",
          "coinlist": [
            {
              "coindescs": [
                {
                  "desc": ""
                }
              ]
            }
          ]
        }
      ]
    },
    {
      "id": 827806,
      "levelList": [
        {
          "level": 1,
          "name": "Уворот",
          "desc": "[WhenUse] Базовая сила +1 за каждые 100 в сумме <sprite name=\"OwnTime\"><color=#f5be14><u><link=\"OwnTime\">Распределенного времени</link></u></color> всех частей",
          "coinlist": [
            {
              "coindescs": [
                {
                  "desc": ""
                }
              ]
            }
          ]
        }
      ]
    },
    {
      "id": 827807,
      "levelList": [
        {
          "level": 1,
          "name": "Время, убивающее время",
          "desc": "[CantDuel]\nСкорость Потрошителя времени фиксируется на 12\nПотрошителя времени нельзя оглушить в этот ход\n[WhenUse] Тратит 400 <sprite name=\"OwnTime\"><color=#f5be14><u><link=\"OwnTime\">Распределенного времени</link></u></color>",
          "coinlist": [
            {
              "coindescs": [
                {
                  "desc": "[OnSucceedAttack] Стирает время цели. Если время цели стерто, все части полностью восстанавливают <sprite name=\"OwnTime\"><color=#f5be14><u><link=\"OwnTime\">Распределенное время</link></u></color>, а также получают 10 <sprite name=\"Agility\"><color=#f8c200><u><link=\"Agility\">Спешки</link></u></color> и 10 <sprite name=\"Enhancement\"><color=#f8c200><u><link=\"Enhancement\">Повышений силы атаки</link></u></color> на следующий ход"
                }
              ]
            }
          ]
        }
      ]
    },
    {
      "id": 827901,
      "levelList": [
        {
          "level": 1,
          "name": "Тик-тик",
          "desc": "",
          "coinlist": [
            {
              "coindescs": [
                {
                  "desc": "[OnSucceedAttack] Наносит 3 <sprite name=\"Laceration\"><color=#e30000><u><link=\"Laceration\">Кетчупа</link></u></color>"
                }
              ]
            }
          ]
        }
      ]
    },
    {
      "id": 827902,
      "levelList": [
        {
          "level": 1,
          "name": "Ти-ик",
          "desc": "[WhenUse] Сила в столкновении +1 против целей с 5 и более <sprite name=\"Laceration\"><color=#e30000><u><link=\"Laceration\">Кетчупа</link></u></color>",
          "coinlist": [
            {
              "coindescs": [
                {
                  "desc": "[OnSucceedAttack] Наносит 3 <sprite name=\"Laceration\"><color=#e30000><u><link=\"Laceration\">Кетчупа</link></u></color>"
                }
              ]
            },
            {
              "coindescs": [
                {
                  "desc": "[OnSucceedAttack] Повышает счетчик <sprite name=\"Laceration\"><color=#e30000><u><link=\"Laceration\">Кетчупа</link></u></color> на 2"
                }
              ]
            },
            {
              "coindescs": [
                {
                  "desc": "[OnSucceedAttack] Повышает счетчик <sprite name=\"Laceration\"><color=#e30000><u><link=\"Laceration\">Кетчупа</link></u></color> на 2"
                }
              ]
            }
          ]
        }
      ]
    },
    {
      "id": 827903,
      "levelList": [
        {
          "level": 1,
          "name": "Ти-ти-тик",
          "desc": "[WhenUse] Сила в столкновении +1 против целей с 5 и более <sprite name=\"Laceration\"><color=#e30000><u><link=\"Laceration\">Кетчупа</link></u></color>",
          "coinlist": [
            {
              "coindescs": [
                {
                  "desc": "[OnSucceedAttack] Наносит 4 <sprite name=\"Laceration\"><color=#e30000><u><link=\"Laceration\">Кетчупа</link></u></color>"
                }
              ]
            },
            {
              "coindescs": [
                {
                  "desc": "[OnSucceedAttack] Повышает счетчик <sprite name=\"Laceration\"><color=#e30000><u><link=\"Laceration\">Кетчупа</link></u></color> на 3"
                },
                {
                  "desc": "[OnSucceedAttack] Наносит 5 <sprite name=\"Combustion\"><color=#e30000><u><link=\"Combustion\">Изжоги</link></u></color>"
                }
              ]
            }
          ]
        }
      ]
    },
    {
      "id": 827904,
      "levelList": [
        {
          "level": 1,
          "name": "Тик",
          "desc": "",
          "coinlist": [
            {
              "coindescs": [
                {
                  "desc": ""
                }
              ]
            }
          ]
        }
      ]
    },
    {
      "id": 827707,
      "levelList": [
        {
          "level": 1,
          "name": "Как же так...",
          "desc": "[DefeatDuel] Получает 1 <sprite name=\"Vulnerable\"><color=#e30000><u><link=\"Vulnerable\">Уязвимость</link></u></color>",
          "coinlist": [
            {
              "coindescs": [
                {
                  "desc": "[OnSucceedAttack] Наносит 3 <sprite name=\"Laceration\"><color=#e30000><u><link=\"Laceration\">Кетчупа</link></u></color>"
                }
              ]
            },
            {
              "coindescs": [
                {
                  "desc": "[OnSucceedAttack] Наносит 3 <sprite name=\"Laceration\"><color=#e30000><u><link=\"Laceration\">Кетчупа</link></u></color>"
                }
              ]
            }
          ]
        }
      ]
    },
    {
      "id": 827708,
      "levelList": [
        {
          "level": 1,
          "name": "У нас нехватка времени",
          "desc": "[DefeatDuel] Получает 1 <sprite name=\"Vulnerable\"><color=#e30000><u><link=\"Vulnerable\">Уязвимость</link></u></color>",
          "coinlist": [
            {
              "coindescs": [
                {
                  "desc": "[OnSucceedAttack] Наносит 3 <sprite name=\"Laceration\"><color=#e30000><u><link=\"Laceration\">Кетчупа</link></u></color>"
                }
              ]
            },
            {
              "coindescs": [
                {
                  "desc": "[OnSucceedAttack] Наносит 3 <sprite name=\"Laceration\"><color=#e30000><u><link=\"Laceration\">Кетчупа</link></u></color>"
                }
              ]
            },
            {
              "coindescs": [
                {
                  "desc": "[OnSucceedAttack] Наносит 3 <sprite name=\"Laceration\"><color=#e30000><u><link=\"Laceration\">Кетчупа</link></u></color>"
                }
              ]
            },
            {
              "coindescs": [
                {
                  "desc": "[OnSucceedAttack] Повышает счетчик <sprite name=\"Laceration\"><color=#e30000><u><link=\"Laceration\">Кетчупа</link></u></color> на 2"
                }
              ]
            }
          ]
        }
      ]
    },
    {
      "id": 827808,
      "levelList": [
        {
          "level": 1,
          "name": "Мне нужно больше времени!",
          "desc": "",
          "coinlist": [
            {}
          ]
        }
      ]
    }
  ]
}