﻿{
  "dataList": [
    {
      "id": 836301,
      "levelList": [
        {
          "level": 1,
          "name": "Осознание",
          "desc": "Сила в столкновении +1 против целей с 10 или менее СД\n[WhenUse] Получает 1 <sprite name=\"VioletUnderstand\"><color=#9f6a3a><u><link=\"VioletUnderstand\">Понимание</link></u></color>",
          "coinlist": [
            {
              "coindescs": [
                {
                  "desc": "[OnSucceedAttack] Наносит 1 <sprite name=\"MentalCrack\"><color=#e30000><u><link=\"MentalCrack\">Ментальный разлом</link></u></color>"
                }
              ]
            }
          ]
        }
      ]
    },
    {
      "id": 836302,
      "levelList": [
        {
          "level": 1,
          "name": "Восприятие",
          "desc": "Сила в столкновении +1 против целей с 10 или менее СД\n[WhenUse] Получает 2 <sprite name=\"VioletUnderstand\"><color=#9f6a3a><u><link=\"VioletUnderstand\">Понимания</link></u></color>",
          "coinlist": [
            {
              "coindescs": [
                {
                  "desc": "[OnSucceedAttack] Наносит 1 <sprite name=\"VioletTakeDamageUp\"><color=#e30000><u><link=\"VioletTakeDamageUp\">Уязвимость к Зависти</link></u></color>"
                }
              ]
            },
            {
              "coindescs": [
                {
                  "desc": "[OnSucceedAttack] Наносит 1 <sprite name=\"MentalCrack\"><color=#e30000><u><link=\"MentalCrack\">Ментальный разлом</link></u></color>"
                }
              ]
            }
          ]
        }
      ]
    },
    {
      "id": 836303,
      "levelList": [
        {
          "level": 1,
          "name": "Спасение",
          "desc": "Сила в столкновении +1 против целей с 10 или менее СД\n[WhenUse] Получает 1 <sprite name=\"VioletUnderstand\"><color=#9f6a3a><u><link=\"VioletUnderstand\">Понимание</link></u></color>",
          "coinlist": [
            {
              "coindescs": [
                {
                  "desc": "[OnSucceedAttack] Наносит 1 <sprite name=\"VioletTakeDamageUp\"><color=#e30000><u><link=\"VioletTakeDamageUp\">Уязвимость к Зависти</link></u></color>"
                }
              ]
            },
            {
              "coindescs": [
                {
                  "desc": "[OnSucceedAttack] Наносит 1 <sprite name=\"MentalCrack\"><color=#e30000><u><link=\"MentalCrack\">Ментальный разлом</link></u></color>"
                }
              ]
            }
          ]
        }
      ]
    },
    {
      "id": 836304,
      "levelList": [
        {
          "level": 1,
          "name": "Непостижимое",
          "desc": "[WhenUse] Получает 2 <sprite name=\"VioletUnderstand\"><color=#9f6a3a><u><link=\"VioletUnderstand\">Понимания</link></u></color>",
          "coinlist": [
            {
              "coindescs": [
                {
                  "desc": ""
                }
              ]
            }
          ]
        }
      ]
    },
    {
      "id": 836305,
      "levelList": [
        {
          "level": 1,
          "name": "Распад",
          "desc": "[CantDuel]\n[EndSkill] Умирает",
          "coinlist": [
            {
              "coindescs": [
                {
                  "desc": "[OnSucceedAttack] Наносит 2 <sprite name=\"VioletTakeDamageUp\"><color=#e30000><u><link=\"VioletTakeDamageUp\">Уязвимости к Зависти</link></u></color> на следующий ход"
                },
                {
                  "desc": "[OnSucceedAttack] Цель теряет 10~14 СД"
                }
              ]
            }
          ]
        }
      ]
    },
    {
      "id": 836601,
      "levelList": [
        {
          "level": 1,
          "name": "Милосердие",
          "desc": "Сила в столкновении +1 против целей с 20 или менее СД",
          "coinlist": [
            {
              "coindescs": [
                {
                  "desc": "[OnSucceedAttack] Наносит 1 <sprite name=\"VioletTakeDamageUp\"><color=#e30000><u><link=\"VioletTakeDamageUp\">Уязвимость к Зависти</link></u></color>"
                }
              ]
            },
            {
              "coindescs": [
                {
                  "desc": "[OnSucceedAttack] Наносит 1 <sprite name=\"MentalCrack\"><color=#e30000><u><link=\"MentalCrack\">Ментальный разлом</link></u></color>"
                }
              ]
            }
          ]
        }
      ]
    },
    {
      "id": 836602,
      "levelList": [
        {
          "level": 1,
          "name": "Любовь",
          "desc": "Сила в столкновении +1 против целей с 20 или менее СД",
          "coinlist": [
            {
              "coindescs": [
                {
                  "desc": "[OnSucceedAttack] Наносит 1 <sprite name=\"VioletTakeDamageUp\"><color=#e30000><u><link=\"VioletTakeDamageUp\">Уязвимость к Зависти</link></u></color>"
                }
              ]
            },
            {
              "coindescs": [
                {
                  "desc": "[OnSucceedAttack] Наносит 1 <sprite name=\"MentalCrack\"><color=#e30000><u><link=\"MentalCrack\">Ментальный разлом</link></u></color>"
                }
              ]
            }
          ]
        }
      ]
    },
    {
      "id": 836603,
      "levelList": [
        {
          "level": 1,
          "name": "Мерцающие глифы понимания",
          "desc": "[CantDuel]",
          "coinlist": [
            {
              "coindescs": [
                {
                  "desc": "[OnSucceedAttack] Наносит 1 <sprite name=\"MentalCrack\"><color=#e30000><u><link=\"MentalCrack\">Ментальный разлом</link></u></color>"
                }
              ]
            },
            {
              "coindescs": [
                {
                  "desc": "[OnSucceedAttack] Наносит 1 <sprite name=\"MentalCrack\"><color=#e30000><u><link=\"MentalCrack\">Ментальный разлом</link></u></color>"
                }
              ]
            }
          ]
        }
      ]
    },
    {
      "id": 836604,
      "levelList": [
        {
          "level": 1,
          "name": "Мерцающие глифы понимания",
          "desc": "Сила в столкновении +1 против целей с 20 или менее СД",
          "coinlist": [
            {
              "coindescs": [
                {
                  "desc": "[OnSucceedAttack] Наносит 2 <sprite name=\"VioletTakeDamageUp\"><color=#e30000><u><link=\"VioletTakeDamageUp\">Уязвимости к Зависти</link></u></color>"
                }
              ]
            },
            {
              "coindescs": [
                {
                  "desc": "[OnSucceedAttack] Наносит 1 <sprite name=\"MentalCrack\"><color=#e30000><u><link=\"MentalCrack\">Ментальный разлом</link></u></color>"
                }
              ]
            }
          ]
        }
      ]
    },
    {
      "id": 836605,
      "levelList": [
        {
          "level": 1,
          "name": "Непостижимое",
          "desc": "[WhenUse] Получите 2 <sprite name=\"Protection\"><color=#f8c200><u><link=\"Protection\">Защищенности</link></u></color>",
          "coinlist": [
            {
              "coindescs": [
                {
                  "desc": ""
                }
              ]
            }
          ]
        }
      ]
    },
    {
      "id": 836606,
      "levelList": [
        {
          "level": 1,
          "name": "Спешащие объятия покоя",
          "desc": "[CantDuel]",
          "coinlist": [
            {
              "coindescs": [
                {
                  "desc": "[OnSucceedAttack] Наносит 100 урона ОЗ"
                }
              ]
            }
          ]
        }
      ]
    }
  ]
}