﻿{
  "dataList": [
    {
      "id": 911601,
      "title": "Счастливого нового года"
    },
    {
      "id": 911602,
      "title": "Вызов на дуэль"
    },
    {
      "id": 911603,
      "title": "Проводник"
    },
    {
      "id": 911604,
      "title": "Засада"
    },
    {
      "id": 911605,
      "title": "Кэчжань"
    },
    {
      "id": 911606,
      "title": "Подозрение"
    },
    {
      "id": 911607,
      "title": "Наблюдение"
    },
    {
      "id": 911608,
      "title": "Стая Хэйшоу"
    },
    {
      "id": 911609,
      "title": "Ши Ихуа"
    },
    {
      "id": 911610,
      "title": "Внезапная встреча"
    },
    {
      "id": 911611,
      "title": "Ночь в подворотнях"
    },
    {
      "id": 911612,
      "title": "Альянс"
    }
  ]
}