﻿{
  "dataList": [
    {
      "id": 10601,
      "title": "Грозовой Перевал"
    },
    {
      "id": 10602,
      "title": "У нас нет ВРЕМЕНИ"
    },
    {
      "id": 10603,
      "title": "У нас нет ВРЕМЕНИ 2"
    },
    {
      "id": 10604,
      "title": "Письмо"
    },
    {
      "id": 10605,
      "title": "Цвета"
    },
    {
      "id": 10606,
      "title": "Преображение"
    },
    {
      "id": 10607,
      "title": "Парадные ворота"
    },
    {
      "id": 10608,
      "title": "Нелли"
    },
    {
      "id": 10609,
      "title": "Теплый прием"
    },
    {
      "id": 10610,
      "title": "Кэтрин"
    },
    {
      "id": 10611,
      "title": "Дворецкие"
    },
    {
      "id": 10612,
      "title": "Привидение"
    },
    {
      "id": 10613,
      "title": "Головоломки"
    },
    {
      "id": 10614,
      "title": "Коридор"
    },
    {
      "id": 10615,
      "title": "Коридор 2"
    },
    {
      "id": 10616,
      "title": "Коридор 3"
    },
    {
      "id": 10617,
      "title": "Мертвые Кролики"
    },
    {
      "id": 10618,
      "title": "Мертвые Кролики 2"
    },
    {
      "id": 10619,
      "title": "Дневник"
    },
    {
      "id": 10620,
      "title": "Дневник 2"
    },
    {
      "id": 10621,
      "title": "Камин"
    }
  ]
}