﻿{
  "dataList": [
    {
      "id": 911901,
      "title": "Доказательство Главы Семьи"
    },
    {
      "id": 911902,
      "title": "Двенадцать учителей"
    },
    {
      "id": 911903,
      "title": "Ещё один ученик"
    },
    {
      "id": 911904,
      "title": "Тридцать дней занятий"
    },
    {
      "id": 911905,
      "title": "Выпускные экзамены"
    },
    {
      "id": 911906,
      "title": "Операция по спасению Главы Семьи"
    },
    {
      "id": 911907,
      "title": "Операция по спасению Главы Семьи 2"
    },
    {
      "id": 911908,
      "title": "Адепт"
    },
    {
      "id": 911909,
      "title": "Мастер"
    },
    {
      "id": 911910,
      "title": "Операция по спасению Главы Семьи 3"
    },
    {
      "id": 911911,
      "title": "Когда ученик становится мастером"
    },
    {
      "id": 911912,
      "title": "Доказательство"
    }
  ]
}