﻿{
  "dataList": [
    {
      "id": 10821,
      "title": "Глава Хунъюаня"
    },
    {
      "id": 10822,
      "title": "Кратковременный вакуум власти"
    },
    {
      "id": 10823,
      "title": "Справедливость других"
    },
    {
      "id": 10824,
      "title": "Действия вора"
    },
    {
      "id": 10825,
      "title": "Воля к переменам"
    },
    {
      "id": 10826,
      "title": "Нелепая идея"
    },
    {
      "id": 10827,
      "title": "Второе поле боя"
    },
    {
      "id": 10828,
      "title": "Те, кто не решают"
    },
    {
      "id": 10829,
      "title": "Те, кто не решают 2"
    },
    {
      "id": 10830,
      "title": "Сердце"
    },
    {
      "id": 10831,
      "title": "Временное перемирие"
    },
    {
      "id": 10832,
      "title": "Освободиться от старения и смерти"
    },
    {
      "id": 10833,
      "title": "Счастье, гнев, печаль и радость"
    }
  ]
}