﻿{
  "dataList": [
    {
      "id": 911401,
      "title": "Сбор данных"
    },
    {
      "id": 911402,
      "title": "Регулярный осмотр здоровья"
    },
    {
      "id": 911403,
      "title": "Машина"
    },
    {
      "id": 911404,
      "title": "Хохенхайм"
    },
    {
      "id": 911405,
      "title": "Ассистент"
    },
    {
      "id": 911406,
      "title": "Бессмысленный гнев"
    },
    {
      "id": 911407,
      "title": "Бесцельная леность"
    },
    {
      "id": 911408,
      "title": "Намеренное утопание"
    },
    {
      "id": 911409,
      "title": "Затупленный гарпун"
    },
    {
      "id": 911410,
      "title": "Укалывание"
    },
    {
      "id": 911411,
      "title": "Цена любопытства"
    },
    {
      "id": 911412,
      "title": "Иерархия"
    },
    {
      "id": 911413,
      "title": "Новые классификационные коды"
    },
    {
      "id": 911414,
      "title": "Финальная проверка"
    }
  ]
}