﻿{
  "dataList": [
    {
      "id": 10401,
      "title": "Сойдя с автобуса",
      "place": "На борту Мефистофеля",
      "desc": "Я обнаружил себя смотрящим на мертвых и умирающих Грешников в центре Гнезда, места, которое должно быть мирным. А передо мной... Я начал восстанавливать свои воспоминания, чтобы понять, что произошло."
    },
    {
      "id": 10402,
      "title": "Талант и гений",
      "place": "Гнездо Корпорации К",
      "desc": "Почему посреди Гнезда Корпорации К есть Аномалии? Вергилий, кажется, был серьезен, когда сказал, что мы сможем вернуться в автобус после того, как разберемся с этим беспорядком. Проходя мимо испуганных толп, мы направляемся к центру беспорядка."
    },
    {
      "id": 10403,
      "title": "Дроны и Аномалии",
      "place": "Гнездо Корпорации К",
      "desc": "Убирая с пути подозрительные дроны, мы разбираемся с хаосом. На первый взгляд они выглядят довольно дорогими, а логотип Корпорации К на них делает меня еще более нерешительным в их уничтожении."
    },
    {
      "id": 10404,
      "title": "Дроны и Аномалии 2",
      "place": "Гнездо Корпорации К",
      "desc": "Убирая с пути подозрительные дроны, мы разбираемся с хаосом. На первый взгляд они выглядят довольно дорогими, а логотип Корпорации К на них делает меня еще более нерешительным в их уничтожении."
    },
    {
      "id": 10405,
      "title": "Дроны и Аномалии 3",
      "place": "Гнездо Корпорации К",
      "desc": "Убирая с пути подозрительные дроны, мы разбираемся с хаосом. На первый взгляд они выглядят довольно дорогими, а логотип Корпорации К на них делает меня еще более нерешительным в их уничтожении."
    },
    {
      "id": 10406,
      "title": "Возвращение",
      "place": "Гнездо Корпорации К",
      "desc": "Мы больше не видим этих надоедливых дронов. Теперь между нами и Аномалиями, угрозой, которую мы действительно должны устранить, нет никого."
    },
    {
      "id": 10407,
      "title": "Клиент",
      "place": "Лаборатория Корпорации К",
      "desc": "Нам удалось победить Аномалии и вернуться в автобус. Кто мог бы дать нам запрос? Я выглянул в окно, притворяясь, что не слышу тихого напевания Измаил."
    },
    {
      "id": 10408,
      "title": "Запрос",
      "place": "Лаборатория Корпорации К",
      "desc": "Мы увидели кого-то, кого никогда не думали увидеть снова. Но Грешники, казалось, не были слишком рады воссоединению. Клиент, который называет себя 'Донран', начинает дружескую беседу. Это несмотря на то, что никто, кроме Грешников, не может слышать, что я говорю..."
    },
    {
      "id": 10409,
      "title": "Регенерационные ампулы",
      "place": "Лаборатория Корпорации К",
      "desc": "После хвастовства технологией регенерации Корпорации К Донран пригласил нас в свою лабораторию. Не обращая внимания на видимый шок Самджо, мы последовали за Донраном в его рабочее место."
    },
    {
      "id": 10410,
      "title": "Террористическая организация",
      "place": "Лаборатория Корпорации К",
      "desc": "В лабораторию ворвались злоумышленники. Самджо назвал их террористами, но они отвергли это понятие и вместо этого представились как 'альянс освобождения технологий'. Кем бы они ни были, нам нужно сражаться с ними, чтобы выжить в атаке и продолжить выполнение запроса."
    },
    {
      "id": 10411,
      "title": "Террористическая организация 2",
      "place": "Лаборатория Корпорации К",
      "desc": "В лабораторию ворвались злоумышленники. Самджо назвал их террористами, но они отвергли это понятие и вместо этого представились как 'альянс освобождения технологий'. Кем бы они ни были, нам нужно сражаться с ними, чтобы выжить в атаке и продолжить выполнение запроса."
    },
    {
      "id": 10412,
      "title": "Ампулы распада",
      "place": "Лаборатория Корпорации К",
      "desc": "В лабораторию ворвались злоумышленники. Самджо назвал их террористами, но они отвергли это понятие и вместо этого представились как 'альянс освобождения технологий'. Кем бы они ни были, нам нужно сражаться с ними, чтобы выжить в атаке и продолжить выполнение запроса."
    },
    {
      "id": 10413,
      "title": "Ампулы распада 2",
      "place": "Лаборатория Корпорации К",
      "desc": "В лабораторию ворвались злоумышленники. Самджо назвал их террористами, но они отвергли это понятие и вместо этого представились как 'альянс освобождения технологий'. Кем бы они ни были, нам нужно сражаться с ними, чтобы выжить в атаке и продолжить выполнение запроса."
    },
    {
      "id": 10414,
      "title": "Ампулы распада 3",
      "place": "Лаборатория Корпорации К",
      "desc": "В лабораторию ворвались злоумышленники. Самджо назвал их террористами, но они отвергли это понятие и вместо этого представились как 'альянс освобождения технологий'. Кем бы они ни были, нам нужно сражаться с ними, чтобы выжить в атаке и продолжить выполнение запроса."
    },
    {
      "id": 10415,
      "title": "Возвращение",
      "place": "Лаборатория Корпорации К",
      "desc": "Когда продолжительные бои с машинами утомили нас, я услышал уверенный голос."
    },
    {
      "id": 10416,
      "title": "Эпоха человечества",
      "place": "Лаборатория Корпорации К",
      "desc": "Сопровождая Шренн и Корректировщиков из Мастерской Ключа и Розы, мы направились к филиалу Корпорации Лоботомия кажется, в эту миссию вовлечено много людей. Действительно ли мы будем в безопасности, войдя в место, занятое террористами?"
    },
    {
      "id": 10417,
      "title": "Альянс освобождения технологий",
      "place": "Филиал Корпорации Лоботомия в Гнезде К",
      "desc": "В здании филиала мы столкнулись с теми же машинами, которые видели в Корпорации К, вместо террористов. По какой-то причине эти машины воспроизводят странный голос, который называет нас червями, когда мы их уничтожаем."
    },
    {
      "id": 10418,
      "title": "Лучший сотрудник",
      "place": "Филиал Корпорации Лоботомия в Гнезде К",
      "desc": "По словам Самджо, один из членов альянса освобождения технологий - бывший работник лаборатории Корпорации К. Для чего эта организация создает эти машины и почему они атакуют и терроризируют лаборатории Корпорации К?"
    },
    {
      "id": 10419,
      "title": "Лучший сотрудник 2",
      "place": "Филиал Корпорации Лоботомия в Гнезде К",
      "desc": "Мы встретили Ран, которая, по-видимому, раньше работала в лаборатории Корпорации К. Прежде чем мы смогли нормально поговорить с ней, она исчезла навсегда, оставив загадочные слова. И Шренн выглядит подавленной по какой-то причине."
    },
    {
      "id": 10420,
      "title": "Лучший сотрудник 3",
      "place": "Филиал Корпорации Лоботомия в Гнезде К",
      "desc": "Мы встретили Ран, которая, по-видимому, раньше работала в лаборатории Корпорации К. Прежде чем мы смогли нормально поговорить с ней, она исчезла навсегда, оставив загадочные слова. И Шренн выглядит подавленной по какой-то причине."
    },
    {
      "id": 10421,
      "title": "Предатель",
      "place": "Филиал Корпорации Лоботомия в Гнезде К",
      "desc": "Глядя на Шренн, Отис останавливается на пути, сделав какой-то вывод. Я не мог даже предположить, что это могло быть, поэтому решил остаться и послушать."
    },
    {
      "id": 10422,
      "title": "Предатель 2",
      "place": "Филиал Корпорации Лоботомия в Гнезде К",
      "desc": "Отис и Мерсо утверждали, что в нашей группе есть предатель. Нико из Мастерской Ключа и Розы отрицал обвинение, но подозрение было не без оснований. Грешники теперь противостояли людям, с которыми разговаривали всего несколько мгновений назад. Это был посторонний, обратившийся против нас, но... это заставило меня задуматься, как долго может продлиться 'наша' связь."
    },
    {
      "id": 10423,
      "title": "Предатель 3",
      "place": "Филиал Корпорации Лоботомия в Гнезде К",
      "desc": "Выяснилось, что Шренн и Корректировщики из Мастерской Ключа и Розы были в сговоре с врагом. Прежде чем мы смогли спросить о причине, один из Корректировщиков расплавился после принудительной инъекции регенерационной ампулы. Разве это... не должно было лечить тело? Пока что нам нужно разобраться с Нико и оставшимися Корректировщиками."
    },
    {
      "id": 10424,
      "title": "Предатель 4",
      "place": "Филиал Корпорации Лоботомия в Гнезде К",
      "desc": "Выяснилось, что Шренн и Корректировщики из Мастерской Ключа и Розы были в сговоре с врагом. Прежде чем мы смогли спросить о причине, один из Корректировщиков расплавился после принудительной инъекции регенерационной ампулы. Разве это... не должно было лечить тело? Пока что нам нужно разобраться с Нико и оставшимися Корректировщиками."
    },
    {
      "id": 10425,
      "title": "Предатель 5",
      "place": "Филиал Корпорации Лоботомия в Гнезде К",
      "desc": "Выяснилось, что Шренн и Корректировщики из Мастерской Ключа и Розы были в сговоре с врагом. Прежде чем мы смогли спросить о причине, один из Корректировщиков расплавился после принудительной инъекции регенерационной ампулы. Разве это... не должно было лечить тело? Пока что нам нужно разобраться с Нико и оставшимися Корректировщиками."
    },
    {
      "id": 10426,
      "title": "Красная линия",
      "place": "Филиал Корпорации Лоботомия в Гнезде К",
      "desc": "Теперь, когда Корректировщики из Мастерской Ключа и Розы побеждены, пришло время допросить Шренн. Она стоит неподвижно и наблюдает за развитием ситуации без намека на панику."
    },
    {
      "id": 10427,
      "title": "Воссоединение",
      "place": "Филиал Корпорации Лоботомия в Гнезде К",
      "desc": "Убийцы лишили Шренн жизни. Донран не выглядел слишком потрясенным ее смертью, хотя они вступили в Крыло одновременно. Он говорит, что внутренний конфликт подобен некоему циклу. Насколько я доверяю Грешникам, и насколько они доверяют мне? С вопросами, на которые я не смогу ответить, мы направились к месту, где резонировала Золотая Ветвь."
    },
    {
      "id": 10428,
      "title": "Дыра",
      "place": "Филиал Корпорации Лоботомия в Гнезде К",
      "desc": "Неожиданная атака Донбек пронзила грудь И Сана. Поворот стрелки часов исцелит рану, но действительно ли это заполнит дыру в его сердце? У меня не было возможности узнать, какой сон мог видеть И Сан, отдыхая с закрытыми глазами."
    },
    {
      "id": 10429,
      "title": "Рейд",
      "place": "Филиал Корпорации Лоботомия в Гнезде К",
      "desc": "И Сан пришел в себя, как будто ничего не произошло. Тем временем телефон Самджо начинает неумолимо звонить."
    },
    {
      "id": 10430,
      "title": "Созвездия",
      "place": "Лаборатория корпорации K",
      "desc": "Лаборатория корпорации K подверглась неожиданной атаке. Похоже, что союз освобождения технологий научился превращать Аномалии обратно в яйца. Мы поспешили вернуться в здание."
    },
    {
      "id": 10431,
      "title": "Захват",
      "place": "Лаборатория корпорации K",
      "desc": "Взломанные членами союза освобождения технологий машины по распределению ампул корпорации K обратились против нас. Нам нужно победить силы безопасности корпорации K и проложить себе путь."
    },
    {
      "id": 10432,
      "title": "Захват 2",
      "place": "Лаборатория корпорации K",
      "desc": "Взломанные членами союза освобождения технологий машины по распределению ампул корпорации K обратились против нас. Нам нужно победить силы безопасности корпорации K и проложить себе путь."
    },
    {
      "id": 10433,
      "title": "Яркие злодеи",
      "place": "Лаборатория корпорации K",
      "desc": "Члены союза освобождения ждали нас вместо того, чтобы отступить. Как будто у них было подготовлено секретное оружие..."
    },
    {
      "id": 10434,
      "title": "Яркие злодеи 2",
      "place": "Лаборатория корпорации K",
      "desc": "Члены союза освобождения ждали нас вместо того, чтобы отступить. Как будто у них было подготовлено секретное оружие..."
    },
    {
      "id": 10435,
      "title": "Срочный звонок",
      "place": "Лаборатория корпорации K",
      "desc": "Телефон Самджо снова звонит как сумасшедший. Может, мы сможем найти полезную информацию, которую не получили от Донрана и Самджо, пока их нет..."
    },
    {
      "id": 10436,
      "title": "Срочный звонок 2",
      "place": "Лаборатория корпорации K",
      "desc": "Пока Донран и Самджо куда-то отошли, мы отправили Мерсо расследовать почтовый ящик Шренн. Возможно, мы узнаем больше о союзе освобождения технологий."
    },
    {
      "id": 10437,
      "title": "Срочный звонок 3",
      "place": "Лаборатория корпорации K",
      "desc": "Пока Донран и Самджо куда-то отошли, мы отправили Мерсо расследовать почтовый ящик Шренн. Возможно, мы узнаем больше о союзе освобождения технологий."
    },
    {
      "id": 10438,
      "title": "Славное прошлое",
      "place": "Лаборатория корпорации K",
      "desc": "Мерсо вернулся. Давайте посмотрим, какую информацию он принес с собой."
    },
    {
      "id": 10439,
      "title": "Славное прошлое 2",
      "place": "Лаборатория корпорации K",
      "desc": "Взломанные членами союза освобождения технологий машины по распределению ампул корпорации K обратились против нас. Нам нужно победить силы безопасности корпорации K и проложить себе путь."
    },
    {
      "id": 10440,
      "title": "Славное прошлое 3",
      "place": "Лаборатория корпорации K",
      "desc": "Взломанные членами союза освобождения технологий машины по распределению ампул корпорации K обратились против нас. Нам нужно победить силы безопасности корпорации K и проложить себе путь."
    },
    {
      "id": 10441,
      "title": "Класс 1",
      "place": "Лаборатория корпорации K",
      "desc": "Мы видим зловеще выглядящих сотрудников корпорации K на другой стороне. Донран и Самджо снова присоединились к нашей группе; похоже, переговоры прошли достаточно хорошо."
    },
    {
      "id": 10442,
      "title": "Класс 1 2",
      "place": "Лаборатория корпорации K",
      "desc": "Мы видим зловеще выглядящих сотрудников корпорации K на другой стороне. Донран и Самджо снова присоединились к нашей группе; похоже, переговоры прошли достаточно хорошо."
    },
    {
      "id": 10443,
      "title": "Эра без технологий",
      "place": "Лаборатория корпорации K",
      "desc": "Мы встретили знакомого члена союза освобождения технологий. Это тот, кто был с Ран во время последнего рейда на лабораторию."
    },
    {
      "id": 10444,
      "title": "Эра без технологий 2",
      "place": "Лаборатория корпорации K",
      "desc": "Мы победили Мариля. Благодаря этому мы, наконец, узнали, что целью союза освобождения технологий было возвращение к эпохе, когда не существовало технологий."
    },
    {
      "id": 10445,
      "title": "Предложение присоединиться",
      "place": "Лаборатория корпорации K",
      "desc": "Недовольная Решу подзывает И Сана. Мы начали говорить о наших причинах для присоединения к компании."
    },
    {
      "id": 10446,
      "title": "Предложение присоединиться 2",
      "place": "Лаборатория корпорации K",
      "desc": "Чтобы добраться до 'комнаты с проекторами', о котором упоминал Донран, нам нужно победить противников на пути."
    },
    {
      "id": 10447,
      "title": "Зал с проекторами",
      "place": "Лаборатория корпорации K",
      "desc": "Мы добрались до 'комнаты с проекторами'. Было темно, но в центре мы заметили что-то, свисающее сверху, словно оно смотрело на нас."
    },
    {
      "id": 10448,
      "title": "Бутон",
      "place": "Лаборатория корпорации K",
      "desc": "Связи, которые, как мы думали, были разорваны, вновь встретились; Донбек проявила одержимую решимость вернуть Сингулярность."
    },
    {
      "id": 10449,
      "title": "Ничто",
      "place": "Перестроенная лаборатория корпорации K",
      "desc": "Интенсивное золотое свечение мигнуло от Золотой Ветви, которая была воткнута в Донбек. Вскоре пространство вокруг нас в здании корпорации K начало искажаться и трансформироваться. Что же происходит?"
    },
    {
      "id": 10450,
      "title": "Ничто 2",
      "place": "Перестроенная лаборатория корпорации K",
      "desc": "Интенсивное золотое свечение мигнуло от Золотой Ветви, которая была воткнута в Донбек. Вскоре пространство вокруг нас в здании корпорации K начало искажаться и трансформироваться. Что же происходит?"
    },
    {
      "id": 10451,
      "title": "Связывание",
      "place": "Перестроенная лаборатория корпорации K",
      "desc": "Члены союза освобождения технологий, коих мы были уверены, что мертвы, начинают нас атаковать. Мы продолжаем двигаться вперед в перестраивающемся пространстве, разыскивая Золотую Ветвь, которая все еще рядом с нами."
    },
    {
      "id": 10452,
      "title": "Связывание 2",
      "place": "Лаборатория корпорации K",
      "desc": "Члены союза освобождения технологий, коих мы были уверены, что мертвы, начинают нас атаковать. Мы продолжаем двигаться вперед в перестраивающемся пространстве, разыскивая Золотую Ветвь, которая все еще рядом с нами."
    },
    {
      "id": 10453,
      "title": "Связывание 3",
      "place": "Лаборатория корпорации K",
      "desc": "Члены союза освобождения технологий, коих мы были уверены, что мертвы, начинают нас атаковать. Мы продолжаем двигаться вперед в перестраивающемся пространстве, разыскивая Золотую Ветвь, которая все еще рядом с нами."
    },
    {
      "id": 10454,
      "title": "Воспоминания Лиги Девяти",
      "place": "Лаборатория корпорации K",
      "desc": "Члены союза освобождения технологий, которых мы были уверены, что мертвы, начинают нас атаковать. Мы продолжаем двигаться вперед в перестраивающемся пространстве, разыскивая Золотую Ветвь, которая все еще рядом с нами."
    }
  ]
}