﻿{
  "dataList": [
    {
      "id": 10622,
      "title": "Глубинный Подвал"
    },
    {
      "id": 10623,
      "title": "Глубинный Подвал 2"
    },
    {
      "id": 10624,
      "title": "Стеклянные Капсулы"
    },
    {
      "id": 10625,
      "title": "Подражатели"
    },
    {
      "id": 10626,
      "title": "Подражатели 2"
    },
    {
      "id": 10627,
      "title": "Подражатели 3"
    },
    {
      "id": 10628,
      "title": "Ностальгическое лицо"
    },
    {
      "id": 10629,
      "title": "Подражатели 4"
    },
    {
      "id": 10630,
      "title": "Где Все Пошло Наперекосяк"
    },
    {
      "id": 10631,
      "title": "Обсидиановая Трава"
    },
    {
      "id": 10632,
      "title": "Скрипка"
    },
    {
      "id": 10633,
      "title": "Мэтт"
    },
    {
      "id": 10634,
      "title": "Зверь"
    }
  ]
}