﻿{
  "dataList": [
    {
      "id": 911001,
      "title": "Первый Класс",
      "place": ""
    },
    {
      "id": 911002,
      "title": "Корректировщик с Севера",
      "place": ""
    },
    {
      "id": 911003,
      "title": "Исчезающие Пассажиры",
      "place": ""
    },
    {
      "id": 911004,
      "title": "Недоступность",
      "place": ""
    },
    {
      "id": 911005,
      "title": "Офис МультиРазлома",
      "place": ""
    },
    {
      "id": 911006,
      "title": "Картина Ада",
      "place": ""
    },
    {
      "id": 911007,
      "title": "Картина Ада 2",
      "place": ""
    },
    {
      "id": 911008,
      "title": "Кровожады",
      "place": ""
    },
    {
      "id": 911009,
      "title": "Агент Зачистки",
      "place": ""
    },
    {
      "id": 911010,
      "title": "Следующий вагон",
      "place": ""
    },
    {
      "id": 911011,
      "title": "Следующий вагон 2",
      "place": ""
    },
    {
      "id": 911012,
      "title": "Протезированные Корректировщики",
      "place": ""
    },
    {
      "id": 911013,
      "title": "Тот, Кто Властвует",
      "place": ""
    },
    {
      "id": 911014,
      "title": "Переговоры",
      "place": ""
    },
    {
      "id": 911015,
      "title": "Неопределенность",
      "place": ""
    }
  ]
}