﻿{
  "dataList": [
    {
      "id": 10801,
      "title": "Дорога домой"
    },
    {
      "id": 10802,
      "title": "Звон колокола"
    },
    {
      "id": 10803,
      "title": "Помеха"
    },
    {
      "id": 10804,
      "title": "Помеха 2"
    },
    {
      "id": 10805,
      "title": "Лепестки"
    },
    {
      "id": 10806,
      "title": "Цзя Баоюй"
    },
    {
      "id": 10807,
      "title": "Cюэ Баочай"
    },
    {
      "id": 10808,
      "title": "Ихунъюань"
    },
    {
      "id": 10809,
      "title": "Тренировочный двор"
    },
    {
      "id": 10810,
      "title": "Свобода от старости и смерти"
    },
    {
      "id": 10811,
      "title": "Корпорация N"
    },
    {
      "id": 10812,
      "title": "Большой палец"
    },
    {
      "id": 10813,
      "title": "Заявление об участии"
    },
    {
      "id": 10814,
      "title": "Цзя Сичунь"
    },
    {
      "id": 10815,
      "title": "Незваные гости"
    },
    {
      "id": 10816,
      "title": "Ночная засада"
    },
    {
      "id": 10817,
      "title": "Ночная засада 2"
    },
    {
      "id": 10818,
      "title": "Сижэнь"
    },
    {
      "id": 10819,
      "title": "Линь Дайюй"
    }
  ]
}