﻿{
  "dataList": [
    {
      "id": 1,
      "personalityid": 10202,
      "voicefile": 0,
      "teller": "W. Faust",
      "dialog": "Самый ахуенный варик - дать мне порешать.",
      "usage": "(800101, VERY_HIGH), (800102, VERY_HIGH), (800104, VERY_HIGH), (800105, VERY_HIGH)"
    },
    {
      "id": 2,
      "personalityid": 10202,
      "voicefile": 0,
      "teller": "W. Faust",
      "dialog": "Жопой чую, это изи.",
      "usage": "(800101, HIGH), (800102, HIGH), (800104, HIGH), (800105, HIGH) "
    },
    {
      "id": 3,
      "personalityid": 10202,
      "voicefile": 0,
      "teller": "W. Faust",
      "dialog": "Результат не гарантирую. Щас решит рандом.",
      "usage": "(800101, NORMAL), (800102, NORMAL), (800104, NORMAL), (800105, NORMAL)"
    },
    {
      "id": 4,
      "personalityid": 10202,
      "voicefile": 0,
      "teller": "W. Faust",
      "dialog": "Не еби мозги, давай выбери кого-то другого для этого задания.",
      "usage": "(800101, LOW), (800102, LOW), (800104, LOW), (800105, LOW)"
    },
    {
      "id": 5,
      "personalityid": 10202,
      "voicefile": 0,
      "teller": "W. Faust",
      "dialog": "Сделаешь эту хуйню - С ноги уебу.",
      "usage": "(800101, VERY_LOW), (800102, VERY_LOW), (800104, VERY_LOW), (800105, VERY_LOW) "
    },
    {
      "id": 6,
      "personalityid": 10202,
      "voicefile": 0,
      "teller": "W. Faust",
      "dialog": "Не надейся на лучшее.",
      "usage": "(800101, SUCCESS), (800102, SUCCESS), (800104, SUCCESS), (800105, SUCCESS)"
    },
    {
      "id": 7,
      "personalityid": 10202,
      "voicefile": 0,
      "teller": "W. Faust",
      "dialog": "Не печалься провалу.",
      "usage": "(800101, FAILURE), (800102, FAILURE), (800104, FAILURE), (800105, FAILURE)"
    },
    {
      "id": 36,
      "personalityid": 10201,
      "voicefile": 0,
      "teller": "Faust",
      "dialog": "Самый ахуенный варик - дать мне порешать.",
      "usage": "(800101, VERY_HIGH), (800102, VERY_HIGH), (800104, VERY_HIGH), (800105, VERY_HIGH)"
    },
    {
      "id": 37,
      "personalityid": 10201,
      "voicefile": 0,
      "teller": "Faust",
      "dialog": "Жопой чую, это изи.",
      "usage": "(800101, HIGH), (800102, HIGH), (800104, HIGH), (800105, HIGH) "
    },
    {
      "id": 38,
      "personalityid": 10201,
      "voicefile": 0,
      "teller": "Faust",
      "dialog": "Результат не гарантирую. Щас решит рандом.",
      "usage": "(800101, NORMAL), (800102, NORMAL), (800104, NORMAL), (800105, NORMAL)"
    },
    {
      "id": 39,
      "personalityid": 10201,
      "voicefile": 0,
      "teller": "Faust",
      "dialog": "Не еби мозги, давай выбери кого-то другого для этого задания.",
      "usage": "(800101, LOW), (800102, LOW), (800104, LOW), (800105, LOW)"
    },
    {
      "id": 40,
      "personalityid": 10201,
      "voicefile": 0,
      "teller": "Faust",
      "dialog": "Сделаешь эту хуйню - С ноги уебу.",
      "usage": "(800101, VERY_LOW), (800102, VERY_LOW), (800104, VERY_LOW), (800105, VERY_LOW) "
    },
    {
      "id": 41,
      "personalityid": 10201,
      "voicefile": 0,
      "teller": "Faust",
      "dialog": "Не надейся на лучшее.",
      "usage": "(800101, SUCCESS), (800102, SUCCESS), (800104, SUCCESS), (800105, SUCCESS)"
    },
    {
      "id": 42,
      "personalityid": 10201,
      "voicefile": 0,
      "teller": "Faust",
      "dialog": "Не печалься провалу.",
      "usage": "(800101, FAILURE), (800102, FAILURE), (800104, FAILURE), (800105, FAILURE)"
    }
  ]
}