﻿{
  "dataList": [
    {
      "id": "108201_1_1",
      "content": "Пассивное умение Искажённого Хохенхайма 「Адаптация」 ослабляется, сменяясь на 「Дезадаптация」"
    },
    {
      "id": "108201_2_1",
      "content": "Пассивное умение Искажённого Хохенхайма 「Механизм защиты」 ослабляется, сменяясь на「Дезориентированный механизм защиты」"
    },
    {
      "id": "108201_3_1",
      "content": "Пассивное умение Искажённого Хохенхайма 「Предвзятость в подтверждении」 ослабляется, сменяясь на 「Неуверенность в себе」"
    }
  ]
}