﻿{
  "dataList": [
    {
      "id": "860801_log_1_1",
      "content": "<color=#ebcaa2>{0}</color> <color=#ebcaa2>получает</color> %{2} {1}/% "
    },
    {
      "id": "860801_log_1_2",
      "content": "<color=#ebcaa2>{0}</color> <color=#e30000>получает {2}</color> {1} урона"
    },
    {
      "id": "860501_success_1",
      "content": "<color=#ebcaa2>{0}</color> <color=#ebcaa2>получает</color> %{2} {1}/% "
    },
    {
      "id": "860501_success_2",
      "content": "<color=#ebcaa2>{0}</color> <color=#fe4b48>теряет {1} СД</color>"
    },
    {
      "id": "860501_failure_1",
      "content": "<color=#ebcaa2>{0}</color> <color=#fe4b48>теряет {1} СД</color>"
    },
    {
      "id": "862901_1_1",
      "content": "<color=#ebcaa2>Все союзники</color> <color=#80c9ff>восстанавливают {0} СД.</color>"
    },
    {
      "id": "862901_1_2",
      "content": "Идентичности с отрицательными монетами <color=#fe4b48>теряют {0} СД</color>"
    },
    {
      "id": "862901_1_3",
      "content": "Начиная со следующего хода, все союзники получают +{0} к Макс. Скорости на всю Схватку"
    },
    {
      "id": "862901_1_4",
      "content": "Все союзники получают {0} до конца Схватки."
    },
    {
      "id": "862901_2_1",
      "content": "Все союзники <color=#80c9ff>восстанавливают {0} СД</color>"
    },
    {
      "id": "862901_2_2",
      "content": "Идентичности с отрицательными монетами <color=#fe4b48>теряют {0} СД</color> "
    },
    {
      "id": "862901_2_3",
      "content": "Все союзники получают %{1} {0}/% на эту Схватку"
    },
    {
      "id": "862901_2_4",
      "content": "Все союзники получают {0} до конца Схватки"
    },
    {
      "id": "862901_3_1",
      "content": "Все союзники <color=#80c9ff>восстанавливают {0} СД</color>"
    },
    {
      "id": "862901_3_2",
      "content": "Идентичности с отрицательными монетами <color=#fe4b48>теряют {0} СД</color> "
    },
    {
      "id": "862901_3_3",
      "content": "Все союзники получают %{1} {0}/% на эту Схватку"
    },
    {
      "id": "862901_3_4",
      "content": "Все союзники получают {0} до конца Схватки"
    },
    {
      "id": "862902_1_1",
      "content": "<color=#ebcaa2>Все союзники</color> <color=#80c9ff>восстанавливают {0} СД.</color>"
    },
    {
      "id": "862902_1_2",
      "content": "Идентичности с отрицательными монетами <color=#80c9ff>восстанавливают {0} СД</color> "
    },
    {
      "id": "862902_2_1",
      "content": "Получить {0} ресурсов ЭГО для всех типов грехов"
    },
    {
      "id": "862902_3_1",
      "content": "Все союзники получают %{1} {0}/% на эту Схватку"
    },
    {
      "id": "862903_success_1",
      "content": "Уменьшить силу и счётчик {0} всех союзников вдвое."
    },
    {
      "id": "862903_failure_1",
      "content": "Ничего не произошло."
    }
  ]
}