﻿{
  "dataList": [
    {
      "id": 810001,
      "title": "Пророк Кожи",
      "prevDesc": "Пророк бесконечно ведет записи.",
      "eventDesc": "Записи, начертанные этим горящим пером, бесконечны.\n\nИ все же пророк должен писать.\n\nПотому что будущее тоже бесконечно.",
      "behaveDesc": "Кто прочтет эти записи?",
      "successDesc": [
        "[{0}] погасил горящее пламя и заглянул в записи.\n\n@#$!@%!!@%!@%!@%\n\nГрешник не смог понять ни единого слова... но вскоре осознал, что читать и не нужно.\n\n[{0}] просто принял записи такими, какими они естественно пришли к нему.\n\nГрешник почувствовал, будто что-то сжимает его голову, но... рука с оружием ощутила прилив сил.\n\n... Одна из его голов пристально смотрела в их сторону."
      ],
      "failureDesc": [
        "Не все его пламя удалось погасить.\n\n[{0}] неловко заглянул в записи.\n\n@#$!@%!!@%!@%!@%\n\nНечистое, ужасающее ощущение охватило тело Грешника.\n\nГрешник невольно отступил на несколько шагов.\n\nПри этом [{0}] инстинктивно поднял руки...\n\n... и уронил книгу Пророчества, полную записей, на землю.\n\nКнига упала, открыв содержимое всем Грешникам...\n\nПоразив всех, кто взглянул на нее, невыразимым ужасом."
      ]
    },
    {
      "id": 810101,
      "title": "Бродячая Жемчужина",
      "prevDesc": "Что это сверкает в этой пузырящейся грязи?",
      "eventDesc": "Присмотревшись... похоже на какой-то драгоценный камень.\n\nРожденный после долгого, долгого ожидания...\n\nРожденный в приливах и отливах грязи, которая наполняет и покидает эту вещь с каждым ее движением.\n\nВзять его жемчужину было бы равносильно лишению смысла существования. Без нее оно может рассыпаться.",
      "behaveDesc": "Кто лишит его смысла?",
      "successDesc": [
        "[{0}] тянется к мерцающему свету.\n\nЗеленая слизь... жгучее, кислотное ощущение... извивающиеся личинки... все это нервирует Грешника.\n\nНо несмотря на все это, [{0}] преодолевает трудности и забирает жемчужину своей рукой.\n\n!!!\n\nРаздается непостижимый рев.\n\nОно быстро регенерировало что-то новое в своей пасти...\n\nНо это уже не будет прежним."
      ],
      "failureDesc": [
        "[{0}] тянется к мерцающему свету.\n\nЗеленая слизь... жгучее, кислотное ощущение... извивающиеся личинки... все это нервирует Грешника.\n\n... Нелегко рыться во всем этом в поисках света.\n\n[{0}] больше не мог этого выносить.\n\nТерпение и настойчивость не вечны. Грешнику пришлось освободить свою руку из его пасти.\n\nЭтот опыт оставил лишь раны как у [{0}], так и у существа."
      ]
    },
    {
      "id": 810201,
      "title": "Пожиратель Снов в Илистом Потоке",
      "prevDesc": "Что-то колышется в накатывающих волнах.",
      "eventDesc": "Откуда приплыл этот обломок?\n\nОткуда и как он оказался здесь?\n\nПосле стольких лет даже этот обломок может уже не помнить, откуда он.\n\n... Лишь бы его можно было использовать, чтобы остановить атаку этой Аномалии.",
      "behaveDesc": "Кто приблизится к обломку?",
      "successDesc": [
        "[{0}] в конце концов смог добраться до обломка.\n\nЭто стало возможным благодаря тому, что другие Грешники изо всех сил пытались отвлечь внимание Аномалии.\n\n[{0}] схватился за обломок, попытался сдвинуть его с места... прежде чем обрушить на него свое оружие.\n\nВ результате на обломке осталось несколько острых краев.\n\nЕсли что-то врежется в этот обломок... оно будет пронзено, не сможет продвинуться дальше."
      ],
      "failureDesc": [
        "[{0}] в конце концов смог добраться до обломка.\n\nЭто стало возможным благодаря тому, что другие Грешники изо всех сил пытались отвлечь внимание Аномалии.\n\n[{0}] схватился за обломок, попытался сдвинуть его с места... прежде чем обрушить на него свое оружие.\n\nНо нелегко размахивать оружием посреди колышущихся вод.\n\nЕще хуже то, что обломок оказался прочнее, чем казалось.\n\nВсе, что удалось сделать Грешнику, это произвести громкий шум.\n\n... Который привлек внимание Аномалии к [{0}]. Вскоре Аномалия начала атаковать [{0}]."
      ]
    },
    {
      "id": 1050101,
      "title": "Проверить под кораблем",
      "eventDesc": "\"Да, конечно, нужно проверить.\"\n\nКак только мы решили проверить под лодкой, мощный удар сотряс корму корабля.\n\n\"Русалки! Враги поднимаются со дна корабля...\"\n\n\"Мы можем минимизировать потери, если один из нас пойдет и столкнет их с корабля, прежде чем они зацепятся.\"\n\nКак только это было решено, два Грешника вскочили со своих мест и подошли ко мне.\n\n\"Я пойду, Исполнительный Менеджер!\"\n\n\"Нет. Я лучше подхожу для этой задачи.\"\n\nДва Грешника начинают спорить.",
      "prevDesc": "",
      "behaveDesc": "... Мы не знаем, что там произойдет. Давайте выберем кого-нибудь бесстрашного.",
      "successDesc": [
        "[{0}] ударил Русалку, выползающую из воды.",
        "Как только я выбрал [{0}] для этой задачи, Грешник побежал и разбил голову Русалки.\n\n\"Мы не можем позволить этим Русалкам тратить еще больше нашего времени.\"\n\nОт удара что-то упало с Русалки.\n\n\"…….\"\n\nЭто значок сотрудника Уборщиков ебаных... точно такой же, как тот, что носил Пилот.\n\nЭто ужасно. ...Но мы должны двигаться дальше."
      ],
      "failureDesc": [
        "[{0}] замер, увидев Русалку, ползущую по борту нашего корабля.\n\n\"…….\"\n\nЧто-то в этой Русалке, должно быть, заставило их колебаться.\n\n\"Какого черта ты делаешь?!\"\n\n\"Они забираются на наш корабль!\"\n\n…Сначала нужно отбиться от русалок.\n\nМы спросим их, что случилось, позже."
      ]
    },
    {
      "id": 10502,
      "title": "Налево или направо",
      "prevDesc": "",
      "eventDesc": "Мы вошли в какой-то узкий водный путь.\n\n\"... Исполнительный Менеджер.\"\n\nЯ вижу Русалок, плывущих под кораблем.\n\nРусалки, прицепившиеся к стенам, тоже смотрят на нас.\n\n\"Это место, трудно управлять. Управлять и следить за направлением, трудно делать одновременно.\"\n\nКто-то должен следить за направлением.",
      "behaveDesc": "Кто должен следить за направлением?",
      "successDesc": [
        "\"Налево!\"\n\n\"... Дорога разделяется на три? Подождите, смотрите! Проход на 2 часа!\"\n\nБлагодаря быстрым и четким указаниям [{0}], мы быстро продвигались по водным путям.\n\n\"... Им нет конца, да?\"\n\nНо орда Русалок, атакующих наш корабль, кажется не меньше, чем когда мы только вошли.",
        "\"Налево!\"\n\n\"... Дорога разделяется на три? Подождите, смотрите! Проход на 2 часа!\"\n\nБлагодаря быстрым и четким указаниям [{0}], мы быстро продвигались по водным путям.\n\n\"... Давно мы не делали ничего подобного вместе.\"\n\n\"Да. Помнишь? Старбак у руля. Ты, я, кричим на Старбака...\"\n\n\"Да...\"\n\n\"... Черт, им нет конца.\"\n\nНо орда Русалок, атакующих наш корабль, кажется не меньше, чем когда мы только вошли в водные пути."
      ],
      "failureDesc": [
        "\"Идите напра— то есть, налево! Я-я думаю, налево открыто...?\"\n\n\"Там три пути... Эм... Что мне делать здесь...?\"\n\n[{0}] испытывал некоторые трудности с определением направления...\n\n\"Тсс, готовьтесь к бою...!\"\n\n... и последствия не заставили себя ждать."
      ]
    },
    {
      "id": 1050201,
      "title": "Направо или налево",
      "prevDesc": "",
      "eventDesc": "\"Выход. Еще далеко.\"",
      "behaveDesc": "Кому-то нужно продолжать следить за нашим направлением. Продолжим использовать тот же метод?",
      "successDesc": [
        "\"Прямо вперед!\n\n\"... Сейчас! Руль вправо!\"\n\nБлагодаря быстрым и четким указаниям [{0}], мы быстро продвигались по водным путям.\n\n\"... Им нет конца, да?\"\n\nНо орда Русалок, атакующих наш корабль, кажется не меньше, чем когда мы только вошли.",
        "\"Держать курс!\"\n\n\"... Сейчас! Руль вправо!\"\n\nБлагодаря быстрым и четким указаниям [{0}], мы быстро продвигались по водным путям.\n\n\"... Давно мы не делали ничего подобного вместе.\"\n\n\"Да. Помнишь? Старбак у руля. Ты, я, кричим на Старбака...\"\n\n\"Да...\"\n\n\"... Черт, им нет конца.\"\n\nНо орда Русалок, атакующих наш корабль, кажется не меньше, чем когда мы только вошли в водные пути."
      ],
      "failureDesc": [
        "\"… Двигаться вперед — наш единственный вариант?\"\n\n\"П-подождите! Там был другой путь! ... Похоже, мы его пропустили...\"\n\n[{0}], похоже, испытывает некоторые трудности с определением направления...\n\n\"Тсс, готовьтесь к бою...!\"\n\n... и последствия не заставили себя ждать."
      ]
    },
    {
      "id": 1050202,
      "title": "Направо или налево",
      "prevDesc": "",
      "eventDesc": "\"Почти там. Скоро выберемся. В следующую область.\"",
      "behaveDesc": "Мы почти выбрались, но давайте не будем терять бдительность.",
      "successDesc": [
        "\"Открывается — подождите! Это водопад! Держите курс!\"\n\n\"Фух... О! Впереди скалы! Держитесь левее, держитесь левее... И резко вправо право на борт!\"\n\nБлагодаря быстрым и четким указаниям [{0}], нам удалось оторваться от русалок и выбраться из водного пути.",
        "\"Оно открывается — подожди! Там обрыв! Держи курс!\"\n\n\"Фух... Ой! Еще скалы на горизонте! Руль влево на 10 градусов, держи курс... И руль вправо полностью!\"\n\nБлагодаря быстрым и понятным указаниям [{0}], нам удалось избавиться от русалок и сбежать из водного пути.\n\n\"... Давненько мы не делали что-то подобное вместе.\"\n\n\"Да. Помнишь? Старбак за штурвалом. Ты, я, кричим на Старбака...\"\n\n\"Да...\"\n\nКорабль был покрыт кровью и маслом русалок, которых мы убили в водном пути.\n\n\"Эти полезны. Положи их в бочку.\"\n\nЛодка спокойно плыла в следующую область, пока мы собирали масло русалок с корабля. Его было так много, что палуба была почти затоплена."
      ],
      "failureDesc": [
        "\"...? П-подождите! Там обрыв?! Э-э, что нам делать...?\"\n\n\"Хаа, хаа... Я-я плохо вижу здесь...\"\n\n[{0}] старался изо всех сил, но, похоже, усталость взяла свое; их указания были очень путаными.\n\n\"Ах... А мы были так близко к выходу...!\"\n\nТеперь нам придется пробиваться к концу с боем..."
      ]
    },
    {
      "id": 10503,
      "title": "К артериям",
      "prevDesc": "",
      "eventDesc": "После победы над Аномалией мы некоторое время плыли без происшествий. Именно тогда...\n\n\"Стена...\"\n\n... перед нами появилась толстая, прочная стена.\n\n\"Артерия. За этой стеной.\"\n\n\"Стена открывается. Закрывается. Открытие очень короткое. Не дайте русалкам схватить вас там. Разрежет пополам, если русалка схватит.\"\n\nИ с тяжелым грохотом стена немедленно начала открываться.\n\n\"Не подпускайте русалок к кораблю. Они замедлят нас, и нас разрежет пополам.\"\n\nРусалки, должно быть, почувствовали грохот. Они начинают бросаться на наш корабль.",
      "behaveDesc": "Кто займет позицию в авангарде, чтобы отбивать русалок от нашего корабля?",
      "successDesc": [
        "[{0}] занимает позицию в авангарде, сбрасывая русалок с лодки.\n\n\"Достаточно хорошо.\"\n\n\"Отлично, мы прошли...\"\n\n\"Фух. Хм, стена дергается. Как будто вот-вот—\"\n\nНе прошло и секунды после того, как корма нашей лодки прошла через стену, как дверь захлопнулась.\n\n... Давайте двигаться дальше к артерии.",
        "[{0}] занимает позицию в авангарде, сбрасывая русалок с лодки.\n\n\"Достаточно хорошо.\"\n\n\"Отлично, мы прошли...\"\n\n\"Не расслабляйтесь. Мы должны оставаться бдительными.\"\n\n\"Фух. Хм, стена дергается. Как будто вот-вот—\"\n\nНе прошло и секунды после того, как корма нашей лодки прошла через стену, как дверь захлопнулась.\n\n... Давайте двигаться дальше к артерии."
      ],
      "failureDesc": [
        "[{0}] занимает позицию в авангарде, сбрасывая русалок с лодки.\n\nНо...\n\n\"Я-я думаю, их больше, чем мы ожидали...\"\n\n\"Эй! Помогите им!\"\n\n\"Ааа, п-подождите...!\"\n\nВ конце концов нам удалось стряхнуть русалок и пройти через отверстие, но...\n\n\"Хаа...\"\n\nЭта суматоха истощила всех и оставила некоторых из нас ранеными.\n\n... У нас нет выбора, кроме как продолжить наш путь к артерии."
      ]
    },
    {
      "id": 1050401,
      "title": "Артерия",
      "prevDesc": "",
      "eventDesc": "\"Это оказалось гораздо сложнее, чем я ожидал...\"\n\nАртерия оказалась намного прочнее, чем мы изначально предполагали.\n\nРазрезать ее одним ударом будет нелегко... но если мы задержимся здесь слишком долго, мы не успеем вовремя прибыть в место встречи.",
      "behaveDesc": "Кто сможет разрезать ее одним ударом?",
      "successDesc": [
        "[{0}] замедлил дыхание и принял устойчивую позу...\n\n\"Ооо!\"\n\n... прежде чем нанести удар по артерии, разрезав ее начисто.\n\n\"Кровавая жидкость хлещет с ужасающей скоростью.\"\n\nКогда кровоток из отверстия начинает замедляться, путь начинает открываться.\n\n... Давайте направимся к сердцу."
      ],
      "failureDesc": [
        "[{0}] ударил по артерии изо всех сил, но...\n\n\"Всего лишь небольшой порез, да?\"\n\n... не смог разрезать ее.\n\n\"У нас нет на это времени...!\"\n\nВ панике [{0}] начал repeatedly бить своим оружием по артерии, пытаясь разрубить ее.\n\n... К счастью, нам удалось вовремя разрезать артерию. Но это явно истощило [{0}] от усилий.\n\n\"Кровавая жидкость хлещет с ужасающей скоростью.\"\n\nКогда кровоток из отверстия начинает замедляться, путь начинает открываться.\n\n... Давайте направимся к сердцу."
      ]
    },
    {
      "id": 1050501,
      "title": "Ящик с припасами 1",
      "prevDesc": "",
      "eventDesc": "Мы остановились перед ящиком с логотипом Пиратов Двойного Пуджа.\n\n\"Этот ящик, похоже, заперт.\"\n\n\"Он весь проржавел... Я не думаю, что мы даже сможем попытаться взломать замок.\"\n\n\"Тогда давайте разобьем его!\"\n\n... Но сам ящик выглядит довольно хлипким. Мы рискуем разбить и его содержимое.",
      "behaveDesc": "Кто сможет ударить по ящику с точно нужной силой?",
      "successDesc": [
        "[{0}] внимательно осмотрел ящик, затем отступил на шаг. Затем, контролируемым ударом, разбил только крышку ящика.\n\nТо, что мы нашли внутри ящика, было ржавым крюком, покрытым кровью и белой мембраной. Вероятно, он использовался для убийства русалок.\n\nЯ не знаю, какое применение это может иметь... но это может оказаться полезным.\n\nСтоит ли нам проверить и другие ящики?"
      ],
      "failureDesc": [
        "\"Ой...\"\n\nЭто был совсем не контролируемый удар. Я не был уверен, пытались ли они вообще.\n\nЯщик был разбит в щепки, настолько, что мы не могли отличить его содержимое от раздробленных остатков.\n\nЧто ж, нет выбора, кроме как проверить, какие еще ящики у нас есть..."
      ]
    },
    {
      "id": 1050502,
      "title": "Ящик с припасами 2",
      "prevDesc": "",
      "eventDesc": "На этом ящике логотип Уборщиков ебаных.\n\nЭтот выглядит достаточно прочным... мы, вероятно, не сможем разбить его.\n\n\"Похоже, он был запечатан сложным запирающим механизмом.\"\n\n\"Сомневаюсь, что смогу просто разбить это...\"\n\n\"Подождите, кажется, я что-то помню...\"\n\nВозможно, Грешник, который использовал удостоверение Уборщиков ебаных в прошлом, может что-то знать об этом.",
      "behaveDesc": "Кто попытается взломать замок?",
      "successDesc": [
        "\"Думаю, они делали это так...\"\n\n[{0}] возится с замком и открывает ящик.\n\n\"Понятно. В этом ящике был магазин для огнестрельного оружия.\"\n\nДействительно, то, что мы нашли внутри ящика, был магазин, полный пуль.\n\nМы определенно найдем этому хорошее применение.\n\nБольше полезных ящиков вокруг нет... Мы решили двигаться дальше в следующую область.",
        "[{0}] возится с замком и открывает ящик.\n\n\"Понятно. В этом ящике был магазин для огнестрельного оружия.\"\n\nДействительно, то, что мы нашли внутри ящика, был магазин, полный пуль.\n\nМы определенно найдем этому хорошее применение.\n\nБольше полезных ящиков вокруг нет... Мы решили двигаться дальше в следующую область."
      ],
      "failureDesc": [
        "[{0}] повозился с замком, но не добился никакого прогресса.\n\n\"Хмм...\"\n\nПосле еще нескольких попыток настройки, ящик, казалось, укрепился дополнительным запирающим механизмом.\n\n\"Ну, что поделаешь.\"\n\nВероятно, там было что-то полезное... но у нас нет средств, чтобы взломать его. У нас нет выбора, кроме как оставить его позади.\n\nБольше полезных ящиков вокруг нет... Мы решили двигаться дальше в следующую область."
      ]
    },
    {
      "id": 810602,
      "title": "Ахав 2",
      "prevDesc": "",
      "eventDesc": "Конечно, можно так сказать.\n\nНо... ее собственные ответы имеют здесь наибольшее значение, не так ли?\n\n\"......\"\n\nЕе дыхание быстрое и дрожащее. Она размышляет.\n\nКакой ответ ждет вас в конце этих размышлений?",
      "behaveDesc": "Сможет ли она вынести свое собственное прошлое?",
      "successDesc": [
        "\"... Ах!\"\n\nИзмаил решительно взмахивает рукой. Она пытается сосредоточиться.\n\n\"Все еще несешь херню... Я разорву твой рот от уха до уха!\"\n\n\"Хорошо. Давай.\"\n\n\"Чего ты ждешь? Это потому, что ты слишком слаба, чтобы сделать это? ... Хахаха!\"\n\nОт провокации Капитана глаза Измаил начинают гореть ненавистью. Она бросается на Капитана.\n\nПохоже, она все еще ищет ответ. И иногда гнев может сбить с пути. Не так ли?"
      ],
      "failureDesc": [
        "\"…….\"\n\nЕе ответ на вопрос Менеджера... бесконечное безмолвие.\n\nОна все еще размышляет? Или она думает, что он неправ?\n\nДействительно... для нее может быть еще слишком рано.\nРешать, что есть."
      ]
    },
    {
      "id": 810603,
      "title": "Ахав 3",
      "prevDesc": "",
      "eventDesc": "\"<Измаил.>\"\n\n\"<Это еще не конец.>\"\n\n\"<Еще слишком рано решать. Еще есть время.>\"\n\n\"<И когда придет время... никто не примет это решение вместо тебя.>\"\n\n\"<Ни я. Ни Ахав.>\"\n\n\"<Я знаю, что ты можешь найти свои собственные ответы. Найти свой собственный путь.>\"\n\n\"…….\"\n\nИзмаил не отвечает. Вместо этого она крепче сжимает оружие в руках.",
      "behaveDesc": "Отложенный ответ...\n... не такая уж плохая идея.",
      "successDesc": [
        "\"... Ах!\"\n\nИзмаил решительно взмахивает рукой. Она пытается сосредоточиться.\n\n\"Все еще несешь херню... Я разорву твой рот от уха до уха!\"\n\n\"Хорошо. Давай.\"\n\n\"Чего ты ждешь? Это потому, что ты слишком слаба, чтобы сделать это? ... Хахаха!\"\n\nОт провокации Капитана глаза Измаил начинают гореть ненавистью. Она бросается на Капитана.\n\nПохоже, она все еще ищет ответ. И иногда гнев может сбить с пути. Не так ли?"
      ],
      "failureDesc": [
        ""
      ]
    }
  ]
}