﻿{
  "dataList": [
    {
      "id": 800101,
      "title": "백설선택지1",
      "eventDesc": "Разбитое на тысячи осколков, сердце крепко окутано и зарыто глубоко в землю.\n\nНо кому-то придётся схватиться за колючие корни и вырвать их,\nсловно нет в мире боли, которую нельзя приземлить.\n\nГрешники переглянулись.\nВедь боль, зарывающаяся в тело всё глубже, была отторгаема человеком даже во сне.",
      "prevDesc": "Лозы на полу сильно мешают в бою.\nРазве нет способа избавиться от них?",
      "behaveDesc": "Нужно вскопать сухую землю.\nКому из грешников предстоит эта работа?",
      "successDesc": [
        "Спотыкаясь, {0} идёт к аномалии.\nВыкапывая землю голыми руками,\n\n{0} чувствует в них сомнение других.\nИ после, понимает.\n\nРаны заживают, но недоверие, колющее глубоко внутри, может терзать сердце вечно."
      ],
      "failureDesc": [
        "{0} не может выкопать корни аномалии.\nВозможно, всё потому что лозы настолько крепко переплелись между собой, что уже нельзя отличить, где начало, а где конец.\n\nПаутина из корней продвигается дальше, надеясь только на себя,\nи продолжая причинять боль грешникам."
      ]
    },
    {
      "id": 800102,
      "title": "백설선택지2",
      "eventDesc": "Внезапно, земля под ногами начала слегка дрожать.\nГрешники понимали друг друга по одному взгляду, не сказав ни слова.\nРазве боль одного не будет лучше боли для всех сразу?",
      "prevDesc": "백설 선택지 2 뜰 예정",
      "behaveDesc": "В почве образовалась крупная трещина.\nКто из грешников \"залатает\" её?",
      "successDesc": [
        "{0} чувствует, как сквозь пробитую грудную клетку стебель прорастает ввысь.\nДо меня доносится тяжёлое дыхание, но это больше не должно нас заботить."
      ],
      "failureDesc": [
        "С тихим шёпотом стебли пронизывают сердца всех грешников.„Каждый из нас должен прочувствовать эту боль.“„Если мне горестно от ваших печалей, то боль должна быть равной.“\nТысячи корней прорастают сквозь тела грешников."
      ]
    },
    {
      "id": 800104,
      "title": "백설선택지4",
      "eventDesc": "Несмотря на то, что грешник перенёс столько боли, на теле не расцвело ни единого цветка.\nНо вскоре грешники увидели, что вместо цветов на теле выросли плоды.\n\nЯ слышу, как один из грешников сглатывает слюну.\nЖелание вкусить нектар плодов, взращённых жертвой грешника, начало одурманивать разум.",
      "prevDesc": "백설 선택지 4 뜰 예정",
      "behaveDesc": "В конце концов, кто-то из грешников потянулся за плодами.\nКто же попробует плод?",
      "successDesc": [
        "{0} прокусывает плод.\nЯзык ощущает абсолютный экстаз.\n\nНо теперь {0} не сможет насладиться другим вкусом, так что это можно назвать проклятием аномалии."
      ],
      "failureDesc": [
        "Что-то гложет грешника изнутри.\nСначала мне казалось похожим на жука, жаждущего сладости, но всё оказалось ещё унизительнее; это было презренное чувство.\n\nВзгляд грешника пробежался по окружению.\nПосле вкушения этого плода, {0} чувствует, как сердце наполняется завистью ко всему, лишающей всякой любви к себе."
      ]
    },
    {
      "id": 800105,
      "title": "백설선택지5",
      "eventDesc": "Грешники взглянули на то, что должно было быть лицом аномалии.\nОни смотрели внутрь обветренных воспоминаний.\n\nПрямо в дыры, выеденные жуками.\n\nЗенит существования яблока — не момент, когда оно спеет красным.\nно момент, когда оно, темнея, разделяется и скукоживается, привлекая к себе ничтожных тварей,\nи именно это приносит яблоку неподдельную радость.\n\nГрешники прекрасно понимали, что пора вернуть яблоко земле.",
      "prevDesc": "Яблоко снова приобрело форму.\nЕсть ли какой-то способ уничтожить его?",
      "behaveDesc": "Яблоко стало лёгкой мишенью.\nКто же из грешников вернёт его с небес на землю?",
      "successDesc": [
        "Мощным ударом {0} бросает яблоко на землю.\nГлухой стук эхом раздался по коридору.\n\nПотому что уже долго время внутри плода была лишь пустота.\nИ эта атака позволила другим грешникам сделать передышку в битве."
      ],
      "failureDesc": [
        "Несмотря на силу атаки, {0} не попадает по яблоку.\nСкорее всего, колебания в сердце грешника не позволили ударить точно в цель.\n\nЧеловеческий разум поверхностен.\nВнутри каждого посеяно чувство собственной ничтожности, что твердит о его ненужности."
      ]
    },
    {
      "id": 800801,
      "title": "구더기사과선택지1",
      "eventDesc": "Тело яблока раскололось, и сбежавший фрукт замер.\nНеужели внутри него правда скрывается Золотая ветвь?\n„Я проверю эту аномалию!“\n\nВоскликнула Юри.\nГрешник с жучиной лапой явно занервничал.\nКто из грешников сопроводит Юри?",
      "prevDesc": "Может ли Золотая ветвь быть сокрыта внутри этого яблока?",
      "behaveDesc": "Нельзя подпускать к ней Юри одну.\nКто из грешников сопроводит девушку?",
      "successDesc": [
        "Расколотое яблоко, что только было тихим, внезапно затряслось, будто собираясь вот-вот атаковать.\n\n{0} отбегает, но Юри не удаётся избежать нападения.\nВ один миг мякоть яблока растаяла, приобретая новую форму.\n\nНо не стоит так горевать: одна смерть, всё же, лучше двух."
      ],
      "failureDesc": [
        "Расколотое яблоко, что только было тихим, внезапно затряслось, будто собираясь вот-вот атаковать.\n\n{0} не успевает полностью увернуться из-за погружённости в поиск Ветви.\nНесмотря на уворот, {0} получает несколько ранений от аномалии.\n\nНо спасать Юри было слишком поздно: мякоть аномалии в одночасье поглотила её и приобрела новую форму.\n\nК несчастью, я никак не смогу повлиять на ситуацию. К тому же, теперь у нас раненный на руках."
      ]
    },
    {
      "id": 800201,
      "prevDesc": "Похоже, аномалия впала в ярость.\nОна выглядит так, словно ожидает что-то от нас, но что именно мы можем ей дать?"
    },
    {
      "id": 800202,
      "title": "아즈텍원판선택지2",
      "eventDesc": "Похоже, вместо терракотовой фигурки нам придётся отдавать в жертву грешника.",
      "behaveDesc": "Кто бы мог понравиться аномалии?",
      "successDesc": [
        "{0} проливает свою кровь, и эта жертва оказывается аномалии по душе.\nПохоже, она умерила свой пыл."
      ],
      "failureDesc": [
        "{0} проливает свою кровь, но аномалии это не нравится.\nПохоже, она становится лишь яростнее."
      ]
    },
    {
      "id": 800203,
      "prevDesc": "Пламя аномалии утомляет грешников.\nМожет быть, чтобы умерить пыл аномалии, нужно преподнести дар?"
    },
    {
      "id": 800204,
      "title": "아즈텍원판선택지4",
      "eventDesc": "Похоже, вместо терракотовой фигурки нам придётся отдавать в жертву грешника.",
      "behaveDesc": "Кто из грешников наиболее хладнокровен?",
      "successDesc": [
        "{0} успешно ослабляет ярость аномалии собственной кровью.\nПламя разбилось на множество языков и погасло."
      ],
      "failureDesc": [
        "Похоже, {0} гораздо горячей, чем мы все ожидали.\nПламя аномалии становится жарче и опасней."
      ]
    },
    {
      "id": 800205,
      "prevDesc": "Ощущается опасное свечение.",
      "behaveDesc": "Звёзды ярко мерцают.\nНо эти звёзды способны отнять взор тех, кто смотрит на них.\nКакие дары могут понравиться этим звёздам?"
    },
    {
      "id": 800206,
      "title": "아즈텍원판선택지6",
      "eventDesc": "Похоже, вместо терракотовой фигурки нам придётся отдавать в жертву грешника.",
      "behaveDesc": "Чей голос способен успокоить звёзды и вернуть их в дрёму?",
      "successDesc": [
        "{0} поёт колыбельную, и звёзды угасают, возвращаясь в глубокий сон.\nЗвёздный свет не потревожит нас некоторое время."
      ],
      "failureDesc": [
        "{0} поёт колыбельную, но это лишь сильнее пробуждает звёзды.\nИ теперь, они желают наказать нас.\n\nНевероятный свет выжигает глаза.\nВозможно, сама вселенная раскрывается перед сожжённым взглядом."
      ]
    },
    {
      "id": 801201,
      "prevDesc": "Мы должны были убить их, но они поднимаются на ноги вновь. Что происходит?"
    },
    {
      "id": 801202,
      "prevDesc": "Нападаем на самого крупного!"
    },
    {
      "id": 801501,
      "prevDesc": "Розовые ленточки развеваются вокруг нас."
    },
    {
      "id": 801502,
      "title": "분홍신선택지2",
      "eventDesc": "Настало время развязать узел желания.",
      "prevDesc": "„Очнись! Эти туфли могут лишь врать!“\n\nЯ услышал чей-то крик.\n\nИ тогда я осознал, что лишь алчность скрывается за этими лентами.\nПора развязывать узел желания.",
      "behaveDesc": "Кто сможет развязать этот узел?",
      "successDesc": [
        "„А-а…“\n„Голова раскалывается.“\n„Угх… Мне только стало приятно.“\n\nЛенты, опутывавшие грешников, растаяли в воздухе.\n„Свобода! Свобода!“\n\nКажется, до меня донёсся незнакомый голос, но благополучие грешников важнее."
      ],
      "failureDesc": [
        "И всё же, розовые ленточки обернули всех.\nЯ больше не могу думать, и, уж тем более, противиться этому.\n\nПохоже…\n\nЯ никогда не смогу спастись."
      ]
    },
    {
      "id": 10100201,
      "title": "Вечный покой",
      "eventDesc": "Одного из солдат придавило развалинами, и тот едва дышал в агонии.\n„Прошу, просто убейте меня… Это невыносимо.“\n\nЯ не могу пройти мимо этого человека.",
      "prevDesc": "",
      "behaveDesc": "Кому суждено подарить ему вечный покой?",
      "successDesc": [
        "„Спа…сибо…“\n\nЖизнь солдата была прервана ударом милосердия ножа.\nРитм человеческого сердца, ускорившийся от удара лезвием, вскоре прекратился, и солдат обрёл вечный покой."
      ],
      "failureDesc": [
        "„Гра-а-а!..“\n\nНож впился не туда, куда надо.\nСолдат начал выкашливать кровь с лицом, полным ужаса, словно он вечность терпел эту боль.\n\nПрошло некоторое время, прежде чем солдат наконец скончался.\nСожаление и ненависть — последнее, что горело в его глазах."
      ]
    },
    {
      "id": 10200201,
      "title": "Весёлая обучающая игра, приправленная жестокостью!",
      "eventDesc": "„Нам нрав красный! Нам нрав красный! Нрав! Нрав!“\n\nГруппа киборгов скандировала, и в их выкриках чувствовался странный ритм.\n„Красный четыре!!!“\n\nНазвав ставку, они яростно крутанули рулетку.\nИ после этого, они положили шарик в руку одного из грешников.",
      "prevDesc": "",
      "behaveDesc": "Похоже, нужно попасть на красный сектор с числом большим, чем четыре.\nКто бросит шарик?",
      "successDesc": [
        "„Проиграли! Проигрыш!! Агх!“\n\nКиборг-крупье рухнул на пол.\nПохоже, ритмичность не покидала его до самого конца."
      ],
      "failureDesc": [
        "„Получай! Получай, получай!“\n\nУвидев, что шарик попал не на тот сектор, киборг-крупье огромной рукой со всей дури врезал грешнику по лицу.\n\nГрешник, получивший от крупье, бездыханно падает на пол, и игра на этом заканчивается…"
      ]
    },
    {
      "id": 10200202,
      "title": "Весёлая обучающая игра, приправленная жестокостью!",
      "eventDesc": "„Не время~ Уби~ <b>ва-ть-ся</b>!“\n\nСмеясь, киборги снова крутанули рулетку.\n„Нам нрав жёлтый! Нам нрав жёлтый! Жёлтый! Жёлтый!“\n„Жёлтый шесть!!!“",
      "prevDesc": "",
      "behaveDesc": "Похоже, нужно попасть на жёлтый сектор с числом большим, чем шесть.\nКто бросит шарик?",
      "successDesc": [
        "„Проиграли! Опять проигрыш!! Уа-агх!“\n\nВторой киборг-крупье рухнул на пол."
      ],
      "failureDesc": [
        "„Лови кулак~ Давай. Давай-давай-давай!“\n\nКиборг-крупье огромной рукой со всей дури врезал грешнику по лицу.\n\nГрешник, получивший от крупье, бездыханно падает на пол, и игра на этом заканчивается…"
      ]
    },
    {
      "id": 10200203,
      "title": "Весёлая обучающая игра, приправленная жестокостью!",
      "eventDesc": "„Так весело. Я. Просто. Не. Могу!“\n\nНачав петь, киборги крутанули рулетку.\n„Нам нрав синий! Нам нрав синий! Синий! Синий! Синий!“\n„Синий восемь!!!“",
      "prevDesc": "",
      "behaveDesc": "Похоже, нужно попасть на синий сектор с числом большим, чем восемь.\nКто бросит шарик?",
      "successDesc": [
        "„Всё проиграли! Всё проиграли!! Чёрт!“\n\nПоследний киборг-крупье рухнул на пол.\n\nИ за ним, остальная группа тоже упала, перестав подавать признаки жизни.\nМы выиграли?..\n\nНо вскоре, в обломках киборгов я приметил что-то блестящее.\nЯ аккуратно поднял вещицу."
      ],
      "failureDesc": [
        "„Бам!“\n\nКиборг-крупье огромной рукой со всей дури врезал грешнику по лицу.\n„Игра окончена! Утешительный приз!“\nКиборги бросили что-то мне в руки и ушли прочь."
      ]
    },
    {
      "id": 1030201,
      "title": "Перед запертой дверью",
      "eventDesc": "Какой толщины ни была бы дверь, её прочность не сравнится с силой грешников.\nКто подойдёт для этой работёнки?",
      "prevDesc": "",
      "behaveDesc": "Кто откроет дверь?",
      "successDesc": [
        "[{0}] со всей силы толкает дверь.\n„Гх-х…“\n\nДверь начинает поддаваться, но, похоже, силы не хватает, чтобы её открыть.\n„Ладно, хватит с тебя…“\n\nЯ попытался успокоить грешника, но [{0}] продолжает давить на дверь, сконцентрировавшись только на ней.\n\nИ через некоторое время…\n„Готово!“\n\n…Дверь отворилась.\nЗа ней скрывалась тайная тропа."
      ],
      "failureDesc": [
        "[{0}] со всей силы толкает дверь.\n„…Боюсь, мне не под силу.“\n\nДверь даже не дрогнула.\n\nМне правда интересно, что скрыто за этой дверью, но…\nМне остаётся лишь покинуть комнату с сожалением в душе."
      ]
    },
    {
      "id": 1030202,
      "title": "Перед запертой дверью",
      "eventDesc": "Должно быть другое решение, кроме грубой силы.\nМожет, если мы осмотримся, то найдём что-то полезное.",
      "prevDesc": "",
      "behaveDesc": "Мне стоит попросить зоркого грешника осмотреть комнату…",
      "successDesc": [
        "[{0}] осматривает дверь и часть комнаты возле неё.\n„……“\n\nЩупая что-то около двери,\nвскоре [{0}] радостно восклицает.\n„Чего?!“\n\nСледом, дверь открывается\n\nПохоже, один из кирпичей возле дверей немного выпирал из стены.\nИ когда его вернули на месте, дверь отворилась.\nОбъяснив это, [{0}] проходит через дверь, как ни в чём не бывало.\n\nЗа ней скрывалась тайная тропа."
      ],
      "failureDesc": [
        "[{0}] осматривает дверь и часть комнаты возле неё.\n\nОднако, хотя прошло много времени, [{0}] так ничего и не находит.\n„Делать нечего…“\n\nК несчастью, нам ничего не оставалось, кроме как покинуть комнату."
      ]
    },
    {
      "id": 1030301,
      "title": "Первые врата",
      "eventDesc": "Каким бы ни был лес густым, в нём есть просветы.\n\nИ с некоторой сноровкой мы сможем прошмышнуть за спины инквизиторов.\nТогда битва пройдёт как по маслу.",
      "prevDesc": "",
      "behaveDesc": "Какой грешник сможет проскочить через \"лес\" и напасть на инквизиторов со спины?",
      "successDesc": [
        "[{0}] тихо пробирается к \"лесу\".\nНе прошло много времени, как пара-тройка инквизиторов рухнула на пол.\n„Ересь! Еретики!“\n\nНе удалось справиться со всеми инквизиторами, но, всё же, их ряды заметно поредели.\nКак только мы разберёмся с оставшимися, то сможем пройти без проблем."
      ],
      "failureDesc": [
        "[{0}] тихо пробирается к \"лесу\".\nНе прошло много времени, как перед вратами началась заварушка.\n„Чего?“\n„Это еретик, как он тут оказался?“\n„Похоже, упал.“\n\n…Видимо, удар в спину не удался."
      ]
    },
    {
      "id": 1030302,
      "title": "Первые врата",
      "eventDesc": "Возможно, нам удастся отвлечь инквизиторов, вызвав шум в другом месте.\nТолько вот как поднять шум…\n„Внемлите мне, покуда у меня есть план!“\n\nЧто ж, стоит выслушать грешницу.\n\n…Что ж, не знаю, хорошая ли это идея, но она точно не ужасна.",
      "prevDesc": "",
      "behaveDesc": "Итак, какому грешнику придётся придерживаться этого плана?",
      "successDesc": [
        "[{0}] приступает к выполнению плана.\n„Эй, там…“„Да, нам стоит проверить, что это.“\n\nНесколько инквизиторов покинули свой пост, чтобы проверить место, где прячется [{0}].\n„И вот возвращается победитель! О чём и глаголила ваша слуга! Совершенный план, от начала и до конца!“\n\nВ голосе грешницы слышался триумф.\n\nНе думал, что эта затея сработает, как надо…\nОстаётся разобраться с инквизиторами, оставшимися на посту, и проход будет открыт."
      ],
      "failureDesc": [
        "[{0}] приступает к выполнению плана.\n„!.. Еретик! Бросай гвоздь!“\n„Вон там, ещё еретики.“\n\n…Так и знал, что это случится.\nНичего не поделаешь. Придётся пробиваться через все ряды."
      ]
    },
    {
      "id": 1030501,
      "title": "Судящий судью",
      "eventDesc": "„Ересь! Еретики!“\n\nКак только грешники приблизились, инквизитор вскрикнул и отбросил жертву пытки.\n„Эти щенки!“\n\nСинклер встал в авангарде и встретился с инквизитором лицом к лицу.\nНо, учитывая оружие Синклера, ему будет трудно отразить удар тяжёлого молота.",
      "prevDesc": "",
      "behaveDesc": "Стоит ли позвать грешника на помощь Синклеру?\nИли же, позволить ему разобраться с инквизитором в одиночку?",
      "successDesc": [
        "По моей просьбе [{0}] выходит вперёд.\nМолот отскочил, что сбило инквизитора с толку.\n\nТеперь, если продолжить в том же духе, мы точно сможем одержать победу.",
        "Всё же, я решил довериться ему.\n„РА-А-А-А!!“\n\nСинклер отбил молот в сторону, ударив алебардой по рукояти.\n\nМолот отскочил, что сбило инквизитора с толку.\n\nТеперь, если продолжить в том же духе, мы точно сможем одержать победу."
      ],
      "failureDesc": [
        "Несмотря на мою просьбу, [{0}]…\nПохоже, этого было недостаточно, чтобы избежать удара молота.\n\n[{0}] в оглушении, и инквизиторы начали окружать нас.\nМы в невыгодном положении, но нам придётся драться."
      ]
    },
    {
      "id": 1030601,
      "title": "Останки гниющего тела",
      "eventDesc": "Грешник, ценящий блестяшки, без проблем бы исследовал, что же сверкает в этих останках.\nС другой стороны, бессмысленно заставлять рыскать грешника, абсолютно не заинтересованного в подобном.",
      "prevDesc": "",
      "behaveDesc": "Кого мне стоит попросить?",
      "successDesc": [
        "[{0}] находит помятую печать корпорации N.\n\nСомневаюсь, что ради такой находки стоило осквернять тело, но и она может где-то пригодиться.\n\nПряча печать и помогая некоторым грешникам справиться с тошнотой, мы покинули комнату"
      ],
      "failureDesc": [
        "[{0}] тщательно исследует гриву, но, похоже, так ничего и не находит.\n„У-ум… Угх…“\n\nЧем больше [{0}] трогает тело, тем сильнее становятся приступы тошноты.\n…Если грешник продолжит, станет только хуже.\n\nВскоре я останавливаю грешника и, как только [{0}] возвращается к нам, мы покидаем комнату.\nМы так ничего и не получили.",
        "[{0}] тщательно исследует гриву, но, похоже, так ничего и не находит.\n„У-ум… Угх…“\n\nЧем больше [{0}] трогает тело, тем сильнее становятся приступы тошноты.\n…Если грешник продолжит, станет только хуже.\n\nВскоре я останавливаю грешника и, как только [{0}] возвращается к нам, мы покидаем комнату.\nМы так ничего и не получили."
      ]
    },
    {
      "id": 1030801,
      "title": "Обряд воспаления",
      "eventDesc": "„…Печальные новости. Слишком много инквизиторов на другом пути.“\n\nМы попросили одного из грешников разведать территорию, но, похоже, у нас нет иного выбора, кроме как проходить через этот коридор.\nПо крайней мере, с горящей волей можно выдержать боль обожжённых ног.",
      "prevDesc": "",
      "behaveDesc": "Кого мне выбрать?",
      "successDesc": [
        "[{0}] босиком пробегает по раскалённому полу.\nОстальные недовольно нахмурились, почувствовав запах горелой плоти.\n\nНесмотря на боль, [{0}] пробегает до конца коридора…\n\nИ перед грешником поднимается алтарь с красной печатью и рычагом.\nКак только [{0}] дёргает за рычаг, дорога в миг остывает.\nОстальные могут безопасно пройти по холодному коридору."
      ],
      "failureDesc": [
        "[{0}] босиком пробегает по раскалённому полу.\nОстальные недовольно нахмурились, почувствовав запах горелой плоти.\n\n[{0}] добегает до половины пути, но…\n\nВскоре возвращается, не в состоянии вытерпеть боль.\nВсё же, мы не сможем пойти по этому пути.\nТам нас ждут инквизиторы, но другого выбора у нас не осталось.",
        "Услышав мой выбор, Дон Кихот воскликнула:\n\n„Не смею я стопы оголять свои!“"
      ]
    },
    {
      "id": 1031001,
      "title": "Обряд «Лицом к лицу»",
      "eventDesc": "Кажется, обряд начнётся, когда кто-то сядет на этот стул?\nНе знаю, что это будет… Но иным способом дверь не открыть.",
      "prevDesc": "",
      "behaveDesc": "Кого из грешников усадить на этот стул?",
      "successDesc": [
        "[{0}] садится на стул.\n…Неописуемый крик раздался в комнате.\n[{0}] не прекращает лить слёзы.\n\nВскоре, миска наполнилась слезами.\nКогда мы поставили её на алтарь, он опустился и дверь отворилась.\n„Хнык, хны… хк.“\n\nГлаза грешника дрожат, полные ужаса.\nЯ решил не задаваться вопросом, что переживает [{0}].\n„…За дверью находится печать.“\n\nЯ забрал синюю печать и мы покинули комнату."
      ],
      "failureDesc": [
        "[{0}] садится на стул.\n…Неописуемый крик раздался в комнате.\n[{0}] не прекращает лить слёзы.\n\nНо их недостаточно, чтобы заполнить миску до краёв.\nСкорее, грешнику было настолько плохо, что даже слёз не хватало для выражения боли и ужаса.\nГлядя на то, в каком состоянии [{0}], мы попытались успокоить жертву стула и вскоре покинули комнату."
      ]
    },
    {
      "id": 1031201,
      "title": "Обряд искупления",
      "eventDesc": "Кому-то придётся сесть на шипы, жертвуя здоровьем конечностей.",
      "prevDesc": "",
      "behaveDesc": "Кого придётся усаживать на эти шипы?",
      "successDesc": [
        "[{0}] подходит к трону из шипов.\n[{0}] смотрит на меня колеблющимся взглядом, и я лишь киваю в ответ.\n\n…Крик разносится по всей комнате.\n\nНе прошло много времени, как дверь с глухим звуком открылась.\nПозади врат лежала оранжевая печать.\nМы забрали её и сняли жертву с шипов."
      ],
      "failureDesc": [
        "[{0}] подходит к трону из шипов.\n[{0}] смотрит на меня колеблющимся взглядом, и я лишь киваю в ответ.\n\n…Крик разносится по всей комнате.\n\nНо ничего не произошло.\nМожет, жертва испытала недостаточно боли,\n но [{0}] садится снова и снова, только дверь остаётся запертой."
      ]
    },
    {
      "id": 1031401,
      "title": "Последний обряд",
      "eventDesc": "Я не могу придумать никаких способов разрешения этой ситуации, кроме как договориться с ними.",
      "prevDesc": "",
      "behaveDesc": "Кто из грешников наиболее искусен в красноречии?",
      "successDesc": [
        "[{0}] подходит к инквизиторам.\n„…Хорошо, Слова. Твои, убедительны.“\n\nПосле небольшого разговора, убеждённый инквизитор открывает перед нами врата."
      ],
      "failureDesc": [
        "[{0}] подходит к инквизиторам.\n„……“\n\nИнквизитор не отвечает.\n„…Не позволю.“\n\nИзредка он лишь коротко отрицал сказанное грешником.\nЧерез некоторое время [{0}] сдаётся и возвращается к нам.\n…Похоже, нам придётся решить это грубой силой."
      ]
    },
    {
      "id": 103003,
      "title": "던전 103003 선택지",
      "eventDesc": "Перед нами крепко-накрепко закрытая дверь с выгравированной надписью.\n„Докажите свои чувства перед лицом ужаса и страха.\nНаполните миску слезами.“",
      "prevDesc": "",
      "behaveDesc": "Кто из грешников наиболее плаксив?",
      "successDesc": [
        "[{0}] наполняет миску своими слезами.\nВскоре, миска со слезами исчезает в алтаре, и дверь открывается."
      ],
      "failureDesc": [
        "[{0}] не в состоянии выплакать достаточно слёз, чтобы наполнить миску.\nОстальные попытались открыть дверь силой, но она не поддалась."
      ]
    },
    {
      "id": 103004,
      "title": "던전 103004 선택지 : 짓무름의 의식",
      "eventDesc": "Я вижу дверь, но между нами докрасна раскалённый пол коридора.\nИ перед ним стоит знак:\n„Докажите свою человечность через слабость и воспаление.\nСоздайте свой путь следами опалённых ног.“",
      "prevDesc": "",
      "behaveDesc": "Кто сможет пересечь раскалённый коридор?",
      "successDesc": [
        "[{0}] босиком пробегает по раскалённому полу.\nИ как только [{0}] оказывается на другой стороне, механизм у двери щёлкает.\n\nКогда устройства коснулись, пол со временем остыл.\nМы смогли пересечь коридор без опасности обжечься."
      ],
      "failureDesc": [
        "[{0}] босиком пробегает по раскалённому полу.\nОднако [{0}] не в состоянии выдержать жар и бегом возвращается обратно.\nТеперь все вынуждены проходить по раскалённому пути."
      ]
    },
    {
      "id": 103005,
      "title": "던전 103004 선택지 : 속죄의 의식",
      "eventDesc": "Мы остановились перед большой дверью с выгравированной надписью.„Только раскаявшиеся могут пройти.\nВытерпи боль от шипов и искупи свои грехи.“",
      "prevDesc": "",
      "behaveDesc": "Кто может раскаяться в собственных грехах?",
      "successDesc": [
        "[{0}] подходит к трону из шипов.\nКрики боли раздались по всей комнате.\n\nВскоре, с тяжёлым звуком, дверь открывается.\nХотя [{0}] выглядит спокойнее, чем раньше."
      ],
      "failureDesc": [
        "[{0}] подходит к трону из шипов.\nКрик эхом отдаёт от стен комнаты.\nНо ничего не произошло.\n\nНо спустя несколько попыток обряда, она всё же поддаётся."
      ]
    },
    {
      "id": 10300601,
      "title": "던전 103006 2차 선택지",
      "eventDesc": "Думаю, лучше решить это разговором, а не битвой.",
      "prevDesc": "",
      "behaveDesc": "Кто сможет уговорить инквизиторов пропустить нас?",
      "successDesc": [
        "[{0}] подходит к инквизиторам и начинает беседу.\nУбеждённые сладкими речами, они пропускают нас."
      ],
      "failureDesc": [
        "[{0}] говорит с инквизиторами.\nОднако, без лишних слов грешника отталкивают обратно к нам\n\nВсё же, придётся использовать грубую силу."
      ]
    },
    {
      "id": 802501,
      "title": "늑대선택지1",
      "eventDesc": "После стойки он прыгает на нас.\nРасстояние сокращается быстрее, чем я думал.",
      "prevDesc": "Волк готовится к нападению!\nНеужели он собирается совершить скачок в нашу сторону?",
      "behaveDesc": "Кто помешает прыжку зверя?",
      "successDesc": [
        "Ловкое чудовище остановлено.\nТеперь волчий взгляд полон бдительности.\n\nОднако, он вряд ли долго будет следить за нами.\nОн может оставить незаживающий шрам…"
      ],
      "failureDesc": [
        "Мы атакованы волком, что Разрез очка оказался прямо перед носом.\nРазве есть хоть какая-то возможность остановить атаку, что быстрее твоего взгляда?\n\nГрешник ранен атакой, которую не удалось предотвратить."
      ]
    },
    {
      "id": 802801,
      "title": "뱀선택지1",
      "eventDesc": "Ярость лишь накапливается.\nОна доходит до точки кипения быстрее, чем я думал.",
      "prevDesc": "Атмосфера меняется!\nНеужели чаша терпения переполнена?",
      "behaveDesc": "Кто сможет успокоить чудовище?",
      "successDesc": [
        "Грешник делает выпад в сторону обозлённого монстра.\nКажется, он растерялся, не ожидая этой атаки.\n\nНастал наш шанс.\nИли момент бездумного риска…"
      ],
      "failureDesc": [
        "Против чудовища произошёл атакующий манёвр.\n\nНо, как обычно, грешник промахнулся, что лишь сильнее разозлило противника."
      ]
    },
    {
      "id": 802901,
      "title": "크로머선택지1",
      "eventDesc": "Кромер выглядит спокойной, даже собранной.\nНо гвоздь, лежащий словно кинжал в её руке, выдавал, что спокойствие её — лишь лживый фасад.",
      "prevDesc": "Что-то особенное чувствуется во взгляде Кромер.\nЕё глаза полны ненависти и желания!",
      "behaveDesc": "Кто готов встретить Кромер лицом к лицу?",
      "successDesc": [
        "Кромер не ожидала этой атаки.\nЕё глаза, полные ненависти и желания, затуманились на мгновение.\n\nГвоздь, готовый к атаке, так и не пронзил свою жертву.\nВ абсолютной, спокойной тишине он падает на землю."
      ],
      "failureDesc": [
        "Кромер замедлилась, но спокойно увернулась от атаки.\nОна отскакивает назад и смотрит на нас; её взгляд выбирает новую добычу.\n\nКому-то придётся принять её ненависть и удар гвоздём."
      ]
    },
    {
      "id": 803001,
      "title": "크로머선택지2",
      "eventDesc": "Кромер тяжело дышит. Похоже, её превращение не обошлось без побочных эффектов.\n\nВ её движениях чувствуется растерянность, а взор устремлён куда-то вдаль.\n\nПока Кромер потеряла бдительность, может, мы сможем нанести ей оглушающий удар.",
      "prevDesc": "Кромер начала уставать. Скоро мы сможем найти её Ахиллесову пяту.",
      "behaveDesc": "Кто из грешников воспользуется такой возможностью?",
      "successDesc": [
        "[{0}] бегает вокруг Кромер, пытаясь её запутать.\n\nВскоре образовалась брешь в её защите.\nНе теряя времени, [{0}] наносит удар.\n\nКажется, это было эффективно. На теле Кромер появилось незаживающее ранение.\nНеужели это всё?"
      ],
      "failureDesc": [
        "[{0}] бегает вокруг Кромер, пытаясь её запутать.\n„…А.“\n\nНо что такое? [{0}] внезапно застывает на месте, словно статуя.\n\nЭто всё из-за шевелящейся плоти, или же это случилось из-за неудачной встречи глаз со взором Кромер?\n\nДитя вернулось, так и не \"обнажив лезвие\". Вид был крайне удручающий.\n\nМы больше ничего не можем сделать. Остаётся лишь биться."
      ]
    },
    {
      "id": 803101,
      "title": "단수어선택지1",
      "prevDesc": "Похоже, живот этой рыбины раздулся до предела.",
      "eventDesc": "Живот этой аномалии наполнен красной жидкостью.\nКажется, она вырвется в любую минуту.\nНебольшой фонтанчик из крови выплеснулся из обрубленной шеи.",
      "behaveDesc": "Кто остановит эту атаку?",
      "successDesc": [
        "[{0}] Подбежав, [{0}] смотрит на шею аномалии.\nНет смысла повреждать и без того обрубленную шею.\nВместо этого, [{0}] поднимает оружие и повреждает переполненный живот аномалии.\nЖидкость сильным потоком выливается на пол."
      ],
      "failureDesc": [
        "[{0}] подбегает и отрубает часть шеи.\n Однако укорачивание и без того обрубленной шеи не спасает от кровавого потока, выплёскивающегося из неё.\n„Зря это было.“\n\nТакими были слова одного из грешников, но что сделано, то сделано.\nУ нас была всего одна попытка."
      ]
    },
    {
      "id": 803201,
      "title": "골목파수견선택지1",
      "prevDesc": "Собирается гроза, и вокруг мелькают фиолетовые вспышки. Куда они направятся?",
      "eventDesc": "Фиолетовые огни загораются возле телефонных столбов.\nЕсли не поймать его, случится что-то ужасное.",
      "behaveDesc": "Кто поймает плохого мальчика?",
      "successDesc": [
        "[{0}] втыкает своё оружие в землю.„Совсем ку-ку?“\nПослышался вздох, но все понимали, что не время доказывать неправоту.\n[{0}] видит, как крупный электрический заряд бьёт в оружие и уходит в землю.„…Оружие проводит заряд.“\nТак и оказалось; искры полетели в ближайший от оружия столб.\nИронично, но царь улицы получил удар своим же электричеством."
      ],
      "failureDesc": [
        "[{0}] втыкает своё оружие в землю.\nЦелью стала попытка приземлить заряды электрического тока, вызывающего огонь и искры.„…Слишком низко. Молнии не доберутся сюда.“\nТак и оказалось; молния ударила в близстоящий телефонный столб, проигнорировав отвод из оружия.„Эй-а, разве это не… опасно?“\nК несчастью, теперь царю улицы были подвластны красные молнии."
      ]
    },
    {
      "id": 851001,
      "title": "Плачущая жаба",
      "prevDesc": "Похоже, жаба тяжело дышит.",
      "eventDesc": "Жаба надула живот и сделала тяжёлый вдох.\nДва глаза, напоминавшие две капли, наполнены голубыми слезами.\nПохоже, когда жаба откроет рот, горесть и печаль разольются по всей пещере.\nЕй лучше не реветь.",
      "behaveDesc": "Кто из грешников остановит жабьи рыдания?",
      "successDesc": [
        "“Боюсь, это слишком жестоко, но…“\n\nС некоторым усилием, [{0}] бьёт жабу прямо в горловой мешок.\n„Пфха!“\n\nМешок громко сдулся.\n„Ква-а…“\n\nЖаба, сдувшаяся к обычному размеру, просто хныкала. Ей хотелось рыдать, но она не могла сделать даже этого.\n„Как горько.“\n\nКак бы грустно это ни было… Всё же, это хороший момент для атаки."
      ],
      "failureDesc": [
        "[{0}] подходит к жабе.\n„Ква-ак!“\n\nМожет быть, [{0}] слишком сильно осторожничает.\nНо, завидев грешника возле себя, жаба раскрыла рот и звуки вечной меланхолии наполнили пещеру.\n„Ква-а… Ква-а… Ква-а…“\n\n[{0}], не в силах сдержать слёзы, теряет рассудок.\nТеперь [{0}] лишь сидит возле жабы и продолжает рыдать вместе с ней."
      ]
    },
    {
      "id": 851901,
      "title": "kqe-1j-23",
      "prevDesc": "Механическая рука целится в землю. Что этот робот пытается сделать?",
      "eventDesc": "Механическая \"кукла\" протягивает свои провода над землёй.\nПосле, этот робот втыкает их в землю, словно корни.\nНеужели он пытается зарядиться?\n\n<Пожалуйста, не сопротивляйтесь!>\n\nЭти слова были написаны на экране сердца.\n„…это значит, что робот ничего не сможет делать?“\n\nПохоже, грешники не хотят сотрудничества с этой аномалией.",
      "behaveDesc": "Кто помешает подзарядке?",
      "successDesc": [
        "[{0}] быстро достигает сердца.\nМеханическая \"кукла\" не двигается. Это прекрасная возможность для удара.\nЧистый звук раздался в пространстве.\n[{0}] одним ударом оружия отламывает часть аккумулятора механической \"куклы\".\n\n<Пожа… луйста… давайте… сот…@#@%!%^#$>\n\nВскоре экран переполнился непонятными символами и отключился.\nЭто прекрасный удар. Не так ли?"
      ],
      "failureDesc": [
        "[{0}] быстро достигает сердца.\nМеханическая \"кукла\" не двигается. Это прекрасная возможность для удара.\nОднако.\n„По-погоди!“\n\nПрежде чем остальные грешники успели предупредить, [{0}] задевает своим оружием провода, впившиеся в пол.\nЯсно как день, что происходит, когда ты задеваешь оружием что-то с высоким уровнем напряжения.\n[{0}] получает удар током и замирает на месте.\nЭто был не смертельный удар, но, к несчастью, для обоих, так что механическая \"кукла\" вытащила свои провода из земли и вновь начала движение.\nНичего не поделаешь.\nНе всегда всё идёт по твоему хотению."
      ]
    },
    {
      "id": 852701,
      "title": "Моя форма пустеет",
      "prevDesc": "Статуя обрела мир и покой. О чём она думает?",
      "eventDesc": "Что ж, один взгляд на эту статую приносит умиротворение.\nПохоже, статуя забирает боль и страдания других, впитывая их в себя.\nВнутри неё нет \"я\" — только другие.\nТак что немудрено, что грешники, смотря на статую, теряют боевой дух.\nНо один не сможет занять место другого.\nНужно разбить статую до того, как остальных поглотит ложное сострадание.",
      "behaveDesc": "Кто из грешников раскроет фальшивого \"святого\"?",
      "successDesc": [
        "[{0}] трясёт головой.\nОсмотревшись, [{0}] видит других грешников склонившимися перед статуей; некоторые даже пытаются молиться.\nИ вскоре [{0}] понимает, что \"спокойствие\" было лишь одурманиванием аномалии.\nМожно не говорить о чувствах последователей, коим суждено осознать эту горькую правду.\nМощный удар раскалывает статую и приводит в чувства всех остальных."
      ],
      "failureDesc": [
        "[{0}] медленно, очень медленно подходит к статуе\nНекому было остановить грешника, ведь все склонились перед статуей.\n[{0}] издаёт звуки, похожие на молитвы.\nПрислушавшись, я понял, что это исповедь; [{0}] рассказывает статуе все свои проступки и мысли.\nИ хотя [{0}] чувствует, как с исповедью приходит спокойствие, на самом деле грешника не ожидало искупление.\nЛожный Бодхиссатва лишь восстанавливал силы, не слушая исповеди грешника.\nИ теперь…\nВремя вышло."
      ]
    },
    {
      "id": 91030201,
      "title": "Страстное куриное танго",
      "eventDesc": "Цыплёнок с нитками и иголкой в крылышках пристальными глазами смотрит на грешников.\nКому-то придётся это сделать; не получится избежать взора этих глазок.\n",
      "behaveDesc": "Кто из грешников хорош в ручной работе?",
      "successDesc": [
        "[{0}] пожимает плечами, словно не в состоянии отказаться.„М-м…“\nВскоре грешник садится с нитью и иглой возле спинки цыплёнка.\nРабота выполнена обыкновенно, даже немного неловко.„Куда-ах.“\nПохоже, цыплёнок даже не почувствовал боли при зашивании.\nКак только [{0}] заканчивает зашивать, цыплёнок прыгает на колени грешника.„Куда-а-ах!“\n[{0}] в недоумении."
      ],
      "failureDesc": [
        "[{0}] уверенно выступает вперёд„Что ж…“\nВскоре грешник садится с нитью и иглой возле спинки цыплёнка.\nОднако несмотря на былую уверенность, стежки становятся всё более и более кривыми.„Куда-ах-тах!“\nНе позволив завершить работу, цыплёнок отталкивает грешника от себя.„…Раз так, то ты и сам справишься?“\nВзяв нить и иголку, цыплёнок зашил сам себя и обиженно ушёл во тьму,\n оставив [{0}] гореть от стыда."
      ]
    },
    {
      "id": 804501,
      "title": "Шокирующая многоножка",
      "prevDesc": "Многоножка отчаянно извивается, словно пытаясь свернуться.",
      "eventDesc": "Тело Шокирующей многоножки начинает кольцеваться в одном месте.\n„Она собирает электрические разряды.“\nИ вправду, внутри колец разлетаются искры.\nСтоило бы пресечь накопление энергии.",
      "behaveDesc": "Кто же остановит её?",
      "successDesc": [
        "{0} со всей силы ударяет по панцирю многоножки.\n„О-о-о!..“\nВ бронированной железом части тела возникла крупная трещина.\nНеужели это правда остановит многоножку?\nКажется, у нас появился шанс её одолеть."
      ],
      "failureDesc": [
        "{0} со всей силы ударяет по панцирю многоножки.\nТолько вот…\nПохоже, весь разряд высвободился наружу?\nИзнутри колец многоножки послышался громкий треск и появилась яркая вспышка.\nИ, конечно же, {0} получает сильный электрический разряд.\nК счастью сильного шока грешник не получил и лишь оказался откинутым волной, но…\nПохоже, это действие привело многоножку в ярость.\nНеужто нам стоит приготовиться к её атаке?"
      ]
    },
    {
      "id": 804601,
      "title": "Бродячий лис",
      "prevDesc": "Неужели эти рваные, старые зонты защитят шкуру этого лиса?",
      "eventDesc": "Бродячего лиса окружают зонты.\nОни стары, изношены и испещрены дырами.\nПохоже, они стоят здесь уже долгое время для защиты лисицы, но они не способны полностью уберечь аномалию от непогод.\n„……“\nОдин из грешников медленно подходит к морде лиса.\nЛис также замечает подходящего к нему человека, но не рычит в попытках отпугнуть, как и не позволяет себе расслабиться перед новой фигурой.\nОн лишь стоит на том же месте, где стоял всегда.",
      "behaveDesc": "Кто же подошёл к лисице?",
      "successDesc": [
        "{0}, подходя к лисице, становится под старый зонт.\nНесмотря на то, что зонты созданы для укрытия от непогод, дождевые капли то и дело капали на головы стоящих под ним.\nЛедяной ветер продувал сквозь зонты, одаряя стоявшего под зонтом противным ощущением промозглости и холода.\n„……“\nНо {0} с улыбкой на лице устремляет взор в небеса.\nСловно зная, что однажды и дождь окажется позади."
      ],
      "failureDesc": [
        "{0}, подходя к лисице, становится под старый зонт.\nНесмотря на то, что зонты созданы для укрытия от непогод, дождевые капли то и дело капали на головы стоящих под ним.\nЛедяной ветер продувал сквозь зонты, одаряя стоявшего под зонтом противным ощущением промозглости и холода.\n„…Ха-а.“\nС тяжёлым выдохом {0} опускает голову.\nХотя нам не понять чувств двоих издалека,\nдолжно быть, они испытывают меланхолию, заставляющую сгинуть внутри себя."
      ]
    },
    {
      "id": 804701,
      "title": "Чтобы никто не плакал",
      "prevDesc": "Проклятая деревянная кукла замерла.\nЧто такое?",
      "eventDesc": "Кукла встала ровно, словно ничего не произошло.\nСлегка понурив голову, казалось, что кукла смотрела на обереги, прикреплённые к её телу…\nИли, возможно, на обереги на грешниках.\n„……“\nГрешники медленно подошли к замершей кукле из дерева, словно одержимые.\nБудто они забыли, что сражались с нею мгновения назад.\nИ один за другим, они начали снимать обереги со своих тел.\nЧто, чёрт подери, с ними происходит?",
      "behaveDesc": "Кто соберёт все обереги и вернёт их кукле?",
      "successDesc": [
        "Собрав все обереги, {0} стоит перед деревянной куклой.\nКажется, та лишь тихо наблюдает.\nНет, возможно это лишь иллюзия в разуме грешников.\nВнутри загорается желание вернуть обереги на тело куклы.\nСобрав обереги, {0} протягивает их кукле…\nИ, словно намагниченные, они прикрепились к телу куклы.\n„Чтобы никто не заплакал…“\nТихо произнеся эти слова, {0} возвращается к группе."
      ],
      "failureDesc": [
        "Собрав все обереги, {0} стоит перед деревянной куклой.\n„……“\nСлегка скрипнув, она приближается к грешнику.\nПодумав, что аномалия пытается забрать талисманы, {0} протягивает ей обереги, но…\n„Ай!“\nВнезапно деревянная рука дёргается и касается тела грешника.\nВсе обереги на грешнике обращаются в липкую кровь и пропадают без следа.\n…Похоже, всё очень плохо, да?"
      ]
    },
    {
      "id": 804801,
      "title": "Фея-джентльмен",
      "prevDesc": "В нос ударил сильный запах алкоголя.",
      "eventDesc": "Фея-джентльмен с широкой улыбкой обратился к нам:\n„Кхе-хе… Не думал, что выпью так много.“\nИ, икнув, он продолжил.\n„Я даже растерялся… Совсем чуточку, правда.“\nИ с этими словами фея поднимает бокал к своим губам.\n„А! Он что, опохмелиться решил?“\n„Должны мы помешать ему испить этот алкоголь!“\n…Похоже, мы должны помешать Фее-джентльмену опохмелиться, опустошив бокал.",
      "behaveDesc": "Кто отберёт бокал у аномалии?",
      "successDesc": [
        "{0} встаёт перед громадным пузом феи.\n„А, сколько ни проси, я не могу поделиться, понимаешь?“\nНо {0} продолжает сверлить аномалию взглядом, так и не проронив ни слова.\n„…Кхм.“\nСловно недвижимая скала.\n„…Ай, ладно! Отпей немного… Но только глоточек.“\n{0} лишь качает головой.\n„Быть не может, ты хочешь забрать весь бокал?“\n{0} молча кивает.\n„Ты…“\n„Пх, ха-ха. Хорошо. Признаю поражение. Забирай.“\nИ под лёгкую улыбку аномалии {0} получает в руки бокал."
      ],
      "failureDesc": [
        "{0} встаёт перед громадным пузом феи.\n„А, сколько ни проси, я не могу поделиться, понимаешь?“\nНо {0} продолжает сверлить аномалию взглядом, так и не проронив ни слова.\n„…Кхм.“\nСловно недвижимая скала.\n„…Но это не изменит моего ответа?“\nС раскатом хохота фея вливает содержимое бокала в рот на своём животе.\n„Как бы то ни было, не могу же я отдать часть себя, даже ради тебя, так? Ха-ха.“\nС горечью побеждённого {0} возвращается к группе."
      ]
    },
    {
      "id": 1040101,
      "title": "Обыск дрона.",
      "prevDesc": "",
      "eventDesc": "Кажется, настал прекрасный момент для лучшей ищейки среди грешников.",
      "behaveDesc": "Кому нет равных в поиске?",
      "successDesc": [
        "Во время рытья в завалах {0} несколько раз царапает и режет руки.\nНо, к счастью, среди обломков оказалась целая ампула.\n„Неужели хотя бы это…“\nОстальная группа жаловалась, что игра не стоила свеч.\n…Мы покинули комнату, и мне пришлось пообещать, что в следующий раз я переведу стрелки для пострадавшего."
      ],
      "failureDesc": [
        "Обломки оказались острее, чем я предполагал.\n„!..“\nВо время рытья в завалах {0} несколько раз царапает и режет руки.\n„Ничего.“\nДаже после нескольких мучительных минут поиска, грешник не находит ничего полезного под обломками.\n„……“\nЯ чувствую испепеляющую злобу, с которой грешники прожигали заднюю часть моих часов."
      ]
    },
    {
      "id": 1040301,
      "title": "Касание яйца.",
      "prevDesc": "",
      "eventDesc": "Зная, сколь уникальные Дары дают нам аномалии,\nиз этой битвы можно получить что-то полезное.",
      "behaveDesc": "Здесь нужен нежный человек.\nКто идеально подойдёт для этой работёнки?",
      "successDesc": [
        "„Ва-а!“\nКоснувшись яйца, {0} с удивлением замечает, что оно начинает светиться.\nЗатем яйцо внезапно затвердело, обратившись в самоцвет.\n„Он может нам пригодиться.“\n{0} выглядит устало, но я не вижу никаких повреждений.\nПодняв подобие самоцвета, мы покинули комнату."
      ],
      "failureDesc": [
        "„Ва-а!“\nКоснувшись яйца, {0} с удивлением замечает, что оно начинает светиться.\nНо вскоре яйцо рассыпалось прямо на наших глазах.\n„Ох…“\nВнезапно {0} показывает непонятную рану на своей ладони.\nНе говоря о том, сколь истощённым показался грешник.\n…Нам пришлось покинуть комнату, лёгкими хлопками успокаивая расстроенного члена команды."
      ]
    },
    {
      "id": 1040401,
      "title": "Выборполкипорядам",
      "prevDesc": "",
      "eventDesc": "Кажется, если порыться ещё немного, в ящике можно найти ещё что-нибудь.\nВозможно, наблюдательный грешник сможет достать что-то полезное.",
      "behaveDesc": "Кто же подойдёт?",
      "successDesc": [
        "{0} начинает рыться в шкафчике.\nВнезапно {0} находит потайную ячейку в полке. И внутри было сразу несколько полезных находок.\nВскоре пространство начало размываться и шкафчик исчез на наших глазах."
      ],
      "failureDesc": [
        "{0} начинает рыться в шкафчике.\nНо, возможно, он слишком замешкался; вскоре пространство начало размываться и шкафчик исчез на наших глазах."
      ]
    },
    {
      "id": 1040801,
      "title": "Попытка поговорить.",
      "prevDesc": "",
      "eventDesc": "Все грешники повернулись к окну.",
      "behaveDesc": "Кто же заговорит?",
      "successDesc": [
        "<i>Мнеоставалосьлишьбессильнолитьслёзы.\nО,▽!Какжебольно.\nТогдаменяутешиламысль:\nКакжемнеплакать?\n\nСтоило грешнику заговорить, как отражённые в окне фигуры исчезли.\nВскоре, как {0} заканчивает разговор, из окна падает осколок.\nПодняв его, мы покинули комнату.</i>",
        "<i>Мнеоставалосьлишьбессильнолитьслёзы.\nО,▽!Какжебольно.\nТогдаменяутешиламысль:\nКакжемнеплакать?\n\nСтоило грешнику заговорить, как отражённые в окне фигуры исчезли.\nВскоре, как {0} заканчивает разговор, из окна падает осколок.\nПодняв его, мы покинули комнату.</i>"
      ],
      "failureDesc": [
        "………….\n{0} пытается что-то сказать, но ответа не последовало.\nВскоре фигура растворяется в окне.\n„Чего, мы им спеть должны были?“\nПод ворчание грешников мы покидаем комнату."
      ]
    },
    {
      "id": 805002,
      "title": "Остановим его.",
      "prevDesc": "",
      "eventDesc": "",
      "behaveDesc": "Кто остановит Донрана?",
      "successDesc": [
        "{0} успешно отражает атаку Донрана.\n\n„Ха-а… Вы начинаете действовать мне на нервы, ребята.“\n\nВыпалил Донран, отшатнувшись вместе с отражённым оружием.\nЗа его горькой усмешкой таилась леденящая кровь ярость."
      ],
      "failureDesc": [
        "{0} пытается отразить атаку Донрана, но…\n\n„Ха-ха, это же бессмысленно.“\n\nВероятно не рассчитав силу, {0} отлетает в сторону.\n\n„Ха-а… Вы начинаете действовать мне на нервы, ребята.“\n„Лучше бы вы стали семенами… Моих будущих побед.“\n\nЗа его неприятной насмешкой таилась леденящая кровь ярость."
      ]
    },
    {
      "id": 805004,
      "title": "Остановим его.",
      "prevDesc": "",
      "eventDesc": "",
      "behaveDesc": "Кто остановит Донрана теперь?",
      "successDesc": [
        "{0} использует брешь в защите Донрана, пока тот потерялся в себе.\n\n„Кх-х…“\n\nПохоже, эта атака прошла успешно.\nКак и оружие Донрана не нашло свою цель.\n\n„Я знаю, где вы…“\n\n„Мне остаётся лишь заставить вас исчезнуть.“"
      ],
      "failureDesc": [
        "Грешник использует брешь в защите Донрана, пока тот потерялся в себе.\n\n„Бездарность.“\n\nНо эта брешь оказалась его ловушкой.\nНарвавшись на контратаку, {0} отскакивает в сторону.\n\n„Ха, я знаю, где вы.“\n\n„Что поделать. Мне осталось лишь заставить вас исчезнуть.“"
      ]
    },
    {
      "id": 805006,
      "title": "Остановим его.",
      "prevDesc": "",
      "eventDesc": "„……“\n\nИ Сан выступил вперёд.\n\n„После всего, что произошло, поставить точку в судьбе Донрана… Суждено мне.“\n\n„…Ведь таков идеал.“",
      "behaveDesc": "……",
      "successDesc": [
        "И Сан наконец останавливает Донрана.\n\n„И Сан…“\n\n„Прошу, полно нам… Донран.“\n\n„Ха-ха… Но как?“\n\n„Ведь кто-то должен… пролить… слёзы за остальных?..“\n\nДонран лишь сильнее вонзал в себя оружие И Сана.\n\n„!..“\n\n„Мы закончим так… И Сан…“"
      ],
      "failureDesc": [
        ""
      ]
    },
    {
      "id": 805901,
      "title": "Фея-длинноножка",
      "prevDesc": "Небо и без того пасмурно. Для чего эта аномалия создаёт тень?",
      "eventDesc": "Колоссальное растение, взращённые Феей, не объять из-за толщины и высоты.\n\nИз-за того ли, что…\n\nСловно затаившись за гигантской колонной, один из грешников оказался скрытым от взора феи.\n\nИ, всё ещё в тени, грешник аккуратно ударяет по стеблю.",
      "behaveDesc": "Кто же разбирается со стеблем?",
      "successDesc": [
        "Засечка за засечкой, {0} забирается по стеблю наверх.\n\nВскоре другие грешники с фея стали крохотными песчинками в глазах грешника.\n\nНо сколь бескрайним не казался стебель, и у него есть конец.\n\nЗабравшись на самый верх, {0} пробирается на громадный лист.\n\nИ, тихо добравшись к кромке листа…\n\nГрешник прорывает лист, обрушивая всю собранную им воду прямо на фею.\n\nОшарашенная, мокрая фея закатила истерику."
      ],
      "failureDesc": [
        "Засечка за засечкой, {0} забирается по стеблю наверх.\n\nВскоре другие грешники с фея стали крохотными песчинками в глазах грешника.\n\nНо сколь бескрайним не казался стебель, и у него есть конец.\n\nЗабравшись на самый верх, {0} пробирается на громадный лист.\n\nОднако не приняв во внимание воду, собранную этим листом…\n\n{0} соскальзывает с листа и камнем падает на землю.\n\n…Мне несказанно повезло, что грешник остался в живых."
      ]
    }
  ]
}