﻿{
  "dataList": [
    {
      "id": 108201,
      "name": "",
      "subDesc": "",
      "desc": "\"Что терзает ваш разум, менеджер? Ваши попытки подавления, похоже, проходят гладко.\"\n\n\"Мм. Всё в точности так, как вы видели, менеджер. За исключением нескольких фрагментов, которые были подвергнуты цензуре, я ничего не скрыл от вас.\"\n\n\"Я не считаю, что совершил что-то плохое, сбежав из этого места в одиночку, оставив остальных лежать там похороненными.\"\n\n\"Ах, конечно. Это может быть предосудительно с моральной точки зрения. Но зачем кому-то вообще смотреть на это с такой точки зрения, менеджер?\"\n\n\"Особенно когда вы прекрасно понимаете, что в Городе такая перспектива совершенно неуместна и ничего не стоит.\"\n\nЯ чувствую на себе его пристальный взгляд.\n\nКак он и сказал, подавление проходит успешно. Но мне кажется, что это неправильно — что это не должно так закончиться.\n\nЧто мы должны сказать ему?\n\nЧто Хохенхайм пытается скрыть от нас?",
      "options": [
        {
          "message": "Что, если вы <i>действительно чувствуете</i>, что поступили неправильно?",
          "messageDesc": "Ослабляет пассивное умение Дыхания 「Адаптация」",
          "result": [
            "Фауст передала мои слова Хохенхайму\n\n\"Я понимаю, как вы могли прийти к такому выводу.\"\n\n\"Однако вы не правы.\"\n\n\"Я уже много размышлял над этим вопросом и давным-давно окончательно пришел к выводу, что действительно не совершил ничего плохого.\"\n\n\"Позвольте мне заранее сказать, что я принадлежу к редкой породе исследователей, которые терпеть не могут изучение вероятностей и статистики.\"\n\n\"Я, Хохенхайм, не из тех, кто делает иррациональные предложения, например, тянет жребий, чтобы узнать, кому достанется выжить. Я также не из тех, кто принимает участие в варварских состязаниях в силе для того же.\"\n\n\"Действительно, другого выхода не было.\"\n\n\"Моим единственным выходом было выдвинуть аргумент, который в конечном счете был тщетным перед желанием выжить, — аргументировать свое выживание на том основании, что я был самым полезным из всех нас.\"\n\n\"Однако... все они приняли за меня довольно объективное решение. Они преодолели свои низменные желания просто выжить и приняли дальновидное решение на будущее.\"\n\n\"Так что, нет. У меня нет причин считать, что я поступил неправильно.\"\n\n\".. Это не должно быть ошибкой.\"\n\n'Я не сделал ничего плохого. Это не было грехом.'\n\nДаже когда Хохенхайм защищал себя, казалось, что какое-то чувство ответственности тянет его вниз.\n\nОсобенно эти последние слова... Я едва ощущала его обычную уверенность."
          ]
        },
        {
          "message": "Вы пытатесь убежать от чего-то.",
          "messageDesc": "Ослабляет пассивное умение щита 「Механизм защиты」",
          "result": [
            "Фауст передала мои слова Хохенхайму\n\n\"Убежать от чего-то? Интересная фраза..\"\n\n\"Но позвольте мне возразить. Моим выбором было не убегать. Отрицать и уклоняться от того, что произошло, - это слишком патологический выбор, не так ли?\"\n\n\"Я очень хорошо понимаю, что единственный способ решить проблему — это встретиться с ней лицом к лицу.\"\n\n\"Это ещё один аспект меня самого, который отличает меня от обычного человека.\"\n\n\"Когда возникает проблема, или, в очень редких случаях, когда я нахожусь в состоянии эмоционального шока... Сначала я пытаюсь найти логическое объяснение.\"\n\n\"Я реконструирую то, что было воспринято, и регулирую свои эмоции. Выражение ярости и гневливости — это пустая трата ресурсов.\"\n\n\".. Но я должен признать одну вещь. Теперь, когда я провел некоторый уровень холодного самоанализа...\"\n\n\".. Я признаю, что с моей стороны было не совсем по-взрослому подвергать цензуре так много фрагментов моей памяти.\"\n\n\"Конечно, это не значит, что я сейчас удалю воспоминания, подвергнутые цензуре. Мое эго не настолько слабо, чтобы его можно было поколебать несколькими словами.\"\n\nНа самом деле я не очень понимал большую часть того, о чем говорил Хохенхайм, но...\n\n.. Я не могу отделаться от мысли, что все, что он говорил, было всего лишь стремлением дистанцироваться от своих собственных эмоций."
          ]
        },
        {
          "message": "У той истории, которую ты мне рассказал, есть и другая сторона.",
          "messageDesc": "Ослабляет пассивное умение СД 「Предвзятость в подтверждении」",
          "result": [
            "Фауст передала мои слова Хохенхайму\n\n\"Другая сторона моей истории, не так ли? Действительно, действительно. Это вполне осуществимо\".\n\n\"Вы правы. Эта 'другая сторона' - это то, что часто теряется в процессе увлечения такими благовидными понятиями, как Глубина и сердце\".\n\n\"Если говорить с косвенной точки зрения, то перспектива, открываемая нашей памятью, узка по своей природе\".\n\n\"Даже в бездне разума — наиглубокой части нашего сердца, где, по мнению многих, нет ничего, кроме эмпирической, абсолютной истины .. мы всё ещё способны лгать. Увлекательно, не правда ли?\"\n\n\"Они называют это 'метакогнитивной ошибкой'. Некоторые также называют это 'неосознанной предвзятостью'.\n\n\"...Понятно. Вы утверждаете, что история, которую я вам показал, была просто выдумкой.\"\n\n\"...Действительно, я не делился никакими мнениями со своими сотрудниками. Но в любом случае мы не можем их проверить. Разве не очевидно, почему это так?\"\n\n\"Они все погребены под землей. Я даже не слышал их последних слов\".\n\n.. Наконец-то я смог понять, по крайней мере до некоторой степени, о чем говорили мне Вергилий и Дон Кихот.\n\nХотя в его искаженном виде не осталось ничего, что можно было бы назвать человеческим лицом...\n\n.. Мне кажется, я уловил отблеск одиночества на лице Хохенхайма."
          ]
        }
      ]
    },
    {
      "id": 108202,
      "name": "",
      "subDesc": "",
      "desc": "\"Кажется, есть что-то ещё, что вы хотели бы мне рассказать.\"\n\n\"Очень хорошо, вы можете продолжать и задавать вопросы. Я готов ответить на любые ваши вопросы.\"\n\nЯ чувствую, как взгляд Хохенхайма задерживается на мне.\n\nЧто мне сказать на этот раз?\n\nЧто Хоэнхайм пытается скрыть от нас?",
      "options": [
        {
          "message": "Что, если вы <i>действительно чувствуете</i>, что поступили неправильно?",
          "messageDesc": "Ослабляет пассивное умение Дыхания 「Адаптация」",
          "result": [
            "Фауст передала мои слова Хохенхайму\n\n\"Я понимаю, как вы могли прийти к такому выводу.\"\n\n\"Однако вы не правы.\"\n\n\"Я уже много размышлял над этим вопросом и давным-давно окончательно пришел к выводу, что действительно не совершил ничего плохого.\"\n\n\"Позвольте мне заранее сказать, что я принадлежу к редкой породе исследователей, которые терпеть не могут изучение вероятностей и статистики.\"\n\n\"Я, Хохенхайм, не из тех, кто делает иррациональные предложения, например, тянет жребий, чтобы узнать, кому достанется выжить. Я также не из тех, кто принимает участие в варварских состязаниях в силе для того же.\"\n\n\"Действительно, другого выхода не было.\"\n\n\"Моим единственным выходом было выдвинуть аргумент, который в конечном счете был тщетным перед желанием выжить, — аргументировать свое выживание на том основании, что я был самым полезным из всех нас.\"\n\n\"Однако... все они приняли за меня довольно объективное решение. Они преодолели свои низменные желания просто выжить и приняли дальновидное решение на будущее.\"\n\n\"Так что, нет. У меня нет причин считать, что я поступил неправильно.\"\n\n\".. Это не должно быть ошибкой.\"\n\n'Я не сделал ничего плохого. Это не было грехом.'\n\nДаже когда Хохенхайм защищал себя, казалось, что какое-то чувство ответственности тянет его вниз.\n\nОсобенно эти последние слова... Я едва ощущала его обычную уверенность."
          ]
        },
        {
          "message": "Вы пытатесь убежать от чего-то.",
          "messageDesc": "Ослабляет пассивное умение щита 「Механизм защиты」",
          "result": [
            "Фауст передала мои слова Хохенхайму\n\n\"Убежать от чего-то? Интересная фраза..\"\n\n\"Но позвольте мне возразить. Моим выбором было не убегать. Отрицать и уклоняться от того, что произошло, - это слишком патологический выбор, не так ли?\"\n\n\"Я очень хорошо понимаю, что единственный способ решить проблему — это встретиться с ней лицом к лицу.\"\n\n\"Это ещё один аспект меня самого, который отличает меня от обычного человека.\"\n\n\"Когда возникает проблема, или, в очень редких случаях, когда я нахожусь в состоянии эмоционального шока... Сначала я пытаюсь найти логическое объяснение.\"\n\n\"Я реконструирую то, что было воспринято, и регулирую свои эмоции. Выражение ярости и гневливости — это пустая трата ресурсов.\"\n\n\".. Но я должен признать одну вещь. Теперь, когда я провел некоторый уровень холодного самоанализа...\"\n\n\".. Я признаю, что с моей стороны было не совсем по-взрослому подвергать цензуре так много фрагментов моей памяти.\"\n\n\"Конечно, это не значит, что я сейчас удалю воспоминания, подвергнутые цензуре. Мое эго не настолько слабо, чтобы его можно было поколебать несколькими словами.\"\n\nНа самом деле я не очень понимал большую часть того, о чем говорил Хохенхайм, но...\n\n.. Я не могу отделаться от мысли, что все, что он говорил, было всего лишь стремлением дистанцироваться от своих собственных эмоций."
          ]
        },
        {
          "message": "У той истории, которую ты мне рассказал, есть и другая сторона.",
          "messageDesc": "Ослабляет пассивное умение СД 「Предвзятость в подтверждении」",
          "result": [
            "Фауст передала мои слова Хохенхайму\n\n\"Другая сторона моей истории, не так ли? Действительно, действительно. Это вполне осуществимо\".\n\n\"Вы правы. Эта 'другая сторона' - это то, что часто теряется в процессе увлечения такими благовидными понятиями, как Глубина и сердце\".\n\n\"Если говорить с косвенной точки зрения, то перспектива, открываемая нашей памятью, узка по своей природе\".\n\n\"Даже в бездне разума — наиглубокой части нашего сердца, где, по мнению многих, нет ничего, кроме эмпирической, абсолютной истины .. мы всё ещё способны лгать. Увлекательно, не правда ли?\"\n\n\"Они называют это 'метакогнитивной ошибкой'. Некоторые также называют это 'неосознанной предвзятостью'.\n\n\"...Понятно. Вы утверждаете, что история, которую я вам показал, была просто выдумкой.\"\n\n\"...Действительно, я не делился никакими мнениями со своими сотрудниками. Но в любом случае мы не можем их проверить. Разве не очевидно, почему это так?\"\n\n\"Они все погребены под землей. Я даже не слышал их последних слов\".\n\n.. Наконец-то я смог понять, по крайней мере до некоторой степени, о чем говорили мне Вергилий и Дон Кихот.\n\nХотя в его искаженном виде не осталось ничего, что можно было бы назвать человеческим лицом...\n\n.. Мне кажется, я уловил отблеск одиночества на лице Хохенхайма."
          ]
        }
      ]
    },
    {
      "id": 108203,
      "name": "",
      "subDesc": "",
      "desc": "\"У меня такое чувство, что я уже дал вам немало ответов... Но в вашем тиканье просто так много любопытства.\"\n\n\"Возможно, у вас есть способности к исследовательской деятельности, помимо управленческой.\"\n\n\"И всё же... не на все вопросы можно ответить. Это будет последний ответ, который я вам дам.\"\n\nЯ чувствую на себе его взор.\n\nДавайте зададим ему последний вопрос.",
      "options": [
        {
          "message": "Что, если вы <i>действительно чувствуете</i>, что поступили неправильно?",
          "messageDesc": "Ослабляет пассивное умение Дыхания 「Адаптация」",
          "result": [
            "Фауст передала мои слова Хохенхайму\n\n\"Я понимаю, как вы могли прийти к такому выводу.\"\n\n\"Однако вы не правы.\"\n\n\"Я уже много размышлял над этим вопросом и давным-давно окончательно пришел к выводу, что действительно не совершил ничего плохого.\"\n\n\"Позвольте мне заранее сказать, что я принадлежу к редкой породе исследователей, которые терпеть не могут изучение вероятностей и статистики.\"\n\n\"Я, Хохенхайм, не из тех, кто делает иррациональные предложения, например, тянет жребий, чтобы узнать, кому достанется выжить. Я также не из тех, кто принимает участие в варварских состязаниях в силе для того же.\"\n\n\"Действительно, другого выхода не было.\"\n\n\"Моим единственным выходом было выдвинуть аргумент, который в конечном счете был тщетным перед желанием выжить, — аргументировать свое выживание на том основании, что я был самым полезным из всех нас.\"\n\n\"Однако... все они приняли за меня довольно объективное решение. Они преодолели свои низменные желания просто выжить и приняли дальновидное решение на будущее.\"\n\n\"Так что, нет. У меня нет причин считать, что я поступил неправильно.\"\n\n\".. Это не должно быть ошибкой.\"\n\n'Я не сделал ничего плохого. Это не было грехом.'\n\nДаже когда Хохенхайм защищал себя, казалось, что какое-то чувство ответственности тянет его вниз.\n\nОсобенно эти последние слова... Я едва ощущала его обычную уверенность."
          ]
        },
        {
          "message": "Вы пытатесь убежать от чего-то.",
          "messageDesc": "Ослабляет пассивное умение щита 「Механизм защиты」",
          "result": [
            "Фауст передала мои слова Хохенхайму\n\n\"Убежать от чего-то? Интересная фраза..\"\n\n\"Но позвольте мне возразить. Моим выбором было не убегать. Отрицать и уклоняться от того, что произошло, - это слишком патологический выбор, не так ли?\"\n\n\"Я очень хорошо понимаю, что единственный способ решить проблему — это встретиться с ней лицом к лицу.\"\n\n\"Это ещё один аспект меня самого, который отличает меня от обычного человека.\"\n\n\"Когда возникает проблема, или, в очень редких случаях, когда я нахожусь в состоянии эмоционального шока... Сначала я пытаюсь найти логическое объяснение.\"\n\n\"Я реконструирую то, что было воспринято, и регулирую свои эмоции. Выражение ярости и гневливости — это пустая трата ресурсов.\"\n\n\".. Но я должен признать одну вещь. Теперь, когда я провел некоторый уровень холодного самоанализа...\"\n\n\".. Я признаю, что с моей стороны было не совсем по-взрослому подвергать цензуре так много фрагментов моей памяти.\"\n\n\"Конечно, это не значит, что я сейчас удалю воспоминания, подвергнутые цензуре. Мое эго не настолько слабо, чтобы его можно было поколебать несколькими словами.\"\n\nНа самом деле я не очень понимал большую часть того, о чем говорил Хохенхайм, но...\n\n.. Я не могу отделаться от мысли, что все, что он говорил, было всего лишь стремлением дистанцироваться от своих собственных эмоций."
          ]
        },
        {
          "message": "У той истории, которую ты мне рассказал, есть и другая сторона.",
          "messageDesc": "Ослабляет пассивное умение СД 「Предвзятость в подтверждении」",
          "result": [
            "Фауст передала мои слова Хохенхайму\n\n\"Другая сторона моей истории, не так ли? Действительно, действительно. Это вполне осуществимо\".\n\n\"Вы правы. Эта 'другая сторона' - это то, что часто теряется в процессе увлечения такими благовидными понятиями, как Глубина и сердце\".\n\n\"Если говорить с косвенной точки зрения, то перспектива, открываемая нашей памятью, узка по своей природе\".\n\n\"Даже в бездне разума — наиглубокой части нашего сердца, где, по мнению многих, нет ничего, кроме эмпирической, абсолютной истины .. мы всё ещё способны лгать. Увлекательно, не правда ли?\"\n\n\"Они называют это 'метакогнитивной ошибкой'. Некоторые также называют это 'неосознанной предвзятостью'.\n\n\"...Понятно. Вы утверждаете, что история, которую я вам показал, была просто выдумкой.\"\n\n\"...Действительно, я не делился никакими мнениями со своими сотрудниками. Но в любом случае мы не можем их проверить. Разве не очевидно, почему это так?\"\n\n\"Они все погребены под землей. Я даже не слышал их последних слов\".\n\n.. Наконец-то я смог понять, по крайней мере до некоторой степени, о чем говорили мне Вергилий и Дон Кихот.\n\nХотя в его искаженном виде не осталось ничего, что можно было бы назвать человеческим лицом...\n\n.. Мне кажется, я уловил отблеск одиночества на лице Хохенхайма."
          ]
        }
      ]
    }
  ]
}