﻿{
  "dataList": [
    {
      "id": 101001,
      "name": "Человеческое жертвоприношение",
      "subDesc": "Вдалеке я вижу несколько терракотовых фигурок.",
      "desc": "Они рыскают меж тел, словно ищут что-то.\nОт них слышатся крики о жертве для обряда.\nВот-вот они столкнутся с нами.\n\nНо как же повезло, я вижу умирающего человека, жадно глотающего воздух, неподалёку от нас.\nСтоит ли нам отдать его в жертву?\nИли же…",
      "options": [
        {
          "message": "Отдать в жертву.",
          "messageDesc": "Сила духа грешников падает. Получите ЭГО Дар.",
          "result": [
            "Радостные терракотовые фигурки дружно уносят умирающего человека в глубины этажа. Теперь ему суждено стать жертвоприношением."
          ]
        },
        {
          "message": "Не отдавать в жертву.",
          "messageDesc": "Начинается битва. Одержите в ней победу, чтобы получить ЭГО Дар",
          "result": [
            "Когда мы отказались отдавать человека, терракотовые фигурки в ярости напали на нас."
          ]
        },
        {
          "message": "Отдать в жертву грешника.",
          "messageDesc": "……",
          "result": [
            "„Менеджер, вы спятили?“\n\nНедовольные грешники ругаются на меня."
          ]
        }
      ]
    },
    {
      "id": 10100101,
      "name": "Человеческое жертвоприношение",
      "subDesc": "Вдалеке я вижу несколько терракотовых фигурок.",
      "desc": "Похоже, мне не удастся отдать в жертву грешника.\n\nЗначит ли это, что нам придётся отдавать в жертву умирающего?\nИли же…",
      "options": [
        {
          "message": "Отдать в жертву.",
          "messageDesc": "Сила духа грешников падает. Получите ЭГО Дар.",
          "result": [
            "Радостные терракотовые фигурки дружно уносят умирающего человека в глубины этажа. Теперь ему суждено стать жертвоприношением."
          ]
        },
        {
          "message": "Не отдавать в жертву.",
          "messageDesc": "Начинается битва. Одержите в ней победу, чтобы получить ЭГО Дар",
          "result": [
            "огда мы отказались отдавать человека, терракотовые фигурки в ярости напали на нас."
          ]
        }
      ]
    },
    {
      "id": 101002,
      "name": "Вечный покой",
      "desc": "Вы слышите тихий голос.\n\n„Пожалуйста, помогите…“\n\nСтоит ли последовать звуку? Или же…",
      "options": [
        {
          "message": "Исследовать источник звука.",
          "messageDesc": "Пройдите проверку на Гордыню. Получите ЭГО Дар.",
          "result": [
            "Одного из солдат придавило развалинами, и тот, терзаемый агонией, уже едва дышал.\n\n„Прошу, просто убейте меня… Это невыносимо.“\n\nЯ не могу пройти мимо этого человека. Кому суждено помочь ему обрести вечный покой?"
          ]
        },
        {
          "message": "Проигнорировать голос.",
          "messageDesc": "",
          "result": [
            "Возможно, мои органы чувств лишь играют со мной злую шутку.\nНередко, завывания ветра можно спутать с человеческим голосом.\n\nВсё же, мы решили поспешить дальше."
          ]
        }
      ]
    },
    {
      "id": 101003,
      "name": "Невыносимая встреча",
      "subDesc": "Шорох и шелест под ногами царапает по ушам",
      "desc": "Проходя по узкому коридорчику, мы заметили тьму тараканов под ногами.\nОдин их вид и шелест вызывали тошноту.\n\nСтоит ли нам быть аккуратными? Или же…",
      "options": [
        {
          "message": "Как бы это ни было отвратительно, я не знаю, что может произойти, так что нам стоит осторожно пройти мимо.",
          "messageDesc": "Сила духа грешников падает.",
          "result": [
            "„У-у-ух… Он заполз мне на ногу!“\n\nМы без приключений прошли этот коридор, но грешники уже не могли скрывать своё отвращение.\nПохоже, их боевой дух падает."
          ]
        },
        {
          "message": "Я не выдержу этого. Пора нам с грешниками растоптать этих усатых!",
          "messageDesc": "Сила духа Грегора сильно падает. Начинается битва. Одержите в ней победу, чтобы получить ЭГО Дар.",
          "result": [
            "„Тц…“\n\nГрегор, не в состоянии выдержать эту картину, отворачивается.\nВскоре на нас нападают озлобленные солдаты-\"жуки\"."
          ]
        }
      ]
    },
    {
      "id": 102001,
      "name": "Сверкающий торговый автомат",
      "subDesc": "subDesc가 뭘까?",
      "desc": "Посреди фабрики стоит торговый автомат с большими кнопками.\n\nЦветные и такие миленькие кнопки…\nМне так хочется на них нажать\n\nКакую мне стоит выбрать?",
      "options": [
        {
          "message": "Я нажму на красную кнопку с кулаком.",
          "messageDesc": "Получите ЭГО Дар.",
          "result": [
            "„Поздравляем! Поздравляем!“\n\nЧто-то упало в аппарат выдачи.\n\nПохоже на игрушечный кулак."
          ]
        },
        {
          "message": "Я нажму на жёлтую кнопку с ногой.",
          "messageDesc": "Получите ЭГО Дар.",
          "result": [
            "„Поздравляем! Поздравляем!“\n\nЧто-то упало в аппарат выдачи.\n\nПохоже на игрушечную ногу."
          ]
        },
        {
          "message": "Я нажму на зелёную кнопку с сердечком.",
          "messageDesc": "Получите ЭГО Дар.",
          "result": [
            "„Поздравляем! Поздравляем!“\n\nЧто-то упало в аппарат выдачи.\n\nПохоже на игрушечный болтик."
          ]
        },
        {
          "message": "Я нажму все кнопки разом!",
          "messageDesc": "Получите все три ЭГО Дара. Но взамен…",
          "result": [
            "„Ошибка! Ошибка!“\n\nТорговый автомат загремел\n\n„Ч-что с ним такое?“\n\n„Ха-а, я же говорила, не следовало быть таким жад…“\n\nНо прежде чем грешница смогла договорить, машина взорвалась, и бесчисленное множество игрушечных частей взымло в воздух."
          ]
        },
        {
          "message": "Я не буду ничего нажимать.",
          "result": [
            "Мне кажется, сейчас важнее всего не отвлекаться на всякие глупости.\nЕсли будешь тыкать всякие неизвестные штуки, ничем хорошим это не кончится.\n\nТак что я отошёл от машины, так и не тронув её."
          ]
        }
      ]
    },
    {
      "id": 102002,
      "name": "Весёлая обучающая игра, приправленная жестокостью!",
      "subDesc": "subDesc가 뭘까?",
      "desc": "На выходе из коридора мы встретили группу киборгов, что стояли возле огромной рулетки.\n\n„А. Очень. Интересно. Крайне. Весело.\nИГРА СМЕР-ТИ!“\n\nКиборги окружили нас, скандируя что-то странное и не очень разборчивое.\nКажется, они хотят, чтобы я сыграл в эту рулетку. Что же мне делать?",
      "options": [
        {
          "message": "Почему бы не попробовать?",
          "messageDesc": "Сила духа Роди поднимается. Пройдите проверку на Гнев, Леность и Уныние. При успешной проверке, получите ЭГО Дар.",
          "result": [
            "„Игры — это по моей специальности!“\n\nС триумфальным возгласом Родя выступила вперёд.\nНа её лице читалось необычное восхищение и предвкушение."
          ]
        },
        {
          "message": "Какие игры! Мы должны уничтожить этих киборгов.",
          "messageDesc": "Сила духа Роди падает. Начинается битва. Одержите победу, чтобы получить ЭГО Дар.",
          "result": [
            "Сейчас не время для игр.\nДля нас главное — победить обезумевших киборгов и пройти дальше.\n\n„…Цк.“\n\nЯ слышал, как Родя недовольно чмокнула губой, но я не могу развлекать каждого грешника по-отдельности."
          ]
        }
      ]
    },
    {
      "id": 102003,
      "name": "Вы счастливы?",
      "subDesc": "subDesc가 뭘까?",
      "desc": "В розовом проёме стоит крепко запертая дверь из толстого стекла.\nВнезапно, висящая над ней электронная панель зажглась и на ней появился вопрос.\n„Вы счастливы?“\nИ как мне отвечать на этот вопрос?",
      "options": [
        {
          "message": "Я счастлив.",
          "result": [
            "„Прекрасно!“\n\nПосле этого панель загорелась зелёным и дверь громко открылась\nДумаю, мы можем войти."
          ]
        },
        {
          "message": "Нет.",
          "result": [
            ""
          ]
        }
      ]
    },
    {
      "id": 10200301,
      "name": "Вы счастливы? 2",
      "subDesc": "subDesc가 뭘까?",
      "desc": "„Парочка розовых туфелек отнесёт вас к вашему счастью.“\n\nЭкран вновь загорелся красным.\n\n„Не желаете ли надеть их?“",
      "options": [
        {
          "message": "Надеть",
          "messageDesc": "Получите ЭГО Дар.",
          "result": [
            "Дверь открылась, и перед нами на пьедестале стояла пара розовых туфелек.\n\nКогда я надел их, меня охватило чувство, как ленты оплели мои ноги.\nКазалось, эти ленточки сжимают моё тело, но мне не было неприятно.\n\nИ после этого я почувствовал себя так, словно мог пойти… Куда угодно."
          ]
        },
        {
          "message": "Не надевать",
          "messageDesc": "Начинается битва.",
          "result": [
            "„Не избегайте прелести розовых туфелек!“\n\nПочувствовав неладное, я отошёл от туфель, свет за дверью с треском погас.\n\n„Они отнесут вас туда, где вы так жаждете оказаться!“\n\nЭкран бешено мигал,\nи люди, обёрнутые розовыми лентами, волочась, выходили из-за двери."
          ]
        }
      ]
    },
    {
      "id": 10301,
      "name": "Старая комната с часовым механизмом",
      "subDesc": "subDesc가 뭘까?",
      "desc": "В обветшалой комнате располагалось механическое устройство.\nИ в центре механизма, полного шестерёнок, находился грубый, тяжёлый рычаг.\nИ мне очень, очень сильно хотелось за него потянуть.\n\nЧто же мне делать?",
      "options": [
        {
          "message": "Взаимодействовать с устройством.",
          "messageDesc": "Получите положительный или отрицательный результат с 50% шансом"
        },
        {
          "message": "Выйти из комнаты.",
          "result": [
            "Я не ребёнок, так что могу сдержать мимолётные импульсы.\nНет ничего хорошего в том, чтобы идти на поводу у искушений.\n\n„Да, так будет лучше.“\n\nИ вместе с грешниками я покинул эту комнату."
          ]
        }
      ]
    },
    {
      "id": 1030101,
      "name": "Старая комната с часовым механизмом",
      "subDesc": "subDesc가 뭘까?",
      "desc": "Претворять свои желания в жизнь так же заманчиво и приятно, как тянуться ребёнком до запретных зефирок.\n\nРезво потянув рычаг, я услышал скрип.\nШестерёнки начали свой ход, одни медленно, другие же быстро.\nКакие-то шли по часовой стрелке, какие-то — против\n\nИ глядя на то, как яростно работает этот механизм, я почувствовал, как моё сердце тоже забилось сильнее.",
      "options": [
        {
          "message": "Опустить рычаг.",
          "messageDesc": "Получите ЭГО Дар с шансом в 50%. При неудаче здоровье и сила духа грешников упадёт.",
          "result": [
            "Наконец, механизм остановился.\n\n„О-ох… Взгляните!“\n\nНебольшой деревянный сундук поднялся из-под пола.\nОсторожно открыв его, я нашёл внутри стопку факелов.\n\nЭтого, может быть, и немного, но точно достаточно для того, чтобы успокоить нас во тьме.\nС найденным добром я решил покинуть эту комнату.",
            "Наконец, механизм остановился.\n\n„Ч-что происходит?!“\n\nТеперь, вместо машины, затряслась вся комната.\nСледом, потолок раскрылся и десятки тысяч гвоздей устремились на пол.\n\n„На выход, сейчас же!\"„\n\n„Ай, говорили же не трогать эту штуку!“\n\nМы с грешниками мигом устремились к выходу, но полностью избежать ран было невозможно."
          ]
        }
      ]
    },
    {
      "id": 10302,
      "name": "Перед наглухо запертой дверью",
      "subDesc": "subDesc가 뭘까?",
      "desc": "В одной из комнат мы увидели большую железную дверь.\nНа вид это сталь ужасающей толщины, которую будет трудно сломать или пронзить.\n\n„Если они так крепко заперли эту дверь, за ней должно быть что-то интересное~“\n\nВозможно, и вправду, если мы откроем эту дверь, то нас будет ждать большая награда.\nЧто же делать?",
      "options": [
        {
          "message": "Мы откроем дверь силой.",
          "messageDesc": "Пройдите проверку на Гнев. При успешной проверке на карте появится новый проход."
        },
        {
          "message": "Мы осмотримся и поищем другой способ.",
          "messageDesc": "Пройдите проверку на Леность. При успешной проверке на карте появится новый проход."
        },
        {
          "message": "Лучше покинуть комнату.",
          "result": [
            "Не стоит искать приключений; лучше придерживаться уже выбранного пути.\n\n„А~ Но там может быть что-то интересное!!“\n\nХотя некоторые грешники обиженно ворчали, я всё же убедил их покинуть эту комнату."
          ]
        }
      ]
    },
    {
      "id": 10303,
      "name": "Первые врата",
      "subDesc": "subDesc가 뭘까?",
      "desc": "Вдали я вижу большие врата.\nОстрые решётки и каменные стены вызывают странные ощущения.\n\nПохоже, это единственный проход вперёд, но слишком много Инквизиторов охраняют его, чтобы пройти незамеченными.\nЧто можно с этим сделать?",
      "options": [
        {
          "message": "Нападём на них со спины",
          "messageDesc": "После проверки на Гордыню начинается битва. При успешной проверке союзники получают положительные эффекты, и волны противников снижаются на 1."
        },
        {
          "message": "Отвлечём внимание шумом.",
          "messageDesc": "После проверки на Похоть начинается битва. При успешной проверке волны противников снижаются на 2."
        },
        {
          "message": "Пойдём напролом.",
          "messageDesc": "Вас ожидают 3 волны противников без каких-либо эффектов.",
          "result": [
            "Порой, лучше не мудрить с решениями.\nК примеру, если отправить грешника выполнять отвлекающий манёвр, это может обернуться боком для всей команды.\n\nЛучше прорвёмся напролом."
          ]
        }
      ]
    },
    {
      "id": 10304,
      "name": "Комната с сундуками",
      "subDesc": "subDesc가 뭘까?",
      "desc": "Множество старых, поломанных ящиков и сундуков раскиданы по всей комнате.\n\n„Угх, столько паутины…“\n\nЯ немного расчистил комнату, и под обломками оказалось три сундука.\n\n„Эти сундуки заперты.“\n\n„Но у них одинаковая ключная скважина!“\n\n„…Однако же ключ отлит из мягкого металла. После открытия сундука, вы больше не сможете извлечь его из скважины и использовать снова.“\n\nПохоже, у меня только один выбор\nКакой сундук мне стоит открыть?",
      "options": [
        {
          "message": "Открыть первый сундук.",
          "messageDesc": "Получите ЭГО Дар, повышающий защиту.",
          "result": [
            "„Это…“\n\nВ сундуке лежал старый, поношенный шлем.\n\n„О-ох?! Не шлем ли это, что суждено носить рыцарю?!“\n\nГрешница восхищённо восклицает и выхватывает шлем из сундука.\nЧто же, это неплохая находка.\nМы забрали этот шлем (точнее, его утащила бредящая грешница).\nИ затем, мы вышли из комнаты."
          ]
        },
        {
          "message": "Открыть второй сундук.",
          "messageDesc": "С 50% шансом получите ЭГО Дар, усиливающий Тремор.",
          "result": [
            "„Это…“\n\nВ сундуке лежал молот, видавший лучшие времена.\nРукоять его была настолько повреждена и покрыта трещинами, что это оружие вряд ли удастся использовать по назначению.\n\n„И для чего он тогда вообще нужен!“\n\nГрешники сокрушались, говоря, что стоило открыть другой сундук.\nОднако, это сложно описать.\nЭнергия, которую излучает этот молот, будто заставляет тебя взять его с собой.\n\n„Что, собираешься захапать его с собой?“\n\nХотя грешники и считали его мусором,\nя забрал молот с собой, и мы вышли из комнаты",
            "„…Пусто?“\n\nВ сундуке ничего не было.\nЛишь пыль со дна сундука взмыла в воздух после его открытия.\n\n„Говорила же, надо было открыть во-он тот сундук~“\n\n„Нет, он тоже мог оказаться пустым.“\n\nПоверженный, я вышел из комнаты, стараясь не обращать внимание на болтовню грешников."
          ]
        },
        {
          "message": "Открыть третий сундук.",
          "messageDesc": "С 50% шансом получите ЭГО Дар, усиливающий Кровотечение.",
          "result": [
            "„Это…“\nВ сундуке лежал старый гвоздь.\nНе груда гвоздей, а лишь один гвоздь, побольше. Ржавчина уже начала покрывать его поверхность.\n„Что за…“\nНегодуя, грешники ругались с тоном, полным ненависти, что они зазря потратили единственный ключ.\n„Негоже выкидывать найденное добро, так что если не нужно — отдайте мне.“\nНо, похоже, кто-то из грешников всё же заинтересован находкой, так что я отдал ему гвоздь, и мы вышли из комнаты.",
            "„…Пусто?“\nВ сундуке ничего не было. Лишь пыль со дна сундука взмыла в воздух после его открытия.\n„Говорила же, надо было открыть во-он тот сундук~“\n„Нет, он тоже мог оказаться пустым.“\nПоверженный, я вышел из комнаты, стараясь не обращать внимание на болтовню грешников."
          ]
        }
      ]
    },
    {
      "id": 10305,
      "name": "Судящий судью",
      "subDesc": "subDesc가 뭘까?",
      "desc": "Мы застали инквизиторов корпорации N в самом разгаре пыток.\n\n„КХА-А-А-А!“\n\nМеханические крики наполняли комнату. Они пытали человека с механическим телом.\n\n„……“\n\nСинклер молчал, но в его взгляде, устремлённом на инквизиторов, читался страх и ярость.\nЕго дыхание участилось, а тело начало подрагивать; казалось, он готов наброситься на них в любую секунду.\n\nСтоит ли мне остановить Синклера?\nИли же…",
      "options": [
        {
          "message": "Дождёмся окончания пытки.",
          "messageDesc": "Сила духа некоторых идентичностей падает.",
          "result": [
            "Эта сцена ужасала своей жестокостью, но мы не защитники справедливости.\nБудет глупым решением рисковать всеми грешниками сразу.\nТак что…\n\n„…Хорошо.“\n\nСинклер одарил меня взглядом, кричащим о несправедливости, когда я положил ему руку на плечо.\n…Правильно ли я поступаю?.\nМы дождёмся конца пытки."
          ]
        },
        {
          "message": "Мы прервём пытку.",
          "messageDesc": "После этого решения начинается битва. Пройдите проверку за Синклера, чтобы получить метку. При успешной проверке, противники будут ослаблены.",
          "result": [
            "Мы не поборники справедливости.\nНо даже если не брать во внимание эту невыносимую пытку, нам придётся биться с ними, чтобы пройти дальше.\n\n„…Вы уверены?“\n\nКогда я объяснил Синклеру, что хочу сделать, он взглянул на меня ошарашенным взглядом.\n\n„Я думал, вы остановите меня…“\n\nМне было нелегко это говорить, но, похоже, Синклер даже рад моим словам.\n\n„Хорошо. Я всё сделаю.“\n\nИ с этими словами, Синклер бросился к инквизиторам."
          ]
        }
      ]
    },
    {
      "id": 10306,
      "name": "Останки гниющего тела",
      "subDesc": "subDesc가 뭘까?",
      "desc": "„Кх, что за вонь…“\n\nВсе грешники нахмурились и зажали носы руками.\nПроследив за их взглядами, я увидел инквизитора, лежащего в углу.\n\n„Он мёртв…“\n\nОт тела несёт гнилью.\nИ хотя никто не хотел подходить к нему, я приметил блеск.\n\nКажется, в его гриве что-то есть…\nЧто же нам делать?",
      "options": [
        {
          "message": "Стоит исследовать тело павшего инквизитора.",
          "messageDesc": "Пройдите проверку на Чревоугодие. При успешной проверке получите ЭГО Дар. При проваленной проверке здоровье и Сила духа грешников падают."
        },
        {
          "message": "Лучше покинем комнату, не трогая его.",
          "result": [
            "Это не так важно.\nЕсли там правда есть что-то интересное, мы всегда сможем забрать это на обратном пути.\n\nА сейчас лучше лишний раз не вредить психике грешнников, особенно не зная, будет ли награда вообще."
          ]
        }
      ]
    },
    {
      "id": 10307,
      "name": "[Помогите. Прошу. Помоги. Те.]",
      "subDesc": "subDesc가 뭘까?",
      "desc": "Из запертой комнаты доносится обрывающийся механический голос.\n\n„Кажется, он молит нас о помощи…“\n\nПрислушавшись, я услышал шаги позади нас.\n\n„Железо… Я слышу лязг железа…“\n\nСинклер напрягся.\nПохоже, в нашу сторону идёт инквизитор.\nЧто нам делать?",
      "options": [
        {
          "message": "Мы выпустим протезированных.",
          "messageDesc": "Сила духа Синклера повышается. Начинается битва. Одержите в ней победу, чтобы получить ЭГО Дар.",
          "result": [
            "„…Я всегда верил в вас.“\n\nСинклер вскочил, только услышав мои слова.\nКак и ожидалось, пленников обездвижили верёвками.\n\n„Быстрее, уносите ноги!“\n\nКак только Синклер разрезал верёвки, протезированные бросились наутёк, даже не оглянувшись на нас.\n\n„Гх… Еретики!“\n\nС криком, в комнату следом вбежали опоздавшие инквизиторы.\nПохоже, схватка неизбежна.",
            "„…Я всегда верил в вас.“\n\nСинклер вскочил, только услышав мои слова.\nКак и ожидалось, пленников обездвижили верёвками.\n\n„Быстрее, уносите ноги!“\n\nКак только Синклер разрезал верёвки, протезированные бросились наутёк, даже не оглянувшись на нас.\n\n„Даже спасибо не скажете, псины сутулые.“\n\nХотя некоторые грешники озлобленно ворчали на освобождённых,\nСинклер выглядел счастливым, словно всё так и должно быть.\n\nРазобравшись с ними, мы покинули комнату."
          ]
        },
        {
          "message": "Мы уйдём, оставив протезированных на произвол судьбы.",
          "messageDesc": "Сила духа Синклера падает.",
          "result": [
            "„Н-но… Как же…“\n\nУслышав мои слова, Синклер был не в состоянии скрыть свой шок\nНо очевидно, что смерть грешников ради спасения других окажется фатальной проблемой в последующих битвах.\n\n[По, Пом. Помогите. Пом. Пом…]\n\nОставив дальнейшие механические крики позади, мы поспешили прочь."
          ]
        }
      ]
    },
    {
      "id": 10308,
      "name": "Обряд воспаления",
      "subDesc": "subDesc가 뭘까?",
      "desc": "Пол коридора был накалён докрасна.\n\n„А-ак, моя обувь сейчас расплавится!“\n\nГрешники осторожно подошли к раскалённому участку, но из-за невыносимого жара они быстро отступили.\nИ перед проходом стоял знак.\n\n„Докажите свою человечность через слабость и воспаление.\nСоздайте свой путь следами опалённых ног.“\n\nБыло несложно догадаться, что имеется в виду.\n…Что же делать?",
      "options": [
        {
          "message": "Я предоставлю печать корпорации N.",
          "messageDesc": "Можно выбрать только при наличии ЭГО Дара \"Печать Корп. N.“",
          "result": [
            "„Но что будет, если мы уже доказали это?“\n\nЯ услышал голос одного из грешников.\nЕсли так подумать, то у нас есть вещь того, что уже доказал свою человечность.\n\n„А… Печать корпорации N!“\n\nКогда я приложил к знаку печать, пол коридора тут же остыл\nТаким образом мы без проблем смогли пройти к двери"
          ]
        },
        {
          "message": "Грешник пересечёт этот коридор.",
          "messageDesc": "Пройдите проверку на Гнев. При успешной проверке получите ЭГО Дар. При проваленной проверке начинается битва из 3 волн."
        },
        {
          "message": "Мы поищем другой путь.",
          "messageDesc": "С 50% шансом вас ожидают 3 волны противников.",
          "result": [
            "Мне кажется, опасно отправлять грешников на страдания по этой тропе.\nВедь это не означает, что дальнейший путь будет лёгким.\nИ если мы не встретимся с инквизиторами, есть шанс, что другой путь будет проще.\n\nНо, к несчастью, в моё поле зрения попали проходящие мимо инквизиторы.",
            "Мне кажется, опасно отправлять грешников на страдания по этой тропе.\nВедь это не означает, что дальнейший путь будет лёгким.\nИ если мы не встретимся с инквизиторами, есть шанс, что другой путь будет проще.\n\nК счастью, мы смогли найти другой путь, избежав встречи с инквизиторами."
          ]
        }
      ]
    },
    {
      "id": 10309,
      "name": "Безумие веры",
      "subDesc": "subDesc가 뭘까?",
      "desc": "Я заметил пьедестал с гравировкой гвоздя и молота.\n\n„Похоже, это добро корпорации N.“\n\nТаковым был ответ одного из грешников. Да и мне так кажется.\nСтоит ли узнать больше информации о Корп. N? Или же…",
      "options": [
        {
          "message": "Я подойду поближе и изучу рукописи.",
          "messageDesc": "Получите ЭГО Дар.",
          "result": [
            "На пьедестале лежали рукописи, принадлежащие инквизиторам Корп. N.\nУ меня нет времени читать всё, так что я пробежался взглядом по паре страниц, но…\n\n„Гх…“\n\nНезнакомая информацция только усилила головную боль.\nПока я возьму рукописи с собой и, обещаю себе, прочту их позже."
          ]
        },
        {
          "message": "Мы избежим шума и покинем комнату.",
          "result": [
            "Мы и так знаем достаточно информации.\nДумаю, не стоит посещать подозрительные места."
          ]
        }
      ]
    },
    {
      "id": 10310,
      "name": "Обряд \"Лицом к лицу“",
      "subDesc": "subDesc가 뭘까?",
      "desc": "Перед нами крепко-накрепко закрытая дверь с выгравированной надписью.\n\n„Докажите свои чувства перед лицом ужаса и страха.“\n\n„Наполните миску слезами.“\n\nОсмотревшись, неподалёку я увидел неприятного вида стул и миску для слёз.\nЧто нам делать?",
      "options": [
        {
          "message": "Мы проведём обряд.",
          "messageDesc": "Проведите проверку на Уныние. Сила духа выбранного грешника упадёт. При успешной проверке получите ЭГО Дар"
        },
        {
          "message": "Мы просто покинем комнату.",
          "result": [
            "Опасно проводить обряды, смысл и риск которых нам неизвесен.\nМы просто покинули комнату."
          ]
        }
      ]
    },
    {
      "id": 10311,
      "name": "Колбы с человеческими фрагментами",
      "subDesc": "subDesc가 뭘까?",
      "desc": "В одном из углов основной комнаты я приметил ряд из стеклянных колб.\nВ стекле, человеческие части тела плавали в растворе. И хотя они явно были высушены до этого, они двигались, словно живые.\n\n„Трагичное зрелище…“\n\nКолбы открывались без труда. Так что при особом желании я бы мог взять один из \"экспонатов\".\nЧто мне делать?",
      "options": [
        {
          "message": "Я возьму сверкающий череп.",
          "messageDesc": "Получите ЭГО Дар, лечащий грешников при низких ОЗ.",
          "result": [
            "Я вытащил сверкающий череп\nОн мягко светился и казался необычайно тёплым.\n\nОстальные колбы не открываются; похоже, можно взять только одну часть тела.\nМы взяли череп с собой и отошли от колб."
          ]
        },
        {
          "message": "Я возьму окровавленную руку.",
          "messageDesc": "Получите ЭГО Дар, усиливающий грешников при низких ОЗ.",
          "result": [
            "Меня привлекла окровавленная рука.\nКогда я открыл колбу и достал её, из среза потекла кровь.\nКогда рука оказалась у меня, она начала подрагивать, словно чувствуя сильную боль.\n\nОстальные колбы не открываются; похоже, можно взять только одну часть тела.\nМы взяли руку с собой и отошли от колб."
          ]
        },
        {
          "message": "Я возьму извивающийся язык.",
          "messageDesc": "Получите ЭГО Дар, эффективный при выигрыше в столкновении.",
          "result": [
            "Я не могу отвести взгляд от извывающегося языка.\nКогда я открыл колбу и достал его, он продолжил извиваться и биться о мою ладонь.\n\nМне казалось, этот язык насмехается надо мной, но как бы я ни хотел взять что-то другое…\nОстальные колбы не открываются; похоже, можно взять только одну часть тела.\nМы взяли язык с собой и отошли от колб."
          ]
        },
        {
          "message": "Я не буду ничего брать.",
          "result": [
            "Я решил, не брать ничего из этого.\nЛучше не трогать неприятные органы.\nМы отошли от колб."
          ]
        }
      ]
    },
    {
      "id": 10312,
      "name": "Обряд искупления",
      "subDesc": "subDesc가 뭘까?",
      "desc": "Мы остановились перед большой дверью с выгравированной надписью.\n\n„Вытерпи боль от шипов и искупи свои грехи.“\n\nВ этот раз они желают, чтобы мы себя закололи.\nИ что с этим делать.",
      "options": [
        {
          "message": "Мы проведём обряд.",
          "messageDesc": "Пройдите проверку на Гнев. Здоровье выбранного грешника падает. При успешной проверке получите ЭГО Дар"
        },
        {
          "message": "Мы покинем комнату.",
          "result": [
            "Ясно, что опасно проводить незнакомые.\nУ меня нет ни малейшего желания приказывать грешникам садиться на стул с шипами.\n\nМы покинули комнату."
          ]
        }
      ]
    },
    {
      "id": 10314,
      "name": "Последний обряд",
      "subDesc": "subDesc가 뭘까?",
      "desc": "Изменившиеся от коррозии инквизиторы корпорации N охраняли врата.\nСначала я думал атаковать их, но они не выражали агрессии к нам.\n\n„Только. Особен… ные. Могут. Войти. Сюда.“\n\n„Доказав… шие. Себя. Покажите.“\n\nНе припоминаю, что нужно было им доказывать.\nЧто мне делать?",
      "options": [
        {
          "message": "Я предоставлю \"доказательства\".",
          "messageDesc": "Активно только если у вас есть ЭГО Дары: \"Доказательство чистоты\", \"Доказательство слёз\" и \"Доказательство искупления“",
          "result": [
            "Я вспомнил о собранных ранее печатях.\nИ если получение этих печатей можно назвать \"испытанием\", то они вполне должны подойти под \"доказательство\".\n\n„…Хорошо, проходите.“\n\nЗавывая любопытным для меня голосом, инквизиторы открыли перед нами врата.\n\n„Возьмите, это. С… собой.“\n\nИ получив что-то от них, мы прошли через врата."
          ]
        },
        {
          "message": "Мы постараемся их убедить.",
          "messageDesc": "Проведите проверку на Похоть. При успешной проверке пройдите дальше. При проваленной проверке вас ждёт опасная битва."
        },
        {
          "message": "Мы решим всё силой.",
          "messageDesc": "Получите метку. Вас ждёт опасная битва.",
          "result": [
            "Самое простое решение — использовать грубую силу.\n\n„…Ере… тики.“\n\nПохоже, голос из дрожащей челюсти начал выражать желание покончить с нами.\n\n„Менеджер… Я помогу вам.“\n\nСинклер крепче схватил своё оружие, в его глазах читалась воля победить."
          ]
        }
      ]
    },
    {
      "id": 103001,
      "name": "Инквизиторы",
      "subDesc": "사용 안하는 선택지",
      "desc": "Мы столкнулись с инквизитором корпорации N.\nНо вместо того, чтобы напасть на нас, он спросил, ненавидим ли мы протезы.\nЧто мне делать?",
      "options": [
        {
          "message": "Я соглашусь с ним.",
          "result": [
            "Я согласился с мыслью инквизитора.\nРассмеявшись, он ушёл восвояси."
          ]
        },
        {
          "message": "Я опровергну его слова.",
          "result": [
            "Я ответил, что не согласен с инквизитором.\nСинклер молча кивнул, подтверждая мои слова\nРазозлившись, инквизитор позвал своих коллег."
          ]
        },
        {
          "message": "Я сохраню молчание.",
          "result": [
            "Не проронив ни слова, я лишь смотрел на инквизитора.\nВскоре, инквизитор потерял к нам интерес и ушёл восвояси."
          ]
        }
      ]
    },
    {
      "id": 103002,
      "name": "Фанатизм",
      "subDesc": "사용 안하는 선택지",
      "desc": "Мы заметили, как инквизитор корпорации N пытает протезированных людей.\nЯ чувствую, как Синклер дрожит возле меня от переполняющей его ярости и страха.\nЧто мне делать?",
      "options": [
        {
          "message": "Мы подождём конца пытки.",
          "result": [
            "На это невыносимо больно смотреть, но если мы прервём её, это приведёт к очередной битве.\nМы подождём, пока пытка кончится."
          ]
        },
        {
          "message": "Мы прервём пытку.",
          "result": [
            "Даже если битва неизбежна, я не могу смотреть на это сложа руки.\nСинклер с решительностью в глазах поднял оружие."
          ]
        }
      ]
    },
    {
      "id": 103006,
      "name": "Испытание достойности",
      "subDesc": "사용 안하는 선택지",
      "desc": "Изменившиеся от коррозии инквизиторы корпорации N охраняли врата.\n\n„В это место… Попадут только… Только достойные.“\n\n„Докажите… Что… Что можете войти.“\n\nЧто мне делать?",
      "options": [
        {
          "message": "Я предоставлю \"доказательства\".",
          "result": [
            "Я показал одному из инквизиторов печати, которые мы получили после обрядов.\nИнквизиторы молча открыли врата\nИ когда мы проходили, они дали нам что-то в дорогу."
          ]
        },
        {
          "message": "Мы постараемся их убедить."
        },
        {
          "message": "Мы решим всё силой.",
          "result": [
            "Здесь остаётся только сражаться.\nРешим это грубой силой."
          ]
        }
      ]
    },
    {
      "id": 800201,
      "name": "아즈텍원판 선택지1",
      "subDesc": "사용 안하는 텍스트",
      "desc": "Есть множество способов погасить ярость,\nно эта аномалия предпочитает принимать дары.\nМожет, свежепролитая кровь успокоит её?",
      "options": [
        {
          "message": "Мы отдадим в жертву терракотовую фигурку.",
          "result": [
            "Мы отдали живую фигурку в жертву аномалии.\nДовольная, она чуть усмирила свой гнев."
          ]
        },
        {
          "message": "Мы прольём кровь грешника.",
          "result": [
            ""
          ]
        }
      ]
    },
    {
      "id": 800203,
      "name": "아즈텍원판 선택지3",
      "subDesc": "사용 안하는 텍스트",
      "desc": "Чтобы погасить пламя, нужна холодная вода.\nНо у нас нет холодной воды, так что мы лишь можем использовать хладнокровного человека вместо дара.",
      "options": [
        {
          "message": "Мы отдадим в жертву терракотовую фигурку.",
          "result": [
            "Мы отдали живую фигурку в жертву аномалии.\nПламя разбилось на множество языков и погасло."
          ]
        },
        {
          "message": "Мы прольём кровь грешника.",
          "result": [
            ""
          ]
        }
      ]
    },
    {
      "id": 800205,
      "name": "아즈텍원판 선택지5",
      "subDesc": "사용 안하는 텍스트",
      "desc": "Звёзды ярко мерцают.\nНо эти звёзды способны отнять взор тех, кто смотрит на них.\nКакие дары могут понравиться этим звёздам?",
      "options": [
        {
          "message": "Мы прольём кровь грешника.",
          "result": [
            ""
          ]
        }
      ]
    },
    {
      "id": 801201,
      "name": "강화인간 선택지1",
      "subDesc": "사용 안하는 텍스트",
      "desc": "Почему киборги вновь возвращаются к жизни?\nЭто породило дискуссию среди грешников.\n\n„Может, они не являются живыми с самого начала.\nПоэтому-то они и не могут умереть.“\n\n„Нет, не стоит смотреть на это с философской стороны.“\n\n„Хм-м~ Как по мне, мы будто ломаем стену, а её строят снова.“\n\n„…Мне кажется, из фабрики позади них доносятся какие-то звуки.“\n\nПосле этих слов, все грешники посмотрели за спину самого крупного киборга.\nИз фабрики, что некогда стояла в абсолютной тишине, доносились звуки ударов о металл.\n\nСтоит ли нам исследовать эту подозрительную фабрику?",
      "options": [
        {
          "message": "Мы исследуем фабрику.",
          "result": [
            "Я решил, что мы исследуем фабрику.\nНо в то же время слишком опрометчиво просто проигнорировать киборгов.\n\nМожет, нам удастся пробиться, обезвредив самого крупного киборга?"
          ]
        },
        {
          "message": "Это слишком опасно. Мы не пойдём туда.",
          "result": [
            "„Вы серьёзно хотите ползти туда?“\n\nПрямо сказал один из грешников.\nТак и есть. Нет смысла рисковать.\n\nЕсли они воскресают, то надо просто бить их, пока они не перестанут."
          ]
        }
      ]
    },
    {
      "id": 801202,
      "name": "강화인간 선택지2",
      "subDesc": "사용 안하는 텍스트",
      "desc": "Как и ожидалось, после того, как мы обезвредили самого крупного киборга, в их защите появилась брешь.\n\n„Э-это…“\n\n„Похоже на фабрику игрушек.“\n\nГлядя на гигантскую машину перед собой, грешники переговаривались друг с другом.\n\n„А! Узрите это!“\n\nГрешница указала на устройство ввода с несколькими кнопками.\n\n<ЛЮБИШЬ ЛИ ТЫ ЭТОТ ГОРОД?>\n\nЧто мне нажать?",
      "options": [
        {
          "message": "Да.",
          "messageDesc": "Нажмите кнопку, чтобы продолжить работу.",
          "result": [
            "",
            "Аномальный ввод.\n\n„Чегось? Эта хрень не даёт мне жать на кнопки…“\n\nНачинается захоронение объекта. 3, 2…\n\n„Валим отсюда!!“\n\nНа мгновение машины забили тревогу, после чего на фабрике произошёл громкий взрыв.\nМы смогли остановить эти машины, но взрыв задел грешников.\n\nКажется, нам стоит уносить отсюда ноги, не так ли?"
          ]
        },
        {
          "message": "Нет.",
          "messageDesc": "Нажмите кнопку, чтобы остановить работу.",
          "result": [
            "",
            "Аномальный ввод.\n\n„Чегось? Эта хрень не даёт мне жать на кнопки…“\n\nНачинается захоронение объекта. 3, 2…\n\n„Валим отсюда!!“\n\nНа мгновение машины забили тревогу, после чего на фабрике произошёл громкий взрыв.\nМы смогли остановить эти машины, но взрыв задел грешников.\n\nКажется, нам стоит уносить отсюда ноги, не так ли?",
            "Ввод был произведён три раза.\nПо протоколу ЧС №3, объект останавливает работу.\n\n„Кажется, она остановилась.“\n\nМашины издали странный звук и вскоре остановились.\nТеперь-то киборги не должны \"воскрешаться“\nПора выходить из фабрики, не так ли?"
          ]
        }
      ]
    },
    {
      "id": 801203,
      "name": "강화인간 선택지2-그렇다",
      "subDesc": "사용 안하는 텍스트",
      "desc": "Продолжаем аугментирование.\n\nВы\nдолжны\nстать\nсильнее.\n\nПожалуйста, введите ещё раз.\n\n<ВЫ ЛЮБИТЕ ЭТОТ ГОРОД?>\n\nЧто мне нажать?",
      "options": [
        {
          "message": "Да.",
          "messageDesc": "Нажмите кнопку, чтобы продолжить работу.",
          "result": [
            "",
            "Аномальный ввод.\n\n„Чегось? Эта хрень не даёт мне жать на кнопки…“\n\nНачинается захоронение объекта. 3, 2…\n\n„Валим отсюда!!“\n\nНа мгновение машины забили тревогу, после чего на фабрике произошёл громкий взрыв.\nМы смогли остановить эти машины, но взрыв задел грешников.\n\nКажется, нам стоит уносить отсюда ноги, не так ли?"
          ]
        },
        {
          "message": "Нет.",
          "messageDesc": "Нажмите кнопку, чтобы остановить работу.",
          "result": [
            "",
            "Аномальный ввод.\n\n„Чегось? Эта хрень не даёт мне жать на кнопки…“\n\nНачинается захоронение объекта. 3, 2…\n\n„Валим отсюда!!“\n\nНа мгновение машины забили тревогу, после чего на фабрике произошёл громкий взрыв.\nМы смогли остановить эти машины, но взрыв задел грешников.\n\nКажется, нам стоит уносить отсюда ноги, не так ли?",
            "Ввод был произведён три раза.\nПо протоколу ЧС №3, объект останавливает работу.\n\n„Кажется, она остановилась.“\n\nМашины издали странный звук и вскоре остановились.\nТеперь-то киборги не должны \"воскрешаться“\nПора выходить из фабрики, не так ли?"
          ]
        }
      ]
    },
    {
      "id": 801204,
      "name": "강화인간 선택지2-아니다",
      "subDesc": "사용 안하는 텍스트",
      "desc": "Неправильный ввод.\n\nВы\nдолжны\nстать\nсильнее.\n\nПожалуйста, введите ещё раз.\n\nВНИМАНИЕ! Если вы введёте <НЕТ> ещё три раза, объект будет остановлен.\n\n<ВЫ ЛЮБИТЕ ЭТОТ ГОРОД?>\n\nЧто мне нажать?",
      "options": [
        {
          "message": "Да.",
          "messageDesc": "Нажмите кнопку, чтобы продолжить работу.",
          "result": [
            "",
            "Аномальный ввод.\n\n„Чегось? Эта хрень не даёт мне жать на кнопки…“\n\nНачинается захоронение объекта. 3, 2…\n\n„Валим отсюда!!“\n\nНа мгновение машины забили тревогу, после чего на фабрике произошёл громкий взрыв.\nМы смогли остановить эти машины, но взрыв задел грешников.\n\nКажется, нам стоит уносить отсюда ноги, не так ли?"
          ]
        },
        {
          "message": "Нет.",
          "messageDesc": "Нажмите кнопку, чтобы остановить работу.",
          "result": [
            "",
            "Аномальный ввод.\n\n„Чегось? Эта хрень не даёт мне жать на кнопки…“\n\nНачинается захоронение объекта. 3, 2…\n\n„Валим отсюда!!“\n\nНа мгновение машины забили тревогу, после чего на фабрике произошёл громкий взрыв.Мы смогли остановить эти машины, но взрыв задел грешников.\n\nКажется, нам стоит уносить отсюда ноги, не так ли?",
            "Ввод был произведён три раза.\nПо протоколу ЧС №3, объект останавливает работу.\n\n„Кажется, она остановилась.“\n\nМашины издали странный звук и вскоре остановились.\nТеперь-то киборги не должны \"воскрешаться“\nПора выходить из фабрики, не так ли?"
          ]
        }
      ]
    },
    {
      "id": 801501,
      "name": "분홍신 선택지1",
      "subDesc": "사용 안하는 텍스트",
      "desc": "Между развевающимися ленточками я слышу голос.\n\n„Чего ты так жаждешь?“\n\n„Надень нас.“\n\n„Мы отнесём тебя туда, куда только пожелаешь.“\n\nЭтот голос мягко стелет, но по какой-то причине грешники не могут принять решение сами.\n\nИтак, что мне делать с этим?",
      "options": [
        {
          "message": "Я надену розовые туфельки.",
          "result": [
            "„А… Прекрасно.“\n\n„Такие гладкие“\n\nВсе грешники не могли скрыть свой восторг.\nВскоре ленты обернулись розовыми туфельками.\n\nТеперь все смогут пойти туда, куда только пожелают.\n\nНаверное."
          ]
        },
        {
          "message": "Я отказываюсь.",
          "result": [
            ""
          ]
        }
      ]
    },
    {
      "id": 201001,
      "name": "Торговый автомат и шум волн",
      "subDesc": "사용 안하는 텍스트",
      "desc": "Как же кстати, впереди я вижу пустую улочку, на которой грешники смогут как следует отдохнуть.\n\nОстановившись перед торговым автоматом, я осматриваю многочисленные кнопки на нём.\nНесмотря на то, что на них были указаны различные напитки, по одной картинке практически невозможно понять ни вкуса, ни бренда.\nЧто мне делать?",
      "options": [
        {
          "message": "Не стоит рисковать. Пусть грешники просто отдохнут.",
          "result": [
            "Через некоторое время пришла пора отправляться в путь.\n\nВозможно, всё дело в отдыхе,\nно все выглядят гораздо лучше."
          ]
        },
        {
          "message": "Все поработали на славу, так что я выберу для них то, что могло бы им понравиться.",
          "result": [
            "К счастью,\nпохоже, что выбранный напиток пришёлся всем по душе.\n\nПосле небольшой передышки, грешники стали энергичней.\nМне кажется, что этот напиток немного странный.\nГрешники скривились, выплёвывая выбранную мною газировку.\nДа и выглядят они так, словно после отдыха устали лишь сильнее.\nХорошо, что мне не стало плохо…"
          ]
        }
      ]
    },
    {
      "id": 201002,
      "name": "Комната с зеркалами",
      "subDesc": "사용 안하는 텍스트"
    },
    {
      "id": 201003,
      "name": "강화앰플교환삽입소",
      "subDesc": "사용 안하는 텍스트"
    },
    {
      "id": 910301,
      "name": "Куриный спор",
      "desc": "Нам преградили дорогу какие-то ребята.\nСидя за столом, они горячо о чём-то спорили.\n„Просто посмотри на эту сочность! Сок стекает, подчёркивая текстуру мяса… Вот это — настоящая курица!“\n„Да нет же. Ни капельки жира, оттеняющего настоящий вкус курятины. Вот что зовётся настоящей курицей.“\nОба посмотрели в мою сторону и выкрикнули:\n„Эй, ты! Скажи, что лучше!“",
      "options": [
        {
          "message": "Да что то — курица, что это.",
          "messageDesc": "Получите ЭГО Дары.",
          "result": [
            "„А ведь… А ведь правда.“\n„Даже не поспоришь.“\nОни опустили руки и успокоились, радостно глядя на меня.\n„Мы поссорились из-за такого странного пустяка, блин.“\n„Точняк… Ведь правда в том, что курица всегда лучшая.“\nОни довольно пожали руки и отдали нам целое ведёрко курицы.\n„Такой мудрый человек заслуживает оба блюда. Это от нас.“"
          ]
        },
        {
          "message": "Конечно же сочность ножек.",
          "messageDesc": "Получите ЭГО Дар.",
          "result": [
            "„Видишь! Этот чел говорит, что ножки вкуснее!“\n„У вас обоих нет вкуса.“\nЧеловек с куриной грудкой в руках тяжело выдохнул, словно увидевший вселенскую глупость.\n„Эй! Твоя награда. Ты заслуживаешь ножку.“\nЧеловек с куриной ножкой довольно достал ещё одну из ведёрка и протянул мне.\n„Надеюсь, ты продолжишь верить в ножки!“\nНе понимая, что именно он имеет в виду, я всё же принял куриную ножку и ушёл прочь от этих ребят."
          ]
        },
        {
          "message": "Только настоящий вкус грудки.",
          "messageDesc": "Получите ЭГО Дар.",
          "result": [
            "„Быть не может! Тебе не нравятся сочные ножки?..“\n„Это не \"сочность\", а жир. Так что гораздо более логичным выбором будет здоровая, большая и лёгкая в потреблении грудка.“\nЧеловек с куриной грудкой в руках довольно ответил:\n„Эй, это твоя награда. Возьми эту грудку.“\nИ затем он достал из ведёрка куриную грудку.\n„Желаю тебе удачи с начинаниями. И здоровья тебе.“\nНе знаю, какие начинания он мог иметь в виду, но я всё же принял куриную грудку и ушёл прочь от этих ребят."
          ]
        }
      ]
    },
    {
      "id": 910302,
      "name": "Страстное куриное танго",
      "desc": "Прожектор ярко освещает обширное пространство.\nВыглядит словно курицы… танцуют в самом разгаре бала?\n„Это танго.“\nГлядя на что-то, похожее то на танец, то на борьбу, я заметил, как из одного цыплёнка вытекает маринад.\nПохоже, он этого не замечает…",
      "options": [
        {
          "message": "Мы скажем правду.",
          "messageDesc": "Получите ЭГО Дар.",
          "result": [
            "„<font-weight=800>Внемли!!!!! Маринад покидает твою тушку!!!!!!</font-weight>“\n„Не надо так об этом орать, дурашка…“\nЦыплёнок, на которого указала грешница, в спешке попытался коснуться спины (или её подобия).\nК несчастью, узел, что сдерживал её половинки, ослабился.\n„Куда, Куда-ах…“\nПохоже, этот цыплёнок не в состоянии решить проблему самостоятельно. Истекая маринадом, он подошёл к нам с мотком ниток и иголкой в руках (или, скорее, крыльях)\nНеужели он хочет, чтобы мы его зашили?"
          ]
        },
        {
          "message": "Мы сделаем вид, что не заметили этого.",
          "messageDesc": "Получите ЭГО Дар.",
          "result": [
            "„Неужели мы ему ничего не скажем?“\n„Но он так счастлив~ Почему бы нам не посидеть и не посмотреть, чем всё закончится?“\n„Но что случится, когда весь маринад вытечет?“\n„Разве это не будет недомаринованный цыплёнок?“\nЧерез некоторое время маринад перестал течь.\n„Кудах!“\nНеужели этот цыплёнок почувствовал лёгкость после потери маринада? Он показал крайне сложное танцевальное движение.\n„Потрясающе.“\nДаже курицы, что танцевали вокруг, восхищённо вскрикнули и обступили его.\nВскоре, они отнесли цыплёнка прочь.\nИ остался лишь… Пролитый маринад."
          ]
        },
        {
          "message": "Мы намекнём ей.",
          "messageDesc": "С 50% шансом получите ЭГО Дар.",
          "result": [
            "„М-м-м~ Так вкусно пахнет, только вот <b>от~ку~да</b> здесь этот аромат?!“\n„…<i>Не верю</i>, Родя.“\nВозможно из-за крика грешницы, но все курицы, что кружились в диком танце, в миг остановились.\nИ, осматривая свои спины, курицы вскоре нашли виновника, из которого вытекает маринад.\n„Кудах, кудах-тах.“\n„Куда-ах.“\nОни без паники зашили его спину (или то, что должно быть её спиной) с помощью нити с иглой.\nИх работа была безупречна.\nИ когда они закончили зашивать спину, вскоре, они ушли из-под света прожектора во тьму.\nОсталась лишь нить с иголкой, использованные ими."
          ]
        }
      ]
    },
    {
      "id": 10401,
      "name": "Обыск дрона.",
      "desc": "На полу лежат обломки дрона корпорации K.\nПока я вновь не увижу звезду, мне никак не воскресить грешников, так что…\nОбыскав то, что осталось от дрона, мы можем найти ампулу.",
      "options": [
        {
          "message": "Мы порыщем в обломках дрона.",
          "result": [
            ""
          ]
        },
        {
          "message": "Лучше оставим его в покое.",
          "messageDesc": "Ничего не произойдёт.",
          "result": [
            "„Чего встал? Видно же, там нет ничерта.“\n…Если поискать, я думаю, мы бы нашли что-нибудь, но острые края металлического корпуса могут нанести серьёзные повреждения.\nМы молча покинули комнату."
          ]
        }
      ]
    },
    {
      "id": 1040102,
      "name": "Обыск дрона.",
      "desc": "Может, осмотреть его обломки ещё разок?",
      "options": [
        {
          "message": "Мы обыщем дрон.",
          "result": [
            ""
          ]
        },
        {
          "message": "И правда, что мы тут ищем?",
          "messageDesc": "Ничего не произойдёт.",
          "result": [
            "Я не хочу видеть больше крови грешников, пролитой зря.\nПод недовольное бурчание грешников мы покидаем комнату."
          ]
        }
      ]
    },
    {
      "id": 10402,
      "name": "Ампула.",
      "desc": "Мы нашли комнату, полную ампул корпорации K.\n„О~ Повезло-повезло! Данте, может, нам взять штучку с собой?“\n„Бесполезно. Ампульный инжектор находится в этой комнате, таким образом мы не сможем воспользоваться ампулой, покинув её.“\n…Что же делать?",
      "options": [
        {
          "message": "Мы вколем ампулу здесь и сейчас.",
          "result": [
            ""
          ]
        },
        {
          "message": "Не стоит рисковать с ампулой.",
          "messageDesc": "Ничего не произойдёт.",
          "result": [
            "Мне не хочется экспериментировать над грешниками, вкалывая им неизвестные медикаменты.\nМы решили покинуть комнату."
          ]
        }
      ]
    },
    {
      "id": 1040201,
      "name": "Ампула.",
      "desc": "„Предостережение выгравировано на этой ампуле!“\nИзучив стеклянную бутылочку, я заметил крохотные предупреждения.\nНо из-за сжатости текста невозможно разобрать слова.\n„Стоп… недостаток… потеря конечностей? Я не совсем понимаю, что тут написано.“\n„Менеджер, милорд! Махиной этой пользоваться может как один человек, так и целая группа!!“\nКонечно, выбор кнопки на инжекторе достаётся мне.\nЧто же мне делать?",
      "options": [
        {
          "message": "Я вколю ампулу всем грешникам.",
          "messageDesc": "Идентичности с неполным здоровьем восстановят ОЗ.\nПолностью здоровые идентичности потеряют ОЗ и СД.",
          "result": [
            "Не было бы лучше подлечить всех грешников?\nЯ нажал на кнопку для группового использования\n„…Ай!“\n„Странно… Мне как-то нехорошо.“\nНекоторые грешники пожаловались на боль.\nПримечательно то, что… Все жаловавшиеся до этого были полностью здоровы.\n„Смею предположить, эти ампулы не до́лжно вкалывать в здоровых людей.“\n…В следующий раз стоит быть осторожнее."
          ]
        },
        {
          "message": "Я выберу самого израненного члена группы.",
          "messageDesc": "Идентичность с самым низким здоровьем полностью восстановит ОЗ.",
          "result": [
            "Мне показалось, что {affectedTarget} чувствует себя хуже всех, так что я отправил грешника к инжектору и нажал на кнопку для персонального использования.\n…Кажется, {affectedTarget} чувствует себя гораздо лучше!"
          ]
        }
      ]
    },
    {
      "id": 10403,
      "name": "Коснуться яйца.",
      "desc": "„Это… Яйцо?“\n„Осторожно.  Это может быть аномалия.“\nА ведь точно, я слышал о том, что подземная лаборатория корпорации K также следила за яйцами аномалий из филиала павшей корпорации L.\n„О, о… Оно дёргается?“\nПод голос одного из грешников яйцо начало трястись.\nЧто же нам сделать?",
      "options": [
        {
          "message": "Мы коснёмся яйца.",
          "result": [
            ""
          ]
        },
        {
          "message": "Не будем трогать это яйцо.",
          "messageDesc": "Ничего не произойдёт.",
          "result": [
            "„Что делать, что делать, давать дёру надо!“\nЛучше и не скажешь. Мы спешно покинули комнату."
          ]
        }
      ]
    },
    {
      "id": 10404,
      "name": "Выборполкипорядам",
      "desc": "В искажённом пространстве появился шкафчик с несколькими рядами полок.\nКое-где можно увидеть различные предметы.",
      "options": [
        {
          "message": "Стоит изучить полки получше."
        }
      ]
    },
    {
      "id": 10405,
      "name": "Загадай желание при падающей звезде.",
      "desc": "„Это… Звезда?“\nВзглянув наверх, через трещины я смог увидеть что-то, похожее на ночное небо.\n<b>„Это звездопад!“</b>\nКажется, существует поговорка, что если загадаешь желание при падающей звезде, оно исполнится.\nТогда почему бы не загадать что-то?",
      "options": [
        {
          "message": "Мы загадаем желание.",
          "messageDesc": "С 50%-ым шансом получите ЭГО Дар.",
          "result": [
            "„Как романтично.“\nВсе как один закрыли глаза и молча загадали желания.\nНеужели звезда услышала нас?\nВернув видение, я увидел что-то, сверкавшее у нас под ногами.\n„Хм, кто же загадал это желание?“\nВсе заговорили, но никто так и не сказал о своих желаниях.\nПодняв осколки, мы покинули комнату.",
            "„Как романтично.“\nВсе как один закрыли глаза и молча загадали желания.\n…Но ничего не произошло.\n„Кто?! Должно быть, кто-то раскрыл очи свои раньше надобного!“\nПод яростные разборки между грешниками мы покинули комнату."
          ]
        },
        {
          "message": "Думаю, стоит уйти.",
          "messageDesc": "Ничего не произойдёт.",
          "result": [
            "Будь это правда чудесные звёзды, мои часы обратились бы в мою настоящую голову.\nДля группы будет гораздо лучше уйти, что мы и сделали."
          ]
        }
      ]
    },
    {
      "id": 10406,
      "name": "Приближениекцветам.",
      "desc": "<i>Оказавшисьпосрединевспаханногополя, ясозерцалцветущеедерево.\nНиединого древанебылоблизнего.\nКакжерьяноцвелоэтодрево,\nтакжерьяно\nискреннедержалоонодругоецветущеедревовсвоихмыслях.</i>\n\nЧто мы сделаем?",
      "options": [
        {
          "message": "Мы приблизимся к его цветкам.",
          "result": [
            "<i>Несужденоэтомуцветущемудревудостичьцветущеедревосвоихмыслей.</i>\n\nСильная волна оттолкнула нас, словно мы не должны к нему приближаться."
          ]
        },
        {
          "message": "Лучше нам уйти прочь.",
          "result": [
            "<i>Несужденоэтомуцветущемудревудостичьцветущеедревосвоихмыслей.\nВотчаянииясбежалпрочь.\nСловнорадиэтогоодинокогоцветущегодревапозволилсебеятакойстранныйпоступок.</i>\n\nКак только мы начали уходить прочь, цветущее дерево осыпалось и исчезло.\nВскоре мы подняли ветви, что остались от цветущего дерева."
          ]
        }
      ]
    },
    {
      "id": 10407,
      "name": "Бежим!",
      "desc": "Пространство искажено.\nВ то же время мы слышим уже знакомый плач позади нас.\nОткуда здесь плач аномалии, которую мы усмирили до состояния яйца?\n„<b>Валим быстрее!</b>“\nТринадцать грешников сменили шаг на бег.\n„Туда!“\n\n„Э-это похоже на тупик…“\nГрешники напуганы… Но стоит ли сворачивать?",
      "options": [
        {
          "message": "Бежим!",
          "result": [
            ""
          ]
        },
        {
          "message": "Хватит с нас беготни.",
          "messageDesc": "Начнётся битва. При победе получите ЭГО Дар.",
          "result": [
            "Если мы свернём в тупик, итог будет предрешён.\n„Кха!“\nГрешники попали \"на рога\" несущейся на нас аномалии.\n„Чёртов бычара…“\nНичего не поделаешь, нам остаётся лишь вернуть его в состояние яйца."
          ]
        }
      ]
    },
    {
      "id": 1040701,
      "name": "Бежим!",
      "desc": "Он продолжает гнать нас к тупику.\n„Е-если так продолжится, он нас растопчет!“\n„Этот бык становится лишь быстрее…“\nГрешники не в состоянии скрыть собственное беспокойство.\nЧто же делать?",
      "options": [
        {
          "message": "Бежим!",
          "result": [
            ""
          ]
        },
        {
          "message": "Хватит с нас беготни.",
          "messageDesc": "Начнётся битва. При победе получите ЭГО Дар.",
          "result": [
            "Бессмысленно искать другой выход.\nЛучше остановиться и сохранить силы для битвы…\n„Кха!“\nГрешники попали \"на рога\" несущейся на нас аномалии.\n„Чёртов бычара…“\nНичего не поделаешь, нам остаётся лишь вернуть его в состояние яйца."
          ]
        }
      ]
    },
    {
      "id": 1040702,
      "name": "Бежим!",
      "desc": "Увы, он продолжает мчаться на нас.\n„Не желал бы я созерцать иного окружения.“\nКое-кто внезапно произнёс непонятные слова\n„Э-э?!“\nВнезапно на наших глазах тупиковая стена начала обращаться в новое, просторно место.\nЧто же нам делать теперь?",
      "options": [
        {
          "message": "Бежим!",
          "messageDesc": "Начнётся битва. При победе получите ЭГО Дар.",
          "result": [
            "Как и ожидалось, он стремится за нами туда.\nЯ не знаю, куда ведёт этот коридор, но…\n„Э-э-э?“\nКак долго мы бежали?\nОказалось, мы добежали до места, похожего на идеальную для битвы с аномалией арену.\n„Чёртов бычара…“\nНичего не поделаешь, нам остаётся лишь вернуть его в состояние яйца."
          ]
        },
        {
          "message": "Хватит с нас беготни.",
          "messageDesc": "Получите ЭГО Дар.",
          "result": [
            "Пора остановиться.\nСтрашно убегать от опасности, но гораздо страшнее понимать, что опасность всё равно до тебя доберётся.\nНо всё равно меня не покидает предчувствие, что мы будем в порядке.\n„А…“\nВнезапно аномалия пробежала мимо нас, устремившись в неизвестное нам пространство.\nИ когда она исчезла, осталась лишь голубая жижа."
          ]
        }
      ]
    },
    {
      "id": 10408,
      "name": "Попытка поговорить.",
      "desc": "В окне мерцают незнакомые фигуры.\nСтоит ли нам сделать что-то?",
      "options": [
        {
          "message": "Попытаемся начать разговор.",
          "result": [
            ""
          ]
        },
        {
          "message": "Сохраним молчание.",
          "result": [
            "Хотелось бы мне, чтобы тишина была наказуема.\nТыуслышишьзвукидажекогдатысобственнымирукамиразрываешьсветило.\nВнезапно окно разбилось, и осколки разлетелись по всей комнате.\nВсе грешники оказались под градом осколков.\n„…И в итоге боль стала физической.“\nУсеянные торчащими из тел осколками, мы покинули комнату."
          ]
        }
      ]
    },
    {
      "id": 805001,
      "name": "Остановим его.",
      "desc": "Боле Донран не терзает душу судьбой подопытных животных.\n\nДаже поняв, что его технология останется безызвестной…\nИ погружаясь в воспоминания о жёлтом бычке с родных просторов…\nОн не ощущает горечи.\n\n„В прошлом нет смысла. И я предам его огню.“\n\n„Лучше бы исчез и ты, И Сан.“\n\nДонран помчался в сторону И Сана.",
      "options": [
        {
          "message": "Остановим его.",
          "result": [
            ""
          ]
        }
      ]
    },
    {
      "id": 805003,
      "name": "Остановим его.",
      "desc": "„Я… Решил стереть своё прошлое.“\n\n„Поэтому, как только И Сан исчезнет, я отпущу вас восвояси.“\n\nЛицо Донрана исказилось в гримасе неприятия.\n\n„Так что… Зачем вам вставать на моём пути?“\n\nОн встал в боевую стойку, словно готовясь к мощному удару; но, возможно, он не знает о бреши в своей защите.",
      "options": [
        {
          "message": "Остановим его.",
          "result": [
            ""
          ]
        }
      ]
    },
    {
      "id": 805005,
      "name": "Остановим его.",
      "desc": "„Я лишь трачу своё время зря.“\n\nДонран внезапно остановился от резкого осознания.\nИ он взглянул на потолок, словно созерцал звёздное небо.\n\n„В этот самый час… Мы теряем так много, пока оно не плачет.“\n\n„Час возможности изменить мир… Иссякает прямо на глазах.“\n\nДонран взглянул на нас залившимися кровью глазами.\n\n„И Сан… Почему ты просто не исчезнешь наконец?!“",
      "options": [
        {
          "message": "Остановим его.",
          "result": [
            ""
          ]
        }
      ]
    },
    {
      "id": 1040402,
      "name": "Выбрать полку по рядам.",
      "desc": "В потайных ячейках лежит несколько занятных вещиц.\nКажется, они вполне могут оказаться полезными в последующих битвах.\nНо что нам лучше взять?",
      "options": [
        {
          "message": "Я выберу вторую полку в пятом ряду.",
          "messageDesc": "Получите ЭГО Дар.",
          "result": [
            "Я вытащил предмет из второй полки в пятом ряду.\nЭто была зелёная, непонятная масса.\nНо беглым взглядом она напоминала маску.\nВскоре пространство начало размываться и шкафчик исчез на наших глазах."
          ]
        },
        {
          "message": "Я выберу пятую полку в восьмом ряду.",
          "messageDesc": "Получите ЭГО Дар.",
          "result": [
            "Я вытащил предмет из пятой полки в восьмом ряду.\nЭто была голубая, непонятная масса.\nНо беглым взглядом она напоминала нож.\nВскоре пространство начало размываться и шкафчик исчез на наших глазах."
          ]
        },
        {
          "message": "Я выберу шестую полку в первом ряду.",
          "messageDesc": "Получите ЭГО Дар.",
          "result": [
            "Я вытащил предмет из шестой полки в первом ряду.\nЭто была жёлтая, непонятная масса.\nНо беглым взглядом она напоминала цветок.\nВскоре пространство начало размываться и шкафчик исчез на наших глазах."
          ]
        }
      ]
    }
  ]
}