﻿{
  "dataList": [
    {
      "id": 858501,
      "name": "",
      "subDesc": "",
      "desc": "Вы чувствуете его пытливый, напряженный взгляд.",
      "options": [
        {
          "message": "Проницательный взгляд рассекает все.",
          "messageDesc": "",
          "result": [
            "Проницательный взгляд рассекает и себя."
          ]
        },
        {
          "message": "Проницательный взгляд пронзает все.",
          "messageDesc": "",
          "result": [
            "Пронзающий взгляд пронзает и себя."
          ]
        },
        {
          "message": "Проницательный взгляд сокрушает все.",
          "messageDesc": "",
          "result": [
            "Сокрушающий взгляд сокрушает и себя."
          ]
        }
      ]
    },
    {
      "id": 858502,
      "name": "",
      "desc": "Напряженный взгляд превратился во взгляд иных ощущений.",
      "options": [
        {
          "message": "Ощущение взгляда, что сжигает все.",
          "messageDesc": "",
          "result": [
            ""
          ]
        },
        {
          "message": "Ощущение взгляда, что ранит все.",
          "messageDesc": "",
          "result": [
            ""
          ]
        },
        {
          "message": "Ощущение взгляда, что охватывает все.",
          "messageDesc": "",
          "result": [
            ""
          ]
        },
        {
          "message": "Ощущение взгляда, что пожирает все.",
          "messageDesc": "",
          "result": [
            ""
          ]
        },
        {
          "message": "Ощущение взгляда, что омрачает все.",
          "messageDesc": "",
          "result": [
            ""
          ]
        },
        {
          "message": "Ощущение взгляда, полного презрения ко всему.",
          "messageDesc": "",
          "result": [
            ""
          ]
        },
        {
          "message": "Ощущение взгляда, полного зависти ко всему.",
          "messageDesc": "",
          "result": [
            ""
          ]
        }
      ]
    }
  ]
}