﻿{
  "dataList": [
    {
      "id": "MDEMaa",
      "name": "Повышение уровня защиты",
      "desc": "Уровень защиты +2"
    },
    {
      "id": "MDEMab",
      "name": "Повышение навыка защиты",
      "desc": "Итоговая сила навыков защиты +1"
    },
    {
      "id": "MDEMac",
      "name": "Повышение уровня атаки",
      "desc": "Уровень атаки +1"
    },
    {
      "id": "MDEMad",
      "name": "Повышение максимальных ОЗ",
      "desc": "Макс. ОЗ +5%"
    },
    {
      "id": "MDEMae",
      "name": "Снижение получаемого урона",
      "desc": "Получаемый урон -5%"
    },
    {
      "id": "MDEMca",
      "name": "Телесная полнота",
      "desc": "Уровень атаки +2, Уровень защиты +2, Макс. ОЗ +5%"
    },
    {
      "id": "MDEMcb",
      "name": "Усиление тела",
      "desc": "Уровень атаки +2, Уровень защиты +4"
    },
    {
      "id": "MDEMcc",
      "name": "Повышение максимальных ОЗ",
      "desc": "Макс. ОЗ +20%"
    },
    {
      "id": "MDEMcd",
      "name": "Усиление итоговой атаки",
      "desc": "Итоговая сила +1, Макс. ОЗ +5%"
    },
    {
      "id": "MDEMce",
      "name": "Усиление базовой атаки",
      "desc": "Основная сила +1, Макс. ОЗ +5"
    },
    {
      "id": "MDEMcf",
      "name": "Усиление атаки в поединке",
      "desc": "Сила столкновения +2, Уровень защиты -3"
    },
    {
      "id": "MDEMcg",
      "name": "Повышение итоговой силы",
      "desc": "Итоговая сила +1, Итоговая сила навыков защиты +1"
    },
    {
      "id": "MDEMda",
      "name": "Рост тела",
      "desc": "Уровень атаки +3, Уровень защиты +2, Макс. ОЗ +10%"
    },
    {
      "id": "MDEMdb",
      "name": "Укрепление тела",
      "desc": "Уровень атаки +5, Макс. ОЗ +7.5%"
    },
    {
      "id": "MDEMdc",
      "name": "Базовое боевое снаряжение",
      "desc": "Основная сила +1, Уровень защиты +3, Макс. ОЗ +5%"
    },
    {
      "id": "MDEMdd",
      "name": "Итоговое боевое снаряжение",
      "desc": "Итоговая сила +1, Уровень защиты -2, Макс. ОЗ +17.5%"
    },
    {
      "id": "MDEMde",
      "name": "Защитное снаряжение",
      "desc": "Уровень защиты +3, Макс. ОЗ +22.5%"
    },
    {
      "id": "MDEMdf",
      "name": "Усиление монетной атаки",
      "desc": "Сила положительных монет +1, сила отрицательных монет -1, Уровень защиты +2"
    },
    {
      "id": "MDEMdg",
      "name": "Несравненная мощь",
      "desc": "Базовая сила +1, сила положительных монет +1, сила отрицательных монет -1"
    },
    {
      "id": "MDEMdh",
      "name": "Глаза и зубы за око",
      "desc": "Получаемый урон -25%, Наносимый урон +25%"
    },
    {
      "id": "MDHMaa",
      "name": "Усиление тела I",
      "desc": "Уровень атаки +1, Уровень защиты +1"
    },
    {
      "id": "MDHMab",
      "name": "Прочность",
      "desc": "Уровень защиты +2, Итоговая сила навыков защиты +1"
    },
    {
      "id": "MDHMac",
      "name": "Расширение тела I",
      "desc": "Уровень защиты +1, Макс. ОЗ +5%"
    },
    {
      "id": "MDHMad",
      "name": "Повышение максимальных ОЗ I",
      "desc": "Макс. ОЗ +7.5%"
    },
    {
      "id": "MDHMae",
      "name": "Снижение получаемого урона",
      "desc": "Получаемый урон -7.5%"
    },
    {
      "id": "MDHMba",
      "name": "Усиление тела II",
      "desc": "Уровень атаки +2, Уровень защиты +2, Макс. ОЗ +5%"
    },
    {
      "id": "MDHMbb",
      "name": "Расширение тела II",
      "desc": "Уровень атаки +2, Макс. ОЗ +10%"
    },
    {
      "id": "MDHMbc",
      "name": "Усиление итоговой силы I",
      "desc": "Итоговая сила +1, Макс. ОЗ +5%"
    },
    {
      "id": "MDHMbd",
      "name": "Усиление основной силы I",
      "desc": "Основная сила +1, Уровень защиты +1"
    },
    {
      "id": "MDHMbe",
      "name": "Стойкость I",
      "desc": "Уровень защиты +4, Макс. ОЗ +10%"
    },
    {
      "id": "MDHMbf",
      "name": "Око за око I",
      "desc": "Получаемый урон -10%, Наносимый урон +10%"
    },
    {
      "id": "MDHMca",
      "name": "Усиление тела III",
      "desc": "Уровень атаки +4, Уровень защиты +3, Макс. ОЗ +7.5%"
    },
    {
      "id": "MDHMcb",
      "name": "Расширение тела III",
      "desc": "Уровень атаки +4, Макс. ОЗ +15%"
    },
    {
      "id": "MDHMcc",
      "name": "Усиление итоговой силы II",
      "desc": "Итоговая сила +1, Уровень защиты +6"
    },
    {
      "id": "MDHMcd",
      "name": "Усиление основной силы II",
      "desc": "Основная сила +1, Уровень защиты +5"
    },
    {
      "id": "MDHMce",
      "name": "Усиление итоговой силы III",
      "desc": "Итоговая сила +2, Уровень защиты -2, Макс. ОЗ +5%"
    },
    {
      "id": "MDHMcf",
      "name": "Повышение максимальных ОЗ II",
      "desc": "Макс. ОЗ +30%"
    },
    {
      "id": "MDHMcg",
      "name": "Усиление атаки в поединке I",
      "desc": "Сила столкновения +2, Макс. ОЗ +7.5%"
    },
    {
      "id": "MDHMda",
      "name": "Усиление тела IV",
      "desc": "Уровень атаки +6, Уровень защиты +6, Макс. ОЗ +15%"
    },
    {
      "id": "MDHMdb",
      "name": "Расширение тела IV",
      "desc": "Уровень атаки +4, Уровень защиты +3, Макс. ОЗ +30%"
    },
    {
      "id": "MDHMdc",
      "name": "Усиление итоговой силы IV",
      "desc": "Итоговая сила +2, Макс. ОЗ +25%"
    },
    {
      "id": "MDHMdd",
      "name": "Усиление основной силы III",
      "desc": "Основная сила +1, Итоговая сила +1, Макс. ОЗ +20%"
    },
    {
      "id": "MDHMde",
      "name": "Стойкость II",
      "desc": "Уровень защиты +9, Макс. ОЗ +30%"
    },
    {
      "id": "MDHMdf",
      "name": "Усиление монетной силы",
      "desc": "Сила положительных монет +2, сила отрицательных монет -2"
    },
    {
      "id": "MDHMdg",
      "name": "Усиление атаки в поединке II",
      "desc": "Сила столкновения +2, Макс. ОЗ +30%"
    },
    {
      "id": "MDHMdh",
      "name": "Упрямство",
      "desc": "Получаемый урон -50%, Наносимый урон +50%"
    },
    {
      "id": "AccumulatedPastMirror",
      "name": "Накопленное прошлое",
      "desc": "Получает 11 в конце хода.\nПолностью расходуется, когда часть тела повреждена."
    }
  ]
}