{
  "dataList": [
    {
      "id": "MD6LimitBaseN",
      "name": "Mounting Adversities",
      "desc": "",
      "summary": "",
      "undefined": "-"
    },
    {
      "id": "MD6101",
      "name": "Keen XII",
      "desc": "Clash Power +1, Offense Level +8, Defense Level +3, Max HP +40%, Damage Dealt +10%, Boss Max HP +30%"
    },
    {
      "id": "MD6102",
      "name": "Resilient XII",
      "desc": "Clash Power +1, Offense Level +4, Defense Level +11, Max HP +40%, Damage Dealt +10%, Boss Max HP +30%"
    },
    {
      "id": "MD6103",
      "name": "Body Up XII",
      "desc": "Clash Power +1, Offense Level +6, Defense Level +7, Max HP +35%, Damage Dealt +10%, Boss Max HP +30%"
    },
    {
      "id": "MD6104",
      "name": "Growth XII",
      "desc": "Clash Power +1, Offense Level +3, Defense Level +3, Max HP +72.5%, Damage Dealt +10%, Boss Max HP +30%"
    },
    {
      "id": "MD6105",
      "name": "Clash Power Up VII",
      "desc": "Clash Power +3, Offense Level +2, Defense Level +2, Max HP +42.5%, Damage Dealt +10%, Boss Max HP +30%"
    },
    {
      "id": "MD6106",
      "name": "Final Power Up VII",
      "desc": "Clash Power +1, Final Power +2 Offense Level +2, Defense Level +2, Max HP +37.5%, Damage Dealt +10%, Boss Max HP +30%"
    },
    {
      "id": "MD6107",
      "name": "Base Power Up VII",
      "desc": "Clash Power +1, Base Power +2 Offense Level +2, Defense Level +2, Max HP +32.5%, Damage Dealt +10%, Boss Max HP +30%"
    },
    {
      "id": "MD6111",
      "name": "Keen XIII",
      "desc": "Plus Coin Power +1, Minus Coin Power -1, Offense Level +8, Defense Level +5, Max HP +40%, Damage Dealt +12.5%, Boss Max HP +30%"
    },
    {
      "id": "MD6112",
      "name": "Resilient XIII",
      "desc": "Plus Coin Power +1, Minus Coin Power -1, Offense Level +5, Defense Level +12, Max HP +42.5%, Damage Dealt +10%, Boss Max HP +30%"
    },
    {
      "id": "MD6113",
      "name": "Body Up XIII",
      "desc": "Plus Coin Power +1, Minus Coin Power -1, Offense Level +7, Defense Level +7, Max HP +40%, Damage Dealt +10%, Boss Max HP +30%"
    },
    {
      "id": "MD6114",
      "name": "Growth XIII",
      "desc": "Plus Coin Power +1, Minus Coin Power -1, Offense Level +3, Defense Level +3, Max HP +80%, Damage Dealt +10%, Boss Max HP +30%"
    },
    {
      "id": "MD6115",
      "name": "Clash Power Up VIII",
      "desc": "Plus Coin Power +1, Minus Coin Power -1, Clash Power +2, Offense Level +3, Defense Level +3, Max HP +45%, Damage Dealt +12.5%, Boss Max HP +30%"
    },
    {
      "id": "MD6116",
      "name": "Final Power Up VIII",
      "desc": "Plus Coin Power +1, Minus Coin Power -1, Final Power +2, Offense Level +2, Defense Level +2 Max HP +40%, Damage Dealt +12.5%, Boss Max HP +30%"
    },
    {
      "id": "MD6117",
      "name": "Base Power Up VIII",
      "desc": "Plus Coin Power +1, Minus Coin Power -1, Base Power +2, Offense Level +2, Defense Level +2, Max HP +35%, Damage Dealt +12.5%, Boss Max HP +30%"
    },
    {
      "id": "MD6121",
      "name": "Keen XIV",
      "desc": "Offense Level +10, Defense Level +5, Max HP +40%, Damage Dealt +15%, Boss Max HP +30%"
    },
    {
      "id": "MD6122",
      "name": "Keen XIV",
      "desc": "Offense Level +5, Defense Level +15, Max HP +45%, Damage Dealt +10%, Boss Max HP +30%"
    },
    {
      "id": "MD6123",
      "name": "Body Up XIV",
      "desc": "Offense Level +8, Defense Level +8, Max HP +45%, Damage Dealt +10%, Boss Max HP +30%"
    },
    {
      "id": "MD6124",
      "name": "Growth XIV",
      "desc": "Offense Level +3, Defense Level +3, Max HP +90%, Damage Dealt +10%, Boss Max HP +30%"
    },
    {
      "id": "MD6125",
      "name": "Clash Power Up IX",
      "desc": "Clash Power +2, Offense Level +4, Defense Level +4, Max HP +45%, Damage Dealt +15%, Boss Max HP +30%"
    },
    {
      "id": "MD6126",
      "name": "Final Power Up IX",
      "desc": "Final Power +2, Offense Level +3, Defense Level +3, Max HP +40%, Damage Dealt +15%, Boss Max HP +30%"
    },
    {
      "id": "MD6127",
      "name": "Base Power Up IX",
      "desc": "Base Power +2, Offense Level +3, Defense Level +3, Max HP +35%, Damage Dealt +15%, Boss Max HP +30%"
    },
    {
      "id": "MD6131",
      "name": "Keen XV",
      "desc": "Offense Level +10, Defense Level +5, Max HP +40%, Damage Dealt +15%, Boss Max HP +40%"
    },
    {
      "id": "MD6132",
      "name": "Resilient XV",
      "desc": "Offense Level +5, Defense Level +15, Max HP +45%, Damage Dealt +10%, Boss Max HP +40%"
    },
    {
      "id": "MD6133",
      "name": "Body Up XV",
      "desc": "Offense Level +8, Defense Level +8, Max HP +45%, Damage Dealt +10%, Boss Max HP +40%"
    },
    {
      "id": "MD6134",
      "name": "Growth XV",
      "desc": "Offense Level +3, Defense Level +3, Max HP +90%, Damage Dealt +10%, Boss Max HP +40%"
    },
    {
      "id": "MD6135",
      "name": "Clash Power Up X",
      "desc": "Clash Power +2, Offense Level +4, Defense Level +4, Max HP +45%, Damage Dealt +15%, Boss Max HP +40%"
    },
    {
      "id": "MD6136",
      "name": "Final Power Up X",
      "desc": "Final Power +2, Offense Level +3, Defense Level +3, Max HP +40%, Damage Dealt +15%, Boss Max HP +40%"
    },
    {
      "id": "MD6137",
      "name": "Base Power Up X",
      "desc": "Base Power +2, Offense Level +3, Defense Level +3, Max HP +35%, Damage Dealt +15%, Boss Max HP +40%"
    },
    {
      "id": "MD6141",
      "name": "Keen XVI",
      "desc": "Offense Level +10, Defense Level +5, Max HP +40%, Damage Dealt +15%, Boss Max HP +50%"
    },
    {
      "id": "MD6142",
      "name": "Resilient XVI",
      "desc": "Offense Level +5, Defense Level +15, Max HP +45%, Damage Dealt +10%, Boss Max HP +50%"
    },
    {
      "id": "MD6143",
      "name": "Body Up XVI",
      "desc": "Offense Level +8, Defense Level +8, Max HP +45%, Damage Dealt +10%, Boss Max HP +50%"
    },
    {
      "id": "MD6144",
      "name": "Growth XVI",
      "desc": "Offense Level +3, Defense Level +3, Max HP +90%, Damage Dealt +10%, Boss Max HP +50%"
    },
    {
      "id": "MD6145",
      "name": "Clash Power Up XI",
      "desc": "Clash Power +2, Offense Level +4, Defense Level +4, Max HP +45%, Damage Dealt +15%, Boss Max HP +50%"
    },
    {
      "id": "MD6146",
      "name": "Final Power Up XI",
      "desc": "Final Power +2, Offense Level +3, Defense Level +3, Max HP +40%, Damage Dealt +15%, Boss Max HP +50%"
    },
    {
      "id": "MD6147",
      "name": "Base Power Up XI",
      "desc": "Base Power +2, Offense Level +3, Defense Level +3, Max HP +35%, Damage Dealt +15%, Boss Max HP +50%"
    },
    {
      "id": "MD6Limit101",
      "name": "Level Boost",
      "desc": "All Enemy Levels +3"
    },
    {
      "id": "MD6Limit102",
      "name": "Frailness",
      "desc": "-10% Max HP for all allies"
    },
    {
      "id": "MD6Limit103",
      "name": "Mark of Fire I",
      "desc": "Turn End: all allies take 5 fixed HP damage. Fixed damage increases by 3 every turn. (max 20)"
    },
    {
      "id": "MD6Limit104",
      "name": "Inflation I",
      "desc": "Doubles the cost of every Shop function, except for selling E.G.O Gifts"
    },
    {
      "id": "MD6Limit105",
      "name": "Ego Interference I",
      "desc": "Doubles the amount of E.G.O Resources consumed when using E.G.O Skills"
    },
    {
      "id": "MD6Limit111",
      "name": "Level Boost",
      "desc": "All Enemy Levels +3"
    },
    {
      "id": "MD6Limit112",
      "name": "Frailness",
      "desc": "-10% Max HP for all allies"
    },
    {
      "id": "MD6Limit113",
      "name": "Mental Psychosis I",
      "desc": "Turn End: all allies lose 3 SP"
    },
    {
      "id": "MD6Limit114",
      "name": "Nerve Acceleration I",
      "desc": "Raise Min & Max Speed values by 1 for all enemies"
    },
    {
      "id": "MD6Limit115",
      "name": "SP Fatigue I",
      "desc": "In battles, allies cannot heal higher than 35 SP"
    },
    {
      "id": "MD6Limit121",
      "name": "Level Boost",
      "desc": "All Enemy Levels +3"
    },
    {
      "id": "MD6Limit122",
      "name": "Frailness",
      "desc": "-10% Max HP for all allies"
    },
    {
      "id": "MD6Limit123",
      "name": "Tremor Barrier",
      "desc": "Remove the first Stagger Threshold for all enemies"
    },
    {
      "id": "MD6Limit124",
      "name": "Inflation II",
      "desc": "Triples the cost of every Shop function, except for selling E.G.O Gifts\n\n※ If a lower tier Adversity already exists, overwrite that effect"
    },
    {
      "id": "MD6Limit125",
      "name": "Ego Interference II",
      "desc": "Triples the amount of E.G.O Resources consumed when using E.G.O Skills\n\n※ If a lower tier Adversity already exists, overwrite that effect"
    },
    {
      "id": "MD6Limit131",
      "name": "Level Boost",
      "desc": "All Enemy Levels +3"
    },
    {
      "id": "MD6Limit132",
      "name": "Frailness",
      "desc": "-10% Max HP for all allies"
    },
    {
      "id": "MD6Limit133",
      "name": "Vitality Boost",
      "desc": "+30% to max HP for all enemies"
    },
    {
      "id": "MD6Limit134",
      "name": "Brutality",
      "desc": "Plus Coin Power +2, Minus Coin Power -2 for all enemies"
    },
    {
      "id": "MD6Limit135",
      "name": "Mark of Fire II",
      "desc": "Turn End: all allies take 10 fixed HP damage. Fixed damage increases by 5 every turn. (max 30)\n\n※ If a lower tier Adversity already exists, overwrite that effect"
    },
    {
      "id": "MD6Limit141",
      "name": "Level Boost",
      "desc": "All Enemy Levels +3"
    },
    {
      "id": "MD6Limit142",
      "name": "Frailness",
      "desc": "-10% Max HP for all allies"
    },
    {
      "id": "MD6Limit143",
      "name": "Mental Psychosis II",
      "desc": "Turn End: all allies lose 5 SP\n\n※ If a lower tier Adversity already exists, overwrite that effect"
    },
    {
      "id": "MD6Limit144",
      "name": "Nerve Acceleration II",
      "desc": "Raise Min & Max Speed values by 2 for all enemies"
    },
    {
      "id": "MD6Limit145",
      "name": "SP Fatigue II",
      "desc": "In battles, allies cannot heal higher than 30 SP\n\n※ If a lower tier Adversity already exists, overwrite that effect"
    }
  ]
}