{
  "dataList": [
    {
      "id": "battle_pass_season_6_product_package_with_limbus_desc_summary",
      "content": "◆ Лимбус пасс 6-го сезона\n◆ 10 Уровней БП\n◆ Билетик опыта 5-го тира\n◆ Ахуенный баннер с маленькой писюн"
    },
    {
      "id": "battle_pass_season_6_product_package_without_limbus_desc_summary",
      "content": "◆ Лимбус пасс 6-го сезона\n◆ 10 Уровней БП\n◆ Билетик опыта 5-го тира\n◆ Ахуенный баннер с маленькой писюн"
    }
  ]
}