{
  "dataList": [
    {
      "id": "1",
      "content": "Однажды блямба захотел поиграть на рапчуре. Рапчур испугался и совершил суицид."
    },
    {
      "id": "2",
      "content": "Заходит как то значит улитка в бар..."
    },
    {
      "id": "3",
      "content": "Подсказка дня: Покупать айдишки лучше, чем выбивать их."
    },
    {
      "id": "4",
      "content": "Голая Ишмаель смотреть бесплатно ->  [ССЫЛКА УДАЛЕНА]"
    },
    {
      "id": "5",
      "content": "Ла Манчаладдер."
    },
    {
      "id": "6",
      "content": "Я сожгу это место дотла..."
    },
    {
      "id": "7",
      "content": "Время течет быстрее, если ты тратишь его на миррор данжи."
    },
    {
      "id": "8",
      "content": "Энкефалинчиком полей меня... ЭНКЕФАЛИНА В ГОРШОК БЛЯТЬ МНЕ"
    },
    {
      "id": "9",
      "content": "Also try Library of Ruina!"
    },
    {
      "id": "10",
      "content": "Для данного перевода было нанято немало актеов озвучки... \n...Которые озвучивали тишину"
    },
    {
      "id": "11",
      "content": "Не общайтесь про роблокс, пока рядом стоит Деменция."
    },
    {
      "id": "12",
      "content": "Кто прочитал тот гей \n \n \nИ пидор."
    },
    {
      "id": "13",
      "content": "Даме-даме... Дамейо... Даме-Нагумо..."
    },
    {
      "id": "14",
      "content": "Русский брейнрот - лучший."
    },
    {
      "id": "15",
      "content": "СЛАВА БОГУ ВИНРЕЙТ🙏❤️СЛАВА ВИНРЕЙТУ🙏❤️АНГЕЛА ХРАНИТЕЛЯ ВИНРЕЙТА КАЖДОМУ ИЗ ВАС🙏❤️БОЖЕ ХРАНИ ВИНРЕЙТ🙏❤️СПАСИБО ТЕБЕ НАШ ВИНРЕЙТ."
    },
    {
      "id": "16",
      "content": "Пока вы учитесь в школе, Сир Алоун сидит в лимбусе; \nПока вы гуляете, Сир Алоун сидит в лимбусе; \nПока вы кушаете, Сир Алоун кушает энкефалин. \nПока вы пока, Сир Алоун пока-пока!"
    },
    {
      "id": "17",
      "content": "Добавьте роланда."
    },
    {
      "id": "18",
      "content": "Какашки мне в кармашки, этот русификатор просто бомба!"
    },
    {
      "id": "19",
      "content": "Чем дальше в лес - шкебеде доп ес ес"
    },
    {
      "id": "20",
      "content": "Я украл купончеке Рикардо, задавайте вопросы. (P.S. Rain)"
    },
    {
      "id": "21",
      "content": "Пожалуйста, пускай следующее айди грегора не будет страдать."
    },
    {
      "id": "22",
      "content": "Машинный перевод соло"
    },
    {
      "id": "23",
      "content": "Кто то серьезно это читает?"
    },
    {
      "id": "24",
      "content": "Когда мы делали этот перевод, мы были под тяжелыми веществами.\nКакими - мы вам не скажем"
    },
    {
      "id": "25",
      "content": "На самом деле машинного перевода не существует"
    },
    {
      "id": "26",
      "content": "Вот бы облизнуть ножки Санчо..."
    },
    {
      "id": "27",
      "content": "Блямба ебал своего брата"
    },
    {
      "id": "28",
      "content": "Идет заседание в кабинете Анжелы. Вдруг в кабинет входит Роланд с подносом пива, ставит поднос на стол, подбирает комбинацию к идеальной книги Анжелы, читает и фотографирует все страницы, кладет страницы книги обратно, закрывает идеальную книгу и спокойно уходит. После минуты оцепенения Анжела приходит в себя и кричит:\nКто это такой?!\nДа это корректировщик-шпион Роланд - отвечает Хокма\nПочему вы его не арестовали и не превратили в книгу?!!!- Мы уж пытались, все равно выкрутится, скажет что Нэцаху пиво приносил."
    },
    {
      "id": "29",
      "content": "Проблема с процессором.\nРазогнал fx-6300 до 7 ггц. \nПри вкючении компа выбивает пробки в доме."
    },
    {
      "id": "30",
      "content": "Pop Quiz.\n Guess at what speed AL-HV pulverization bullet is rapidly approaching your direction?"
    },
    {
      "id": "31",
      "content": "дети индиго зачатые вялым писюном в безлунную ночь на конопляном поле через дырявый презерватив"
    },
    {
      "id": "32",
      "content": "Я крайне недоволен тем, что на дискорд сервере Bus To Inferno Rus запрещено слово гойда"
    },
    {
      "id": "33",
      "content": "Иди нахуй"
    },
    {
      "id": "34",
      "content": "Создатель данного руссификатора ебал барана в жопу"
    },
    {
      "id": "35",
      "content": "Однажды, я украл хачапури в пятерочке.\nМеня отвели в подсобку, и выебали."
    },
    {
      "id": "36",
      "content": "Мы спиздили перевод мдш'ки у МТЛ.\nНо Ким разрешил.\nВсе бумаги подписаны в лс дискорда Кима и Енку."
    },
    {
      "id": "37",
      "content": "Нажмите альф+ф4, чтобы получить бесплатные примогемы(лунаси)."
    },
    {
      "id": "38",
      "content": "Роскомнадзор запретил Бипенэкс.\nКонтора пидоров."
    },
    {
      "id": "39",
      "content": "Никогда не говорите о роблоксе в присутствии дизаера. (Деменции)"
    },
    {
      "id": "40",
      "content": "Свет мой зеркальце скажи, да всю правду доложи.\nЯ ль на свете всех тупее, всех токсичней и хувей?"
    },
    {
      "id": "41",
      "content": "Вот все говорят что Член Кихот невкусный\n а ты купи менеджера ла мочаленда!"
    },
    {
      "id": "42",
      "content": "Айди этой строчки - 42.\n 42 42 42 42 42\n 42 42 42 42 42\n 42 42 42 42 42\n 42 42 42 42 42\n 42 42 42 42 42\n 42 42 42 42 42\n 42 42 42 42 42\n 42 42 42 42 42\n 42 42 42 42 42\n 42 42 42 42 42"
    },
    {
      "id": "43",
      "content": "Однажды Кэтрин дистортнулась и преревратилось в пиво. Именно так и началось шестое канто."
    },
    {
      "id": "44",
      "content": "Меня мой же код послал нахуй.\n Я не собираюсь это терпеть."
    },
    {
      "id": "45",
      "content": "Пока енку переводит игру, я общаюсь с вами. \nНаиприятнейшего ему перевода!"
    },
    {
      "id": "46",
      "content": "Кто-нибудь, откликнитесь! \nКакой же герой сможет совершить подвиг? \n Отправьте футу ишмаешь в лс Блямбе!!!"
    },
    {
      "id": "47",
      "content": "А если туда случайно насрать? :skull:"
    },
    {
      "id": "48",
      "content": "Брейнрот - славная штука. \n писяпопачилеен..."
    },
    {
      "id": "49",
      "content": "Эй, обернись."
    },
    {
      "id": "50",
      "content": "Хаха Магический тампон отис делает бум бум."
    },
    {
      "id": "51",
      "content": "Чел, иди в роблокс играй!"
    },
    {
      "id": "52",
      "content": "А вот это винрейтом ты не пройдешь."
    },
    {
      "id": "53",
      "content": "Может, принесешь себе попить? \n Мне тоже налей."
    },
    {
      "id": "54",
      "content": "Чувааак вот это у тебя конечно пивная пачка собралась..."
    },
    {
      "id": "55",
      "content": "О-О-О-Ооо\nСкинь этот текст и тегни переводчиков данного русика\nПускай увидят, что тут какая-то ошибка."
    },
    {
      "id": "56",
      "content": "Может, на сегодня хватит лимбуса..? \n Ай, ну и бредятина. \n Ебашь семичасовой марофон, пупс."
    },
    {
      "id": "57",
      "content": "Мое имя- блять мне мама спать сказала \n все всем пока"
    },
    {
      "id": "58",
      "content": "Винрейт винрейт винрейт винрейт \n крутой геймплей \n пик игра"
    },
    {
      "id": "59",
      "content": "Невер гонна гив ю ап..."
    },
    {
      "id": "60",
      "content": "Когда-нибудь я начну переводить ЭГО, а не баттлхинты."
    },
    {
      "id": "61",
      "content": "А ты покупал энкефалин за 26 лунаси сегодня?"
    },
    {
      "id": "62",
      "content": "Как-то раз, Джихун захотел понюхать цветочки.\nЭтими цветочками оказались розы.\nИменно так и появилось лунаси."
    },
    {
      "id": "63",
      "content": "THE FAULT LIES WITH KIM JI HOON"
    },
    {
      "id": "64",
      "content": "Спойлерну, но следующее канто будет про Рёшу..."
    },
    {
      "id": "65",
      "content": "После окончания загрузки вас перманентно забанят.\nХорошего вам дня и спасибо, что остаетесь с нами!"
    },
    {
      "id": "66",
      "content": "20:30\n20:31 - Прибыл Дикий Хитклифф."
    },
    {
      "id": "67",
      "content": "Джихун, когда он не может запустить стрим уже в четвертый раз:"
    },
    {
      "id": "68",
      "content": "Включи айрон лотус, мне послушать хочется."
    },
    {
      "id": "69",
      "content": "Все твои клеши в этом файте будут ''Тебе ГГ''."
    },
    {
      "id": "70",
      "content": "Монитор на кранштейн и зелени побольше"
    },
    {
      "id": "71",
      "content": "Однажды енку уснул в войсе \nДва человека пытались его разбудить \n Но спящая красавица выкрутила громкость наушников на ноль. \n Даже мама, которая на протяжении часа звонила ему в ватсап \n Не смогла разбудить его..."
    },
    {
      "id": "72",
      "content": "Дайте пива хитклиффу, и тогда он превратиться в ''Охота крепкое''"
    },
    {
      "id": "73",
      "content": "А что если Член Кихот кастрирован? :skull:"
    },
    {
      "id": "74",
      "content": "А существует ли гойдафон?"
    },
    {
      "id": "75",
      "content": "Скоро мы сможем собрать фулл суицид команду... \n Прямо в нашей любимой игре ''Компания Лимбус''!"
    },
    {
      "id": "76",
      "content": "ЛИМБУС КОМПАНЕЕЕЕ"
    },
    {
      "id": "77",
      "content": "БП в этой игре - лучшая трата во всем интернете."
    },
    {
      "id": "78",
      "content": "-Чем нагрешила фауст, чтобы вступить в грешников? \n-ОНА ПРОДАВАЛА МЕФЕ-"
    },
    {
      "id": "79",
      "content": "Как я сюда попал? \nЯ же майнкрафт вроде скачивал..."
    },
    {
      "id": "80",
      "content": "<size=90>ХУУУЙ</size>."
    },
    {
      "id": "81",
      "content": "Тикток-пропоганда сервера продвигается uspeshno!\nВсем большое спасибо за скачивание этого русификатора!\nМне и вправду это важно."
    },
    {
      "id": "82",
      "content": "Опа, ну сейчас то ты точно отсосешь."
    },
    {
      "id": "83",
      "content": "Рикардо никогда не спит... Он говорит, что никогда не умрет...\nОн танцует и в свету, и в тени... \nИ всего его любят..."
    },
    {
      "id": "84",
      "content": "Продам гараж, контанкт для связи: @enqenqenq"
    },
    {
      "id": "85",
      "content": "<size=250>ГОЙДА"
    },
    {
      "id": "86",
      "content": "Мама фауст сядь на меня пожалуйста"
    },
    {
      "id": "87",
      "content": "а если, по соверешенно невероятной случайности, по исключительно редкому стечению обстоятельств, по крайней неудачливости, по абсолютной непредсказуемости, по полной катострофичносте, по абсолютной неудаче, по неожиданному злому року, по ничтожной вероятности, по невероятной абсурдности, по непредсказуемой аномалии, по крайней иррацианальности, по феноменальной невезучести, по абсурдной цепи событий, по непостижимой нелепости, по невероятной парадоксальности, по фантастической невозможности, по невообразимой убыточности, по сверхъестественной неурядице, по мистической несуразности, по парадоксальной случайности, по невероятной нелепице, по феноменальной абсурдности, по немыслимой причудливости, по экстраординарной бедственности, по казусной необратимости, по непоправимой невероятности, по абсолютной курьезности, по удивительной фатальности, по грандиозной абсурдности, по казусной парадоксальности, по абсолютной иррациональности, по курьезной непредсказуемости, по катастрофической нелепости, по абсолютной неурядице, по немыслимой парадоксальности, по невероятной непрогнозируемости туда насрать?"
    },
    {
      "id": "88",
      "content": "Тяжелые будни фаната лимбуса - зашел -> скрафтил модули -> вышел."
    },
    {
      "id": "89",
      "content": "МГЕ Брат синклер обязательно доберется до тебя."
    },
    {
      "id": "90",
      "content": "Правило лимбуса #1 гласит: ''Зонтклиффа в SSS ранк.''"
    },
    {
      "id": "91",
      "content": "Тили-тили, трали-вали, мы все крутки проебали, нихуя не оставляли."
    },
    {
      "id": "92",
      "content": "Нам определенно нужен айсберг по серверу Rainbus Company."
    },
    {
      "id": "93",
      "content": "Кто-то до сих пор играет в бравл старс?"
    },
    {
      "id": "94",
      "content": "Привет,\nБрат блямбы спит с дакимакурой джотаро\nПока."
    },
    {
      "id": "95",
      "content": "Жду АСМР-стрим, на котором будут ломать кости донгбаек."
    },
    {
      "id": "96",
      "content": "Солемн ламент делает дзинь-дзинь."
    },
    {
      "id": "97",
      "content": "Братан, попробуй через чит-энджин накрутить себе чутка лунаси.\nЯ гарантирую тебе, что никакой ФСБ не вломится к тебе в ту же секунду."
    },
    {
      "id": "98",
      "content": "У меня есть мягкая игрушка пикачу, сосите. (P.S. Rain)"
    },
    {
      "id": "99",
      "content": "Ахмет Рахмет братан дай денег"
    },
    {
      "id": "100",
      "content": "Вы лицезрели 100-й добавленный баттлхинт."
    },
    {
      "id": "101",
      "content": "Кто увидит этот текст, тот получит 39 рублей на карту.\n<size=30> Не распрастроняется на RCR-Сотрудников и Enq.\nЯвляется одноразовой акцией."
    },
    {
      "id": "102",
      "content": "СкибидиБеременныйГрегор."
    },
    {
      "id": "103",
      "content": "Мисайд для инцелов,\nChange my mind."
    },
    {
      "id": "104",
      "content": "Хочу увидеть как какой-то ебик корейской национальности\nподавит птицу апокалипсиса в лимбусе соло грешником."
    },
    {
      "id": "105",
      "content": "Не злите опиум саф, она может нарисовать вас беременным...\n<size=30>Гороз испытал на своей шкуре."
    },
    {
      "id": "106",
      "content": "Какой чудесный день снаружи...\nПтицы поют, цветы цветут...\nВ такие дни, люди такие как ты...\nД о л ж н ы   п р о х о д и т ь   м д."
    },
    {
      "id": "107",
      "content": "Бабка из 8-го канто, прошу тебя роскомнадзорнуться."
    },
    {
      "id": "108",
      "content": "Недавно вышло 8 канто.\nПовод вернуть Сяо."
    },
    {
      "id": "109",
      "content": "Пока вы читаете это с серьезным или расслабленным еблом\nЯ пишу эти баттлхинты уже целую минуту своего личного времени\nПрошу проявить ко мне уважение."
    },
    {
      "id": "110",
      "content": "Мяукни в любой текстовый чат в дискорде.\nНЕМЕДЛЕННО."
    },
    {
      "id": "111",
      "content": "Уже представляю этот бенгер от мили в 9-м канто... Спойлернуть?"
    },
    {
      "id": "112",
      "content": ". -. -.- ..-  --. . .---\nНе обращай внимания, бро."
    },
    {
      "id": "113",
      "content": "Ставлю душу своей матери."
    },
    {
      "id": "114",
      "content": "Кто обзывается - тот сам так называется."
    },
    {
      "id": "115",
      "content": "Админ сдох кайфуем пацаны!!"
    },
    {
      "id": "116",
      "content": "Яспер Моглот пришел к Яша Лаве что бы крикнуть Гойда"
    },
    {
      "id": "117",
      "content": "Дизаера (Деменцию) в детстве пиздил отец с криком 'Гойда!'\nС тех пор, Дизаер ненавидит любую 'Гойду'"
    },
    {
      "id": "118",
      "content": "''Зонтклифф лучшая идентичность в 6-м канто''\n(c) Nedorme"
    },
    {
      "id": "119",
      "content": "Гречка + Nektarynki 7.99Z"
    },
    {
      "id": "120",
      "content": "Мы покрутили вальпургу, по итогу ни одна мразь не осталась без вальповских айди."
    },
    {
      "id": "121",
      "content": "Лучше посрать и опоздать, чем прийти и обосраться."
    },
    {
      "id": "122",
      "content": "Царство небесное блямбе, потому что он забанился на рейнбусе."
    },
    {
      "id": "123",
      "content": "Уууу~ Я колдую тебе понос сегодня ночью."
    },
    {
      "id": "124",
      "content": "Вальпурга завтра.\nЕсли нет - перечитайте."
    },
    {
      "id": "125",
      "content": "Панику в умственную отсталось"
    },
    {
      "id": "126",
      "content": "Рапчур - подпивасная хуйня. Это не обсуждается!!!"
    },
    {
      "id": "127",
      "content": "Жил бля. Был бля. Все бля. Спи бля. *Чпок*"
    },
    {
      "id": "128",
      "content": "Зарегался в Max — сначала было немного непривычно после телеги, но быстро втянулся. Интерфейс удобный, все работает четко, а главное — своя, отечественная платформа. Приятно осознавать, что можно не зависеть от иностранных сервисов. Советую попробовать! (Текст не редактировать, информацию в скобках - удалить. Оплата по ранее указанными реквизитам в течение 15 минут после публикации)"
    },
    {
      "id": "129",
      "content": "Аномалия ''Здесь Ничего Нет'' на свободе. Готовы подраться?"
    },
    {
      "id": "130",
      "content": "Ня"
    },
    {
      "id": "131",
      "content": "Бина сядь на меня пожалуйста и задуши своей большой- [Нечитаемые Слова]"
    },
    {
      "id": "132",
      "content": "LOVE IT ДАЖЕ НА ПАРКОВКЕ :fire:"
    },
    {
      "id": "133",
      "content": "Бля тут половину баттлхинтов есть, про существование которых я ВООБЩЕ забыл..."
    },
    {
      "id": "134",
      "content": "с\nв\nо"
    },
    {
      "id": "135",
      "content": "если ты фанат бибена, то УБЕЙСЯ."
    },
    {
      "id": "136",
      "content": "здесь должна быть подсказка."
    },
    {
      "id": "137",
      "content": "Вернулись три медведя домой, голодные, уставшие.\nПриходит медвежонок к столу:\n— Кто сидел на мое стульчике и сломал его?!\nПодходит мама медведь к кровати:\n— Кто спал на моей кровати и смял ее?\nА папа Медведь садится в горящую машину и сгорает там нахуй."
    },
    {
      "id": "138",
      "content": "БЛЯТЬ Я КУСОК ТОРТА УРОНИЛ НА КЛАВИАТУРУ\nэто стоило написать сюда."
    },
    {
      "id": "139",
      "content": "ЧЁРНАЯ ТИШИНА ЧЁРНАЯ ТИШИНА СТОЯК РОНАЛДО"
    },
    {
      "id": "140",
      "content": "Ответь мне, Е эн кью.\n..Что нужно Рейнбус Компани?"
    },
    {
      "id": "141",
      "content": "Прямо сейчас я пишу эти баттлхинты потому что\n у меня нет интернета для других дел."
    },
    {
      "id": "142",
      "content": "Фембой Корпорейшн.\nНе задавай лишних вопросов."
    },
    {
      "id": "143",
      "content": "Прошёл недавно слушок, что баннер сервера Rainbus Company скоро будет перерисован...\nНо я тебе этого не говорил."
    },
    {
      "id": "144",
      "content": "Смерть в нищите подкралась незаметно, да?"
    },
    {
      "id": "145",
      "content": "Бедный Питер Паркер. Ни мамы; Ни папы..."
    },
    {
      "id": "146",
      "content": "Посоветуйте наш перевод своей бабушке!"
    },
    {
      "id": "147",
      "content": "Как-то раз, решил я поиграть в игры...\nДа и не в простые, а в очень сука интересные..."
    },
    {
      "id": "148",
      "content": "CHIKEN JOCKEY\nУже неактуально, да?"
    },
    {
      "id": "149",
      "content": "МОЛЮ НЕ ИГРАЙТЕ В АРХИВЕД"
    },
    {
      "id": "150",
      "content": "Слушай парень, я ведь тоже лимбусёнок, и читать я тоже не умею."
    },
    {
      "id": "151",
      "content": "Ай билять меня просто муза посетила чтобы писать эти баттлхинты."
    },
    {
      "id": "152",
      "content": "Проzчитался Веzде"
    },
    {
      "id": "153",
      "content": "Открой базу и верни мне брр брр патапима"
    },
    {
      "id": "154",
      "content": "\"Эта бабулина-\" Я СЪЕЛ СВОЮ БАБКУ!"
    },
    {
      "id": "155",
      "content": "Exhausted? Tired. Want rest? Hungry. Want out?"
    },
    {
      "id": "156",
      "content": "Посмотри в зеркало в омори несколько раз"
    },
    {
      "id": "157",
      "content": "А WPlace классная штука однако,\nПРАВДА ЕСЛИ БЫ У МЕНЯ БЫЛ ИНТЕРНЕТ\nЛадно, неважно"
    },
    {
      "id": "158",
      "content": "Йоу-хоу-хоу и бутылка Крепкой Охоты."
    },
    {
      "id": "159",
      "content": "Сэр, взгляните на радар..."
    },
    {
      "id": "160",
      "content": "I'm NOT gonna sugarcoat with that."
    },
    {
      "id": "161",
      "content": "Если кто-то застрял на 49-м дне лоботомии, то рассказываю как его пройти:\nЛично я нанял фулл комплекс сотрудников, одел их в вавный шмот\nи бил клипоты до 5-го уровня, именно тогда появляется бина.\nЕсли вам выпал белый полдень на 5-й перегрев, нужно потеть.\nКаждый раз когда бина накидывает перегревы, ставь паузу.\nОтправляй на работы своих людей, а командой подавления хуячь бину.\nДелаешь так в начале каждой фазы - и ты победил."
    },
    {
      "id": "162",
      "content": "Ах, тишина и запах чёрного чая, мои лучший друзья."
    },
    {
      "id": "163",
      "content": "Привет я сафилу"
    },
    {
      "id": "164",
      "content": "Я тебя в книжечку запишу..."
    },
    {
      "id": "165",
      "content": "0 days until the party."
    },
    {
      "id": "166",
      "content": "Перевод завтра в 3"
    },
    {
      "id": "167",
      "content": "Э ты чё показал ма бой"
    },
    {
      "id": "168",
      "content": "''Гифка хуйня но я сохраню''"
    },
    {
      "id": "169",
      "content": "I'm nothing like y'all"
    },
    {
      "id": "170",
      "content": "Бина и Гебура лесбухи"
    },
    {
      "id": "171",
      "content": "Ключэг полумэсац"
    },
    {
      "id": "172",
      "content": "Умамусуме фаны убейтесь (вы зоофилы)"
    },
    {
      "id": "173",
      "content": "''Я щас пойду к ксилпиту плакаться''"
    },
    {
      "id": "174",
      "content": "Армия в чёрном или армия чёрных?"
    },
    {
      "id": "175",
      "content": "хз лол"
    },
    {
      "id": "176",
      "content": "Ебал мать ильи кека (с) KorDe\nАнонимно пожалуйста"
    },
    {
      "id": "177",
      "content": "Тенализ когда новое видео?"
    },
    {
      "id": "178",
      "content": "Арzен Маркарzн"
    },
    {
      "id": "179",
      "content": "ДЕТСКОЕ ЦП (цпав)"
    },
    {
      "id": "180",
      "content": "Пососи"
    },
    {
      "id": "181",
      "content": "ОНА ВАЩЕ ПРО чЕ"
    },
    {
      "id": "182",
      "content": "ЖЕНЩИНЫ БОМБИЛИ ИРАК"
    },
    {
      "id": "183",
      "content": "Goonmaxxing one love"
    },
    {
      "id": "184",
      "content": "Шпеп иди нахуй"
    },
    {
      "id": "185",
      "content": "ладно"
    },
    {
      "id": "186",
      "content": "Пройти 15-й этаж в мд или раскрыть зонтик в своём анусе?"
    },
    {
      "id": "187",
      "content": "ЕВРЕЙСКАЯ ТИШИНА"
    },
    {
      "id": "188",
      "content": "Тут человек искореннил 15 баттлхинтов, я буду мстить сука"
    },
    {
      "id": "189",
      "content": "Ыллаыллаар"
    },
    {
      "id": "190",
      "content": "Legolize Nuclear Bombs"
    }
  ]
}