﻿{
  "dataList": [
    {
      "id": "BloodyHand_2nd",
      "name": "Окровавленная рука II",
      "desc": "Считается <sprite name=\"BloodyHand\"><color=#f8c200><u><link=\"BloodyHand\">Окровавленной рукой</link></u></color>\nМаксимальное значение: 20\nБазовое значение: 10\n· Получает 1 Уровень атаки за каждые 6 накопленного значения",
      "summary": "",
      "undefined": "-"
    },
    {
      "id": "BloodyHand_3rd",
      "name": "Окровавленная рука III",
      "desc": "Считается <sprite name=\"BloodyHand\"><color=#f8c200><u><link=\"BloodyHand\">Окровавленной рукой</link></u></color>\nМаксимальное значение: 30\nБазовое значение: 20\n· Получает 1 <sprite name=\"ResultEnhancement\"><color=#f8c200><u><link=\"ResultEnhancement\">Повышение силы</link></u></color>\n· Когда значение достигает 30: наносит еше 2 <sprite name=\"Burst\"><color=#e30000><u><link=\"Burst\">Зеленки</link></u></color> и повышает его счетчик на 1 при ударе, а так же при этом получает и наносит 3 <sprite name=\"Laceration\"><color=#e30000><u><link=\"Laceration\">Кетчупа</link></u></color>",
      "summary": "",
      "undefined": "-"
    },
    {
      "id": "WornHeart",
      "name": "Болезненное сердце",
      "desc": "Максимальное значение: 10\nБазовое значение: 3\n· В начале хода получает 1 <sprite name=\"DefenseDown\"><color=#e30000><u><link=\"DefenseDown\">Понижение уровня защиты</link></u></color> за каждое накопленное значение, а так же 1 <sprite name=\"AttackUp\"><color=#f8c200><u><link=\"AttackUp\">Повышение уровня атаки</link></u></color> за каждые 2 накопленного значения\n· Когда значение достигает 10: в начале хода получает 3 <sprite name=\"Vulnerable\"><color=#e30000><u><link=\"Vulnerable\">Уязвимости</link></u></color> и теряет 5 SP, а так же при ударе получает 2 <sprite name=\"BloodyHand\"><color=#f8c200><u><link=\"BloodyHand\">Окровавленной руки</link></u></color> и восстанавливает HP на 40% от нанесенного по своим Части и Ядру урона",
      "summary": "",
      "undefined": "-"
    },
    {
      "id": "StarvingPriestTwo",
      "name": "Иссохший",
      "desc": "<i>Изголодавшийся по крови очень, очень давно</i>\n· Уровень атаки снижен на 25\n· Уровень защиты снижен на 25",
      "summary": "",
      "undefined": "-"
    },
    {
      "id": "Guilt_LowMorale",
      "name": "Вина (Низкий дух)",
      "desc": "В конце хода получает 1 <sprite name=\"Vulnerable\"><color=#e30000><u><link=\"Vulnerable\">Уязвимость</link></u></color> и <sprite name=\"MentalIncreaseDown\"><color=#e30000><u><link=\"MentalIncreaseDown\">Понижение эффективности восстановления SP</link></u></color> на следующий ход",
      "summary": "",
      "undefined": "-"
    },
    {
      "id": "Guilt_Panic",
      "name": "Вина (Ахуй)",
      "desc": "В конце хода получает 2 <sprite name=\"Vulnerable\"><color=#e30000><u><link=\"Vulnerable\">Уязвимости</link></u></color> и <sprite name=\"MentalIncreaseDown\"><color=#e30000><u><link=\"MentalIncreaseDown\">Понижения эффективности восстановления SP</link></u></color> на следующий ход",
      "summary": "",
      "undefined": "-"
    },
    {
      "id": "MentalIncreaseDown",
      "name": "Понижение эффективности восстановления SP",
      "desc": "Эффективность восстановления SP уменьшается на количество этого эффекта",
      "summary": "",
      "undefined": "-"
    },
    {
      "id": "AffectionTeddy",
      "name": "Привязанность",
      "desc": "Максимальное значение: 9\n· Сила в столкновении атакующего повышается на количество этого эффекта\n· В конце хода понижается на 1",
      "summary": "",
      "undefined": "-"
    },
    {
      "id": "FaintMemory",
      "name": "Тусклые воспоминания",
      "desc": "Базовое значение: 10\n· В начале хода получает <sprite name=\"DefenseUp\"><color=#f8c200><u><link=\"DefenseUp\">Повышения уровня защиты</link></u></color> в количестве этого эффекта\n· Понижается на 1 при поражении в столкновении",
      "summary": "",
      "undefined": "-"
    },
    {
      "id": "CursePackage",
      "name": "Шкатулка проклятий",
      "desc": "Максимальное значение: 1\n· В конце хода получает 1 <sprite name=\"Reduction\"><color=#e30000><u><link=\"Reduction\">Понижение силы атаки</link></u></color>, 1 <sprite name=\"Disarming\"><color=#e30000><u><link=\"Disarming\">Понижение силы защиты</link></u></color>, 2 <sprite name=\"AttackDown\"><color=#e30000><u><link=\"AttackDown\">Понижения уровня атаки</link></u></color>, 2 <sprite name=\"DefenseDown\"><color=#e30000><u><link=\"DefenseDown\">Понижения уровня защиты</link></u></color>, а значение уменьшается на 1",
      "summary": "",
      "undefined": "-"
    },
    {
      "id": "TinyCarmilla",
      "name": "Маленькая Кармилла",
      "desc": "Максимальное значение: 3\n· Получает 2 <sprite name=\"Laceration\"><color=#e30000><u><link=\"Laceration\">Кетчупа</link></u></color> каждый раз при получении этого эффекта\n· В конце хода свой счетчик <sprite name=\"Laceration\"><color=#e30000><u><link=\"Laceration\">Кетчупа</link></u></color> повышается на 2\n· Если значение достигает 3 к концу хода, получает фиксированный урон в количестве 15% от максимальных HP и восстанавливает его на 5% от максимальных HP каждого из противников, затем эффект исчезает",
      "summary": "",
      "undefined": "-"
    },
    {
      "id": "OneDropNutrition",
      "name": "Капля подпитки",
      "desc": "Максимальное значение: 10\n· Увеличивается на 1 при восстановлении каждых 10% от максимальных HP атаками, которые его восстанавливают\n· Показывает процент восстановленных HP",
      "summary": "",
      "undefined": "-"
    },
    {
      "id": "ThornNoose",
      "name": "Колючее лассо",
      "desc": "Максимальное значение: 3\n· Повышается на 1 в начале хода\n· Фиксирует скорость на 1\n· В конце хода получает 2 <sprite name=\"Burst\"><color=#e30000><u><link=\"Burst\">Зеленки</link></u></color> и его счетчик повышается на 2\n· Когда значение достигает 2 к концу хода: получает 20 урона Чревоугодием\n· Когда значение достигает 3 к концу хода: оглушает на следующем ходу, а колючее лассо исчезает",
      "summary": "",
      "undefined": "-"
    },
    {
      "id": "SwirlingBlood",
      "name": "Присутствие второго сородича",
      "desc": "· Пока этот эффект активен, атакующий получает 5 <sprite name=\"Laceration\"><color=#e30000><u><link=\"Laceration\">Кетчупа</link></u></color> после атаки, а HP щита не исчезают в конце хода\n· При определенных условиях получает 3 <sprite name=\"Vulnerable\"><color=#e30000><u><link=\"Vulnerable\">Уязвимости</link></u></color> и меняет поведение",
      "summary": "",
      "undefined": "-"
    },
    {
      "id": "BloodArmor",
      "name": "Кровавая броня",
      "desc": "Первая стадия <sprite name=\"BloodArmor\"><color=#f8c200><u><link=\"BloodArmor\">Кровавой брони</link></u></color>\nМаксимальное значение: 10\n· Используется для особых атак",
      "summary": "",
      "undefined": "-"
    },
    {
      "id": "BloodArmor_2nd",
      "name": "Кровавая броня II",
      "desc": "Вторая стадия <sprite name=\"BloodArmor_2nd\"><color=#f8c200><u><link=\"BloodArmor_2nd\">Кровавой брони</link></u></color>\nМаксимальное значение: 20\n· В начале хода получает 1 Уровень атаки и Уровень защиты за каждые 6 накопленного значения\n· Максимальная и минимальная скорость повышается на 1\n· Используется для особых атак",
      "summary": "",
      "undefined": "-"
    },
    {
      "id": "BloodArmor_3rd",
      "name": "Кровавая броня III",
      "desc": "Вторая стадия <sprite name=\"BloodArmor_3rd\"><color=#f8c200><u><link=\"BloodArmor_3rd\">Кровавой брони</link></u></color>\nМаксимальное значение: 30\n· В начале хода получает 2 Уровня атаки и Уровня защиты за каждые 6 накопленного значения\n· Максимальная и минимальная скорость повышается на 2\n· Используется для особых атак",
      "summary": "",
      "undefined": "-"
    },
    {
      "id": "Dreamy",
      "name": "Мечтательная нерешительность",
      "desc": "· Уровень атаки снижен на 35\n· Уровень защиты снижен на 35",
      "summary": "",
      "undefined": "-"
    },
    {
      "id": "BloodDinner_Common_Accumulation",
      "name": "Поглощенное борщ (общее)",
      "desc": "Общее количество поглощенного <sprite name=\"BloodDinner\"><color=#9f6a3a><u><link=\"BloodDinner\">Борща</link></u></color> за битву",
      "summary": "",
      "undefined": "-"
    },
    {
      "id": "ThirstyRose",
      "name": "Жаждущая роза",
      "desc": "· Максимальное значение: 5\n· Если 10 и более <sprite name=\"Laceration\"><color=#e30000><u><link=\"Laceration\">Кетчупа</link></u></color> к концу хода, получает урон Похотью, равный 1% от максимальных HP (До 30)\n· В конце хода понижается на 1",
      "summary": "",
      "undefined": "-"
    },
    {
      "id": "RoseWedge",
      "name": "Шип розы",
      "desc": "Максимальная сила: 10\nМаксимальный счетчик: 4\n· Сила эффекта повышается на 1 каждый раз при получении 10 урона от <sprite name=\"Laceration\"><color=#e30000><u><link=\"Laceration\">Кетчупа</link></u></color>\n· При получении <sprite name=\"Laceration\"><color=#e30000><u><link=\"Laceration\">Кетчупа</link></u></color> или Особого Кетчупа от удара, получает 2 <sprite name=\"Laceration\"><color=#e30000><u><link=\"Laceration\">Кетчупа</link></u></color>, а на атаковавшего наносит 1 <sprite name=\"Laceration\"><color=#e30000><u><link=\"Laceration\">Кетчуп</link></u></color> (До 5 раз за ход)\n  - Если сила <sprite name=\"RoseWedge\"><color=#e30000><u><link=\"RoseWedge\">Шипа розы</link></u></color> равна 10, счетчик своего <sprite name=\"Laceration\"><color=#e30000><u><link=\"Laceration\">Кетчупа</link></u></color> так же повышается на 1\n· В конце боевой фазы, если сила <sprite name=\"RoseWedge\"><color=#e30000><u><link=\"RoseWedge\">Шипа розы</link></u></color> равна 10 или счетчик равен 1, получает (Сила эффекта × 10) урона Похотью, затем эффект исчезает\n· После смерти носителя или исчезновении эффекта увеличивает <sprite name=\"BloodDinner\"><color=#9f6a3a><u><link=\"BloodDinner\">Борщ</link></u></color> на (Сила эффекта × 10), а всем союзникам наносится урон в количестве (Сила эффекта × 2) (Минимум 1)",
      "summary": "",
      "undefined": "-"
    },
    {
      "id": "FerrisWheel",
      "name": "Бесконечное колесо",
      "desc": "· Понижается на 1 каждый раз, когда уничтожается Гондола\n· Если значение падает до 0 и на следующем ходу некому появиться, переходит на следующую фазу",
      "summary": "",
      "undefined": "-"
    },
    {
      "id": "StarvingDonqui",
      "name": "Изголодавшийся и Иссохший",
      "desc": "<i>Изголодавшийся по крови очень, очень давно</i>\n· Уровень атаки снижен на 10\n· Уровень защиты снижен на 10",
      "summary": "",
      "undefined": "-"
    },
    {
      "id": "RegainedStrength",
      "name": "Возвращающаяся жажда крови",
      "desc": "Первая стадия <sprite name=\"RegainedStrength\"><color=#f8c200><u><link=\"RegainedStrength\">Возвращающейся жажды крови</link></u></color>\nМаксимальное значение: 10\n",
      "summary": "",
      "undefined": "-"
    },
    {
      "id": "RegainedStrength_2nd",
      "name": "Возвращающаяся жажда крови II",
      "desc": "Вторая стадия <sprite name=\"RegainedStrength_2nd\"><color=#f8c200><u><link=\"RegainedStrength_2nd\">Возвращающейся жажды крови</link></u></color>\nМаксимальное значение: 20\n· В начале хода получает 1 <sprite name=\"AttackUp\"><color=#f8c200><u><link=\"AttackUp\">Повышение уровня атаки</link></u></color> и 1 <sprite name=\"DefenseUp\"><color=#f8c200><u><link=\"DefenseUp\">Повышение уровня защиты</link></u></color> за каждые 5 накопленного значения\n· Сила в столкновении +1 для атак, что тратят <sprite name=\"RegainedStrength\"><color=#f8c200><u><link=\"RegainedStrength\">Возвращающуюся жажду крови</link></u></color>, а так же они наносят еще 1 силу и счетчик <sprite name=\"Laceration\"><color=#e30000><u><link=\"Laceration\">Кетчупа</link></u></color> с <sprite name=\"Burst\"><color=#e30000><u><link=\"Burst\">Зеленкой</link></u></color>",
      "summary": "",
      "undefined": "-"
    },
    {
      "id": "RegainedStrength_3rd",
      "name": "Возвращающаяся жажда крови III",
      "desc": "Третья стадия <sprite name=\"RegainedStrength_3rd\"><color=#f8c200><u><link=\"RegainedStrength_3rd\">Возвращающейся жажды крови</link></u></color>\nМаксимальное значение: 30\n· В начале хода получает 2 <sprite name=\"AttackUp\"><color=#f8c200><u><link=\"AttackUp\">Повышения уровня атаки</link></u></color> и 1 <sprite name=\"DefenseUp\"><color=#f8c200><u><link=\"DefenseUp\">Повышение уровня защиты</link></u></color> за каждые 5 накопленного значения\n· Сила монет +1 для атак, что тратят <sprite name=\"RegainedStrength\"><color=#f8c200><u><link=\"RegainedStrength\">Возвращающуюся жажду крови</link></u></color>, а так же они наносят еще 1 силу и счетчик <sprite name=\"Laceration\"><color=#e30000><u><link=\"Laceration\">Кетчупа</link></u></color> и <sprite name=\"Burst\"><color=#e30000><u><link=\"Burst\">Зеленки</link></u></color>",
      "summary": "",
      "undefined": "-"
    },
    {
      "id": "WeightOfResponsibility_LowMorale",
      "name": "Пора оставить мечту... (Низкий дух)",
      "desc": "· Получает 2 <sprite name=\"Enhancement\"><color=#f8c200><u><link=\"Enhancement\">Повышения силы атаки</link></u></color> и 1 <sprite name=\"Vulnerable\"><color=#e30000><u><link=\"Vulnerable\">Уязвимость</link></u></color>\n· Максимальная скорость повышается на 2\n· Восстанавливает на 30% больше HP\n· Если к концу хода значение <sprite name=\"RegainedStrength\"><color=#f8c200><u><link=\"RegainedStrength\">Возвращающейся жажды крови</link></u></color> меньше того, что было в начале хода, получает 2 <sprite name=\"AttackUp\"><color=#f8c200><u><link=\"AttackUp\">Повышения уровня атаки</link></u></color> и 2 <sprite name=\"DefenseDown\"><color=#e30000><u><link=\"DefenseDown\">Понижения уровня защиты</link></u></color>",
      "summary": "",
      "undefined": "-"
    },
    {
      "id": "WeightOfResponsibility_Panic",
      "name": "... Ради моей Семьи, как их Отец... (Ахуй)",
      "desc": "· Получает 2 <sprite name=\"Enhancement\"><color=#f8c200><u><link=\"Enhancement\">Повышения силы атаки</link></u></color>, 2 <sprite name=\"Agility\"><color=#f8c200><u><link=\"Agility\">Спешки</link></u></color> и 2 <sprite name=\"Vulnerable\"><color=#e30000><u><link=\"Vulnerable\">Уязвимости</link></u></color>\n· Восстанавливает на 50% больше HP\n· Если к концу хода значение <sprite name=\"RegainedStrength\"><color=#f8c200><u><link=\"RegainedStrength\">Возвращающейся жажды крови</link></u></color> меньше того, что было в начале хода, получает 3 <sprite name=\"AttackUp\"><color=#f8c200><u><link=\"AttackUp\">Повышения уровня атаки</link></u></color> и 5 <sprite name=\"DefenseDown\"><color=#e30000><u><link=\"DefenseDown\">Понижений уровня защиты</link></u></color>",
      "summary": "",
      "undefined": "-"
    },
    {
      "id": "Precarious",
      "name": "Безответственная мечта",
      "desc": "Уничтожается при получении удара от Дон Кихота",
      "summary": "",
      "undefined": "-"
    },
    {
      "id": "Penetration",
      "name": "Сгущающаяся кровь",
      "desc": "Не может действовать 2 хода",
      "summary": "",
      "undefined": "-"
    },
    {
      "id": "DecreamentalDefense",
      "name": "Калечащая рана",
      "desc": "· Все еще не оправился от ран, полученных в предыдущем бою\n· Значительное снижение максимальных HP\n· В начале хода получает 1 <sprite name=\"DefenseDown\"><color=#e30000><u><link=\"DefenseDown\">Понижение уровня защиты</link></u></color> за каждый прошедший ход (До 15)",
      "summary": "",
      "undefined": "-"
    },
    {
      "id": "UnfinishedDream",
      "name": "В КОТОРОМ ПОВЕСТВУЕТСЯ ОБ ОСВОБОЖДЕНИИ ОТ КРОВИ ГУЩЕ ВОДЫ",
      "desc": "· В конце каждого хода получает 1 <sprite name=\"Agility\"><color=#f8c200><u><link=\"Agility\">Спешку</link></u></color> и 3 <sprite name=\"AttackUp\"><color=#f8c200><u><link=\"AttackUp\">Повышения уровня атаки</link></u></color> на следующий ход\n  - Получает 2 дополнительных <sprite name=\"AttackUp\"><color=#f8c200><u><link=\"AttackUp\">Повышения уровня атаки</link></u></color> за каждые 3 прошедших хода (До 6)\n· При победе в столкновении восстанавливает 3 SP\n· При убийстве получает 1 <sprite name=\"ParryingResultUp\"><color=#f8c200><u><link=\"ParryingResultUp\">Повышение силы в столкновении</link></u></color> на следующий ход (Единожды за ход)",
      "summary": "",
      "undefined": "-"
    },
    {
      "id": "SanchoMind_LowMorale",
      "name": "Пробуждающаяся радость кровопролития (Низкий дух)",
      "desc": "В начале каждого хода получает 2 <sprite name=\"ResultEnhancement\"><color=#f8c200><u><link=\"ResultEnhancement\">Повышения силы</link></u></color> и +2 к Эффективности восстановления SP",
      "summary": "",
      "undefined": "-"
    },
    {
      "id": "SanchoMind_Panic",
      "name": "Пробуждающаяся радость кровопролития (Ахуй)",
      "desc": "В начале хода получает 6 <sprite name=\"DefenseUp\"><color=#f8c200><u><link=\"DefenseUp\">Повышений уровня защиты</link></u></color>, а так же 3 <sprite name=\"AttackUp\"><color=#f8c200><u><link=\"AttackUp\">Повышения уровня атаки</link></u></color> на следующий ход",
      "summary": "",
      "undefined": "-"
    },
    {
      "id": "FragmentOfHope",
      "name": "В КОТОРОЙ ОПИСЫВАЮТСЯ АВТОБУС, СПУТНИКИ И ПРИКЛЮЧЕНИЯ",
      "desc": "Сила в столкновении повышается на количествэ этого эффекта",
      "summary": "",
      "undefined": "-"
    },
    {
      "id": "FragmentOfHopeTwo",
      "name": "О ТОМ, КАК САНЧО, НАША ЧЛЕН КИХОТ, ОТКАЗАЛАСЬ ЗАВЕРШИТЬ МЕЧТУ",
      "desc": "· Сила в столкновенит +4 за каждое значение\n· Накладывает щит на себя и всех союзников в начале боевой фазы",
      "summary": "",
      "undefined": "-"
    },
    {
      "id": "ConfinementOfGoldenBranch",
      "name": "Принудительный Арбитраж Золотой Ветви",
      "desc": "· Уровень атаки снижен 30\n· Уровень защиты снижен 30",
      "summary": "",
      "undefined": "-"
    }
  ]
}