﻿{
  "dataList": [
    {
      "id": "FellBulletMark",
      "name": "Стигматизирован",
      "desc": "· Становится целью Проклятого стрелка\n· Исчезает в конце хода",
      "summary": "",
      "undefined": "-"
    },
    {
      "id": "MRR501",
      "name": "Преломление Эффектов",
      "desc": "+1 к наносимым противникам <sprite name=\"Combustion\"><color=#e30000><u><link=\"Combustion\">Изжоге</link></u></color>, <sprite name=\"Laceration\"><color=#e30000><u><link=\"Laceration\">Кетчупу</link></u></color>, <sprite name=\"Vibration\"><color=#e30000><u><link=\"Vibration\">Тряске</link></u></color>, <sprite name=\"Burst\"><color=#e30000><u><link=\"Burst\">Зеленке</link></u></color> и <sprite name=\"Sinking\"><color=#e30000><u><link=\"Sinking\">Депрессии</link></u></color> эффектами навыков или монет",
      "summary": "",
      "undefined": "-"
    },
    {
      "id": "MRR502",
      "name": "Преломление Эффектов",
      "desc": "+1 к получаемому счетчику <sprite name=\"Breath\"><color=#f8c200><u><link=\"Breath\">Кумара</link></u></color> и <sprite name=\"Charge\"><color=#f8c200><u><link=\"Charge\">Солей</link></u></color> от союзников их эффектами навыков или монет",
      "summary": "",
      "undefined": "-"
    },
    {
      "id": "MRR503",
      "name": "Преломление SP",
      "desc": "3 союзника с наименьшей SP восстанавливают 8 SP в конце хода (За исключением паники или коррозии ЭГО)",
      "summary": "",
      "undefined": "-"
    },
    {
      "id": "MRR504",
      "name": "Преломленный кумар",
      "desc": "При раскумаре и более чем 20 <sprite name=\"Breath\"><color=#f8c200><u><link=\"Breath\">Кумара</link></u></color>, тратит до 20 <sprite name=\"Breath\"><color=#f8c200><u><link=\"Breath\">Кумара</link></u></color> свыше этого числа, что бы нанести на (Потраченное <sprite name=\"Breath\"><color=#f8c200><u><link=\"Breath\">Кумар</link></u></color> × 2.5)% больше урона при раскумаре (До 50%)",
      "summary": "",
      "undefined": "-"
    },
    {
      "id": "MRR505",
      "name": "Преломленный Заряд",
      "desc": "· При ударе навыком, который потратил 8+ с счетчика <sprite name=\"Charge\"><color=#f8c200><u><link=\"Charge\">Солей</link></u></color>: сопротивление Зависти цели ослабляется на 0.1 до конца битвы (Единожды за навык на противника; складывается до 0.3)\n· Навыки, которые тратят или получают счетчик <sprite name=\"Charge\"><color=#f8c200><u><link=\"Charge\">Солей</link></u></color>, наносят на (10 + (Полученный или потраченный счетчик × 2))% больше урона (До 50%)",
      "summary": "",
      "undefined": "-"
    },
    {
      "id": "MRR506",
      "name": "Преломленный Изжога",
      "desc": "· Конец хода: наносит урон Гневом всем частям противниклв, равный <sprite name=\"Combustion\"><color=#e30000><u><link=\"Combustion\">Изжоге</link></u></color> на каждой части, понижая их счетчик <sprite name=\"Combustion\"><color=#e30000><u><link=\"Combustion\">Изжоги</link></u></color> на 1, а так же <sprite name=\"VibrationExplosion\"><color=#e30000><u><link=\"VibrationExplosion\">Трясет сучку</link></u></color> и понижает его счетчик на 1 (Активируется только при 2+ на его счетчике)",
      "summary": "",
      "undefined": "-"
    },
    {
      "id": "MRR507",
      "name": "Преломленный Зеленка",
      "desc": "Навыки, которые наносят <sprite name=\"Burst\"><color=#e30000><u><link=\"Burst\">Зеленка</link></u></color> или повышают его счетчик, получают +2 к Итоговой силе",
      "summary": "",
      "undefined": "-"
    },
    {
      "id": "MRR508",
      "name": "Преломленное Депрессии",
      "desc": "На (Сила <sprite name=\"Sinking\"><color=#e30000><u><link=\"Sinking\">Депрессии</link></u></color> на цели)% больше урона целям с менее чем 0 SP или без SP (До 45%)",
      "summary": "",
      "undefined": "-"
    },
    {
      "id": "MRR509",
      "name": "Прицельная уязвимость",
      "desc": "На 30% больше урона по сломанным или оглушенным частям",
      "summary": "",
      "undefined": "-"
    },
    {
      "id": "MRR510",
      "name": "Небулайзер",
      "desc": "· Начало первого хода волны: все союзники получают 5 <sprite name=\"Breath\"><color=#f8c200><u><link=\"Breath\">Кумара</link></u></color> и его счетчик повышается на 5\n· Если был активирован резонанс Гордыни, все союзники получают 3 <sprite name=\"Breath\"><color=#f8c200><u><link=\"Breath\">Кумара</link></u></color> и его счетчик повышается на 3 в начале боевой фазы",
      "summary": "",
      "undefined": "-"
    },
    {
      "id": "MRR511",
      "name": "Одинокий стрелок",
      "desc": "· Повышает максимальную и минимальную скорость #1 Выбранной айдишки на 1\n· Эта айдишка теряет первый навык и получает третий взамен",
      "summary": "",
      "undefined": "-"
    },
    {
      "id": "MRR512",
      "name": "Непоколебимый боевой дух",
      "desc": "Начиная с #7 Выбранной айдишки: в начале того же хода, в котором она вошла на поле боя, восстанавливает 30 SP, дает 1 <sprite name=\"ResultEnhancement\"><color=#f8c200><u><link=\"ResultEnhancement\">Повышение силы</link></u></color> на всю оставшуюся битву, а так же 2 ЭГО ресурса за каждый грех ее базовых атакующих навыков",
      "summary": "",
      "undefined": "-"
    },
    {
      "id": "MRR513",
      "name": "Пожинание ресурсов",
      "desc": "После использования атаки или контратаки, если противник убит, дает 2 ЭГО ресурса греха использованного навыка (Единожды за навык, ЭГО навыки тоже учитываются)",
      "summary": "",
      "undefined": "-"
    },
    {
      "id": "MRR514",
      "name": "Преломление",
      "desc": "· Когда запасные противники входят на поле боя, наносит им 5 <sprite name=\"Laceration\"><color=#e30000><u><link=\"Laceration\">Кетчупа</link></u></color> и повышает его счетчик на 3 в начале боевой фазы\n· Если среди союзников имеется <Кровожад>, то при соблюдении вышеописанных условий активирует <sprite name=\"Laceration\"><color=#e30000><u><link=\"Laceration\">Кетчуп</link></u></color> на всех противниках и понижает его счетчик на 1",
      "summary": "",
      "undefined": "-"
    },
    {
      "id": "MRR515",
      "name": "Упорная защита",
      "desc": "Все союзники получают на 50% меньше урона",
      "summary": "",
      "undefined": "-"
    },
    {
      "id": "MRR516",
      "name": "Жизнь или смерть",
      "desc": "Все союзники наносят на 30% больше урона",
      "summary": "",
      "undefined": "-"
    },
    {
      "id": "MRR517",
      "name": "Гневный счетчик",
      "desc": "При получении урона дает 2 <sprite name=\"AttackUp\"><color=#f8c200><u><link=\"AttackUp\">Повышения уровня атаки</link></u></color> на следующий ход (До 6)",
      "summary": "",
      "undefined": "-"
    },
    {
      "id": "MRR518",
      "name": "Кулон ностальгии",
      "desc": "Начало боевой фазы: 3 первые выбранные айдишки получают 10 <sprite name=\"Breath\"><color=#f8c200><u><link=\"Breath\">Кумара</link></u></color>",
      "summary": "",
      "undefined": "-"
    },
    {
      "id": "MRR519",
      "name": "Преломление",
      "desc": "· Навыки, которые тратят <sprite name=\"Bullet\"><color=#9f6a3a><u><link=\"Bullet\">Тампоны</link></u></color>: +2 к Силе в столкновении, на (60 / количество монет)% больше урона\n· Если <sprite name=\"Bullet\"><color=#9f6a3a><u><link=\"Bullet\">Тампоны</link></u></color> кончились, дает 2 <sprite name=\"Bullet\"><color=#9f6a3a><u><link=\"Bullet\">Тампона</link></u></color> в начале следующего хода (Единожды за битву на айдишка)\n· Меняет сопротивление Унынию финального босса секции на x1.5",
      "summary": "",
      "undefined": "-"
    },
    {
      "id": "MRR520",
      "name": "Поток роковой пули",
      "desc": "Когда союзник умирает, наносит фиксированный урон всем частям противников, равный 50% максимальных HP этого союзника",
      "summary": "",
      "undefined": "-"
    },
    {
      "id": "MRR521",
      "name": "Манипуляция HP",
      "desc": "· +25% к максимальным HP всех союзников\n· Убирает первую границу выносливости",
      "summary": "",
      "undefined": "-"
    },
    {
      "id": "MRR522",
      "name": "Рисковое соревнование",
      "desc": "Все навыки союзников получают +1 к Итоговой силе",
      "summary": "",
      "undefined": "-"
    },
    {
      "id": "MRR523",
      "name": "Кровавый банкет",
      "desc": "· При ударе, если противник потерял HP, восстанавливает HP, равные 10% от нанесенного урона\n· Счетчик <sprite name=\"Laceration\"><color=#e30000><u><link=\"Laceration\">Кетчупа</link></u></color> всех союзников повышается на 3 в конце хода",
      "summary": "",
      "undefined": "-"
    },
    {
      "id": "MRR524",
      "name": "Фестиваль крови",
      "desc": "Каждый союзник наносит на 1% больше урона за каждые 10 <sprite name=\"BloodDinner\"><color=#9f6a3a><u><link=\"BloodDinner\">Борща</link></u></color>, которое он поглотили (До 30%)",
      "summary": "",
      "undefined": "-"
    },
    {
      "id": "MRR526",
      "name": "Преломление рубящих атак",
      "desc": "· Рубящие атаки получают +1 к Силе положительных монет и -1 к Силе отрицательных\n· Меняет сопротивление к Рубящему урону финального босса секции на x1.5",
      "summary": "",
      "undefined": "-"
    },
    {
      "id": "MRR527",
      "name": "Преломление пронзающих атак",
      "desc": "· Пронзающие атаки получают +1 к Силе положительных монет и -1 к Силе отрицательных\n· Меняет сопротивление к Пронзающему урону финального босса секции на x1.5",
      "summary": "",
      "undefined": "-"
    },
    {
      "id": "MRR528",
      "name": "Преломление дробящих атак",
      "desc": "· Дробящие атаки получают +1 к Силе положительных монет и -1 к Силе отрицательных\n· Меняет сопротивление к Дробящему урону финального босса секции на x1.5",
      "summary": "",
      "undefined": "-"
    },
    {
      "id": "MRR529",
      "name": "Растущее преломление I",
      "desc": "Уровень противников +1",
      "summary": "",
      "undefined": "-"
    },
    {
      "id": "MRR530",
      "name": "Растущее преломление II",
      "desc": "Уровень противников +2",
      "summary": "",
      "undefined": "-"
    },
    {
      "id": "MRR531",
      "name": "Преломление",
      "desc": "Когда запасные противники входят в бой, они получают 2 <sprite name=\"ParryingResultUp\"><color=#f8c200><u><link=\"ParryingResultUp\">Повышения силы в столкновении</link></u></color> в начале хода появления на поле боя",
      "summary": "",
      "undefined": "-"
    },
    {
      "id": "MRR532",
      "name": "Испарение ресурсов",
      "desc": "После использования ЭГО навыков (Кроме коррозии), тратит 1 ЭГО ресурс двух типов грехов с более чем 1 количеством; В первую очередь потребляется от грехов с наибольшим количеством ресурсов",
      "summary": "",
      "undefined": "-"
    },
    {
      "id": "MRR533",
      "name": "Цветущая кровь",
      "desc": "+1 к наносимым противниками <sprite name=\"Laceration\"><color=#e30000><u><link=\"Laceration\">Кетчупу</link></u></color> или его счетчику от эффектов навыков или монет целям, которые уже имеют его",
      "summary": "",
      "undefined": "-"
    },
    {
      "id": "MRR534",
      "name": "Упорная защита",
      "desc": "Все противники получают на 20% меньше урона",
      "summary": "",
      "undefined": "-"
    },
    {
      "id": "MRR535",
      "name": "Жизнь или смерть",
      "desc": "Максимальные HP всех союзников снижаются на 50%",
      "summary": "",
      "undefined": "-"
    },
    {
      "id": "MRR536",
      "name": "Преломленная ярость",
      "desc": "При получении урона от навыков, противники получают <sprite name=\"AttackUp\"><color=#f8c200><u><link=\"AttackUp\">Повышение уровня атаки</link></u></color> или <sprite name=\"DefenseUp\"><color=#f8c200><u><link=\"DefenseUp\">Повышение уровня защиты</link></u></color> на следующий ход (4 раза на противника)",
      "summary": "",
      "undefined": "-"
    },
    {
      "id": "MRR537",
      "name": "Преломление HP II",
      "desc": "Максимальные HP противников повышаются на 20%",
      "summary": "",
      "undefined": "-"
    },
    {
      "id": "MRR538",
      "name": "Рисковое соревнование",
      "desc": "Итоговая сила навыков противников +1",
      "summary": "",
      "undefined": "-"
    },
    {
      "id": "MRR539",
      "name": "Кровавый банкет",
      "desc": "Противники восстанавливают на 20% больше HP от эффектов навыков и монет",
      "summary": "",
      "undefined": "-"
    },
    {
      "id": "MRR540",
      "name": "Преломление",
      "desc": "Навыки противников, которые поглощают <sprite name=\"BloodDinner\"><color=#9f6a3a><u><link=\"BloodDinner\">Борщ</link></u></color>, получают +1 к Итоговой силе и наносят на 10% больше урона",
      "summary": "",
      "undefined": "-"
    },
    {
      "id": "MRR541",
      "name": "Преломление",
      "desc": "Когда все враги в основном нацеливаются на союзника с наименьшей силой <sprite name=\"Laceration\"><color=#e30000><u><link=\"Laceration\">Кетчупа</link></u></color>, +1 к Итоговой силе их навыков при атаке",
      "summary": "",
      "undefined": "-"
    },
    {
      "id": "MRR542",
      "name": "Преломление HP",
      "desc": "Максимальное HP противников повышаются на 10%",
      "summary": "",
      "undefined": "-"
    },
    {
      "id": "MRR543",
      "name": "Прочная решимость",
      "desc": "При смерти, дает ЭГО ресурс за каждый свой навык",
      "summary": "",
      "undefined": "-"
    },
    {
      "id": "FellBulletGroggy",
      "name": "Отмеченная цель",
      "desc": "Не может быть снято\n· Если значение падает до 0 к концу хода, оглушается на следующем ходу\n· При использовании навыка 「Прицельный изжога」, если цель не <sprite name=\"FellBulletMark\"><color=#e30000><u><link=\"FellBulletMark\">Стигматизирована</link></u></color>, значение понижается на 1\n· Если навык 「Прицельный изжога」 проигрывает в столкновении, значение понижается на 1\n· Если союзник, на которого был нацелен навык 「Прицельный изжога」 перед его использованием, оказался убит, значение понижается на 1",
      "summary": "",
      "undefined": "-"
    },
    {
      "id": "MRR544",
      "name": "Силовая рулетка",
      "desc": "Начало хода: Все навыки союзников получают +1~3 к Итоговой силе",
      "summary": "",
      "undefined": "-"
    },
    {
      "id": "MRR545",
      "name": "Стеклянная пушка",
      "desc": "Все союзники наносят на 20% больше урона",
      "summary": "",
      "undefined": "-"
    },
    {
      "id": "MRR546",
      "name": "Рискованность",
      "desc": "· Все союзники наносят на 10% больше урона\n· Меняет сопротивление к Рубящему, Пронзающему и Дробящему урону финального босса секции на x1.3",
      "summary": "",
      "undefined": "-"
    },
    {
      "id": "MRR547",
      "name": "Силовая рулетка",
      "desc": "Начало хода: все навыки противников получают +1~3 к Итоговой силе",
      "summary": "",
      "undefined": "-"
    },
    {
      "id": "MRR548",
      "name": "Рисковое соревнование",
      "desc": "Итоговая сила навыков противников +2",
      "summary": "",
      "undefined": "-"
    },
    {
      "id": "MRR549",
      "name": "Жизнь или смерть",
      "desc": "Максимальные HP всех союзников снижаются на 25%",
      "summary": "",
      "undefined": "-"
    },
    {
      "id": "MRR550",
      "name": "Высокий риск",
      "desc": "Сила положительных монет противников +1",
      "summary": "",
      "undefined": "-"
    },
    {
      "id": "MRR551",
      "name": "Преломленное Кетчуп",
      "desc": "Начало хода: наносит 5 <sprite name=\"Laceration\"><color=#e30000><u><link=\"Laceration\">Кетчупа</link></u></color> и повышает его счетчик на 3 противникам с максимальными HP (Единожды на часть за битву)",
      "summary": "",
      "undefined": "-"
    },
    {
      "id": "MRR552",
      "name": "Преломленное детерминирование",
      "desc": "Когда противник умирает, другой противник с наименьшими текущими HP получает 2 <sprite name=\"ParryingResultUp\"><color=#f8c200><u><link=\"ParryingResultUp\">Повышения силы в столкновении</link></u></color> на следующий ход",
      "summary": "",
      "undefined": "-"
    },
    {
      "id": "MRR5BaseP",
      "name": "Активные Усиления",
      "desc": "",
      "summary": "",
      "undefined": "-"
    },
    {
      "id": "MRR5BaseN",
      "name": "Активные Испытания",
      "desc": "",
      "summary": "",
      "undefined": "-"
    },
    {
      "id": "MRR553",
      "name": "Единственный вздох",
      "desc": "ЭГО навыки наносят на 30% больше урона",
      "summary": "",
      "undefined": "-"
    },
    {
      "id": "MRR554",
      "name": "Жизнь или смерть",
      "desc": "Все союзники наносят на 15% больше урона",
      "summary": "",
      "undefined": "-"
    },
    {
      "id": "MRR555",
      "name": "Преломление силы в столкновении",
      "desc": "Все навыки противников получают +1 к Силе в столкновении",
      "summary": "",
      "undefined": "-"
    },
    {
      "id": "MRR556",
      "name": "Стеклянная пушка",
      "desc": "Все союзники получают на 30% больше урона",
      "summary": "",
      "undefined": "-"
    },
    {
      "id": "MRR557",
      "name": "Преломленный кумар",
      "desc": "На (10 + (<sprite name=\"Breath\"><color=#f8c200><u><link=\"Breath\">Кумар</link></u></color> + его счетчик))% больше урона при раскумаре (До 50%)",
      "summary": "",
      "undefined": "-"
    },
    {
      "id": "MRR558",
      "name": "Преломленный Гнев",
      "desc": "· Навыки с грехом Гнева наносят на 30% больше урона\n· Меняет сопротивление Гневу финального босса секции на x1.25",
      "summary": "",
      "undefined": "-"
    },
    {
      "id": "MRR559",
      "name": "Преломленная Похоть",
      "desc": "· Навыки с грехом Похоти наносят на 30% больше урона\n· Меняет сопротивление Похоти финального босса секции на x1.25",
      "summary": "",
      "undefined": "-"
    },
    {
      "id": "MRR560",
      "name": "Преломленная Леность",
      "desc": "· Навыки с грехом Лености наносят на 30% больше урона\n· Меняет сопротивление Лености финального босса секции на x1.25",
      "summary": "",
      "undefined": "-"
    },
    {
      "id": "MRR561",
      "name": "Преломленное Чревоугодие",
      "desc": "· Навыки с грехом Чревоугодия наносят на 30% больше урона\n· Меняет сопротивление Чревоугодию финального босса секции на x1.25",
      "summary": "",
      "undefined": "-"
    },
    {
      "id": "MRR562",
      "name": "Преломленное Уныние",
      "desc": "· Навыки с грехом Уныния наносят на 30% больше урона\n· Меняет сопротивление Унынию финального босса секции на x1.25",
      "summary": "",
      "undefined": "-"
    },
    {
      "id": "MRR563",
      "name": "Преломленная Гордыня",
      "desc": "· Навыки с грехом Гордыни наносят на 30% больше урона\n· Меняет сопротивление Гордыне финального босса секции на x1.25",
      "summary": "",
      "undefined": "-"
    },
    {
      "id": "MRR564",
      "name": "Преломленная Зависть",
      "desc": "· Навыки с грехом Зависти наносят на 30% больше урона\n· Меняет сопротивление Зависти финального босса секции на x1.25",
      "summary": "",
      "undefined": "-"
    },
    {
      "id": "MRR565",
      "name": "Удобство",
      "desc": "· Повышает максимальную и минимальную скорости на 2 всем союзникам\n· Максимальные HP свех союзников повышаются на 25%",
      "summary": "",
      "undefined": "-"
    },
    {
      "id": "MRR566",
      "name": "Преломление противников",
      "desc": "· Сила противников в столкновении +1\n· Противники наносят на 10% больше урона",
      "summary": "",
      "undefined": "-"
    },
    {
      "id": "MRR567",
      "name": "Высокий риск",
      "desc": "Сила положительных монет противников +2",
      "summary": "",
      "undefined": "-"
    },
    {
      "id": "MRR568",
      "name": "Преломление защиты",
      "desc": "Уровень защиты противников +3",
      "summary": "",
      "undefined": "-"
    },
    {
      "id": "MRR569",
      "name": "Преломление урона",
      "desc": "Противники наносят на 10% больше урона",
      "summary": "",
      "undefined": "-"
    }
  ]
}