﻿{
  "dataList": [
    {
      "id": "AaCeSeBa",
      "name": "ХО! ХО! ХО!",
      "desc": "· В конце хода счетчик <sprite name=\"Breath\"><color=#f8c200><u><link=\"Breath\">Кумара</link></u></color> повышается на 1/5 своего <sprite name=\"Breath\"><color=#f8c200><u><link=\"Breath\">Кумара</link></u></color>\n· Исчезает, если свой <sprite name=\"Charge\"><color=#f8c200><u><link=\"Charge\">Соль</link></u></color> кончается",
      "summary": "",
      "undefined": "-"
    },
    {
      "id": "AaCeSeBb",
      "name": "Упакую тебя",
      "desc": "· Получает 3 <sprite name=\"Breath\"><color=#f8c200><u><link=\"Breath\">Кумара</link></u></color> каждый ход\n· В конце хода восстанавливает 3 СД за каждую атаку, которая нанесла урон",
      "summary": "",
      "undefined": "-"
    }
  ]
}