﻿{
  "dataList": [
    {
      "id": "1",
      "content": "[Омск - это Вольтск деленный на Амперск], - размышлял Штирлиц."
    },
    {
      "id": "2",
      "content": "Идет медведь по лесу. Видит: машина горит. Хотел сесть, а там шушунчики клюкалом в бипки играют."
    },
    {
      "id": "3",
      "content": "Купил мужик на озоне шляпу с широкими полями пришел домой и о*уел - поля-то футбольные."
    },
    {
      "id": "4",
      "content": "Работникам монетного двора выдали зарплату продукцией"
    },
    {
      "id": "5",
      "content": "Два года колонии, по ст. 280 УК РФ, Получил сантехник ЖЭКа Петров, за выкрики на улице: [Все прогнило, всю систему нужно менять]."
    },
    {
      "id": "6",
      "content": "В подъезде не было молодых девушек, поэтому бабушки на лавочке называли проституткой дворника."
    },
    {
      "id": "7",
      "content": "В Сибири ежегодно замерзает до 70 эксгибиционистов."
    }
  ]
}