﻿{
  "dataList": [
    {
      "id": "MD511",
      "name": "Повышение уровня атаки I",
      "desc": "Уровень атаки +1"
    },
    {
      "id": "MD512",
      "name": "Повышение уровня защиты",
      "desc": "Уровень защиты +2"
    },
    {
      "id": "MD513",
      "name": "Стойкость I",
      "desc": "Уровень защиты +1, Макс. ОЗ +2.5%"
    },
    {
      "id": "MD514",
      "name": "Рост I",
      "desc": "Макс. ОЗ +5%"
    },
    {
      "id": "MD515",
      "name": "Усиление Защитных навыков",
      "desc": "Итоговая сила навыков защиты +1"
    },
    {
      "id": "MD516",
      "name": "Снижение получаемого урона",
      "desc": "Получаемый урон -5%"
    },
    {
      "id": "MD521",
      "name": "Повышение уровня атаки II",
      "desc": "Уровень атаки +2"
    },
    {
      "id": "MD522",
      "name": "Усиление тела I",
      "desc": "Уровень атаки +1, Уровень защиты +1, Макс. ОЗ +2.5%"
    },
    {
      "id": "MD523",
      "name": "Проницательность I",
      "desc": "Уровень атаки +1, Макс. ОЗ +5%"
    },
    {
      "id": "MD524",
      "name": "Стойкость II",
      "desc": "Уровень защиты +1, Макс. ОЗ +7.5%"
    },
    {
      "id": "MD525",
      "name": "Стойкость III",
      "desc": "Уровень защиты +2, Макс. ОЗ +5%"
    },
    {
      "id": "MD526",
      "name": "Рост II",
      "desc": "Макс. ОЗ +10%"
    },
    {
      "id": "MD527",
      "name": "Упрямство I",
      "desc": "Получаемый урон -7.5%, Наносимый урон +7.5%"
    },
    {
      "id": "MD531",
      "name": "Проницательность II",
      "desc": "Уровень атаки +2, Макс. ОЗ +7.5%"
    },
    {
      "id": "MD532",
      "name": "Проницательность III",
      "desc": "Уровень атаки +3, Макс. ОЗ +5%"
    },
    {
      "id": "MD533",
      "name": "Стойкость IV",
      "desc": "Уровень защиты +3, Макс. ОЗ +7.5%"
    },
    {
      "id": "MD534",
      "name": "Стойкость V",
      "desc": "Уровень защиты +4, Макс. ОЗ +5%"
    },
    {
      "id": "MD535",
      "name": "Рост III",
      "desc": "Макс. ОЗ +15%"
    },
    {
      "id": "MD536",
      "name": "Повышение силы в столкновении",
      "desc": "Сила в столкновении +1, Макс. ОЗ +7.5%"
    },
    {
      "id": "MD537",
      "name": "Повышение итоговой силы",
      "desc": "Итоговая сила +1, Макс. ОЗ +5%"
    },
    {
      "id": "MD538",
      "name": "Повышение базовой силы",
      "desc": "Базовая сила +1, Макс. ОЗ +2.5"
    },
    {
      "id": "MD541",
      "name": "Проницательность IV",
      "desc": "Уровень атаки +3, Макс. ОЗ +15%"
    },
    {
      "id": "MD542",
      "name": "Усиление тела II",
      "desc": "Уровень атаки +2, Уровень защиты +3, Макс. ОЗ +10%"
    },
    {
      "id": "MD543",
      "name": "Усиление тела III",
      "desc": "Уровень атаки +3, Уровень защиты +2, Макс. ОЗ +10%"
    },
    {
      "id": "MD544",
      "name": "Рост IV",
      "desc": "Макс. ОЗ +30%"
    },
    {
      "id": "MD545",
      "name": "Всплеск силы в столкновении",
      "desc": "Сила в столкновении +1, Макс. ОЗ +15%"
    },
    {
      "id": "MD546",
      "name": "Всплеск итоговой силы",
      "desc": "Итоговая сила +1, Макс. ОЗ +12.5%"
    },
    {
      "id": "MD547",
      "name": "Всплеск базовой силы",
      "desc": "Базовая сила +1, Макс. ОЗ +10%"
    },
    {
      "id": "MD548",
      "name": "Жестокость",
      "desc": "Сила положительных монет +1, Сила отрицательных монет -1"
    },
    {
      "id": "MD549",
      "name": "Упрямство II",
      "desc": "Получаемый урон -25%, Наносимый урон +25%"
    },
    {
      "id": "MD5Base",
      "name": "Растущие испытания",
      "desc": ""
    },
    {
      "id": "MD551",
      "name": "Проницательность V",
      "desc": "Уровень атаки +4, Макс. ОЗ +10%, Наносимый урон +5%"
    },
    {
      "id": "MD552",
      "name": "Усиление тела IV",
      "desc": "Уровень атаки +3, Уровень защиты +3, Макс. ОЗ +7.5%, Наносимый урон +5%"
    },
    {
      "id": "MD553",
      "name": "Усиление тела V",
      "desc": "Уровень атаки +4, Уровень защиты +2, Макс. ОЗ +5%, Наносимый урон +5%"
    },
    {
      "id": "MD554",
      "name": "Рост V",
      "desc": "Уровень атаки +1, Макс. ОЗ +25%, Наносимый урон +5%"
    },
    {
      "id": "MD555",
      "name": "Повышение силы в столкновении II",
      "desc": "Сила в столкновении +1, Уровень атаки +1, Макс. ОЗ +10%, Наносимый урон +5%"
    },
    {
      "id": "MD556",
      "name": "Повышение итоговой силы II",
      "desc": "Итоговая сила +1, Уровень атаки +1, Макс. ОЗ +7.5%, Наносимый урон +5%"
    },
    {
      "id": "MD557",
      "name": "Повышение базовой силы II",
      "desc": "Базовая сила +1, Уровень атаки +1, Макс. ОЗ +5%, Наносимый урон +5%"
    },
    {
      "id": "MD558",
      "name": "Жестокость II",
      "desc": "Сила положительных монет +1, Сила отрицательных монет -1, Наносимый урон +5%"
    },
    {
      "id": "MD561",
      "name": "Проницательность VI",
      "desc": "Уровень атаки +5, Макс. ОЗ +10%, Наносимый урон +5%"
    },
    {
      "id": "MD562",
      "name": "Стойкость VI",
      "desc": "Уровень атаки +2, Уровень защиты +6, Макс. ОЗ +10%, Наносимый урон +5%"
    },
    {
      "id": "MD563",
      "name": "Усиление тела VI",
      "desc": "Уровень атаки +5, Уровень защиты +2, Макс. ОЗ +5%, Наносимый урон +5%"
    },
    {
      "id": "MD564",
      "name": "Рост VI",
      "desc": "Уровень атаки +2, Макс. ОЗ +25%, Наносимый урон +5%"
    },
    {
      "id": "MD565",
      "name": "Повышение силы в столкновении III",
      "desc": "Сила в столкновении +1, Уровень атаки +2, Макс. ОЗ +10%, Наносимый урон +5%"
    },
    {
      "id": "MD566",
      "name": "Повышение итоговой силы III",
      "desc": "Итоговая сила +1, Уровень атаки +2, Макс. ОЗ +7.5%, Наносимый урон +5%"
    },
    {
      "id": "MD567",
      "name": "Повышение базовой силы III",
      "desc": "Базовая сила +1, Уровень атаки +2, Макс. ОЗ +5%, Наносимый урон +5%"
    },
    {
      "id": "MD568",
      "name": "Жестокость III",
      "desc": "Сила положительных монет +1, Сила отрицательных монет -1, Наносимый урон +5%"
    },
    {
      "id": "MD571",
      "name": "Проницательность VII",
      "desc": "Уровень атаки +5, Макс. ОЗ +20%, Наносимый урон +7.5%"
    },
    {
      "id": "MD572",
      "name": "Стойкость VII",
      "desc": "Уровень атаки +2, Уровень защиты +6, Макс. ОЗ +20%, Наносимый урон +7.5%"
    },
    {
      "id": "MD573",
      "name": "Усиление тела VII",
      "desc": "Уровень атаки +5, Уровень защиты +2, Макс. ОЗ +15%, Наносимый урон +7.5%"
    },
    {
      "id": "MD574",
      "name": "Рост VII",
      "desc": "Уровень атаки +2, Макс. ОЗ +35%, Наносимый урон +7.5%"
    },
    {
      "id": "MD575",
      "name": "Повышение силы в столкновении IV",
      "desc": "Сила в столкновении +1, Уровень атаки +2, Макс. ОЗ +20%, Наносимый урон +7.5%"
    },
    {
      "id": "MD576",
      "name": "Повышение итоговой силы IV",
      "desc": "Итоговая сила +1, Уровень атаки +2, Макс. ОЗ +17.5%, Наносимый урон +7.5%"
    },
    {
      "id": "MD577",
      "name": "Повышение базовой силы IV",
      "desc": "Базовая сила +1, Уровень атаки +2, Макс. ОЗ +15%, Наносимый урон +7.5%"
    },
    {
      "id": "MD578",
      "name": "Жестокость IV",
      "desc": "Сила положительных монет +1, Сила отрицательных монет -1, Наносимый урон +7.5%"
    },
    {
      "id": "MD581",
      "name": "Проницательность VIII",
      "desc": "Уровень атаки +6, Макс. ОЗ +30%, Наносимый урон +7.5%"
    },
    {
      "id": "MD582",
      "name": "Стойкость VIII",
      "desc": "Уровень атаки +3, Уровень защиты +6, Макс. ОЗ +30%, Наносимый урон +7.5%"
    },
    {
      "id": "MD583",
      "name": "Усиление тела VIII",
      "desc": "Уровень атаки +5, Уровень защиты +4, Макс. ОЗ +22.5%, Наносимый урон +7.5%"
    },
    {
      "id": "MD584",
      "name": "Рост VIII",
      "desc": "Уровень атаки +3, Макс. ОЗ +45%, Наносимый урон +7.5%"
    },
    {
      "id": "MD585",
      "name": "Повышение силы в столкновении V",
      "desc": "Сила в столкновении +2, Уровень атаки +1, Макс. ОЗ +25%, Наносимый урон +7.5%"
    },
    {
      "id": "MD586",
      "name": "Повышение итоговой силы V",
      "desc": "Итоговая сила +2, Уровень атаки +1, Макс. ОЗ +20%, Наносимый урон +7.5%"
    },
    {
      "id": "MD587",
      "name": "Повышение базовой силы V",
      "desc": "Базовая сила +2, Уровень атаки +1, Макс. ОЗ +15%, Наносимый урон +7.5%"
    },
    {
      "id": "MD588",
      "name": "Жестокость V",
      "desc": "Сила положительных монет +2, Сила отрицательных монет -2, Наносимый урон +7.5%"
    },
    {
      "id": "MD591",
      "name": "Проницательность IX",
      "desc": "Уровень атаки +8, Макс. ОЗ +40%, Наносимый урон +10%"
    },
    {
      "id": "MD592",
      "name": "Стойкость IX",
      "desc": "Уровень атаки +3, Уровень защиты +9, Макс. ОЗ +40%, Наносимый урон +10%"
    },
    {
      "id": "MD593",
      "name": "Усиление тела IX",
      "desc": "Уровень атаки +6, Уровень защиты +5, Макс. ОЗ +32.5%, Наносимый урон +10%"
    },
    {
      "id": "MD594",
      "name": "Рост IX",
      "desc": "Уровень атаки +3, Макс. ОЗ +72.5%, Наносимый урон +10%"
    },
    {
      "id": "MD595",
      "name": "Повышение силы в столкновении VI",
      "desc": "Сила в столкновении +2, Уровень атаки +2, Макс. ОЗ +40%, Наносимый урон +10%"
    },
    {
      "id": "MD596",
      "name": "Повышение итоговой силы VI",
      "desc": "Итоговая сила +2, Уровень атаки +2, Макс. ОЗ +35%, Наносимый урон +10%"
    },
    {
      "id": "MD597",
      "name": "Повышение базовой силы VI",
      "desc": "Базовая сила +2, Уровень атаки +2, Макс. ОЗ +30%, Наносимый урон +10%"
    },
    {
      "id": "MD598",
      "name": "Жестокость VI",
      "desc": "Сила положительных монет +2, Сила отрицательных монет -2, Наносимый урон +10%"
    }
  ]
}