{
  "dataList": [
    {
      "id": "TheDrifter_LowMorale",
      "name": "Подао (Низкий дух)",
      "desc": "· Получает на 10% больше урона от односторонних атак\n· Наносит на 30% больше урона контратаками",
      "summary": "",
      "undefined": "-"
    },
    {
      "id": "TheDrifter_Panic",
      "name": "Подао Ахуй",
      "desc": "· Получает на 20% больше урона от односторонних атак\n· Наносит на 50% больше урона контратаками",
      "summary": "",
      "undefined": "-"
    },
    {
      "id": "SipOfAlcohol",
      "name": "Глоток алкоголя",
      "desc": "Максимальное значение: 5\n· Восстанавливает 3% ОЗ в конце хода (Ядру и Части), если значение достигает 3\n· Получает 3 <sprite name=\"Enhancement\"><color=#f8c200><u><link=\"Enhancement\">Повышения силы атаки</link></u></color> и 2 <sprite name=\"Vulnerable\"><color=#e30000><u><link=\"Vulnerable\">Уязвимости</link></u></color> на следующий ход, если значение достигает 5",
      "summary": "",
      "undefined": "-"
    }
  ]
}