{
  "dataList": [
    {
      "id": "ExaminationOfQiu",
      "name": "Проблеск предвкушения",
      "desc": "<i>Он не выкладывается на полную.</i>\n· Теряет 35 базовых Уровней атаки и защиты\n· Наносит на 30% больше урона односторонними атаками",
      "summary": ""
    },
    {
      "id": "BurstStop",
      "name": "Смертный ритуал 【Сдерживание】",
      "desc": "Базовое значение: 4\n· При активации эффекта <sprite name=\"Burst\"><color=#e30000><u><link=\"Burst\">Зеленки</link></u></color> и наличии 3 и более <sprite name=\"Binding\"><color=#e30000><u><link=\"Binding\">Поноса</link></u></color> значение понижается на 1\n· При понижении значения поднимает границу выносливости на 10\n· Когда эффект истекает, поднимает границу выносливости на силу <sprite name=\"Burst\"><color=#e30000><u><link=\"Burst\">Зеленки</link></u></color>\n※ Значение эффекта не может увеличиться, пока он активен",
      "summary": ""
    },
    {
      "id": "BurstSuppress",
      "name": "Смертный ритуал 【Угасание】",
      "desc": "Базовое значение: 10\n· При понижении значений других Смертных ритуалов значение этого понижается на 1 (До 4 за ход)\n· Когда эффект истекает, наносит 6 <sprite name=\"AttackDown\"><color=#e30000><u><link=\"AttackDown\">Понижений уровня атаки</link></u></color>\n※ Значение эффекта не может увеличиться, пока он активен",
      "summary": ""
    },
    {
      "id": "BurstWave",
      "name": "Смертный ритуал 【Слабение】",
      "desc": "Базовое значение: 10\n· Когда наложивший этот Смертный ритуал активирует эффект <sprite name=\"Burst\"><color=#e30000><u><link=\"Burst\">Зеленки</link></u></color>, значение этого Смертного ритуала и одного другого понижается на 1\n※ Значение эффекта не может увеличиться, пока он активен",
      "summary": ""
    },
    {
      "id": "Teaching",
      "name": "Диалоги",
      "desc": "Максимальное значение: 3\n· Восстанавливает 5 SP в конце хода\n· При получении смертельного урона восстанавливается до максимальных HP (Только если число восстановлений не равняется текущему значению эффекта; до 3 раз в итоге)\n\n<color=#c8e7d9>Число восстановлений: {0}</color>",
      "summary": ""
    },
    {
      "id": "BurstWeakness",
      "name": "Смертный ритуал 【Подавление】",
      "desc": "Базовое значение: 5\n· Если своя скорость ниже скорости атакующего на 5 и более, при активации эффекта <sprite name=\"Burst\"><color=#e30000><u><link=\"Burst\">Зеленки</link></u></color> значение понижается на 1\n· При понижении значения наносит 1 <sprite name=\"DefenseDown\"><color=#e30000><u><link=\"DefenseDown\">Понижение уровня защиты</link></u></color> на следующий ход (Единожды за ход)\n· Когда эффект исчезает, наносит 3 <sprite name=\"DefenseDown\"><color=#e30000><u><link=\"DefenseDown\">Понижения уровня защиты</link></u></color> и 1 <sprite name=\"Binding\"><color=#e30000><u><link=\"Binding\">Понос</link></u></color> на следующий ход\n※ Значение эффекта не может увеличиться, пока он активен",
      "summary": ""
    },
    {
      "id": "Qiu_LowMorale",
      "name": "Цзя Цю (Низкий дух)",
      "desc": "Наносит на 10% больше урона всем кроме Хон Лу",
      "summary": ""
    },
    {
      "id": "Qiu_Panic",
      "name": "Цзя Цю Ахуй",
      "desc": "Наносит на 20% больше урона всем кроме Хон Лу",
      "summary": ""
    },
    {
      "id": "QiuAndHonglu",
      "name": "Мое настоящее сердце...",
      "desc": "· Навыки Хон Лу получают +1 к Итоговой силе\n· При победе в столкновении 1 союзник с наименьшей SP (Включая самого Хон Лу) восстанавливает 5 SP\n· При смерти союзника все остальные получают 1 <sprite name=\"AttackUp\"><color=#f8c200><u><link=\"AttackUp\">Повышение уровня атаки</link></u></color> на следующий ход (Единожды за ход)",
      "summary": ""
    },
    {
      "id": "ProtectStance",
      "name": "Защитная позиция",
      "desc": "Максимальное значение: 2\n· Понижается на 1 в конце хода\n· При повышении значения этого эффекта также получает 2 <sprite name=\"Protection\"><color=#f8c200><u><link=\"Protection\">Защищенности</link></u></color> на следующий ход и повышает <sprite name=\"Aggro\"><color=#9f6a3a><u><link=\"Aggro\">Провокацию</link></u></color> всех слотов на 5",
      "summary": ""
    },
    {
      "id": "ZiluDebuff",
      "name": "Подавленная жажда крови",
      "desc": "· Базовый Уровень атаки снижен на 20\n· Базовый Уровень защиты снижен на 20",
      "summary": ""
    },
    {
      "id": "WitheredWood_LowMorale",
      "name": "Мутация древа",
      "desc": "Получает 1 <sprite name=\"AttackDmgUp\"><color=#f8c200><u><link=\"AttackDmgUp\">Повышение урона</link></u></color>, 1 <sprite name=\"Vulnerable\"><color=#e30000><u><link=\"Vulnerable\">Уязвимость</link></u></color> и 1 <sprite name=\"BurstVulnerable\"><color=#e30000><u><link=\"BurstVulnerable\">Уязвимость к Зеленке</link></u></color>",
      "summary": "",
      "undefined": "-"
    },
    {
      "id": "WitheredWood_Panic",
      "name": "Мутация древа",
      "desc": "Получает 2 <sprite name=\"AttackDmgUp\"><color=#f8c200><u><link=\"AttackDmgUp\">Повышения урона</link></u></color>, 2 <sprite name=\"Vulnerable\"><color=#e30000><u><link=\"Vulnerable\">Уязвимости</link></u></color> и 2 <sprite name=\"BurstVulnerable\"><color=#e30000><u><link=\"BurstVulnerable\">Уязвимости к Зеленке</link></u></color>",
      "summary": "",
      "undefined": "-"
    },
    {
      "id": "EvilHeart_LowMorale",
      "name": "Сердце зла (Низкий дух)",
      "desc": "· Сила в столкновении +2 против целей с <sprite name=\"OminousTalisman\"><color=#e30000><u><link=\"OminousTalisman\">Предзнаменующими талисманами</link></u></color>\n· Получает 2 <sprite name=\"AttackDmgUp\"><color=#f8c200><u><link=\"AttackDmgUp\">Повышения урона</link></u></color> и 1 <sprite name=\"Vulnerable\"><color=#e30000><u><link=\"Vulnerable\">Уязвимость</link></u></color> в начале хода",
      "summary": "",
      "undefined": "-"
    },
    {
      "id": "EvilHeart_Panic",
      "name": "Сердце зла Ахуй",
      "desc": "· Сила в столкновении +3 против целей с <sprite name=\"OminousTalisman\"><color=#e30000><u><link=\"OminousTalisman\">Предзнаменующими талисманами</link></u></color>\n· Получает 3 <sprite name=\"AttackDmgUp\"><color=#f8c200><u><link=\"AttackDmgUp\">Повышения урона</link></u></color> и 2 <sprite name=\"Vulnerable\"><color=#e30000><u><link=\"Vulnerable\">Уязвимости</link></u></color> в начале хода",
      "summary": "",
      "undefined": "-"
    },
    {
      "id": "DeepEvilHeart_LowMorale",
      "name": "Сердце гнетущего зла (Низкий дух)",
      "desc": "· Сила в столкновении +2 против целей с <sprite name=\"OminousTalisman\"><color=#e30000><u><link=\"OminousTalisman\">Предзнаменующими талисманами</link></u></color>\n· Получает 3 <sprite name=\"AttackDmgUp\"><color=#f8c200><u><link=\"AttackDmgUp\">Повышения урона</link></u></color> и 1 <sprite name=\"Vulnerable\"><color=#e30000><u><link=\"Vulnerable\">Уязвимость</link></u></color> в начале хода",
      "summary": "",
      "undefined": "-"
    },
    {
      "id": "DeepEvilHeart_Panic",
      "name": "Сердце гнетущего зла Ахуй",
      "desc": "· Сила в столкновении +3 против целей с <sprite name=\"OminousTalisman\"><color=#e30000><u><link=\"OminousTalisman\">Предзнаменующими талисманами</link></u></color>\n· Получает 4 <sprite name=\"AttackDmgUp\"><color=#f8c200><u><link=\"AttackDmgUp\">Повышения урона</link></u></color> и 2 <sprite name=\"Vulnerable\"><color=#e30000><u><link=\"Vulnerable\">Уязвимость</link></u></color> в начале хода",
      "summary": "",
      "undefined": "-"
    },
    {
      "id": "OminousTalisman",
      "name": "Предзнаменующий талисман",
      "desc": "Максимальное значение: 10\n· Когда эффект исчезает, наносит урон Чревоугодием и в количестве силы <sprite name=\"Burst\"><color=#e30000><u><link=\"Burst\">Зеленки</link></u></color> и столько же урона по SP (До 20 урона по SP)\n· При понижении значения наносит <sprite name=\"Burst\"><color=#e30000><u><link=\"Burst\">Зеленки</link></u></color> в количестве потерянных при понижении значения <sprite name=\"OminousTalisman\"><color=#e30000><u><link=\"OminousTalisman\">Предзнаменующих талисманов</link></u></color>, а счетчик <sprite name=\"Burst\"><color=#e30000><u><link=\"Burst\">Зеленки</link></u></color> повышается на половину этого (Округляется вниз)\n※ Значение эффекта не может увеличиться, пока он активен",
      "summary": "",
      "undefined": "-"
    },
    {
      "id": "RepressedMurderousIntendTwo",
      "name": "Скрытая жажда крови",
      "desc": "· Базовый Уровень атаки снижен на 5\n· Базовый Уровень защиты снижен на 5",
      "summary": "",
      "undefined": "-"
    },
    {
      "id": "UncontrolledChargeAxe_LowMorale",
      "name": "Схема встречной подзарядки (Низкий дух)",
      "desc": "Повышает свой счетчик <sprite name=\"Charge\"><color=#f8c200><u><link=\"Charge\">Заряда</link></u></color> на 3 и получает 1 <sprite name=\"Vulnerable\"><color=#e30000><u><link=\"Vulnerable\">Уязвимость</link></u></color>, когда сталкивается с противниками, имеющими <sprite name=\"Burst\"><color=#e30000><u><link=\"Burst\">Зеленка</link></u></color> (До 2 раз за ход)",
      "summary": "",
      "undefined": "-"
    },
    {
      "id": "UncontrolledChargeAxe_Panic",
      "name": "Схема встречной подзарядки Ахуй",
      "desc": "Повышает свой счетчик <sprite name=\"Charge\"><color=#f8c200><u><link=\"Charge\">Заряда</link></u></color> на 5 и получает 2 <sprite name=\"Vulnerable\"><color=#e30000><u><link=\"Vulnerable\">Уязвимости</link></u></color> с 1 <sprite name=\"AttackDmgUp\"><color=#f8c200><u><link=\"AttackDmgUp\">Повышением урона</link></u></color>, когда сталкивается с противниками, имеющими <sprite name=\"Burst\"><color=#e30000><u><link=\"Burst\">Зеленка</link></u></color> (До 2 раз за ход)",
      "summary": "",
      "undefined": "-"
    },
    {
      "id": "MadFeather",
      "name": "Глазные пятна",
      "desc": "Максимальное значение: 10\n· Конец хода: счетчик <sprite name=\"Burst\"><color=#e30000><u><link=\"Burst\">Зеленки</link></u></color> и <sprite name=\"Laceration\"><color=#e30000><u><link=\"Laceration\">Кетчупа</link></u></color> повышается на половину значения эффекта (Округляется вниз), а само значение понижается на 1",
      "summary": "",
      "undefined": "-"
    },
    {
      "id": "MadFeather_LowMorale",
      "name": "Обоюдоострое перо (Низкий дух)",
      "desc": "· Получает 1 <sprite name=\"Vulnerable\"><color=#e30000><u><link=\"Vulnerable\">Уязвимость</link></u></color> и 1 <sprite name=\"TakeHpHealIncrease\"><color=#f8c200><u><link=\"TakeHpHealIncrease\">Повышение восстановления HP</link></u></color> в начале хода\n· Наносит 1 <sprite name=\"Burst\"><color=#e30000><u><link=\"Burst\">Зеленка</link></u></color> и 1 <sprite name=\"Laceration\"><color=#e30000><u><link=\"Laceration\">Кетчуп</link></u></color> при ударе",
      "summary": "",
      "undefined": "-"
    },
    {
      "id": "MadFeather_Panic",
      "name": "Обоюдоострое перо Ахуй",
      "desc": "· Получает 2 <sprite name=\"Vulnerable\"><color=#e30000><u><link=\"Vulnerable\">Уязвимости</link></u></color> и 2 <sprite name=\"TakeHpHealIncrease\"><color=#f8c200><u><link=\"TakeHpHealIncrease\">Повышения восстановления HP</link></u></color> в начале хода\n· Наносит 1 <sprite name=\"Burst\"><color=#e30000><u><link=\"Burst\">Зеленка</link></u></color> и 1 <sprite name=\"Laceration\"><color=#e30000><u><link=\"Laceration\">Кетчуп</link></u></color> при ударе",
      "summary": "",
      "undefined": "-"
    },
    {
      "id": "JarMaster_LowMorale",
      "name": "Таратор приказами (Низкий дух)",
      "desc": "В начале хода получает 1 <sprite name=\"Vulnerable\"><color=#e30000><u><link=\"Vulnerable\">Уязвимость</link></u></color> и дает всем союзникам 1 <sprite name=\"AttackDmgUp\"><color=#f8c200><u><link=\"AttackDmgUp\">Повышение урона</link></u></color>",
      "summary": "",
      "undefined": "-"
    },
    {
      "id": "JarMaster_Panic",
      "name": "Таратор приказами Ахуй",
      "desc": "В начале хода получает 2 <sprite name=\"Vulnerable\"><color=#e30000><u><link=\"Vulnerable\">Уязвимости</link></u></color> и дает всем союзникам 2 <sprite name=\"AttackDmgUp\"><color=#f8c200><u><link=\"AttackDmgUp\">Повышения урона</link></u></color>",
      "summary": "",
      "undefined": "-"
    },
    {
      "id": "DeepAngry_LowMorale",
      "name": "Страх (Низкий дух)",
      "desc": "· Сила в столкновении +2 против целей с <sprite name=\"OminousTalisman\"><color=#e30000><u><link=\"OminousTalisman\">Предзнаменующими талисманами</link></u></color>\n· Получает 2 <sprite name=\"AttackDmgUp\"><color=#f8c200><u><link=\"AttackDmgUp\">Повышения урона</link></u></color> и 1 <sprite name=\"Vulnerable\"><color=#e30000><u><link=\"Vulnerable\">Уязвимость</link></u></color> в начале хода",
      "summary": "",
      "undefined": "-"
    },
    {
      "id": "DeepAngry_Panic",
      "name": "Страх Ахуй",
      "desc": "· Сила в столкновении +3 против целей с <sprite name=\"OminousTalisman\"><color=#e30000><u><link=\"OminousTalisman\">Предзнаменующими талисманами</link></u></color>\n· Получает 3 <sprite name=\"AttackDmgUp\"><color=#f8c200><u><link=\"AttackDmgUp\">Повышения урона</link></u></color> и 2 <sprite name=\"Vulnerable\"><color=#e30000><u><link=\"Vulnerable\">Уязвимости</link></u></color> в начале хода",
      "summary": "",
      "undefined": "-"
    },
    {
      "id": "TakeBreath_LowMorale",
      "name": "Перехватывающее дыхание (Низкий дух)",
      "desc": "В начале хода теряет 2 <sprite name=\"Breath\"><color=#f8c200><u><link=\"Breath\">Дыхания</link></u></color> и получает 2 <sprite name=\"DefenseDown\"><color=#e30000><u><link=\"DefenseDown\">Понижения уровня защиты</link></u></color>",
      "summary": "",
      "undefined": "-"
    },
    {
      "id": "TakeBreath_Panic",
      "name": "Перехватывающее дыхание Ахуй",
      "desc": "В начале хода теряет 5 <sprite name=\"Breath\"><color=#f8c200><u><link=\"Breath\">Дыхания</link></u></color> и получает 5 <sprite name=\"DefenseDown\"><color=#e30000><u><link=\"DefenseDown\">Понижений уровня защиты</link></u></color>",
      "summary": "",
      "undefined": "-"
    }
  ]
}