﻿{
  "dataList": [
    {
      "id": "danteAbility_UIPopup_Title",
      "content": "Выбери скилл саженца света"
    },
    {
      "id": "danteAbility_UIPopup_Remain",
      "content": "Оставшиеся активации виндоус"
    },
    {
      "id": "dnateAbiltiy_Unlock_GoldenBranch_Resonance",
      "content": "Резонанс золотого косяка"
    },
    {
      "id": "tutorial_battle_danteAbility_title",
      "content": "Способность саженца света"
    },
    {
      "id": "tutorial_battle_danteAbility_01_desc_01",
      "content": "Выбери скилл сверху справа."
    },
    {
      "id": "tutorial_battle_danteAbility_02_desc_01",
      "content": "Выбери абилку для использования."
    },
    {
      "id": "tutorial_battle_danteAbility_03_desc_01",
      "content": "Нажми кнопку употребления способности саженца света, чтобы использовать.\nСаженец света может быть использован до тех пор, пока у тебя есть использования.\nОставшиеся использования сбрасываются каждый день."
    },
    {
      "id": "ui_activated",
      "content": "Вкинуться"
    },
    {
      "id": "IsUnavailableDanteAbility_TitleText",
      "content": "Нельзя вкинуться."
    },
    {
      "id": "IsUnavailableDanteAbility_DescText_IsActivatedAbility",
      "content": "Ты сегодня уже вкидывался этой хуевиной."
    },
    {
      "id": "IsUnavailableDanteAbility_DescText_RemainingCountIsZero",
      "content": "На сегодня все дозы закончились."
    }
  ]
}