﻿{
  "dataList": [
    {
      "id": 90101,
      "desc": "- Направление всех скиллов будет сброшено.\n- Эффекты, активированные во время этого хода не будут обновлены.",
      "rawDesc": "Уменьшает скорость всех врагов в 2 раза."
    },
    {
      "id": 80101,
      "desc": "- Убирает любые ЭГО в слотах скиллов, а также направление всех скиллов будет сброшено.",
      "rawDesc": "Позволяет использовать одно ЭГО, не потребляя ЭГО ресурсы."
    },
    {
      "id": 70101,
      "desc": "- На 3 хода, устанавливает уровни атаки и защиты врагов на среднии уровни в вашем отряде.",
      "rawDesc": "На 3 хода, устанавливает уровни атаки и защиты врагов на среднии уровни в вашем отряде."
    }
  ]
}