﻿{
  "dataList": [
    {
      "id": "dungeon_1_2_0101",
      "content": "Хранилище"
    },
    {
      "id": "dungeon_1_2_0102",
      "content": "Вход в шахту"
    },
    {
      "id": "dungeon_1_2_0103",
      "content": "Первая шахта"
    },
    {
      "id": "dungeon_1_2_0104",
      "content": "Вторая шахта"
    },
    {
      "id": "dungeon_1_2_0105",
      "content": "Третья шахта"
    },
    {
      "id": "dungeon_1_2_0106",
      "content": "Четвертая шахта"
    },
    {
      "id": "dungeon_1_2_0107",
      "content": "Станция со взрывчаткой"
    },
    {
      "id": "dungeon_1_2_0108",
      "content": "Клетки с грехами"
    },
    {
      "id": "dungeon_1_2_0109",
      "content": "Убежище"
    },
    {
      "id": "dungeon_1_2_0110",
      "content": "Путь к подземной фабрике"
    },
    {
      "id": "dungeon_1_2_0201",
      "content": "Вход на фабрику"
    },
    {
      "id": "dungeon_1_2_0202",
      "content": "Линия №1"
    },
    {
      "id": "dungeon_1_2_0203",
      "content": "Линия №2"
    },
    {
      "id": "dungeon_1_2_0204",
      "content": "Линия №3"
    },
    {
      "id": "dungeon_1_2_0205",
      "content": "Цех для\nлитья"
    },
    {
      "id": "dungeon_1_2_0206",
      "content": "Цех для\nлитья"
    },
    {
      "id": "dungeon_1_2_0207",
      "content": "Цех для\nсборки"
    },
    {
      "id": "dungeon_1_2_0208",
      "content": "Цех для покраски"
    },
    {
      "id": "dungeon_1_2_0209",
      "content": "Мастерская\nоснащения"
    },
    {
      "id": "dungeon_1_2_0210",
      "content": "Экстренная\nэлектростанция"
    },
    {
      "id": "dungeon_1_2_0211",
      "content": "Помещения для\nпроверки безопасности"
    },
    {
      "id": "dungeon_1_2_0212",
      "content": "Форсированная база"
    },
    {
      "id": "dungeon_1_2_0213",
      "content": "Цех окончательной\nобработки"
    },
    {
      "id": "dungeon_1_2_0214",
      "content": "Полигон для\nутилизации отходов"
    },
    {
      "id": "dungeon_1_2_0215",
      "content": "Комната наблюдения"
    },
    {
      "id": "dungeon_1_2_0301",
      "content": "Заснеженный перекресток"
    },
    {
      "id": "dungeon_1_2_0302",
      "content": "Замерзшие руины"
    },
    {
      "id": "dungeon_1_2_0303",
      "content": "Разрушенный поселок"
    },
    {
      "id": "dungeon_1_2_0304",
      "content": "Вьюга"
    },
    {
      "id": "dungeon_1_2_0305",
      "content": "Захороненное укрытие"
    },
    {
      "id": "dungeon_1_2_0306",
      "content": "Подъемный мост"
    },
    {
      "id": "dungeon_1_2_0307",
      "content": "Дворец, где\nпокоятся земляки"
    }
  ]
}