{
  "dataList": [
    {
      "id": "dungeon_1_8_0101",
      "content": "Лаборатория на уровне земли - Вход 1"
    },
    {
      "id": "dungeon_1_8_0102",
      "content": "Комната подготовки"
    },
    {
      "id": "dungeon_1_8_0103",
      "content": "Карантинный кабинет"
    },
    {
      "id": "dungeon_1_8_0104",
      "content": "Лаборатория на уровне земли - Вход 2"
    },
    {
      "id": "dungeon_1_8_0105",
      "content": "Утилизация отходов"
    },
    {
      "id": "dungeon_1_8_0106",
      "content": "Лаборатория 4"
    },
    {
      "id": "dungeon_1_8_0107",
      "content": "Исследовательское крыло"
    },
    {
      "id": "dungeon_1_8_0108",
      "content": "Камера казней"
    },
    {
      "id": "dungeon_1_8_0109",
      "content": "Зона экспериментов"
    },
    {
      "id": "dungeon_1_8_0110",
      "content": "Лаборатория 1"
    },
    {
      "id": "dungeon_1_8_0111",
      "content": "Закрытая лаборатория"
    },
    {
      "id": "dungeon_1_8_0112",
      "content": "Лаборатория 2"
    }
  ]
}