﻿{
  "dataList": [
    {
      "id": 10701,
      "stageList": [
        {
          "id": 10702,
          "debugNodeId ": "DN-10702",
          "title": "Заимствованное имя"
        },
        {
          "id": 10703,
          "debugNodeId ": "DN-10703",
          "title": "Жалкий провал"
        },
        {
          "id": 10704,
          "debugNodeId ": "DN-10704",
          "title": "Жалкий провал"
        },
        {
          "id": 10705,
          "debugNodeId ": "DN-10705",
          "title": "Жалкий провал"
        },
        {
          "id": 10706,
          "debugNodeId ": "DN-10706",
          "title": "Жалкий провал"
        },
        {
          "id": 10707,
          "debugNodeId ": "DN-10707",
          "title": "Жалкий провал"
        },
        {
          "id": 10708,
          "debugNodeId ": "DN-10708",
          "title": "В разбитых мечтах"
        },
        {
          "id": 10709,
          "debugNodeId ": "DN-10709",
          "title": "Великое приключение"
        },
        {
          "id": 10710,
          "debugNodeId ": "DN-10710",
          "title": "Великое приключение"
        },
        {
          "id": 10711,
          "debugNodeId ": "DN-10711",
          "title": "Великое приключение"
        },
        {
          "id": 10712,
          "debugNodeId ": "DN-10712",
          "title": "Великое приключение"
        },
        {
          "id": 10713,
          "debugNodeId ": "DN-10713",
          "title": "Интерлюдия"
        },
        {
          "id": 10714,
          "debugNodeId ": "DN-10714",
          "title": "Тюрьма для тех, кто не смог отказаться от своего желания"
        },
        {
          "id": 10715,
          "debugNodeId ": "DN-10715",
          "title": "Тюрьма для тех, кто не смог отказаться от своего желания"
        },
        {
          "id": 10716,
          "debugNodeId ": "DN-10716",
          "title": "Тюрьма для тех, кто не смог отказаться от своего желания"
        },
        {
          "id": 10717,
          "debugNodeId ": "DN-10717",
          "title": "Интерлюдия"
        },
        {
          "id": 10718,
          "debugNodeId ": "DN-10718",
          "title": "200 лет после Ухода"
        },
        {
          "id": 10719,
          "debugNodeId ": "DN-10719",
          "title": "200 лет после Ухода"
        },
        {
          "id": 10720,
          "debugNodeId ": "DN-10720",
          "title": "200 лет после Ухода"
        },
        {
          "id": 10721,
          "debugNodeId ": "DN-10721",
          "title": "Интерлюдия"
        },
        {
          "id": 10722,
          "debugNodeId ": "DN-10722",
          "title": "Судьба страждущих"
        },
        {
          "id": 10723,
          "debugNodeId ": "DN-10723",
          "title": "Конец мечтаний"
        },
        {
          "id": 10724,
          "debugNodeId ": "DN-10724",
          "title": "Карусель"
        },
        {
          "id": 10725,
          "debugNodeId ": "DN-10725",
          "title": "Нескончаемая мечта"
        },
        {
          "id": 10726,
          "debugNodeId ": "DN-10726",
          "title": "Ла-Манчалэнд, Мечтатель"
        }
      ]
    }
  ]
}