{
  "dataList": [
    {
      "id": "ADDITIONAL_START_COST",
      "description": "Стартовая <color=#5bffde>Стоимость</color> +{0}"
    },
    {
      "id": "ADDITIONAL_FLOOR_THEME_SLOT",
      "description": "<color=#5bffde>Тем этажей</color> на выбор +{0}"
    },
    {
      "id": "ADDITIONAL_SHOP_EGO_GIFT_SLOT",
      "description": "<color=#5bffde>Продаваемых ЭГО Даров</color> +{0}"
    },
    {
      "id": "FREE_SHOP_REFRESH_EGO_GIFT_ONCE",
      "description": "Попыток бесплатных <color=#5bffde>Обновлений каталога</color> в магазинах +{0}"
    },
    {
      "id": "ADDITIONAL_START_COST_TEXT_HIGHLIGHT",
      "description": "Стартовая <color=#5bffde>Стоимость</color> <color=#f8c200>+{0}</color>"
    },
    {
      "id": "FREE_SHOP_REFRESH_EGO_GIFT_ONCE_TEXT_HIGHLIGHT",
      "description": "Попыток бесплатных <color=#5bffde>Обновлений каталога</color> в магазинах <color=#f8c200>+{0}</color>"
    },
    {
      "id": "ADDITIONAL_COST_RATE_ON_CLEAR_FLOOR",
      "description": "Увеличивает <color=#5bffde>Имеющуюся Стоимость</color> на {0}% при переходе на следующий этаж (До {1})"
    },
    {
      "id": "ADDITIONAL_SHOP_SELL_EGO_GIFT_COST_RATE_ONCE",
      "description": "Увеличивает стоимость продажи <color=#5bffde>ЭГО Даров</color> на {0}% (Единожды за магазин)"
    },
    {
      "id": "ADDITIONAL_COST_RATE_ON_CLEAR_FLOOR_TEXT_HIGHLIGHT",
      "description": "Увеличивает <color=#5bffde>Имеющуюся Стоимость</color> на <color=#f8c200>{0}%</color> при переходе на следующий этаж (До <color=#f8c200>{1}</color>)"
    },
    {
      "id": "ADDITIONAL_SHOP_SELL_EGO_GIFT_COST_RATE_ONCE_TEXT_HIGHLIGHT",
      "description": "Увеличивает стоимость продажи <color=#5bffde>ЭГО Даров</color> на <color=#f8c200>{0}%</color> (Единожды за магазин)"
    },
    {
      "id": "ADDITIONAL_FLOOR_THEME_REFRESH",
      "description": "Попыток <color=#5bffde>Обновления тем этажей</color> +{0}"
    },
    {
      "id": "ADDITIONAL_PERSONALITY_LEVEL_ON_SELECT_NEW_FLOOR_THEME",
      "description": "Все <color=#5bffde>Идентичности</color> получают +{0} к своему <color=#5bffde>Уровню</color> после выбора новой темы этажа в первый раз (До 9)"
    },
    {
      "id": "ADDITIONAL_FLOOR_THEME_REFRESH_TEXT_HIGHLIGHT",
      "description": "Попыток <color=#5bffde>Обновления тем этажей</color> <color=#f8c200>+{0}</color>"
    },
    {
      "id": "GiveBuffOnRSOnNewFloorTheme",
      "description": "<color=#f8c200>После выбора новой темы этажа в первый раз (На {4} этаже или ниже) дает '{1}' × {2} всем союзникам в битвах</color>"
    },
    {
      "id": "ADDITIONAL_START_EGO_GIFT_SELECT",
      "description": "Стартовых <color=#5bffde>ЭГО Даров</color> на выбор +{0}"
    },
    {
      "id": "ACQUIRE_COST_AFTER_SELECT_STARLIGHT_BATTLE_REWARD",
      "description": "<color=#f8c200>Стоимость +{0} при выборе Звездного блеска в качестве награды</color>"
    },
    {
      "id": "ADDITIONAL_COST_AFTER_WIN_BATTLE",
      "description": "<color=#5bffde>Стоимость</color> за победу в битве +{0}%"
    },
    {
      "id": "ADDITIONAL_SHOP_HIGH_TIER_EGO_GIFT_CHANCE",
      "description": "<color=#5bffde>Увеличивает шанс появления редких ЭГО Даров</color> в магазинах"
    },
    {
      "id": "ADDITIONAL_COST_AFTER_WIN_BATTLE_TEXT_HIGHLIGHT",
      "description": "<color=#5bffde>Стоимость</color> за победу в битве <color=#f8c200>+{0}%</color>"
    },
    {
      "id": "ACQUIRE_COST_BY_EGOGIFT_TIER_TOTAL_ON_ENTER_SHOP",
      "description": "<color=#f8c200>При входе в магазин складывает ранги всех имеющихся ЭГО Даров и дает такое же количество Стоимости  (До {1})</color>"
    },
    {
      "id": "FREE_SHOP_KEYWORD_REFRESH_EGO_GIFT_ONCE",
      "description": "Попыток бесплатных <color=#5bffde>Ключевых обновлений каталога</color> в магазинах +{0}"
    },
    {
      "id": "ACQUIRE_1_TIER_RANDOM_EGO_GIFT_ON_ENTER_1ST_FLOOR",
      "description": "При входе на первый этаж дает {0} <color=#5bffde>случайный ЭГО Дар 1 ранга</color>"
    },
    {
      "id": "FREE_SHOP_KEYWORD_REFRESH_EGO_GIFT_ONCE_TEXT_HIGHLIGHT",
      "description": "Попыток бесплатных <color=#5bffde>Ключевых обновлений каталога</color> в магазинах <color=#f8c200>+{0}</color>"
    },
    {
      "id": "ACQUIRE_1_TIER_RANDOM_EGO_GIFT_ON_ENTER_1ST_FLOOR_TEXT_HIGHLIGHT",
      "description": "При входе на первый этаж дает <color=#f8c200>{0}</color> случайных <color=#5bffde>ЭГО Дара 1 ранга</color>"
    },
    {
      "id": "ADDITIONAL_ENHANCED_SHOP_APPEARANCE_PROB",
      "description": "<color=#f8c200>Шанс появления Супер-магазина +{0}%</color>"
    },
    {
      "id": "ADDITIONAL_PERSONALITY_LEVEL_ON_ENTER_1ST_FLOOR",
      "description": "При входе на первый этаж все <color=#5bffde>Идентичности</color> получают +{0} к своему <color=#5bffde>Уровню</color>"
    },
    {
      "id": "ADDITIONAL_PERSONALITY_LEVEL_ON_CLEAR_FLOOR",
      "description": "После зачистки этажа все <color=#5bffde>Идентичности</color> получают +{0} к своему <color=#5bffde>Уровню</color> (До {1})"
    },
    {
      "id": "ADDITIONAL_PERSONALITY_LEVEL_ON_CLEAR_FLOOR_TEXT_HIGHLIGHT",
      "description": "После зачистки этажа все <color=#5bffde>Идентичности</color> получают +{0} к своему <color=#5bffde>Уровню</color> (До <color=#f8c200>{1}</color>)"
    },
    {
      "id": "ADDITIONAL_PERSONALITY_LEVEL_ON_ENTER_6TH_FLOOR",
      "description": "<color=#f8c200>После зачистки 6 этажа все <color=#5bffde>Идентичности</color> получают +{0} к своему Уровню</color>"
    },
    {
      "id": "MaxSpeedUpAdder",
      "description": "<color=#5bffde>Максимальная скорость</color> +{0}"
    },
    {
      "id": "GiveBuffOnRoundStart",
      "description": "Дает '<color=#5bffde>{1}</color>' × {2}"
    },
    {
      "id": "MaxSpeedUpAdder_TEXT_HIGHLIGHT",
      "description": "<color=#5bffde>Максимальная скорость</color> <color=#f8c200>+{0}</color>"
    },
    {
      "id": "GiveBuffOnRoundStart_TEXT_HIGHLIGHT",
      "description": "Дает '<color=#5bffde>{1}</color>' × <color=#f8c200>{2}</color>"
    },
    {
      "id": "ACQUIRE_3_TIER_RANDOM_MATERIAL_EGO_GIFT_ON_ENTER_SHOP",
      "description": "При входе в магазин дает {0} <color=#5bffde>случайный ЭГО Дар для слияния и продажи</color> 3 ранга или ниже"
    },
    {
      "id": "ACQUIRE_3_TIER_RANDOM_EGO_GIFT_ON_ENTER_3RD_FLOOR",
      "description": "При входе на 3 этаж дает {0} <color=#5bffde>случайный ЭГО Дар</color> 3 ранга"
    },
    {
      "id": "ACQUIRE_LOWER_TIER_RANDOM_EGO_GIFT_ON_COMBINE",
      "description": "При слиянии ЭГО Даров <color=#5bffde>дает еще один случайный ЭГО Дар</color> на 2 ранга ниже результата (Только если результат имеет 3 ранг или выше; единожды за магазин)"
    },
    {
      "id": "ACQUIRE_3_TIER_RANDOM_MATERIAL_EGO_GIFT_ON_ENTER_SHOP_2",
      "description": "При входе в магазин дает 1 <color=#5bffde>случайный ЭГО Дар для слияния и продажи</color>\n<color=#f8c200> · Этаж 5 или ниже : 1~3 Ранг ЭГО Дара\n · Этаж 6 или выше : 2~3 Ранг ЭГО Дара</color>"
    },
    {
      "id": "ACQUIRE_3_TIER_RANDOM_MATERIAL_EGO_GIFT_ON_ENTER_SHOP_3",
      "description": "При входе в магазин дает 1 <color=#5bffde>случайный ЭГО Дар для слияния и продажи</color>\n<color=#f8c200>· Этаж 5 или ниже : 2~3 Ранг ЭГО Дара\n· Этаж 6 или выше : 3~4 Ранг ЭГО Дара</color>"
    },
    {
      "id": "ACQUIRE_3_TIER_RANDOM_EGO_GIFT_ON_ENTER_3F_5F",
      "description": "При входе на 3 <color=#f8c200>и 5 этажи</color> дает 1 <color=#5bffde>случайный ЭГО Дар</color> 3 ранга выбранной при входе в подземелье категории"
    },
    {
      "id": "ACQUIRE_4_TIER_RANDOM_EGO_GIFT_ON_ENTER_3F_5F_7F",
      "description": "При входе на 3, 5 <color=#f8c200>и 7 этажи</color> дает {0} случайных <color=#5bffde>ЭГО Дара</color> 4 ранга выбранной при входе в подземелье категории"
    },
    {
      "id": "ACQUIRE_LOWER_TIER_RANDOM_EGO_GIFT_ON_COMBINE_1",
      "description": "При слиянии ЭГО Даров <color=#5bffde>дает еще один случайный ЭГО Дар</color> <color=#f8c200>на 1 ранг ниже</color> результата (Только если результат имеет 3 ранг или выше; единожды за магазин)"
    },
    {
      "id": "ACQUIRE_3_TIER_RANDOM_KEYWORD_EGO_GIFT_ON_ENTER_1ST_FLOOR",
      "description": "При входе в подземелье дает {0} ЭГО Дар(-а) 3 ранга выбранной при входе категории (Если нет подходящих ЭГО Даров, то ранг будет ниже)"
    },
    {
      "id": "ACQUIRE_3_TIER_RANDOM_KEYWORD_EGO_GIFT_ON_ENTER_1ST_FLOOR_TEXT_HIGHLIGHT",
      "description": "При входе в подземелье дает <color=#f8c200>{0}</color> <color=#5bffde>ЭГО Дар(-а)</color> 3 ранга выбранной при входе категории (Если нет подходящих ЭГО Даров, то ранг будет ниже)"
    }
  ]
}