﻿{
  "dataList": [
    {
      "id": 10501,
      "stageList": [
        {
          "id": 10502,
          "debugNodeId ": "DN-10502",
          "title": "Длинная река",
          "desc": "Первое, что я заметил, проснувшись, было неприятное ощущение этого места. Я попытался вспомнить, каков был план Измаил. Это место..."
        },
        {
          "id": 10503,
          "debugNodeID ": "DN-10503",
          "title": "Длинная река 2",
          "desc": "Мы добровольно вошли в пасть Бледного Кита в поисках Золотой Ветви. К счастью, все двенадцать Грешников спустились сюда, не заблудившись... Но где же наша лодка?"
        },
        {
          "id": 10504,
          "debugNodeID ": "DN-10504",
          "title": "Длинная река 3",
          "desc": "Мы добровольно вошли в пасть Бледного Кита в поисках Золотой Ветви. К счастью, все двенадцать Грешников спустились сюда, не заблудившись... Но где же наша лодка?"
        },
        {
          "id": 10505,
          "debugNodeID ": "DN-10505",
          "title": "Внутренности кита",
          "desc": "Желудочный сок Кита начал падать дождем — у нас не было выбора, кроме как бежать изо всех сил. Именно тогда мы внезапно услышали голоса, обращающиеся к нам. Русалки?"
        },
        {
          "id": 10506,
          "debugNodeID ": "DN-10506",
          "title": "Внутренности кита 2",
          "desc": "Желудочный сок Кита начал падать дождем — у нас не было выбора, кроме как бежать изо всех сил. Именно тогда мы внезапно услышали голоса, обращающиеся к нам. Русалки?"
        },
        {
          "id": 10507,
          "debugNodeID ": "DN-10507",
          "title": "Пекод Таун",
          "desc": "Их тела были частично обесцвечены, но это были не Русалки. Эти таинственные незнакомцы начали вести нас куда-то. Только Измаил остановился, чтобы с любопытством посмотреть на одного из них."
        },
        {
          "id": 10508,
          "debugNodeID ": "DN-10508",
          "title": "Пекод Таун 2",
          "desc": "Незнакомцы привели нас в деревню под названием 'Пекод Таун'. Там Измаил встречает кого-то, кого она так сильно хотела увидеть снова."
        },
        {
          "id": 10509,
          "debugNodeID ": "DN-10509",
          "title": "Пекод Таун 3",
          "desc": "Незнакомцы привели нас в деревню под названием 'Пекод Таун'. Там Измаил встречает кого-то, кого она так сильно хотела увидеть снова."
        },
        {
          "id": 10510,
          "debugNodeID ": "DN-10510",
          "title": "Каюта Капитана",
          "desc": "Мы встретили экипаж Пекода — старую команду Измаил— и Капитана Ахав. С уверенной улыбкой Ахав пригласила нас в свой кабинет для разговора."
        },
        {
          "id": 10511,
          "debugNodeID ": "DN-10511",
          "title": "Каюта Капитана 2",
          "desc": "Казалось, Капитан Ахав видела нас насквозь. Среди Грешников росли разногласия, и соглашение становилось все более недостижимым."
        },
        {
          "id": 10512,
          "debugNodeID ": "DN-10512",
          "title": "Каюта Капитана 3",
          "desc": "Ахав делает Измаилу предложение, от которого она не могла отказаться. Может быть... я надеялся, что Измаил не примет это предложение. Когда у меня даже не было лучшей альтернативы."
        },
        {
          "id": 10513,
          "debugNodeID ": "DN-10513",
          "title": "Каюта Капитана 4",
          "desc": "Ахав делает Измаилу предложение, от которого она не могла отказаться. Может быть... я надеялся, что Измаил не примет это предложение. Когда у меня даже не было лучшей альтернативы."
        },
        {
          "id": 10515,
          "debugNodeID ": "DN-10515",
          "title": "Квикег",
          "desc": "Ахав пройдет через поджелудочную железу Кита со своей командой, а мы пройдем через правое предсердие. Когда мы выполним наши миссии, мы встретимся перед сердцем и продолжим оттуда. Квикег присоединился к нам в качестве нашего рулевого."
        },
        {
          "id": 10516,
          "debugNodeID ": "DN-10516",
          "title": "Квикег 2",
          "desc": "Ахав пройдет через поджелудочную железу Кита со своей командой, а мы пройдем через правое предсердие. Когда мы выполним наши миссии, мы встретимся перед сердцем и продолжим оттуда. Квикег присоединился к нам в качестве нашего рулевого."
        },
        {
          "id": 10517,
          "debugNodeID ": "DN-10517",
          "title": "Квикег 3",
          "desc": "Ахав пройдет через поджелудочную железу Кита со своей командой, а мы пройдем через правое предсердие. Когда мы выполним наши миссии, мы встретимся перед сердцем и продолжим оттуда. Квикег присоединился к нам в качестве нашего рулевого."
        },
        {
          "id": 10518,
          "debugNodeID ": "DN-10518",
          "title": "Квикег 4",
          "desc": "Ахав пройдет через поджелудочную железу Кита со своей командой, а мы пройдем через правое предсердие. Когда мы выполним наши миссии, мы встретимся перед сердцем и продолжим оттуда. Квикег присоединился к нам в качестве нашего рулевого."
        },
        {
          "id": 10519,
          "debugNodeID ": "DN-10519",
          "title": "Квикег 5",
          "desc": "Ахав пройдет через поджелудочную железу Кита со своей командой, а мы пройдем через правое предсердие. Когда мы выполним наши миссии, мы встретимся перед сердцем и продолжим оттуда. Квикег присоединился к нам в качестве нашего рулевого."
        },
        {
          "id": 10520,
          "debugNodeID ": "DN-10520",
          "title": "Правое предсердие",
          "desc": "Похоже, у Измаил были довольно близкие отношения с Квикег. Я вижу еще одно видение Измаил... и из этого видения я слышу ужасающий крик."
        },
        {
          "id": 10521,
          "debugNodeID ": "DN-10521",
          "title": "Правое предсердие 2",
          "desc": "Похоже, у Измаил были довольно близкие отношения с Квикег. Я вижу еще одно видение Измаил... и из этого видения я слышу ужасающий крик."
        },
        {
          "id": 10522,
          "debugNodeID ": "DN-10522",
          "title": "Правое предсердие 3",
          "desc": "Похоже, у Измаил были довольно близкие отношения с Квикег. Я вижу еще одно видение Измаил... и из этого видения я слышу ужасающий крик."
        },
        {
          "id": 10523,
          "debugNodeID ": "DN-10523",
          "title": "Правый желудочек",
          "desc": "... Что будет 'дальше' для Измаил, если она наконец получит то, чего хочет? Я... я думаю, я просто хотел, чтобы все вместе пошли есть мороженое."
        },
        {
          "id": 10524,
          "debugNodeID ": "DN-10524",
          "title": "Правый желудочек 2",
          "desc": "... Что будет 'дальше' для Измаил, если она наконец получит то, чего хочет? Я... я думаю, я просто хотел, чтобы все вместе пошли есть мороженое."
        },
        {
          "id": 10525,
          "debugNodeID ": "DN-10525",
          "title": "Правый желудочек 3",
          "desc": "... Что будет 'дальше' для Измаил, если она наконец получит то, чего хочет? Я... я думаю, я просто хотел, чтобы все вместе пошли есть мороженое."
        },
        {
          "id": 10526,
          "debugNodeID ": "DN-10526",
          "title": "Сухожильный мост",
          "desc": "Команда Ахав и Измаил кричали во все горло. Убить Бледного Кита, и все закончится. А теперь, Измаил..."
        },
        {
          "id": 10527,
          "debugNodeID ": "DN-10527",
          "title": "Сухожильный мост 2",
          "desc": "Команда Ахав и Измаил кричали во все горло. Убить Бледного Кита, и все закончится. А теперь, Измаил..."
        },
        {
          "id": 10528,
          "debugNodeID ": "DN-10528",
          "title": "Биение сердца",
          "desc": "Команда Ахав и Измаил кричали во все горло. Убить Бледного Кита, и все закончится. А теперь, Измаил..."
        },
        {
          "id": 10529,
          "debugNodeID ": "DN-10529",
          "title": "Биение сердца 2",
          "desc": "Команда Ахав и Измаил кричали во все горло. Убить Бледного Кита, и все закончится. А теперь, Измаил..."
        },
        {
          "id": 10530,
          "debugNodeID ": "DN-10530",
          "title": "Биение сердца 3",
          "desc": "Команда Ахав и Измаил кричали во все горло. Убить Бледного Кита, и все закончится. А теперь, Измаил..."
        },
        {
          "id": 10531,
          "debugNodeID ": "DN-10531",
          "title": "Биение сердца 4",
          "desc": "Команда Ахав и Измаил кричали во все горло. Убить Бледного Кита, и все закончится. А теперь, Измаил..."
        },
        {
          "id": 10533,
          "debugNodeID ": "DN-10533",
          "title": "Место встречи перед сердцем",
          "desc": "Я слышу биение сердца Бледного Кита. Все, что осталось, — это уничтожить эту дергающуюся Аномалию перед нами."
        },
        {
          "id": 10534,
          "debugNodeID ": "DN-10534",
          "title": "Место встречи перед сердцем 2",
          "desc": "Мы встретили Ахав в месте встречи. Но команда, которая сопровождала ее в начале этого путешествия, значительно уменьшилась в числе. Я вижу видение пути, по которому шла Ахав... и трупы ее команды, которые она оставила позади."
        },
        {
          "id": 10535,
          "debugNodeID ": "DN-10535",
          "title": "Место встречи перед сердцем 3",
          "desc": "Мы встретили Ахав в месте встречи. Но команда, которая сопровождала ее в начале этого путешествия, значительно уменьшилась в числе. Я вижу видение пути, по которому шла Ахав... и трупы ее команды, которые она оставила позади."
        },
        {
          "id": 10536,
          "debugNodeID ": "DN-10536",
          "title": "Сердце Кита",
          "desc": "Ахав просит Золотую Ветвь в моих часах. Но я не буду добровольно искать смерти.\n... Ворота к сердцу открываются."
        },
        {
          "id": 10537,
          "debugNodeID ": "DN-10537",
          "title": "Сердце Кита 2",
          "desc": "Я вижу бьющееся сердце Бледного Кита. Миры Измаил и Ахав сталкиваются."
        },
        {
          "id": 10538,
          "debugNodeID ": "DN-10538",
          "title": "Сердце Кита 3",
          "desc": "Я вижу бьющееся сердце Бледного Кита. Миры Измаил и Ахав сталкиваются."
        },
        {
          "id": 10501,
          "debugNodeID ": "DN-10501",
          "title": "Длинная река"
        },
        {
          "id": 10514,
          "debugNodeID ": "DN-10514",
          "title": "Вход в Пекод Таун"
        },
        {
          "id": 10532,
          "debugNodeID ": "DN-10532",
          "title": "Место встречи перед сердцем"
        }
      ]
    }
  ]
}