{
  "dataList": [
    {
      "id": 911401,
      "stageList": [
        {
          "id": 911401,
          "title": "Hohenheim's Fathoms"
        },
        {
          "id": 911402,
          "title": "Hohenheim's Fathoms"
        },
        {
          "id": 911403,
          "title": "Hohenheim's Fathoms"
        },
        {
          "id": 911404,
          "title": "Hohenheim's Fathoms"
        },
        {
          "id": 911405,
          "title": "Hohenheim's Fathoms"
        },
        {
          "id": 911406,
          "title": "Hohenheim's Fathoms"
        },
        {
          "id": 911407,
          "title": "Hohenheim's Fathoms"
        },
        {
          "id": 911408,
          "title": "Hohenheim's Fathoms"
        },
        {
          "id": 911409,
          "title": "Hohenheim's Fathoms"
        },
        {
          "id": 911410,
          "title": "Hohenheim's Fathoms"
        },
        {
          "id": 911411,
          "title": "Hohenheim's Fathoms"
        },
        {
          "id": 911412,
          "title": "Hohenheim's Fathoms"
        },
        {
          "id": 911413,
          "title": "Hohenheim's Fathoms"
        },
        {
          "id": 911414,
          "title": "Hohenheim's Fathoms"
        },
        {
          "id": 911415,
          "title": "Hohenheim's Fathoms"
        },
        {
          "id": 911416,
          "title": "Hohenheim's Fathoms"
        }
      ]
    }
  ]
}