﻿{
  "dataList": [
    {
      "id": 9403,
      "name": "Обменял сына",
      "desc": "Начало первого хода столкновения: Наносит 2 <sprite name=\"Burst\"><color=#e30000><u><link=\"Burst\">Зеленки</link></u></color> и повышает его счетчик на 2 всем противникам.\n\nНаносит 2 <sprite name=\"Binding\"><color=#e30000><u><link=\"Binding\">Поноса</link></u></color> всем противникам на протяжении 3 ходов.",
      "simpleDesc": [
        {
          "abilityID": 9403,
          "simpleDesc": "Наносит 2 <sprite name=\"Burst\"><color=#e30000><u><link=\"Burst\">Зеленки</link></u></color> и повышает его счетчик на 2 всем противникам"
        },
        {
          "abilityID": 94031,
          "simpleDesc": "Наносит 2 <sprite name=\"Binding\"><color=#e30000><u><link=\"Binding\">Поноса</link></u></color> всем противникам"
        }
      ]
    },
    {
      "id": 9404,
      "name": "Моча в банке",
      "desc": "При использовании навыков с грехом Чревоугодия (ЭГО навыки не учитываются), наносит 2 <sprite name=\"Muckworm\"><color=#e30000><u><link=\"Muckworm\">Опарыша</link></u></color> на цель.\n\nЕсли же этот навык наносит силу <sprite name=\"Laceration\"><color=#e30000><u><link=\"Laceration\">Кетчуп</link></u></color>, повышает его счетчик, или наносит Особое Кетчуп, наносит 3 <sprite name=\"Muckworm\"><color=#e30000><u><link=\"Muckworm\">Опарыша</link></u></color> вместо этого.",
      "simpleDesc": [
        {
          "abilityID": 9404,
          "simpleDesc": "Наносит 2 <sprite name=\"Muckworm\"><color=#e30000><u><link=\"Muckworm\">Опарыша</link></u></color>"
        },
        {
          "abilityID": 94041,
          "simpleDesc": "Наносит 3 <sprite name=\"Muckworm\"><color=#e30000><u><link=\"Muckworm\">Опарыша</link></u></color>"
        }
      ]
    },
    {
      "id": 9407,
      "name": "Сделано-на-отъебись",
      "desc": "[Эффекты активируются для #3 Выбранной Айдишки]\n\nНачало столкновения: повышает счетчик <sprite name=\"Vibration\"><color=#e30000><u><link=\"Vibration\">Тряски</link></u></color> Айдишки на 3.\n\nНачало хода: дает 1 <sprite name=\"Protection\"><color=#f8c200><u><link=\"Protection\">Защищенность</link></u></color>, 1 <sprite name=\"AttackDmgUp\"><color=#f8c200><u><link=\"AttackDmgUp\">Повышение урона</link></u></color> и 1 <sprite name=\"ResultEnhancement\"><color=#f8c200><u><link=\"ResultEnhancement\">Повышение силы</link></u></color>.",
      "simpleDesc": [
        {
          "abilityID": 9407,
          "simpleDesc": "Повышает счетчик <sprite name=\"Vibration\"><color=#e30000><u><link=\"Vibration\">Тряски</link></u></color> третьей Айдишки на 3"
        },
        {
          "abilityID": 94071,
          "simpleDesc": "Дает 1 <sprite name=\"Protection\"><color=#f8c200><u><link=\"Protection\">Защищенность</link></u></color>, 1 <sprite name=\"AttackDmgUp\"><color=#f8c200><u><link=\"AttackDmgUp\">Повышение урона</link></u></color> и 1 <sprite name=\"ResultEnhancement\"><color=#f8c200><u><link=\"ResultEnhancement\">Повышение силы</link></u></color>"
        }
      ]
    },
    {
      "id": 9408,
      "name": "Туфельки мамы Джихуна",
      "desc": "[Эффекты активируются для #2 Выбранной Айдишки]\n\nНачало столкновения: повышает счетчик <sprite name=\"Sinking\"><color=#e30000><u><link=\"Sinking\">Депрессии</link></u></color> Айдишки на 3.\n\nНачало хода: дает 1 <sprite name=\"Protection\"><color=#f8c200><u><link=\"Protection\">Защищенность</link></u></color>, 1 <sprite name=\"AttackDmgUp\"><color=#f8c200><u><link=\"AttackDmgUp\">Повышение урона</link></u></color> и 1 <sprite name=\"ResultEnhancement\"><color=#f8c200><u><link=\"ResultEnhancement\">Повышение силы</link></u></color>.",
      "simpleDesc": [
        {
          "abilityID": 9408,
          "simpleDesc": "Повышает счетчик <sprite name=\"Sinking\"><color=#e30000><u><link=\"Sinking\">Депрессии</link></u></color> второй Айдишки на 3"
        },
        {
          "abilityID": 94081,
          "simpleDesc": "Начало хода: дает 1 <sprite name=\"Protection\"><color=#f8c200><u><link=\"Protection\">Защищенность</link></u></color>, 1 <sprite name=\"AttackDmgUp\"><color=#f8c200><u><link=\"AttackDmgUp\">Повышение урона</link></u></color> и 1 <sprite name=\"ResultEnhancement\"><color=#f8c200><u><link=\"ResultEnhancement\">Повышение силы</link></u></color>."
        }
      ]
    },
    {
      "id": 9409,
      "name": "Полуфабрикат",
      "desc": "Накладывается на одного союзника с наименьшей скоростью в начале хода.\n\nЕсли этот союзник побеждает в столкновении или получает удар от противника, наносит 3 <sprite name=\"Sinking\"><color=#e30000><u><link=\"Sinking\">Депрессии</link></u></color> на этого противника.",
      "simpleDesc": [
        {
          "abilityID": 9409,
          "simpleDesc": "Наносит 3 <sprite name=\"Sinking\"><color=#e30000><u><link=\"Sinking\">Депрессии</link></u></color> на противника"
        }
      ]
    },
    {
      "id": 9410,
      "name": "Замерзшее говно",
      "desc": "Начало первого хода волны: все союзники получают 3 счетчика <sprite name=\"Sinking\"><color=#e30000><u><link=\"Sinking\">Депрессии</link></u></color>, а всем противникам (Или частям Чурки) наносится 4 <sprite name=\"Sinking\"><color=#e30000><u><link=\"Sinking\">Депрессии</link></u></color> и его счетчик повышается на 8.\n\nПротивники с <sprite name=\"Sinking\"><color=#e30000><u><link=\"Sinking\">Депрессией</link></u></color> теряют 2 Силы в столкновении; когда союзник побеждает в столкновении против этих противников, наносит 2 <sprite name=\"Sinking\"><color=#e30000><u><link=\"Sinking\">Депрессии</link></u></color>; когда союзники получают удар от этих противников, наносит 3 <sprite name=\"Sinking\"><color=#e30000><u><link=\"Sinking\">Депрессии</link></u></color>.",
      "simpleDesc": [
        {
          "abilityID": 9410,
          "simpleDesc": "Наосит 4 <sprite name=\"Sinking\"><color=#e30000><u><link=\"Sinking\">Депрессии</link></u></color> и повышает его счетчик на 8 всем противникам."
        },
        {
          "abilityID": 94101,
          "simpleDesc": "Противники с <sprite name=\"Sinking\"><color=#e30000><u><link=\"Sinking\">Депрессией</link></u></color> теряют 2 Силы в столкновении"
        }
      ]
    },
    {
      "id": 9413,
      "name": "Писания большого хуя",
      "desc": "При победе в столкновении навыками, которые наносят силу <sprite name=\"Laceration\"><color=#e30000><u><link=\"Laceration\">Кетчупа</link></u></color>, повышают его счетчик, или наносят Особое Кетчуп, наносит 1~2 <sprite name=\"NailPersonality\"><color=#e30000><u><link=\"NailPersonality\">Гвоздя</link></u></color>.\n\nЕсли победившим в столкновении союзником была айдишку Фанатика Корп. N, дает ей 1 <sprite name=\"Assemble\"><color=#f8c200><u><link=\"Assemble\">Фанатичность</link></u></color> в начале хода.",
      "simpleDesc": [
        {
          "abilityID": 9413,
          "simpleDesc": "Наносит 1~2 <sprite name=\"NailPersonality\"><color=#e30000><u><link=\"NailPersonality\">Гвоздя</link></u></color>"
        },
        {
          "abilityID": 94131,
          "simpleDesc": "Дает айдишкам Корпорации N <sprite name=\"Assemble\"><color=#f8c200><u><link=\"Assemble\">Фанатичность</link></u></color> в начале хода"
        }
      ]
    },
    {
      "id": 9414,
      "name": "Волосы с пизды",
      "desc": "Накладывается на все Айдишки с грехами Гнева или Похоти в навыках.\n\nКонец хода: если этот союзник не получил никакого урона от атакующих навыков противников к концу хода, дает 2 <sprite name=\"Agility\"><color=#f8c200><u><link=\"Agility\">Спешки</link></u></color> и 2 <sprite name=\"Endurance\"><color=#f8c200><u><link=\"Endurance\">Повышения силы защиты</link></u></color> на следующий ход.\n\nКонец хода: если же этот союзник получил урон от Атакующих навыков противников к концу хода, наносит 2 <sprite name=\"Binding\"><color=#e30000><u><link=\"Binding\">Поноса</link></u></color> и дает +2 к Силе в столкновении на следующий ход.",
      "simpleDesc": [
        {
          "abilityID": 9414,
          "simpleDesc": "Дает 2 <sprite name=\"Agility\"><color=#f8c200><u><link=\"Agility\">Спешки</link></u></color> и 2 <sprite name=\"Endurance\"><color=#f8c200><u><link=\"Endurance\">Повышения силы защиты</link></u></color> на следующий ход"
        },
        {
          "abilityID": 94141,
          "simpleDesc": "Наносит 2 <sprite name=\"Binding\"><color=#e30000><u><link=\"Binding\">Поноса</link></u></color> и дает +2 к Силе в столкновении на следующий ход"
        }
      ]
    },
    {
      "id": 9415,
      "name": "Лоботомия",
      "desc": "Когда союзник атакует противника, который имеет <sprite name=\"Laceration\"><color=#e30000><u><link=\"Laceration\">Кетчуп</link></u></color> навыками, которые наносят силу <sprite name=\"Laceration\"><color=#e30000><u><link=\"Laceration\">Кетчуп</link></u></color>, повышают его счетчик, или наносят Особое Кетчуп: на 15% больше урона по этому противнику.\n\nЕсли же HP цели 33% и менее, на 25% больше урона вместо этого.",
      "simpleDesc": [
        {
          "abilityID": 9415,
          "simpleDesc": "На 15% больше урона"
        },
        {
          "abilityID": 94151,
          "simpleDesc": "На 25% больше урона"
        }
      ]
    },
    {
      "id": 9416,
      "name": "Коран",
      "desc": "При победе в столкновении навыком, который наносит силу <sprite name=\"Laceration\"><color=#e30000><u><link=\"Laceration\">Кетчупа</link></u></color>, повышает его счетчик, или наносит Особое Кетчуп: наносит 2~3 <sprite name=\"NailPersonality\"><color=#e30000><u><link=\"NailPersonality\">Гвоздя</link></u></color> на цель.\n\nЕсли союзник это айдишку Фанатика Корп. N, дает этому союзнику 1 <sprite name=\"Assemble\"><color=#f8c200><u><link=\"Assemble\">Фанатичность</link></u></color> в начале хода и повышает наносимый целям с <sprite name=\"Laceration\"><color=#e30000><u><link=\"Laceration\">Кетчупом</link></u></color> урон на 25%.\n\nАктивирует специальный эффект, когда на поле боя 5 и более айдишек Фанатиков Корп. N:\n- Эти союзники получают +1 к Итоговой силе навыков, +1 к Силе положительных монет, -1 к Силе отрицательных, а Атакующие навыки наносят на 1 <sprite name=\"NailPersonality\"><color=#e30000><u><link=\"NailPersonality\">Гвозди</link></u></color> больше. Если этот союзник имеет 45 SP в начале хода, дает ему 3 <sprite name=\"AttackDmgUp\"><color=#f8c200><u><link=\"AttackDmgUp\">Повышение урона</link></u></color>.",
      "simpleDesc": [
        {
          "abilityID": 9416,
          "simpleDesc": "Победа в столкновении: наносит 2~3 <sprite name=\"NailPersonality\"><color=#e30000><u><link=\"NailPersonality\">Гвоздя</link></u></color>"
        },
        {
          "abilityID": 94161,
          "simpleDesc": "Айдишки Корп. N наносят на 25% больше"
        },
        {
          "abilityID": 94162,
          "simpleDesc": "Активирует специальный эффект, когда на поле боя 5 и более айдишек Корп. N"
        }
      ]
    },
    {
      "id": 9419,
      "name": "Обоссанная веточка",
      "desc": "На протяжении столкновения: эффект активируется, когда первый, второй и третий навыки были спользованы хотя бы единожды.\n\nНачало хода: дает 1 <sprite name=\"Agility\"><color=#f8c200><u><link=\"Agility\">Спешку</link></u></color> и 1 <sprite name=\"SkillPowerUp\"><color=#f8c200><u><link=\"SkillPowerUp\">Повышение базовой силы</link></u></color>. (Может складываться до 3 раз)",
      "simpleDesc": [
        {
          "abilityID": 9419,
          "simpleDesc": "Начало хода: дает 1 <sprite name=\"Agility\"><color=#f8c200><u><link=\"Agility\">Спешку</link></u></color> и 1 <sprite name=\"SkillPowerUp\"><color=#f8c200><u><link=\"SkillPowerUp\">Повышение базовой силы</link></u></color>."
        }
      ]
    },
    {
      "id": 9420,
      "name": "Солевой приход",
      "desc": "Начало хода: балбесы, сопровождаемые айдишками из той же фракции, что и они, получают <sprite name=\"AttackUp\"><color=#f8c200><u><link=\"AttackUp\">Повышения уровня атаки</link></u></color>, равные количеству айдишек этой фракции. (До 4)\n\nАйдишки Альянса Освобождения Технологий получают +1 к Силе в столкновении.",
      "simpleDesc": [
        {
          "abilityID": 9420,
          "simpleDesc": "Дает <sprite name=\"AttackUp\"><color=#f8c200><u><link=\"AttackUp\">Повышение уровня атаки</link></u></color>"
        },
        {
          "abilityID": 94201,
          "simpleDesc": "+1 к Силе в столкновении"
        }
      ]
    },
    {
      "id": 9423,
      "name": "Губо иди нахуй",
      "desc": "+1 к Силе в столкновении с более быстрыми противниками.\n\nКогда союзник побеждает в столкновении этими противниками, дает 2 <sprite name=\"AttackUp\"><color=#f8c200><u><link=\"AttackUp\">Повышения уровня атаки</link></u></color> на следующий ход. (До 4)",
      "simpleDesc": [
        {
          "abilityID": 9423,
          "simpleDesc": "+1 к Силе в столкновении"
        },
        {
          "abilityID": 94231,
          "simpleDesc": "Дает 2 <sprite name=\"AttackUp\"><color=#f8c200><u><link=\"AttackUp\">Повышения уровня атаки</link></u></color> на следующий ход"
        }
      ]
    },
    {
      "id": 9424,
      "name": "Письмо от картеля",
      "desc": "[Эффекты активируются для #1 и #2 Выбранных айдишек]\n\nПри победе в столкновении навыком, который наносит силу <sprite name=\"Burst\"><color=#e30000><u><link=\"Burst\">Зеленки</link></u></color> или повышает его счетчик, наносит 5 <sprite name=\"Burst\"><color=#e30000><u><link=\"Burst\">Зеленки</link></u></color> и повышает его счетчик на 3. (Единожды за ход на айдишку)\n\n+1 к Силе в столкновении с более быстрыми противниками и на 25% больше урона по ним.\n\nПри победе в столкновении с противником, у которого есть <sprite name=\"AttackUp\"><color=#f8c200><u><link=\"AttackUp\">Повышение уровня атаки</link></u></color>, дает 3 <sprite name=\"AttackUp\"><color=#f8c200><u><link=\"AttackUp\">Повышения уровня атаки</link></u></color> на следующий ход и наносит на этого противника 3 <sprite name=\"AttackDown\"><color=#e30000><u><link=\"AttackDown\">Понижения уровня атаки</link></u></color> (До 9 на все эффекты в сумме)",
      "simpleDesc": [
        {
          "abilityID": 9424,
          "simpleDesc": "Победа в столкновении: наносит 5 <sprite name=\"Burst\"><color=#e30000><u><link=\"Burst\">Зеленки</link></u></color> и повышает его счетчик на 3"
        },
        {
          "abilityID": 94241,
          "simpleDesc": "+1 к Итоговой силе и на 25% больше урона"
        },
        {
          "abilityID": 94242,
          "simpleDesc": "Наносит 3 <sprite name=\"AttackDown\"><color=#e30000><u><link=\"AttackDown\">Понижения уровня атаки</link></u></color> противникам, проигравшим в столкновении"
        }
      ]
    },
    {
      "id": 9429,
      "name": "Новенький вейп",
      "desc": "Конец хода: дает 2 <sprite name=\"Agility\"><color=#f8c200><u><link=\"Agility\">Спешки</link></u></color>, 2 <sprite name=\"AttackUp\"><color=#f8c200><u><link=\"AttackUp\">Повышения уровня атаки</link></u></color> и 2 <sprite name=\"AttackDmgUp\"><color=#f8c200><u><link=\"AttackDmgUp\">Повышения урона</link></u></color> на следующий ход союзникам с наибольшей суммой силы и счетчика <sprite name=\"Breath\"><color=#f8c200><u><link=\"Breath\">Кумара</link></u></color>.\n\nАйдишки Пекода получают +1 к максимальной скорости.",
      "simpleDesc": [
        {
          "abilityID": 9429,
          "simpleDesc": "Дает 2 <sprite name=\"Agility\"><color=#f8c200><u><link=\"Agility\">Спешки</link></u></color>, 2 <sprite name=\"AttackUp\"><color=#f8c200><u><link=\"AttackUp\">Повышения уровня атаки</link></u></color> и 2 <sprite name=\"AttackDmgUp\"><color=#f8c200><u><link=\"AttackDmgUp\">Повышения урона</link></u></color> на следующий ход"
        },
        {
          "abilityID": 94291,
          "simpleDesc": "Айдишки Пекода получают +1 к максимальной скорости"
        }
      ]
    },
    {
      "id": 9430,
      "name": "Модифицированный вейп",
      "desc": "Начало первого хода волны: все союзники получают 5 <sprite name=\"Breath\"><color=#f8c200><u><link=\"Breath\">Кумара</link></u></color> и повышают его счетчик на 5.\n\nКонец хода: союзник с наибольшей суммой силы и счетчика <sprite name=\"Breath\"><color=#f8c200><u><link=\"Breath\">Кумара</link></u></color> получает 2 <sprite name=\"Agility\"><color=#f8c200><u><link=\"Agility\">Спешки</link></u></color>, 3 <sprite name=\"AttackUp\"><color=#f8c200><u><link=\"AttackUp\">Повышения уровня атаки</link></u></color>, и 3 <sprite name=\"AttackDmgUp\"><color=#f8c200><u><link=\"AttackDmgUp\">Повышения урона</link></u></color> на следующий ход.\n\nАйдишки Пекода получают +2 к Силе навыков и +2 к максимальной скорости.",
      "simpleDesc": [
        {
          "abilityID": 9430,
          "simpleDesc": "Все союзники получают 5 <sprite name=\"Breath\"><color=#f8c200><u><link=\"Breath\">Кумара</link></u></color> и повышают его счетчик на 5"
        },
        {
          "abilityID": 94301,
          "simpleDesc": "Дает 2 <sprite name=\"Agility\"><color=#f8c200><u><link=\"Agility\">Спешки</link></u></color>, 3 <sprite name=\"AttackUp\"><color=#f8c200><u><link=\"AttackUp\">Повышения уровня атаки</link></u></color>, и 3 <sprite name=\"AttackDmgUp\"><color=#f8c200><u><link=\"AttackDmgUp\">Повышения урона</link></u></color> на следующий ход"
        },
        {
          "abilityID": 94302,
          "simpleDesc": "+2 к Силе навыков, +2 к максимальной скорости."
        }
      ]
    },
    {
      "id": 9433,
      "name": "Конституция РФ",
      "desc": "Начало первого хода волны: наносит противнику с наименьшей скоростью (Или части Чурки) 5 <sprite name=\"Binding\"><color=#e30000><u><link=\"Binding\">Поноса</link></u></color> на 5 ходов начиная со следующего хода.\n\nПобеда в столкновении: если скорость выше скорости цели, восстанавливает SP, равное разнице в скорости, а так же дает этому навыку половину от этой разницы в виде Уровней атаки. (До 3 Уровней атаки)",
      "simpleDesc": [
        {
          "abilityID": 9433,
          "simpleDesc": "Наносит 5 <sprite name=\"Binding\"><color=#e30000><u><link=\"Binding\">Поноса</link></u></color> на 5 ходов начиная со следующего"
        },
        {
          "abilityID": 94331,
          "simpleDesc": "Восстанавливает SP и дает такое же количество Уровней атаки"
        }
      ]
    },
    {
      "id": 9434,
      "name": "За лупой",
      "desc": "Начало первого хода волны: наносит двум противникам с наименьшей скоростью (Или частям Чурки) 5 <sprite name=\"Binding\"><color=#e30000><u><link=\"Binding\">Связываний</link></u></color> и 3 <sprite name=\"DefenseDown\"><color=#e30000><u><link=\"DefenseDown\">Понижения уровня защиты</link></u></color> в начале хода начиная со следующего хода.\n\nКогда противник восстанавливается от оглушения, и если у него не остается границ выносливости, создает новую границу выносливости на уровне 66% его текущих HP (Трижды за битву). Если союзник оглушает противника своим Атакующим навыком (ЭГО навыки не учитываются), который наносит силу <sprite name=\"Vibration\"><color=#e30000><u><link=\"Vibration\">Тряски</link></u></color> или повышает его счетчик (Включая те, которые накладывают его на себя или союзников), случайно наносит силу <sprite name=\"Vibration\"><color=#e30000><u><link=\"Vibration\">Тряски</link></u></color>, равную половине силы <sprite name=\"Vibration\"><color=#e30000><u><link=\"Vibration\">Тряски</link></u></color> цели, между остальными противниками (Или частями Чурки), а так же увеличивает потенциал <sprite name=\"Vibration\"><color=#e30000><u><link=\"Vibration\">Тряски</link></u></color> на оглушенной цели в 2 раза.",
      "simpleDesc": [
        {
          "abilityID": 9433,
          "simpleDesc": "Начало хода: наносит 5 <sprite name=\"Binding\"><color=#e30000><u><link=\"Binding\">Связываний</link></u></color> и 3 <sprite name=\"DefenseDown\"><color=#e30000><u><link=\"DefenseDown\">Понижения уровня защиты</link></u></color>"
        },
        {
          "abilityID": 94331,
          "simpleDesc": "Создает новую границу выносливости на уровне 66% текущих HP противника при его оглушении"
        },
        {
          "abilityID": 94332,
          "simpleDesc": "Потенциал <sprite name=\"Vibration\"><color=#e30000><u><link=\"Vibration\">Тряски</link></u></color> на оглушенном противнике увеличивается в 2 раза"
        }
      ]
    }
  ]
}