{
  "dataList": [
    {
      "id": 9805,
      "name": "Щит куколда",
      "desc": "[Effects apply only to #1 Deployed Identity]\n\nGain [KnightBless] at Encounter Start",
      "simpleDesc": [
        {
          "abilityID": 9744,
          "simpleDesc": "Gain [KnightBless]"
        }
      ]
    },
    {
      "id": 9806,
      "name": "Маска куколда",
      "desc": "Whenever an ally takes a hit, inflict 3 [Sinking] on the attacker\n\nWhenever an ally is killed, all allies gain 2 [Enhancement] next turn",
      "simpleDesc": [
        {
          "abilityID": 9806,
          "simpleDesc": "Inflict [Sinking]"
        },
        {
          "abilityID": 98061,
          "simpleDesc": "Gain [Enhancement] and [Agility]"
        }
      ]
    },
    {
      "id": 9807,
      "name": "Меч заточенный спермой",
      "desc": "When an ally hits with a Skill, if target has -20 or less SP, deal Gloom damage equal to [Sinking] on target (once per Skill)\n\n- If it was a Pierce Skill, deal ([Sinking] Count on target / 2) bonus fixed damage (once per Skill)",
      "simpleDesc": [
        {
          "abilityID": 9807,
          "simpleDesc": "Bonus Gloom damage"
        },
        {
          "abilityID": 98071,
          "simpleDesc": "Bonus fixed damage"
        }
      ]
    },
    {
      "id": 9808,
      "name": "Сигна от королевы минетов",
      "desc": "When an ally hits with a Skill that gains or consumes [Charge] Count or 'Unique Charge', a random ally's HP or SP heals by 3 (once per Coin; excludes allies with max HP or SP)\n\nWhen an ally recovers from Panic or 'E.G.O Corrosion', heal 20 SP",
      "simpleDesc": [
        {
          "abilityID": 9808,
          "simpleDesc": "Randomly heal HP or SP"
        },
        {
          "abilityID": 98081,
          "simpleDesc": "Heal SP"
        }
      ]
    },
    {
      "id": 9809,
      "name": "Крыло фембойчика",
      "desc": "When consuming [Charge] Count with Attack Skills, gain ([Charge] Count consumed / 2) [AttackUp] next turn (10 per turn; including 'Unique Charge')\n\nTurn End: if an ally lost SP this turn, the said ally gains 1 [Enhancement] and 1 [Vulnerable] next turn",
      "simpleDesc": [
        {
          "abilityID": 9809,
          "simpleDesc": "Gain [AttackUp]"
        },
        {
          "abilityID": 98091,
          "simpleDesc": "Gain [AttackUp] and [DefenseDown]"
        }
      ]
    },
    {
      "id": 9810,
      "name": "Окаменелый камшот",
      "desc": "Encounter Start: all allies gain 2 [TraumaShield]",
      "simpleDesc": [
        {
          "abilityID": 9810,
          "simpleDesc": "Gain [TraumaShield]"
        }
      ]
    },
    {
      "id": 9811,
      "name": "Распидорашеная Сефира",
      "desc": "When an ally dies in an Encounter, gain 2 E.G.O Resources for all Affinities\n\nCombat Start: if there are any allies who Substituted in this turn, heal 10 SP for 2 allies with the least SP (once per turn; unless they are in Panic or in 'E.G.O Corrosion')",
      "simpleDesc": [
        {
          "abilityID": 9811,
          "simpleDesc": "Gain E.G.O Resources"
        },
        {
          "abilityID": 98111,
          "simpleDesc": "Heal SP"
        }
      ]
    }
  ]
}