﻿{
  "dataList": [
    {
      "id": 2017,
      "name": "Любимая игрушка Сайори",
      "desc": "Уровень Фишмаэль повышается до 40.\nУровни ее связи и Связи ЭГО повышаются до 4 уровня.\nФишмаэль получает <sprite name=\"AaCePaBa\"><color=#9f6a3a><u><link=\"AaCePaBa\">Компульсию</link></u></color> в начале каждой битвы."
    },
    {
      "id": 2018,
      "name": "Тряпочная тентакля",
      "desc": "При победе в столкновении навыком с грехом Уныния, союзник с наименьшим SP восстанавливает 5 SP."
    },
    {
      "id": 2019,
      "name": "Гавно",
      "desc": "На 10% меньше урона от греха Гордыни"
    },
    {
      "id": 2020,
      "name": "Использованная тентакля",
      "desc": "На 10% больше урона навыками с грехами Зависти, Гнева и Уныния.\nНаносит дополнительные 10% соответствующим грехом при активации 6+ резонанса одного из этих грехов."
    },
    {
      "id": 2021,
      "name": "Селедка под шубой (из спермы)",
      "desc": "Наносит 1 дополнительный <sprite name=\"Vibration\"><color=#e30000><u><link=\"Vibration\">Тряска</link></u></color> при его нанесении."
    },
    {
      "id": 2022,
      "name": "Глубоководная тентакля",
      "desc": "Конце хода: если было потеряно больше 15% от макс. HP за этот ход, получает 2 <sprite name=\"Enhancement\"><color=#f8c200><u><link=\"Enhancement\">Повышения силы атаки</link></u></color> на следующий ход."
    },
    {
      "id": 2023,
      "name": "Мягкая тентакля",
      "desc": "При менее чем 0 SP, +1 к Итоговой силе навыков с грехом Зависти, Гнева и Уныния."
    },
    {
      "id": 2024,
      "name": "Средневековый аборт",
      "desc": "Дает 1 <sprite name=\"Breath\"><color=#f8c200><u><link=\"Breath\">Кумар</link></u></color>, когда первая монета навыка пробрасывается орлом против врага с <sprite name=\"Laceration\"><color=#e30000><u><link=\"Laceration\">Кетчупом</link></u></color>."
    },
    {
      "id": 2025,
      "name": "Запасные тампоны",
      "desc": "Айдишки с <sprite name=\"Bullet\"><color=#9f6a3a><u><link=\"Bullet\">Тампонами</link></u></color> начинают битву с дополнительными 3-мя <sprite name=\"Bullet\"><color=#9f6a3a><u><link=\"Bullet\">Тампонами</link></u></color>."
    },
    {
      "id": 2026,
      "name": "Очки БДСМщика",
      "desc": "Навыки Фишмаэль получают +2 к Итоговой силе\nКогда погибает союзник, оставшиеся союзники получают 1 <sprite name=\"Agility\"><color=#f8c200><u><link=\"Agility\">Спешку</link></u></color> и 1 <sprite name=\"Enhancement\"><color=#f8c200><u><link=\"Enhancement\">Повышение силы атаки</link></u></color> на следующий ход. (Единожды за ход)"
    }
  ]
}