﻿{
  "dataList": [
    {
      "id": 9732,
      "name": "Ипотека по ставке 25% годовых",
      "desc": "Конец хода: среди союзников со скоростью 5 или менее, союзник с наименьшей скоростью, получает 1 <sprite name=\"Agility\"><color=#f8c200><u><link=\"Agility\">Спешку</link></u></color> на следующий ход.",
      "simpleDesc": [
        {
          "abilityID": 9732,
          "simpleDesc": "Получает 1 <sprite name=\"Agility\"><color=#f8c200><u><link=\"Agility\">Спешку</link></u></color> в следующем ходу"
        }
      ]
    },
    {
      "id": 9733,
      "name": "Банка спермы",
      "desc": "Когда союзник теряет HP из-за эффекта собственного Атакующего навыка, восстанавливает половину потерянных HP от эффекта навыка в начале следующего хода. (Округляется вниз)\n\nКогда союзник восстанавливает HP благодаря эффекту ЭГО навыка, восстанавливает на 12.5% больше HP. (Округляется вниз)",
      "simpleDesc": [
        {
          "abilityID": 9733,
          "simpleDesc": "Восстанавливает HP в начале следующего хода"
        },
        {
          "abilityID": 97331,
          "simpleDesc": "Усиливает эффекты восстановления HP Э.Г.О"
        }
      ]
    },
    {
      "id": 9734,
      "name": "Нож амогуса",
      "desc": "Первый навык, повышающий счетчик <sprite name=\"Charge\"><color=#f8c200><u><link=\"Charge\">Солей</link></u></color> или Особого Солей: +1 к Силе в столкновении и на 5% больше урона.\n\nЕсли это был одномонетный навык, вместо этого получает +1 к Силе столкновении и наносит на 12.5% больше урона.\n\nЕсли айдишка Корп. W нанесла урон противнику навыком с грехом Зависти (ЭГО навыки Учитываются), наносит 2 <sprite name=\"TakeHpHealReduce\"><color=#e30000><u><link=\"TakeHpHealReduce\">Понижения восстановления HP</link></u></color>. (Не складывается)",
      "simpleDesc": [
        {
          "abilityID": 9734,
          "simpleDesc": "Первый навык получает Силу в столкновении и наносит больше урона"
        },
        {
          "abilityID": 97341,
          "simpleDesc": "Первый навык получает Силу в столкновении и наносит больше урона"
        },
        {
          "abilityID": 97342,
          "simpleDesc": "Наносит 2 <sprite name=\"TakeHpHealReduce\"><color=#e30000><u><link=\"TakeHpHealReduce\">Понижение восстановления HP</link></u></color>"
        }
      ]
    },
    {
      "id": 9735,
      "name": "Холодильник для пива",
      "desc": "Первый навык, повышающий счетчик <sprite name=\"Charge\"><color=#f8c200><u><link=\"Charge\">Солей</link></u></color> или Особого Солей, получает +2 к Силе в столкновении.\n\nПри использовании вышеописанного навыка, повышает счетчик <sprite name=\"Charge\"><color=#f8c200><u><link=\"Charge\">Солей</link></u></color> на 2 и дает 1 <sprite name=\"ChargeForceField\"><color=#f8c200><u><link=\"ChargeForceField\">Солевой барьер</link></u></color>. (Единожды за ход)\n\nЕсли айдишка Корп. W получает урон HP от любого эффекта, кроме прямого урона, она получает 5 <sprite name=\"ChargeForceField\"><color=#f8c200><u><link=\"ChargeForceField\">Солевых барьеров</link></u></color>. (Единожды за ход)",
      "simpleDesc": [
        {
          "abilityID": 9735,
          "simpleDesc": "Первый навык получает Силу в столкновении, <sprite name=\"Charge\"><color=#f8c200><u><link=\"Charge\">Соль</link></u></color> и <sprite name=\"ChargeForceField\"><color=#f8c200><u><link=\"ChargeForceField\">Солевой барьер</link></u></color>"
        },
        {
          "abilityID": 97351,
          "simpleDesc": "Получает <sprite name=\"ChargeForceField\"><color=#f8c200><u><link=\"ChargeForceField\">Солевой барьер</link></u></color>"
        }
      ]
    },
    {
      "id": 9736,
      "name": "Чарончик от ЗНН",
      "desc": "Союзники с <sprite name=\"Charge\"><color=#f8c200><u><link=\"Charge\">Солями</link></u></color> или Особыми солями получают 1 Уровень атаки при каждом столкновении с противником. (До 6, сбрасывается после атаки).\n\nКонец хода: союзники с 10+ (Счетчик <sprite name=\"Charge\"><color=#f8c200><u><link=\"Charge\">Солей</link></u></color> + Особые Соли) получают 1 <sprite name=\"Agility\"><color=#f8c200><u><link=\"Agility\">Спешку</link></u></color> на следующий ход. При 18+ (Счетчик <sprite name=\"Charge\"><color=#f8c200><u><link=\"Charge\">Солей</link></u></color> + Особые Соли), дополнительно дает 3 <sprite name=\"AttackUp\"><color=#f8c200><u><link=\"AttackUp\">Повышения уровня атаки</link></u></color>.",
      "simpleDesc": [
        {
          "abilityID": 9736,
          "simpleDesc": "Дает Повышение уровень Атаки"
        },
        {
          "abilityID": 97361,
          "simpleDesc": "Дает <sprite name=\"Agility\"><color=#f8c200><u><link=\"Agility\">Спешку</link></u></color>"
        },
        {
          "abilityID": 97362,
          "simpleDesc": "Дает <sprite name=\"AttackUp\"><color=#f8c200><u><link=\"AttackUp\">Повышение уровня атаки</link></u></color>"
        }
      ]
    },
    {
      "id": 9737,
      "name": "Сердце жителя СПБ",
      "desc": "Когда союзник с счетчиком <sprite name=\"Charge\"><color=#f8c200><u><link=\"Charge\">Солей</link></u></color> или Особыми солями проигрывает в столкновении, он получает щит, равный (Счетчик <sprite name=\"Charge\"><color=#f8c200><u><link=\"Charge\">Солей</link></u></color> + Особые Соли). (Единожды за ход)\n\nКогда HP 50% или меньше, вместо этого получает ((Счетчик <sprite name=\"Charge\"><color=#f8c200><u><link=\"Charge\">Соль</link></u></color> + Особые Соли) × 2) щита. (Единожды за ход)\n\nЕсли айдишка Офиса МультиРазлома получила урон HP во время этой битвы: в следующем ходу восстанавливает 33% от потерянных HP в этом ходу. (Округляется вниз)",
      "simpleDesc": [
        {
          "abilityID": 9737,
          "simpleDesc": "Дает Щит"
        },
        {
          "abilityID": 97371,
          "simpleDesc": "Восстанавливает HP на основе потерянных HP в прошлом ходу"
        }
      ]
    },
    {
      "id": 9738,
      "name": "Запчасти вибратора",
      "desc": "Следующий ход: союзники получают <sprite name=\"Agility\"><color=#f8c200><u><link=\"Agility\">Спешку</link></u></color> и повышают счетчик <sprite name=\"Charge\"><color=#f8c200><u><link=\"Charge\">Солей</link></u></color>, равные количеству Базовых Атакующих навыков, повышающих счетчик <sprite name=\"Charge\"><color=#f8c200><u><link=\"Charge\">Солей</link></u></color> или Особого Солей, использованных в этом ходу. (До 2)\n\nКогда айдишка Офиса МультиРазлома повышает или тратит счетчик <sprite name=\"Charge\"><color=#f8c200><u><link=\"Charge\">Солей</link></u></color> Базовыми Атакующими навыками, она получает +1 дополнительный счетчик <sprite name=\"Charge\"><color=#f8c200><u><link=\"Charge\">Солей</link></u></color>. (До 2).",
      "simpleDesc": [
        {
          "abilityID": 9738,
          "simpleDesc": "Дает <sprite name=\"Agility\"><color=#f8c200><u><link=\"Agility\">Спешка</link></u></color> и <sprite name=\"Charge\"><color=#f8c200><u><link=\"Charge\">Соль</link></u></color>"
        },
        {
          "abilityID": 97381,
          "simpleDesc": "Получает больше <sprite name=\"Charge\"><color=#f8c200><u><link=\"Charge\">Соль</link></u></color>"
        }
      ]
    },
    {
      "id": 9739,
      "name": "Абортыш",
      "desc": "Конец хода: если у союзника есть <sprite name=\"Laceration\"><color=#e30000><u><link=\"Laceration\">Кетчуп</link></u></color>, уменьшает его силу вдвое и восстанавливает (Уменьшенная сила × счетчик <sprite name=\"Laceration\"><color=#e30000><u><link=\"Laceration\">Кетчупа</link></u></color> на себе) HP. (До 10% от макс. HP за раз; округляется в меньшую сторону)",
      "simpleDesc": [
        {
          "abilityID": 9739,
          "simpleDesc": "Уменьшает вдвое потенциал <sprite name=\"Laceration\"><color=#e30000><u><link=\"Laceration\">Кетчуп</link></u></color> на себе, восстанавливает HP"
        }
      ]
    },
    {
      "id": 9740,
      "name": "Вибратор с куском пизды",
      "desc": "Начало столкновения: эффект активируется при наличии у 5 и более айдишек навыков, повышающих счетчик <sprite name=\"Charge\"><color=#f8c200><u><link=\"Charge\">Солей</link></u></color> или Особого Солей. (ЭГО навыки не учитываются)\n\nБазовые Атакующие навыки, тратящие счетчик <sprite name=\"Charge\"><color=#f8c200><u><link=\"Charge\">Солей</link></u></color> или Особого Солей: +1 к Силе монет и на (Сумма потраченного счетчика <sprite name=\"Charge\"><color=#f8c200><u><link=\"Charge\">Солей</link></u></color> и Особого Солей этим навыком × 4)% больше урона. (До 40%)\n\nКонец хода: союзники с <sprite name=\"Charge\"><color=#f8c200><u><link=\"Charge\">Солями</link></u></color> или Особыми солями получают 1 <sprite name=\"Agility\"><color=#f8c200><u><link=\"Agility\">Спешку</link></u></color> (До 2) и 1 <sprite name=\"AttackDmgUp\"><color=#f8c200><u><link=\"AttackDmgUp\">Повышение урона</link></u></color> (До 3) за каждый случай использования Базового Атакующего навыка, тратящего счетчик <sprite name=\"Charge\"><color=#f8c200><u><link=\"Charge\">Солей</link></u></color> или Особого Солей в этой битве.\n\nЕсли у айдишки Офиса МультиРазлома имеется 5 и более счетчиков <sprite name=\"Charge\"><color=#f8c200><u><link=\"Charge\">Солей</link></u></color>: +1 к Силе монет для Базовых Атакующих навыков.",
      "simpleDesc": [
        {
          "abilityID": 9740,
          "simpleDesc": "Дает Силу монет и наносит больше урона"
        },
        {
          "abilityID": 97401,
          "simpleDesc": "Дает <sprite name=\"Agility\"><color=#f8c200><u><link=\"Agility\">Спешку</link></u></color> и <sprite name=\"AttackDmgUp\"><color=#f8c200><u><link=\"AttackDmgUp\">Повышение урона</link></u></color> в следующем ходу"
        },
        {
          "abilityID": 97402,
          "simpleDesc": "Дает Силу Монет"
        }
      ]
    },
    {
      "id": 9741,
      "name": "Солевой Чарончик от ЗНН",
      "desc": "Начало столкновения: эффект активируется при наличии у 5 и более айдишек навыков, повышающих счетчик <sprite name=\"Charge\"><color=#f8c200><u><link=\"Charge\">Солей</link></u></color> или Особого Солей. (ЭГО навыки не учитываются)\n\nБазовые Атакующие навыки, тратящие счетчик <sprite name=\"Charge\"><color=#f8c200><u><link=\"Charge\">Солей</link></u></color> или Особого Солей: +1 к Силе монет и на (Сумма потраченного счетчика <sprite name=\"Charge\"><color=#f8c200><u><link=\"Charge\">Солей</link></u></color> и Особого Солей этим навыком × 4)% больше урона. (До 40%)\n\nКогда союзники с <sprite name=\"Charge\"><color=#f8c200><u><link=\"Charge\">Солями</link></u></color> или Особыми солями участвуют в столкновении с противниками Базовыми Атакующими навыками: +2 к Силе в столкновении; повышает счетчик <sprite name=\"Charge\"><color=#f8c200><u><link=\"Charge\">Солей</link></u></color> на 3 при победе в Столкновении и теряет 6 счетчиков <sprite name=\"Charge\"><color=#f8c200><u><link=\"Charge\">Солей</link></u></color> при поражении.\n\nПри победе в столкновении Атакующим навыком с Грехом зависти, наносит 1 <sprite name=\"VioletTakeDamageUp\"><color=#e30000><u><link=\"VioletTakeDamageUp\">Уязвимость к Зависти</link></u></color>. (До 3)",
      "simpleDesc": [
        {
          "abilityID": 9741,
          "simpleDesc": "Дает Силу монет и наносит больше урона"
        },
        {
          "abilityID": 97411,
          "simpleDesc": "Получает Силу в столкновении; повышает счетчик <sprite name=\"Charge\"><color=#f8c200><u><link=\"Charge\">Солей</link></u></color> при победе в Столкновении и теряет при поражении"
        },
        {
          "abilityID": 97412,
          "simpleDesc": "Накладывает <sprite name=\"VioletTakeDamageUp\"><color=#e30000><u><link=\"VioletTakeDamageUp\">Уязвимость к Зависти</link></u></color>"
        }
      ]
    },
    {
      "id": 9742,
      "name": "Сердце моего деда (пизда ему)",
      "desc": "Начало столкновения: эффект активируется при наличии у 5 и более айдишек навыков, повышающих счетчик <sprite name=\"Charge\"><color=#f8c200><u><link=\"Charge\">Солей</link></u></color> или Особого Солей. (ЭГО навыки не учитываются)\n\nБазовые Атакующие навыки, тратящие счетчик <sprite name=\"Charge\"><color=#f8c200><u><link=\"Charge\">Солей</link></u></color> или Особого Солей: +1 к Силе монет и на (Сумма потраченного счетчика <sprite name=\"Charge\"><color=#f8c200><u><link=\"Charge\">Солей</link></u></color> и Особого Солей этим навыком × 4)% больше урона. (До 40%)\n\nКогда союзники с <sprite name=\"Charge\"><color=#f8c200><u><link=\"Charge\">Солями</link></u></color> или Особыми солями участвуют в столкновении с противниками Базовыми Атакующими навыками: Сила в столкновения +1; дает 2 <sprite name=\"AttackUp\"><color=#f8c200><u><link=\"AttackUp\">Повышения уровня атаки</link></u></color> в начале хода за каждую победу в столкновении в этой битве. (До 6)\n\nКогда союзник получает смертельный урон, расходует все его счетчики <sprite name=\"Charge\"><color=#f8c200><u><link=\"Charge\">Солей</link></u></color> и Особого Солей и восстанавливает (10 + Сумма израсходованных счетчиков <sprite name=\"Charge\"><color=#f8c200><u><link=\"Charge\">Солей</link></u></color> и Особого Солей)% HP (Единожды за битву), а так же дает ему 3 <sprite name=\"Protection\"><color=#f8c200><u><link=\"Protection\">Защищенности</link></u></color> до его смерти.",
      "simpleDesc": [
        {
          "abilityID": 9742,
          "simpleDesc": "Получает силу Монеты и наносит больше урона"
        },
        {
          "abilityID": 97421,
          "simpleDesc": "Получает силу Столкновения и <sprite name=\"AttackUp\"><color=#f8c200><u><link=\"AttackUp\">Повышения уровня атаки</link></u></color>"
        },
        {
          "abilityID": 97422,
          "simpleDesc": "Непосредственно перед смертью, потребляет счетчик Солей для мгновенного исцеления и получения Защиты"
        }
      ]
    },
    {
      "id": 9743,
      "name": "Ударился мизинчиком",
      "desc": "Начало столкновения: эффект активируется при наличии у 5 и более айдишек навыков, повышающих счетчик <sprite name=\"Charge\"><color=#f8c200><u><link=\"Charge\">Солей</link></u></color> или Особого Солей. (ЭГО навыки не учитываются)\n\nБазовые Атакующие навыки, тратящие счетчик <sprite name=\"Charge\"><color=#f8c200><u><link=\"Charge\">Солей</link></u></color> или Особого Солей: +1 к Силе монет и на (Сумма потраченного счетчика <sprite name=\"Charge\"><color=#f8c200><u><link=\"Charge\">Солей</link></u></color> и Особого Солей этим навыком × 4)% больше урона. (До 40%)\n\nКогда союзники имеют 15+ (Счетчик <sprite name=\"Charge\"><color=#f8c200><u><link=\"Charge\">Солей</link></u></color> + Особые Соли): при использовании третьего навыка, тратящего счетчик <sprite name=\"Charge\"><color=#f8c200><u><link=\"Charge\">Солей</link></u></color> или Особого Солей, и если остаются счетчики <sprite name=\"Charge\"><color=#f8c200><u><link=\"Charge\">Солей</link></u></color> или Особого Солей после атаки, тратит все оставшиеся счетчики <sprite name=\"Charge\"><color=#f8c200><u><link=\"Charge\">Солей</link></u></color> и Особого Солей для нанесения (Сумма потраченных счетчиков <sprite name=\"Charge\"><color=#f8c200><u><link=\"Charge\">Соль</link></u></color> и Особого Солей × 7.5)% дополнительного фиксированного урона. (До 75%)\n\nМаксимальный счетчик <sprite name=\"Charge\"><color=#f8c200><u><link=\"Charge\">Солей</link></u></color> +5.",
      "simpleDesc": [
        {
          "abilityID": 9743,
          "simpleDesc": "Дает Силу монет и наносит больше урона"
        },
        {
          "abilityID": 97431,
          "simpleDesc": "Тратит дополнительные счетчики Солей для нанесения бонусного урона"
        },
        {
          "abilityID": 97432,
          "simpleDesc": "Максимальный счетчик Солей +5"
        }
      ]
    }
  ]
}