﻿{
  "dataList": [
    {
      "id": 9701,
      "name": "Горячая сочная ножка еврея",
      "desc": "При нанесении <sprite name=\"Combustion\"><color=#e30000><u><link=\"Combustion\">Изжоги</link></u></color> навыками, повышает его счетчик на 3.",
      "simpleDesc": [
        {
          "abilityID": 9701,
          "simpleDesc": "При нанесении <sprite name=\"Combustion\"><color=#e30000><u><link=\"Combustion\">Изжоги</link></u></color> навыками, повышает его счетчик на 3"
        }
      ]
    },
    {
      "id": 9702,
      "name": "Сухая-пресухая грудка Палестинца",
      "desc": "При нанесении <sprite name=\"Burst\"><color=#e30000><u><link=\"Burst\">Зеленки</link></u></color> навыками, повышает его счетчик на 3.",
      "simpleDesc": [
        {
          "abilityID": 9702,
          "simpleDesc": "При нанесении <sprite name=\"Burst\"><color=#e30000><u><link=\"Burst\">Зеленки</link></u></color> навыками, повышает его счетчик на 3"
        }
      ]
    },
    {
      "id": 9703,
      "name": "Кетчуп для аборта",
      "desc": "Если скорость выше скорости цели, дает +(Скорость / 3) к Силе в столкновении. (До 3)",
      "simpleDesc": [
        {
          "abilityID": 9703,
          "simpleDesc": "Дает +(Скорость / 3) к Силе в столкновении. (До 3)"
        }
      ]
    },
    {
      "id": 9704,
      "name": "Запачканная в месячных игла",
      "desc": "Эффект применяется к первому навыку, который должен нанести урон противнику.\n\nНаносит (Урон навыка / 3) <sprite name=\"Laceration\"><color=#e30000><u><link=\"Laceration\">Кетчупа</link></u></color>.",
      "simpleDesc": [
        {
          "abilityID": 9704,
          "simpleDesc": "Наносит (Урон навыка / 3) <sprite name=\"Laceration\"><color=#e30000><u><link=\"Laceration\">Кетчупа</link></u></color>."
        }
      ]
    },
    {
      "id": 9705,
      "name": "Чистая игла (будет в месячных)",
      "desc": "Каждый ход, первый навык, наносящий урон противнику, наносит дополнительный фиксированный урон, равный половине урона этого навыка.",
      "simpleDesc": [
        {
          "abilityID": 9705,
          "simpleDesc": "Наносит (Урон навыка / 2) дополнительного фиксированного урона"
        }
      ]
    },
    {
      "id": 9706,
      "name": "Ключ в моче",
      "desc": "Дробящие навыки наносят на 10% больше урона.\n\nПоследняя монета Дробящих навыков наносит 2 <sprite name=\"Vibration\"><color=#e30000><u><link=\"Vibration\">Тряски</link></u></color> при попадании. (Единожды за ход)",
      "simpleDesc": [
        {
          "abilityID": 9706,
          "simpleDesc": "Дробящие навыки наносят на 10% больше урона"
        },
        {
          "abilityID": 97061,
          "simpleDesc": "Наносит 2 <sprite name=\"Vibration\"><color=#e30000><u><link=\"Vibration\">Тряски</link></u></color> противнику."
        }
      ]
    },
    {
      "id": 9707,
      "name": "Трупы фиксиков",
      "desc": "При попадании противника по щиту союзника, отражает 3 фиксированного урона в противника. (Не срабатывает, если урона по щиту небыло)",
      "simpleDesc": [
        {
          "abilityID": 9707,
          "simpleDesc": "Отражает 3 фиксированног урона"
        }
      ]
    },
    {
      "id": 9708,
      "name": "Крабовуха",
      "desc": "Когда союзник атакует противника с <sprite name=\"Burst\"><color=#e30000><u><link=\"Burst\">Зеленкой</link></u></color> навыками, которые наносят силу <sprite name=\"Burst\"><color=#e30000><u><link=\"Burst\">Зеленки</link></u></color> или повышают его счетчик, он наносит на на (Счетчик <sprite name=\"Burst\"><color=#e30000><u><link=\"Burst\">Зеленки</link></u></color> × 1.25)% больше урона. (До 50%)\n\nКогда союзник восстанавливается от оглушения, ему восстанавливает 20% от максимальных HP. (Дважды за битву)",
      "simpleDesc": [
        {
          "abilityID": 9708,
          "simpleDesc": "На (Счетчик <sprite name=\"Burst\"><color=#e30000><u><link=\"Burst\">Зеленки</link></u></color> × 1.25)% больше урона. (До 50%)"
        },
        {
          "abilityID": 97081,
          "simpleDesc": "Восстанавливает 20% от макс. HP"
        }
      ]
    },
    {
      "id": 9709,
      "name": "Шапка курильщика",
      "desc": "Конец хода: дает 1 <sprite name=\"Breath\"><color=#f8c200><u><link=\"Breath\">Кумар</link></u></color> на следующий ход за каждый Атакующий навык, который нанес урон до конца хода.\n\nВ фокусированных столкновениях: дает 3 <sprite name=\"Breath\"><color=#f8c200><u><link=\"Breath\">Кумара</link></u></color> за место одного.",
      "simpleDesc": [
        {
          "abilityID": 9709,
          "simpleDesc": "Дает 1 <sprite name=\"Breath\"><color=#f8c200><u><link=\"Breath\">Кумар</link></u></color>"
        },
        {
          "abilityID": 97091,
          "simpleDesc": "Дает 3 <sprite name=\"Breath\"><color=#f8c200><u><link=\"Breath\">Кумара</link></u></color>"
        }
      ]
    },
    {
      "id": 9710,
      "name": "Большой мешок с табаком",
      "desc": "Конец хода: дает 2 <sprite name=\"Breath\"><color=#f8c200><u><link=\"Breath\">Кумара</link></u></color>, повышает его счетчик на 2, а так же дает 2 <sprite name=\"Protection\"><color=#f8c200><u><link=\"Protection\">Защищенности</link></u></color> союзнику с наименьшими HP.",
      "simpleDesc": [
        {
          "abilityID": 9710,
          "simpleDesc": "Дает 2 <sprite name=\"Breath\"><color=#f8c200><u><link=\"Breath\">Кумара</link></u></color> и повышает его счетчик на 2, а так же дает 2 <sprite name=\"Protection\"><color=#f8c200><u><link=\"Protection\">Защищенности</link></u></color>"
        }
      ]
    },
    {
      "id": 9711,
      "name": "Когда сказали стянуть ебало",
      "desc": "На (Абсолютное значение SP / 1.5)% больше урона. (Минимум 0%)\n\nКогда союзник с положительными монетами восстанавливается от оглушения, он полностью восстанавливает SP. (Исключая коррозию)\n\nСоюзники же с отрицательными монетами получают 3 <sprite name=\"Paralysis\"><color=#e30000><u><link=\"Paralysis\">Паралича</link></u></color> в начале хода вместо этого.",
      "simpleDesc": [
        {
          "abilityID": 9711,
          "simpleDesc": "На (Абсолютное значение SP / 1.5)% больше урона."
        },
        {
          "abilityID": 97111,
          "simpleDesc": "При восстановлении от оглушения полностью восстанавливает SP"
        },
        {
          "abilityID": 97112,
          "simpleDesc": "Дает 3 <sprite name=\"Paralysis\"><color=#e30000><u><link=\"Paralysis\">Паралича</link></u></color> в начале хода айдишкам с отрицательными монетами"
        }
      ]
    },
    {
      "id": 9712,
      "name": "Тетрадь смерти",
      "desc": "Начало первого хода столкновения: дает случайный ЭГО ресурс, равный количеству противников.\n\nЕсли же на поле боя 4 и более айдишки Родословной MTL или картеля «Кресчент», на поле боя, дает ЭГО ресурс наименее имеющегося Греха вместо этого.",
      "simpleDesc": [
        {
          "abilityID": 9712,
          "simpleDesc": "Дает случайный ЭГО ресурс"
        },
        {
          "abilityID": 97121,
          "simpleDesc": "Дает наименее имеющийся ЭГО ресурс"
        }
      ]
    },
    {
      "id": 9713,
      "name": "Тампон Кресчента",
      "desc": "Начало хода: все союзники получают 1 <sprite name=\"SlashResultUp\"><color=#f8c200><u><link=\"SlashResultUp\">Повышение силы Рубящих атак</link></u></color>.\n\nайдишки же Родословной MTL или картеля «Кресчент» получают 2 <sprite name=\"SlashResultUp\"><color=#f8c200><u><link=\"SlashResultUp\">Повышения силы Рубящей атаки</link></u></color> вместо этого.",
      "simpleDesc": [
        {
          "abilityID": 9713,
          "simpleDesc": "Дает 1 <sprite name=\"SlashResultUp\"><color=#f8c200><u><link=\"SlashResultUp\">Повышение силы Рубящей атаки</link></u></color>"
        },
        {
          "abilityID": 97131,
          "simpleDesc": "Дает 2 <sprite name=\"SlashResultUp\"><color=#f8c200><u><link=\"SlashResultUp\">Повышения силы Рубящей атаки</link></u></color>"
        }
      ]
    },
    {
      "id": 9714,
      "name": "Нож для говна Кресчента",
      "desc": "На протяжении битвы: при первом нанесении спомощью эффектов навыков силы <sprite name=\"Laceration\"><color=#e30000><u><link=\"Laceration\">Кетчупа</link></u></color>, повышения его счетчика, или нанесении Особого Кетчупа, дополнительно повышает счетчик <sprite name=\"Laceration\"><color=#e30000><u><link=\"Laceration\">Кетчупа</link></u></color> на 2. (Единожды за битву)\n\nайдишки же картеля «Кресчент», при нанесении урона противнику впервые, наносят 4 <sprite name=\"Laceration\"><color=#e30000><u><link=\"Laceration\">Кетчупа</link></u></color> и повышают его счетчик на 4 вместо этого.",
      "simpleDesc": [
        {
          "abilityID": 9714,
          "simpleDesc": "Дополнительно повышает счетчик <sprite name=\"Laceration\"><color=#e30000><u><link=\"Laceration\">Кетчупа</link></u></color> на 2"
        },
        {
          "abilityID": 97141,
          "simpleDesc": "Дополнительно наносит 4 единицы потенциала <sprite name=\"Laceration\"><color=#e30000><u><link=\"Laceration\">Кетчупа</link></u></color> и повышает его счетчик на 4"
        }
      ]
    },
    {
      "id": 9715,
      "name": "Нож для говна МТЛ",
      "desc": "При раскумаре, дополнительно наносит (<sprite name=\"Breath\"><color=#f8c200><u><link=\"Breath\">Кумара</link></u></color> на себе / 3) урона Гордыней.\n\nайдишки же Родословной MTL при раскумаре дополнительно наносят (<sprite name=\"Breath\"><color=#f8c200><u><link=\"Breath\">Кумара</link></u></color> на себе / 2) урона Гордыней вместо этого.",
      "simpleDesc": [
        {
          "abilityID": 9715,
          "simpleDesc": "Наносит (<sprite name=\"Breath\"><color=#f8c200><u><link=\"Breath\">Кумара</link></u></color> на себе / 3) урона Гордыней"
        },
        {
          "abilityID": 97151,
          "simpleDesc": "Наносит (<sprite name=\"Breath\"><color=#f8c200><u><link=\"Breath\">Кумара</link></u></color> на себе / 2) урона Гордыней"
        }
      ]
    },
    {
      "id": 9716,
      "name": "Хвост Май Литтл Пони",
      "desc": "Если сопротивление цели к Рубящему урону 1.5 или менее, сопротивление к Рубящему урону увеличивается на 0.3.",
      "simpleDesc": [
        {
          "abilityID": 9716,
          "simpleDesc": "Сопротивение цели к Рубящему урону увеличивается на 0.3"
        }
      ]
    },
    {
      "id": 9717,
      "name": "Самотык Кресчента",
      "desc": "Начало столкновения: эффект активируется при наличии 3 и более айдишек картеля «Кресчент» на поле боя.\n\nНачало хода: все союзники получают 2 <sprite name=\"SlashResultUp\"><color=#f8c200><u><link=\"SlashResultUp\">Повышения силы Рубящей атаки</link></u></color> и наносят на 35% больше Рубящего урона.\n\nНачало хода: когда айдишка картеля «Кресчент» впервые наносит урон, наносит дополнительные 4 <sprite name=\"Laceration\"><color=#e30000><u><link=\"Laceration\">Кетчупа</link></u></color> и повышает его счетчик на 4. (Единожды за ход)",
      "simpleDesc": [
        {
          "abilityID": 9717,
          "simpleDesc": "Дает 2 <sprite name=\"SlashResultUp\"><color=#f8c200><u><link=\"SlashResultUp\">Повышения силы Рубящей атаки</link></u></color> и на 35% больше Рубящего урона"
        },
        {
          "abilityID": 97171,
          "simpleDesc": "Наносит дополнительные 4 <sprite name=\"Laceration\"><color=#e30000><u><link=\"Laceration\">Кетчупа</link></u></color> и повышает его счетчик на 4"
        }
      ]
    },
    {
      "id": 9718,
      "name": "Самотык МТЛ",
      "desc": "Начало столкновения: эффект активируется при наличии 3 и более айдишек Родословной MTL на поле боя.\n\nНачало хода: все союзники получают 2 <sprite name=\"SlashResultUp\"><color=#f8c200><u><link=\"SlashResultUp\">Повышения силы Рубящей атаки</link></u></color> и наносят на 35% больше Рубящего урона.\n\nНачало хода: когда айдишка Родословной MTL наносит раскумар, наносит дополнительный урон Гордыней, равный силе <sprite name=\"Breath\"><color=#f8c200><u><link=\"Breath\">Кумара</link></u></color> на себе.",
      "simpleDesc": [
        {
          "abilityID": 9718,
          "simpleDesc": "Дает 2 <sprite name=\"SlashResultUp\"><color=#f8c200><u><link=\"SlashResultUp\">Повышения силы Рубящей атаки</link></u></color>"
        },
        {
          "abilityID": 97181,
          "simpleDesc": "Наносит дополнительный урон Гордыней, равный потенциалу <sprite name=\"Breath\"><color=#f8c200><u><link=\"Breath\">Кумара</link></u></color> на себе."
        }
      ]
    },
    {
      "id": 9719,
      "name": "Шляпа кима из МТЛ",
      "desc": "Начало столкновения: эффект активируется при наличии 3 и более айдишек Родословной MTL на поле боя.\n\nВсе союзники наносят на 50% больше Рубящего урона.\n\nВсе удары айдишек Родословной MTL с <sprite name=\"Breath\"><color=#f8c200><u><link=\"Breath\">Кумаром</link></u></color> становятся раскумарами.\n\nайдишки Родословной MTL увеличивают урон раскумаров в полтора раза.",
      "simpleDesc": [
        {
          "abilityID": 9719,
          "simpleDesc": "На 50% больше Рубящего урона"
        },
        {
          "abilityID": 97191,
          "simpleDesc": "Все атаки айдишек Родословной MTL становятся раскумарами"
        },
        {
          "abilityID": 97192,
          "simpleDesc": "В полтора раза больше урона раскумаров"
        }
      ]
    },
    {
      "id": 9720,
      "name": "Смерительная рубашка Найт",
      "desc": "Начало столкновения: эффект активируется при наличии 3 и более айдишек Родословной MTL на поле боя.\n\nВсе союзники наносят на 50% больше Рубящего урона.\n\nайдишки Родословной MTL: первый навык молучает +1 к Силе монет. Одномонетный Первый навык получает +3 к Силе монеты.\n\n【Только Наставник Родословной MTL Мерсо】\nИтоговая сила навыка 'Уступаю свою плоть' -12; Навык 'Дабы забрать их кости' наносит на 50% больше урона.",
      "simpleDesc": [
        {
          "abilityID": 9720,
          "simpleDesc": "На 50% больше Рубящего урона"
        },
        {
          "abilityID": 97201,
          "simpleDesc": "Первый навык молучает +1 к Силе монет"
        },
        {
          "abilityID": 97202,
          "simpleDesc": "Итоговая сила навыка 'Уступаю свою плоть' -12; Навык 'Дабы забрать их кости' наносит на 50% больше урона."
        }
      ]
    },
    {
      "id": 9721,
      "name": "Часы для ровных",
      "desc": "При нанесении противнику урона атакующим навыком (ЭГО навыки не учитываются), который наносит силу <sprite name=\"Vibration\"><color=#e30000><u><link=\"Vibration\">Тряски</link></u></color>, повышает его счетчик, или наносит Особую Тряску, на 10% больше урона.\n\nЕсли навык <sprite name=\"VibrationExplosion\"><color=#e30000><u><link=\"VibrationExplosion\">Потряс сучку</link></u></color> на цели впервые за ход, повышает его счетчик на 2 в следующем ходу. (Единожды за ход)",
      "simpleDesc": [
        {
          "abilityID": 9721,
          "simpleDesc": "На 10% больше урона"
        },
        {
          "abilityID": 97211,
          "simpleDesc": "Повышает счетчик <sprite name=\"Vibration\"><color=#e30000><u><link=\"Vibration\">Тряски</link></u></color> на 2 в следующем ходу"
        }
      ]
    },
    {
      "id": 9722,
      "name": "Часы для лохов",
      "desc": "В столкновении с противником с большей скоростью: +1 к Силе в столкновении.\n\nПри нанесении урона таким противникам, наносит 3 <sprite name=\"Vibration\"><color=#e30000><u><link=\"Vibration\">Тряски</link></u></color> и повышает его счетчик на 2 в следующем ходу. (Единожды за ход)",
      "simpleDesc": [
        {
          "abilityID": 9722,
          "simpleDesc": "Сила в столкновении +1"
        },
        {
          "abilityID": 97221,
          "simpleDesc": "Наносит 3 <sprite name=\"Vibration\"><color=#e30000><u><link=\"Vibration\">Тряски</link></u></color> Potency и повышает его счетчик на 2 следующем ходу"
        }
      ]
    },
    {
      "id": 9723,
      "name": "Отклоненный кредит",
      "desc": "Конец хода: наносит 1 <sprite name=\"Binding\"><color=#e30000><u><link=\"Binding\">Понос</link></u></color> самому быстрому противнику на следующий ход (Для чурок, части).\n- Если же цель имеет <sprite name=\"Vibration\"><color=#e30000><u><link=\"Vibration\">Тряска</link></u></color> или Особую Тряску, наносит 2 <sprite name=\"Binding\"><color=#e30000><u><link=\"Binding\">Поноса</link></u></color> вместо этого.\n\nКогда союзник атакует целей со <sprite name=\"Binding\"><color=#e30000><u><link=\"Binding\">Поносом</link></u></color>, он наносит на (5 + (2.5 × количество <sprite name=\"Binding\"><color=#e30000><u><link=\"Binding\">Связываний</link></u></color>)) больше урона. (До 15%)",
      "simpleDesc": [
        {
          "abilityID": 9723,
          "simpleDesc": "Наносит 1 <sprite name=\"Binding\"><color=#e30000><u><link=\"Binding\">Понос</link></u></color> на следующий ход"
        },
        {
          "abilityID": 97231,
          "simpleDesc": "На (5 + (2.5 × количество <sprite name=\"Binding\"><color=#e30000><u><link=\"Binding\">Связываний</link></u></color>)) больше урона. (До 15%)"
        }
      ]
    },
    {
      "id": 9724,
      "name": "Стрелки от ровных",
      "desc": "Начало первого хода волны: наносит (9 - их скорость) <sprite name=\"Vibration\"><color=#e30000><u><link=\"Vibration\">Тряски</link></u></color> трем противникам с наименьшей скоростью. (Минимум 3)\n\nНа 10% больше урона целям с 12 и более силой <sprite name=\"Vibration\"><color=#e30000><u><link=\"Vibration\">Тряски</link></u></color> или Особого Тряски в начале хода.",
      "simpleDesc": [
        {
          "abilityID": 9724,
          "simpleDesc": "Наносит (9 - скорость противника) <sprite name=\"Vibration\"><color=#e30000><u><link=\"Vibration\">Тряски</link></u></color>"
        },
        {
          "abilityID": 97241,
          "simpleDesc": "На 10% больше урона"
        }
      ]
    },
    {
      "id": 9725,
      "name": "Стрелки от лохов",
      "desc": "Начало первого хода волны: наносит (9 - их скорость) <sprite name=\"Vibration\"><color=#e30000><u><link=\"Vibration\">Тряски</link></u></color> трем противникам с наименьшей скоростью (Минимум 3) и повышает его счетчик на ((9 - его скорость) / 2) одному противнику с наибольшей скоростью. (Округляется вверх; для чурок, частям)\n\nНа 10% меньше урона от противников с 12 и более силой <sprite name=\"Vibration\"><color=#e30000><u><link=\"Vibration\">Тряски</link></u></color> или Особого Тряски в начале хода.",
      "simpleDesc": [
        {
          "abilityID": 9725,
          "simpleDesc": "Наносит (9 - скорость) <sprite name=\"Vibration\"><color=#e30000><u><link=\"Vibration\">Тряски</link></u></color> трем противникам с наименьшей скоростью (Минимум 3) и повышает его счетчик на ((9 - его скорость) / 2) одному противнику с наибольшей скоростью"
        },
        {
          "abilityID": 97251,
          "simpleDesc": "На 10% меньше получаемого урона"
        }
      ]
    },
    {
      "id": 9726,
      "name": "Бульон от борща",
      "desc": "Когда союзник побеждает в столкновении своим атакующим навыком (ЭГО навыки не учитываются), который наносит <sprite name=\"Vibration\"><color=#e30000><u><link=\"Vibration\">Тряска</link></u></color>, повышает его счетчик, или наносит Особую Тряску, наносит 2 <sprite name=\"Vibration\"><color=#e30000><u><link=\"Vibration\">Тряски</link></u></color> и повышает его счетчик на 2. (Дважды за ход)\n- айдишки же Юродивых наносят 3 <sprite name=\"Vibration\"><color=#e30000><u><link=\"Vibration\">Тряски</link></u></color> и повышают его счетчик на 3 вместо этого. (Трижды за ход)\n\nЕсли вышеописанная айдишка сталкиватся в целью с большим уровнем атаки: +2 к Силе в столкновении и на 20% больше урона при атаке после победы в столкновении.",
      "simpleDesc": [
        {
          "abilityID": 9726,
          "simpleDesc": "Наносит 2 <sprite name=\"Vibration\"><color=#e30000><u><link=\"Vibration\">Тряски</link></u></color> и повышает его счетчик на 2"
        },
        {
          "abilityID": 97261,
          "simpleDesc": "Наносит 3 <sprite name=\"Vibration\"><color=#e30000><u><link=\"Vibration\">Тряски</link></u></color> и повышает его счетчик на 3"
        },
        {
          "abilityID": 97262,
          "simpleDesc": "+2 к Силе в столкновении и на 20% больше урона"
        }
      ]
    },
    {
      "id": 9727,
      "name": "Штраф за переезд бабушки камазом",
      "desc": "На (5 + (2.5 × Разница в скорости))% больше урона противникам с большей скоростью и 2+ разницей в скорости. (До 15%)\n\nКонец хода: если союзник нанес урон атакующими навыками (ЭГО навыки не учитываются) в течение хода вышеописанным противникам, наносит 2 <sprite name=\"Binding\"><color=#e30000><u><link=\"Binding\">Поноса</link></u></color> и 1 <sprite name=\"ResultReduction\"><color=#e30000><u><link=\"ResultReduction\">Понижение силы</link></u></color> этим противникам на следующий ход. (Единожды за ход)",
      "simpleDesc": [
        {
          "abilityID": 9727,
          "simpleDesc": "На (5 + (2.5 × Разница в скорости))% больше урона противникам"
        },
        {
          "abilityID": 97271,
          "simpleDesc": "Наносит 2 <sprite name=\"Binding\"><color=#e30000><u><link=\"Binding\">Поноса</link></u></color> и 1 <sprite name=\"ResultReduction\"><color=#e30000><u><link=\"ResultReduction\">Понижение силы</link></u></color> противникам на следующий ход"
        }
      ]
    },
    {
      "id": 9728,
      "name": "Ролекс",
      "desc": "Начало столкновения: эффект активируется при 5 и более айдишках на поле боя, которые наносят силу <sprite name=\"Vibration\"><color=#e30000><u><link=\"Vibration\">Тряски</link></u></color>, повышают его счетчик, или наносят Особую Тряску. (ЭГО навыки не учитываются)\n\nТретий вышеописанный навык союзников получает +2 к Силе монет и наносит на 25% больше урона.\n\nКогда вышеописанный союзник производит <sprite name=\"Switch_Vibration\"><color=#9f6a3a><u><link=\"Switch_Vibration\">Преобразование амплитуды</link></u></color> своими навыками (ЭГО навыки Учитываются): увеличивает силу <sprite name=\"Vibration\"><color=#e30000><u><link=\"Vibration\">Тряски</link></u></color> и его счетчиков в 1.5 раза (Только при преобразовании Тряски в другие его типы), а так же наносит 5 <sprite name=\"DefenseDown\"><color=#e30000><u><link=\"DefenseDown\">Понижений уровня защиты</link></u></color> на следующий ход. (Единожды за ход)\n\nНачало первого хода волны: наносит (12 - их скорость) <sprite name=\"Vibration\"><color=#e30000><u><link=\"Vibration\">Тряски</link></u></color> (Минимум 6) трем противникам с наименьшей скоростью.",
      "simpleDesc": [
        {
          "abilityID": 9728,
          "simpleDesc": "Третий навык получает +2 к силе монет и наносит на 25% больше урона"
        },
        {
          "abilityID": 97281,
          "simpleDesc": "Увеличивает количество <sprite name=\"Vibration\"><color=#e30000><u><link=\"Vibration\">Тряски</link></u></color> и его счетчиков в 1.5 раза при <sprite name=\"Switch_Vibration\"><color=#9f6a3a><u><link=\"Switch_Vibration\">Преобразовании амплитуды</link></u></color>"
        },
        {
          "abilityID": 97282,
          "simpleDesc": "Наносит (12 - скорость противника) <sprite name=\"Vibration\"><color=#e30000><u><link=\"Vibration\">Тряски</link></u></color>"
        }
      ]
    },
    {
      "id": 9729,
      "name": "Часы эппл",
      "desc": "Начало столкновения: эффект активируется при 5 и более айдишках на поле боя, которые наносят силу <sprite name=\"Vibration\"><color=#e30000><u><link=\"Vibration\">Тряски</link></u></color>, повышают его счетчик, или наносят Особую Тряску. (ЭГО навыки не учитываются)\n\nТретий вышеописанный навык союзников получает +2 к Силе монет и наносит на 25% больше урона.\n\nКогда вышеописанный союзник наносит урон более медленному противнику с 2+ разницей в скорости: его урон повышается на (Сила <sprite name=\"Vibration\"><color=#e30000><u><link=\"Vibration\">Тряски</link></u></color> противника)% (До 25%) и он так же наносит 2 <sprite name=\"DefenseDown\"><color=#e30000><u><link=\"DefenseDown\">Понижения уровня защиты</link></u></color> при ударе. (До 6)\n\nНачало первого хода волны: наносит противнику с наибольшей скоростью (12 - его скорость) <sprite name=\"Vibration\"><color=#e30000><u><link=\"Vibration\">Тряски</link></u></color> (Минимум 6) и повышает его счетчик на ((12 - его скорость) / 2). (Округляется вверх; для чурок, части)",
      "simpleDesc": [
        {
          "abilityID": 9729,
          "simpleDesc": "Третий навык получает +2 к силе монет и наносит на 25% больше урона"
        },
        {
          "abilityID": 97291,
          "simpleDesc": "На (<sprite name=\"Vibration\"><color=#e30000><u><link=\"Vibration\">Тряска</link></u></color> на цели)% больше урона; наносит 2 <sprite name=\"DefenseDown\"><color=#e30000><u><link=\"DefenseDown\">Понижения уровня защиты</link></u></color> каждый раз при нанесении урона"
        },
        {
          "abilityID": 97292,
          "simpleDesc": "Наносит (12 - скорость) <sprite name=\"Vibration\"><color=#e30000><u><link=\"Vibration\">Тряски</link></u></color> (Минимум 3) и повышает его счетчик на ((9 - скорость) / 2) противнику"
        }
      ]
    },
    {
      "id": 9730,
      "name": "Часы самсунг",
      "desc": "Начало столкновения: эффект активируется при 5 и более айдишках на поле боя, которые наносят силу <sprite name=\"Vibration\"><color=#e30000><u><link=\"Vibration\">Тряски</link></u></color>, повышают его счетчик, или наносят Особую Тряску. (ЭГО навыки не учитываются)\n\nТретий вышеописанный навык союзников получает +2 к Силе монет и наносит на 25% больше урона.\n\nайдишки Юродивых: Третий навык получает +2 к Силе монет и наносит на (25 + (Сумма потенциала и счетчика <sprite name=\"Vibration\"><color=#e30000><u><link=\"Vibration\">Тряски</link></u></color> цели))% больше урона вместо этого. (До 100%)\n\nайдишки Юродивых так же повышают свой счетчик <sprite name=\"Vibration\"><color=#e30000><u><link=\"Vibration\">Тряски</link></u></color> на 3 в начале хода.",
      "simpleDesc": [
        {
          "abilityID": 9730,
          "simpleDesc": "Третий навык получает +2 к силе монет и наносит на 25% больше урона"
        },
        {
          "abilityID": 97301,
          "simpleDesc": "Третий навык получает +2 к силе монет и наносит на (25 + (Сумма потенциала и счетчика <sprite name=\"Vibration\"><color=#e30000><u><link=\"Vibration\">Тряски</link></u></color> цели))% больше урона"
        },
        {
          "abilityID": 97302,
          "simpleDesc": "Повышает свой счетчик <sprite name=\"Vibration\"><color=#e30000><u><link=\"Vibration\">Тряски</link></u></color> на 3"
        }
      ]
    },
    {
      "id": 9731,
      "name": "Часы ксиоме",
      "desc": "Начало столкновения: эффект активируется при 5 и более айдишках на поле боя, которые наносят силу <sprite name=\"Vibration\"><color=#e30000><u><link=\"Vibration\">Тряски</link></u></color>, повышают его счетчик, или наносят Особую Тряску. (ЭГО навыки не учитываются)\n\nТретий вышеописанный навык союзников получает +2 к Силе монет и наносит на 25% больше урона.\n\nКогда союзник с вышеописанными навыками сталкивается с противником с большей скоростью и 2+ разницей в скоростях: +2 к Силе в столкновении и на (Сила <sprite name=\"Vibration\"><color=#e30000><u><link=\"Vibration\">Тряски</link></u></color> на цели)% больше урона. (До 50%)\n\nНачало хода: от самого медленного к самому быстрому, трое медленных союзников получают 5, 3 и 2 <sprite name=\"AttackUp\"><color=#f8c200><u><link=\"AttackUp\">Повышений уровня атаки</link></u></color> соответственно.",
      "simpleDesc": [
        {
          "abilityID": 9731,
          "simpleDesc": "Третий навык получает +2 к силе монет и наносит на 25% больше урона"
        },
        {
          "abilityID": 97311,
          "simpleDesc": "+2 к Силе в столкновении и на (Количество <sprite name=\"Vibration\"><color=#e30000><u><link=\"Vibration\">Тряски</link></u></color> на цели)% больше урона"
        },
        {
          "abilityID": 97312,
          "simpleDesc": "Дает <sprite name=\"AttackUp\"><color=#f8c200><u><link=\"AttackUp\">Повышение уровня атаки</link></u></color>"
        }
      ]
    }
  ]
}