{
  "dataList": [
    {
      "id": 1145,
      "name": "Лэй Хэн",
      "desc": "Тело"
    },
    {
      "id": 114501,
      "name": "Тело",
      "desc": "Часть"
    },
    {
      "id": 1171,
      "name": "Стойкий солдато Большого пальца",
      "desc": "Тело"
    },
    {
      "id": 117101,
      "name": "Тело",
      "desc": "Часть"
    },
    {
      "id": 1139,
      "name": "Проворное ЭГО Корп. N::Прилипание",
      "desc": "Тело"
    },
    {
      "id": 113901,
      "name": "Тело",
      "desc": "Часть"
    },
    {
      "id": 1140,
      "name": "Ловкое ЭГО Корп. N::Прилипание",
      "desc": "Часть"
    },
    {
      "id": 114001,
      "name": "Тело",
      "desc": "Часть"
    },
    {
      "id": 90217,
      "name": "Стойкий солдато Большого пальца",
      "desc": ""
    },
    {
      "id": 90218,
      "name": "Суровый солдато Большого пальца",
      "desc": ""
    },
    {
      "id": 1135,
      "name": "ЭГО Корп. N::Презрение, трепет Цзя Хуан",
      "desc": ""
    },
    {
      "id": 1136,
      "name": "ЭГО Корп. N::Роковая пуля Губо",
      "desc": ""
    },
    {
      "id": 1146,
      "name": "Цзя Му"
    },
    {
      "id": 1152,
      "name": "Одурманенный хэйшоу трупного паланкина"
    },
    {
      "id": 115202,
      "name": "Паланкин"
    },
    {
      "id": 1153,
      "name": "Колыбель драгоценного нефрита"
    },
    {
      "id": 115301,
      "name": "Нефрит"
    },
    {
      "id": 1154,
      "name": "Небесный старейшина"
    },
    {
      "id": 1155,
      "name": "Земной старейшина"
    },
    {
      "id": 1156,
      "name": "Разумный старейшина"
    },
    {
      "id": 1179,
      "name": "Ши Хуачжэнь"
    }
  ]
}
