﻿{
  "dataList": [
    {
      "id": 90077,
      "name": "Цепкий мусорный краб",
      "desc": "Противник"
    },
    {
      "id": 90078,
      "name": "Заострённый мусорный краб",
      "desc": "Противник"
    },
    {
      "id": 90079,
      "name": "Твердопанцирный мусорный краб",
      "desc": "Противник"
    },
    {
      "id": 90080,
      "name": "Мусорный краб-пушкарь",
      "desc": "Противник"
    },
    {
      "id": 90081,
      "name": "Мусорный краб-пушкарь со штыком",
      "desc": "Противник"
    },
    {
      "id": 8063,
      "name": "Королевский мусорный краб",
      "desc": "Ядро"
    },
    {
      "id": 806301,
      "name": "Голова",
      "desc": "Часть"
    },
    {
      "id": 806302,
      "name": "Раковина",
      "desc": "Часть"
    },
    {
      "id": 8070,
      "name": "Цепкий мусорный краб",
      "desc": "Ядро"
    },
    {
      "id": 807001,
      "name": "Тело",
      "desc": "Часть"
    },
    {
      "id": 8071,
      "name": "Заострённый мусорный краб",
      "desc": "Ядро"
    },
    {
      "id": 807101,
      "name": "Тело",
      "desc": "Часть"
    },
    {
      "id": 8072,
      "name": "Твердопанцирный мусорный краб",
      "desc": "Ядро"
    },
    {
      "id": 807201,
      "name": "Тело",
      "desc": "Часть"
    },
    {
      "id": 8073,
      "name": "Мусорный краб-пушкарь",
      "desc": "Ядро"
    },
    {
      "id": 807301,
      "name": "Тело",
      "desc": "Часть"
    },
    {
      "id": 8074,
      "name": "Мусорный краб-пушкарь со штыком",
      "desc": "Ядро"
    },
    {
      "id": 807401,
      "name": "Тело",
      "desc": "Часть"
    }
  ]
}