{
  "dataList": [
    {
      "id": 8501,
      "name": "Косой солдат из воспоминаний",
      "desc": "Ядро"
    },
    {
      "id": 850101,
      "name": "Тело",
      "desc": "Часть"
    },
    {
      "id": 8502,
      "name": "Безнадёжный солдат из воспоминаний",
      "desc": "Ядро"
    },
    {
      "id": 850201,
      "name": "Тело",
      "desc": "Часть"
    },
    {
      "id": 8503,
      "name": "Повреждённый солдат из воспоминаний",
      "desc": "Ядро"
    },
    {
      "id": 850301,
      "name": "Тело",
      "desc": "Часть"
    },
    {
      "id": 8504,
      "name": "Командир дивизии Корп. G из воспоминаний",
      "desc": "Ядро"
    },
    {
      "id": 850401,
      "name": "Тело",
      "desc": "Часть"
    },
    {
      "id": 8505,
      "name": "Весёлый Мариачи",
      "desc": "Ядро"
    },
    {
      "id": 850501,
      "name": "Тело",
      "desc": "Часть"
    },
    {
      "id": 8506,
      "name": "Задорный Мариачи",
      "desc": "Ядро"
    },
    {
      "id": 850601,
      "name": "Тело",
      "desc": "Часть"
    },
    {
      "id": 8507,
      "name": "Грозный бандит банды Бом-бом",
      "desc": "Ядро"
    },
    {
      "id": 850701,
      "name": "Тело",
      "desc": "Часть"
    },
    {
      "id": 8508,
      "name": "Разминающийся бандит банды Бом-бом",
      "desc": "Ядро"
    },
    {
      "id": 850801,
      "name": "Тело",
      "desc": "Часть"
    },
    {
      "id": 8509,
      "name": "Аида",
      "desc": "Ядро"
    },
    {
      "id": 850901,
      "name": "Тело",
      "desc": "Часть"
    },
    {
      "id": 8510,
      "name": "Плачущая жаба",
      "desc": "Ядро"
    },
    {
      "id": 851001,
      "name": "Тело",
      "desc": "Часть"
    },
    {
      "id": 851002,
      "name": "Левый глаз",
      "desc": "Часть"
    },
    {
      "id": 851003,
      "name": "Правый глаз",
      "desc": "Часть"
    },
    {
      "id": 8511,
      "name": "Послушный инквизитор Корп. N",
      "desc": "Противник"
    },
    {
      "id": 851101,
      "name": "Тело",
      "desc": "Часть"
    },
    {
      "id": 8512,
      "name": "Следующий инквизитор Корп. N",
      "desc": "Противник"
    },
    {
      "id": 851201,
      "name": "Тело",
      "desc": "Часть"
    },
    {
      "id": 8513,
      "name": "Мучающий инквизитор Корп. N",
      "desc": "Противник"
    },
    {
      "id": 851301,
      "name": "Тело",
      "desc": "Часть"
    },
    {
      "id": 8514,
      "name": "Допрашивающий инквизитор Корп. N",
      "desc": "Противник"
    },
    {
      "id": 851401,
      "name": "Тело",
      "desc": "Часть"
    },
    {
      "id": 8515,
      "name": "Одержимый инквизитор Корп. N",
      "desc": "Противник"
    },
    {
      "id": 851501,
      "name": "Тело",
      "desc": "Часть"
    },
    {
      "id": 8516,
      "name": "Радостный инквизитор Корп. N",
      "desc": "Противник"
    },
    {
      "id": 851601,
      "name": "Тело",
      "desc": "Часть"
    },
    {
      "id": 8517,
      "name": "Гвидо Стойкий",
      "desc": "Противник"
    },
    {
      "id": 851701,
      "name": "Тело",
      "desc": "Часть"
    },
    {
      "id": 8518,
      "name": "Преломленный Сторожевой пёс улиц",
      "desc": "Ядро"
    },
    {
      "id": 851801,
      "name": "Тело",
      "desc": "Часть"
    },
    {
      "id": 851802,
      "name": "Телефонные столбы",
      "desc": "Часть"
    },
    {
      "id": 851803,
      "name": "Человек",
      "desc": "Часть"
    },
    {
      "id": 851804,
      "name": "Голова",
      "desc": "Часть"
    },
    {
      "id": 8519,
      "name": "Kqe-1j-23",
      "desc": "Ядро"
    },
    {
      "id": 851901,
      "name": "Тело",
      "desc": "Часть"
    },
    {
      "id": 8520,
      "name": "Сердце горожан",
      "desc": "Ядро"
    },
    {
      "id": 852001,
      "name": "Сердце",
      "desc": "Часть"
    },
    {
      "id": 8521,
      "name": "Агент 3-го уровня Корп. K",
      "desc": "Ядро"
    },
    {
      "id": 852101,
      "name": "Тело",
      "desc": "Часть"
    },
    {
      "id": 8522,
      "name": "Здесь всё Инквизитор",
      "desc": "Ядро"
    },
    {
      "id": 852201,
      "name": "Тело",
      "desc": "Часть"
    },
    {
      "id": 8523,
      "name": "Усиленный агент 3-го уровня Корп. K",
      "desc": "Ядро"
    },
    {
      "id": 852301,
      "name": "Тело",
      "desc": "Часть"
    },
    {
      "id": 8524,
      "name": "Безглавый ихтис",
      "desc": "Ядро"
    },
    {
      "id": 852401,
      "name": "Тело",
      "desc": "Часть"
    },
    {
      "id": 852402,
      "name": "Правая нога",
      "desc": "Часть"
    },
    {
      "id": 852403,
      "name": "Левая нога",
      "desc": "Часть"
    },
    {
      "id": 852404,
      "name": "Хвост",
      "desc": "Часть"
    },
    {
      "id": 8525,
      "name": "Извивающийся допрашиватель",
      "desc": "Ядро"
    },
    {
      "id": 852501,
      "name": "Тело",
      "desc": "Часть"
    },
    {
      "id": 852502,
      "name": "Левая рука",
      "desc": "Часть"
    },
    {
      "id": 852503,
      "name": "Правая рука",
      "desc": "Часть"
    },
    {
      "id": 8526,
      "name": "Кромер, мечтающая о полноценном человеке",
      "desc": "Ядро"
    },
    {
      "id": 852601,
      "name": "Правая рука",
      "desc": "Часть"
    },
    {
      "id": 852602,
      "name": "Левая рука",
      "desc": "Часть"
    },
    {
      "id": 852603,
      "name": "Пасть",
      "desc": "Часть"
    },
    {
      "id": 8527,
      "name": "Моя форма пустеет",
      "desc": "Ядро"
    },
    {
      "id": 852701,
      "name": "Будда Му́рти",
      "desc": "Часть"
    },
    {
      "id": 852702,
      "name": "Каменный пьедестал",
      "desc": "Часть"
    },
    {
      "id": 8528,
      "name": "Подконтрольный Гвидо",
      "desc": "Противник"
    },
    {
      "id": 852801,
      "name": "Тело",
      "desc": "Часть"
    },
    {
      "id": 8529,
      "name": "Подконтрольная Аида",
      "desc": "Противник"
    },
    {
      "id": 852901,
      "name": "Тело",
      "desc": "Часть"
    },
    {
      "id": 8530,
      "name": "Подконтрольный Командир дивизии Корп. G",
      "desc": "Противник"
    },
    {
      "id": 853001,
      "name": "Тело",
      "desc": "Часть"
    },
    {
      "id": 8531,
      "name": "Спокойный охранник контрольного пункта Корп. K",
      "desc": "Противник"
    },
    {
      "id": 853101,
      "name": "Тело",
      "desc": "Часть"
    },
    {
      "id": 8532,
      "name": "Надёжный охранник контрольного пункта Корп. K",
      "desc": "Противник"
    },
    {
      "id": 853201,
      "name": "Тело",
      "desc": "Часть"
    },
    {
      "id": 8533,
      "name": "Кромер",
      "desc": "Противник"
    },
    {
      "id": 853301,
      "name": "Тело",
      "desc": "Часть"
    },
    {
      "id": 8534,
      "name": "Агент 3-го уровня Корп. K",
      "desc": "Ядро"
    },
    {
      "id": 853401,
      "name": "Тело",
      "desc": "Часть"
    },
    {
      "id": 8535,
      "name": "Меняющийся инквизитор",
      "desc": "Ядро"
    },
    {
      "id": 853501,
      "name": "Тело",
      "desc": "Часть"
    },
    {
      "id": 8536,
      "name": "Четырёхлапая тварь",
      "desc": "Ядро"
    },
    {
      "id": 853601,
      "name": "Тело",
      "desc": "Часть"
    },
    {
      "id": 8537,
      "name": "Преломленный Безглавый ихтис",
      "desc": "Ядро"
    },
    {
      "id": 853701,
      "name": "Тело",
      "desc": "Часть"
    },
    {
      "id": 853702,
      "name": "Правая нога",
      "desc": "Часть"
    },
    {
      "id": 853703,
      "name": "Левая нога",
      "desc": "Часть"
    },
    {
      "id": 853704,
      "name": "Хвост",
      "desc": "Часть"
    },
    {
      "id": 8538,
      "name": "Сторожевой пёс улиц",
      "desc": "Ядро"
    },
    {
      "id": 853801,
      "name": "Тело",
      "desc": "Часть"
    },
    {
      "id": 853802,
      "name": "Телефонные столбы",
      "desc": "Часть"
    },
    {
      "id": 853803,
      "name": "Человек",
      "desc": "Часть"
    },
    {
      "id": 853804,
      "name": "Голова",
      "desc": "Часть"
    }
  ]
}