{
  "dataList": [
    {
      "id": 1223,
      "name": "Рыцарь отчаяния",
      "desc": "Противник"
    },
    {
      "id": 122301,
      "name": "Тело",
      "desc": "Часть Рыцаря отчаяния"
    },
    {
      "id": 1224,
      "name": "Меч забытого рыцаря",
      "desc": "Противник"
    },
    {
      "id": 122401,
      "name": "Тело",
      "desc": "Часть меча Рыцаря отчаяния"
    },
    {
      "id": 1225,
      "name": "Меч, разбивающий сердце",
      "desc": "Противник"
    },
    {
      "id": 122501,
      "name": "Тело",
      "desc": "Часть меча Рыцаря отчаяния"
    },
    {
      "id": 1226,
      "name": "Меч, разрывающий сердце",
      "desc": "Противник"
    },
    {
      "id": 122601,
      "name": "Тело",
      "desc": "Часть меча Рыцаря отчаяния"
    },
    {
      "id": 1227,
      "name": "Меч, пронзающий сердце",
      "desc": "Противник"
    },
    {
      "id": 122701,
      "name": "Тело",
      "desc": "Часть меча Рыцаря отчаяния"
    }
  ]
}