﻿{
  "dataList": [
    {
      "id": 90110,
      "name": "Решительный вакашу клана «Курокумо»",
      "desc": "Ядро"
    },
    {
      "id": 90111,
      "name": "Нервный вакашу клана «Курокумо»",
      "desc": "Ядро"
    },
    {
      "id": 90112,
      "name": "Умелая вакашу клана «Курокумо»",
      "desc": "Ядро"
    },
    {
      "id": 90113,
      "name": "Уставшая вакашу клана «Курокумо»",
      "desc": "Ядро"
    },
    {
      "id": 91013,
      "name": "Капитан клана «Курокумо» Дзюн",
      "desc": "Ядро"
    },
    {
      "id": 8151,
      "name": "Грех Гнева?",
      "desc": "Ядро"
    },
    {
      "id": 8152,
      "name": "Грех Уныния?",
      "desc": "Ядро"
    },
    {
      "id": 8153,
      "name": "Искажающийся Ким в Бамбуковой Шляпе",
      "desc": "Ядро"
    },
    {
      "id": 8154,
      "name": "Искажённый Ким в Бамбуковой Шляпе",
      "desc": "Ядро"
    }
  ]
}
