{
  "dataList": [
    {
      "id": "1",
      "content": "Standard Extraction"
    },
    {
      "id": "2",
      "content": "Assured Extraction: 3★ Identity"
    },
    {
      "id": "3",
      "content": "New Manager’s Welcome Extraction"
    },
    {
      "id": "4",
      "content": "[Season 1] Assured Extraction: 3★ Identity"
    },
    {
      "id": "101",
      "content": "Target Extraction: Gregor"
    },
    {
      "id": "102",
      "content": "Новая раздача на спавне: N Corp. #1"
    },
    {
      "id": "103",
      "content": "Target Extraction: Rodion"
    },
    {
      "id": "104",
      "content": "Новая раздача на спавне: N Corp. #2"
    },
    {
      "id": "105",
      "content": "Target Extraction: Heathcliff"
    },
    {
      "id": "106",
      "content": "Новая раздача на спавне: Seven S6 Director Outis & Liu S5 Hong Lu"
    },
    {
      "id": "107",
      "content": "Target Extraction: Don Quixote"
    },
    {
      "id": "108",
      "content": "Новая раздача на спавне: Hell’s Chicken"
    },
    {
      "id": "109",
      "content": "Target Extraction: Hong Lu"
    },
    {
      "id": "110",
      "content": "Новая раздача на спавне: N Corp. #3"
    },
    {
      "id": "111",
      "content": "Target Extraction: Faust"
    },
    {
      "id": "112",
      "content": "Target Extraction: Dimension Shredder for Yi Sang & Hong Lu"
    },
    {
      "id": "113",
      "content": "Target Extraction: Meursault"
    },
    {
      "id": "114",
      "content": "Новая раздача на спавне: Rosespanner Workshop"
    },
    {
      "id": "5",
      "content": "[Season 2] Assured Extraction: 3★ Identity"
    },
    {
      "id": "115",
      "content": "Новая раздача на спавне: Technology Liberation Alliance & Rosespanner Workshop"
    },
    {
      "id": "116",
      "content": "Target Extraction: Outis"
    },
    {
      "id": "117",
      "content": "Новая раздача на спавне: Technology Liberation Alliance #2"
    },
    {
      "id": "118",
      "content": "Target Extraction: Sinclair"
    },
    {
      "id": "119",
      "content": "Новая раздача на спавне: K Corp & Technology Liberation Alliance #3"
    },
    {
      "id": "120",
      "content": "Target Extraction: Red Eyes & Red Eyes (Open)"
    },
    {
      "id": "121",
      "content": "Новая раздача на спавне: Liu South Section 4 Ishmael"
    },
    {
      "id": "122",
      "content": "Target Extraction: Yi Sang"
    },
    {
      "id": "123",
      "content": "Новая раздача на спавне: R Corp. 4th Pack Rhino Meursault & Zwei South Section 5 Rodion"
    },
    {
      "id": "124",
      "content": "Новая раздача на спавне: Cinq South Section 5 Director Don Quixote"
    },
    {
      "id": "125",
      "content": "Target Extraction: Ryōshū"
    },
    {
      "id": "126",
      "content": "Новая раздача на спавне: Identity & E.G.O - S.E.A"
    },
    {
      "id": "127",
      "content": "Новая раздача на спавне: Zwei South Section 4 Gregor & Faust"
    },
    {
      "id": "128",
      "content": "Target Extraction: Ishmael"
    },
    {
      "id": "129",
      "content": "Новая раздача на спавне: W Corp. L3 Cleanup Agent Ryōshū & L2 Cleanup Agent Hong Lu"
    },
    {
      "id": "130",
      "content": "Target Extraction: Don Quixote"
    },
    {
      "id": "131",
      "content": "Новая раздача на спавне: Seven South Section 4 Faust & Heathcliff"
    },
    {
      "id": "132",
      "content": "Target Extraction: Gregor"
    },
    {
      "id": "133",
      "content": "Новая раздача на спавне: Dieci South Section 4 Rodion"
    },
    {
      "id": "134",
      "content": "Target Extraction: Hong Lu"
    },
    {
      "id": "135",
      "content": "New E.G.O Target Extraction: Lantern for Sinclair"
    },
    {
      "id": "136",
      "content": "New E.G.O Target Extraction: Ya Śūnyatā Tad Rūpam for Heathcliff"
    },
    {
      "id": "137",
      "content": "Target Extraction: Rodion"
    },
    {
      "id": "138",
      "content": "The 1st Walpurgis Night Target Extraction"
    },
    {
      "id": "139",
      "content": "Target Extraction: Heathcliff"
    },
    {
      "id": "140",
      "content": "Новая раздача на спавне: W Corp. L3 Cleanup Agent Yi Sang"
    },
    {
      "id": "141",
      "content": "Target Extraction: Faust"
    },
    {
      "id": "142",
      "content": "Новая раздача на спавне: Twinhook Pirates First mate Gregor & Уборщиков ебаных Assistant Manager Ryōshū"
    },
    {
      "id": "143",
      "content": "Новая раздача на спавне: The Middle Little Sister Don Quixote & Little Brother Meursault"
    },
    {
      "id": "6",
      "content": "[Season 3] Assured Extraction: 3★ Identity"
    },
    {
      "id": "144",
      "content": "Target Extraction: Outis"
    },
    {
      "id": "145",
      "content": "Новая раздача на спавне: The Pequod Harpooneer Heathcliff & First Mate Yi Sang"
    },
    {
      "id": "146",
      "content": "Target Extraction: Meursault"
    },
    {
      "id": "147",
      "content": "New E.G.O Target Extraction: Pursuance for Rodion"
    },
    {
      "id": "148",
      "content": "Новая раздача на спавне: Cinq South S4 Director Sinclair & S4 Outis"
    },
    {
      "id": "149",
      "content": "Target Extraction: Ryōshū"
    },
    {
      "id": "150",
      "content": "New E.G.O Target Extraction: Miracle in District 20"
    },
    {
      "id": "151",
      "content": "Target Extraction: Yi Sang"
    },
    {
      "id": "152",
      "content": "The 2nd Walpurgis Night Target Extraction"
    },
    {
      "id": "153",
      "content": "Target Extraction: Sinclair"
    },
    {
      "id": "154",
      "content": "Новая раздача на спавне: Dieci South Section 4 Hong Lu & Yi Sang"
    },
    {
      "id": "155",
      "content": "Target Extraction: Gregor"
    },
    {
      "id": "156",
      "content": "Новая раздача на спавне: The Pequod Captain Ishmael"
    },
    {
      "id": "157",
      "content": "New E.G.O Target Extraction: Wishing Cairn for Don Quixote"
    },
    {
      "id": "158",
      "content": "Target Extraction: Hong Lu"
    },
    {
      "id": "159",
      "content": "Новая раздача на спавне: Yield My Flesh to Claim Their Bones"
    },
    {
      "id": "160",
      "content": "Target Extraction: Ishmael"
    },
    {
      "id": "161",
      "content": "Новая раздача на спавне: Liu South S4 Director Rodion & S4 Ryōshū"
    },
    {
      "id": "162",
      "content": "New E.G.O Target Extraction: Garden of Thorns for Gregor"
    },
    {
      "id": "163",
      "content": "Target Extraction: Don Quixote"
    },
    {
      "id": "164",
      "content": "Новая раздача на спавне: Öufi South Section 3 Heathcliff"
    },
    {
      "id": "7",
      "content": "[Season 4] Assured Extraction: 3★ Identity"
    },
    {
      "id": "165",
      "content": "Новая раздача на спавне: Wuthering Heights Chief Butler Outis & Dead Rabbits Boss Meursault"
    },
    {
      "id": "166",
      "content": "Target Extraction: Rodion"
    },
    {
      "id": "167",
      "content": "Новая раздача на спавне: Edgar Family Heir Gregor & Wuthering Heights Butler Faust"
    },
    {
      "id": "168",
      "content": "Target Extraction: Heathcliff"
    },
    {
      "id": "169",
      "content": "Новая раздача на спавне: Edgar Family Chief Butler Ryōshū & Butler Ishmael"
    },
    {
      "id": "170",
      "content": "Target Extraction: Ryōshū"
    },
    {
      "id": "171",
      "content": "The 3rd Walpurgis Night Target Extraction"
    },
    {
      "id": "172",
      "content": "Target Extraction: Faust"
    },
    {
      "id": "173",
      "content": "Новая раздача на спавне: The Ring Pointillist Student Yi Sang & Outis"
    },
    {
      "id": "174",
      "content": "Target Extraction: Outis"
    },
    {
      "id": "175",
      "content": "New E.G.O Target Extraction: Cavernous Wailing for Hong Lu & Sinclair"
    },
    {
      "id": "176",
      "content": "Target Extraction: Meursault"
    },
    {
      "id": "177",
      "content": "Новая раздача на спавне: Timekilling Time"
    },
    {
      "id": "178",
      "content": "Target Extraction: Yi Sang"
    },
    {
      "id": "179",
      "content": "Новая раздача на спавне: T Corp. Class 3 Collection Staff Don Quixote & Class 2 Collection Staff Rodion"
    },
    {
      "id": "180",
      "content": "Target Extraction: Sinclair"
    },
    {
      "id": "181",
      "content": "Новая раздача на спавне: Dieci South S4 Director Meursault & Contempt, Awe Ryōshū"
    },
    {
      "id": "182",
      "content": "Target Extraction: Gregor"
    },
    {
      "id": "183",
      "content": "Новая раздача на спавне: W Corp. L3 Cleanup Captain Outis & Fell Bullet Heathcliff"
    },
    {
      "id": "184",
      "content": "Target Extraction: Hong Lu"
    },
    {
      "id": "185",
      "content": "Новая раздача на спавне: MultiCrack Office Rep Faust & Dimension Shredder Outis"
    },
    {
      "id": "186",
      "content": "Target Extraction: Ishmael"
    },
    {
      "id": "187",
      "content": "Новая раздача на спавне: Wild Hunt Heathcliff"
    },
    {
      "id": "188",
      "content": "Target Extraction: Don Quixote"
    },
    {
      "id": "189",
      "content": "The 4th Walpurgis Night Target Extraction"
    },
    {
      "id": "190",
      "content": "Target Extraction: Ryōshū"
    },
    {
      "id": "191",
      "content": "New Identity & E.G.O Target Extraction: Devyat' North Section 3 Rodion & Bygone Days Ishmael"
    },
    {
      "id": "192",
      "content": "Новая раздача на спавне: Zwei West Section 3 Ishmael"
    },
    {
      "id": "193",
      "content": "Target Extraction: Faust"
    },
    {
      "id": "194",
      "content": "Новая раздача на спавне: Cinq West Section 3 Meursault & Zwei West Section 3 Sinclair"
    },
    {
      "id": "195",
      "content": "Новая раздача на спавне: The Barber of La Manchaland Outis & Fanghunt Office Fixer Hong Lu"
    },
    {
      "id": "8",
      "content": "[Season 5] Assured Extraction: 3★ Identity"
    },
    {
      "id": "196",
      "content": "Target Extraction: Rodion"
    },
    {
      "id": "197",
      "content": "Новая раздача на спавне: The Priest of La Manchaland Gregor"
    },
    {
      "id": "198",
      "content": "Target Extraction: Meursault"
    },
    {
      "id": "199",
      "content": "New Identity & E.G.O Target Extraction: The Princess of La Manchaland Rodion & Fell Bullet Yi Sang"
    },
    {
      "id": "200",
      "content": "Target Extraction: Outis"
    },
    {
      "id": "201",
      "content": "New Identity & E.G.O Target Extraction: Devyat' North Section 3 Sinclair & Asymmetrical Inertia Heathcliff"
    },
    {
      "id": "202",
      "content": "Target Extraction: Yi Sang"
    },
    {
      "id": "203",
      "content": "Новая раздача на спавне: The Manager of La Manchaland Don Quixote"
    },
    {
      "id": "204",
      "content": "Target Extraction: Heathcliff"
    },
    {
      "id": "205",
      "content": "New E.G.O Target Extraction: Miracle in District 20 BokGak"
    },
    {
      "id": "206",
      "content": "Target Extraction: Sinclair"
    },
    {
      "id": "207",
      "content": "The 5th Walpurgis Night Target Extraction"
    },
    {
      "id": "208",
      "content": "Target Extraction: Gregor"
    },
    {
      "id": "209",
      "content": "Новая раздача на спавне: LCB Regular Check-up"
    },
    {
      "id": "210",
      "content": "Target Extraction: Blade Lineage & Kurokumo Clan"
    },
    {
      "id": "211",
      "content": "Новая раздача на спавне: Kurokumo Clan Captain Ishmael"
    },
    {
      "id": "212",
      "content": "Target Extraction: Ryōshū"
    },
    {
      "id": "213",
      "content": "New Identity & E.G.O Target Extraction: Liu South Section 3 Yi Sang & Thoracalgia Faust"
    },
    {
      "id": "214",
      "content": "Target Extraction: Faust"
    },
    {
      "id": "215",
      "content": "Новая раздача на спавне: Firefist Office Survivor Gregor & Cinq East Section 3 Don Quixote"
    },
    {
      "id": "216",
      "content": "Target Extraction: Hong Lu"
    },
    {
      "id": "217",
      "content": "Новая раздача на спавне: Nocturnal Sweeping"
    },
    {
      "id": "218",
      "content": "Target Extraction: Don Quixote"
    },
    {
      "id": "219",
      "content": "Новая раздача на спавне: The Middle Little Brother Sinclair"
    },
    {
      "id": "220",
      "content": "Target Extraction: Ishmael"
    },
    {
      "id": "221",
      "content": "New E.G.O Target Extraction: Indicant's Trial for Rodion"
    },
    {
      "id": "222",
      "content": "Target Extraction: Sinclair"
    },
    {
      "id": "223",
      "content": "Новая раздача на спавне: R Corp. 4th Pack Reindeer Hong Lu"
    },
    {
      "id": "9",
      "content": "[Season 6] Assured Extraction: 3★ Identity"
    },
    {
      "id": "224",
      "content": "Target Extraction: Outis"
    },
    {
      "id": "225",
      "content": "Новая раздача на спавне: Heishou Pack - Si Branch Rodion & Gregor"
    },
    {
      "id": "226",
      "content": "Новая раздача на спавне: Heishou Pack - Mao Branch Adept Faust"
    },
    {
      "id": "227",
      "content": "Target Extraction: Heathcliff"
    },
    {
      "id": "228",
      "content": "Новая раздача на спавне: Family Hierarch Candidate Ishmael"
    },
    {
      "id": "229",
      "content": "Target Extraction: Rodion"
    },
    {
      "id": "230",
      "content": "Новая раздача на спавне: The Thumb East Capo IIII Meursault & Soldato II Sinclair"
    },
    {
      "id": "231",
      "content": "Target Extraction: La Manchaland - Bloodfiends"
    },
    {
      "id": "232",
      "content": "Новая раздача на спавне: N Corp. E.G.O::Fell Bullet Yi Sang"
    },
    {
      "id": "233",
      "content": "The 1st & 2nd Walpurgis Night Target Extraction BokGak"
    },
    {
      "id": "234",
      "content": "The 6th Walpurgis Night Target Extraction"
    },
    {
      "id": "235",
      "content": "Target Extraction: Yi Sang"
    },
    {
      "id": "236",
      "content": "Новая раздача на спавне: ЕБИТЕ МЕНЯ СЕМЕРО ЧАСАМИ"
    },
    {
      "id": "237",
      "content": "Target Extraction: Heishou Pack"
    },
    {
      "id": "238",
      "content": "New Target Extraction: The Lord of Hongyuan Hong Lu"
    },
    {
      "id": "239",
      "content": "Target Extraction: Ishmael"
    },
    {
      "id": "240",
      "content": "New Target Extraction: Spring Cultivation"
    }
  ]
}