﻿{
  "dataList": [
    {
      "id": "stage_recommend_level_popup_battle_participant_desc",
      "content": "Данный ср. уровень твоих айдишек <color=#990000>ниже</color> Необходимого уровня.\nВсе равно попиздовать?"
    },
    {
      "id": "stage_recommend_level_popup_formation_desc",
      "content": "Данный ср. уровень айдишек в лоадауте <color=#990000>ниже</color> Необходимого уровня.\nВсе равно попиздовать?"
    },
    {
      "id": "stage_recommend_level_popup_dungeon_entrance_desc",
      "content": "Данный ср. уровень айдишек в лоадауте <color=#990000>ниже</color> Необходимого уровня.\nВсе равно попиздовать?"
    },
    {
      "id": "current_average_level_and_recommend_level_format",
      "content": "Ср. уровень твоих айдишек: {0}\n<color=#f8c200>А тебе желательно: {1}</color>"
    },
    {
      "id": "current_average_level_with_additional_val_and_recommend_level_format",
      "content": "Ср. уровень твоих айдишек: {0} ({1})\n<color=#f8c200>А тебе желательно: {2}</color>"
    },
    {
      "id": "stage_recommend_uptie_popup_dungeon_entrance_desc",
      "content": "<color=#f8c200>Желательно иметь уровень айдишек, их аптай, ЭГО и тредспины на них <color=#990000>тира: {0}</color> </color>"
    }
  ]
}