{
  "dataList": [
    {
      "id": "mirrordungeon_name_1",
      "content": "Зеркало начала"
    },
    {
      "id": "mirrordungeon_name_2",
      "content": "Зеркало зеркал"
    },
    {
      "id": "mirrordungeon_name_1_0",
      "content": "Зеркало начала"
    },
    {
      "id": "mirrordungeon_name_2_0",
      "content": "Обычное зеркало зеркал"
    },
    {
      "id": "mirrordungeon_name_2_1",
      "content": "Усложненное зеркало зеркал"
    },
    {
      "id": "mirrordungeon_name_3",
      "content": "Зеркало Озера"
    },
    {
      "id": "mirrordungeon_name_3_0",
      "content": "Обычное зеркало Озера"
    },
    {
      "id": "mirrordungeon_name_3_1",
      "content": "Усложненное зеркало Озера"
    },
    {
      "id": "mirrordungeon_name_4",
      "content": "Грозовое зеркало"
    },
    {
      "id": "mirrordungeon_name_4_0",
      "content": "Симуляция грозового зеркала"
    },
    {
      "id": "mirrordungeon_name_4_1",
      "content": "Ритурнель грозового зеркала"
    },
    {
      "id": "mirrordungeon_name_5",
      "content": "Зеркало мечтаний"
    },
    {
      "id": "mirrordungeon_name_5_0",
      "content": "Зеркало мечтаний [НОРМ.]"
    },
    {
      "id": "mirrordungeon_name_5_1",
      "content": "Зеркало мечтаний [СЛОЖ.]"
    },
    {
      "id": "mirrordungeon_name_6",
      "content": "Мир Скайрима"
    },
    {
      "id": "mirrordungeon_name_6_0",
      "content": "Мир Скайрима [НОРМ.]"
    },
    {
      "id": "mirrordungeon_name_6_1",
      "content": "Мир Скайрима [СЛОЖ.]"
    }
  ]
}