﻿{
  "dataList": [
    {
      "id": 1036,
      "panicName": "Страдание",
      "lowMoraleDescription": "Получает 1 <sprite name=\"Vulnerable\"><color=#e30000><u><link=\"Vulnerable\">Уязвимость</link></u></color> и 2 <sprite name=\"MentalIncreaseDown\"><color=#e30000><u><link=\"MentalIncreaseDown\">Понижения восстановления СД</link></u></color>",
      "panicDescription": "Получает 2 <sprite name=\"Vulnerable\"><color=#e30000><u><link=\"Vulnerable\">Уязвимости</link></u></color> и 3 <sprite name=\"MentalIncreaseDown\"><color=#e30000><u><link=\"MentalIncreaseDown\">Понижения восстановления СД</link></u></color>"
    }
  ]
}