﻿{
  "dataList": [
    {
      "id": 1029,
      "panicName": "Вина",
      "lowMoraleDescription": "Получает 1 <sprite name=\"Vulnerable\"><color=#e30000><u><link=\"Vulnerable\">Уязвимость</link></u></color> и 1 <sprite name=\"MentalIncreaseDown\"><color=#e30000><u><link=\"MentalIncreaseDown\">Понижение эффективности восстановления СД</link></u></color> на следующий ход",
      "panicDescription": "Получает 2 <sprite name=\"Vulnerable\"><color=#e30000><u><link=\"Vulnerable\">Уязвимости</link></u></color> и 2 <sprite name=\"MentalIncreaseDown\"><color=#e30000><u><link=\"MentalIncreaseDown\">Понижения эффективности восстановления СД</link></u></color> на следующий ход"
    },
    {
      "id": 1031,
      "panicName": "Ресангвинация",
      "lowMoraleDescription": "- Сила в столкновении -1 против целей без <sprite name=\"Laceration\"><color=#e30000><u><link=\"Laceration\">Кровотечения</link></u></color>\n- При попадании восстанавливает ОЗ на количество <sprite name=\"Laceration\"><color=#e30000><u><link=\"Laceration\">Кровотечения</link></u></color> цели",
      "panicDescription": "- Сила в столкновении -2 против целей без <sprite name=\"Laceration\"><color=#e30000><u><link=\"Laceration\">Кровотечения</link></u></color> и +2 против целей с ним\n- При попадании восстанавливает ОЗ на количество <sprite name=\"Laceration\"><color=#e30000><u><link=\"Laceration\">Кровотечения</link></u></color> цели"
    },
    {
      "id": 1032,
      "panicName": "Вина",
      "lowMoraleDescription": "Получает 1 <sprite name=\"Vulnerable\"><color=#e30000><u><link=\"Vulnerable\">Уязвимость</link></u></color> и 1 <sprite name=\"MentalIncreaseDown\"><color=#e30000><u><link=\"MentalIncreaseDown\">Понижение эффективности восстановления СД</link></u></color> на следующий ход",
      "panicDescription": "Получает 2 <sprite name=\"Vulnerable\"><color=#e30000><u><link=\"Vulnerable\">Уязвимости</link></u></color> и 2 <sprite name=\"MentalIncreaseDown\"><color=#e30000><u><link=\"MentalIncreaseDown\">Понижения эффективности восстановления СД</link></u></color> на следующий ход"
    },
    {
      "id": 1034,
      "panicName": "Бремя Ответственности",
      "lowMoraleDescription": "- Получает 2 <sprite name=\"Enhancement\"><color=#f8c200><u><link=\"Enhancement\">Повышения силы атаки</link></u></color> и 1 <sprite name=\"Vulnerable\"><color=#e30000><u><link=\"Vulnerable\">Уязвимость</link></u></color>\n- Максимальная скорость повышается на 2\n- Восстановление ОЗ увеличивается на 30%\n- Если к концу хода значение <sprite name=\"RegainedStrength\"><color=#f8c200><u><link=\"RegainedStrength\">Возвращающейся жажды крови</link></u></color> меньше того, что было в начале хода, получает 2 <sprite name=\"AttackUp\"><color=#f8c200><u><link=\"AttackUp\">Повышения уровня атаки</link></u></color> и 2 <sprite name=\"DefenseDown\"><color=#e30000><u><link=\"DefenseDown\">Понижения уровня защиты</link></u></color> на следующий ход",
      "panicDescription": "- Получает 2 <sprite name=\"Enhancement\"><color=#f8c200><u><link=\"Enhancement\">Повышения силы атаки</link></u></color>, 2 <sprite name=\"Agility\"><color=#f8c200><u><link=\"Agility\">Спешки</link></u></color> и 2 <sprite name=\"Vulnerable\"><color=#e30000><u><link=\"Vulnerable\">Уязвимости</link></u></color>\n- Восстановление ОЗ увеличивается на 50%\n- Если к концу хода значение <sprite name=\"RegainedStrength\"><color=#f8c200><u><link=\"RegainedStrength\">Возвращающейся жажды крови</link></u></color> меньше того, что было в начале хода, получает 3 <sprite name=\"AttackUp\"><color=#f8c200><u><link=\"AttackUp\">Повышения уровня атаки</link></u></color> и 5 <sprite name=\"DefenseDown\"><color=#e30000><u><link=\"DefenseDown\">Понижений уровня защиты</link></u></color> на следующий ход"
    },
    {
      "id": 1033,
      "panicName": "Пробуждающаяся радость кровопролития",
      "lowMoraleDescription": "Получает 2 <sprite name=\"Enhancement\"><color=#f8c200><u><link=\"Enhancement\">Повышения силы атаки</link></u></color> и +2 к Эффективности восстановления СД",
      "panicDescription": "- Получает 6 <sprite name=\"DefenseUp\"><color=#f8c200><u><link=\"DefenseUp\">Повышений уровня защиты</link></u></color> на этот ход\n- Получает 3 <sprite name=\"AttackUp\"><color=#f8c200><u><link=\"AttackUp\">Повышения уровня атаки</link></u></color> на следующий ход"
    }
  ]
}