﻿{
  "dataList": [
    {
      "id": 1030,
      "panicName": "Узда Небытия",
      "lowMoraleDescription": "- Получает 1 <sprite name=\"Enhancement\"><color=#f8c200><u><link=\"Enhancement\">Повышение силы атаки</link></u></color> и 3 <sprite name=\"DefenseDown\"><color=#e30000><u><link=\"DefenseDown\">Понижения уровня защиты</link></u></color>\n- Теряет 5 СД в конце хода",
      "panicDescription": "- Получает 2 <sprite name=\"Enhancement\"><color=#f8c200><u><link=\"Enhancement\">Повышения силы атаки</link></u></color> и 6 <sprite name=\"DefenseDown\"><color=#e30000><u><link=\"DefenseDown\">Понижений уровня защиты</link></u></color>\n- Восстанавливает 10 СД в конце хода"
    },
    {
      "id": 9996,
      "panicName": "Шипы",
      "lowMoraleDescription": "Получает 1 <sprite name=\"AttackDmgUp\"><color=#f8c200><u><link=\"AttackDmgUp\">Повышение урона</link></u></color> при победе в столкновении",
      "panicDescription": "- Получает 1 <sprite name=\"AttackDmgUp\"><color=#f8c200><u><link=\"AttackDmgUp\">Повышение урона</link></u></color> при победе в столкновении\n- Получает 2 <sprite name=\"ParryingResultUp\"><color=#f8c200><u><link=\"ParryingResultUp\">Повышения силы в столкновении</link></u></color> в следующем ходе"
    }
  ]
}