﻿{
  "dataList": [
    {
      "id": 814702,
      "name": "Сомнение",
      "desc": "После убийства испытаниями с помощью навыков, противники теряют 10 СД."
    },
    {
      "id": 814801,
      "name": "Жизнь",
      "desc": "При оглушении или убийстве противника, восстанавливает 50 ОЗ. (Как ядра, так и части)"
    },
    {
      "id": 814901,
      "name": "Боль",
      "desc": "При смерти союзника получает 1 <sprite name=\"Binding\"><color=#e30000><u><link=\"Binding\">Понос</link></u></color>, <sprite name=\"Enhancement\"><color=#f8c200><u><link=\"Enhancement\">Повышение силы атаки</link></u></color> и 3 <sprite name=\"AttackDmgUp\"><color=#f8c200><u><link=\"AttackDmgUp\">Повышения атаки</link></u></color> на следующий ход."
    },
    {
      "id": 814902,
      "name": "Слабость",
      "desc": "При смерти дает всем противникам 5 <sprite name=\"AttackDmgUp\"><color=#f8c200><u><link=\"AttackDmgUp\">Повышений урона</link></u></color> на следующий ход. Эффект не складывается."
    },
    {
      "id": 815001,
      "name": "Безответственность",
      "desc": "Если на поле остались только испытания Зеленого рассвета - Сомнения - δ, эффект Сомнения и Жизни удваивается."
    },
    {
      "id": 815002,
      "name": "Начало",
      "desc": "Если это испытание осталось в живых, новые противники не появляются в конце хода."
    }
  ]
}