{
    "dataList": [
        {
            "id": 836301,
            "name": "Урон ТЬМОЙ",
            "desc": "При нанесении урона также наносит 1~3 урона по СД"
        },
        {
            "id": 836401,
            "name": "Плод понимания",
            "desc": "Самоуничтожается после определённого количества ходов"
        },
        {
            "id": 836402,
            "name": "Плод понимания",
            "desc": "Самоуничтожается после определённого количества ходов"
        },
        {
            "id": 836403,
            "name": "Плод понимания",
            "desc": "Самоуничтожается после определённого количества ходов"
        },
        {
            "id": 836601,
            "name": "Коррозия",
            "desc": "В конце хода: наносит 3 урона всем противникам"
        },
        {
            "id": 836302,
            "name": "Неминуемое разложение",
            "desc": "Самоуничтожается после определённого количества ходов"
        },
        {
            "id": 836602,
            "name": "Пассивная способность руки",
            "desc": "Повредите руку, чтобы отключить определённые навыки"
        }
    ]
}