﻿{
  "dataList": [
    {
      "id": 108001,
      "name": "Сопротивление греха",
      "desc": "Если находится в состоянии оглушения или часть сломана, получает на 50% меньше урона."
    },
    {
      "id": 108002,
      "name": "Резонирующий тряска",
      "desc": "При получении удара наносит 2 <sprite name=\"Vibration\"><color=#e30000><u><link=\"Vibration\">Тряски</link></u></color> атаковавшему.\n\nЕсли цель имеет <sprite name=\"Vibration\"><color=#e30000><u><link=\"Vibration\">Тряска</link></u></color>, наносит 2 <sprite name=\"Vibration\"><color=#e30000><u><link=\"Vibration\">Тряски</link></u></color> всем противникам при ударе.\n\nПосле атаки: если цель убита, наносит 4 <sprite name=\"Vibration\"><color=#e30000><u><link=\"Vibration\">Тряски</link></u></color> всем противникам"
    },
    {
      "id": 108101,
      "name": "Сопротивление греха",
      "desc": "Если находится в состоянии оглушения или часть сломана, получает на 80% меньше урона от <sprite name=\"Sinking\"><color=#e30000><u><link=\"Sinking\">Депрессии</link></u></color>."
    },
    {
      "id": 108102,
      "name": "Растекающееся уныние",
      "desc": "Начало хода: наносит 5 <sprite name=\"Sinking\"><color=#e30000><u><link=\"Sinking\">Депрессии</link></u></color> всем противникам кроме того, который имеет наибольшую SP.\n\nПосле атаки: если цель убита, все противники теряют 10 SP; после этого им наносится 3 <sprite name=\"Sinking\"><color=#e30000><u><link=\"Sinking\">Депрессии</link></u></color> и его счетчик повышается на 2."
    },
    {
      "id": 9018101,
      "name": "Зубы",
      "desc": "При ударе восстанавливает 5 HP и имеет 50% шанс нанести 1 <sprite name=\"Laceration\"><color=#e30000><u><link=\"Laceration\">Кетчуп</link></u></color>."
    },
    {
      "id": 9018102,
      "name": "Фонарь",
      "desc": "Начало боевой фазы: если является целью двух и более противников, получает 1 <sprite name=\"Protection\"><color=#f8c200><u><link=\"Protection\">Защищенность</link></u></color>, 1 <sprite name=\"ParryingResultUp\"><color=#f8c200><u><link=\"ParryingResultUp\">Повышение силы в столкновении</link></u></color> и 1 <sprite name=\"PlusCoinValueUp\"><color=#f8c200><u><link=\"PlusCoinValueUp\">Усиление положительной монеты</link></u></color>"
    },
    {
      "id": 9018103,
      "name": "Цензурированная храбрость",
      "desc": "После атаки: если цель оглушена или убита, увеличивает максимальные HP на 20% от макс. HP, что были в начале столкновения. (До 100%)"
    },
    {
      "id": 9018104,
      "name": "Цензурированное провосудие",
      "desc": "Конец хода: если не удалось нанести урон атакующими навыками, поднимает максимальную и минимальную скорость на 1 и получает 3 <sprite name=\"AttackDmgUp\"><color=#f8c200><u><link=\"AttackDmgUp\">Повышения урона</link></u></color> на следующий ход."
    },
    {
      "id": 9018105,
      "name": "Неестественный фонарь",
      "desc": "Начало боевой фазы: получает 1 <sprite name=\"Vulnerable\"><color=#e30000><u><link=\"Vulnerable\">Уязвимость</link></u></color> за каждую айдишку, которая нацелена на этого противника. (До 5)\n\nНачало боевой фазы: если является целью всех противников, Вес атаки +1.\n- Получает уровень атаки, равный количеству противников; при восстановлении HP восстанавливает 5 дополнительных HP."
    },
    {
      "id": 9018106,
      "name": "Оржие темного типа",
      "desc": "При ударе наносит урон по HP и SP вместе."
    },
    {
      "id": 9018201,
      "name": "Цензурированная мудрость",
      "desc": "Конец хода: при менее чем 0 SP, восстанавливает 5~20 SP."
    },
    {
      "id": 9018202,
      "name": "Цензурированная сдержанность",
      "desc": "При попадании получает 1 <sprite name=\"ParryingResultUp\"><color=#f8c200><u><link=\"ParryingResultUp\">Повышение силы в столкновении</link></u></color> и 1 <sprite name=\"Agility\"><color=#f8c200><u><link=\"Agility\">Спешку</link></u></color> на следующий ход. (До 2)"
    },
    {
      "id": 107901,
      "name": "Мои сородичи зовут меня",
      "desc": "Конец хода: поднимает уровень атаки на 1 за каждые 3% от потерянных HP. (До 5)\n\nКонец хода: получает +1 к минимальной и максимальной скорости на следующий ход за каждые 300 <sprite name=\"BloodDinner\"><color=#9f6a3a><u><link=\"BloodDinner\">Борща</link></u></color>.\n\nHP не может упасть ниже 60%."
    },
    {
      "id": 107902,
      "name": "Кровавая броня",
      "desc": "Начало боевой фазы: получает 1 <sprite name=\"BloodArmor\"><color=#f8c200><u><link=\"BloodArmor\">Кровавую броню</link></u></color>\n- <sprite name=\"BloodArmor\"><color=#f8c200><u><link=\"BloodArmor\">Кровавая броня</link></u></color> не может упасть менее 1\n- При 10 и более <sprite name=\"BloodArmor\"><color=#f8c200><u><link=\"BloodArmor\">Кровавой брони</link></u></color>, конвертирует ее в <sprite name=\"BloodArmor_2nd\"><color=#f8c200><u><link=\"BloodArmor_2nd\">Кровавую броню II</link></u></color>\n- При 20 и более <sprite name=\"BloodArmor_2nd\"><color=#f8c200><u><link=\"BloodArmor_2nd\">Кровавой брони II</link></u></color>, конвертирует ее в <sprite name=\"BloodArmor_3rd\"><color=#f8c200><u><link=\"BloodArmor_3rd\">Кровавую броню III</link></u></color>\n\nПолучает прибавку к максимальной и минимальной скорости за каждую стадию этого эффекта (До 2)\n\nПри трате <sprite name=\"BloodArmor\"><color=#f8c200><u><link=\"BloodArmor\">Кровавой брони</link></u></color> и опускании ее ниже пороговых значений, она возвращается на прошлую стадию"
    },
    {
      "id": 107903,
      "name": "Они жаждут крови",
      "desc": "Конец хода: при нахождении в состоянии паники восстанавливается от нее и поглощает 50 <sprite name=\"BloodDinner\"><color=#9f6a3a><u><link=\"BloodDinner\">Борща</link></u></color> для получения 3 <sprite name=\"Enhancement\"><color=#f8c200><u><link=\"Enhancement\">Повышений силы атаки</link></u></color>\n- Если же не удалось поглотить <sprite name=\"BloodDinner\"><color=#9f6a3a><u><link=\"BloodDinner\">Борщ</link></u></color>, получает 30 <sprite name=\"Laceration\"><color=#e30000><u><link=\"Laceration\">Кетчупа</link></u></color>, 3 <sprite name=\"Enhancement\"><color=#f8c200><u><link=\"Enhancement\">Повышения силы атаки</link></u></color> и 2 <sprite name=\"AttackDmgUp\"><color=#f8c200><u><link=\"AttackDmgUp\">Повышения урона</link></u></color>"
    },
    {
      "id": 107904,
      "name": "Тоска по крови",
      "desc": "Начало боевой фазы: получает <sprite name=\"Bloodthirst\"><color=#e30000><u><link=\"Bloodthirst\">Тоску по крови</link></u></color>"
    },
    {
      "id": 107905,
      "name": "Больше кровавого пира",
      "desc": "Если цель побеждена в конце атаки навыком, увеличивает <sprite name=\"BloodDinner\"><color=#9f6a3a><u><link=\"BloodDinner\">Борщ</link></u></color> на количество максимальных HP цели"
    },
    {
      "id": 108201,
      "name": "Наблюдение",
      "desc": "Начало столкновения: накладывает <sprite name=\"ObservedPerson\"><color=#e30000><u><link=\"ObservedPerson\">Объект наблюдения</link></u></color> на всех противников и получает потенциал и счетчик <sprite name=\"Breath\"><color=#f8c200><u><link=\"Breath\">Кумара</link></u></color>, равный количеству противников с этим эффектом\n\nНачало хода: накладывает <sprite name=\"ObservedPerson\"><color=#e30000><u><link=\"ObservedPerson\">Объект наблюдения</link></u></color> на всех противников без него\n\nНаносит на 1 потенциал и счетчик <sprite name=\"Vibration\"><color=#e30000><u><link=\"Vibration\">Тряски</link></u></color> больше за каждые 10 накопленного <sprite name=\"ObservedPerson\"><color=#e30000><u><link=\"ObservedPerson\">Объекта наблюдения</link></u></color> на цели (До 3)"
    },
    {
      "id": 108202,
      "name": "Адаптация",
      "desc": "Получает 1 <sprite name=\"Breath\"><color=#f8c200><u><link=\"Breath\">Кумар</link></u></color> каждый раз при нанесении урона атакующими навыками (15 раз за ход)\n- Если цель имеет 15 и более количества <sprite name=\"ObservedPerson\"><color=#e30000><u><link=\"ObservedPerson\">Объекта наблюдения</link></u></color>, получает 1 дополнительное <sprite name=\"Breath\"><color=#f8c200><u><link=\"Breath\">Кумар</link></u></color> от этого эффекта\n\nПолучает 1 счетчик <sprite name=\"Breath\"><color=#f8c200><u><link=\"Breath\">Кумара</link></u></color> каждый раз при получении урона от атакующих навыков противников (15 раз за ход)\n- Если нанесший урон имеет 15 и более значения <sprite name=\"ObservedPerson\"><color=#e30000><u><link=\"ObservedPerson\">Объекта наблюдения</link></u></color>, получает 1 дополнительный счетчик <sprite name=\"Breath\"><color=#f8c200><u><link=\"Breath\">Кумара</link></u></color> от этого эффекта"
    },
    {
      "id": 108203,
      "name": "Механизм защиты",
      "desc": "Начало хода: получает щит, равный 30% потерянных HP (Не более 15% макс. HP)\n- Если имеется <sprite name=\"Combustion\"><color=#e30000><u><link=\"Combustion\">Изжога</link></u></color>, теряет (Счетчик <sprite name=\"Combustion\"><color=#e30000><u><link=\"Combustion\">Изжоги</link></u></color> × 1.5)% щита\n- Щит получает на 30% больше урона от эффектов <sprite name=\"Burst\"><color=#e30000><u><link=\"Burst\">Зеленки</link></u></color> и не теряет счетчики <sprite name=\"Burst\"><color=#e30000><u><link=\"Burst\">Зеленки</link></u></color> при менее чем 3 его счетчиках\n\nКонец хода: если щит истощен, получает 1 <sprite name=\"DefenseDown\"><color=#e30000><u><link=\"DefenseDown\">Понижение уровня защиты</link></u></color> до конца столкновения за каждый раз истощения щита (До 5)"
    },
    {
      "id": 108204,
      "name": "Предвзятость в подтверждении",
      "desc": "Конец хода: высасывает 10 SP из противников с более высокой SP, чем у себя. (До трех противников в порядке убывания)\n\nНе активируется в состоянии паники"
    },
    {
      "id": 108205,
      "name": "Сформулировать гипотезу",
      "desc": "На третьем ходе: меняет поведение и начинает готовить мощный навык\n\nПосле окончания третьего хода и начале следующих: вышеописанный эффект активируется при 30 и более счетчиках <sprite name=\"Breath\"><color=#f8c200><u><link=\"Breath\">Кумара</link></u></color> к концу хода\n\nЕсли не было получено никакого урона по HP вне щита в течение периода подготовки мощного навыка, значительно усиливает его"
    },
    {
      "id": 108206,
      "name": "Дезадаптация",
      "desc": "Когда в состоянии ослабления из-за события выбора, это пассивное умение заменяется на 「Адаптация」\n\nПолучает 1 <sprite name=\"Breath\"><color=#f8c200><u><link=\"Breath\">Кумар</link></u></color> каждый раз при нанесении урона навыками (15 раз за ход)\n- Если цель имеет 15 и более количества <sprite name=\"ObservedPerson\"><color=#e30000><u><link=\"ObservedPerson\">Объекта наблюдения</link></u></color>, получает 1 дополнительное <sprite name=\"Breath\"><color=#f8c200><u><link=\"Breath\">Кумар</link></u></color> от этого эффекта, но при этом снижает количество <sprite name=\"ObservedPerson\"><color=#e30000><u><link=\"ObservedPerson\">Объекта наблюдения</link></u></color> цели на 3\n\nПолучает 1 счетчик <sprite name=\"Breath\"><color=#f8c200><u><link=\"Breath\">Кумара</link></u></color> каждый раз при получении урона от атакующих навыков противников (15 раз за ход)\n- Если атакующий имеет 15 и более количества <sprite name=\"ObservedPerson\"><color=#e30000><u><link=\"ObservedPerson\">Объекта наблюдения</link></u></color>, получает 1 дополнительный счетчик <sprite name=\"Breath\"><color=#f8c200><u><link=\"Breath\">Кумара</link></u></color> от этого эффекта, но при этом снижает <sprite name=\"ObservedPerson\"><color=#e30000><u><link=\"ObservedPerson\">Объект наблюдения</link></u></color> атаковавшего на 3"
    },
    {
      "id": 108207,
      "name": "Дезориентированный механизм защиты",
      "desc": "Когда в состоянии ослабления из-за события выбора, это пассивное умение заменяется на 「Механизм защиты」\n\nНачало хода: получает щит, равный 15% потерянных HP (Не более 5% макс. HP)\n- Если имеется <sprite name=\"Combustion\"><color=#e30000><u><link=\"Combustion\">Изжога</link></u></color>, теряет (Счетчик <sprite name=\"Combustion\"><color=#e30000><u><link=\"Combustion\">Изжоги</link></u></color> × 2)% щита\n- Щит получает на 60% больше урона от эффектов <sprite name=\"Burst\"><color=#e30000><u><link=\"Burst\">Зеленки</link></u></color> и не теряет счетчики <sprite name=\"Burst\"><color=#e30000><u><link=\"Burst\">Зеленки</link></u></color> при менее чем 3 его счетчиках\n\nКонец хода: если щит истощен, получает 2 <sprite name=\"DefenseDown\"><color=#e30000><u><link=\"DefenseDown\">Понижения уровня защиты</link></u></color> до конца столкновения за каждый раз истощения щита (До 10)"
    },
    {
      "id": 108208,
      "name": "Неуверенность в себе",
      "desc": "Когда в состоянии ослабления из-за события выбора, это пассивное умение заменяется на 「Предвзятость в подтверждении」\n\nНачало хода: теряет 15 SP\nКонец хода: высасывает 5 SP из противников с более высокой SP, чем у себя. (До трех противников в порядке убывания)\nНе активируется в состоянии паники"
    },
    {
      "id": 108209,
      "name": "Адаптация",
      "desc": "Получает 1 <sprite name=\"Breath\"><color=#f8c200><u><link=\"Breath\">Кумар</link></u></color> каждый раз при нанесении урона атакующими навыками (15 раз за ход)\n- Если цель имеет 15 и более количества <sprite name=\"ObservedPerson\"><color=#e30000><u><link=\"ObservedPerson\">Объекта наблюдения</link></u></color>, получает 1 дополнительное <sprite name=\"Breath\"><color=#f8c200><u><link=\"Breath\">Кумар</link></u></color> от этого эффекта\n\nПолучает 1 счетчик <sprite name=\"Breath\"><color=#f8c200><u><link=\"Breath\">Кумара</link></u></color> каждый раз при получении урона от атакующих навыков противников (15 раз за ход)\n- Если нанесший урон имеет 15 и более значения <sprite name=\"ObservedPerson\"><color=#e30000><u><link=\"ObservedPerson\">Объекта наблюдения</link></u></color>, получает 1 дополнительный счетчик <sprite name=\"Breath\"><color=#f8c200><u><link=\"Breath\">Кумара</link></u></color> от этого эффекта"
    },
    {
      "id": 108210,
      "name": "Механизм защиты",
      "desc": "Начало хода: получает щит, равный 30% потерянных HP (Не более 15% макс. HP)\n- Если имеется <sprite name=\"Combustion\"><color=#e30000><u><link=\"Combustion\">Изжога</link></u></color>, теряет (Счетчик <sprite name=\"Combustion\"><color=#e30000><u><link=\"Combustion\">Изжоги</link></u></color> × 1.5)% щита\n- Щит получает на 30% больше урона от эффектов <sprite name=\"Burst\"><color=#e30000><u><link=\"Burst\">Зеленки</link></u></color> и не теряет счетчики <sprite name=\"Burst\"><color=#e30000><u><link=\"Burst\">Зеленки</link></u></color> при менее чем 3 его счетчиках\n\nКонец хода: если щит истощен, получает 1 <sprite name=\"DefenseDown\"><color=#e30000><u><link=\"DefenseDown\">Понижение уровня защиты</link></u></color> до конца столкновения за каждый раз истощения щита (До 5)"
    },
    {
      "id": 108211,
      "name": "Дезадаптация",
      "desc": "Когда в состоянии ослабления из-за события выбора, это пассивное умение заменяется на 「Адаптация」\n\nПолучает 1 <sprite name=\"Breath\"><color=#f8c200><u><link=\"Breath\">Кумар</link></u></color> каждый раз при нанесении урона навыками (15 раз за ход)\n- Если цель имеет 15 и более количества <sprite name=\"ObservedPerson\"><color=#e30000><u><link=\"ObservedPerson\">Объекта наблюдения</link></u></color>, получает 1 дополнительное <sprite name=\"Breath\"><color=#f8c200><u><link=\"Breath\">Кумар</link></u></color> от этого эффекта, но при этом снижает количество <sprite name=\"ObservedPerson\"><color=#e30000><u><link=\"ObservedPerson\">Объекта наблюдения</link></u></color> цели на 3\n\nПолучает 1 счетчик <sprite name=\"Breath\"><color=#f8c200><u><link=\"Breath\">Кумара</link></u></color> каждый раз при получении урона от атакующих навыков противников (15 раз за ход)\n- Если атакующий имеет 15 и более количества <sprite name=\"ObservedPerson\"><color=#e30000><u><link=\"ObservedPerson\">Объекта наблюдения</link></u></color>, получает 1 дополнительный счетчик <sprite name=\"Breath\"><color=#f8c200><u><link=\"Breath\">Кумара</link></u></color> от этого эффекта, но при этом снижает <sprite name=\"ObservedPerson\"><color=#e30000><u><link=\"ObservedPerson\">Объект наблюдения</link></u></color> атаковавшего на 3"
    }
  ]
}