﻿{
  "dataList": [
    {
      "id": "201",
      "title": "Первая остановка: Прокятие",
      "desc": "<color=#990000><b> [ИНДЕКС ПРЕЛОМЛЕНИЯ: 0%] </b></color>\n\nЧто ж, вот мы и здесь.\nВспоминая тягости прежних битв,\nя вновь ощущаю, как моё тело преломляется.\n\nПривыкну ли я и в этот раз?"
    },
    {
      "id": "202",
      "title": "Вторая остановка: Служение",
      "desc": "<color=#990000><b> [ИНДЕКС ПРЕЛОМЛЕНИЯ: 14%] </b></color>\n\nОна служила снова и снова.\nС того самого дня,как первая паровая\nструя привела в движение железное тело.\nИ, чтобы пройти дальше,\nпора дать ей заслуженный покой."
    },
    {
      "id": "203",
      "title": "Третья остановка: Ливень",
      "desc": "<color=#990000><b> [ИНДЕКС ПРЕЛОМЛЕНИЯ: 21%] </b></color>\n\nЛисы тоже плачут.\nНе знаю, плачет ли он от печали, или же просто взывает к началу дождя.\nЯ лишь знаю, что зонты в его шкуре\nникогда не защищали того от капель с небес.\nЗначит ли, что он хранит свой зонт для кого-то ещё?"
    },
    {
      "id": "204",
      "title": "Четёртая остановка: Просрочка",
      "desc": "<color=#990000><b> [ИНДЕКС ПРЕЛОМЛЕНИЯ: 37%] </b></color>\n\nЯ слышал, что время — деньги.\nТакже до меня доносилась история о скряге, что прятал всё своё золото в своём подвале.\nЗначит, кто-то может собирать время, словно деньги.\n\n…Моя голова болит при одном взгляде на их часы."
    },
    {
      "id": "205",
      "title": "Пятая остановка: Ловушка",
      "desc": "<color=#990000><b> [ИНДЕКС ПРЕЛОМЛЕНИЯ: 49%] </b></color>\n\nИндекс преломления поднимается быстрее, чем на предыдущем пути.\nТаким образом, каждая станция приносит немало проблем.\nКрупные стволы деревьев и лес голубоватого света, окружающие нас, так и манят отдохнуть…\nГолубоватые огоньки на ветках покачиваются, словно зазывая к себе…"
    },
    {
      "id": "206",
      "title": "Шестая остановка: Эксплуатация",
      "desc": "<color=#990000><b> [ИНДЕКС ПРЕЛОМЛЕНИЯ: 63%] </b></color>\n\nИногда мы становимся эгоистами ради собственного выживания.\nИ чтобы не страдать сами,\nмы заставляем страдать других.\nВнезапно, на остановке я оказываюсь перед двумя кнопками.\nПравильно ли это…?"
    },
    {
      "id": "207",
      "title": "Седьмая остановка: Странный запах",
      "desc": "<color=#990000><b> [ИНДЕКС ПРЕЛОМЛЕНИЯ: 86%] </b></color>\n\n\"Выпьем за здоровье!\"\nМы даже не открыли дверь поезда, как меня чуть не сбил с ног запах алкоголя.\n\"Ну же~ Налетайте! Разве не знаете, что нет напитка лучше вина фей?\"\n…Не похоже, что это пойло можно было пить.\nОдного из грешников чуть не стошнило от самой идеи выпить это,\nтак что, похоже, не меня одного посетила такая мысль."
    },
    {
      "id": "208",
      "title": "Восьмая остановка: Круг",
      "desc": "<color=#990000><b> [ИНДЕКС ПРЕЛОМЛЕНИЯ: 96%] </b></color>\n\nПоезд остановился на развилке путей.\nПересечём ли мы границу преломления, или же…\nМожет, вернёмся на старую дорогу новых циклов?\nВ любом случае, предстоит важный выбор.\nСмотря на того, кто нас ожидает… Мы не можем позволить себе заблудиться, как он."
    },
    {
      "id": "209",
      "title": "Четвёртая остановка: Просрочка",
      "desc": "<color=#990000><b> [ИНДЕКС ПРЕЛОМЛЕНИЯ: 37%] </b></color>\n\nЯ слышал, что время — деньги.\nТакже до меня доносилась история о скряге, что прятал всё своё золото в своём подвале.\nЗначит, кто-то может собирать время, словно деньги.\n\n…Моя голова болит при одном взгляде на их часы."
    },
    {
      "id": "210",
      "title": "Седьмая остановка: Странный запах",
      "desc": "<color=#990000><b> [ИНДЕКС ПРЕЛОМЛЕНИЯ: 86%] </b></color>\n\n\"Выпьем за здоровье!\"\nМы даже не открыли дверь поезда, как меня чуть не сбил с ног запах алкоголя.\n\"Ну же~ Налетайте! Разве не знаете, что нет напитка лучше вина фей?\"\n…Не похоже, что это пойло можно было пить.\nОдного из грешников чуть не стошнило от самой идеи выпить это,\nтак что, похоже, не меня одного посетила такая мысль."
    },
    {
      "id": "211",
      "title": "Конечная остановка: Сад",
      "desc": "<color=#990000><b> [ИНДЕКС ПРЕЛОМЛЕНИЯ: ∞%] </b></color>\n\nМы доехали до конечной.\n\nЕдинственное место, где можно сойти с поезда и не потеряться.\nИндекс преломления больше не поддаётся измерению.\nИ впервые, за всю дорогу…\nЯ вижу знак.\nНеужели он говорит нам, что это конец пути?\nИли же… Он хочет сказать, что это конец для нас?"
    }
  ]
}