﻿{
  "dataList": [
    {
      "id": "mainui_shop_charge_enkephalin_tab",
      "content": "Заполнить Героин"
    },
    {
      "id": "mainui_shop_buy_enkephalin_box_tab",
      "content": "Купить пачки Герыча"
    },
    {
      "id": "mainui_shop_buy_enkephalin_box",
      "content": "Куплены пачки Герыча."
    },
    {
      "id": "mainui_shop_scarce_madness",
      "content": "Недостаточно Примогемов."
    },
    {
      "id": "mainui_shop_ask_buy_enkephalin_box",
      "content": "Желаете купить пачки Герыча?"
    },
    {
      "id": "mainui_shop_own",
      "content": "Куплено"
    },
    {
      "id": "mainui_shop_enkephalin_fulled",
      "content": "Героин заполнен до отказа"
    },
    {
      "id": "mainui_shop_ask_charge_enkephalin",
      "content": "Желаете заполнить Героин?"
    },
    {
      "id": "mainui_shop_charge_enkephalin",
      "content": "Героин заполнен."
    },
    {
      "id": "mainui_shop_enkephalin_number",
      "content": "Героин"
    },
    {
      "id": "mainui_shop_madness_tab",
      "content": "Донатная помойка"
    },
    {
      "id": "mainui_shop_package_tab",
      "content": "Паки"
    },
    {
      "id": "mainui_shop_only_once",
      "content": "Предложения для новичков"
    },
    {
      "id": "mainui_shop_additional_give",
      "content": "Дополнительные товары"
    },
    {
      "id": "mainui_shop_not_free",
      "content": "<size=14>Платное</size>"
    },
    {
      "id": "mainui_shop_purchase_per_today_fulled",
      "content": "Вы скупили все пачки на сегодня."
    },
    {
      "id": "mainui_shop_purchase_success",
      "content": "Спасибо за покупку!"
    },
    {
      "id": "mainui_shop_enkephalin_box_scarce",
      "content": "Недостаточно пачек Героина."
    },
    {
      "id": "mainui_shop_lunacy_scarce",
      "content": "Недостаточно Примогемов."
    },
    {
      "id": "mainui_shop_limit_purchase_permanent",
      "content": "Остался {0}"
    },
    {
      "id": "mainui_shop_limit_purchase_periodic",
      "content": "<size=35>Остался {0}\nна прилавке</size>"
    },
    {
      "id": "mainui_shop_acquire_at_mailbox",
      "content": "※ Получите на почте."
    },
    {
      "id": "mainui_shop_purchase_product_success",
      "content": "Успешно приобретено\n{0}."
    },
    {
      "id": "mainui_shop_remain_days_minutes",
      "content": "Осталось {0} дней {1} часов"
    },
    {
      "id": "shopui_use_enkephalin_box",
      "content": "Использовать пачки Героина"
    },
    {
      "id": "shopui_use_lunacy",
      "content": "Использовать {0} Примогемов"
    },
    {
      "id": "shopui_no_more_purchase_chance_today",
      "content": "Вы достаточно купили сегодня,\nвыйди на улицу, потрогай траву."
    },
    {
      "id": "shopui_scarce_lunacy",
      "content": "Недостаточно Примогемов."
    },
    {
      "id": "shopui_scarce_enkephalin_box",
      "content": "Недостаточно пачек герыча."
    },
    {
      "id": "shopui_scarce_enkephalin",
      "content": "Недостаточно Героина."
    },
    {
      "id": "shopui_make_enkephalin_module",
      "content": "Создать Героиновые закладки"
    },
    {
      "id": "shopui_charge_enkephalin_about",
      "content": "Заполнить {0} Героина?"
    },
    {
      "id": "shopui_recover_enkephalin_after_time",
      "content": "{1} Героин восстановится через {0}."
    },
    {
      "id": "shopui_ask_create_enkephalin_module",
      "content": "Желаете сделать Героиновые закладки?"
    },
    {
      "id": "shopui_charge_as_lunacy",
      "content": "Использовать Примогемы"
    },
    {
      "id": "shopui_charge_as_box",
      "content": "Использовать пачки"
    },
    {
      "id": "shopui_create_module",
      "content": "Сделать закладку"
    },
    {
      "id": "remain_days",
      "content": "{0} дней "
    },
    {
      "id": "remain_hours",
      "content": "{0} часов "
    },
    {
      "id": "remain_minutes",
      "content": "{0} минут "
    },
    {
      "id": "enkephalin_charge_finished",
      "content": "Героин заполнен"
    },
    {
      "id": "unable_to_charge",
      "content": "Невозможно заполнить"
    },
    {
      "id": "lack_of_enkephalin_box",
      "content": "Недостаточно ячеек"
    },
    {
      "id": "enkephalin_full",
      "content": "Героин до отказа"
    },
    {
      "id": "purchase_limitation_full",
      "content": "Достигнут лимит покупок"
    },
    {
      "id": "lack_of_lunacy",
      "content": "Недостаточно Примогемов"
    },
    {
      "id": "create_enkephalin_module_success",
      "content": "Закладка собрана"
    },
    {
      "id": "unable_to_create_enkephalin_module",
      "content": "Невозможно создать закладки"
    },
    {
      "id": "lack_of_enkephalin",
      "content": "Недостаточно Героина"
    },
    {
      "id": "remain_days_with_number",
      "content": "Осталось \nдней: {0}"
    },
    {
      "id": "enkephalin_module",
      "content": "Героиновая\nзакладка"
    },
    {
      "id": "enkephalin_box",
      "content": "Пачка\nгерыча"
    },
    {
      "id": "today_purchase_count",
      "content": "Покупок сегодня:"
    },
    {
      "id": "lack_of_lunacy_ask_to_move_shop",
      "content": "Недостаточно Примогемов. Не желаете посетить магазин?"
    },
    {
      "id": "remain_hours_with_number",
      "content": "Осталось часов: {0}"
    },
    {
      "id": "enkephalin_module_count_max",
      "content": "В хранилище модулей Героина нет места."
    },
    {
      "id": "enkephalin_module_count_max_desc",
      "content": "Невозможно создать новые закладки; для них нет места."
    },
    {
      "id": "mainui_shop_lunacy_package_tab",
      "content": "Паки №2"
    },
    {
      "id": "mainui_shop_until_season_finished",
      "content": "До обновления\nСезона 4"
    },
    {
      "id": "mainui_shop_purchase",
      "content": "Купить"
    },
    {
      "id": "mainui_shop_popup_title",
      "content": "Магазин"
    },
    {
      "id": "paidShop_category_SPECIAL",
      "content": "Специальное"
    },
    {
      "id": "paidShop_category_PACKAGE",
      "content": "Паки"
    },
    {
      "id": "paidShop_category_LUNACY",
      "content": "Примогемы"
    },
    {
      "id": "paidShop_category_GROWTH",
      "content": "Рост"
    },
    {
      "id": "returnpolicy_info_title",
      "content": "Политика Возврата"
    },
    {
      "id": "paidShop_Tab_LIMITED",
      "content": "Лимитированное"
    },
    {
      "id": "paidShop_Tab_WEEKLY",
      "content": "Недельное"
    },
    {
      "id": "paidShop_Tab_MONTHLY",
      "content": "Месячное"
    },
    {
      "id": "paidShop_Tab_ALWAYS",
      "content": "Всегда доступно"
    },
    {
      "id": "go_to_mail_popup",
      "content": "Получите на почте"
    },
    {
      "id": "membership_remain_side_title",
      "content": "[Уведомление о времени пака]"
    },
    {
      "id": "membership_remain_side_desc",
      "content": "До окончания доступа к 「{0}」 остлось {1} дней."
    },
    {
      "id": "returnpolicy_table_battlePassPackge",
      "content": "Пак для пропуска «Лимбуса»"
    },
    {
      "id": "paid_runacy_lack",
      "content": "Недостаточно платных Примогемов."
    },
    {
      "id": "membership_remain_side_desc_oneDay",
      "content": "{0} истекает сегодня."
    },
    {
      "id": "restore_purchase_btn",
      "content": "Восстановить покупки"
    },
    {
      "id": "restore_purchase_no_product",
      "content": "Нечего восстанавливать."
    },
    {
      "id": "restore_purchase_succeed",
      "content": "Покупки восстановлены."
    }
  ]
}