{
  "dataList": [
    {
      "id": 1040501,
      "levelList": [
        {
          "level": 1,
          "name": "ПЭ",
          "desc": "",
          "coinlist": [
            {
              "coindescs": [
                {
                  "desc": "[OnSucceedAttack] Повышает свой счетчик <sprite name=\"Charge\"><color=#f8c200><u><link=\"Charge\">Солей</link></u></color> на 2<style=\"highlight\"></style>"
                }
              ]
            },
            {
              "coindescs": [
                {
                  "desc": "[OnSucceedAttack] Повышает свой счетчик <sprite name=\"Charge\"><color=#f8c200><u><link=\"Charge\">Солей</link></u></color> на 2<style=\"highlight\"></style>"
                }
              ]
            }
          ]
        },
        {
          "level": 2,
          "name": "ПЭ",
          "desc": "<style=\"highlight\">При 10 и более на счетчике <sprite name=\"Charge\"><color=#f8c200><u><link=\"Charge\">Солей</link></u></color>, наносит на 10% больше урона</style>",
          "coinlist": [
            {
              "coindescs": [
                {
                  "desc": "[OnSucceedAttack] Повышает свой счетчик <sprite name=\"Charge\"><color=#f8c200><u><link=\"Charge\">Солей</link></u></color> на 2<style=\"highlight\"></style>"
                }
              ]
            },
            {
              "coindescs": [
                {
                  "desc": "[OnSucceedAttack] Повышает свой счетчик <sprite name=\"Charge\"><color=#f8c200><u><link=\"Charge\">Солей</link></u></color> на 2<style=\"highlight\"></style>"
                }
              ]
            }
          ]
        },
        {
          "level": 4,
          "name": "ПЭ",
          "desc": "При 10 и более на счетчике <sprite name=\"Charge\"><color=#f8c200><u><link=\"Charge\">Солей</link></u></color>, наносит на 10% больше урона\n<style=\"highlight\">- При 15 и более на счетчике <sprite name=\"Charge\"><color=#f8c200><u><link=\"Charge\">Солей</link></u></color>, еще на 10% больше урона</style>",
          "coinlist": [
            {
              "coindescs": [
                {
                  "desc": "[OnSucceedAttack] Повышает свой счетчик <sprite name=\"Charge\"><color=#f8c200><u><link=\"Charge\">Солей</link></u></color> на 2<style=\"highlight\"></style>"
                }
              ]
            },
            {
              "coindescs": [
                {
                  "desc": "[OnSucceedAttack] Повышает свой счетчик <sprite name=\"Charge\"><color=#f8c200><u><link=\"Charge\">Солей</link></u></color> на 2<style=\"highlight\"></style>"
                }
              ]
            }
          ]
        }
      ]
    },
    {
      "id": 1040502,
      "levelList": [
        {
          "level": 1,
          "name": "Скачок",
          "desc": "[WhenUse] Повышает свой счетчик <sprite name=\"Charge\"><color=#f8c200><u><link=\"Charge\">Солей</link></u></color> на 5<style=\"highlight\"></style>",
          "coinlist": [
            {
              "coindescs": [
                {
                  "desc": "[OnSucceedAttackHead] При 10 и более на счетчике <sprite name=\"Charge\"><color=#f8c200><u><link=\"Charge\">Солей</link></u></color>, наносит 1 <sprite name=\"SlashTakeDamageUp\"><color=#e30000><u><link=\"SlashTakeDamageUp\">Уязвимость к Рубящему урону</link></u></color><style=\"highlight\"></style>"
                }
              ]
            },
            {},
            {
              "coindescs": [
                {
                  "desc": "[OnSucceedAttack] Если HP цели ниже 30%, на 15% больше урона<style=\"highlight\"></style>"
                }
              ]
            }
          ]
        },
        {
          "level": 2,
          "name": "Скачок",
          "desc": "[WhenUse] Повышает свой счетчик <sprite name=\"Charge\"><color=#f8c200><u><link=\"Charge\">Солей</link></u></color> <style=\"highlight\">на 6</style>\n<style=\"highlight\">Сила монет +1 при 10 и более на счетчике <sprite name=\"Charge\"><color=#f8c200><u><link=\"Charge\">Солей</link></u></color></style>",
          "coinlist": [
            {
              "coindescs": [
                {
                  "desc": "<style=\"highlight\">[OnSucceedAttack]</style> При 10 и более на счетчике <sprite name=\"Charge\"><color=#f8c200><u><link=\"Charge\">Солей</link></u></color>, наносит 1 <sprite name=\"SlashTakeDamageUp\"><color=#e30000><u><link=\"SlashTakeDamageUp\">Уязвимость к Рубящему урону</link></u></color>"
                }
              ]
            },
            {},
            {
              "coindescs": [
                {
                  "desc": "[OnSucceedAttack] Если HP цели ниже 30%, на <style=\"highlight\">20%</style> больше урона"
                },
                {
                  "desc": "<style=\"highlight\">[EnemyKill] Получает 1 <sprite name=\"Agility\"><color=#f8c200><u><link=\"Agility\">Спешку</link></u></color> на следующий ход</style>"
                }
              ]
            }
          ]
        },
        {
          "level": 4,
          "name": "Скачок",
          "desc": "[WhenUse] Повышает свой счетчик <sprite name=\"Charge\"><color=#f8c200><u><link=\"Charge\">Солей</link></u></color> <style=\"highlight\">на 7</style>\nСила монет +1 при 10 и более на счетчике <sprite name=\"Charge\"><color=#f8c200><u><link=\"Charge\">Солей</link></u></color>\n<style=\"highlight\">- При 15 и более на счетчике <sprite name=\"Charge\"><color=#f8c200><u><link=\"Charge\">Солей</link></u></color>, получает еще +1 к Силе монет</style>",
          "coinlist": [
            {
              "coindescs": [
                {
                  "desc": "[OnSucceedAttack] При 10 и более на счетчике <sprite name=\"Charge\"><color=#f8c200><u><link=\"Charge\">Солей</link></u></color>, наносит <style=\"highlight\">2</style> <sprite name=\"SlashTakeDamageUp\"><color=#e30000><u><link=\"SlashTakeDamageUp\">Уязвимости к Рубящему урону</link></u></color>"
                }
              ]
            },
            {},
            {
              "coindescs": [
                {
                  "desc": "[OnSucceedAttack] Если HP цели ниже 30%, на <style=\"highlight\">30%</style> больше урона"
                },
                {
                  "desc": "[EnemyKill] Получает 3 <sprite name=\"Agility\"><color=#f8c200><u><link=\"Agility\">Спешки</link></u></color> на следующий ход<style=\"highlight\"></style>"
                }
              ]
            }
          ]
        }
      ]
    },
    {
      "id": 1040503,
      "levelList": [
        {
          "level": 3,
          "name": "ПРПОД",
          "desc": "[WhenUse] При 7~14 на счетчике <sprite name=\"Charge\"><color=#f8c200><u><link=\"Charge\">Солей</link></u></color>: \n- Тратит весь счетчик <sprite name=\"Charge\"><color=#f8c200><u><link=\"Charge\">Солей</link></u></color>\n- Тратит 3 × (15 - потраченный счетчик <sprite name=\"Charge\"><color=#f8c200><u><link=\"Charge\">Солей</link></u></color>)% HP, чтобы получить +3 к Силе монет\n[WhenUse] Тратит 15 единиц своего счетчика <sprite name=\"Charge\"><color=#f8c200><u><link=\"Charge\">Солей</link></u></color>, чтобы получить +3 к Силе монет<style=\"highlight\"></style>",
          "coinlist": [
            {
              "coindescs": [
                {
                  "desc": "[OnSucceedAttackHead] На 5% больше урона последней монетой<style=\"highlight\"></style>"
                }
              ]
            },
            {
              "coindescs": [
                {
                  "desc": "[OnSucceedAttackHead] На 5% больше урона последней монетой<style=\"highlight\"></style>"
                }
              ]
            },
            {
              "coindescs": [
                {
                  "desc": "[OnSucceedAttackHead] На 5% больше урона последней монетой<style=\"highlight\"></style>"
                }
              ]
            },
            {
              "coindescs": [
                {
                  "desc": "[EnemyKill] Если навык потратил 15 едениц счетчика <sprite name=\"Charge\"><color=#f8c200><u><link=\"Charge\">Солей</link></u></color>, дает себе и другому случайному союзнику 5 <sprite name=\"ChargeForceField\"><color=#f8c200><u><link=\"ChargeForceField\">Солевых барьеров</link></u></color><style=\"highlight\"></style>"
                }
              ]
            }
          ]
        },
        {
          "level": 4,
          "name": "ПРПОД",
          "desc": "[WhenUse] При 7~14 на счетчике <sprite name=\"Charge\"><color=#f8c200><u><link=\"Charge\">Солей</link></u></color>: \n- Тратит весь счетчик <sprite name=\"Charge\"><color=#f8c200><u><link=\"Charge\">Солей</link></u></color>\n- Тратит 3 × (15 - потраченный счетчик <sprite name=\"Charge\"><color=#f8c200><u><link=\"Charge\">Солей</link></u></color>)% HP, чтобы получить <style=\"highlight\">+5 к Силе монет</style>\n[WhenUse] Тратит 15 единиц своего счетчика <sprite name=\"Charge\"><color=#f8c200><u><link=\"Charge\">Солей</link></u></color>, чтобы получить <style=\"highlight\">+5 к Силе монет</style>",
          "coinlist": [
            {
              "coindescs": [
                {
                  "desc": "[OnSucceedAttackHead] На <style=\"highlight\">10%</style> больше урона последней монетой"
                }
              ]
            },
            {
              "coindescs": [
                {
                  "desc": "[OnSucceedAttackHead] На <style=\"highlight\">10%</style> больше урона последней монетой"
                }
              ]
            },
            {
              "coindescs": [
                {
                  "desc": "[OnSucceedAttackHead] На <style=\"highlight\">10%</style> больше урона последней монетой"
                }
              ]
            },
            {
              "coindescs": [
                {
                  "desc": "[EnemyKill] Если навык потратил 15 едениц счетчика <sprite name=\"Charge\"><color=#f8c200><u><link=\"Charge\">Солей</link></u></color>, дает себе и другому случайному союзнику <style=\"highlight\">7</style> <sprite name=\"ChargeForceField\"><color=#f8c200><u><link=\"ChargeForceField\">Солевых барьеров</link></u></color>"
                }
              ]
            }
          ]
        }
      ]
    },
    {
      "id": 1040504,
      "levelList": [
        {
          "level": 1,
          "name": "Заряженный уворот",
          "desc": "Базовая сила +1 за каждые 5 на своем счетчике <sprite name=\"Charge\"><color=#f8c200><u><link=\"Charge\">Солей</link></u></color> (До 2)<style=\"highlight\"></style>",
          "coinlist": [
            {}
          ]
        },
        {
          "level": 4,
          "name": "Заряженный уворот",
          "desc": "Базовая сила +1 за каждые 5 на своем счетчике <sprite name=\"Charge\"><color=#f8c200><u><link=\"Charge\">Солей</link></u></color> (<style=\"highlight\">До 3</style>)",
          "coinlist": [
            {}
          ]
        }
      ]
    },
    {
      "id": 1040601,
      "levelList": [
        {
          "level": 1,
          "name": "Толчок",
          "desc": "[WhenUse] Повышает свой счетчик <sprite name=\"Breath\"><color=#f8c200><u><link=\"Breath\">Кумара</color></link></u></color> на 2<style=\"highlight\"></style>",
          "coinlist": [
            {
              "coindescs": [
                {
                  "desc": "[CriticalOnSucceedAttack] Цель теряет 4 SP<style=\"highlight\"></style>"
                }
              ]
            }
          ]
        },
        {
          "level": 2,
          "name": "Толчок",
          "desc": "[WhenUse] Повышает свой счетчик <sprite name=\"Breath\"><color=#f8c200><u><link=\"Breath\">Кумара</color></link></u></color> на 2<style=\"highlight\"></style>",
          "coinlist": [
            {
              "coindescs": [
                {
                  "desc": "[CriticalOnSucceedAttack] Цель теряет <style=\"highlight\">6</style> SP"
                }
              ]
            }
          ]
        },
        {
          "level": 4,
          "name": "Толчок",
          "desc": "[WhenUse] Повышает свой счетчик <sprite name=\"Breath\"><color=#f8c200><u><link=\"Breath\">Кумара</color></link></u></color> на 2\n<style=\"highlight\">Сила монет +1 при 7 и более <sprite name=\"Breath\"><color=#f8c200><u><link=\"Breath\">Кумара</color></link></u></color></style>",
          "coinlist": [
            {
              "coindescs": [
                {
                  "desc": "[CriticalOnSucceedAttack] Цель теряет <style=\"highlight\">8</style> SP"
                }
              ]
            }
          ]
        }
      ]
    },
    {
      "id": 1040602,
      "levelList": [
        {
          "level": 1,
          "name": "ОЦ",
          "desc": "",
          "coinlist": [
            {
              "coindescs": [
                {
                  "desc": "[OnSucceedAttack] Получает 1 <sprite name=\"Breath\"><color=#f8c200><u><link=\"Breath\">Кумар</link></u></color><style=\"highlight\"></style>"
                },
                {
                  "desc": "[CriticalOnSucceedAttack] Наносит 1 <sprite name=\"AttackDown\"><color=#e30000><u><link=\"AttackDown\">Понижение уровня атаки</link></u></color><style=\"highlight\"></style>"
                }
              ]
            },
            {
              "coindescs": [
                {
                  "desc": "[OnSucceedAttack] Получает 1 <sprite name=\"Breath\"><color=#f8c200><u><link=\"Breath\">Кумар</link></u></color><style=\"highlight\"></style>"
                },
                {
                  "desc": "[CriticalOnSucceedAttack] Наносит 1 <sprite name=\"AttackDown\"><color=#e30000><u><link=\"AttackDown\">Понижение уровня атаки</link></u></color><style=\"highlight\"></style>"
                }
              ]
            }
          ]
        },
        {
          "level": 2,
          "name": "ОЦ",
          "desc": "",
          "coinlist": [
            {
              "coindescs": [
                {
                  "desc": "[OnSucceedAttack] Получает <style=\"highlight\">2</style> <sprite name=\"Breath\"><color=#f8c200><u><link=\"Breath\">Кумара</color></link></u></color>"
                },
                {
                  "desc": "[CriticalOnSucceedAttack] Наносит 1 <sprite name=\"AttackDown\"><color=#e30000><u><link=\"AttackDown\">Понижение уровня атаки</link></u></color><style=\"highlight\"></style>"
                }
              ]
            },
            {
              "coindescs": [
                {
                  "desc": "[OnSucceedAttack] Получает 1 <sprite name=\"Breath\"><color=#f8c200><u><link=\"Breath\">Кумар</link></u></color><style=\"highlight\"></style>"
                },
                {
                  "desc": "[CriticalOnSucceedAttack] Наносит 1 <sprite name=\"AttackDown\"><color=#e30000><u><link=\"AttackDown\">Понижение уровня атаки</link></u></color><style=\"highlight\"></style>"
                }
              ]
            }
          ]
        },
        {
          "level": 4,
          "name": "ОЦ",
          "desc": "<style=\"highlight\">Сила монет +1 при 7 и более <sprite name=\"Breath\"><color=#f8c200><u><link=\"Breath\">Кумара</link></u></color></style>",
          "coinlist": [
            {
              "coindescs": [
                {
                  "desc": "[OnSucceedAttack] Получает <style=\"highlight\">2</style> <sprite name=\"Breath\"><color=#f8c200><u><link=\"Breath\">Кумара</color></link></u></color>"
                },
                {
                  "desc": "[CriticalOnSucceedAttack] Наносит 2 <sprite name=\"AttackDown\"><color=#e30000><u><link=\"AttackDown\">Понижения уровня атаки</link></u></color><style=\"highlight\"></style>"
                }
              ]
            },
            {
              "coindescs": [
                {
                  "desc": "[OnSucceedAttack] Получает 1 <sprite name=\"Breath\"><color=#f8c200><u><link=\"Breath\">Кумар</link></u></color><style=\"highlight\"></style>"
                },
                {
                  "desc": "[CriticalOnSucceedAttack] Наносит 1 <sprite name=\"AttackDown\"><color=#e30000><u><link=\"AttackDown\">Понижение уровня атаки</link></u></color><style=\"highlight\"></style>"
                }
              ]
            }
          ]
        }
      ]
    },
    {
      "id": 1040603,
      "levelList": [
        {
          "level": 3,
          "name": "РГ",
          "desc": "[WhenUse] Получает 4 <sprite name=\"Breath\"><color=#f8c200><u><link=\"Breath\">Кумара</color></link></u></color>\nСила монет +1 при 10 и более <sprite name=\"Breath\"><color=#f8c200><u><link=\"Breath\">Кумара</link></u></color><style=\"highlight\"></style>",
          "coinlist": [
            {
              "coindescs": [
                {}
              ]
            },
            {
              "coindescs": [
                {}
              ]
            },
            {
              "coindescs": [
                {
                  "desc": "Тратит 1 <sprite name=\"Bullet\"><color=#9f6a3a><u><link=\"Bullet\">Тампон</link></u></color><style=\"highlight\"></style>"
                },
                {
                  "desc": "[CriticalOnSucceedAttack] Удваивает наносимые силу и счетчик <sprite name=\"Vibration\"><color=#e30000><u><link=\"Vibration\">Тряски</link></u></color> и <sprite name=\"Burst\"><color=#e30000><u><link=\"Burst\">Зеленки</link></u></color><style=\"highlight\"></style>"
                },
                {
                  "desc": "[OnSucceedAttack] Наносит 3 <sprite name=\"Vibration\"><color=#e30000><u><link=\"Vibration\">Тряски</link></u></color> и повышает счетчик на 1<style=\"highlight\"></style>"
                },
                {
                  "desc": "[OnSucceedAttack] Наносит 3 <sprite name=\"Burst\"><color=#e30000><u><link=\"Burst\">Зеленки</link></u></color>, повышает счетчик на 1<style=\"highlight\"></style>"
                },
                {
                  "desc": "[OnSucceedAttackHead] <sprite name=\"VibrationExplosion\"><color=#e30000><u><link=\"VibrationExplosion\">Трясет сучку</link></u></color><style=\"highlight\"></style>"
                }
              ]
            }
          ]
        },
        {
          "level": 4,
          "name": "РГ",
          "desc": "[WhenUse] Получает 4 <sprite name=\"Breath\"><color=#f8c200><u><link=\"Breath\">Кумара</color></link></u></color>\nСила монет +1 <style=\"highlight\">за каждые 7 <sprite name=\"Breath\"><color=#f8c200><u><link=\"Breath\">Кумара</color></link></u></color> (До 2)</style>",
          "coinlist": [
            {
              "coindescs": [
                {
                  "desc": "<style=\"highlight\">[CriticalOnSucceedAttack] Повышает свой счетчик <sprite name=\"Breath\"><color=#f8c200><u><link=\"Breath\">Кумара</link></u></color> на 1</style>"
                }
              ]
            },
            {
              "coindescs": [
                {
                  "desc": "<style=\"highlight\">[CriticalOnSucceedAttack] Повышает свой счетчик <sprite name=\"Breath\"><color=#f8c200><u><link=\"Breath\">Кумара</link></u></color> на 1</style>"
                }
              ]
            },
            {
              "coindescs": [
                {
                  "desc": "Тратит 1 <sprite name=\"Bullet\"><color=#9f6a3a><u><link=\"Bullet\">Тампон</link></u></color><style=\"highlight\"></style>"
                },
                {
                  "desc": "[CriticalOnSucceedAttack] Удваивает наносимые силу и счетчик <sprite name=\"Vibration\"><color=#e30000><u><link=\"Vibration\">Тряски</link></u></color> и <sprite name=\"Burst\"><color=#e30000><u><link=\"Burst\">Зеленки</link></u></color><style=\"highlight\"></style>"
                },
                {
                  "desc": "[OnSucceedAttack] Наносит <style=\"highlight\">4</style> <sprite name=\"Vibration\"><color=#e30000><u><link=\"Vibration\">Тряски</link></u></color> и повышает счетчик на 1"
                },
                {
                  "desc": "[OnSucceedAttack] Наносит <style=\"highlight\">4</style> <sprite name=\"Burst\"><color=#e30000><u><link=\"Burst\">Зеленки</link></u></color> и повышает счетчик на 1"
                },
                {
                  "desc": "[OnSucceedAttack] <sprite name=\"VibrationExplosion\"><color=#e30000><u><link=\"VibrationExplosion\">Трясет сучку</link></u></color><style=\"highlight\"></style>"
                }
              ]
            }
          ]
        }
      ]
    },
    {
      "id": 1040604,
      "levelList": [
        {
          "level": 1,
          "name": "Блок",
          "desc": "",
          "coinlist": [
            {}
          ]
        },
        {
          "level": 4,
          "name": "Блок",
          "desc": "",
          "coinlist": [
            {}
          ]
        }
      ]
    },
    {
      "id": 1040701,
      "levelList": [
        {
          "level": 1,
          "name": "Тотальная война",
          "desc": "",
          "coinlist": [
            {
              "coindescs": [
                {
                  "desc": "[OnSucceedAttackHead] Наносит 1 <sprite name=\"Combustion\"><color=#e30000><u><link=\"Combustion\">Изжога</link></u></color><style=\"highlight\"></style>"
                }
              ]
            },
            {
              "coindescs": [
                {
                  "desc": "[OnSucceedAttackHead] Наносит 1 <sprite name=\"Combustion\"><color=#e30000><u><link=\"Combustion\">Изжога</link></u></color><style=\"highlight\"></style>"
                }
              ]
            }
          ]
        },
        {
          "level": 2,
          "name": "Тотальная война",
          "desc": "<style=\"highlight\">Сила в столкновении +1 против целей с 6 и более <sprite name=\"Combustion\"><color=#e30000><u><link=\"Combustion\">Изжоги</link></u></color></style>",
          "coinlist": [
            {
              "coindescs": [
                {
                  "desc": "<style=\"highlight\">[OnSucceedAttack]</style> Наносит 1 <sprite name=\"Combustion\"><color=#e30000><u><link=\"Combustion\">Изжога</link></u></color>"
                }
              ]
            },
            {
              "coindescs": [
                {
                  "desc": "<style=\"highlight\">[OnSucceedAttack]</style> Наносит 1 <sprite name=\"Combustion\"><color=#e30000><u><link=\"Combustion\">Изжога</link></u></color>"
                }
              ]
            }
          ]
        },
        {
          "level": 4,
          "name": "Тотальная война",
          "desc": "Сила в столкновении +1 против целей с 6 и более <sprite name=\"Combustion\"><color=#e30000><u><link=\"Combustion\">Изжоги</link></u></color>\n<style=\"highlight\">Сила монет +1 против целей с 10 и более <sprite name=\"Combustion\"><color=#e30000><u><link=\"Combustion\">Изжоги</link></u></color></style>",
          "coinlist": [
            {
              "coindescs": [
                {
                  "desc": "[OnSucceedAttack] Наносит 1 <sprite name=\"Combustion\"><color=#e30000><u><link=\"Combustion\">Изжога</link></u></color><style=\"highlight\"></style>"
                }
              ]
            },
            {
              "coindescs": [
                {
                  "desc": "<style=\"highlight\">[OnSucceedAttackHead] Наносит 1 <sprite name=\"Combustion\"><color=#e30000><u><link=\"Combustion\">Изжога</link></u></color></style>"
                },
                {
                  "desc": "[OnSucceedAttack] Наносит 1 <sprite name=\"Combustion\"><color=#e30000><u><link=\"Combustion\">Изжога</link></u></color> <style=\"highlight\"></style>"
                }
              ]
            }
          ]
        }
      ]
    },
    {
      "id": 1040702,
      "levelList": [
        {
          "level": 1,
          "name": "Пламенная тегатана",
          "desc": "",
          "coinlist": [
            {
              "coindescs": [
                {
                  "desc": "[OnSucceedAttack] Наносит 2 <sprite name=\"Combustion\"><color=#e30000><u><link=\"Combustion\">Изжоги</link></u></color><style=\"highlight\"></style>"
                }
              ]
            },
            {
              "coindescs": [
                {
                  "desc": "[OnSucceedAttack] На 20% больше урона против целей с 6 и более <sprite name=\"Combustion\"><color=#e30000><u><link=\"Combustion\">Изжоги</link></u></color><style=\"highlight\"></style>"
                }
              ]
            }
          ]
        },
        {
          "level": 2,
          "name": "Пламенная тегатана",
          "desc": "<style=\"highlight\">Сила в столкновении +1 против целей с 6 и более <sprite name=\"Combustion\"><color=#e30000><u><link=\"Combustion\">Изжоги</link></u></color></style>",
          "coinlist": [
            {
              "coindescs": [
                {
                  "desc": "[OnSucceedAttack] Наносит 2 <sprite name=\"Combustion\"><color=#e30000><u><link=\"Combustion\">Изжоги</link></u></color><style=\"highlight\"></style>"
                }
              ]
            },
            {
              "coindescs": [
                {
                  "desc": "[OnSucceedAttack] На <style=\"highlight\">30%</style> больше урона против целей с 6 и более <sprite name=\"Combustion\"><color=#e30000><u><link=\"Combustion\">Изжоги</link></u></color>"
                }
              ]
            }
          ]
        },
        {
          "level": 4,
          "name": "Пламенная тегатана",
          "desc": "Сила в столкновении +1 против целей с 6 и более <sprite name=\"Combustion\"><color=#e30000><u><link=\"Combustion\">Изжоги</link></u></color>\n<style=\"highlight\">Сила монет +1 против целей с 6 и более <sprite name=\"Combustion\"><color=#e30000><u><link=\"Combustion\">Изжоги</link></u></color></style>",
          "coinlist": [
            {
              "coindescs": [
                {
                  "desc": "[OnSucceedAttack] Наносит 2 <sprite name=\"Combustion\"><color=#e30000><u><link=\"Combustion\">Изжоги</link></u></color><style=\"highlight\"></style>"
                }
              ]
            },
            {
              "coindescs": [
                {
                  "desc": "[OnSucceedAttack] На <style=\"highlight\">50%</style> больше урона против целей с 6 и более <sprite name=\"Combustion\"><color=#e30000><u><link=\"Combustion\">Изжоги</link></u></color>"
                }
              ]
            }
          ]
        }
      ]
    },
    {
      "id": 1040703,
      "levelList": [
        {
          "level": 3,
          "name": "Прорезание огнем",
          "desc": "Сила в столкновении +1 против целей с 6 и более <sprite name=\"Combustion\"><color=#e30000><u><link=\"Combustion\">Изжоги</link></u></color><style=\"highlight\"></style>",
          "coinlist": [
            {
              "coindescs": [
                {
                  "desc": "[OnSucceedAttack] Наносит 1 <sprite name=\"Combustion\"><color=#e30000><u><link=\"Combustion\">Изжога</link></u></color><style=\"highlight\"></style>"
                }
              ]
            },
            {
              "coindescs": [
                {
                  "desc": "[OnSucceedAttack] Наносит 1 <sprite name=\"Combustion\"><color=#e30000><u><link=\"Combustion\">Изжога</link></u></color><style=\"highlight\"></style>"
                }
              ]
            },
            {
              "coindescs": [
                {
                  "desc": "[OnSucceedAttack] Наносит 1 <sprite name=\"Combustion\"><color=#e30000><u><link=\"Combustion\">Изжога</link></u></color><style=\"highlight\"></style>"
                }
              ]
            },
            {
              "coindescs": [
                {
                  "desc": "[OnSucceedAttack] На 20% больше урона против целей с 10 и более <sprite name=\"Combustion\"><color=#e30000><u><link=\"Combustion\">Изжоги</link></u></color><style=\"highlight\"></style>"
                }
              ]
            }
          ]
        },
        {
          "level": 4,
          "name": "Прорезание огнем",
          "desc": "Сила в столкновении +1 против целей с 6 и более <sprite name=\"Combustion\"><color=#e30000><u><link=\"Combustion\">Изжоги</link></u></color>\n<style=\"highlight\">Сила монет +1 против целей с 6 и более <sprite name=\"Combustion\"><color=#e30000><u><link=\"Combustion\">Изжоги</link></u></color></style>",
          "coinlist": [
            {
              "coindescs": [
                {
                  "desc": "[OnSucceedAttack] Наносит 1 <sprite name=\"Combustion\"><color=#e30000><u><link=\"Combustion\">Изжога</link></u></color><style=\"highlight\"></style>"
                }
              ]
            },
            {
              "coindescs": [
                {
                  "desc": "[OnSucceedAttack] Наносит 1 <sprite name=\"Combustion\"><color=#e30000><u><link=\"Combustion\">Изжога</link></u></color><style=\"highlight\"></style>"
                }
              ]
            },
            {
              "coindescs": [
                {
                  "desc": "[OnSucceedAttack] Наносит 1 <sprite name=\"Combustion\"><color=#e30000><u><link=\"Combustion\">Изжога</link></u></color><style=\"highlight\"></style>"
                }
              ]
            },
            {
              "coindescs": [
                {
                  "desc": "[OnSucceedAttack] На <style=\"highlight\">40%</style> больше урона против целей с 10 и более <sprite name=\"Combustion\"><color=#e30000><u><link=\"Combustion\">Изжоги</link></u></color>"
                }
              ]
            }
          ]
        }
      ]
    },
    {
      "id": 1040704,
      "levelList": [
        {
          "level": 1,
          "name": "Блок",
          "desc": "",
          "coinlist": [
            {
              "coindescs": [
                {
                  "desc": ""
                }
              ]
            }
          ]
        },
        {
          "level": 4,
          "name": "Блок",
          "desc": "",
          "coinlist": [
            {
              "coindescs": [
                {
                  "desc": ""
                }
              ]
            }
          ]
        }
      ]
    },
    {
      "id": 1040801,
      "levelList": [
        {
          "level": 1,
          "name": "Этика приема гостей, 1-ая церемония: Охота",
          "desc": "[WhenUse] Повышает свой счетчик <sprite name=\"Breath\"><color=#f8c200><u><link=\"Breath\">Кумара</link></u></color> на 2<style=\"highlight\"></style>",
          "coinlist": [
            {
              "coindescs": [
                {
                  "desc": "[OnSucceedAttack] Повышает свой счетчик <sprite name=\"Breath\"><color=#f8c200><u><link=\"Breath\">Кумара</link></u></color> на 2<style=\"highlight\"></style>"
                }
              ]
            },
            {
              "coindescs": [
                {
                  "desc": "[OnSucceedAttack] Наносит 2 <sprite name=\"MarkOfButler\"><color=#e30000><u><link=\"MarkOfButler\">МС</link></u></color><style=\"highlight\"></style>"
                }
              ]
            }
          ]
        },
        {
          "level": 2,
          "name": "Этика приема гостей, 1-ая церемония: Охота",
          "desc": "<style=\"highlight\">Сила в столкновении +1 против целей, чья скорость ниже на 3 и более</style>\n[WhenUse] Повышает свой счетчик <sprite name=\"Breath\"><color=#f8c200><u><link=\"Breath\">Кумара</link></u></color> на 2",
          "coinlist": [
            {
              "coindescs": [
                {
                  "desc": "[OnSucceedAttack] Повышает свой счетчик <sprite name=\"Breath\"><color=#f8c200><u><link=\"Breath\">Кумара</link></u></color> на 2<style=\"highlight\"></style>"
                }
              ]
            },
            {
              "coindescs": [
                {
                  "desc": "[OnSucceedAttack] Наносит 2 <sprite name=\"MarkOfButler\"><color=#e30000><u><link=\"MarkOfButler\">МС</link></u></color><style=\"highlight\"></style>"
                }
              ]
            }
          ]
        },
        {
          "level": 4,
          "name": "Этика приема гостей, 1-ая церемония: Охота",
          "desc": "Сила в столкновении +1 <style=\"highlight\">за каждые 2 единицы разницы в скорости с более медленной целью (До 3)</style>\n[WhenUse] Повышает свой счетчик <sprite name=\"Breath\"><color=#f8c200><u><link=\"Breath\">Кумара</link></u></color> на 2",
          "coinlist": [
            {
              "coindescs": [
                {
                  "desc": "[OnSucceedAttack] Повышает свой счетчик <sprite name=\"Breath\"><color=#f8c200><u><link=\"Breath\">Кумара</link></u></color> на 2<style=\"highlight\"></style>"
                }
              ]
            },
            {
              "coindescs": [
                {
                  "desc": "[OnSucceedAttack] Наносит 2 <sprite name=\"MarkOfButler\"><color=#e30000><u><link=\"MarkOfButler\">МС</link></u></color><style=\"highlight\"></style>"
                }
              ]
            }
          ]
        }
      ]
    },
    {
      "id": 1040802,
      "levelList": [
        {
          "level": 1,
          "name": "Этика приема гостей, 7-ая церемония: Захват",
          "desc": "[StartBattle] Вес атаки +2 при трате 6 единиц из своего счетчика <sprite name=\"Breath\"><color=#f8c200><u><link=\"Breath\">Кумара</link></u></color><style=\"highlight\"></style>",
          "coinlist": [
            {
              "coindescs": [
                {
                  "desc": "[OnSucceedAttack] Получает 2 <sprite name=\"Breath\"><color=#f8c200><u><link=\"Breath\">Кумара</link></u></color><style=\"highlight\"></style>"
                }
              ]
            },
            {
              "coindescs": [
                {
                  "desc": "[OnSucceedAttack] Наносит 2 <sprite name=\"MarkOfButler\"><color=#e30000><u><link=\"MarkOfButler\">МС</link></u></color><style=\"highlight\"></style>"
                }
              ]
            }
          ]
        },
        {
          "level": 2,
          "name": "Этика приема гостей, 7-ая церемония: Захват",
          "desc": "[StartBattle] Вес атаки +2 при трате 6 единиц из своего счетчика <sprite name=\"Breath\"><color=#f8c200><u><link=\"Breath\">Кумара</link></u></color><style=\"highlight\"></style>",
          "coinlist": [
            {
              "coindescs": [
                {
                  "desc": "[OnSucceedAttack] Получает <style=\"highlight\">3</style> <sprite name=\"Breath\"><color=#f8c200><u><link=\"Breath\">Кумара</link></u></color>"
                }
              ]
            },
            {
              "coindescs": [
                {
                  "desc": "[OnSucceedAttack] Наносит 2 <sprite name=\"MarkOfButler\"><color=#e30000><u><link=\"MarkOfButler\">МС</link></u></color><style=\"highlight\"></style>"
                }
              ]
            }
          ]
        },
        {
          "level": 4,
          "name": "Этика приема гостей, 7-ая церемония: Захват",
          "desc": "<style=\"highlight\">Сила в столкновении +1 за каждые 2 единицы разницы в скорости, если быстрее основной цели (До 3)</style>\n[StartBattle] Вес атаки +2 при трате 6 единиц из своего счетчика <sprite name=\"Breath\"><color=#f8c200><u><link=\"Breath\">Кумара</link></u></color>",
          "coinlist": [
            {
              "coindescs": [
                {
                  "desc": "[OnSucceedAttack] Получает 3 <sprite name=\"Breath\"><color=#f8c200><u><link=\"Breath\">Кумара</link></u></color><style=\"highlight\"></style>"
                },
                {
                  "desc": "<style=\"highlight\">[CriticalOnSucceedAttack] Наносит 1 <sprite name=\"MarkOfButler\"><color=#e30000><u><link=\"MarkOfButler\">МС</link></u></color></style>"
                }
              ]
            },
            {
              "coindescs": [
                {
                  "desc": "[OnSucceedAttack] Наносит 2 <sprite name=\"MarkOfButler\"><color=#e30000><u><link=\"MarkOfButler\">МС</link></u></color><style=\"highlight\"></style>"
                }
              ]
            }
          ]
        }
      ]
    },
    {
      "id": 1040803,
      "levelList": [
        {
          "level": 3,
          "name": "Этика приема гостей, 2-ая церемония: СШ",
          "desc": "Сила в столкновении +1 против целей с <sprite name=\"MarkOfButler\"><color=#e30000><u><link=\"MarkOfButler\">МС</link></u></color>\n[WhenUse] Повышает свой счетчик <sprite name=\"Breath\"><color=#f8c200><u><link=\"Breath\">Кумара</link></u></color> на 7<style=\"highlight\"></style>",
          "coinlist": [
            {
              "coindescs": [
                {
                  "desc": "[OnSucceedAttack] Получает 5 <sprite name=\"Breath\"><color=#f8c200><u><link=\"Breath\">Кумара</link></u></color><style=\"highlight\"></style>"
                },
                {
                  "desc": "[OnSucceedAttack] Наносит 1 <sprite name=\"Binding\"><color=#e30000><u><link=\"Binding\">Понос</link></u></color> на следующий ход<style=\"highlight\"></style>"
                },
                {
                  "desc": "[OnSucceedAttack] Повышает границу выносливости на 20% от нанесенного урона<style=\"highlight\"></style>"
                }
              ]
            },
            {
              "coindescs": [
                {
                  "desc": "[OnSucceedAttack] Если цель оглушена, на 20% больше урона при раскумаре<style=\"highlight\"></style>"
                },
                {
                  "desc": "[OnSucceedAttack] Наносит 2 <sprite name=\"MarkOfButler\"><color=#e30000><u><link=\"MarkOfButler\">МС</link></u></color><style=\"highlight\"></style>"
                }
              ]
            }
          ]
        },
        {
          "level": 4,
          "name": "Этика приема гостей, 2-ая церемония: СШ",
          "desc": "Сила в столкновении +1 против целей с <sprite name=\"MarkOfButler\"><color=#e30000><u><link=\"MarkOfButler\">МС</link></u></color>\n<style=\"highlight\">Сила монет +1 за каждые 2 единицы разницы в скорости с более медленной целью (До 2)</style>\n[WhenUse] Повышает свой счетчик <sprite name=\"Breath\"><color=#f8c200><u><link=\"Breath\">Кумара</link></u></color> на 7",
          "coinlist": [
            {
              "coindescs": [
                {
                  "desc": "[OnSucceedAttack] Получает 5 <sprite name=\"Breath\"><color=#f8c200><u><link=\"Breath\">Кумара</link></u></color><style=\"highlight\"></style>"
                },
                {
                  "desc": "[OnSucceedAttack] Наносит 1 <sprite name=\"Binding\"><color=#e30000><u><link=\"Binding\">Понос</link></u></color> на следующий ход<style=\"highlight\"></style>"
                },
                {
                  "desc": "[OnSucceedAttack] Повышает границу выносливости на <style=\"highlight\">30%</style> от нанесенного урона"
                },
                {
                  "desc": "<style=\"highlight\">[CriticalOnSucceedAttack] Наносит 1 <sprite name=\"MarkOfButler\"><color=#e30000><u><link=\"MarkOfButler\">МС</link></u></color></style>"
                }
              ]
            },
            {
              "coindescs": [
                {
                  "desc": "[OnSucceedAttack] Если цель оглушена, на <style=\"highlight\">40%</style> больше урона при раскумаре"
                },
                {
                  "desc": "[OnSucceedAttack] Наносит 2 <sprite name=\"MarkOfButler\"><color=#e30000><u><link=\"MarkOfButler\">МС</link></u></color><style=\"highlight\"></style>"
                },
                {
                  "desc": "<style=\"highlight\">[EnemyKill] Заново использует навык на одном из противников, на котором есть <sprite name=\"MarkOfButler\"><color=#e30000><u><link=\"MarkOfButler\">МС</link></u></color> (Единожды)</style>"
                }
              ]
            }
          ]
        }
      ]
    },
    {
      "id": 1040804,
      "levelList": [
        {
          "level": 1,
          "name": "Столь жалки",
          "desc": "[OnSucceedEvade] Восстанавливает 3 SP (До 3 раз за ход)<style=\"highlight\"></style>",
          "coinlist": [
            {
              "coindescs": [
                {
                  "desc": ""
                }
              ]
            }
          ]
        },
        {
          "level": 4,
          "name": "Столь жалки",
          "desc": "[OnSucceedEvade] Восстанавливает 3 SP <style=\"highlight\">и повышает свой счетчик <sprite name=\"Breath\"><color=#f8c200><u><link=\"Breath\">Кумара</link></u></color> на 1</style> (До <style=\"highlight\">5</style> раз за ход)",
          "coinlist": [
            {
              "coindescs": [
                {
                  "desc": ""
                }
              ]
            }
          ]
        }
      ]
    },
    {
      "id": 1040901,
      "levelList": [
        {
          "level": 1,
          "name": "Слетевшие с катушек тюфяки",
          "desc": "[WhenUse] Повышает свой счетчик <sprite name=\"Vibration\"><color=#e30000><u><link=\"Vibration\">Тряски</link></u></color> на 2<style=\"highlight\"></style>",
          "coinlist": [
            {
              "coindescs": [
                {
                  "desc": "[OnSucceedAttack] Повышает свой счетчик <sprite name=\"Vibration\"><color=#e30000><u><link=\"Vibration\">Тряски</link></u></color> на половину счетчика <sprite name=\"Vibration\"><color=#e30000><u><link=\"Vibration\">Тряски</link></u></color> цели (До 2)<style=\"highlight\"></style>"
                }
              ]
            },
            {
              "coindescs": [
                {
                  "desc": "[OnSucceedAttack] Повышает счетчик <sprite name=\"Vibration\"><color=#e30000><u><link=\"Vibration\">Тряски</link></u></color> на 1<style=\"highlight\"></style>"
                }
              ]
            }
          ]
        },
        {
          "level": 2,
          "name": "Слетевшие с катушек тюфяки",
          "desc": "[WhenUse] Повышает свой счетчик <sprite name=\"Vibration\"><color=#e30000><u><link=\"Vibration\">Тряски</link></u></color> на 2\n<style=\"highlight\">[WhenUse] Сила в столкновении +2 при 5 и более на своем счетчике <sprite name=\"Vibration\"><color=#e30000><u><link=\"Vibration\">Тряски</link></u></color></style>",
          "coinlist": [
            {
              "coindescs": [
                {
                  "desc": "[OnSucceedAttack] Повышает свой счетчик <sprite name=\"Vibration\"><color=#e30000><u><link=\"Vibration\">Тряски</link></u></color> на половину счетчика <sprite name=\"Vibration\"><color=#e30000><u><link=\"Vibration\">Тряски</link></u></color> цели (До <style=\"highlight\">3</style>)"
                }
              ]
            },
            {
              "coindescs": [
                {
                  "desc": "[OnSucceedAttack] Повышает счетчик <sprite name=\"Vibration\"><color=#e30000><u><link=\"Vibration\">Тряски</link></u></color> на 1<style=\"highlight\"></style>"
                }
              ]
            }
          ]
        },
        {
          "level": 4,
          "name": "Слетевшие с катушек тюфяки",
          "desc": "[WhenUse] Повышает свой счетчик <sprite name=\"Vibration\"><color=#e30000><u><link=\"Vibration\">Тряски</link></u></color> на 2\n[WhenUse] Сила в столкновении +2 при <style=\"highlight\">4</style> и более на своем счетчике <sprite name=\"Vibration\"><color=#e30000><u><link=\"Vibration\">Тряски</link></u></color>",
          "coinlist": [
            {
              "coindescs": [
                {
                  "desc": "[OnSucceedAttack] Повышает свой счетчик <sprite name=\"Vibration\"><color=#e30000><u><link=\"Vibration\">Тряски</link></u></color> на <style=\"highlight\">счетчик</style> <sprite name=\"Vibration\"><color=#e30000><u><link=\"Vibration\">Тряски</link></u></color> цели (До <style=\"highlight\">4</style>)"
                }
              ]
            },
            {
              "coindescs": [
                {
                  "desc": "[OnSucceedAttack] Повышает счетчик <sprite name=\"Vibration\"><color=#e30000><u><link=\"Vibration\">Тряски</link></u></color> на <style=\"highlight\">2</style>"
                }
              ]
            }
          ]
        }
      ]
    },
    {
      "id": 1040902,
      "levelList": [
        {
          "level": 1,
          "name": "Сжатие заводным ключом",
          "desc": "[WhenUse] Повышает свой счетчик <sprite name=\"Vibration\"><color=#e30000><u><link=\"Vibration\">Тряски</link></u></color> на 2<style=\"highlight\"></style>",
          "coinlist": [
            {},
            {
              "coindescs": [
                {
                  "desc": "[OnSucceedAttackHead] Повышает счетчик <sprite name=\"Vibration\"><color=#e30000><u><link=\"Vibration\">Тряски</link></u></color> на 1<style=\"highlight\"></style>"
                }
              ]
            },
            {
              "coindescs": [
                {
                  "desc": "[OnSucceedAttack] Тратит свой счетчик <sprite name=\"Vibration\"><color=#e30000><u><link=\"Vibration\">Тряски</link></u></color> для повышения счетчика <sprite name=\"Vibration\"><color=#e30000><u><link=\"Vibration\">Тряски</link></u></color> цели (До 5)<style=\"highlight\"></style>"
                }
              ]
            }
          ]
        },
        {
          "level": 2,
          "name": "Сжатие заводным ключом",
          "desc": "[WhenUse] Повышает свой счетчик <sprite name=\"Vibration\"><color=#e30000><u><link=\"Vibration\">Тряски</link></u></color> на 2\n<style=\"highlight\">Сила монет +1 при 5 и более на своем счетчике <sprite name=\"Vibration\"><color=#e30000><u><link=\"Vibration\">Тряски</link></u></color></style>",
          "coinlist": [
            {},
            {
              "coindescs": [
                {
                  "desc": "[OnSucceedAttackHead] Повышает счетчик <sprite name=\"Vibration\"><color=#e30000><u><link=\"Vibration\">Тряски</link></u></color> на 1<style=\"highlight\"></style>"
                }
              ]
            },
            {
              "coindescs": [
                {
                  "desc": "[OnSucceedAttack] Тратит свой счетчик <sprite name=\"Vibration\"><color=#e30000><u><link=\"Vibration\">Тряски</link></u></color> для повышения счетчика <sprite name=\"Vibration\"><color=#e30000><u><link=\"Vibration\">Тряски</link></u></color> цели (До 5)<style=\"highlight\"></style>"
                }
              ]
            }
          ]
        },
        {
          "level": 4,
          "name": "Сжатие заводным ключом",
          "desc": "[WhenUse] Повышает свой счетчик <sprite name=\"Vibration\"><color=#e30000><u><link=\"Vibration\">Тряски</link></u></color> на 2\n<style=\"highlight\">[WhenUse] Сила в столкновении +1 при 4 и более на своем счетчике <sprite name=\"Vibration\"><color=#e30000><u><link=\"Vibration\">Тряски</link></u></color></style>\nСила монет + 1 при <style=\"highlight\">4</style> и более на своем счетчике <sprite name=\"Vibration\"><color=#e30000><u><link=\"Vibration\">Тряски</link></u></color>",
          "coinlist": [
            {},
            {
              "coindescs": [
                {
                  "desc": "[OnSucceedAttack] Повышает счетчик <sprite name=\"Vibration\"><color=#e30000><u><link=\"Vibration\">Тряски</link></u></color> на 1<style=\"highlight\"></style>"
                }
              ]
            },
            {
              "coindescs": [
                {
                  "desc": "[OnSucceedAttack] Тратит свой счетчик <sprite name=\"Vibration\"><color=#e30000><u><link=\"Vibration\">Тряски</link></u></color> для повышения счетчика <sprite name=\"Vibration\"><color=#e30000><u><link=\"Vibration\">Тряски</link></u></color> цели (До 5)<style=\"highlight\"></style>"
                }
              ]
            }
          ]
        }
      ]
    },
    {
      "id": 1040903,
      "levelList": [
        {
          "level": 3,
          "name": "Херани, и заработает как милый",
          "desc": "[WhenUse] Повышает свой счетчик <sprite name=\"Vibration\"><color=#e30000><u><link=\"Vibration\">Тряски</link></u></color> на 2\n[WhenUse] Сила монет +1 при трате 10 единиц из своего счетчика <sprite name=\"Vibration\"><color=#e30000><u><link=\"Vibration\">Тряски</link></u></color><style=\"highlight\"></style>",
          "coinlist": [
            {
              "coindescs": [
                {
                  "desc": "[OnSucceedAttack] Наносит 2 <sprite name=\"Vibration\"><color=#e30000><u><link=\"Vibration\">Тряски</link></u></color><style=\"highlight\"></style>"
                }
              ]
            },
            {
              "coindescs": [
                {
                  "desc": "[OnSucceedAttack] Наносит 2 <sprite name=\"Vibration\"><color=#e30000><u><link=\"Vibration\">Тряски</link></u></color><style=\"highlight\"></style>"
                }
              ]
            },
            {
              "coindescs": [
                {
                  "desc": "[OnSucceedAttack] <sprite name=\"VibrationExplosion\"><color=#e30000><u><link=\"VibrationExplosion\">Трясет сучку</link></u></color> и понижает его счетчик цели на 2<style=\"highlight\"></style>"
                }
              ]
            }
          ]
        },
        {
          "level": 4,
          "name": "Херани, и заработает как милый",
          "desc": "[WhenUse] Повышает свой счетчик <sprite name=\"Vibration\"><color=#e30000><u><link=\"Vibration\">Тряски</link></u></color> на 2\n[WhenUse] Сила монет +1 при трате <style=\"highlight\">8</style> единиц из своего счетчика <sprite name=\"Vibration\"><color=#e30000><u><link=\"Vibration\">Тряски</link></u></color>\n<style=\"highlight\">Сила монет +1 против целей с 6 и более <sprite name=\"Vibration\"><color=#e30000><u><link=\"Vibration\">Тряски</link></u></color></style>",
          "coinlist": [
            {
              "coindescs": [
                {
                  "desc": "[OnSucceedAttack] Наносит 2 <sprite name=\"Vibration\"><color=#e30000><u><link=\"Vibration\">Тряски</link></u></color><style=\"highlight\"></style>"
                }
              ]
            },
            {
              "coindescs": [
                {
                  "desc": "[OnSucceedAttack] Наносит 2 <sprite name=\"Vibration\"><color=#e30000><u><link=\"Vibration\">Тряски</link></u></color><style=\"highlight\"></style>"
                }
              ]
            },
            {
              "coindescs": [
                {
                  "desc": "[OnSucceedAttack] <sprite name=\"VibrationExplosion\"><color=#e30000><u><link=\"VibrationExplosion\">Трясет сучку</link></u></color> и понижает его счетчик цели <style=\"highlight\">на 1</style>"
                }
              ]
            }
          ]
        }
      ]
    },
    {
      "id": 1040904,
      "levelList": [
        {
          "level": 1,
          "name": "Блок",
          "desc": "[WhenUse] Получает щит на (Свой счетчик <sprite name=\"Vibration\"><color=#e30000><u><link=\"Vibration\">Тряски</link></u></color> × 2) HP (До 5)<style=\"highlight\"></style>",
          "coinlist": [
            {}
          ]
        },
        {
          "level": 4,
          "name": "Блок",
          "desc": "[WhenUse] Получает щит на (Свой счетчик <sprite name=\"Vibration\"><color=#e30000><u><link=\"Vibration\">Тряски</link></u></color> × 2) HP (<style=\"highlight\">До 5</style>)",
          "coinlist": [
            {}
          ]
        }
      ]
    },
    {
      "id": 1041001,
      "levelList": [
        {
          "level": 1,
          "name": "А ну заткнулись оба",
          "desc": "",
          "coinlist": [
            {
              "coindescs": [
                {
                  "desc": "[OnSucceedAttack] Получает 3 <sprite name=\"PenanceFirst\"><color=#f8c200><u><link=\"PenanceFirst\">Раскаяния</link></u></color><style=\"highlight\"></style>"
                }
              ]
            },
            {
              "coindescs": [
                {
                  "desc": "[OnSucceedAttack] Получает 2 <sprite name=\"RedEyeFirst\"><color=#f8c200><u><link=\"RedEyeFirst\">Красных глаз</link></u></color><style=\"highlight\"></style>"
                }
              ]
            }
          ]
        },
        {
          "level": 2,
          "name": "А ну заткнулись оба",
          "desc": "<style=\"highlight\">Сила монет +1 при 7 и более <sprite name=\"RedEyeFirst\"><color=#f8c200><u><link=\"RedEyeFirst\">Красных глаз</link></u></color>\nСила в столкновении +1 при 7 и более <sprite name=\"PenanceFirst\"><color=#f8c200><u><link=\"PenanceFirst\">Раскаяния</link></u></color></style>",
          "coinlist": [
            {
              "coindescs": [
                {
                  "desc": "[OnSucceedAttack] Получает 3 <sprite name=\"PenanceFirst\"><color=#f8c200><u><link=\"PenanceFirst\">Раскаяния</link></u></color><style=\"highlight\"></style>"
                }
              ]
            },
            {
              "coindescs": [
                {
                  "desc": "[OnSucceedAttack] Получает 2 <sprite name=\"RedEyeFirst\"><color=#f8c200><u><link=\"RedEyeFirst\">Красных глаз</link></u></color><style=\"highlight\"></style>"
                },
                {
                  "desc": "<style=\"highlight\">[OnSucceedAttack] Наносит 1 <sprite name=\"Laceration\"><color=#e30000><u><link=\"Laceration\">Кетчуп</link></u></color></style>"
                }
              ]
            }
          ]
        },
        {
          "level": 4,
          "name": "А ну заткнулись оба",
          "desc": "Сила монет +1 при 7 и более <sprite name=\"RedEyeFirst\"><color=#f8c200><u><link=\"RedEyeFirst\">Красных глаз</link></u></color>\nСила в столкновении <style=\"highlight\">+2</style> при 7 и более <sprite name=\"PenanceFirst\"><color=#f8c200><u><link=\"PenanceFirst\">Раскаяния</link></u></color>",
          "coinlist": [
            {
              "coindescs": [
                {
                  "desc": "[OnSucceedAttack] Получает 3 <sprite name=\"PenanceFirst\"><color=#f8c200><u><link=\"PenanceFirst\">Раскаяния</link></u></color>\n<style=\"highlight\">[OnSucceedAttackHead] Получает 1 <sprite name=\"PenanceFirst\"><color=#f8c200><u><link=\"PenanceFirst\">Раскаяние</link></u></color></style>"
                }
              ]
            },
            {
              "coindescs": [
                {
                  "desc": "[OnSucceedAttack] Получает 2 <sprite name=\"RedEyeFirst\"><color=#f8c200><u><link=\"RedEyeFirst\">Красных глаз</link></u></color><style=\"highlight\"></style>"
                },
                {
                  "desc": "[OnSucceedAttack] Наносит 1 <sprite name=\"Laceration\"><color=#e30000><u><link=\"Laceration\">Кетчуп</link></u></color><style=\"highlight\"></style>"
                }
              ]
            }
          ]
        }
      ]
    },
    {
      "id": 1041002,
      "levelList": [
        {
          "level": 1,
          "name": "ПБ / ЧП",
          "desc": "Сила монет +1 при 20 и более в сумме <sprite name=\"RedEyeFirst\"><color=#f8c200><u><link=\"RedEyeFirst\">Красных глаз</link></u></color> и <sprite name=\"PenanceFirst\"><color=#f8c200><u><link=\"PenanceFirst\">Раскаяния</link></u></color><style=\"highlight\"></style>",
          "coinlist": [
            {
              "coindescs": [
                {
                  "desc": "[OnSucceedAttack] Получает 4 <sprite name=\"PenanceFirst\"><color=#f8c200><u><link=\"PenanceFirst\">Раскаяния</link></u></color><style=\"highlight\"></style>"
                }
              ]
            },
            {
              "coindescs": [
                {
                  "desc": "[OnSucceedAttack] Получает 3 <sprite name=\"RedEyeFirst\"><color=#f8c200><u><link=\"RedEyeFirst\">Красных глаз</link></u></color><style=\"highlight\"></style>"
                },
                {
                  "desc": "[OnSucceedAttack] Наносит 2 <sprite name=\"Laceration\"><color=#e30000><u><link=\"Laceration\">Кетчупа</link></u></color><style=\"highlight\"></style>"
                }
              ]
            },
            {}
          ]
        },
        {
          "level": 2,
          "name": "ПБ / ЧП",
          "desc": "Сила монет +1 при 20 и более в сумме <sprite name=\"RedEyeFirst\"><color=#f8c200><u><link=\"RedEyeFirst\">Красных глаз</link></u></color> и <sprite name=\"PenanceFirst\"><color=#f8c200><u><link=\"PenanceFirst\">Раскаяния</link></u></color> на себе\n<style=\"highlight\">Сила монет +1 против целей с 6 и более <sprite name=\"Laceration\"><color=#e30000><u><link=\"Laceration\">Кетчупа</link></u></color></style>",
          "coinlist": [
            {
              "coindescs": [
                {
                  "desc": "[OnSucceedAttack] Получает 4 <sprite name=\"PenanceFirst\"><color=#f8c200><u><link=\"PenanceFirst\">Раскаяния</link></u></color><style=\"highlight\"></style>"
                }
              ]
            },
            {
              "coindescs": [
                {
                  "desc": "[OnSucceedAttack] Получает 3 <sprite name=\"RedEyeFirst\"><color=#f8c200><u><link=\"RedEyeFirst\">Красных глаз</link></u></color><style=\"highlight\"></style>"
                },
                {
                  "desc": "[OnSucceedAttack] Наносит 2 <sprite name=\"Laceration\"><color=#e30000><u><link=\"Laceration\">Кетчупа</link></u></color><style=\"highlight\"></style>"
                }
              ]
            },
            {
              "coindescs": [
                {
                  "desc": "<style=\"highlight\">[OnSucceedAttack] Получает (<sprite name=\"Laceration\"><color=#e30000><u><link=\"Laceration\">Кетчуп</link></u></color> на цели / 3) <sprite name=\"RedEyeFirst\"><color=#f8c200><u><link=\"RedEyeFirst\">Красных глаз</link></u></color> (До 2)</style>"
                }
              ]
            }
          ]
        },
        {
          "level": 4,
          "name": "ПБ / ЧП",
          "desc": "Сила монет +1 при <style=\"highlight\">15</style> и более в сумме <sprite name=\"RedEyeFirst\"><color=#f8c200><u><link=\"RedEyeFirst\">Красных глаз</link></u></color> и <sprite name=\"PenanceFirst\"><color=#f8c200><u><link=\"PenanceFirst\">Раскаяния</link></u></color> на себе\nСила монет +1 против целей с 6 и более <sprite name=\"Laceration\"><color=#e30000><u><link=\"Laceration\">Кетчупа</link></u></color>",
          "coinlist": [
            {
              "coindescs": [
                {
                  "desc": "[OnSucceedAttack] Получает 4 <sprite name=\"PenanceFirst\"><color=#f8c200><u><link=\"PenanceFirst\">Раскаяния</link></u></color><style=\"highlight\"></style>"
                }
              ]
            },
            {
              "coindescs": [
                {
                  "desc": "[OnSucceedAttack] Получает 3 <sprite name=\"RedEyeFirst\"><color=#f8c200><u><link=\"RedEyeFirst\">Красных глаз</link></u></color><style=\"highlight\"></style>"
                },
                {
                  "desc": "[OnSucceedAttack] Наносит 2 <sprite name=\"Laceration\"><color=#e30000><u><link=\"Laceration\">Кетчупа</link></u></color><style=\"highlight\"></style>"
                }
              ]
            },
            {
              "coindescs": [
                {
                  "desc": "[OnSucceedAttack] Получает (<sprite name=\"Laceration\"><color=#e30000><u><link=\"Laceration\">Кетчуп</link></u></color> на цели / <style=\"highlight\">2</style>) <sprite name=\"RedEyeFirst\"><color=#f8c200><u><link=\"RedEyeFirst\">Красных глаз</link></u></color> (До <style=\"highlight\">3</style>)"
                },
                {
                  "desc": "<style=\"highlight\">[OnSucceedAttackHead] При 7 и более <sprite name=\"RedEyeFirst\"><color=#f8c200><u><link=\"RedEyeFirst\">Красных глаз</link></u></color>, получает 1 <sprite name=\"Agility\"><color=#f8c200><u><link=\"Agility\">Спешку</link></u></color> на следующий ход (Дважды за ход)</style>"
                }
              ]
            }
          ]
        }
      ]
    },
    {
      "id": 1041003,
      "levelList": [
        {
          "level": 3,
          "name": "Ебальниконабиватель3000",
          "desc": "[BeforeUse] При 15 и более <sprite name=\"RedEyeFirst\"><color=#f8c200><u><link=\"RedEyeFirst\">Красных глаз</link></u></color> и <sprite name=\"PenanceFirst\"><color=#f8c200><u><link=\"PenanceFirst\">Раскаяния</link></u></color> заменяет навык на 「Серьезный Ебальниконабиватель3000」\nСила монет +1, если Р.Ё.Ш.У. быстрее цели на 3 и выше\n[WhenUse] Сила монет +1 при максимальной SP\n[EndSkill] Если Сила монет была повышена за счет SP, теряет 15 SP<style=\"highlight\"></style>",
          "coinlist": [
            {
              "coindescs": [
                {
                  "desc": "[OnSucceedAttack] Получает 7 <sprite name=\"RedEyeFirst\"><color=#f8c200><u><link=\"RedEyeFirst\">Красных глаз</link></u></color><style=\"highlight\"></style>"
                },
                {
                  "desc": "[OnSucceedAttack] Получает 7 <sprite name=\"PenanceFirst\"><color=#f8c200><u><link=\"PenanceFirst\">Раскаяния</link></u></color><style=\"highlight\"></style>"
                },
                {
                  "desc": "[OnSucceedAttack] Наносит 2 <sprite name=\"Laceration\"><color=#e30000><u><link=\"Laceration\">Кетчупа</link></u></color><style=\"highlight\"></style>"
                }
              ]
            },
            {},
            {
              "coindescs": [
                {
                  "desc": "[OnSucceedAttack] Восстанавливает (<sprite name=\"PenanceFirst\"><color=#f8c200><u><link=\"PenanceFirst\">Раскаяние</link></u></color> / 3)% от максимальных HP себе и союзнику с наименьшими HP<style=\"highlight\"></style>"
                },
                {
                  "desc": "[OnSucceedAttack] Восстанавливает (<sprite name=\"PenanceFirst\"><color=#f8c200><u><link=\"PenanceFirst\">Раскаяние</link></u></color> - 10) SP себе и союзнику с наименьшей SP (Не менее 0)<style=\"highlight\"></style>"
                }
              ]
            }
          ]
        },
        {
          "level": 4,
          "name": "Ебальниконабиватель3000",
          "desc": "[BeforeUse] При 15 и более <sprite name=\"RedEyeFirst\"><color=#f8c200><u><link=\"RedEyeFirst\">Красных глаз</link></u></color> и <sprite name=\"PenanceFirst\"><color=#f8c200><u><link=\"PenanceFirst\">Раскаяния</link></u></color> заменяет навык на 「Серьезный Ебальниконабиватель3000」\nСила монет +1, если Р.Ё.Ш.У. <style=\"highlight\">быстрее цели</style>\n[WhenUse] Сила монет +1 <style=\"highlight\">и Сила в столкновении +2</style> при максимальной SP\n[EndSkill] Если сила монет была повышена за счет SP, теряет 15 SP",
          "coinlist": [
            {
              "coindescs": [
                {
                  "desc": "[OnSucceedAttack] Получает 7 <sprite name=\"RedEyeFirst\"><color=#f8c200><u><link=\"RedEyeFirst\">Красных глаз</link></u></color><style=\"highlight\"></style>"
                },
                {
                  "desc": "[OnSucceedAttack] Получает 7 <sprite name=\"PenanceFirst\"><color=#f8c200><u><link=\"PenanceFirst\">Раскаяния</link></u></color><style=\"highlight\"></style>"
                },
                {
                  "desc": "[OnSucceedAttack] Наносит <style=\"highlight\">3</style> <sprite name=\"Laceration\"><color=#e30000><u><link=\"Laceration\">Кетчупа</link></u></color>"
                }
              ]
            },
            {
              "coindescs": [
                {
                  "desc": "<style=\"highlight\">[OnSucceedAttackHead] Получает 2 <sprite name=\"PenanceFirst\"><color=#f8c200><u><link=\"PenanceFirst\">Раскаяния</link></u></color></style>"
                }
              ]
            },
            {
              "coindescs": [
                {
                  "desc": "[OnSucceedAttack] Восстанавливает (<sprite name=\"PenanceFirst\"><color=#f8c200><u><link=\"PenanceFirst\">Раскаяние</link></u></color> / <style=\"highlight\">2</style>)% от максимальных HP себе и союзнику с наименьшими HP"
                },
                {
                  "desc": "[OnSucceedAttack] Восстанавливает (<sprite name=\"PenanceFirst\"><color=#f8c200><u><link=\"PenanceFirst\">Раскаяние</link></u></color> - 10) SP себе и союзнику с наименьшей SP (Не менее 0)<style=\"highlight\"></style>"
                }
              ]
            }
          ]
        }
      ]
    },
    {
      "id": 1041004,
      "levelList": [
        {
          "level": 1,
          "name": "Пора поесть и на боковую",
          "desc": "",
          "coinlist": [
            {
              "coindescs": [
                {
                  "desc": "[OnSucceedAttack] Получает 2 <sprite name=\"RedEyeFirst\"><color=#f8c200><u><link=\"RedEyeFirst\">Красных глаз</link></u></color> (Единожды за ход)<style=\"highlight\"></style>"
                }
              ]
            },
            {
              "coindescs": [
                {
                  "desc": "[OnSucceedAttack] Получает 2 <sprite name=\"PenanceFirst\"><color=#f8c200><u><link=\"PenanceFirst\">Раскаяния</link></u></color> (Единожды за ход)<style=\"highlight\"></style>"
                }
              ]
            }
          ]
        },
        {
          "level": 4,
          "name": "Пора поесть и на боковую",
          "desc": "",
          "coinlist": [
            {
              "coindescs": [
                {
                  "desc": "[OnSucceedAttack] Получает 2 <sprite name=\"RedEyeFirst\"><color=#f8c200><u><link=\"RedEyeFirst\">Красных глаз</link></u></color> (Единожды за ход)\n<style=\"highlight\">- Получает еще 1 <sprite name=\"RedEyeFirst\"><color=#f8c200><u><link=\"RedEyeFirst\">Красные глаза</link></u></color> при менее 7 <sprite name=\"RedEyeFirst\"><color=#f8c200><u><link=\"RedEyeFirst\">Красных глаз</link></u></color></style>"
                }
              ]
            },
            {
              "coindescs": [
                {
                  "desc": "[OnSucceedAttack] Получает 2 <sprite name=\"PenanceFirst\"><color=#f8c200><u><link=\"PenanceFirst\">Раскаяния</link></u></color> (Единожды за ход)\n<style=\"highlight\">- Получает еще 1 <sprite name=\"PenanceFirst\"><color=#f8c200><u><link=\"PenanceFirst\">Раскаяние</link></u></color> при менее 7 <sprite name=\"PenanceFirst\"><color=#f8c200><u><link=\"PenanceFirst\">Раскаяний</link></u></color></style>"
                }
              ]
            }
          ]
        }
      ]
    },
    {
      "id": 1041005,
      "levelList": [
        {
          "level": 3,
          "name": "Серьезный Ебальниконабиватель3000",
          "desc": "[WhenUse] Тратит все <sprite name=\"RedEyeFirst\"><color=#f8c200><u><link=\"RedEyeFirst\">Красные глаза</link></u></color> и <sprite name=\"PenanceFirst\"><color=#f8c200><u><link=\"PenanceFirst\">Раскаяние</link></u></color></style>\n- Сила монет +1 за каждые 5 потраченных <sprite name=\"RedEyeFirst\"><color=#f8c200><u><link=\"RedEyeFirst\">Красных глаз</link></u></color> (До 4)\n- Базовая сила +1 за каждые 5 потраченных <sprite name=\"PenanceFirst\"><color=#f8c200><u><link=\"PenanceFirst\">Раскаяния</link></u></color></style> (До 4)\n[EndSkill] Р.Ё.Ш.У. теряет 15 SP и <sprite name=\"Emptiness\"><color=#e30000><u><link=\"Emptiness\">Выжигает дотла</link></u></color> свое ЭГО оружие<style=\"highlight\"></style>",
          "coinlist": [
            {
              "coindescs": [
                {
                  "desc": "[OnSucceedAttack] Наносит (Потраченные <sprite name=\"RedEyeFirst\"><color=#f8c200><u><link=\"RedEyeFirst\">Красные глаза</link></u></color> - 15) <sprite name=\"Laceration\"><color=#e30000><u><link=\"Laceration\">Кетчупа</link></u></color> (До 5)<style=\"highlight\"></style>"
                }
              ]
            },
            {},
            {
              "coindescs": [
                {
                  "desc": "На 2.5% больше урона за каждые потраченные <sprite name=\"RedEyeFirst\"><color=#f8c200><u><link=\"RedEyeFirst\">Красные глаза</link></u></color> и <sprite name=\"PenanceFirst\"><color=#f8c200><u><link=\"PenanceFirst\">Раскаяние</link></u></color> (До 100%)<style=\"highlight\"></style>"
                },
                {
                  "desc": "[OnSucceedAttack] Р.Ё.Ш.У. восстанавливает (Потраченное <sprite name=\"PenanceFirst\"><color=#f8c200><u><link=\"PenanceFirst\">Раскаяние</link></u></color> / 2)% от максимальных HP себе и союзнику с наименьшими HP\n- Восстанавливает HP еще одному союзнику за каждые 2 греха наибольшего резонанса (До 2-ух дополнительных союзников)<style=\"highlight\"></style>"
                },
                {
                  "desc": "[OnSucceedAttack] Р.Ё.Ш.У. восстанавливает (Потраченное <sprite name=\"PenanceFirst\"><color=#f8c200><u><link=\"PenanceFirst\">Раскаяние</link></u></color> - 10) SP себе и союзнику с наименьшей SP\n- Восстанавливает SP еще одному союзнику за каждые 2 греха наибольшего резонанса (До 2-ух дополнительных союзников)<style=\"highlight\"></style>"
                },
                {
                  "desc": "[OnSucceedAttack] Наносит 3 <sprite name=\"Binding\"><color=#e30000><u><link=\"Binding\">Поноса</link></u></color> и 2 <sprite name=\"Reduction\"><color=#e30000><u><link=\"Reduction\">Понижения силы атаки</link></u></color> на следующий ход (Единожды за ход)<style=\"highlight\"></style>"
                }
              ]
            }
          ]
        },
        {
          "level": 4,
          "name": "Серьезный Ебальниконабиватель3000",
          "desc": "[WhenUse] Тратит все <sprite name=\"RedEyeFirst\"><color=#f8c200><u><link=\"RedEyeFirst\">Красные глаза</link></u></color> и <sprite name=\"PenanceFirst\"><color=#f8c200><u><link=\"PenanceFirst\">Раскаяние</link></u></color></style>\n- Сила монет +1 за каждые 5 потраченных <sprite name=\"RedEyeFirst\"><color=#f8c200><u><link=\"RedEyeFirst\">Красных глаз</link></u></color> (До 4)\n- Базовая сила +1 за каждые 5 потраченных <sprite name=\"PenanceFirst\"><color=#f8c200><u><link=\"PenanceFirst\">Раскаяния</link></u></color></style> (До 4)\n[EndSkill] Р.Ё.Ш.У. теряет 15 SP и <sprite name=\"Emptiness\"><color=#e30000><u><link=\"Emptiness\">Выжигает дотла</link></u></color> свое ЭГО оружие<style=\"highlight\"></style>",
          "coinlist": [
            {
              "coindescs": [
                {
                  "desc": "[OnSucceedAttack] Наносит (Потраченные <sprite name=\"RedEyeFirst\"><color=#f8c200><u><link=\"RedEyeFirst\">Красные глаза</link></u></color> - 15) <sprite name=\"Laceration\"><color=#e30000><u><link=\"Laceration\">Кетчупа</link></u></color> (До 5)<style=\"highlight\"></style>"
                }
              ]
            },
            {},
            {
              "coindescs": [
                {
                  "desc": "На <style=\"highlight\">4%</style> больше урона за каждые потраченные <sprite name=\"RedEyeFirst\"><color=#f8c200><u><link=\"RedEyeFirst\">Красные глаза</link></u></color> и <sprite name=\"PenanceFirst\"><color=#f8c200><u><link=\"PenanceFirst\">Раскаяние</link></u></color> (До <style=\"highlight\">160%</style>)"
                },
                {
                  "desc": "[OnSucceedAttack] Р.Ё.Ш.У. восстанавливает <style=\"highlight\">(Потраченное <sprite name=\"PenanceFirst\"><color=#f8c200><u><link=\"PenanceFirst\">Раскаяние</link></u></color>)%</style> от максимальных HP себе и союзнику с наименьшими HP\n- Восстанавливает HP еще одному союзнику за каждые 2 греха наибольшего резонанса (До 2-ух дополнительных союзников)"
                },
                {
                  "desc": "[OnSucceedAttack] Р.Ё.Ш.У. восстанавливает (Потраченное <sprite name=\"PenanceFirst\"><color=#f8c200><u><link=\"PenanceFirst\">Раскаяние</link></u></color> - <style=\"highlight\">5</style>) SP себе и союзнику с наименьшей SP\n- Восстанавливает SP еще одному союзнику за каждые 2 греха наибольшего резонанса (До 2-ух дополнительных союзников)"
                },
                {
                  "desc": "[OnSucceedAttack] Наносит 3 <sprite name=\"Binding\"><color=#e30000><u><link=\"Binding\">Поноса</link></u></color> и 2 <sprite name=\"Reduction\"><color=#e30000><u><link=\"Reduction\">Понижения силы атаки</link></u></color> на следующий ход (Единожды за ход)<style=\"highlight\"></style>"
                }
              ]
            }
          ]
        }
      ]
    },
    {
      "id": 1041101,
      "levelList": [
        {
          "level": 1,
          "name": "Разрез очка",
          "desc": "[WhenUse] Сила монет +1 против целей с 6 и более <sprite name=\"Burst\"><color=#e30000><u><link=\"Burst\">Зеленкеи</link></u></color><style=\"highlight\"></style>",
          "coinlist": [
            {
              "coindescs": [
                {
                  "desc": "[OnSucceedAttack] Наносит 1 <sprite name=\"Burst\"><color=#e30000><u><link=\"Burst\">Зеленка</link></u></color><style=\"highlight\"></style>"
                }
              ]
            },
            {
              "coindescs": [
                {
                  "desc": "[OnSucceedAttack] Повышает счетчик <sprite name=\"Burst\"><color=#e30000><u><link=\"Burst\">Зеленки</link></u></color> на 1<style=\"highlight\"></style>"
                }
              ]
            }
          ]
        },
        {
          "level": 2,
          "name": "Разрез очка",
          "desc": "[WhenUse] Сила монет +1 против целей с <style=\"highlight\">4</style> и более <sprite name=\"Burst\"><color=#e30000><u><link=\"Burst\">Зеленкеи</link></u></color>\n<style=\"highlight\">[WinDuel] Повышает счетчик <sprite name=\"Burst\"><color=#e30000><u><link=\"Burst\">Зеленки</link></u></color> на 1</style>",
          "coinlist": [
            {
              "coindescs": [
                {
                  "desc": "[OnSucceedAttack] Наносит 1 <sprite name=\"Burst\"><color=#e30000><u><link=\"Burst\">Зеленка</link></u></color><style=\"highlight\"></style>"
                }
              ]
            },
            {
              "coindescs": [
                {
                  "desc": "[OnSucceedAttack] Повышает счетчик <sprite name=\"Burst\"><color=#e30000><u><link=\"Burst\">Зеленки</link></u></color> на 1<style=\"highlight\"></style>"
                },
                {
                  "desc": "<style=\"highlight\">[OnSucceedAttack] При скорости 10 и выше, вновь подкидывает монету (Единожды за навык)</style>"
                }
              ]
            }
          ]
        },
        {
          "level": 4,
          "name": "Разрез очка",
          "desc": "<style=\"highlight\">Если скорость выше скорости цели на 3 и более, Сила монет +1</style>\n[WhenUse] Сила монет +1 против целей с 4 и более <sprite name=\"Burst\"><color=#e30000><u><link=\"Burst\">Зеленкеи</link></u></color>\n[WinDuel] Повышает счетчик <sprite name=\"Burst\"><color=#e30000><u><link=\"Burst\">Зеленки</link></u></color> на 1",
          "coinlist": [
            {
              "coindescs": [
                {
                  "desc": "[OnSucceedAttack] Наносит 1 <sprite name=\"Burst\"><color=#e30000><u><link=\"Burst\">Зеленка</link></u></color><style=\"highlight\"></style>"
                }
              ]
            },
            {
              "coindescs": [
                {
                  "desc": "[OnSucceedAttack] Повышает счетчик <sprite name=\"Burst\"><color=#e30000><u><link=\"Burst\">Зеленки</link></u></color> на 1<style=\"highlight\"></style>"
                },
                {
                  "desc": "[OnSucceedAttack] При скорости 10 и выше, вновь подкидывает монету (Единожды за навык)<style=\"highlight\"></style>"
                }
              ]
            }
          ]
        }
      ]
    },
    {
      "id": 1041102,
      "levelList": [
        {
          "level": 1,
          "name": "Пиздец был начертан",
          "desc": "Если быстрее цели, наносит на (Разница в скорости × сила <sprite name=\"Burst\"><color=#e30000><u><link=\"Burst\">Зеленки</link></u></color> цели)% больше урона (До 50%)\n[WhenUse] Сила монет +1 против целей с 6 и более <sprite name=\"Burst\"><color=#e30000><u><link=\"Burst\">Зеленкеи</link></u></color><style=\"highlight\"></style>",
          "coinlist": [
            {
              "coindescs": [
                {
                  "desc": "[OnSucceedAttack] Наносит 1 <sprite name=\"Burst\"><color=#e30000><u><link=\"Burst\">Зеленка</link></u></color><style=\"highlight\"></style>"
                }
              ]
            },
            {
              "coindescs": [
                {
                  "desc": "При скорости 10 и выше, на 10% больше урона<style=\"highlight\"></style>"
                }
              ]
            }
          ]
        },
        {
          "level": 2,
          "name": "Пиздец был начертан",
          "desc": "Если быстрее цели, наносит на (Разница в скорости × сила <sprite name=\"Burst\"><color=#e30000><u><link=\"Burst\">Зеленки</link></u></color> цели)% больше урона (До 50%)\n[WhenUse] Сила монет +1 против целей с <style=\"highlight\">4</style> и более <sprite name=\"Burst\"><color=#e30000><u><link=\"Burst\">Зеленкеи</link></u></color>\n<style=\"highlight\">[WhenUse] Получает 2 <sprite name=\"Agility\"><color=#f8c200><u><link=\"Agility\">Спешки</link></u></color> на следующий ход (Единожды за ход)\n[WinDuel] Повышает счетчик <sprite name=\"Burst\"><color=#e30000><u><link=\"Burst\">Зеленки</link></u></color> на 1</style>",
          "coinlist": [
            {
              "coindescs": [
                {
                  "desc": "[OnSucceedAttack] Наносит 1 <sprite name=\"Burst\"><color=#e30000><u><link=\"Burst\">Зеленка</link></u></color><style=\"highlight\"></style>"
                },
                {
                  "desc": "<style=\"highlight\">[OnSucceedAttack] При скорости 10 и выше, повышает счетчик <sprite name=\"Burst\"><color=#e30000><u><link=\"Burst\">Зеленки</link></u></color> на 1</style>"
                }
              ]
            },
            {
              "coindescs": [
                {
                  "desc": "При скорости 10 и выше, на <style=\"highlight\">20%</style> больше урона"
                }
              ]
            }
          ]
        },
        {
          "level": 4,
          "name": "Пиздец был начертан",
          "desc": "Если быстрее цели, наносит на (Разница в скорости × сила <sprite name=\"Burst\"><color=#e30000><u><link=\"Burst\">Зеленки</link></u></color> цели)% больше урона (До 50%)\n<style=\"highlight\">Если скорость выше скорости цели на 3 и более, Сила монет +1</style>\n[WhenUse] Сила монет +1 против целей с 4 и более <sprite name=\"Burst\"><color=#e30000><u><link=\"Burst\">Зеленкеи</link></u></color>\n[WhenUse] Получает 2 <sprite name=\"Agility\"><color=#f8c200><u><link=\"Agility\">Спешки</link></u></color> на следующий ход (Единожды за ход)\n[WinDuel] Повышает счетчик <sprite name=\"Burst\"><color=#e30000><u><link=\"Burst\">Зеленки</link></u></color> на 1",
          "coinlist": [
            {
              "coindescs": [
                {
                  "desc": "[OnSucceedAttack] Наносит 1 <sprite name=\"Burst\"><color=#e30000><u><link=\"Burst\">Зеленка</link></u></color><style=\"highlight\"></style>"
                },
                {
                  "desc": "[OnSucceedAttack] При скорости 10 и выше, повышает счетчик <sprite name=\"Burst\"><color=#e30000><u><link=\"Burst\">Зеленки</link></u></color> на 1<style=\"highlight\"></style>"
                }
              ]
            },
            {
              "coindescs": [
                {
                  "desc": "При скорости 10 и выше, на <style=\"highlight\">30%</style> больше урона"
                },
                {
                  "desc": "<style=\"highlight\">[OnSucceedAttack] Наносит 1 <sprite name=\"Burst\"><color=#e30000><u><link=\"Burst\">Зеленка</link></u></color></style>"
                }
              ]
            }
          ]
        }
      ]
    },
    {
      "id": 1041103,
      "levelList": [
        {
          "level": 3,
          "name": "Я очень люблю пиздеть, и ты все равно не будешь это читать",
          "desc": "Если быстрее цели, наносит на (Разница в скорости × сила <sprite name=\"Burst\"><color=#e30000><u><link=\"Burst\">Зеленки</link></u></color> цели)% больше урона (До 50%)\nЕсли скорость выше скорости цели на 2 и более, +1 к Силе монет\n[WhenUse] Получает 3 <sprite name=\"LegStrength\"><color=#f8c200><u><link=\"LegStrength\">Стремительности 【Мао】</link></u></color>\n[WinDuel] Повышает счетчик <sprite name=\"Burst\"><color=#e30000><u><link=\"Burst\">Зеленки</link></u></color> на 2<style=\"highlight\"></style>",
          "coinlist": [
            {
              "coindescs": [
                {
                  "desc": "[OnSucceedAttack] Повышает счетчик <sprite name=\"Burst\"><color=#e30000><u><link=\"Burst\">Зеленки</link></u></color> на 1<style=\"highlight\"></style>"
                },
                {
                  "desc": "[OnSucceedAttack] Накладывает [BurstAgility]<style=\"highlight\"></style>"
                }
              ]
            },
            {
              "coindescs": [
                {
                  "desc": "[OnSucceedAttack] Наносит 1 <sprite name=\"Burst\"><color=#e30000><u><link=\"Burst\">Зеленка</link></u></color><style=\"highlight\"></style>"
                }
              ]
            },
            {
              "coindescs": [
                {
                  "desc": "При скорости 10 и выше, на 30% больше урона<style=\"highlight\"></style>"
                },
                {
                  "desc": "[OnSucceedAttack] Наносит 3 <sprite name=\"Burst\"><color=#e30000><u><link=\"Burst\">Зеленки</link></u></color><style=\"highlight\"></style>"
                },
                {
                  "desc": "[OnSucceedAttack] При скорости 10 и выше, вновь подкидывает монету (Единожды за навык)<style=\"highlight\"></style>"
                }
              ]
            }
          ]
        },
        {
          "level": 4,
          "name": "Я очень люблю пиздеть, и ты все равно не будешь это читать",
          "desc": "Если быстрее цели, наносит на (Разница в скорости × сила <sprite name=\"Burst\"><color=#e30000><u><link=\"Burst\">Зеленки</link></u></color> цели)% больше урона (До 50%)\n<style=\"highlight\">Если быстрее цели, +1 к Силе монет за каждые 2 единицы разницы в скорости (До 2)\n[WhenUse] Сила монет +1 против целей с 15 более <sprite name=\"Burst\"><color=#e30000><u><link=\"Burst\">Зеленкеи</link></u></color></style>\n[WhenUse] Получает 3 <sprite name=\"LegStrength\"><color=#f8c200><u><link=\"LegStrength\">Стремительности 【Мао】</link></u></color>\n[WinDuel] Повышает счетчик <sprite name=\"Burst\"><color=#e30000><u><link=\"Burst\">Зеленки</link></u></color> на 2",
          "coinlist": [
            {
              "coindescs": [
                {
                  "desc": "[OnSucceedAttack] Повышает счетчик <sprite name=\"Burst\"><color=#e30000><u><link=\"Burst\">Зеленки</link></u></color> на 1<style=\"highlight\"></style>"
                },
                {
                  "desc": "[OnSucceedAttack] Накладывает [BurstAgility]<style=\"highlight\"></style>"
                }
              ]
            },
            {
              "coindescs": [
                {
                  "desc": "[OnSucceedAttack] Наносит 1 <sprite name=\"Burst\"><color=#e30000><u><link=\"Burst\">Зеленка</link></u></color><style=\"highlight\"></style>"
                }
              ]
            },
            {
              "coindescs": [
                {
                  "desc": "При скорости 10 и выше, на 30% больше урона<style=\"highlight\"></style>"
                },
                {
                  "desc": "[OnSucceedAttack] Наносит 3 <sprite name=\"Burst\"><color=#e30000><u><link=\"Burst\">Зеленки</link></u></color><style=\"highlight\"></style>"
                },
                {
                  "desc": "[OnSucceedAttack] При скорости 10 и выше, вновь подкидывает монету (Единожды за навык)<style=\"highlight\"></style>"
                },
                {
                  "desc": "<style=\"highlight\">[ReUseOnSucceedAttack] Накладывает [BurstAgility]</style>"
                }
              ]
            }
          ]
        }
      ]
    },
    {
      "id": 1041104,
      "levelList": [
        {
          "level": 1,
          "name": "Хех, здарова",
          "desc": "[DuelCounter]\n[WhenUse] Получает 3 <sprite name=\"LegStrength\"><color=#f8c200><u><link=\"LegStrength\">Стремительности 【Мао】</link></u></color><style=\"highlight\"></style>",
          "coinlist": [
            {
              "coindescs": [
                {
                  "desc": "[OnSucceedAttack] Повышает счетчик <sprite name=\"Burst\"><color=#e30000><u><link=\"Burst\">Зеленки</link></u></color> на 1<style=\"highlight\"></style>"
                }
              ]
            }
          ]
        },
        {
          "level": 4,
          "name": "Хех, здарова",
          "desc": "[DuelCounter]\n[WhenUse] Получает 3 <sprite name=\"LegStrength\"><color=#f8c200><u><link=\"LegStrength\">Стремительности 【Мао】</link></u></color>\n<style=\"highlight\">[WhenUse] Если быстрее цели, +1 к Базовой силе за каждые 2 единицы разницы в скорости (До 2)</style>",
          "coinlist": [
            {
              "coindescs": [
                {
                  "desc": "[OnSucceedAttack] Повышает счетчик <sprite name=\"Burst\"><color=#e30000><u><link=\"Burst\">Зеленки</link></u></color> на 1<style=\"highlight\"></style>"
                }
              ]
            }
          ]
        }
      ]
    }
  ]
}