{
  "dataList": [
    {
      "id": 9021001,
      "levelList": [
        {
          "level": 1,
          "name": "Стиль заряженного топора - Разрубание",
          "desc": "[WhenUse] Повышает свой счетчик <sprite name=\"Charge\"><color=#f8c200><u><link=\"Charge\">Заряда</link></u></color> на 2",
          "coinlist": [
            {
              "coindescs": [
                {
                  "desc": "[OnSucceedAttack] Повышает свой счетчик <sprite name=\"Charge\"><color=#f8c200><u><link=\"Charge\">Заряда</link></u></color> на 2"
                },
                {
                  "desc": "[OnSucceedAttack] Наносит 2 <sprite name=\"Burst\"><color=#e30000><u><link=\"Burst\">Зеленки</link></u></color>"
                }
              ]
            }
          ]
        }
      ]
    },
    {
      "id": 9021002,
      "levelList": [
        {
          "level": 1,
          "name": "Стиль заряженного топора - Взмах",
          "desc": "[WhenUse] Повышает свой счетчик <sprite name=\"Charge\"><color=#f8c200><u><link=\"Charge\">Заряда</link></u></color> на 5",
          "coinlist": [
            {
              "coindescs": [
                {
                  "desc": "[OnSucceedAttack] Повышает свой счетчик <sprite name=\"Charge\"><color=#f8c200><u><link=\"Charge\">Заряда</link></u></color> на 2"
                },
                {
                  "desc": "[OnSucceedAttack] Наносит 1 <sprite name=\"Burst\"><color=#e30000><u><link=\"Burst\">Зеленка</link></u></color>"
                }
              ]
            },
            {
              "coindescs": [
                {
                  "desc": "[OnSucceedAttack] Повышает свой счетчик <sprite name=\"Charge\"><color=#f8c200><u><link=\"Charge\">Заряда</link></u></color> на 2"
                },
                {
                  "desc": "[OnSucceedAttack] Наносит 2 <sprite name=\"Burst\"><color=#e30000><u><link=\"Burst\">Зеленки</link></u></color>"
                }
              ]
            }
          ]
        }
      ]
    },
    {
      "id": 9021003,
      "levelList": [
        {
          "level": 1,
          "name": "Стиль заряженного топора - Крушение",
          "desc": "[WhenUse] Тратит по 5 единиц счетчика <sprite name=\"Charge\"><color=#f8c200><u><link=\"Charge\">Заряда</link></u></color>, чтобы повысить Силу монет на 1 (До 2)\n[BeforeAttack] Если было потрачено 5 и более единиц счетчика <sprite name=\"Charge\"><color=#f8c200><u><link=\"Charge\">Заряда</link></u></color>, наносит на 1 <sprite name=\"Burst\"><color=#e30000><u><link=\"Burst\">Зеленка</link></u></color> больше\n[BeforeAttack] Если было потрачено 10 и более единиц счетчика <sprite name=\"Charge\"><color=#f8c200><u><link=\"Charge\">Заряда</link></u></color>, повышает счетчик <sprite name=\"Burst\"><color=#e30000><u><link=\"Burst\">Зеленки</link></u></color> цели на 3",
          "coinlist": [
            {
              "coindescs": [
                {
                  "desc": "[OnSucceedAttack] Наносит 4 <sprite name=\"Burst\"><color=#e30000><u><link=\"Burst\">Зеленки</link></u></color>"
                }
              ]
            },
            {
              "coindescs": [
                {
                  "desc": "[OnSucceedAttack] Наносит 3 <sprite name=\"Burst\"><color=#e30000><u><link=\"Burst\">Зеленки</link></u></color> за каждые 5 потраченных при использовании единиц счетчика <sprite name=\"Charge\"><color=#f8c200><u><link=\"Charge\">Заряда</link></u></color>"
                }
              ]
            }
          ]
        }
      ]
    },
    {
      "id": 9021004,
      "levelList": [
        {
          "level": 1,
          "name": "Стиль заряженного топора - Ритм",
          "desc": "[WhenUse] Повышает свой счетчик <sprite name=\"Charge\"><color=#f8c200><u><link=\"Charge\">Заряда</link></u></color> на 5",
          "coinlist": [
            {
              "coindescs": [
                {
                  "desc": "[OnSucceedAttack] Наносит 2 <sprite name=\"Burst\"><color=#e30000><u><link=\"Burst\">Зеленки</link></u></color>"
                }
              ]
            }
          ]
        }
      ]
    },
    {
      "id": 9021101,
      "levelList": [
        {
          "level": 1,
          "name": "Стиль заряженного топора - Разрез",
          "desc": "[WhenUse] Повышает свой счетчик <sprite name=\"Charge\"><color=#f8c200><u><link=\"Charge\">Заряда</link></u></color> на 2",
          "coinlist": [
            {
              "coindescs": [
                {
                  "desc": "[OnSucceedAttack] Повышает счетчик <sprite name=\"Burst\"><color=#e30000><u><link=\"Burst\">Зеленки</link></u></color> на 2"
                }
              ]
            }
          ]
        }
      ]
    },
    {
      "id": 9021102,
      "levelList": [
        {
          "level": 1,
          "name": "Стиль заряженного топора - Встряска",
          "desc": "[WhenUse] Повышает свой счетчик <sprite name=\"Charge\"><color=#f8c200><u><link=\"Charge\">Заряда</link></u></color> на 5",
          "coinlist": [
            {
              "coindescs": [
                {
                  "desc": "[OnSucceedAttack] Повышает свой счетчик <sprite name=\"Charge\"><color=#f8c200><u><link=\"Charge\">Заряда</link></u></color> на 2"
                },
                {
                  "desc": "[OnSucceedAttack] Повышает счетчик <sprite name=\"Burst\"><color=#e30000><u><link=\"Burst\">Зеленки</link></u></color> на 1"
                }
              ]
            },
            {
              "coindescs": [
                {
                  "desc": "[OnSucceedAttack] Повышает свой счетчик <sprite name=\"Charge\"><color=#f8c200><u><link=\"Charge\">Заряда</link></u></color> на 2"
                },
                {
                  "desc": "[OnSucceedAttack] Повышает счетчик <sprite name=\"Burst\"><color=#e30000><u><link=\"Burst\">Зеленки</link></u></color> на 1"
                }
              ]
            }
          ]
        }
      ]
    },
    {
      "id": 9021103,
      "levelList": [
        {
          "level": 1,
          "name": "Стиль заряженного топора - Зеленка",
          "desc": "[WhenUse] Тратит по 5 единиц счетчика <sprite name=\"Charge\"><color=#f8c200><u><link=\"Charge\">Заряда</link></u></color>, чтобы повысить Силу монет на 1 (До 2)\n[BeforeAttack] Если было потрачено 5 и более единиц счетчика <sprite name=\"Charge\"><color=#f8c200><u><link=\"Charge\">Заряда</link></u></color>, наносит на 1 <sprite name=\"Burst\"><color=#e30000><u><link=\"Burst\">Зеленка</link></u></color> больше\n[BeforeAttack] Если было потрачено 10 и более единиц счетчика <sprite name=\"Charge\"><color=#f8c200><u><link=\"Charge\">Заряда</link></u></color>, повышает счетчик <sprite name=\"Burst\"><color=#e30000><u><link=\"Burst\">Зеленки</link></u></color> цели на 3",
          "coinlist": [
            {
              "coindescs": [
                {
                  "desc": "[OnSucceedAttack] Наносит 4 <sprite name=\"Burst\"><color=#e30000><u><link=\"Burst\">Зеленки</link></u></color>"
                }
              ]
            },
            {
              "coindescs": [
                {
                  "desc": "[OnSucceedAttack] Наносит 3 <sprite name=\"Burst\"><color=#e30000><u><link=\"Burst\">Зеленки</link></u></color> за каждые 5 потраченных при использовании единиц счетчика <sprite name=\"Charge\"><color=#f8c200><u><link=\"Charge\">Заряда</link></u></color>"
                }
              ]
            }
          ]
        }
      ]
    },
    {
      "id": 9021104,
      "levelList": [
        {
          "level": 1,
          "name": "Стиль заряженного топора - Ритм",
          "desc": "[WhenUse] Повышает свой счетчик <sprite name=\"Charge\"><color=#f8c200><u><link=\"Charge\">Заряда</link></u></color> на 5",
          "coinlist": [
            {
              "coindescs": [
                {
                  "desc": "[OnSucceedAttack] Наносит 2 <sprite name=\"Burst\"><color=#e30000><u><link=\"Burst\">Зеленки</link></u></color>"
                }
              ]
            }
          ]
        }
      ]
    },
    {
      "id": 9021201,
      "levelList": [
        {
          "level": 1,
          "name": "Стиль заряженного топора - Разрез и крушение",
          "desc": "[WhenUse] Повышает свой счетчик <sprite name=\"Charge\"><color=#f8c200><u><link=\"Charge\">Заряда</link></u></color> на 2",
          "coinlist": [
            {
              "coindescs": [
                {
                  "desc": "[OnSucceedAttack] Повышает свой счетчик <sprite name=\"Charge\"><color=#f8c200><u><link=\"Charge\">Заряда</link></u></color> на 2"
                },
                {
                  "desc": "[OnSucceedAttack] Наносит 4 <sprite name=\"Burst\"><color=#e30000><u><link=\"Burst\">Зеленки</link></u></color>"
                }
              ]
            }
          ]
        }
      ]
    },
    {
      "id": 9021202,
      "levelList": [
        {
          "level": 1,
          "name": "Стиль заряженного топора - Открывающее крушение",
          "desc": "[WhenUse] Повышает свой счетчик <sprite name=\"Charge\"><color=#f8c200><u><link=\"Charge\">Заряда</link></u></color> на 5",
          "coinlist": [
            {
              "coindescs": [
                {
                  "desc": "[OnSucceedAttack] Повышает свой счетчик <sprite name=\"Charge\"><color=#f8c200><u><link=\"Charge\">Заряда</link></u></color> на 2"
                },
                {
                  "desc": "[OnSucceedAttack] Наносит 3 <sprite name=\"Burst\"><color=#e30000><u><link=\"Burst\">Зеленки</link></u></color>"
                }
              ]
            },
            {
              "coindescs": [
                {
                  "desc": "[OnSucceedAttack] Повышает свой счетчик <sprite name=\"Charge\"><color=#f8c200><u><link=\"Charge\">Заряда</link></u></color> на 2"
                },
                {
                  "desc": "[OnSucceedAttack] Повышает счетчик <sprite name=\"Burst\"><color=#e30000><u><link=\"Burst\">Зеленки</link></u></color> на 2"
                }
              ]
            }
          ]
        }
      ]
    },
    {
      "id": 9021203,
      "levelList": [
        {
          "level": 1,
          "name": "Стиль заряженного топора - Дробление",
          "desc": "[WhenUse] Тратит по 5 единиц счетчика <sprite name=\"Charge\"><color=#f8c200><u><link=\"Charge\">Заряда</link></u></color>, чтобы повысить Силу монет на 1 (До 2)\n[BeforeAttack] Если было потрачено 5 и более единиц счетчика <sprite name=\"Charge\"><color=#f8c200><u><link=\"Charge\">Заряда</link></u></color>, наносит на 1 <sprite name=\"Burst\"><color=#e30000><u><link=\"Burst\">Зеленка</link></u></color> больше\n[BeforeAttack] Если было потрачено 10 и более единиц счетчика <sprite name=\"Charge\"><color=#f8c200><u><link=\"Charge\">Заряда</link></u></color>, повышает счетчик <sprite name=\"Burst\"><color=#e30000><u><link=\"Burst\">Зеленки</link></u></color> цели на 3",
          "coinlist": [
            {
              "coindescs": [
                {
                  "desc": "[OnSucceedAttack] Наносит 6 <sprite name=\"Burst\"><color=#e30000><u><link=\"Burst\">Зеленок</link></u></color>"
                }
              ]
            },
            {
              "coindescs": [
                {
                  "desc": "[OnSucceedAttack] Наносит 3 <sprite name=\"Burst\"><color=#e30000><u><link=\"Burst\">Зеленки</link></u></color>"
                },
                {
                  "desc": "[OnSucceedAttack] Повышает счетчик <sprite name=\"Burst\"><color=#e30000><u><link=\"Burst\">Зеленки</link></u></color> на 2"
                }
              ]
            },
            {
              "coindescs": [
                {
                  "desc": "[OnSucceedAttack] Наносит урон Чревоугодием в количестве силы <sprite name=\"Burst\"><color=#e30000><u><link=\"Burst\">Зеленки</link></u></color> на цели (До 30) и понижает счетчик <sprite name=\"Burst\"><color=#e30000><u><link=\"Burst\">Зеленки</link></u></color> цели на 1"
                }
              ]
            }
          ]
        }
      ]
    },
    {
      "id": 9021204,
      "levelList": [
        {
          "level": 1,
          "name": "Стиль заряженного топора - Согласование ритма",
          "desc": "[WhenUse] Повышает свой счетчик <sprite name=\"Charge\"><color=#f8c200><u><link=\"Charge\">Заряда</link></u></color> на 5",
          "coinlist": [
            {
              "coindescs": [
                {
                  "desc": "[OnSucceedAttack] Наносит 2 <sprite name=\"Burst\"><color=#e30000><u><link=\"Burst\">Зеленки</link></u></color>"
                }
              ]
            },
            {
              "coindescs": [
                {
                  "desc": "[OnSucceedAttack] Повышает счетчик <sprite name=\"Burst\"><color=#e30000><u><link=\"Burst\">Зеленки</link></u></color> на 2"
                }
              ]
            }
          ]
        }
      ]
    },
    {
      "id": 9020501,
      "levelList": [
        {
          "level": 1,
          "name": "Отягощение",
          "desc": "",
          "coinlist": [
            {
              "coindescs": [
                {
                  "desc": "[OnSucceedAttack] Наносит 2 <sprite name=\"Burst\"><color=#e30000><u><link=\"Burst\">Зеленки</link></u></color>"
                }
              ]
            },
            {
              "coindescs": [
                {
                  "desc": "[OnSucceedAttack] Наносит 2 <sprite name=\"Burst\"><color=#e30000><u><link=\"Burst\">Зеленки</link></u></color>"
                }
              ]
            }
          ]
        }
      ]
    },
    {
      "id": 9020502,
      "levelList": [
        {
          "level": 1,
          "name": "Терзание",
          "desc": "[WhenUse] Сила в столкновении +1 против целей с 4 и более <sprite name=\"Burst\"><color=#e30000><u><link=\"Burst\">Зеленкеи</link></u></color>",
          "coinlist": [
            {
              "coindescs": [
                {
                  "desc": "[OnSucceedAttack] Повышает счетчик <sprite name=\"Burst\"><color=#e30000><u><link=\"Burst\">Зеленки</link></u></color> на 3"
                }
              ]
            },
            {
              "coindescs": [
                {
                  "desc": "[OnSucceedAttack] Наносит 2 <sprite name=\"Burst\"><color=#e30000><u><link=\"Burst\">Зеленки</link></u></color>"
                },
                {
                  "desc": "[OnSucceedAttackHead] Получает 2 <sprite name=\"DefenseUp\"><color=#f8c200><u><link=\"DefenseUp\">Повышения уровня защиты</link></u></color> на следующий ход"
                }
              ]
            }
          ]
        }
      ]
    },
    {
      "id": 9020503,
      "levelList": [
        {
          "level": 1,
          "name": "Неистовое избиение",
          "desc": "[StartBattle] При HP менее 50% третья монета навыка становится <sprite name=\"SuperCoin\"><color=#9f6a3a><u><link=\"SuperCoin\">Вечной</link></u></color>\n[WhenUse] Сила в столкновении +1 за каждые 4 <sprite name=\"Burst\"><color=#e30000><u><link=\"Burst\">Зеленки</link></u></color> на цели (До 2)",
          "coinlist": [
            {
              "coindescs": [
                {
                  "desc": "[OnSucceedAttack] Наносит 1 <sprite name=\"Burst\"><color=#e30000><u><link=\"Burst\">Зеленка</link></u></color>"
                }
              ]
            },
            {
              "coindescs": [
                {
                  "desc": "[OnSucceedAttack] Наносит 1 <sprite name=\"Burst\"><color=#e30000><u><link=\"Burst\">Зеленка</link></u></color> и повышает его счетчик на 3"
                }
              ]
            },
            {
              "coindescs": [
                {
                  "desc": "[WinDuelAttack] Восстанавливает HP на (<sprite name=\"DefenseUp\"><color=#f8c200><u><link=\"DefenseUp\">Повышений уровня защиты</link></u></color> на себе)% (До 10%)"
                }
              ]
            }
          ]
        }
      ]
    },
    {
      "id": 9020504,
      "levelList": [
        {
          "level": 1,
          "name": "Мольбы",
          "desc": "[WhenUse] Получает HP Щита в количестве 10% от максимальных HP",
          "coinlist": [
            {}
          ]
        }
      ]
    },
    {
      "id": 9020601,
      "levelList": [
        {
          "level": 1,
          "name": "Отягощение",
          "desc": "",
          "coinlist": [
            {},
            {
              "coindescs": [
                {
                  "desc": "[OnSucceedAttack] Повышает счетчик <sprite name=\"Burst\"><color=#e30000><u><link=\"Burst\">Зеленки</link></u></color> на 3"
                }
              ]
            }
          ]
        }
      ]
    },
    {
      "id": 9020602,
      "levelList": [
        {
          "level": 1,
          "name": "Терзание",
          "desc": "[WhenUse] Базовая сила +1 против целей с 4 и более <sprite name=\"Burst\"><color=#e30000><u><link=\"Burst\">Зеленкеи</link></u></color>",
          "coinlist": [
            {
              "coindescs": [
                {
                  "desc": "[OnSucceedAttack] Наносит 3 <sprite name=\"Burst\"><color=#e30000><u><link=\"Burst\">Зеленки</link></u></color>"
                }
              ]
            },
            {
              "coindescs": [
                {
                  "desc": "[OnSucceedAttack] Повышает счетчик <sprite name=\"Burst\"><color=#e30000><u><link=\"Burst\">Зеленки</link></u></color> на 1"
                },
                {
                  "desc": "[OnSucceedAttackHead] Восстанавливает HP одному союзнику с наименьшим процентом HP на 5% от своих максимальных HP"
                }
              ]
            }
          ]
        }
      ]
    },
    {
      "id": 9020603,
      "levelList": [
        {
          "level": 1,
          "name": "Неистовый залп",
          "desc": "[StartBattle] При HP менее 50% третья монета навыка становится <sprite name=\"SuperCoin\"><color=#9f6a3a><u><link=\"SuperCoin\">Вечной</link></u></color>\n[WhenUse] Базовая сила +1 за каждые 4 <sprite name=\"Burst\"><color=#e30000><u><link=\"Burst\">Зеленки</link></u></color> на цели (До 2)",
          "coinlist": [
            {
              "coindescs": [
                {
                  "desc": "[OnSucceedAttack] Наносит 2 <sprite name=\"Burst\"><color=#e30000><u><link=\"Burst\">Зеленки</link></u></color> и повышает его счетчик на 2"
                }
              ]
            },
            {
              "coindescs": [
                {
                  "desc": "[OnSucceedAttack] Наносит 2 <sprite name=\"Burst\"><color=#e30000><u><link=\"Burst\">Зеленки</link></u></color>"
                }
              ]
            },
            {
              "coindescs": [
                {
                  "desc": "[WinDuelAttack] Восстанавливает HP двум союзникам с наименьшим процентом HP включая себя на 10% от своих максимальных HP"
                }
              ]
            }
          ]
        }
      ]
    },
    {
      "id": 9020604,
      "levelList": [
        {
          "level": 1,
          "name": "Мольбы",
          "desc": "[OnSucceedEvade] Повышает счетчик <sprite name=\"Burst\"><color=#e30000><u><link=\"Burst\">Зеленки</link></u></color> на 2 (До 2 раз за ход)",
          "coinlist": [
            {}
          ]
        }
      ]
    },
    {
      "id": 9020701,
      "levelList": [
        {
          "level": 1,
          "name": "Отягощение",
          "desc": "",
          "coinlist": [
            {
              "coindescs": [
                {
                  "desc": "[OnSucceedAttack] Наности 3 <sprite name=\"Burst\"><color=#e30000><u><link=\"Burst\">Зеленки</link></u></color>"
                }
              ]
            },
            {}
          ]
        }
      ]
    },
    {
      "id": 9020702,
      "levelList": [
        {
          "level": 1,
          "name": "Терзание",
          "desc": "[WhenUse] Сила монет +1 против целей с 4 и более <sprite name=\"Burst\"><color=#e30000><u><link=\"Burst\">Зеленкеи</link></u></color>",
          "coinlist": [
            {},
            {
              "coindescs": [
                {
                  "desc": "[OnSucceedAttack] Наносит 2 <sprite name=\"Burst\"><color=#e30000><u><link=\"Burst\">Зеленки</link></u></color> и повышает его счетчик на 2"
                }
              ]
            }
          ]
        }
      ]
    },
    {
      "id": 9020703,
      "levelList": [
        {
          "level": 1,
          "name": "Неистовые взмахи",
          "desc": "[StartBattle] При HP менее 50% третья монета навыка становится <sprite name=\"SuperCoin\"><color=#9f6a3a><u><link=\"SuperCoin\">Вечной</link></u></color>\n[WhenUse] Сила монет +1 за каждые 4 <sprite name=\"Burst\"><color=#e30000><u><link=\"Burst\">Зеленки</link></u></color> на цели (До 2)",
          "coinlist": [
            {
              "coindescs": [
                {
                  "desc": "[OnSucceedAttack] Повышает счетчик <sprite name=\"Burst\"><color=#e30000><u><link=\"Burst\">Зеленки</link></u></color> на 3"
                }
              ]
            },
            {
              "coindescs": [
                {
                  "desc": "[OnSucceedAttack] Наносит 3 <sprite name=\"Burst\"><color=#e30000><u><link=\"Burst\">Зеленки</link></u></color>"
                }
              ]
            },
            {
              "coindescs": [
                {
                  "desc": "На (Процент потерянных HP)% больше урона (До 50%)"
                },
                {
                  "desc": "[OnSucceedAttackHead] Заново использует этот навык (Только 1 раз)"
                }
              ]
            }
          ]
        }
      ]
    },
    {
      "id": 9020704,
      "levelList": [
        {
          "level": 1,
          "name": "Мольбы",
          "desc": "",
          "coinlist": [
            {
              "coindescs": [
                {
                  "desc": "[OnSucceedAttack] Повышает счетчик <sprite name=\"Burst\"><color=#e30000><u><link=\"Burst\">Зеленки</link></u></color> на 3"
                }
              ]
            }
          ]
        }
      ]
    },
    {
      "id": 9020801,
      "levelList": [
        {
          "level": 1,
          "name": "Школа духовных талисманов - Нанесение талисманов",
          "desc": "[WhenUse] Итоговая сила +1 за каждые 4 <sprite name=\"Burst\"><color=#e30000><u><link=\"Burst\">Зеленки</link></u></color> на цели (До 2)",
          "coinlist": [
            {
              "coindescs": [
                {
                  "desc": "[OnSucceedAttack] Наносит 2 <sprite name=\"Burst\"><color=#e30000><u><link=\"Burst\">Зеленки</link></u></color>"
                },
                {
                  "desc": "[OnSucceedAttack] Наносит 10 <sprite name=\"OminousTalisman\"><color=#e30000><u><link=\"OminousTalisman\">Предзнаменующих талисманов</link></u></color>"
                }
              ]
            }
          ]
        }
      ]
    },
    {
      "id": 9020802,
      "levelList": [
        {
          "level": 1,
          "name": "Школа духовных талисманов - Провокация эффекта",
          "desc": "[WhenUse] Итоговая сила +1 за каждые 4 <sprite name=\"Burst\"><color=#e30000><u><link=\"Burst\">Зеленки</link></u></color> на цели (До 2)",
          "coinlist": [
            {
              "coindescs": [
                {
                  "desc": "[OnSucceedAttack] Наносит 3 <sprite name=\"Burst\"><color=#e30000><u><link=\"Burst\">Зеленки</link></u></color>"
                },
                {
                  "desc": "[OnSucceedAttack] Наносит 10 <sprite name=\"OminousTalisman\"><color=#e30000><u><link=\"OminousTalisman\">Предзнаменующих талисманов</link></u></color>"
                }
              ]
            },
            {
              "coindescs": [
                {
                  "desc": "[OnSucceedAttack] Убирает с цели 2 <sprite name=\"OminousTalisman\"><color=#e30000><u><link=\"OminousTalisman\">Предзнаменующих талисмана</link></u></color>"
                }
              ]
            }
          ]
        }
      ]
    },
    {
      "id": 9020803,
      "levelList": [
        {
          "level": 1,
          "name": "Школа духовных талисманов - Кукла для ритуалов",
          "desc": "[WhenUse] Итоговая сила +1 за каждые 4 <sprite name=\"Burst\"><color=#e30000><u><link=\"Burst\">Зеленки</link></u></color> на цели (До 2)",
          "coinlist": [
            {
              "coindescs": [
                {
                  "desc": "[OnSucceedAttack] Наносит 2 <sprite name=\"Burst\"><color=#e30000><u><link=\"Burst\">Зеленки</link></u></color> и повышает его счетчик на 2"
                },
                {
                  "desc": "[OnSucceedAttack] Убирает с цели 5 <sprite name=\"OminousTalisman\"><color=#e30000><u><link=\"OminousTalisman\">Предзнаменующих талисманов</link></u></color>"
                }
              ]
            }
          ]
        }
      ]
    },
    {
      "id": 9020804,
      "levelList": [
        {
          "level": 1,
          "name": "Школа духовных талисманов - Барьер",
          "desc": "[StartBattle] Получает (20 - текущая SP) HP Щита (До 20; не менее 0)",
          "coinlist": [
            {}
          ]
        }
      ]
    },
    {
      "id": 9020901,
      "levelList": [
        {
          "level": 1,
          "name": "Школа духовных талисманов - Нанесение талисманов",
          "desc": "[WhenUse] Итоговая сила +1 за каждые 4 <sprite name=\"Burst\"><color=#e30000><u><link=\"Burst\">Зеленки</link></u></color> на цели (До 3)",
          "coinlist": [
            {
              "coindescs": [
                {
                  "desc": "[OnSucceedAttack] Наносит 3 <sprite name=\"Burst\"><color=#e30000><u><link=\"Burst\">Зеленки</link></u></color>"
                },
                {
                  "desc": "[OnSucceedAttack] Наносит 10 <sprite name=\"OminousTalisman\"><color=#e30000><u><link=\"OminousTalisman\">Предзнаменующих талисманов</link></u></color>"
                }
              ]
            }
          ]
        }
      ]
    },
    {
      "id": 9020902,
      "levelList": [
        {
          "level": 1,
          "name": "Школа духовных талисманов - Провокация эффекта",
          "desc": "[WhenUse] Итоговая сила +1 за каждые 4 <sprite name=\"Burst\"><color=#e30000><u><link=\"Burst\">Зеленки</link></u></color> на цели (До 3)",
          "coinlist": [
            {
              "coindescs": [
                {
                  "desc": "[OnSucceedAttack] Наносит 4 <sprite name=\"Burst\"><color=#e30000><u><link=\"Burst\">Зеленки</link></u></color>"
                },
                {
                  "desc": "[OnSucceedAttack] Наносит 10 <sprite name=\"OminousTalisman\"><color=#e30000><u><link=\"OminousTalisman\">Предзнаменующих талисманов</link></u></color>"
                }
              ]
            },
            {
              "coindescs": [
                {
                  "desc": "[OnSucceedAttack] Убирает с цели 3 <sprite name=\"OminousTalisman\"><color=#e30000><u><link=\"OminousTalisman\">Предзнаменующих талисмана</link></u></color>"
                }
              ]
            }
          ]
        }
      ]
    },
    {
      "id": 9020903,
      "levelList": [
        {
          "level": 1,
          "name": "Школа духовных талисманов - Исполнение",
          "desc": "[StartBattle] При SP -30 и менее последняя монета навыка становится <sprite name=\"SuperCoin\"><color=#9f6a3a><u><link=\"SuperCoin\">Вечной</link></u></color>\n[DefeatDuel] Базовая сила снижается на 75% (Округляется вниз)\n[WhenUse] Итоговая сила +1 за каждые 4 [Burst] on target (До 3)",
          "coinlist": [
            {
              "coindescs": [
                {
                  "desc": "[OnSucceedAttack] Наносит 2 <sprite name=\"Burst\"><color=#e30000><u><link=\"Burst\">Зеленки</link></u></color>"
                },
                {
                  "desc": "[OnSucceedAttack] Наносит 10 <sprite name=\"OminousTalisman\"><color=#e30000><u><link=\"OminousTalisman\">Предзнаменующих талисманов</link></u></color>"
                }
              ]
            },
            {
              "coindescs": [
                {
                  "desc": "[OnSucceedAttack] Повышает счетчик <sprite name=\"Burst\"><color=#e30000><u><link=\"Burst\">Зеленки</link></u></color> на 2"
                },
                {
                  "desc": "[OnSucceedAttackTail] Наносит 10 <sprite name=\"OminousTalisman\"><color=#e30000><u><link=\"OminousTalisman\">Предзнаменующих талисманов</link></u></color>"
                }
              ]
            },
            {
              "coindescs": [
                {
                  "desc": "[UnBrokenCoinOnSucceedAttack] Убирает с цели 5 <sprite name=\"OminousTalisman\"><color=#e30000><u><link=\"OminousTalisman\">Предзнаменующих талисманов</link></u></color>"
                }
              ]
            }
          ]
        }
      ]
    },
    {
      "id": 9020904,
      "levelList": [
        {
          "level": 1,
          "name": "Школа духовных талисманов - Резкий хлопок",
          "desc": "[StartBattle] Итоговая сила +1 за каждые 10 SP ниже 0 (До 3)\n[DefeatDuel] Базовая сила снижается на 75% (Округляется вниз), не может оглушить целей\n[EndSkill] Сбрасывает SP до 0",
          "coinlist": [
            {
              "coindescs": [
                {
                  "desc": "[SuperCoin]"
                },
                {
                  "desc": "[OnSucceedAttack] Наносит 3 <sprite name=\"Burst\"><color=#e30000><u><link=\"Burst\">Зеленки</link></u></color> и повышает его счетчик на 3"
                },
                {
                  "desc": "[UnBrokenCoinOnSucceedAttack] Наносит 10 <sprite name=\"OminousTalisman\"><color=#e30000><u><link=\"OminousTalisman\">Предзнаменующих талисманов</link></u></color>"
                }
              ]
            },
            {
              "coindescs": [
                {
                  "desc": "[SuperCoin]"
                },
                {
                  "desc": "[UnBrokenCoinOnSucceedAttack] Убирает все <sprite name=\"OminousTalisman\"><color=#e30000><u><link=\"OminousTalisman\">Предзнаменующие талисманы</link></u></color> с цели"
                }
              ]
            }
          ]
        }
      ]
    },
    {
      "id": 9020905,
      "levelList": [
        {
          "level": 1,
          "name": "Школа духовных талисманов - Барьер",
          "desc": "[StartBattle] Получает (20 - текущая SP) HP Щита (До 40; не менее 0)",
          "coinlist": [
            {}
          ]
        }
      ]
    }
  ]
}