﻿{
  "dataList": [
    {
      "id": 9010101,
      "levelList": [
        {
          "level": 1,
          "name": "Человек-омы!",
          "desc": "",
          "coinlist": [
            {
              "coindescs": [
                {
                  "desc": "[OnSucceedAttack] Получает 4 <sprite name=\"Breath\"><color=#f8c200><u><link=\"Breath\">Кумара</link></u></color>"
                }
              ]
            },
            {
              "coindescs": [
                {
                  "desc": "[OnSucceedAttack] Получает 3 <sprite name=\"Breath\"><color=#f8c200><u><link=\"Breath\">Кумара</link></u></color>"
                },
                {
                  "desc": "[OnSucceedAttackHead] Повышает счетчик <sprite name=\"Breath\"><color=#f8c200><u><link=\"Breath\">Кумара</link></u></color> на 1"
                },
                {
                  "desc": "[CriticalOnSucceedAttack] Наносит 2 <sprite name=\"Paralysis\"><color=#e30000><u><link=\"Paralysis\">Паралича</link></u></color>"
                }
              ]
            }
          ]
        }
      ]
    },
    {
      "id": 9010102,
      "levelList": [
        {
          "level": 1,
          "name": "Захват добычи",
          "desc": "[WinDuel] Восстанавливает 5 СД",
          "coinlist": [
            {
              "coindescs": [
                {
                  "desc": "[OnSucceedAttack] Получает 4 <sprite name=\"Breath\"><color=#f8c200><u><link=\"Breath\">Кумара</link></u></color>"
                },
                {
                  "desc": "[OnSucceedAttackHead] Повышает свой счетчик <sprite name=\"Breath\"><color=#f8c200><u><link=\"Breath\">Кумара</link></u></color> на 1"
                },
                {
                  "desc": "На 40% больше урона при раскумаре"
                }
              ]
            }
          ]
        }
      ]
    },
    {
      "id": 9010103,
      "levelList": [
        {
          "level": 1,
          "name": "Омы, омы!!",
          "desc": "",
          "coinlist": [
            {
              "coindescs": [
                {
                  "desc": "На 30% больше урона при раскумаре"
                },
                {
                  "desc": "[OnSucceedAttack] Получает 3 <sprite name=\"Breath\"><color=#f8c200><u><link=\"Breath\">Кумара</link></u></color>"
                }
              ]
            },
            {
              "coindescs": [
                {
                  "desc": "На 30% больше урона при раскумаре"
                },
                {
                  "desc": "[OnSucceedAttack] Повышает счетчик <sprite name=\"Breath\"><color=#f8c200><u><link=\"Breath\">Кумара</link></u></color> на 2"
                }
              ]
            }
          ]
        }
      ]
    },
    {
      "id": 9010201,
      "levelList": [
        {
          "level": 1,
          "name": "Свежее мясо-омы",
          "desc": "",
          "coinlist": [
            {
              "coindescs": [
                {
                  "desc": "[OnSucceedAttack] Получает 2 <sprite name=\"Breath\"><color=#f8c200><u><link=\"Breath\">Кумара</link></u></color> и повышает его счетчик на 2"
                }
              ]
            },
            {
              "coindescs": [
                {
                  "desc": "[OnSucceedAttack] Получает 3 <sprite name=\"Breath\"><color=#f8c200><u><link=\"Breath\">Кумара</link></u></color>"
                },
                {
                  "desc": "[OnSucceedAttackHead] Повышает свой счетчик <sprite name=\"Breath\"><color=#f8c200><u><link=\"Breath\">Кумара</link></u></color> на 1"
                },
                {
                  "desc": "[CriticalOnSucceedAttack] Получает 3 <sprite name=\"Binding\"><color=#e30000><u><link=\"Binding\">Поноса</link></u></color> на следующий ход"
                }
              ]
            }
          ]
        }
      ]
    },
    {
      "id": 9010202,
      "levelList": [
        {
          "level": 1,
          "name": "Бодрость духа",
          "desc": "[WinDuel] Восстанавливает 5 СД",
          "coinlist": [
            {
              "coindescs": [
                {
                  "desc": "[OnSucceedAttack] Получает 2 <sprite name=\"Breath\"><color=#f8c200><u><link=\"Breath\">Кумара</link></u></color> и повышает его счетчик на 2"
                },
                {
                  "desc": "На 40% больше урона при раскумаре"
                }
              ]
            }
          ]
        }
      ]
    },
    {
      "id": 9010203,
      "levelList": [
        {
          "level": 1,
          "name": "Бесполезно!",
          "desc": "[EndBattle] Если остался щит к концу хода, получает 1 <sprite name=\"Enhancement\"><color=#f8c200><u><link=\"Enhancement\">Повышение силы атаки</link></u></color> на следующий ход",
          "coinlist": [
            {
              "coindescs": [
                {
                  "desc": ""
                }
              ]
            }
          ]
        }
      ]
    },
    {
      "id": 9010301,
      "levelList": [
        {
          "level": 1,
          "name": "Превращу тебя в мебель-омы!",
          "desc": "",
          "coinlist": [
            {
              "coindescs": [
                {
                  "desc": "[OnSucceedAttack] Повышает свой счетчик <sprite name=\"Breath\"><color=#f8c200><u><link=\"Breath\">Кумара</link></u></color> на 3"
                }
              ]
            },
            {
              "coindescs": [
                {
                  "desc": "[OnSucceedAttack] Получает 3 <sprite name=\"Breath\"><color=#f8c200><u><link=\"Breath\">Кумара</link></u></color>"
                },
                {
                  "desc": "[OnSucceedAttackHead] Повышает свой счетчик <sprite name=\"Breath\"><color=#f8c200><u><link=\"Breath\">Кумара</link></u></color> на 1"
                },
                {
                  "desc": "[CriticalOnSucceedAttack] Наносит 2 <sprite name=\"Paralysis\"><color=#e30000><u><link=\"Paralysis\">Паралича</link></u></color>"
                }
              ]
            }
          ]
        }
      ]
    },
    {
      "id": 9010302,
      "levelList": [
        {
          "level": 1,
          "name": "Движение вперед",
          "desc": "[WinDuel] Восстанавливает 5 СД",
          "coinlist": [
            {
              "coindescs": [
                {
                  "desc": "[OnSucceedAttack] Повышает свой счетчик <sprite name=\"Breath\"><color=#f8c200><u><link=\"Breath\">Кумара</link></u></color> на 2"
                },
                {
                  "desc": "[OnSucceedAttack] Получает 3 <sprite name=\"Breath\"><color=#f8c200><u><link=\"Breath\">Кумара</link></u></color>"
                },
                {
                  "desc": "На 40% больше урона при раскумаре"
                }
              ]
            }
          ]
        }
      ]
    },
    {
      "id": 9010303,
      "levelList": [
        {
          "level": 1,
          "name": "Хум-хум~",
          "desc": "[OnSucceedEvade] Получает 5 <sprite name=\"Breath\"><color=#f8c200><u><link=\"Breath\">Кумара</link></u></color> и повышает его счетчик на 2\n[OnDefeatEvade] Повышает границу выносливости на 10",
          "coinlist": [
            {
              "coindescs": [
                {
                  "desc": ""
                }
              ]
            }
          ]
        }
      ]
    },
    {
      "id": 9010401,
      "levelList": [
        {
          "level": 1,
          "name": "Я достану тебя-омы",
          "desc": "",
          "coinlist": [
            {
              "coindescs": [
                {
                  "desc": "[OnSucceedAttack] Получает 3 <sprite name=\"Breath\"><color=#f8c200><u><link=\"Breath\">Кумара</link></u></color>"
                },
                {
                  "desc": "[CriticalOnSucceedAttack] Наносит 2 <sprite name=\"Binding\"><color=#e30000><u><link=\"Binding\">Поноса</link></u></color> на следующий ход"
                }
              ]
            }
          ]
        }
      ]
    },
    {
      "id": 9010402,
      "levelList": [
        {
          "level": 1,
          "name": "Золотая жила",
          "desc": "[WinDuel] Восстанавливает 5 СД",
          "coinlist": [
            {
              "coindescs": [
                {
                  "desc": "[OnSucceedAttack] Получает 2 <sprite name=\"Breath\"><color=#f8c200><u><link=\"Breath\">Кумара</link></u></color> и повышает его счетчик на 3"
                },
                {
                  "desc": "На 50% больше урона при раскумаре"
                }
              ]
            },
            {
              "coindescs": [
                {
                  "desc": "[OnSucceedAttack] Получает 3 <sprite name=\"Breath\"><color=#f8c200><u><link=\"Breath\">Кумара</link></u></color> и повышает его счетчик на 1"
                },
                {
                  "desc": "На 50% больше урона при раскумаре"
                }
              ]
            }
          ]
        }
      ]
    },
    {
      "id": 9010403,
      "levelList": [
        {
          "level": 1,
          "name": "Местные сырьевые материалы!",
          "desc": "[WinDuel] Получает 3 <sprite name=\"Breath\"><color=#f8c200><u><link=\"Breath\">Кумара</link></u></color>",
          "coinlist": [
            {
              "coindescs": [
                {
                  "desc": "[CriticalOnSucceedAttack] На 20% больше урона для последней монеты"
                },
                {
                  "desc": "[OnSucceedAttack] Получает 3 <sprite name=\"Breath\"><color=#f8c200><u><link=\"Breath\">Кумара</link></u></color>"
                }
              ]
            },
            {
              "coindescs": [
                {
                  "desc": "[CriticalOnSucceedAttack] На 20% больше урона для последней монеты"
                },
                {
                  "desc": "[OnSucceedAttack] Повышает свой счетчик <sprite name=\"Breath\"><color=#f8c200><u><link=\"Breath\">Кумара</link></u></color> на 2"
                }
              ]
            },
            {
              "coindescs": [
                {
                  "desc": "[CriticalOnSucceedAttack] Не тратит счетчик <sprite name=\"Breath\"><color=#f8c200><u><link=\"Breath\">Кумара</link></u></color> и наносит дополнительный Дробящий урон в размере своего <sprite name=\"Breath\"><color=#f8c200><u><link=\"Breath\">Кумара</link></u></color>"
                }
              ]
            }
          ]
        }
      ]
    },
    {
      "id": 9010404,
      "levelList": [
        {
          "level": 1,
          "name": "Бесполезно!",
          "desc": "[EndBattle] Если остался щит к концу хода, получает 2 <sprite name=\"Enhancement\"><color=#f8c200><u><link=\"Enhancement\">Повышения силы атаки</link></u></color> на следующий ход",
          "coinlist": [
            {
              "coindescs": [
                {
                  "desc": ""
                }
              ]
            }
          ]
        }
      ]
    }
  ]
}