{
  "dataList": [
    {
      "id": 117501,
      "levelList": [
        {
          "level": 1,
          "name": "Tenacious Wound",
          "desc": "If target has 6+ [Laceration] Potency, gain Coin Power +1 and gain +1 to [Laceration] Potency and Count inflicted by this Skill",
          "coinlist": [
            {
              "coindescs": [
                {
                  "desc": "[SuperCoin]"
                },
                {
                  "desc": "[OnSucceedAttack] Inflict +2 [Laceration] Count"
                }
              ]
            },
            {
              "coindescs": [
                {
                  "desc": "[SuperCoin]"
                },
                {
                  "desc": "[OnSucceedAttack] Inflict 3 [Laceration]"
                }
              ]
            }
          ]
        }
      ]
    },
    {
      "id": 117502,
      "levelList": [
        {
          "level": 1,
          "name": "Wound",
          "desc": "If target has 6+ [Laceration] Potency, gain Coin Power +1 and gain +1 to [Laceration] Potency and Count inflicted by this Skill",
          "coinlist": [
            {
              "coindescs": [
                {
                  "desc": "[OnSucceedAttack] Inflict +2 [Laceration] Count"
                }
              ]
            },
            {
              "coindescs": [
                {
                  "desc": "[OnSucceedAttack] Inflict 4 [Laceration]"
                }
              ]
            }
          ]
        }
      ]
    },
    {
      "id": 117503,
      "levelList": [
        {
          "level": 1,
          "name": "Brambles that Constrict",
          "desc": "If target has 6+ [Laceration] Potency, this Skill inflicts +1 more [Laceration] Potency\nIf target has 15+ (sum of [Laceration] Potency and [Laceration] Count), gain +2 Atk Weight",
          "coinlist": [
            {
              "coindescs": [
                {
                  "desc": "[SuperCoin]"
                },
                {
                  "desc": "[OnSucceedAttack] Inflict 2 [Laceration]"
                },
                {
                  "desc": "[UnBrokenCoinOnSucceedAttack] Inflict 3 [Laceration] and +2 [Laceration] Count"
                }
              ]
            }
          ]
        }
      ]
    },
    {
      "id": 117511,
      "levelList": [
        {
          "level": 1,
          "name": "Polydipsic Petals",
          "desc": "Attacks the target with the highest sum of [Laceration] Potency + Count\n[WhenUse] Coin Power +1 for every 6 [Laceration] Potency on target (max 2)",
          "coinlist": [
            {
              "coindescs": [
                {
                  "desc": "[OnSucceedAttack] Inflict 2 [ScarletTakeDamageUp]"
                }
              ]
            },
            {
              "coindescs": [
                {
                  "desc": "[OnSucceedAttack] Activate [Laceration] on the target once (reduce [Laceration] Count by 1)"
                }
              ]
            }
          ]
        }
      ]
    },
    {
      "id": 117512,
      "levelList": [
        {
          "level": 1,
          "name": "Bursting Petals",
          "desc": "Attacks the target with the highest sum of [Laceration] Potency + Count\n[WhenUse] Coin Power +1 for every 6 [Laceration] Potency on target (max 2)",
          "coinlist": [
            {
              "coindescs": [
                {
                  "desc": "[OnSucceedAttack] Inflict 2 [ScarletTakeDamageUp]"
                }
              ]
            },
            {
              "coindescs": [
                {
                  "desc": "[OnSucceedAttack] Activate all [Laceration] on the target (completely reduce [Laceration] Count)"
                }
              ]
            }
          ]
        }
      ]
    },
    {
      "id": 117513,
      "levelList": [
        {
          "level": 1,
          "name": "Storm of Spikes",
          "desc": "[WhenUse] If target has 6+ [Laceration] Potency, Final Power +2",
          "coinlist": [
            {
              "coindescs": [
                {
                  "desc": "[OnSucceedAttack] Activate [Laceration] on the target once (reduce [Laceration] Count by 1)"
                }
              ]
            }
          ]
        }
      ]
    },
    {
      "id": 117514,
      "levelList": [
        {
          "level": 1,
          "name": "Polydipsic Thorn",
          "desc": "[StartBattle] Gain 3 [AttackDmgUp] and 2 [Vulnerable]",
          "coinlist": [
            {
              "coindescs": [
                {
                  "desc": "[SuperCoin]"
                },
                {
                  "desc": "[OnSucceedAttack] Inflict 4 [Laceration]"
                },
                {
                  "desc": "[UnBrokenCoinOnSucceedAttack] Inflict +1 [Laceration] Count"
                }
              ]
            },
            {
              "coindescs": [
                {
                  "desc": "[SuperCoin]"
                },
                {
                  "desc": "[OnSucceedAttack] Inflict 24 [Laceration]"
                },
                {
                  "desc": "[UnBrokenCoinOnSucceedAttack] Inflict +1 [Laceration] Count"
                }
              ]
            },
            {
              "coindescs": [
                {
                  "desc": "[SuperCoin]"
                },
                {
                  "desc": "[OnSucceedAttack] Inflict 2 [Laceration]"
                },
                {
                  "desc": "[UnBrokenCoinOnSucceedAttack] Inflict +1 [Laceration] Count"
                }
              ]
            }
          ]
        }
      ]
    },
    {
      "id": 117515,
      "levelList": [
        {
          "level": 1,
          "name": "Endless Spring of Blood",
          "desc": "[DuelCounter]\n[WhenUse] Targets that clash against this Skill do not lose [Laceration] Count while clashing",
          "coinlist": [
            {
              "coindescs": [
                {
                  "desc": "[SuperCoin]"
                },
                {
                  "desc": "[OnSucceedAttack] Activate [Laceration] on the target once, and immediately consume [BloodDinner] generated by the [Laceration] damage"
                }
              ]
            },
            {
              "coindescs": [
                {
                  "desc": "[SuperCoin]"
                },
                {
                  "desc": "[OnSucceedAttack] Activate [Laceration] on the target once, and immediately consume [BloodDinner] generated by the [Laceration] damage"
                }
              ]
            },
            {
              "coindescs": [
                {
                  "desc": "[SuperCoin]"
                },
                {
                  "desc": "[OnSucceedAttack] Activate [Laceration] on the target once, and immediately consume [BloodDinner] generated by the [Laceration] damage"
                }
              ]
            }
          ]
        }
      ]
    },
    {
      "id": 117516,
      "levelList": [
        {
          "level": 1,
          "name": "Nutrient Craving",
          "desc": "Activates at 100+ [BloodDinner]\n[EndBattle] Consume up to 100 [BloodDinner] to activate the following effects:\n- Heal the Core and the Body Parts' HP by [BloodDinner] consumed\n- Gain 1 [AttackUp] next turn for every 20 [BloodDinner] consumed",
          "coinlist": [
            {
              "coindescs": [
                {
                  "desc": ""
                }
              ]
            }
          ]
        }
      ]
    },
    {
      "id": 117517,
      "levelList": [
        {
          "level": 1,
          "name": "Brambles that Yearn",
          "desc": "[WhenUse] Consume up to 100 [BloodDinner] to activate the following effects:\n- Heal the Core and the Body Parts' HP by [BloodDinner] consumed\n- This Skill gains Final Power +1 for every 20 [BloodDinner] consumed\n[EndSkill] If this Skill consumed less than 30 [BloodDinner], gain 2 [Vulnerable] next turn",
          "coinlist": [
            {
              "coindescs": [
                {
                  "desc": ""
                }
              ]
            }
          ]
        }
      ]
    },
    {
      "id": 118308,
      "levelList": [
        {
          "level": 1,
          "name": "Answer Me, Jia Baoyu",
          "desc": "[CantChangeTarget]\nPrioritizes the target with the earliest Deployment order\n[WinDuel] Inflict +4 [Burst] Count\n[DefeatDuel] If the target has the earliest Deployment order, inflict 1 [Teaching]",
          "coinlist": [
            {
              "coindescs": [
                {
                  "desc": "[SuperCoin]"
                },
                {
                  "desc": "[UnBrokenCoinOnSucceedAttack] Inflict 2 [Burst]"
                }
              ]
            },
            {
              "coindescs": [
                {
                  "desc": "[SuperCoin]"
                },
                {
                  "desc": "[UnBrokenCoinOnSucceedAttack] Inflict 2 [Burst]"
                }
              ]
            },
            {
              "coindescs": [
                {
                  "desc": "[SuperCoin]"
                },
                {
                  "desc": "[UnBrokenCoinOnSucceedAttack] Inflict 2 [Burst]"
                }
              ]
            },
            {
              "coindescs": [
                {
                  "desc": "[SuperCoin]"
                },
                {
                  "desc": "[UnBrokenCoinOnSucceedAttack] Inflict 2 [Burst]"
                }
              ]
            }
          ]
        }
      ]
    },
    {
      "id": 118309,
      "levelList": [
        {
          "level": 1,
          "name": "Tiangang Star - Form (格)",
          "desc": "Prioritizes the target with the earliest Deployment order\nCoin Power -2 for every [Teaching] on target\n[DefeatDuel] Cannot Stagger with this attack. Gain 24 [DefenseDown] for this Encounter\n[DefeatDuel] Deal -50% damage",
          "coinlist": [
            {
              "coindescs": [
                {
                  "desc": "[SuperCoin]"
                },
                {
                  "desc": "[UnBrokenCoinOnSucceedAttack] Inflict 2 [Burst]"
                }
              ]
            },
            {
              "coindescs": [
                {
                  "desc": "[SuperCoin]"
                },
                {
                  "desc": "[UnBrokenCoinOnSucceedAttack] Inflict 2 [Burst]"
                }
              ]
            },
            {
              "coindescs": [
                {
                  "desc": "[SuperCoin]"
                },
                {
                  "desc": "[UnBrokenCoinOnSucceedAttack] Inflict 2 [Burst]"
                }
              ]
            },
            {
              "coindescs": [
                {
                  "desc": "[SuperCoin]"
                },
                {
                  "desc": "[UnBrokenCoinOnSucceedAttack] Deal +5% damage for every ([Burst] Potency on target + [Burst] Count on target + number of Deathrite types on target) (max 100%)"
                }
              ]
            }
          ]
        }
      ]
    },
    {
      "id": 118701,
      "levelList": [
        {
          "level": 1,
          "name": "Precious Jade's Cradle [寶玉搖籃]",
          "desc": "[CantChangeTarget]\nPrioritizes the target with the earliest Deployment order\nWhen this Skill targets the target with the earliest Deployment order, deal 0 damage\n[EndSkill] When this Skill targets the unit with the earliest Deployment order, Stagger them, then turn them into [ExpensiveJade] next turn; then, end the turn",
          "coinlist": [
            {
              "coindescs": [
                {
                  "desc": "[SuperCoin]"
                }
              ]
            }
          ]
        }
      ]
    },
    {
      "id": 118310,
      "levelList": [
        {
          "level": 1,
          "name": "Like a Roaring Storm",
          "desc": "[CantDuel]\n[CantChangeTarget]\nThis Skill attacks targets that are not the earliest in the Deployment order\nUses the Heishou Pack - Mao Branch to Stagger every Identity except for the Identity with the earliest Deployment order next turn; this unit recovers from Stagger\n[EndSkill] Ends turn",
          "coinlist": [
            {
              "coindescs": [
                {
                  "desc": "[OnSucceedAttack] Inflict +2 [Burst] Count"
                }
              ]
            }
          ]
        }
      ]
    },
    {
      "id": 118703,
      "levelList": [
        {
          "level": 1,
          "name": "You do not know the fathoms of the eye's powers, its special nature",
          "desc": "Prioritizes the target with the earliest Deployment Order\n[WhenUse] When there is Baoyu, the Precious Jade, convert all Coins on this Skill to [SuperCoin]s\n[WhenUse] Coin Power +1 for every 5 (sum of [Laceration] and [Burst] on target) (max 2)",
          "coinlist": [
            {
              "coindescs": [
                {
                  "desc": "[OnSucceedAttack] Inflict +3 [Laceration] Count and +3 [Burst] Count"
                }
              ]
            },
            {
              "coindescs": [
                {
                  "desc": "[OnSucceedAttack] Inflict 1 [Laceration] and 1 [Burst]"
                }
              ]
            },
            {
              "coindescs": [
                {
                  "desc": "[OnSucceedAttack] Inflict 1 [Laceration] and 1 [Burst]"
                }
              ]
            }
          ]
        }
      ]
    },
    {
      "id": 118704,
      "levelList": [
        {
          "level": 1,
          "name": "Please Watch me, O Xianren...!",
          "desc": "Prioritizes the target with the earliest Deployment Order\n[WinDuel] Gain 5 [Breath] and +2 [Breath] Count\n[DefeatDuel] Gain 2 [AttackUp] and 2 [DefenseDown] next turn",
          "coinlist": [
            {
              "coindescs": [
                {
                  "desc": "[OnSucceedAttack] Inflict 2 [Binding] and 2 [Vulnerable] next turn"
                },
                {
                  "desc": "[OnSucceedAttack] Inflict +2 [Laceration] Count and +2 [Burst] Count"
                }
              ]
            }
          ]
        }
      ]
    },
    {
      "id": 118707,
      "levelList": [
        {
          "level": 1,
          "name": "Still, you can do nothing",
          "desc": "[WhenUse] Heal 8 SP\n[WhenUse] If the main target has less than 50% HP, or if the main target has 10+ (sum of [Burst] and [Laceration]), convert this Skill's Coins to [SuperCoin]s\n[DefeatDuel] Gain 1 [Vulnerable]\n- When losing a clash against Hong Lu, gain 2 [Vulnerable] instead",
          "coinlist": [
            {
              "coindescs": [
                {
                  "desc": "[OnSucceedAttack] Inflict 4 [Laceration] and 4 [Burst]"
                },
                {
                  "desc": "[OnSucceedAttack] Inflict +2 [Burst] Count"
                },
                {
                  "desc": "[OnSucceedAttack] Deal 10 SP damage and raise target's Stagger Threshold by 50% of damage dealt"
                },
                {
                  "desc": "[OnSucceedAttack] Inflict 2 [Binding] next turn"
                },
                {
                  "desc": "[OnSucceedAttack] Heal 8 SP"
                }
              ]
            }
          ]
        }
      ]
    }
  ]
}