{
  "dataList": [
    {
      "id": 1050701,
      "levelList": [
        {
          "level": 1,
          "name": "Мы помним",
          "desc": "",
          "coinlist": [
            {
              "coindescs": [
                {
                  "desc": "[OnSucceedAttackHead] Наносит 1 <sprite name=\"Laceration\"><color=#e30000><u><link=\"Laceration\">Кетчуп</link></u></color><style=\"highlight\"></style>"
                }
              ]
            },
            {
              "coindescs": [
                {
                  "desc": "[OnSucceedAttackHead] Наносит 1 <sprite name=\"Laceration\"><color=#e30000><u><link=\"Laceration\">Кетчуп</link></u></color><style=\"highlight\"></style>"
                }
              ]
            }
          ]
        },
        {
          "level": 2,
          "name": "Мы помним",
          "desc": "<style=\"highlight\">[DefeatDuel] Получает 1 <sprite name=\"VioletDamageUp\"><color=#f8c200><u><link=\"VioletDamageUp\">Повышение урона Завистью</link></u></color> на следующий ход</style>",
          "coinlist": [
            {
              "coindescs": [
                {
                  "desc": "<style=\"highlight\">[OnSucceedAttack]</style> Наносит 1 <sprite name=\"Laceration\"><color=#e30000><u><link=\"Laceration\">Кетчуп</link></u></color>"
                }
              ]
            },
            {
              "coindescs": [
                {
                  "desc": "<style=\"highlight\">[OnSucceedAttack]</style> Наносит 1 <sprite name=\"Laceration\"><color=#e30000><u><link=\"Laceration\">Кетчуп</link></u></color>"
                }
              ]
            }
          ]
        },
        {
          "level": 4,
          "name": "Мы помним",
          "desc": "[DefeatDuel] Получает 1 <sprite name=\"VioletDamageUp\"><color=#f8c200><u><link=\"VioletDamageUp\">Повышение урона Завистью</link></u></color> на следующий ход<style=\"highlight\"></style>",
          "coinlist": [
            {
              "coindescs": [
                {
                  "desc": "[OnSucceedAttack] Наносит 1 <sprite name=\"Laceration\"><color=#e30000><u><link=\"Laceration\">Кетчуп</link></u></color><style=\"highlight\"></style>"
                }
              ]
            },
            {
              "coindescs": [
                {
                  "desc": "[OnSucceedAttack] Наносит 1 <sprite name=\"Laceration\"><color=#e30000><u><link=\"Laceration\">Кетчуп</link></u></color><style=\"highlight\"></style>"
                }
              ]
            }
          ]
        }
      ]
    },
    {
      "id": 1050702,
      "levelList": [
        {
          "level": 1,
          "name": "Цепи верности",
          "desc": "[StartBattle] Дает 1 <sprite name=\"VioletResultUp\"><color=#f8c200><u><link=\"VioletResultUp\">Повышение силы Зависти</link></u></color> союзникам, чьи навыки находятся на приборной панели по бокам<style=\"highlight\"></style>",
          "coinlist": [
            {
              "coindescs": [
                {
                  "desc": "[OnSucceedAttackHead] Наносит 1 <sprite name=\"Laceration\"><color=#e30000><u><link=\"Laceration\">Кетчуп</link></u></color><style=\"highlight\"></style>"
                }
              ]
            },
            {
              "coindescs": [
                {
                  "desc": "[OnSucceedAttackHead] Наносит 1 <sprite name=\"Laceration\"><color=#e30000><u><link=\"Laceration\">Кетчуп</link></u></color><style=\"highlight\"></style>"
                }
              ]
            }
          ]
        },
        {
          "level": 2,
          "name": "Цепи верности",
          "desc": "[StartBattle] Дает 1 <sprite name=\"VioletResultUp\"><color=#f8c200><u><link=\"VioletResultUp\">Повышение силы Зависти</link></u></color> союзникам, чьи навыки находятся на приборной панели по бокам<style=\"highlight\"></style>",
          "coinlist": [
            {
              "coindescs": [
                {
                  "desc": "<style=\"highlight\">[OnSucceedAttack]</style> Наносит 1 <sprite name=\"Laceration\"><color=#e30000><u><link=\"Laceration\">Кетчуп</link></u></color>"
                }
              ]
            },
            {
              "coindescs": [
                {
                  "desc": "<style=\"highlight\">[OnSucceedAttack]</style> Наносит 1 <sprite name=\"Laceration\"><color=#e30000><u><link=\"Laceration\">Кетчуп</link></u></color>"
                }
              ]
            }
          ]
        },
        {
          "level": 4,
          "name": "Цепи верности",
          "desc": "[StartBattle] Дает 1 <sprite name=\"VioletResultUp\"><color=#f8c200><u><link=\"VioletResultUp\">Повышение силы Зависти</link></u></color> союзникам, чьи навыки находятся на приборной панели по бокам\n<style=\"highlight\">- Если навык сбоку имеет грех Зависти, дает еще 1 <sprite name=\"VioletDamageUp\"><color=#f8c200><u><link=\"VioletDamageUp\">Повышение урона Завистью</link></u></color></style>",
          "coinlist": [
            {
              "coindescs": [
                {
                  "desc": "[OnSucceedAttack] Наносит 1 <sprite name=\"Laceration\"><color=#e30000><u><link=\"Laceration\">Кетчуп</link></u></color><style=\"highlight\"></style>"
                }
              ]
            },
            {
              "coindescs": [
                {
                  "desc": "[OnSucceedAttack] Наносит 1 <sprite name=\"Laceration\"><color=#e30000><u><link=\"Laceration\">Кетчуп</link></u></color><style=\"highlight\"></style>"
                }
              ]
            }
          ]
        }
      ]
    },
    {
      "id": 1050703,
      "levelList": [
        {
          "level": 3,
          "name": "Запись",
          "desc": "Сила монет +1, если резонанс Зависти состаляет 4 и более греха<style=\"highlight\"></style>",
          "coinlist": [
            {
              "coindescs": [
                {
                  "desc": "[OnSucceedAttack] Если на цели <sprite name=\"RetaliationBook\"><color=#e30000><u><link=\"RetaliationBook\">Метка возмездия</link></u></color>, наносит 1 <sprite name=\"PlusCoinValueDown\"><color=#e30000><u><link=\"PlusCoinValueDown\">Ослабление положительной монеты</link></u></color> на следующий ход<style=\"highlight\"></style>"
                }
              ]
            },
            {
              "coindescs": [
                {}
              ]
            },
            {
              "coindescs": [
                {
                  "desc": "[OnSucceedAttack] Если на цели <sprite name=\"RetaliationBook\"><color=#e30000><u><link=\"RetaliationBook\">Метка возмездия</link></u></color>, наносит 1 <sprite name=\"VioletTakeDamageUp\"><color=#e30000><u><link=\"VioletTakeDamageUp\">Уязвимость к Зависти</link></u></color> на следующий ход<style=\"highlight\"></style>"
                }
              ]
            }
          ]
        },
        {
          "level": 4,
          "name": "Запись",
          "desc": "Сила монет +1, если резонанс Зависти состаляет 4 и более греха\n<style=\"highlight\">Сила монет +1, если резонанс Зависти состаляет 6 и более греха</style>",
          "coinlist": [
            {
              "coindescs": [
                {
                  "desc": "[OnSucceedAttack] Если на цели <sprite name=\"RetaliationBook\"><color=#e30000><u><link=\"RetaliationBook\">Метка возмездия</link></u></color>, наносит 1 <sprite name=\"PlusCoinValueDown\"><color=#e30000><u><link=\"PlusCoinValueDown\">Ослабление положительной монеты</link></u></color> на следующий ход<style=\"highlight\"></style>"
                }
              ]
            },
            {
              "coindescs": [
                {}
              ]
            },
            {
              "coindescs": [
                {
                  "desc": "[OnSucceedAttack] Если на цели <sprite name=\"RetaliationBook\"><color=#e30000><u><link=\"RetaliationBook\">Метка возмездия</link></u></color>, наносит <style=\"highlight\">2</style> <sprite name=\"VioletTakeDamageUp\"><color=#e30000><u><link=\"VioletTakeDamageUp\">Уязвимости к Зависти</link></u></color> на следующий ход"
                }
              ]
            }
          ]
        }
      ]
    },
    {
      "id": 1050704,
      "levelList": [
        {
          "level": 1,
          "name": "Многократное воздаяние",
          "desc": "",
          "coinlist": [
            {
              "coindescs": [
                {
                  "desc": "[OnSucceedAttackHead] Наносит 1 <sprite name=\"Laceration\"><color=#e30000><u><link=\"Laceration\">Кетчуп</link></u></color><style=\"highlight\"></style>"
                }
              ]
            },
            {
              "coindescs": [
                {
                  "desc": "[OnSucceedAttackHead] Наносит 1 <sprite name=\"Laceration\"><color=#e30000><u><link=\"Laceration\">Кетчуп</link></u></color><style=\"highlight\"></style>"
                }
              ]
            }
          ]
        },
        {
          "level": 4,
          "name": "Многократное воздаяние",
          "desc": "Сила монет +1, если резонанс Зависти состаляет 4 и более греха<style=\"highlight\"></style>",
          "coinlist": [
            {
              "coindescs": [
                {
                  "desc": "<style=\"highlight\">[OnSucceedAttack]</style> Наносит 1 <sprite name=\"Laceration\"><color=#e30000><u><link=\"Laceration\">Кетчуп</link></u></color>"
                }
              ]
            },
            {
              "coindescs": [
                {
                  "desc": "<style=\"highlight\">[OnSucceedAttack]</style> Наносит 1 <sprite name=\"Laceration\"><color=#e30000><u><link=\"Laceration\">Кетчуп</link></u></color>"
                }
              ]
            }
          ]
        }
      ]
    },
    {
      "id": 1050801,
      "levelList": [
        {
          "level": 1,
          "name": "Обнажение меча",
          "desc": "[WhenUse] Повышает свой счетчик <sprite name=\"Breath\"><color=#f8c200><u><link=\"Breath\">Кумара</link></u></color> на 2<style=\"highlight\"></style>",
          "coinlist": [
            {
              "coindescs": [
                {
                  "desc": "[OnSucceedAttackHead] Получает 1 <sprite name=\"Breath\"><color=#f8c200><u><link=\"Breath\">Кумар</link></u></color><style=\"highlight\"></style>"
                }
              ]
            },
            {
              "coindescs": [
                {
                  "desc": "[OnSucceedAttackHead] Получает 1 <sprite name=\"Breath\"><color=#f8c200><u><link=\"Breath\">Кумар</link></u></color><style=\"highlight\"></style>"
                }
              ]
            }
          ]
        },
        {
          "level": 2,
          "name": "Обнажение меча",
          "desc": "<style=\"highlight\">[StartBattle] Дает 1 <sprite name=\"BladeResultUpTier1\"><color=#f8c200><u><link=\"BladeResultUpTier1\">Меч родины - Учение силы</link></u></color> другим (Наибольшее числа Абсолюта) союзникам из Родословной MTL в зависимости от их скорости (По возрастающей; до 2)</style>\n[WhenUse] Повышает свой счетчик <sprite name=\"Breath\"><color=#f8c200><u><link=\"Breath\">Кумара</link></u></color> на 2",
          "coinlist": [
            {
              "coindescs": [
                {
                  "desc": "<style=\"highlight\">[OnSucceedAttack]</style> Получает 1 <sprite name=\"Breath\"><color=#f8c200><u><link=\"Breath\">Кумар</link></u></color>"
                }
              ]
            },
            {
              "coindescs": [
                {
                  "desc": "<style=\"highlight\">[OnSucceedAttack]</style> Получает 1 <sprite name=\"Breath\"><color=#f8c200><u><link=\"Breath\">Кумар</link></u></color>"
                }
              ]
            }
          ]
        },
        {
          "level": 3,
          "name": "Обнажение меча",
          "desc": "[StartBattle_Force] <color=#EBCAA2>Дает 1 <sprite name=\"BladeResultUpTier1\"><color=#f8c200><u><link=\"BladeResultUpTier1\">Меч родины - Учение силы</link></u></color> другим (Наибольшее числа Абсолюта) союзникам из Родословной MTL в зависимости от их скорости (По возрастающей; до 2)\n[WhenUse] Повышает свой счетчик <sprite name=\"Breath\"><color=#f8c200><u><link=\"Breath\">Кумара</link></u></color> на 2<style=\"highlight\"></style>",
          "coinlist": [
            {
              "coindescs": [
                {
                  "desc": "[OnSucceedAttack] Получает 1 <sprite name=\"Breath\"><color=#f8c200><u><link=\"Breath\">Кумар</link></u></color><style=\"highlight\"></style>"
                }
              ]
            },
            {
              "coindescs": [
                {
                  "desc": "[OnSucceedAttack] Получает 1 <sprite name=\"Breath\"><color=#f8c200><u><link=\"Breath\">Кумар</link></u></color><style=\"highlight\"></style>"
                }
              ]
            }
          ]
        },
        {
          "level": 4,
          "name": "Обнажение меча",
          "desc": "<style=\"highlight\">Сила монет +1 при 5 и более <sprite name=\"Breath\"><color=#f8c200><u><link=\"Breath\">Кумара</link></u></color></style>\n[StartBattle] Дает 1 <sprite name=\"BladeResultUpTier1\"><color=#f8c200><u><link=\"BladeResultUpTier1\">Меч родины - Учение силы</link></u></color> другим (Наибольшее числа Абсолюта) союзникам из Родословной MTL в зависимости от их скорости (По возрастающей; до 2-ух раз)\n<style=\"highlight\">- Если в команде 6 и более членов Родословной MTL, вместо 1 дает 2 <sprite name=\"BladeResultUpTier1\"><color=#f8c200><u><link=\"BladeResultUpTier1\">Меча родины - Учение силы</link></u></color></style>\n[WhenUse] Повышает свой счетчик <sprite name=\"Breath\"><color=#f8c200><u><link=\"Breath\">Кумара</link></u></color> на 2",
          "coinlist": [
            {
              "coindescs": [
                {
                  "desc": "[OnSucceedAttack] Получает 1 <sprite name=\"Breath\"><color=#f8c200><u><link=\"Breath\">Кумар</link></u></color><style=\"highlight\"></style>"
                }
              ]
            },
            {
              "coindescs": [
                {
                  "desc": "[OnSucceedAttack] Получает 1 <sprite name=\"Breath\"><color=#f8c200><u><link=\"Breath\">Кумар</link></u></color><style=\"highlight\"></style>"
                }
              ]
            }
          ]
        }
      ]
    },
    {
      "id": 1050802,
      "levelList": [
        {
          "level": 1,
          "name": "Иглоукалывание",
          "desc": "[WhenUse] Повышает свой счетчик <sprite name=\"Breath\"><color=#f8c200><u><link=\"Breath\">Кумара</link></u></color> на 2\n[WinDuel] Получает 1 <sprite name=\"SlashResultUp\"><color=#f8c200><u><link=\"SlashResultUp\">Повышение силы Рубящей атаки</link></u></color> на следующий ход<style=\"highlight\"></style>",
          "coinlist": [
            {
              "coindescs": [
                {
                  "desc": "[OnSucceedAttackHead] Получает 3 <sprite name=\"Breath\"><color=#f8c200><u><link=\"Breath\">Кумара</link></u></color><style=\"highlight\"></style>"
                }
              ]
            },
            {},
            {
              "coindescs": [
                {
                  "desc": "На 30% больше урона при раскумаре<style=\"highlight\"></style>"
                }
              ]
            }
          ]
        },
        {
          "level": 2,
          "name": "Иглоукалывание",
          "desc": "<style=\"highlight\">[StartBattle] Дает 1 <sprite name=\"BladeResultUpTier2\"><color=#f8c200><u><link=\"BladeResultUpTier2\">Меч родины - Учение силы</link></u></color> другим (Наибольшее числа Абсолюта) союзникам из Родословной MTL в зависимости от их скорости (По возрастающей; до 2)</style>\n[WhenUse] Повышает свой счетчик <sprite name=\"Breath\"><color=#f8c200><u><link=\"Breath\">Кумара</link></u></color> на 2\n[WinDuel] Получает 1 <sprite name=\"SlashResultUp\"><color=#f8c200><u><link=\"SlashResultUp\">Повышение силы Рубящей атаки</link></u></color> на следующий ход",
          "coinlist": [
            {
              "coindescs": [
                {
                  "desc": "<style=\"highlight\">[OnSucceedAttack]</style> Получает 3 <sprite name=\"Breath\"><color=#f8c200><u><link=\"Breath\">Кумара</link></u></color>"
                }
              ]
            },
            {},
            {
              "coindescs": [
                {
                  "desc": "На <style=\"highlight\">40%</style> больше урона при раскумаре"
                }
              ]
            }
          ]
        },
        {
          "level": 3,
          "name": "Иглоукалывание",
          "desc": "[StartBattle_Force] <color=#EBCAA2>Дает 1 <sprite name=\"BladeResultUpTier2\"><color=#f8c200><u><link=\"BladeResultUpTier2\">Меч родины - Учение силы</link></u></color> другим (Наибольшее числа Абсолюта) союзникам из Родословной MTL в зависимости от их скорости (По возрастающей; до 2)</color>\n[WhenUse] Повышает свой счетчик <sprite name=\"Breath\"><color=#f8c200><u><link=\"Breath\">Кумара</link></u></color> на 2\n[WinDuel] Получает 1 <sprite name=\"SlashResultUp\"><color=#f8c200><u><link=\"SlashResultUp\">Повышение силы Рубящей атаки</link></u></color> на следующий ход<style=\"highlight\"></style>",
          "coinlist": [
            {
              "coindescs": [
                {
                  "desc": "[OnSucceedAttack] Получает 3 <sprite name=\"Breath\"><color=#f8c200><u><link=\"Breath\">Кумара</link></u></color><style=\"highlight\"></style>"
                }
              ]
            },
            {},
            {
              "coindescs": [
                {
                  "desc": "На 40% больше урона при раскумаре<style=\"highlight\"></style>"
                }
              ]
            }
          ]
        },
        {
          "level": 4,
          "name": "Иглоукалывание",
          "desc": "<style=\"highlight\">Сила монет +1 при 7 и более <sprite name=\"Breath\"><color=#f8c200><u><link=\"Breath\">Кумара</link></u></color></style>\n[StartBattle] Дает 1 <sprite name=\"BladeResultUpTier2\"><color=#f8c200><u><link=\"BladeResultUpTier2\">Меч родины - Учение силы</link></u></color> другим (Наибольшее числа Абсолюта) союзникам из Родословной MTL в зависимости от их скорости (По возрастающей; до 2-ух раз)\n<style=\"highlight\">- Если в команде 6 и более членов Родословной MTL, вместо 1 дает 2 <sprite name=\"BladeResultUpTier2\"><color=#f8c200><u><link=\"BladeResultUpTier2\">Меча родины - Учение пронзания</link></u></color></style></style>\n[WhenUse] Повышает свой счетчик <sprite name=\"Breath\"><color=#f8c200><u><link=\"Breath\">Кумара</link></u></color> на 3\n[WinDuel] Получает 1 <sprite name=\"SlashResultUp\"><color=#f8c200><u><link=\"SlashResultUp\">Повышение силы Рубящей атаки</link></u></color> на следующий ход",
          "coinlist": [
            {
              "coindescs": [
                {
                  "desc": "[OnSucceedAttack] Получает 3 <sprite name=\"Breath\"><color=#f8c200><u><link=\"Breath\">Кумара</link></u></color><style=\"highlight\"></style>"
                }
              ]
            },
            {},
            {
              "coindescs": [
                {
                  "desc": "На <style=\"highlight\">60%</style> больше урона при раскумаре"
                }
              ]
            }
          ]
        }
      ]
    },
    {
      "id": 1050803,
      "levelList": [
        {
          "level": 3,
          "name": "Проебу клеш",
          "desc": "[WhenUse] Этот слот получает 3 <sprite name=\"Aggro\"><color=#9f6a3a><u><link=\"Aggro\">Провокации</link></u></color> на следующий ход\n[WhenUse] Мерседес не может быть оглушен при получении урона до окончания навыка\n[WinDuel] Получает 5 <sprite name=\"Breath\"><color=#f8c200><u><link=\"Breath\">Кумара</link></u></color>\n[DefeatDuel] После принятия атаки использует Дабы забрать их яйцае」\n[CriticalActivated] На 2% больше урона при раскумаре за каждое <sprite name=\"Breath\"><color=#f8c200><u><link=\"Breath\">Кумар</link></u></color> (До 50%)\nНа 15% больше урона при раскумаре\nЗа каждый 1% потеряных HP урон повышается на 0.5% (До 25%)<style=\"highlight\"></style>",
          "coinlist": [
            {}
          ]
        },
        {
          "level": 4,
          "name": "Проебу клеш",
          "desc": "[WhenUse] Этот слот получает 3 <sprite name=\"Aggro\"><color=#9f6a3a><u><link=\"Aggro\">Провокации</link></u></color> на следующий ход\n[WhenUse] Мерседес не может быть оглушен при получении урона до окончания навыка\n[WinDuel] Получает 5 <sprite name=\"Breath\"><color=#f8c200><u><link=\"Breath\">Кумара</link></u></color>\n[DefeatDuel] После принятия атаки использует Дабы забрать их яйцае」\n[CriticalActivated] На <style=\"highlight\">3%</style> больше урона при раскумаре за каждое <sprite name=\"Breath\"><color=#f8c200><u><link=\"Breath\">Кумар</link></u></color> (До <style=\"highlight\">75%</style>)\nНа <style=\"highlight\">30%</style> больше урона при раскумаре\nЗа каждый 1% потеряных HP урон повышается на 0.5% (До 25%)",
          "coinlist": [
            {}
          ]
        }
      ]
    },
    {
      "id": 1050804,
      "levelList": [
        {
          "level": 1,
          "name": "Низвержение",
          "desc": "[WhenUse] Получает 1 <sprite name=\"SlashResultUp\"><color=#f8c200><u><link=\"SlashResultUp\">Повышение силы Рубящей атаки</link></u></color> на следующий ход (Единожды)<style=\"highlight\"></style>",
          "coinlist": [
            {
              "coindescs": [
                {
                  "desc": "[OnSucceedAttack] Получает 2 <sprite name=\"Breath\"><color=#f8c200><u><link=\"Breath\">Кумара</link></u></color><style=\"highlight\"></style>"
                }
              ]
            }
          ]
        },
        {
          "level": 4,
          "name": "Низвержение",
          "desc": "[WhenUse] Получает 1 <sprite name=\"SlashResultUp\"><color=#f8c200><u><link=\"SlashResultUp\">Повышение силы Рубящей атаки</link></u></color> на следующий ход (Единожды)\n<style=\"highlight\">За каждый 1% потеряных HP урон повышается на 0.5% (До 25%)</style>",
          "coinlist": [
            {
              "coindescs": [
                {
                  "desc": "[OnSucceedAttack] Получает 2 <sprite name=\"Breath\"><color=#f8c200><u><link=\"Breath\">Кумара</link></u></color><style=\"highlight\"></style>"
                }
              ]
            }
          ]
        }
      ]
    },
    {
      "id": 1050805,
      "levelList": [
        {
          "level": 1,
          "name": "Дабы забрать их яйца",
          "desc": "[BeforeAttack] Число целей +1 при 10 и более <sprite name=\"Breath\"><color=#f8c200><u><link=\"Breath\">Кумара</link></u></color>\n[WhenUse] Мерседес не может быть оглушен при получении урона до окончания навыка\n[WhenUse] На 2% больше урона при раскумаре за каждое <sprite name=\"Breath\"><color=#f8c200><u><link=\"Breath\">Кумара</link></u></color> (До 50%)\nНа 20% больше урона при раскумаре\nЗа каждый 1% потеряных HP урон повышается на 0.5% (До 25%)<style=\"highlight\"></style>",
          "coinlist": [
            {},
            {},
            {},
            {
              "coindescs": [
                {
                  "desc": "[OnSucceedAttack] Наносит 3 <sprite name=\"Laceration\"><color=#e30000><u><link=\"Laceration\">Кетчупа</link></u></color><style=\"highlight\"></style>"
                },
                {
                  "desc": "[OnSucceedAttack] Наносит 5 <sprite name=\"Paralysis\"><color=#e30000><u><link=\"Paralysis\">Паралича</link></u></color> на следующий ход<style=\"highlight\"></style>"
                }
              ]
            }
          ]
        },
        {
          "level": 4,
          "name": "Дабы забрать их яйца",
          "desc": "[BeforeAttack] Число целей +1 <style=\"highlight\">за каждые 7 <sprite name=\"Breath\"><color=#f8c200><u><link=\"Breath\">Кумара</link></u></color> (До 2-ух дополнительных целей)</style>\n[WhenUse] Мерседес не может быть оглушен при получении урона до окончания навыка\n[WhenUse] На 2% больше урона при раскумаре за каждое <sprite name=\"Breath\"><color=#f8c200><u><link=\"Breath\">Кумара</link></u></color> (До 50%)\nНа <style=\"highlight\">30%</style> больше урона при раскумаре\nЗа каждый 1% потеряных HP урон повышается на 0.5% (До 25%)\n<style=\"highlight\">Если у навыка только одна цель, на 100% больше урона</style>",
          "coinlist": [
            {},
            {},
            {},
            {
              "coindescs": [
                {
                  "desc": "[OnSucceedAttack] Наносит 3 <sprite name=\"Laceration\"><color=#e30000><u><link=\"Laceration\">Кетчупа</link></u></color><style=\"highlight\"></style>"
                },
                {
                  "desc": "[OnSucceedAttack] Наносит 5 <sprite name=\"Paralysis\"><color=#e30000><u><link=\"Paralysis\">Параличей</link></u></color> на следующий ход<style=\"highlight\"></style>"
                }
              ]
            }
          ]
        }
      ]
    },
    {
      "id": 1050901,
      "levelList": [
        {
          "level": 1,
          "name": "Удар битой",
          "desc": "",
          "coinlist": [
            {
              "coindescs": [
                {
                  "desc": "[OnSucceedAttackHead] Наносит 2 <sprite name=\"Burst\"><color=#e30000><u><link=\"Burst\">Зеленки</link></u></color><style=\"highlight\"></style>"
                }
              ]
            }
          ]
        },
        {
          "level": 2,
          "name": "Удар битой",
          "desc": "<style=\"highlight\">Сила монет +1 против целей с 5 и более <sprite name=\"Burst\"><color=#e30000><u><link=\"Burst\">Зеленкеи</link></u></color></style>",
          "coinlist": [
            {
              "coindescs": [
                {
                  "desc": "<style=\"highlight\">[OnSucceedAttack]</style> Наносит 2 <sprite name=\"Burst\"><color=#e30000><u><link=\"Burst\">Зеленки</link></u></color>"
                }
              ]
            }
          ]
        },
        {
          "level": 4,
          "name": "Удар битой",
          "desc": "Сила монет <style=\"highlight\">+2</style> против целей с 5 и более <sprite name=\"Burst\"><color=#e30000><u><link=\"Burst\">Зеленкеи</link></u></color>",
          "coinlist": [
            {
              "coindescs": [
                {
                  "desc": "[OnSucceedAttack] Наносит 2 <sprite name=\"Burst\"><color=#e30000><u><link=\"Burst\">Зеленки</link></u></color><style=\"highlight\"></style>"
                }
              ]
            }
          ]
        }
      ]
    },
    {
      "id": 1050902,
      "levelList": [
        {
          "level": 1,
          "name": "Сбитие с ног",
          "desc": "",
          "coinlist": [
            {},
            {
              "coindescs": [
                {
                  "desc": "[OnSucceedAttack] Наносит 2 <sprite name=\"Burst\"><color=#e30000><u><link=\"Burst\">Зеленки</link></u></color><style=\"highlight\"></style>"
                },
                {
                  "desc": "[OnSucceedAttack] Наносит 2 <sprite name=\"AttackDown\"><color=#e30000><u><link=\"AttackDown\">Понижения уровня атаки</link></u></color> цели с 6 и более <sprite name=\"Burst\"><color=#e30000><u><link=\"Burst\">Зеленкеи</link></u></color><style=\"highlight\"></style>"
                }
              ]
            }
          ]
        },
        {
          "level": 2,
          "name": "Сбитие с ног",
          "desc": "<style=\"highlight\">[WinDuel] Повышает счетчик <sprite name=\"Burst\"><color=#e30000><u><link=\"Burst\">Зеленки</link></u></color> на 2</style>",
          "coinlist": [
            {},
            {
              "coindescs": [
                {
                  "desc": "[OnSucceedAttack] Наносит 2 <sprite name=\"Burst\"><color=#e30000><u><link=\"Burst\">Зеленки</link></u></color><style=\"highlight\"></style>"
                },
                {
                  "desc": "[OnSucceedAttack] Наносит 2 <sprite name=\"AttackDown\"><color=#e30000><u><link=\"AttackDown\">Понижения уровня атаки</link></u></color> цели с 6 и более <sprite name=\"Burst\"><color=#e30000><u><link=\"Burst\">Зеленкеи</link></u></color><style=\"highlight\"></style>"
                }
              ]
            }
          ]
        },
        {
          "level": 4,
          "name": "Сбитие с ног",
          "desc": "<style=\"highlight\">[WhenUse] Сила монет +1 против целей с 6 и более <sprite name=\"Burst\"><color=#e30000><u><link=\"Burst\">Зеленкеи</link></u></color></style>\n[WinDuel] Повышает счетчик <sprite name=\"Burst\"><color=#e30000><u><link=\"Burst\">Зеленки</link></u></color> на 2",
          "coinlist": [
            {},
            {
              "coindescs": [
                {
                  "desc": "[OnSucceedAttack] Наносит 2 <sprite name=\"Burst\"><color=#e30000><u><link=\"Burst\">Зеленки</link></u></color><style=\"highlight\"></style>"
                },
                {
                  "desc": "[OnSucceedAttack] Наносит 2 <sprite name=\"AttackDown\"><color=#e30000><u><link=\"AttackDown\">Понижения уровня атаки</link></u></color> цели <style=\"highlight\">с 4</style> и более <sprite name=\"Burst\"><color=#e30000><u><link=\"Burst\">Зеленкеи</link></u></color>"
                }
              ]
            }
          ]
        }
      ]
    },
    {
      "id": 1050903,
      "levelList": [
        {
          "level": 3,
          "name": "Взбучка",
          "desc": "[WhenUse] Сила монет +1 против целей с 6 и более <sprite name=\"Burst\"><color=#e30000><u><link=\"Burst\">Зеленкеи</link></u></color>\n[WinDuel] Наносит 2 <sprite name=\"AttackDown\"><color=#e30000><u><link=\"AttackDown\">Понижения уровня атаки</link></u></color><style=\"highlight\"></style>",
          "coinlist": [
            {},
            {},
            {},
            {
              "coindescs": [
                {
                  "desc": "[OnSucceedAttack] Наносит 4 <sprite name=\"Burst\"><color=#e30000><u><link=\"Burst\">Зеленки</link></u></color><style=\"highlight\"></style>"
                },
                {
                  "desc": "[OnSucceedAttack] Наносит 2 <sprite name=\"AttackDown\"><color=#e30000><u><link=\"AttackDown\">Понижения уровня атаки</link></u></color> цели с 6 и более <sprite name=\"Burst\"><color=#e30000><u><link=\"Burst\">Зеленкеи</link></u></color> на следующий ход <style=\"highlight\"></style>"
                }
              ]
            }
          ]
        },
        {
          "level": 4,
          "name": "Взбучка",
          "desc": "<style=\"highlight\">[WhenUse] Сила в столкновении +1 против целей с 3 и более <sprite name=\"Burst\"><color=#e30000><u><link=\"Burst\">Зеленкеи</link></u></color></style>\n[WhenUse] Сила монет +1 против целей с 6 и более <sprite name=\"Burst\"><color=#e30000><u><link=\"Burst\">Зеленкеи</link></u></color>\n[WinDuel] Наносит 2 <sprite name=\"AttackDown\"><color=#e30000><u><link=\"AttackDown\">Понижения уровня атаки</link></u></color>",
          "coinlist": [
            {},
            {},
            {},
            {
              "coindescs": [
                {
                  "desc": "[OnSucceedAttack] Наносит 4 <sprite name=\"Burst\"><color=#e30000><u><link=\"Burst\">Зеленки</link></u></color><style=\"highlight\"></style>"
                },
                {
                  "desc": "[OnSucceedAttack] Наносит 2 <sprite name=\"AttackDown\"><color=#e30000><u><link=\"AttackDown\">Понижения уровня атаки</link></u></color> цели с 6 и более <sprite name=\"Burst\"><color=#e30000><u><link=\"Burst\">Зеленкеи</link></u></color> на следующий ход <style=\"highlight\"></style>"
                }
              ]
            }
          ]
        }
      ]
    },
    {
      "id": 1050904,
      "levelList": [
        {
          "level": 1,
          "name": "Контратака",
          "desc": "",
          "coinlist": [
            {
              "coindescs": [
                {
                  "desc": "[OnSucceedAttack] Наносит 1 <sprite name=\"Burst\"><color=#e30000><u><link=\"Burst\">Зеленка</link></u></color><style=\"highlight\"></style>"
                }
              ]
            }
          ]
        },
        {
          "level": 4,
          "name": "Контратака",
          "desc": "",
          "coinlist": [
            {
              "coindescs": [
                {
                  "desc": "[OnSucceedAttack] Наносит 1 <sprite name=\"Burst\"><color=#e30000><u><link=\"Burst\">Зеленка</link></u></color><style=\"highlight\"></style>"
                }
              ]
            }
          ]
        }
      ]
    },
    {
      "id": 1051001,
      "levelList": [
        {
          "level": 1,
          "name": "Сосредоточение на учении",
          "desc": "Получает щит, равный (Число <sprite name=\"KnowledgeExplored\"><color=#9f6a3a><u><link=\"KnowledgeExplored\">Откровений</link></u></color>(#f8c200) × 3% максимальных HP) при сбросе этого навыка\n[WhenUse] <sprite name=\"Discard\"><color=#9f6a3a><u><link=\"Discard\">Сбрасывает</link></u></color> навык низшего ранга во всех своих слотах навыков<style=\"highlight\"></style>",
          "coinlist": [
            {},
            {
              "coindescs": [
                {
                  "desc": "[OnSucceedAttack] Повышает счетчик <sprite name=\"Sinking\"><color=#e30000><u><link=\"Sinking\">Депрессии</link></u></color> на 2<style=\"highlight\"></style>"
                }
              ]
            }
          ]
        },
        {
          "level": 2,
          "name": "Сосредоточение на учении",
          "desc": "Получает щит, равный (Число <sprite name=\"KnowledgeExplored\"><color=#9f6a3a><u><link=\"KnowledgeExplored\">Откровений</link></u></color>(#f8c200) × <style=\"highlight\">4%</style> максимальных HP) при сбросе этого навыка\n[WhenUse] <sprite name=\"Discard\"><color=#9f6a3a><u><link=\"Discard\">Сбрасывает</link></u></color> навык низшего ранга во всех своих слотах навыков\n<style=\"highlight\">[WhenUse] Сила в столкновении +1 при 2-ух и более <sprite name=\"KnowledgeExplored\"><color=#9f6a3a><u><link=\"KnowledgeExplored\">Откровениях</link></u></color>(#f8c200)\n[WinDuel] Получает 2 <sprite name=\"KnowledgeTraining\"><color=#f8c200><u><link=\"KnowledgeTraining\">Закалки эрудиции</link></u></color> (Раз за ход)</style>",
          "coinlist": [
            {},
            {
              "coindescs": [
                {
                  "desc": "[OnSucceedAttack] Повышает счетчик <sprite name=\"Sinking\"><color=#e30000><u><link=\"Sinking\">Депрессии</link></u></color> на 2<style=\"highlight\"></style>"
                }
              ]
            }
          ]
        },
        {
          "level": 4,
          "name": "Сосредоточение на учении",
          "desc": "Получает щит, равный (Число <sprite name=\"KnowledgeExplored\"><color=#9f6a3a><u><link=\"KnowledgeExplored\">Откровений</link></u></color>(#f8c200) × <style=\"highlight\">5%</style> максимальных HP) при сбросе этого навыка\n[WhenUse] <sprite name=\"Discard\"><color=#9f6a3a><u><link=\"Discard\">Сбрасывает</link></u></color> навык низшего ранга во всех своих слотах навыков\n[WhenUse] Сила в столкновении <style=\"highlight\">+(Число <sprite name=\"KnowledgeExplored\"><color=#9f6a3a><u><link=\"KnowledgeExplored\">Откровений</link></u></color>(#f8c200) - 1) (До 2)</style>\n[WinDuel] Получает 2 <sprite name=\"KnowledgeTraining\"><color=#f8c200><u><link=\"KnowledgeTraining\">Закалки эрудиции</link></u></color> (Раз за ход)",
          "coinlist": [
            {},
            {
              "coindescs": [
                {
                  "desc": "[OnSucceedAttack] Повышает счетчик <sprite name=\"Sinking\"><color=#e30000><u><link=\"Sinking\">Депрессии</link></u></color> на 2<style=\"highlight\"></style>"
                }
              ]
            }
          ]
        }
      ]
    },
    {
      "id": 1051002,
      "levelList": [
        {
          "level": 1,
          "name": "Час учений",
          "desc": "[StartBattle] Получает <sprite name=\"KnowledgeTraining\"><color=#f8c200><u><link=\"KnowledgeTraining\">Закалку эрудиции</link></u></color>, равную числу <sprite name=\"KnowledgeExplored\"><color=#9f6a3a><u><link=\"KnowledgeExplored\">Откровений</link></u></color>(#f8c200)\n[WhenUse] <sprite name=\"Discard\"><color=#9f6a3a><u><link=\"Discard\">Сбрасывает</link></u></color> 2 навыка во всех своих слотах навыков начиная с низшего ранга<style=\"highlight\"></style>",
          "coinlist": [
            {},
            {
              "coindescs": [
                {
                  "desc": "[OnSucceedAttack] Наносит <sprite name=\"Sinking\"><color=#e30000><u><link=\"Sinking\">Депрессию</link></u></color>, равное числу <sprite name=\"KnowledgeExplored\"><color=#9f6a3a><u><link=\"KnowledgeExplored\">Откровений</link></u></color>(#f8c200)<style=\"highlight\"></style>"
                }
              ]
            }
          ]
        },
        {
          "level": 2,
          "name": "Час учений",
          "desc": "<style=\"highlight\">На 3% больше урона за каждое <sprite name=\"KnowledgeExplored\"><color=#9f6a3a><u><link=\"KnowledgeExplored\">Откровение</link></u></color>(#f8c200) (До 9%)</style>\n[StartBattle] <style=\"highlight\">Мерседес и случайный союзник</style> получают <sprite name=\"KnowledgeTraining\"><color=#f8c200><u><link=\"KnowledgeTraining\">Закалку эрудиции</link></u></color>, равную числу <sprite name=\"KnowledgeExplored\"><color=#9f6a3a><u><link=\"KnowledgeExplored\">Откровений</link></u></color>(#f8c200) на Мерседес <style=\"highlight\">(В приоритете союзники с наименьшим числом <sprite name=\"KnowledgeTraining\"><color=#f8c200><u><link=\"KnowledgeTraining\">Закалки эрудиции</link></u></color>, использующие <sprite name=\"Discard\"><color=#9f6a3a><u><link=\"Discard\">Сбрoс навыков</link></u></color>)</style>\n[WhenUse] <sprite name=\"Discard\"><color=#9f6a3a><u><link=\"Discard\">Сбрасывает</link></u></color> 2 навыка во всех своих слотах навыков начиная с низшего ранга\n<style=\"highlight\">[WhenUse] Сила монет +1 против целей с 6 и более <sprite name=\"Sinking\"><color=#e30000><u><link=\"Sinking\">Депрессии</link></u></color></style>",
          "coinlist": [
            {},
            {
              "coindescs": [
                {
                  "desc": "[OnSucceedAttack] Наносит <sprite name=\"Sinking\"><color=#e30000><u><link=\"Sinking\">Депрессию</link></u></color>, равное числу <sprite name=\"KnowledgeExplored\"><color=#9f6a3a><u><link=\"KnowledgeExplored\">Откровений</link></u></color>(#f8c200)<style=\"highlight\"></style>"
                }
              ]
            }
          ]
        },
        {
          "level": 4,
          "name": "Час учений",
          "desc": "На <style=\"highlight\">5%</style> больше урона за каждое <sprite name=\"KnowledgeExplored\"><color=#9f6a3a><u><link=\"KnowledgeExplored\">Откровение</link></u></color>(#f8c200) (До <style=\"highlight\">15%</style>)\n[StartBattle] Мерседес <style=\"highlight\">и 2 случайных союзника</style> получают <sprite name=\"KnowledgeTraining\"><color=#f8c200><u><link=\"KnowledgeTraining\">Закалку эрудиции</link></u></color>, равную числу <sprite name=\"KnowledgeExplored\"><color=#9f6a3a><u><link=\"KnowledgeExplored\">Откровений</link></u></color>(#f8c200) на Мерседес (В приоритете союзники с наименьшим числом <sprite name=\"KnowledgeTraining\"><color=#f8c200><u><link=\"KnowledgeTraining\">Закалки эрудиции</link></u></color>, использующие <sprite name=\"Discard\"><color=#9f6a3a><u><link=\"Discard\">Сбрoс навыков</link></u></color>)\n[WhenUse] <sprite name=\"Discard\"><color=#9f6a3a><u><link=\"Discard\">Сбрасывает</link></u></color> 2 навыка во всех своих слотах навыков начиная с низшего ранга\n[WhenUse] Сила монет +1 <style=\"highlight\">за каждые 6 <sprite name=\"Sinking\"><color=#e30000><u><link=\"Sinking\">Депрессии</link></u></color></style> на цели <style=\"highlight\">(До 2)</style>",
          "coinlist": [
            {},
            {
              "coindescs": [
                {
                  "desc": "[OnSucceedAttack] Наносит <sprite name=\"Sinking\"><color=#e30000><u><link=\"Sinking\">Депрессию</link></u></color>, равное <style=\"highlight\">двойному числу</style> <sprite name=\"KnowledgeExplored\"><color=#9f6a3a><u><link=\"KnowledgeExplored\">Откровений</link></u></color>(#f8c200)"
                }
              ]
            }
          ]
        }
      ]
    },
    {
      "id": 1051003,
      "levelList": [
        {
          "level": 3,
          "name": "Сожжение познаний",
          "desc": "На 3% больше урона за каждое <sprite name=\"KnowledgeExplored\"><color=#9f6a3a><u><link=\"KnowledgeExplored\">Откровение</link></u></color>(#f8c200) (До 18%)\n[WhenUse] Сила монет +1 против целей с 6 и более <sprite name=\"Sinking\"><color=#e30000><u><link=\"Sinking\">Депрессии</link></u></color>\n[BeforeAttack] Тратит всю свою <sprite name=\"KnowledgeTraining\"><color=#f8c200><u><link=\"KnowledgeTraining\">Закалку эрудиции</link></u></color> и получает <sprite name=\"KnowledgeExplored\"><color=#9f6a3a><u><link=\"KnowledgeExplored\">Откровения</link></u></color>(#f8c200), равные половине потраченного количества (Округляется вниз)\n[EndSkill] Если имеется 4 и более <sprite name=\"KnowledgeExplored\"><color=#9f6a3a><u><link=\"KnowledgeExplored\">Откровения</link></u></color>(#f8c200), оно сбрасывается до 1 (Если навык убил противника, оно сбрасывается до 3 вместо этого)<style=\"highlight\"></style>",
          "coinlist": [
            {},
            {},
            {
              "coindescs": [
                {
                  "desc": "[OnSucceedAttack] Повышает счетчик и силу <sprite name=\"Sinking\"><color=#e30000><u><link=\"Sinking\">Депрессии</link></u></color> случайным образом так, что суммарно они становятся равны <sprite name=\"KnowledgeExplored\"><color=#9f6a3a><u><link=\"KnowledgeExplored\">Откровению</link></u></color>(#f8c200) на Мерседес<style=\"highlight\"></style>"
                }
              ]
            }
          ]
        },
        {
          "level": 4,
          "name": "Сожжение познаний",
          "desc": "На <style=\"highlight\">5%</style> больше урона за каждое <sprite name=\"KnowledgeExplored\"><color=#9f6a3a><u><link=\"KnowledgeExplored\">Откровение</link></u></color>(#f8c200) (До <style=\"highlight\">45%</style>)\n[WhenUse] Сила монет +1 <style=\"highlight\">за каждые 6 <sprite name=\"Sinking\"><color=#e30000><u><link=\"Sinking\">Депрессии</link></u></color></style> на цели <style=\"highlight\">(До 2)</style>\n[BeforeAttack] Тратит всю свою <sprite name=\"KnowledgeTraining\"><color=#f8c200><u><link=\"KnowledgeTraining\">Закалку эрудиции</link></u></color> и получает <sprite name=\"KnowledgeExplored\"><color=#9f6a3a><u><link=\"KnowledgeExplored\">Откровения</link></u></color>(#f8c200), <style=\"highlight\">равные</style> потраченному количеству\n[EndSkill] Если имеется 4 и более <sprite name=\"KnowledgeExplored\"><color=#9f6a3a><u><link=\"KnowledgeExplored\">Откровения</link></u></color>(#f8c200), оно сбрасывается до 1 (Если навык убил противника, оно сбрасывается до 3 вместо этого)",
          "coinlist": [
            {},
            {},
            {
              "coindescs": [
                {
                  "desc": "[OnSucceedAttack] Повышает счетчик и силу <sprite name=\"Sinking\"><color=#e30000><u><link=\"Sinking\">Депрессии</link></u></color> случайным образом так, что суммарно они становятся равны <sprite name=\"KnowledgeExplored\"><color=#9f6a3a><u><link=\"KnowledgeExplored\">Откровению</link></u></color>(#f8c200) на Мерседес<style=\"highlight\"></style>"
                }
              ]
            }
          ]
        }
      ]
    },
    {
      "id": 1051004,
      "levelList": [
        {
          "level": 1,
          "name": "Погружение в поиск",
          "desc": "[WhenUse] <sprite name=\"Discard\"><color=#9f6a3a><u><link=\"Discard\">Сбрасывает</link></u></color> навык высшего ранга во всех своих слотах навыков<style=\"highlight\"></style>",
          "coinlist": [
            {
              "coindescs": [
                {
                  "desc": ""
                }
              ]
            }
          ]
        },
        {
          "level": 4,
          "name": "Погружение в поиск",
          "desc": "[WhenUse] <sprite name=\"Discard\"><color=#9f6a3a><u><link=\"Discard\">Сбрасывает</link></u></color> навык высшего ранга во всех своих слотах навыков\n<style=\"highlight\">[WhenUse] Этот слот получает 6 <sprite name=\"Aggro\"><color=#9f6a3a><u><link=\"Aggro\">Провокаций</link></u></color> на следующий ход</style>",
          "coinlist": [
            {
              "coindescs": [
                {
                  "desc": ""
                }
              ]
            }
          ]
        }
      ]
    },
    {
      "id": 1051101,
      "levelList": [
        {
          "level": 1,
          "name": "Але",
          "desc": "[WhenUse] Повышает свой счетчик <sprite name=\"Breath\"><color=#f8c200><u><link=\"Breath\">Кумара</link></u></color> на 2<style=\"highlight\"></style>",
          "coinlist": [
            {
              "coindescs": [
                {
                  "desc": "[OnSucceedAttack] Повышает свой счетчик <sprite name=\"Breath\"><color=#f8c200><u><link=\"Breath\">Кумара</link></u></color> на 1<style=\"highlight\"></style>"
                }
              ]
            },
            {}
          ]
        },
        {
          "level": 2,
          "name": "Але",
          "desc": "<style=\"highlight\">Сила монет +1, если скорость выше скорости цели на 3 и более\n[WhenUse] Если на цели 15+ <sprite name=\"Burst\"><color=#e30000><u><link=\"Burst\">Зеленок</link></u></color> и 3+ его счетчика, Мерседес не наносит <sprite name=\"Burst\"><color=#e30000><u><link=\"Burst\">Зеленки</link></u></color> этим навыком, но и не тратит их счетчик при атаке</style>\n[WhenUse] Повышает свой счетчик <sprite name=\"Breath\"><color=#f8c200><u><link=\"Breath\">Кумара</link></u></color> на 2",
          "coinlist": [
            {
              "coindescs": [
                {
                  "desc": "[OnSucceedAttack] Повышает свой счетчик <sprite name=\"Breath\"><color=#f8c200><u><link=\"Breath\">Кумара</link></u></color> на 1<style=\"highlight\"></style>"
                }
              ]
            },
            {
              "coindescs": [
                {
                  "desc": "<style=\"highlight\">[OnSucceedAttack] Наносит 1 <sprite name=\"Burst\"><color=#e30000><u><link=\"Burst\">Зеленка</link></u></color></style>"
                }
              ]
            }
          ]
        },
        {
          "level": 4,
          "name": "Але",
          "desc": "Если скорость выше скорости цели, +1 к Силе монет <style=\"highlight\">за каждые 3 единицы разницы в скорости (До 2)</style>\n[WhenUse] Если на цели 15+ <sprite name=\"Burst\"><color=#e30000><u><link=\"Burst\">Зеленок</link></u></color> и 3+ его счетчика, Мерседес не наносит <sprite name=\"Burst\"><color=#e30000><u><link=\"Burst\">Зеленки</link></u></color> этим навыком, но и не тратит их счетчик при атаке\n[WhenUse] Повышает свой счетчик <sprite name=\"Breath\"><color=#f8c200><u><link=\"Breath\">Кумара</link></u></color> на 2",
          "coinlist": [
            {
              "coindescs": [
                {
                  "desc": "[OnSucceedAttack] Повышает свой счетчик <sprite name=\"Breath\"><color=#f8c200><u><link=\"Breath\">Кумара</link></u></color> на 1<style=\"highlight\"></style>"
                }
              ]
            },
            {
              "coindescs": [
                {
                  "desc": "[OnSucceedAttack] Наносит 1 <sprite name=\"Burst\"><color=#e30000><u><link=\"Burst\">Зеленка</link></u></color><style=\"highlight\"></style>"
                },
                {
                  "desc": "<style=\"highlight\">[OnSucceedAttack] Если быстрее цели, наносит <sprite name=\"Burst\"><color=#e30000><u><link=\"Burst\">Зеленки</link></u></color> в количестве разницы в скорости (До 3)</style>"
                }
              ]
            }
          ]
        }
      ]
    },
    {
      "id": 1051102,
      "levelList": [
        {
          "level": 1,
          "name": "АСМР-стрим",
          "desc": "[WinDuel] Повышает свой счетчик <sprite name=\"Breath\"><color=#f8c200><u><link=\"Breath\">Кумара</link></u></color> на 2<style=\"highlight\"></style>",
          "coinlist": [
            {
              "coindescs": [
                {
                  "desc": "[OnSucceedAttack] Повышает свой счетчик <sprite name=\"Breath\"><color=#f8c200><u><link=\"Breath\">Кумара</link></u></color> на 1<style=\"highlight\"></style>"
                }
              ]
            },
            {
              "coindescs": [
                {
                  "desc": "[OnSucceedAttack] Получает 2 <sprite name=\"Breath\"><color=#f8c200><u><link=\"Breath\">Кумара</link></u></color><style=\"highlight\"></style>"
                }
              ]
            },
            {
              "coindescs": [
                {
                  "desc": "[OnSucceedAttack] Наносит 4 <sprite name=\"Burst\"><color=#e30000><u><link=\"Burst\">Зеленки</link></u></color><style=\"highlight\"></style>"
                }
              ]
            }
          ]
        },
        {
          "level": 2,
          "name": "АСМР-стрим",
          "desc": "<style=\"highlight\">Сила монет +1, если скорость выше скорости цели на 3 и более\n[WhenUse] Если на цели 15+ <sprite name=\"Burst\"><color=#e30000><u><link=\"Burst\">Зеленок</link></u></color> и 3+ его счетчика, Мерседес не наносит <sprite name=\"Burst\"><color=#e30000><u><link=\"Burst\">Зеленки</link></u></color> этим навыком, но и не тратит их счетчик при атаке</style>\n[WinDuel] Повышает свой счетчик <sprite name=\"Breath\"><color=#f8c200><u><link=\"Breath\">Кумара</link></u></color> на 2",
          "coinlist": [
            {
              "coindescs": [
                {
                  "desc": "[OnSucceedAttack] Повышает свой счетчик <sprite name=\"Breath\"><color=#f8c200><u><link=\"Breath\">Кумара</link></u></color> на 1<style=\"highlight\"></style>"
                }
              ]
            },
            {
              "coindescs": [
                {
                  "desc": "[OnSucceedAttack] Получает 2 <sprite name=\"Breath\"><color=#f8c200><u><link=\"Breath\">Кумара</link></u></color><style=\"highlight\"></style>"
                }
              ]
            },
            {
              "coindescs": [
                {
                  "desc": "[OnSucceedAttack] Наносит 4 <sprite name=\"Burst\"><color=#e30000><u><link=\"Burst\">Зеленки</link></u></color><style=\"highlight\"></style>"
                },
                {
                  "desc": "<style=\"highlight\">[OnSucceedAttack] При скорости 7 и более, повышает счетчик <sprite name=\"Burst\"><color=#e30000><u><link=\"Burst\">Зеленки</link></u></color> на 2</style>"
                }
              ]
            }
          ]
        },
        {
          "level": 4,
          "name": "АСМР-стрим",
          "desc": "Сила монет +1, если скорость выше скорости цели на 3 и более\n[WhenUse] Если на цели 15+ <sprite name=\"Burst\"><color=#e30000><u><link=\"Burst\">Зеленок</link></u></color> и 3+ его счетчика, Мерседес не наносит <sprite name=\"Burst\"><color=#e30000><u><link=\"Burst\">Зеленки</link></u></color> этим навыком, но и не тратит их счетчик при атаке\n[WinDuel] Повышает свой счетчик <sprite name=\"Breath\"><color=#f8c200><u><link=\"Breath\">Кумара</link></u></color> на 2<style=\"highlight\"></style>",
          "coinlist": [
            {
              "coindescs": [
                {
                  "desc": "[OnSucceedAttack] Повышает свой счетчик <sprite name=\"Breath\"><color=#f8c200><u><link=\"Breath\">Кумара</link></u></color> <style=\"highlight\">на 2</style>"
                }
              ]
            },
            {
              "coindescs": [
                {
                  "desc": "[OnSucceedAttack] Получает 2 <sprite name=\"Breath\"><color=#f8c200><u><link=\"Breath\">Кумара</link></u></color><style=\"highlight\"></style>"
                }
              ]
            },
            {
              "coindescs": [
                {
                  "desc": "<style=\"highlight\">Если не наносит <sprite name=\"Burst\"><color=#e30000><u><link=\"Burst\">Зеленки</link></u></color>, на 5% больше урона при раскумаре за каждую силу и счетчик <sprite name=\"Burst\"><color=#e30000><u><link=\"Burst\">Зеленки</link></u></color>, которые монета могла нанести</style>"
                },
                {
                  "desc": "[OnSucceedAttack] Наносит 4 <sprite name=\"Burst\"><color=#e30000><u><link=\"Burst\">Зеленки</link></u></color><style=\"highlight\"></style>"
                },
                {
                  "desc": "[OnSucceedAttack] При скорости 7 и более, повышает счетчик <sprite name=\"Burst\"><color=#e30000><u><link=\"Burst\">Зеленки</link></u></color> на 2<style=\"highlight\"></style>"
                }
              ]
            }
          ]
        }
      ]
    },
    {
      "id": 1051103,
      "levelList": [
        {
          "level": 3,
          "name": "Законтрил кашу",
          "desc": "Сила монет +1, если скорость выше скорости цели на 2 и более\n[WhenUse] Если на цели 15+ <sprite name=\"Burst\"><color=#e30000><u><link=\"Burst\">Зеленок</link></u></color> и 3+ его счетчика, этот навык не расходут счетчик <sprite name=\"Burst\"><color=#e30000><u><link=\"Burst\">Зеленки</link></u></color> при попадании\n[WinDuel] Получает 5 <sprite name=\"Breath\"><color=#f8c200><u><link=\"Breath\">Кумара</link></u></color>\n- Если на цели есть <sprite name=\"ConcentratedAttackMeursault\"><color=#e30000><u><link=\"ConcentratedAttackMeursault\">Сосредоточенная атака - Мерседес</link></u></color>, получает еще 5 <sprite name=\"Breath\"><color=#f8c200><u><link=\"Breath\">Кумара</link></u></color><style=\"highlight\"></style>",
          "coinlist": [
            {
              "coindescs": [
                {
                  "desc": "[WinDuelAttack] Последняя монета наносит на 10% больше урона<style=\"highlight\"></style>"
                }
              ]
            },
            {
              "coindescs": [
                {
                  "desc": "[WinDuelAttack] Последняя монета наносит на 10% больше урона<style=\"highlight\"></style>"
                }
              ]
            },
            {
              "coindescs": [
                {
                  "desc": "Наносит на 10% больше урона за каждую <sprite name=\"ConcentratedAttackMeursault\"><color=#e30000><u><link=\"ConcentratedAttackMeursault\">Сосредоточенную атаку - Мерседес</link></u></color> на слоте<style=\"highlight\"></style>"
                },
                {
                  "desc": "На 30% больше урона при раскумаре<style=\"highlight\"></style>"
                }
              ]
            }
          ]
        },
        {
          "level": 4,
          "name": "Законтрил кашу",
          "desc": "Если скорость выше скорости цели, +1 к Силе монет <style=\"highlight\">за каждые 2 разницы в скорости (До 3)</style>\n[WhenUse] Если на цели 15+ <sprite name=\"Burst\"><color=#e30000><u><link=\"Burst\">Зеленок</link></u></color> и 3+ его счетчика, этот навык не расходут счетчик <sprite name=\"Burst\"><color=#e30000><u><link=\"Burst\">Зеленки</link></u></color> при попадании\n[WinDuel] Получает 5 <sprite name=\"Breath\"><color=#f8c200><u><link=\"Breath\">Кумара</link></u></color>\n- Если на цели есть <sprite name=\"ConcentratedAttackMeursault\"><color=#e30000><u><link=\"ConcentratedAttackMeursault\">Сосредоточенная атака - Мерседес</link></u></color>, получает еще 5 <sprite name=\"Breath\"><color=#f8c200><u><link=\"Breath\">Кумара</link></u></color>",
          "coinlist": [
            {
              "coindescs": [
                {
                  "desc": "[WinDuelAttack] Последняя монета наносит на 10% больше урона<style=\"highlight\"></style>"
                }
              ]
            },
            {
              "coindescs": [
                {
                  "desc": "[WinDuelAttack] Последняя монета наносит на 10% больше урона<style=\"highlight\"></style>"
                }
              ]
            },
            {
              "coindescs": [
                {
                  "desc": "Наносит на <style=\"highlight\">20%</style> больше урона за каждую <sprite name=\"ConcentratedAttackMeursault\"><color=#e30000><u><link=\"ConcentratedAttackMeursault\">Сосредоточенную атаку - Мерседес</link></u></color> на слоте"
                },
                {
                  "desc": "На 30% больше урона при раскумаре<style=\"highlight\"></style>"
                },
                {
                  "desc": "<style=\"highlight\">- На 2% больше урона раскумаром за каждый <sprite name=\"Burst\"><color=#e30000><u><link=\"Burst\">Зеленка</link></u></color> на цели (До 30%)</style>"
                },
                {
                  "desc": "<style=\"highlight\">[EndSkill] Если эта монета убила цель или сломала часть, использует этот навык еще раз против случайной цели (Единожды за навык)</style>"
                }
              ]
            }
          ]
        }
      ]
    },
    {
      "id": 1051104,
      "levelList": [
        {
          "level": 1,
          "name": "Дефенсив",
          "desc": "",
          "coinlist": [
            {
              "coindescs": [
                {
                  "desc": ""
                }
              ]
            }
          ]
        },
        {
          "level": 4,
          "name": "Дефенсив",
          "desc": "<style=\"highlight\">[WhenUse] Сила монет +2, если скорость выше скорости цели на 3 и более</style>",
          "coinlist": [
            {
              "coindescs": [
                {
                  "desc": ""
                }
              ]
            }
          ]
        }
      ]
    },
    {
      "id": 1051201,
      "levelList": [
        {
          "level": 1,
          "name": "Расчлененка тгк",
          "desc": "",
          "coinlist": [
            {},
            {
              "coindescs": [
                {
                  "desc": "Тратит 1 <sprite name=\"BulletPropellantAlly\"><color=#ff1919><u><link=\"BulletPropellantAlly\">Тампон тигровой метки</link></u></color><style=\"highlight\"></style>"
                },
                {
                  "desc": "[OnSucceedAttack] Наносит 1 <sprite name=\"Vibration\"><color=#e30000><u><link=\"Vibration\">Тряска</link></u></color><style=\"highlight\"></style>"
                },
                {
                  "desc": "[OnSucceedAttack] Наносит 1 <sprite name=\"Combustion\"><color=#e30000><u><link=\"Combustion\">Изжога</link></u></color><style=\"highlight\"></style>"
                }
              ]
            }
          ]
        },
        {
          "level": 2,
          "name": "Расчлененка тгк",
          "desc": "<style=\"highlight\">Получает 1 Финальную силу за каждые 4 единицы (в сумме силы <sprite name=\"Combustion\"><color=#e30000><u><link=\"Combustion\">Изжоги</link></u></color> и <sprite name=\"Vibration\"><color=#e30000><u><link=\"Vibration\">Тряски</link></u></color> на главной цели) (До 2)</style>",
          "coinlist": [
            {
              "coindescs": [
                {
                  "desc": "<style=\"highlight\">[OnSucceedAttack] Наносит 1 <sprite name=\"Vibration\"><color=#e30000><u><link=\"Vibration\">Тряска</link></u></color></style>"
                }
              ]
            },
            {
              "coindescs": [
                {
                  "desc": "Тратит 1 <sprite name=\"BulletPropellantAlly\"><color=#ff1919><u><link=\"BulletPropellantAlly\">Тампон тигровой метки</link></u></color><style=\"highlight\"></style>"
                },
                {
                  "desc": "[OnSucceedAttack] Наносит 1 <sprite name=\"Vibration\"><color=#e30000><u><link=\"Vibration\">Тряска</link></u></color><style=\"highlight\"></style>"
                },
                {
                  "desc": "[OnSucceedAttack] Наносит 1 <sprite name=\"Combustion\"><color=#e30000><u><link=\"Combustion\">Изжога</link></u></color><style=\"highlight\"></style>"
                }
              ]
            }
          ]
        },
        {
          "level": 4,
          "name": "Расчлененка тгк",
          "desc": "Получает 1 Финальную силу за каждые 4 единицы (в сумме силы <sprite name=\"Combustion\"><color=#e30000><u><link=\"Combustion\">Изжоги</link></u></color> и <sprite name=\"Vibration\"><color=#e30000><u><link=\"Vibration\">Тряски</link></u></color> на главной цели) (До <style=\"highlight\">3</style>)",
          "coinlist": [
            {
              "coindescs": [
                {
                  "desc": "[OnSucceedAttack] Наносит 1 <sprite name=\"Vibration\"><color=#e30000><u><link=\"Vibration\">Тряска</link></u></color><style=\"highlight\"></style>"
                }
              ]
            },
            {
              "coindescs": [
                {
                  "desc": "Тратит 1 <sprite name=\"BulletPropellantAlly\"><color=#ff1919><u><link=\"BulletPropellantAlly\">Тампон тигровой метки</link></u></color><style=\"highlight\"></style>"
                },
                {
                  "desc": "[OnSucceedAttack] Наносит <style=\"highlight\">2</style> <sprite name=\"Vibration\"><color=#e30000><u><link=\"Vibration\">Тряски</link></u></color>"
                },
                {
                  "desc": "[OnSucceedAttack] Наносит <style=\"highlight\">2</style> <sprite name=\"Combustion\"><color=#e30000><u><link=\"Combustion\">Изжоги</link></u></color>"
                }
              ]
            }
          ]
        }
      ]
    },
    {
      "id": 1051202,
      "levelList": [
        {
          "level": 1,
          "name": "Реактивный пердеж",
          "desc": "",
          "coinlist": [
            {},
            {
              "coindescs": [
                {
                  "desc": "Тратит 1 <sprite name=\"BulletPropellantAlly\"><color=#ff1919><u><link=\"BulletPropellantAlly\">Тампон тигровой метки</link></u></color><style=\"highlight\"></style>"
                },
                {
                  "desc": "[OnSucceedAttack] Наносит 1 <sprite name=\"Vibration\"><color=#e30000><u><link=\"Vibration\">Тряска</link></u></color><style=\"highlight\"></style>"
                },
                {
                  "desc": "[OnSucceedAttack] Наносит 1 <sprite name=\"Combustion\"><color=#e30000><u><link=\"Combustion\">Изжога</link></u></color><style=\"highlight\"></style>"
                }
              ]
            },
            {
              "coindescs": [
                {
                  "desc": "Тратит 1 <sprite name=\"BulletPropellantAlly\"><color=#ff1919><u><link=\"BulletPropellantAlly\">Тампон тигровой метки</link></u></color><style=\"highlight\"></style>"
                },
                {
                  "desc": "[OnSucceedAttack] Повышает счетчик <sprite name=\"Vibration\"><color=#e30000><u><link=\"Vibration\">Тряски</link></u></color> на 1<style=\"highlight\"></style>"
                },
                {
                  "desc": "[OnSucceedAttack] Повышает счетчик <sprite name=\"Combustion\"><color=#e30000><u><link=\"Combustion\">Изжоги</link></u></color> на 1<style=\"highlight\"></style>"
                }
              ]
            }
          ]
        },
        {
          "level": 2,
          "name": "Реактивный пердеж",
          "desc": "<style=\"highlight\"Получает 1 Финальную силу за каждые 4 единицы (в сумме силы <sprite name=\"Combustion\"><color=#e30000><u><link=\"Combustion\">Изжоги</link></u></color> и <sprite name=\"Vibration\"><color=#e30000><u><link=\"Vibration\">Тряски</link></u></color> на главной цели) (До 2)</style><style=\"highlight\"></style>",
          "coinlist": [
            {
              "coindescs": [
                {
                  "desc": "<style=\"highlight\">[OnSucceedAttack] Наносит 1 <sprite name=\"Vibration\"><color=#e30000><u><link=\"Vibration\">Тряска</link></u></color></style>"
                }
              ]
            },
            {
              "coindescs": [
                {
                  "desc": "Тратит 1 <sprite name=\"BulletPropellantAlly\"><color=#ff1919><u><link=\"BulletPropellantAlly\">Тампон тигровой метки</link></u></color><style=\"highlight\"></style>"
                },
                {
                  "desc": "[OnSucceedAttack] Наносит 1 <sprite name=\"Vibration\"><color=#e30000><u><link=\"Vibration\">Тряска</link></u></color><style=\"highlight\"></style>"
                },
                {
                  "desc": "[OnSucceedAttack] Наносит 1 <sprite name=\"Combustion\"><color=#e30000><u><link=\"Combustion\">Изжога</link></u></color><style=\"highlight\"></style>"
                }
              ]
            },
            {
              "coindescs": [
                {
                  "desc": "Тратит 1 <sprite name=\"BulletPropellantAlly\"><color=#ff1919><u><link=\"BulletPropellantAlly\">Тампон тигровой метки</link></u></color><style=\"highlight\"></style>"
                },
                {
                  "desc": "[OnSucceedAttack] Повышает счетчик <sprite name=\"Vibration\"><color=#e30000><u><link=\"Vibration\">Тряски</link></u></color> на 1<style=\"highlight\"></style>"
                },
                {
                  "desc": "[OnSucceedAttack] Повышает счетчик <sprite name=\"Combustion\"><color=#e30000><u><link=\"Combustion\">Изжоги</link></u></color> на 1<style=\"highlight\"></style>"
                },
                {
                  "desc": "<style=\"highlight\">[OnSucceedAttack] Если счетчик <sprite name=\"Vibration\"><color=#e30000><u><link=\"Vibration\">Тряски</link></u></color> цели равен 3 и более, <sprite name=\"VibrationExplosion\"><color=#e30000><u><link=\"VibrationExplosion\">Трясет сучку</link></u></color> и понижает его счетчик на 1</style>"
                }
              ]
            }
          ]
        },
        {
          "level": 4,
          "name": "Реактивный пердеж",
          "desc": "Получает 1 Финальную силу за каждые 4 единицы (в сумме силы <sprite name=\"Combustion\"><color=#e30000><u><link=\"Combustion\">Изжоги</link></u></color> и <sprite name=\"Vibration\"><color=#e30000><u><link=\"Vibration\">Тряски</link></u></color> на главной цели) (До <style=\"highlight\">4</style>)",
          "coinlist": [
            {
              "coindescs": [
                {
                  "desc": "[OnSucceedAttack] Наносит 1 <sprite name=\"Vibration\"><color=#e30000><u><link=\"Vibration\">Тряска</link></u></color><style=\"highlight\"></style>"
                }
              ]
            },
            {
              "coindescs": [
                {
                  "desc": "Тратит 1 <sprite name=\"BulletPropellantAlly\"><color=#ff1919><u><link=\"BulletPropellantAlly\">Тампон тигровой метки</link></u></color><style=\"highlight\"></style>"
                },
                {
                  "desc": "[OnSucceedAttack] Наносит <style=\"highlight\">2</style> <sprite name=\"Vibration\"><color=#e30000><u><link=\"Vibration\">Тряски</link></u></color>"
                },
                {
                  "desc": "[OnSucceedAttack] Наносит <style=\"highlight\">2</style> <sprite name=\"Combustion\"><color=#e30000><u><link=\"Combustion\">Изжоги</link></u></color>"
                }
              ]
            },
            {
              "coindescs": [
                {
                  "desc": "Тратит 1 <sprite name=\"BulletPropellantAlly\"><color=#ff1919><u><link=\"BulletPropellantAlly\">Тампон тигровой метки</link></u></color><style=\"highlight\"></style>"
                },
                {
                  "desc": "[OnSucceedAttack] Повышает счетчик <sprite name=\"Vibration\"><color=#e30000><u><link=\"Vibration\">Тряски</link></u></color> <style=\"highlight\">на 2</style>"
                },
                {
                  "desc": "[OnSucceedAttack] Повышает счетчик <sprite name=\"Combustion\"><color=#e30000><u><link=\"Combustion\">Изжоги</link></u></color> <style=\"highlight\">на 2</style>"
                },
                {
                  "desc": "[OnSucceedAttack] Если счетчик <sprite name=\"Vibration\"><color=#e30000><u><link=\"Vibration\">Тряски</link></u></color> цели равен 3 и более, <sprite name=\"VibrationExplosion\"><color=#e30000><u><link=\"VibrationExplosion\">Трясет сучку</link></u></color> и понижает его счетчик на 1<style=\"highlight\"></style>"
                }
              ]
            }
          ]
        }
      ]
    },
    {
      "id": 1051203,
      "levelList": [
        {
          "level": 3,
          "name": "Окурком в коляску",
          "desc": "[WhenUse] Если имеется <sprite name=\"BulletPropellantSpecialAlly\"><color=#ff1919><u><link=\"BulletPropellantSpecialAlly\">Тампон свирепой тигровой метки</link></u></color>, использует 「Летс факин денс бейби」 вместо этого\nЕсли <sprite name=\"BulletPropellantSpecialAlly\"><color=#ff1919><u><link=\"BulletPropellantSpecialAlly\">Тампон свирепой тигровой метки</link></u></color> равен 0 то отменяет эффект выше \nПолучает 1 Силу монет против целей (с 8 и более единицами в сумме силы <sprite name=\"Combustion\"><color=#e30000><u><link=\"Combustion\">Изжоги</link></u></color> и <sprite name=\"Vibration\"><color=#e30000><u><link=\"Vibration\">Тряски</link></u></color><style=\"highlight\"></style>)",
          "coinlist": [
            {
              "coindescs": [
                {
                  "desc": "Тратит 1 <sprite name=\"BulletPropellantAlly\"><color=#ff1919><u><link=\"BulletPropellantAlly\">Тампон тигровой метки</link></u></color><style=\"highlight\"></style>"
                },
                {
                  "desc": "[OnSucceedAttack] Наносит 2 <sprite name=\"Vibration\"><color=#e30000><u><link=\"Vibration\">Тряски</link></u></color><style=\"highlight\"></style>"
                },
                {
                  "desc": "[OnSucceedAttack] Наносит 2 <sprite name=\"Combustion\"><color=#e30000><u><link=\"Combustion\">Изжоги</link></u></color><style=\"highlight\"></style>"
                }
              ]
            },
            {
              "coindescs": [
                {
                  "desc": "Тратит 1 <sprite name=\"BulletPropellantAlly\"><color=#ff1919><u><link=\"BulletPropellantAlly\">Тампон тигровой метки</link></u></color><style=\"highlight\"></style>"
                },
                {
                  "desc": "[OnSucceedAttack] Повышает счетчик <sprite name=\"Vibration\"><color=#e30000><u><link=\"Vibration\">Тряски</link></u></color> на 2<style=\"highlight\"></style>"
                },
                {
                  "desc": "[OnSucceedAttack] Повышает счетчик <sprite name=\"Combustion\"><color=#e30000><u><link=\"Combustion\">Изжоги</link></u></color> на 2<style=\"highlight\"></style>"
                }
              ]
            },
            {
              "coindescs": [
                {
                  "desc": "Тратит 1 <sprite name=\"BulletPropellantAlly\"><color=#ff1919><u><link=\"BulletPropellantAlly\">Тампон тигровой метки</link></u></color><style=\"highlight\"></style>"
                },
                {
                  "desc": "[OnSucceedAttack] <sprite name=\"Switch_Vibration\"><color=#9f6a3a><u><link=\"Switch_Vibration\">Преобразует амплитуду</link></u></color> в <sprite name=\"VibrationIgnition\"><color=#e30000><u><link=\"VibrationIgnition\">Тряска — Ожог</link></u></color><style=\"highlight\"></style>"
                },
                {
                  "desc": "[OnSucceedAttack] <sprite name=\"VibrationExplosion\"><color=#e30000><u><link=\"VibrationExplosion\">Трясет сучку</link></u></color> и понижает его счетчик цели на 1\nЕсли удалось потратить <sprite name=\"BulletPropellantAlly\"><color=#ff1919><u><link=\"BulletPropellantAlly\">Тампон тигровой метки</link></u></color> этой монетой, наносит на 20% больше урона и еще 1 раз <sprite name=\"VibrationExplosion\"><color=#e30000><u><link=\"VibrationExplosion\">Трясет сучку</link></u></color> и понижает его счетчик цели на 1<style=\"highlight\"></style>"
                },
                {
                  "desc": ""
                }
              ]
            }
          ]
        },
        {
          "level": 4,
          "name": "Окурком в коляску",
          "desc": "[WhenUse] Если имеется <sprite name=\"BulletPropellantSpecialAlly\"><color=#ff1919><u><link=\"BulletPropellantSpecialAlly\">Тампон свирепой тигровой метки</link></u></color>, использует 「Летс факин денс бейби」 вместо этогоЕсли <sprite name=\"BulletPropellantSpecialAlly\"><color=#ff1919><u><link=\"BulletPropellantSpecialAlly\">Тампон свирепой тигровой метки</link></u></color> равен 0 то отменяет эффект выше \nПолучает 1 Силу монет против целей (с 8 и более единицами в сумме силы <sprite name=\"Combustion\"><color=#e30000><u><link=\"Combustion\">Изжоги</link></u></color> и <sprite name=\"Vibration\"><color=#e30000><u><link=\"Vibration\">Тряски</link></u></color><style=\"highlight\"></style>)(До 2)</style>",
          "coinlist": [
            {
              "coindescs": [
                {
                  "desc": "Тратит 1 <sprite name=\"BulletPropellantAlly\"><color=#ff1919><u><link=\"BulletPropellantAlly\">Тампон тигровой метки</link></u></color><style=\"highlight\"></style>"
                },
                {
                  "desc": "[OnSucceedAttack] Наносит <style=\"highlight\">3</style> <sprite name=\"Vibration\"><color=#e30000><u><link=\"Vibration\">Тряски</link></u></color>"
                },
                {
                  "desc": "[OnSucceedAttack] Наносит <style=\"highlight\">3</style> <sprite name=\"Combustion\"><color=#e30000><u><link=\"Combustion\">Изжоги</link></u></color>"
                }
              ]
            },
            {
              "coindescs": [
                {
                  "desc": "Тратит 1 <sprite name=\"BulletPropellantAlly\"><color=#ff1919><u><link=\"BulletPropellantAlly\">Тампон тигровой метки</link></u></color><style=\"highlight\"></style>"
                },
                {
                  "desc": "[OnSucceedAttack] Повышает счетчик <sprite name=\"Vibration\"><color=#e30000><u><link=\"Vibration\">Тряски</link></u></color> <style=\"highlight\">на 3</style>"
                },
                {
                  "desc": "[OnSucceedAttack] Повышает счетчик <sprite name=\"Combustion\"><color=#e30000><u><link=\"Combustion\">Изжоги</link></u></color> <style=\"highlight\">на 3</style>"
                }
              ]
            },
            {
              "coindescs": [
                {
                  "desc": "Тратит 1 <sprite name=\"BulletPropellantAlly\"><color=#ff1919><u><link=\"BulletPropellantAlly\">Тампон тигровой метки</link></u></color><style=\"highlight\"></style>"
                },
                {
                  "desc": "[OnSucceedAttack] <sprite name=\"Switch_Vibration\"><color=#9f6a3a><u><link=\"Switch_Vibration\">Преобразует амплитуду</link></u></color> в <sprite name=\"VibrationIgnition\"><color=#e30000><u><link=\"VibrationIgnition\">Тряска — Ожог</link></u></color><style=\"highlight\"></style>"
                },
                {
                  "desc": "[OnSucceedAttack] <sprite name=\"VibrationExplosion\"><color=#e30000><u><link=\"VibrationExplosion\">Трясет сучку</link></u></color> и понижает его счетчик цели на 1\nЕсли удалось потратить <sprite name=\"BulletPropellantAlly\"><color=#ff1919><u><link=\"BulletPropellantAlly\">Тампон тигровой метки</link></u></color> этой монетой, наносит на <style=\"highlight\">50%</style> больше урона и еще <style=\"highlight\">2 раза</style> <sprite name=\"VibrationExplosion\"><color=#e30000><u><link=\"VibrationExplosion\">Трясет сучку</link></u></color> и понижает его счетчик цели на 1"
                },
                {
                  "desc": ""
                }
              ]
            }
          ]
        }
      ]
    },
    {
      "id": 1051204,
      "levelList": [
        {
          "level": 1,
          "name": "Это начинает возбуждать меня.",
          "desc": "[DuelCounter]\nПолучает 1 Итоговую силу против целей с 4 и более (единицами в сумме силы <sprite name=\"Combustion\"><color=#e30000><u><link=\"Combustion\">Изжоги</link></u></color> и <sprite name=\"Vibration\"><color=#e30000><u><link=\"Vibration\">Тряски</link></u></color>)\nПолучает 1 силу сталкновения, если <sprite name=\"BulletPropellantAlly\"><color=#ff1919><u><link=\"BulletPropellantAlly\">Пaтроны тигровой метки</link></u></color> или <sprite name=\"BulletPropellantSpecialAlly\"><color=#f01313><u><link=\"BulletPropellantSpecialAlly\">Пaтроны свирепой тигровой метки</link></u></color> на нуле<style=\"highlight\"></style>",
          "coinlist": [
            {},
            {
              "coindescs": [
                {
                  "desc": "[OnSucceedAttack] Повышает счетчик <sprite name=\"Vibration\"><color=#e30000><u><link=\"Vibration\">Тряски</link></u></color> на 1 (До 2 раз за ход)<style=\"highlight\"></style>"
                }
              ]
            }
          ]
        },
        {
          "level": 4,
          "name": "Это начинает возбуждать меня.",
          "desc": "[DuelCounter]\nПолучает 1 Итоговую силу <style=\"highlight\">за каждые 4 единицы</style> (в сумме силы <sprite name=\"Combustion\"><color=#e30000><u><link=\"Combustion\">Изжоги</link></u></color> и <sprite name=\"Vibration\"><color=#e30000><u><link=\"Vibration\">Тряски</link></u></color> на главной цели <style=\"highlight\">(До 2)</style>)\nПолучает <style=\"highlight\">2</style> Силу в столкновении, если <sprite name=\"BulletPropellantAlly\"><color=#ff1919><u><link=\"BulletPropellantAlly\">Пaтроны тигровой метки</link></u></color> или <sprite name=\"BulletPropellantSpecialAlly\"><color=#f01313><u><link=\"BulletPropellantSpecialAlly\">Пaтроны свирепой тигровой метки</link></u></color> на нуле",
          "coinlist": [
            {
              "coindescs": [
                {
                  "desc": "<style=\"highlight\">[OnSucceedAttack] Наносит 1 <sprite name=\"Vibration\"><color=#e30000><u><link=\"Vibration\">Тряска</link></u></color> (До 2 раз за ход)</style>"
                }
              ]
            },
            {
              "coindescs": [
                {
                  "desc": "[OnSucceedAttack] Повышает счетчик <sprite name=\"Vibration\"><color=#e30000><u><link=\"Vibration\">Тряски</link></u></color> на 1 (До 2 раз за ход)<style=\"highlight\"></style>"
                }
              ]
            }
          ]
        }
      ]
    },
    {
      "id": 1051205,
      "levelList": [
        {
          "level": 3,
          "name": "Летс факин денс бейби",
          "desc": "Получает 1 Силу монет против целей с 8 и более единицами (в сумме силы <sprite name=\"Combustion\"><color=#e30000><u><link=\"Combustion\">Изжоги</link></u></color> и <sprite name=\"Vibration\"><color=#e30000><u><link=\"Vibration\">Тряски</link></u></color><style=\"highlight\"></style>)",
          "coinlist": [
            {
              "coindescs": [
                {
                  "desc": "[OnSucceedAttack] Наносит 2 <sprite name=\"Vibration\"><color=#e30000><u><link=\"Vibration\">Тряски</link></u></color><style=\"highlight\"></style>"
                }
              ]
            },
            {
              "coindescs": [
                {
                  "desc": "[OnSucceedAttack] Повышает счетчик <sprite name=\"Vibration\"><color=#e30000><u><link=\"Vibration\">Тряски</link></u></color> на 2<style=\"highlight\"></style>"
                }
              ]
            },
            {
              "coindescs": [
                {
                  "desc": "Тратит 1 <sprite name=\"BulletPropellantSpecialAlly\"><color=#f01313><u><link=\"BulletPropellantSpecialAlly\">Тампон свирепой тигровой метки</link></u></color><style=\"highlight\"></style>"
                },
                {
                  "desc": "[OnSucceedAttack] Наносит 2 <sprite name=\"Combustion\"><color=#e30000><u><link=\"Combustion\">Изжоги</link></u></color><style=\"highlight\"></style>"
                }
              ]
            },
            {
              "coindescs": [
                {
                  "desc": "Тратит 1 <sprite name=\"BulletPropellantSpecialAlly\"><color=#f01313><u><link=\"BulletPropellantSpecialAlly\">Тампон свирепой тигровой метки</link></u></color><style=\"highlight\"></style>"
                },
                {
                  "desc": "[OnSucceedAttack] Повышает счетчик <sprite name=\"Combustion\"><color=#e30000><u><link=\"Combustion\">Изжоги</link></u></color> на 2<style=\"highlight\"></style>"
                }
              ]
            },
            {
              "coindescs": [
                {
                  "desc": "Тратит 1 <sprite name=\"BulletPropellantSpecialAlly\"><color=#f01313><u><link=\"BulletPropellantSpecialAlly\">Тампон свирепой тигровой метки</link></u></color><style=\"highlight\"></style>"
                },
                {
                  "desc": "[OnSucceedAttack] <sprite name=\"Switch_Vibration\"><color=#9f6a3a><u><link=\"Switch_Vibration\">Преобразует амплитуду</link></u></color> в <sprite name=\"VibrationIgnition\"><color=#e30000><u><link=\"VibrationIgnition\">Тряска — Ожог</link></u></color><style=\"highlight\"></style>"
                },
                {
                  "desc": "[OnSucceedAttack] <sprite name=\"VibrationExplosion\"><color=#e30000><u><link=\"VibrationExplosion\">Трясет сучку</link></u></color> и понижает его счетчик цели на 1\nЕсли удалось потратить <sprite name=\"BulletPropellantSpecialAlly\"><color=#f01313><u><link=\"BulletPropellantSpecialAlly\">Тампон свирепой тигровой метки</link></u></color> этой монетой, еще 1 раз <sprite name=\"VibrationExplosion\"><color=#e30000><u><link=\"VibrationExplosion\">Трясет сучку</link></u></color> и понижает его счетчик цели на 1<style=\"highlight\"></style>"
                }
              ]
            }
          ]
        },
        {
          "level": 4,
          "name": "Летс факин денс бейби",
          "desc": "Получает 1 Силу монет <style=\"highlight\">за каждые 8 единиц</style> (в сумме силы <sprite name=\"Combustion\"><color=#e30000><u><link=\"Combustion\">Изжоги</link></u></color> и <sprite name=\"Vibration\"><color=#e30000><u><link=\"Vibration\">Тряски</link></u></color> на главной цели <style=\"highlight\">)(До 2)</style>",
          "coinlist": [
            {
              "coindescs": [
                {
                  "desc": "[OnSucceedAttack] Наносит <style=\"highlight\">3</style> <sprite name=\"Vibration\"><color=#e30000><u><link=\"Vibration\">Тряски</link></u></color>"
                }
              ]
            },
            {
              "coindescs": [
                {
                  "desc": "[OnSucceedAttack] Повышает счетчик <sprite name=\"Vibration\"><color=#e30000><u><link=\"Vibration\">Тряски</link></u></color> <style=\"highlight\">на 3</style>"
                }
              ]
            },
            {
              "coindescs": [
                {
                  "desc": "Тратит 1 <sprite name=\"BulletPropellantSpecialAlly\"><color=#f01313><u><link=\"BulletPropellantSpecialAlly\">Тампон свирепой тигровой метки</link></u></color><style=\"highlight\"></style>"
                },
                {
                  "desc": "[OnSucceedAttack] Наносит <style=\"highlight\">3</style> <sprite name=\"Combustion\"><color=#e30000><u><link=\"Combustion\">Изжоги</link></u></color>"
                }
              ]
            },
            {
              "coindescs": [
                {
                  "desc": "Тратит 1 <sprite name=\"BulletPropellantSpecialAlly\"><color=#f01313><u><link=\"BulletPropellantSpecialAlly\">Тампон свирепой тигровой метки</link></u></color><style=\"highlight\"></style>"
                },
                {
                  "desc": "[OnSucceedAttack] Повышает счетчик <sprite name=\"Combustion\"><color=#e30000><u><link=\"Combustion\">Изжоги</link></u></color> <style=\"highlight\">на 3</style>"
                }
              ]
            },
            {
              "coindescs": [
                {
                  "desc": "Тратит 1 <sprite name=\"BulletPropellantSpecialAlly\"><color=#f01313><u><link=\"BulletPropellantSpecialAlly\">Тампон свирепой тигровой метки</link></u></color><style=\"highlight\"></style>"
                },
                {
                  "desc": "[OnSucceedAttack] <sprite name=\"Switch_Vibration\"><color=#9f6a3a><u><link=\"Switch_Vibration\">Преобразует амплитуду</link></u></color> в <sprite name=\"VibrationIgnition\"><color=#e30000><u><link=\"VibrationIgnition\">Тряска — Ожог</link></u></color><style=\"highlight\"></style>"
                },
                {
                  "desc": "[OnSucceedAttack] <sprite name=\"VibrationExplosion\"><color=#e30000><u><link=\"VibrationExplosion\">Трясет сучку</link></u></color> и понижает его счетчик цели на 1\nЕсли удалось потратить <sprite name=\"BulletPropellantSpecialAlly\"><color=#f01313><u><link=\"BulletPropellantSpecialAlly\">Тампон свирепой тигровой метки</link></u></color> этой монетой, еще <style=\"highlight\">2 раза</style> <sprite name=\"VibrationExplosion\"><color=#e30000><u><link=\"VibrationExplosion\">Трясет сучку</link></u></color> и понижает его счетчик цели на 1"
                }
              ]
            }
          ]
        }
      ]
    }
  ]
}