{
  "dataList": [
    {
      "id": 114501,
      "levelList": [
        {
          "level": 1,
          "name": "Двойное рассечение",
          "desc": "Итоговая сила +1 за каждые 4 единицы в сумме силы <sprite name=\"Combustion\"><color=#e30000><u><link=\"Combustion\">Изжоги</link></u></color> и <sprite name=\"Vibration\"><color=#e30000><u><link=\"Vibration\">Тремора</link></u></color> цели (До 2)",
          "coinlist": [
            {
              "coindescs": [
                {
                  "desc": "[OnSucceedAttack] Наносит 2 <sprite name=\"Vibration\"><color=#e30000><u><link=\"Vibration\">Тремора</link></u></color>"
                }
              ]
            },
            {
              "coindescs": [
                {
                  "desc": "[OnSucceedAttack] Наносит 3 <sprite name=\"Vibration\"><color=#e30000><u><link=\"Vibration\">Тремора</link></u></color>"
                }
              ]
            }
          ]
        }
      ]
    },
    {
      "id": 114502,
      "levelList": [
        {
          "level": 1,
          "name": "Тройное рассечение",
          "desc": "Итоговая сила +1 за каждые 4 единицы в сумме силы <sprite name=\"Combustion\"><color=#e30000><u><link=\"Combustion\">Изжоги</link></u></color> и <sprite name=\"Vibration\"><color=#e30000><u><link=\"Vibration\">Тремора</link></u></color> цели (До 2)",
          "coinlist": [
            {
              "coindescs": [
                {
                  "desc": "[OnSucceedAttack] Повышает счетчик <sprite name=\"Vibration\"><color=#e30000><u><link=\"Vibration\">Тремора</link></u></color> на 2"
                }
              ]
            },
            {
              "coindescs": [
                {
                  "desc": "[OnSucceedAttack] Наносит 1 <sprite name=\"Vibration\"><color=#e30000><u><link=\"Vibration\">Тремор</link></u></color> и повышает его счетчик на 2"
                }
              ]
            },
            {
              "coindescs": [
                {
                  "desc": "[OnSucceedAttack] <sprite name=\"VibrationExplosion\"><color=#e30000><u><link=\"VibrationExplosion\">Провоцирует Тремор</link></u></color> и понижает его счетчик цели на 1"
                }
              ]
            }
          ]
        }
      ]
    },
    {
      "id": 114503,
      "levelList": [
        {
          "level": 1,
          "name": "Двойное рассечение — Гром [爆]",
          "desc": "Итоговая сила +1 за каждые 4 единицы в сумме силы <sprite name=\"Combustion\"><color=#e30000><u><link=\"Combustion\">Изжоги</link></u></color> и <sprite name=\"Vibration\"><color=#e30000><u><link=\"Vibration\">Тремора</link></u></color> цели (До 4)\n[DefeatDuel] Теряет 1 <sprite name=\"BulletPropellant\"><color=#ff1919><u><link=\"BulletPropellant\">Тампон тигровой метки</link></u></color>",
          "coinlist": [
            {
              "coindescs": [
                {
                  "desc": "[OnSucceedAttack] Наносит 3 <sprite name=\"Vibration\"><color=#e30000><u><link=\"Vibration\">Тремора</link></u></color>"
                }
              ]
            },
            {
              "coindescs": [
                {
                  "desc": "Тратит 1 <sprite name=\"BulletPropellant\"><color=#ff1919><u><link=\"BulletPropellant\">Тампон тигровой метки</link></u></color>"
                },
                {
                  "desc": "[OnSucceedAttack] Наносит 3 <sprite name=\"Combustion\"><color=#e30000><u><link=\"Combustion\">Изжоги</link></u></color> и повышает его счетчик на 2"
                },
                {
                  "desc": "[OnSucceedAttack] Наносит 3 <sprite name=\"Vibration\"><color=#e30000><u><link=\"Vibration\">Тремора</link></u></color> и повышает его счетчик на 2"
                }
              ]
            }
          ]
        }
      ]
    },
    {
      "id": 114504,
      "levelList": [
        {
          "level": 1,
          "name": "Тройное рассечение — Подрыв [爆]",
          "desc": "Итоговая сила +1 за каждые 4 единицы в сумме силы <sprite name=\"Combustion\"><color=#e30000><u><link=\"Combustion\">Изжоги</link></u></color> и <sprite name=\"Vibration\"><color=#e30000><u><link=\"Vibration\">Тремора</link></u></color> цели (До 4)\n[DefeatDuel] Теряет 1 <sprite name=\"BulletPropellant\"><color=#ff1919><u><link=\"BulletPropellant\">Тампон тигровой метки</link></u></color>",
          "coinlist": [
            {
              "coindescs": [
                {
                  "desc": "[OnSucceedAttack] Повышает счетчик <sprite name=\"Vibration\"><color=#e30000><u><link=\"Vibration\">Тремора</link></u></color> на 2"
                }
              ]
            },
            {
              "coindescs": [
                {
                  "desc": "Тратит 1 <sprite name=\"BulletPropellant\"><color=#ff1919><u><link=\"BulletPropellant\">Тампон тигровой метки</link></u></color>"
                },
                {
                  "desc": "[OnSucceedAttack] Наносит 3 <sprite name=\"Combustion\"><color=#e30000><u><link=\"Combustion\">Изжоги</link></u></color> и повышает его счетчик на 2"
                },
                {
                  "desc": "[OnSucceedAttack] Наносит 2 <sprite name=\"Vibration\"><color=#e30000><u><link=\"Vibration\">Тремора</link></u></color> и повышает его счетчик на 2"
                }
              ]
            },
            {
              "coindescs": [
                {
                  "desc": "Тратит 1 <sprite name=\"BulletPropellant\"><color=#ff1919><u><link=\"BulletPropellant\">Тампон тигровой метки</link></u></color>"
                },
                {
                  "desc": "[OnSucceedAttack] Наносит 3 <sprite name=\"Combustion\"><color=#e30000><u><link=\"Combustion\">Изжоги</link></u></color> и повышает его счетчик на 2"
                },
                {
                  "desc": "[UnBrokenCoinOnSucceedAttack] <sprite name=\"VibrationExplosion\"><color=#e30000><u><link=\"VibrationExplosion\">Провоцирует Тремор</link></u></color> дважды и понижает его счетчик цели на 2"
                }
              ]
            }
          ]
        }
      ]
    },
    {
      "id": 114505,
      "levelList": [
        {
          "level": 1,
          "name": "Подрывной сокрущающий разрез [爆碎斬]",
          "desc": "Выбирает целью <sprite name=\"Prey\"><color=#e30000><u><link=\"Prey\">Добычу</link></u></color>\nМожно столкнуться независимо от скорости\nСила монет +1 за каждые 6 единиц в сумме силы <sprite name=\"Combustion\"><color=#e30000><u><link=\"Combustion\">Изжоги</link></u></color> и <sprite name=\"Vibration\"><color=#e30000><u><link=\"Vibration\">Тремора</link></u></color> цели (До 3)\n[DefeatDuel] Теряет 10 SP",
          "coinlist": [
            {
              "coindescs": [
                {
                  "desc": "<sprite name=\"SuperCoin\"><color=#9f6a3a><u><link=\"SuperCoin\">Вечная монета</link></u></color>"
                },
                {
                  "desc": "Тратит 1 <sprite name=\"BulletPropellant\"><color=#ff1919><u><link=\"BulletPropellant\">Тампон тигровой метки</link></u></color>"
                },
                {
                  "desc": "[OnSucceedAttack] Наносит 3 <sprite name=\"Combustion\"><color=#e30000><u><link=\"Combustion\">Изжоги</link></u></color>"
                },
                {
                  "desc": "[OnSucceedAttack] Наносит 3 <sprite name=\"Vibration\"><color=#e30000><u><link=\"Vibration\">Тремора</link></u></color>"
                },
                {
                  "desc": "[UnBrokenCoinOnSucceedAttack] Наносит 4 <sprite name=\"Vibration\"><color=#e30000><u><link=\"Vibration\">Тремора</link></u></color> и повышает его счетчик на 4"
                }
              ]
            },
            {
              "coindescs": [
                {
                  "desc": "<sprite name=\"SuperCoin\"><color=#9f6a3a><u><link=\"SuperCoin\">Вечная монета</link></u></color>"
                },
                {
                  "desc": "Тратит 1 <sprite name=\"BulletPropellant\"><color=#ff1919><u><link=\"BulletPropellant\">Тампон тигровой метки</link></u></color>"
                },
                {
                  "desc": "[OnSucceedAttack] Повышает счетчик <sprite name=\"Combustion\"><color=#e30000><u><link=\"Combustion\">Изжоги</link></u></color> на 3"
                },
                {
                  "desc": "[OnSucceedAttack] Повышает счетчик <sprite name=\"Vibration\"><color=#e30000><u><link=\"Vibration\">Тремора</link></u></color> на 3"
                },
                {
                  "desc": "[UnBrokenCoinOnSucceedAttack] <sprite name=\"Switch_Vibration\"><color=#9f6a3a><u><link=\"Switch_Vibration\">Преобразует амплитуду</link></u></color> в <sprite name=\"VibrationIgnition\"><color=#e30000><u><link=\"VibrationIgnition\">Тремор — Ожог</link></u></color>"
                }
              ]
            },
            {
              "coindescs": [
                {
                  "desc": "<sprite name=\"SuperCoin\"><color=#9f6a3a><u><link=\"SuperCoin\">Вечная монета</link></u></color>"
                },
                {
                  "desc": "Тратит 1 <sprite name=\"BulletPropellant\"><color=#ff1919><u><link=\"BulletPropellant\">Тампон тигровой метки</link></u></color>"
                },
                {
                  "desc": "Если удалось потратить <sprite name=\"BulletPropellant\"><color=#ff1919><u><link=\"BulletPropellant\">Тампон тигровой метки</link></u></color> этой монетой, наносит на 50% больше урона"
                },
                {
                  "desc": "[OnSucceedAttack] Наносит 3 <sprite name=\"Combustion\"><color=#e30000><u><link=\"Combustion\">Изжоги</link></u></color> и повышает его счетчик на 3"
                },
                {
                  "desc": "[UnBrokenCoinOnSucceedAttack] <sprite name=\"VibrationExplosion\"><color=#e30000><u><link=\"VibrationExplosion\">Провоцирует Тремор</link></u></color> дважды и понижает его счетчик цели на 2"
                }
              ]
            }
          ]
        }
      ]
    },
    {
      "id": 114506,
      "levelList": [
        {
          "level": 1,
          "name": "Сокрушающее рассечение [快刀亂麻]",
          "desc": "Выбирает целью <sprite name=\"Prey\"><color=#e30000><u><link=\"Prey\">Добычу</link></u></color>\nМожно столкнуться независимо от скорости\nНельзя оглушить до конца использования этого навыка\n[WhenUse] Тратит всю <sprite name=\"BattleSense\"><color=#d61713><u><link=\"BattleSense\">Внутреннюю силу</link></u></color>, и если было потрачено ...\n- ... 10 и более: Количество целей +1 за каждые 10 потраченной <sprite name=\"BattleSense\"><color=#d61713><u><link=\"BattleSense\">Внутренней силы</link></u></color> (До 2 дополнительных целей)\n- ... 25 и более: Итоговая сила +1 за каждые 4 единицы в сумме силы <sprite name=\"Combustion\"><color=#e30000><u><link=\"Combustion\">Изжоги</link></u></color> и <sprite name=\"Vibration\"><color=#e30000><u><link=\"Vibration\">Тремора</link></u></color> главной цели (До 5)\n[DefeatDuel] Получает 4 <sprite name=\"ResultReduction\"><color=#e30000><u><link=\"ResultReduction\">Понижения силы</link></u></color>\n[DefeatDuel] Получает 1 <sprite name=\"Paralysis\"><color=#e30000><u><link=\"Paralysis\">Паралич</link></u></color>\n[DefeatDuel] Наносит на 80% меньше урона, не может оглушить целей, а также наносит лишь половину силы и счетчика <sprite name=\"Combustion\"><color=#e30000><u><link=\"Combustion\">Изжоги</link></u></color> с <sprite name=\"Vibration\"><color=#e30000><u><link=\"Vibration\">Тремором</link></u></color> монетами этой атаки\n[EndSkill] <sprite name=\"FullReload\"><color=#9f6a3a><u><link=\"FullReload\">Перезаряжается</link></u></color>\n- Если имелись <sprite name=\"BulletPropellantSpecial\"><color=#f01313><u><link=\"BulletPropellantSpecial\">Пaтроны свирепой тигровой метки</link></u></color>, вместо этого <sprite name=\"ReloadKeepAmmo\"><color=#9f6a3a><u><link=\"ReloadKeepAmmo\">Перезаряжается тактически</link></u></color>\n[EndSkill] Заканчивает этот ход",
          "coinlist": [
            {
              "coindescs": [
                {
                  "desc": "<sprite name=\"SuperCoin\"><color=#9f6a3a><u><link=\"SuperCoin\">Вечная монета</link></u></color>"
                },
                {
                  "desc": "Тратит все имеющиеся <sprite name=\"BulletPropellant\"><color=#ff1919><u><link=\"BulletPropellant\">Пaтроны тигровой метки</link></u></color>"
                },
                {
                  "desc": "[OnSucceedAttack] Наносит силу и счетчик <sprite name=\"Combustion\"><color=#e30000><u><link=\"Combustion\">Изжоги</link></u></color> с <sprite name=\"Vibration\"><color=#e30000><u><link=\"Vibration\">Тремором</link></u></color> в количестве потрачнных <sprite name=\"BulletPropellant\"><color=#ff1919><u><link=\"BulletPropellant\">Тампонов тигровой метки</link></u></color>"
                },
                {
                  "desc": "[UnBrokenCoinOnSucceedAttack] <sprite name=\"Switch_Vibration\"><color=#9f6a3a><u><link=\"Switch_Vibration\">Преобразует амплитуду</link></u></color> в <sprite name=\"VibrationIgnition\"><color=#e30000><u><link=\"VibrationIgnition\">Тремор — Ожог</link></u></color>"
                },
                {
                  "desc": "[UnBrokenCoinOnSucceedAttack] <sprite name=\"VibrationExplosion\"><color=#e30000><u><link=\"VibrationExplosion\">Провоцирует Тремор</link></u></color> трижды и понижает его счетчик цели на 3"
                }
              ]
            }
          ]
        }
      ]
    },
    {
      "id": 114507,
      "levelList": [
        {
          "level": 1,
          "name": "Отточенный шквал ярых тигровых клинков [超絕猛虎殺擊亂斬]",
          "desc": "Выбирает целью <sprite name=\"Prey\"><color=#e30000><u><link=\"Prey\">Добычу</link></u></color>\nМожно столкнуться независимо от скорости\nНельзя оглушить до конца использования этого навыка\n[WhenUse] Тратит всю <sprite name=\"BattleSense\"><color=#d61713><u><link=\"BattleSense\">Внутреннюю силу</link></u></color>, и если было потрачено ...\n- ... 10 и более: Количество целей +1 за каждые 10 потраченной <sprite name=\"BattleSense\"><color=#d61713><u><link=\"BattleSense\">Внутренней силы</link></u></color> (До 4 дополнительных целей)\n- ... 25 и более: Итоговая сила +1 за каждые 4 единицы в сумме силы <sprite name=\"Combustion\"><color=#e30000><u><link=\"Combustion\">Изжоги</link></u></color> и <sprite name=\"Vibration\"><color=#e30000><u><link=\"Vibration\">Тремора</link></u></color> главной цели (До 6)\n- ... 50 и более: Сила монет +1 и на 50% больше урона\n[DefeatDuel] Получает 2 <sprite name=\"ResultReduction\"><color=#e30000><u><link=\"ResultReduction\">Понижения силы</link></u></color>\n[DefeatDuel] Получает 6 <sprite name=\"Paralysis\"><color=#e30000><u><link=\"Paralysis\">Параличей</link></u></color>\n[DefeatDuel] Наносит на 80% меньше урона, не может оглушить целей, а также наносит лишь половину силы и счетчика <sprite name=\"Combustion\"><color=#e30000><u><link=\"Combustion\">Изжоги</link></u></color> с <sprite name=\"Vibration\"><color=#e30000><u><link=\"Vibration\">Тремором</link></u></color> монетами этой атаки\n[EndSkill] <sprite name=\"FullReload\"><color=#9f6a3a><u><link=\"FullReload\">Перезаряжается</link></u></color>\n- Если имелись <sprite name=\"BulletPropellantSpecial\"><color=#f01313><u><link=\"BulletPropellantSpecial\">Пaтроны свирепой тигровой метки</link></u></color>, вместо этого <sprite name=\"ReloadKeepAmmo\"><color=#9f6a3a><u><link=\"ReloadKeepAmmo\">Перезаряжается тактически</link></u></color>\n[EndSkill] Заканчивает этот ход",
          "coinlist": [
            {
              "coindescs": [
                {
                  "desc": "<sprite name=\"SuperCoin\"><color=#9f6a3a><u><link=\"SuperCoin\">Вечная монета</link></u></color>"
                },
                {
                  "desc": "Тратит 1 <sprite name=\"BulletPropellant\"><color=#ff1919><u><link=\"BulletPropellant\">Тампон тигровой метки</link></u></color>"
                },
                {
                  "desc": "[OnSucceedAttack] Наносит 6 <sprite name=\"Combustion\"><color=#e30000><u><link=\"Combustion\">Изжоги</link></u></color>"
                }
              ]
            },
            {
              "coindescs": [
                {
                  "desc": "<sprite name=\"SuperCoin\"><color=#9f6a3a><u><link=\"SuperCoin\">Вечная монета</link></u></color>"
                },
                {
                  "desc": "Тратит 1 <sprite name=\"BulletPropellant\"><color=#ff1919><u><link=\"BulletPropellant\">Тампон тигровой метки</link></u></color>"
                },
                {
                  "desc": "[OnSucceedAttack] Повышает счетчик <sprite name=\"Combustion\"><color=#e30000><u><link=\"Combustion\">Изжоги</link></u></color> на 6"
                }
              ]
            },
            {
              "coindescs": [
                {
                  "desc": "<sprite name=\"SuperCoin\"><color=#9f6a3a><u><link=\"SuperCoin\">Вечная монета</link></u></color>"
                },
                {
                  "desc": "Тратит 1 <sprite name=\"BulletPropellant\"><color=#ff1919><u><link=\"BulletPropellant\">Тампон тигровой метки</link></u></color>"
                },
                {
                  "desc": "[OnSucceedAttack] Наносит 6 <sprite name=\"Vibration\"><color=#e30000><u><link=\"Vibration\">Тремора</link></u></color>"
                }
              ]
            },
            {
              "coindescs": [
                {
                  "desc": "<sprite name=\"SuperCoin\"><color=#9f6a3a><u><link=\"SuperCoin\">Вечная монета</link></u></color>"
                },
                {
                  "desc": "Тратит 1 <sprite name=\"BulletPropellant\"><color=#ff1919><u><link=\"BulletPropellant\">Тампон тигровой метки</link></u></color>"
                },
                {
                  "desc": "[OnSucceedAttack] Повышает счетчик <sprite name=\"Vibration\"><color=#e30000><u><link=\"Vibration\">Тремора</link></u></color> на 6"
                }
              ]
            },
            {
              "coindescs": [
                {
                  "desc": "<sprite name=\"SuperCoin\"><color=#9f6a3a><u><link=\"SuperCoin\">Вечная монета</link></u></color>"
                },
                {
                  "desc": "Тратит 1 <sprite name=\"BulletPropellant\"><color=#ff1919><u><link=\"BulletPropellant\">Тампон тигровой метки</link></u></color>"
                },
                {
                  "desc": "[UnBrokenCoinOnSucceedAttack] <sprite name=\"Switch_Vibration\"><color=#9f6a3a><u><link=\"Switch_Vibration\">Преобразует амплитуду</link></u></color> в <sprite name=\"VibrationIgnition\"><color=#e30000><u><link=\"VibrationIgnition\">Тремор — Ожог</link></u></color>"
                }
              ]
            },
            {
              "coindescs": [
                {
                  "desc": "<sprite name=\"SuperCoin\"><color=#9f6a3a><u><link=\"SuperCoin\">Вечная монета</link></u></color>"
                },
                {
                  "desc": "Тратит 1 <sprite name=\"BulletPropellant\"><color=#ff1919><u><link=\"BulletPropellant\">Тампон тигровой метки</link></u></color>"
                },
                {
                  "desc": "[UnBrokenCoinOnSucceedAttack] <sprite name=\"VibrationExplosion\"><color=#e30000><u><link=\"VibrationExplosion\">Провоцирует Тремор</link></u></color> 5 раз и понижает его счетчик цели на 5"
                }
              ]
            }
          ]
        }
      ]
    },
    {
      "id": 114508,
      "levelList": [
        {
          "level": 1,
          "name": "Перезарядка Клинка звезды Тяньтуй",
          "desc": "[DuelCounter]\n[DefeatDuel] Теряет 1 <sprite name=\"BulletPropellant\"><color=#ff1919><u><link=\"BulletPropellant\">Тампон тигровой метки</link></u></color>\n[EndSkill] <sprite name=\"FullReload\"><color=#9f6a3a><u><link=\"FullReload\">Перезаряжается</link></u></color>\n- Если имелись <sprite name=\"BulletPropellantSpecial\"><color=#f01313><u><link=\"BulletPropellantSpecial\">Пaтроны свирепой тигровой метки</link></u></color>, вместо этого <sprite name=\"ReloadKeepAmmo\"><color=#9f6a3a><u><link=\"ReloadKeepAmmo\">Перезаряжается тактически</link></u></color>",
          "coinlist": [
            {
              "coindescs": [
                {
                  "desc": "[OnSucceedAttack] Наносит 2 <sprite name=\"Vibration\"><color=#e30000><u><link=\"Vibration\">Тремора</link></u></color>"
                }
              ]
            },
            {
              "coindescs": [
                {
                  "desc": "Тратит 1 <sprite name=\"BulletPropellant\"><color=#ff1919><u><link=\"BulletPropellant\">Тампон тигровой метки</link></u></color>"
                },
                {
                  "desc": "[OnSucceedAttack] Наносит 3 <sprite name=\"Combustion\"><color=#e30000><u><link=\"Combustion\">Изжоги</link></u></color>"
                },
                {
                  "desc": "[OnSucceedAttack] Повышает счетчик <sprite name=\"Combustion\"><color=#e30000><u><link=\"Combustion\">Изжоги</link></u></color> на 3"
                }
              ]
            }
          ]
        }
      ]
    },
    {
      "id": 117101,
      "levelList": [
        {
          "level": 1,
          "name": "Поддержка боеприпасами",
          "desc": "[EndBattle] Если выживает, дает Реактивному Сэму 6 <sprite name=\"BulletPropellantSpecial\"><color=#ff371c><u><link=\"BulletPropellantSpecial\">Тампонов свирепой тигровой метки</link></u></color> и <sprite name=\"DisengageCombat\"><color=#9f6a3a><u><link=\"DisengageCombat\">Отступает с поля боя</link></u></color>",
          "coinlist": [
            {}
          ]
        }
      ]
    },
    {
      "id": 113501,
      "levelList": [
        {
          "level": 1,
          "name": "Презрение",
          "desc": "Если на цели 3 и более <sprite name=\"GazeReplica\"><color=#e30000><u><link=\"GazeReplica\">Взора</link></u></color>, удваивает наносимые навыком негативные эффекты\n[WhenUse] Сила монет +1 против целей с 6 и более <sprite name=\"Laceration\"><color=#e30000><u><link=\"Laceration\">Кетчупа</link></u></color>",
          "coinlist": [
            {
              "coindescs": [
                {
                  "desc": "[OnSucceedAttack] Повышает счетчик <sprite name=\"Laceration\"><color=#e30000><u><link=\"Laceration\">Кетчупа</link></u></color> на 2"
                }
              ]
            },
            {
              "coindescs": [
                {
                  "desc": "[OnSucceedAttackHead] Наносит 4 <sprite name=\"Laceration\"><color=#e30000><u><link=\"Laceration\">Кетчупа</link></u></color>"
                }
              ]
            }
          ]
        }
      ]
    },
    {
      "id": 113502,
      "levelList": [
        {
          "level": 1,
          "name": "Трепет",
          "desc": "Если на цели 3 и более <sprite name=\"GazeReplica\"><color=#e30000><u><link=\"GazeReplica\">Взора</link></u></color>, удваивает наносимые навыком негативные эффекты\n[WhenUse] Сила монет +1 против целей с 6 и более <sprite name=\"Laceration\"><color=#e30000><u><link=\"Laceration\">Кетчупа</link></u></color>",
          "coinlist": [
            {
              "coindescs": [
                {
                  "desc": "<sprite name=\"SuperCoin\"><color=#9f6a3a><u><link=\"SuperCoin\">Вечная монета</link></u></color>"
                },
                {
                  "desc": "[OnSucceedAttack] Наносит 2 <sprite name=\"Laceration\"><color=#e30000><u><link=\"Laceration\">Кетчупа</link></u></color>"
                },
                {
                  "desc": "[OnSucceedAttackHead] Наносит 3 <sprite name=\"DefenseDown\"><color=#e30000><u><link=\"DefenseDown\">Понижения уровня защиты</link></u></color> на следующий ход"
                }
              ]
            },
            {
              "coindescs": [
                {
                  "desc": "<sprite name=\"SuperCoin\"><color=#9f6a3a><u><link=\"SuperCoin\">Вечная монета</link></u></color>"
                },
                {
                  "desc": "[OnSucceedAttack] Повышает счетчик <sprite name=\"Laceration\"><color=#e30000><u><link=\"Laceration\">Кетчупа</link></u></color> на 1"
                },
                {
                  "desc": "[OnSucceedAttack] Наносит 1 <sprite name=\"AttackDmgDown\"><color=#e30000><u><link=\"AttackDmgDown\">Понижение урона</link></u></color> на следующий ход"
                }
              ]
            }
          ]
        }
      ]
    },
    {
      "id": 113503,
      "levelList": [
        {
          "level": 1,
          "name": "Презрение, трепет 【Высвобождение】",
          "desc": "[CantChangeTarget]",
          "coinlist": [
            {
              "coindescs": [
                {
                  "desc": "[OnSucceedAttack] Наносит 1 <sprite name=\"Vulnerable\"><color=#e30000><u><link=\"Vulnerable\">Уязвимость</link></u></color>"
                }
              ]
            },
            {
              "coindescs": [
                {
                  "desc": "[OnSucceedAttack] Наносит 10 урона по SP"
                }
              ]
            },
            {
              "coindescs": [
                {
                  "desc": "<sprite name=\"SuperCoin\"><color=#9f6a3a><u><link=\"SuperCoin\">Вечная монета</link></u></color>"
                },
                {
                  "desc": "[OnSucceedAttack] Поднимает границу выносливости на (Значение <sprite name=\"GazeReplica\"><color=#e30000><u><link=\"GazeReplica\">Взора</link></u></color> на цели × 5)"
                },
                {
                  "desc": "[EndSkill] Весь <sprite name=\"GazeReplica\"><color=#e30000><u><link=\"GazeReplica\">Взор</link></u></color> исчезает с цели"
                }
              ]
            }
          ]
        }
      ]
    },
    {
      "id": 113504,
      "levelList": [
        {
          "level": 1,
          "name": "Презрительный ты, Хон Лу",
          "desc": "Нацеливается на Хон Лу\n[WhenUse] Наносит 4 <sprite name=\"GraspReplica\"><color=#e30000><u><link=\"GraspReplica\">Хватки</link></u></color>\n[WhenUse] Получает 2 <sprite name=\"AttackDmgUp\"><color=#f8c200><u><link=\"AttackDmgUp\">Повышения урона</link></u></color> на следующий ход",
          "coinlist": [
            {
              "coindescs": [
                {
                  "desc": "<sprite name=\"SuperCoin\"><color=#9f6a3a><u><link=\"SuperCoin\">Вечная монета</link></u></color>"
                }
              ]
            }
          ]
        }
      ]
    },
    {
      "id": 113505,
      "levelList": [
        {
          "level": 1,
          "name": "Испытайте сей трепет",
          "desc": "Выбирает целью противников с <sprite name=\"GraspReplica\"><color=#e30000><u><link=\"GraspReplica\">Хваткой</link></u></color>",
          "coinlist": [
            {
              "coindescs": [
                {
                  "desc": "[OnSucceedAttack] Повышает счетчик <sprite name=\"Laceration\"><color=#e30000><u><link=\"Laceration\">Кетчупа</link></u></color> на 2"
                }
              ]
            },
            {
              "coindescs": [
                {
                  "desc": "[OnSucceedAttack] Наносит 6 <sprite name=\"Laceration\"><color=#e30000><u><link=\"Laceration\">Кетчупа</link></u></color>"
                }
              ]
            }
          ]
        }
      ]
    },
    {
      "id": 113506,
      "levelList": [
        {
          "level": 1,
          "name": "Тебе придется столкнуться с этим",
          "desc": "[DuelCounter]\n[DefeatDuel] <sprite name=\"GazeReplica\"><color=#e30000><u><link=\"GazeReplica\">Взор</link></u></color> цели понижается на 2, а <sprite name=\"GraspReplica\"><color=#e30000><u><link=\"GraspReplica\">Хватка</link></u></color> на 1",
          "coinlist": [
            {
              "coindescs": [
                {
                  "desc": "[OnSucceedAttack] Повышает счетчик <sprite name=\"Laceration\"><color=#e30000><u><link=\"Laceration\">Кетчупа</link></u></color> на 2"
                }
              ]
            }
          ]
        }
      ]
    },
    {
      "id": 113507,
      "levelList": [
        {
          "level": 1,
          "name": "Трепет, презрение 【Высвобождение】",
          "desc": "[BeforeAttack] Количество целей повышается на количество противников с значением <sprite name=\"GazeReplica\"><color=#e30000><u><link=\"GazeReplica\">Взора</link></u></color>, равным 4 и более",
          "coinlist": [
            {
              "coindescs": [
                {
                  "desc": "<sprite name=\"SuperCoin\"><color=#9f6a3a><u><link=\"SuperCoin\">Вечная монета</link></u></color>"
                },
                {
                  "desc": "[OnSucceedAttack] Наносит 1 <sprite name=\"Binding\"><color=#e30000><u><link=\"Binding\">Понос</link></u></color> на следующий ход"
                },
                {
                  "desc": "[OnSucceedAttack] Если на цели 4 и более <sprite name=\"GazeReplica\"><color=#e30000><u><link=\"GazeReplica\">Взора</link></u></color>, наносит ей еще 1 <sprite name=\"GazeReplica\"><color=#e30000><u><link=\"GazeReplica\">Взор</link></u></color>"
                }
              ]
            }
          ]
        }
      ]
    },
    {
      "id": 113508,
      "levelList": [
        {
          "level": 1,
          "name": "Спиральное искривляющее поле",
          "desc": "<sprite name=\"CanDuelGuard\"><color=#9f6a3a><u><link=\"CanDuelGuard\">Блок столкновением</link></u></color>\n[StartBattle] Цзя Хуань и Губо получают 30 HP Щита\n[WinDuel] Цзя Хуань и Губо получают еще 30 HP Щита",
          "coinlist": [
            {
              "coindescs": [
                {
                  "desc": "<sprite name=\"SuperCoin\"><color=#9f6a3a><u><link=\"SuperCoin\">Вечная монета</link></u></color>"
                }
              ]
            }
          ]
        }
      ]
    },
    {
      "id": 113601,
      "levelList": [
        {
          "level": 1,
          "name": "Фронтовой изжога",
          "desc": "Выбирает целью ближайшего противника\n[WhenUse] Получает 1 <sprite name=\"BoseProjektilReplica\"><color=#9f6a3a><u><link=\"BoseProjektilReplica\">Разорванное воспоминание</link></u></color>\n[WhenUse] Сила монет +1 против целей с 6 и более <sprite name=\"Laceration\"><color=#e30000><u><link=\"Laceration\">Кетчупа</link></u></color>\n[WhenUse] Повышает свой счетчик <sprite name=\"Breath\"><color=#f8c200><u><link=\"Breath\">Дыхания</link></u></color> на 1",
          "coinlist": [
            {
              "coindescs": [
                {
                  "desc": "На 50% больше урона при критическом попадании"
                },
                {
                  "desc": "[OnSucceedAttack] Повышает счетчик <sprite name=\"Laceration\"><color=#e30000><u><link=\"Laceration\">Кетчупа</link></u></color> на 2"
                }
              ]
            }
          ]
        }
      ]
    },
    {
      "id": 113602,
      "levelList": [
        {
          "level": 1,
          "name": "Изжога с тыла",
          "desc": "Выбирает целью самого дальнего противника\n[WhenUse] Получает 1 <sprite name=\"BoseProjektilReplica\"><color=#9f6a3a><u><link=\"BoseProjektilReplica\">Разорванное воспоминание</link></u></color>\n[WhenUse] Сила монет +1 против целей с 6 и более <sprite name=\"Laceration\"><color=#e30000><u><link=\"Laceration\">Кетчупа</link></u></color>\n[WhenUse] Повышает свой счетчик <sprite name=\"Breath\"><color=#f8c200><u><link=\"Breath\">Дыхания</link></u></color> на 2",
          "coinlist": [
            {
              "coindescs": [
                {
                  "desc": "На 70% больше урона при критическом попадании"
                },
                {
                  "desc": "[OnSucceedAttack] Повышает счетчик <sprite name=\"Laceration\"><color=#e30000><u><link=\"Laceration\">Кетчупа</link></u></color> на 2"
                }
              ]
            }
          ]
        }
      ]
    },
    {
      "id": 113603,
      "levelList": [
        {
          "level": 1,
          "name": "Пуля разорванного прошлого",
          "desc": "Выбирает целью ближайшего противника\n[WhenUse] Получает 3 <sprite name=\"Breath\"><color=#f8c200><u><link=\"Breath\">Дыхания</link></u></color> и повышает его счетчик на 2",
          "coinlist": [
            {
              "coindescs": [
                {
                  "desc": "Эта монета наносит урон только основной цели"
                },
                {
                  "desc": "[EnemyKill] Следующая монета наносит на 100% больше урона"
                }
              ]
            },
            {
              "coindescs": [
                {
                  "desc": "Эта монета наносит урон только дополнительным целям"
                },
                {
                  "desc": "На 100% больше урона при критическом попадании"
                },
                {
                  "desc": "[OnSucceedAttack] Наносит 4 <sprite name=\"Laceration\"><color=#e30000><u><link=\"Laceration\">Кетчупа</link></u></color> и повышает его счетчик на 2"
                }
              ]
            }
          ]
        }
      ]
    },
    {
      "id": 113604,
      "levelList": [
        {
          "level": 1,
          "name": "Пуля, окрашенная кровью товарища",
          "desc": "[CantChangeTarget]\nВыбирает целью Ассистентов из Корп. N\n- Если эта цель оказалась мертва к моменту атаки, отменяет навык\n[WhenUse] Получает 5 <sprite name=\"Breath\"><color=#f8c200><u><link=\"Breath\">Дыхания</link></u></color>\n[EndBattle] Восстанавливает 20 SP",
          "coinlist": [
            {
              "coindescs": [
                {
                  "desc": "Эта монета наносит урон только основной цели"
                },
                {
                  "desc": "[OnSucceedAttack] Следующая монета наносит дополнительный урон Гордыней в размере оставшихся HP цели перед попаданием этой монетой"
                },
                {
                  "desc": "[OnSucceedAttack] Убивает цель"
                }
              ]
            },
            {
              "coindescs": [
                {
                  "desc": "Эта монета наносит урон только дополнительным целям"
                },
                {
                  "desc": "На 100% больше урона при критическом попадании"
                },
                {
                  "desc": "[OnSucceedAttack] Наносит 4 <sprite name=\"Laceration\"><color=#e30000><u><link=\"Laceration\">Кетчупа</link></u></color> и повышает его счетчик на 2"
                },
                {
                  "desc": "[OnSucceedAttack] Наносит 4 <sprite name=\"Sinking\"><color=#e30000><u><link=\"Sinking\">Утопания</link></u></color> и повышает его счетчик на 2"
                }
              ]
            }
          ]
        }
      ]
    },
    {
      "id": 113605,
      "levelList": [
        {
          "level": 1,
          "name": "Пуля, разбивающая вдребезги все воспоминания",
          "desc": "Атакует <sprite name=\"WideAreaRampage\"><color=#9f6a3a><u><link=\"WideAreaRampage\">Нефокусированным залпом</link></u></color>\nНаносит на 10% больше урона за каждое <sprite name=\"BoseProjektilReplica\"><color=#9f6a3a><u><link=\"BoseProjektilReplica\">Разорванное воспоминение</link></u></color> (До 70%)\n[WhenUse] Теряет 10 SP\n[EndSkill] Теряет все <sprite name=\"BoseProjektilReplica\"><color=#9f6a3a><u><link=\"BoseProjektilReplica\">Разорванные воспоминания</link></u></color>",
          "coinlist": [
            {
              "coindescs": [
                {
                  "desc": "<sprite name=\"SuperCoin\"><color=#9f6a3a><u><link=\"SuperCoin\">Вечная монета</link></u></color>"
                },
                {
                  "desc": "[OnSucceedAttack] Наносит 3 <sprite name=\"Laceration\"><color=#e30000><u><link=\"Laceration\">Кетчупа</link></u></color>"
                },
                {
                  "desc": "[OnSucceedAttack] Наносит 3 <sprite name=\"Sinking\"><color=#e30000><u><link=\"Sinking\">Утопания</link></u></color>"
                },
                {
                  "desc": "[OnSucceedAttack] Теряет 5 SP"
                }
              ]
            },
            {
              "coindescs": [
                {
                  "desc": "<sprite name=\"SuperCoin\"><color=#9f6a3a><u><link=\"SuperCoin\">Вечная монета</link></u></color>"
                },
                {
                  "desc": "[OnSucceedAttack] Наносит 3 <sprite name=\"Laceration\"><color=#e30000><u><link=\"Laceration\">Кетчупа</link></u></color>"
                },
                {
                  "desc": "[OnSucceedAttack] Наносит 3 <sprite name=\"Sinking\"><color=#e30000><u><link=\"Sinking\">Утопания</link></u></color>"
                },
                {
                  "desc": "[OnSucceedAttack] Теряет 5 SP"
                }
              ]
            },
            {
              "coindescs": [
                {
                  "desc": "<sprite name=\"SuperCoin\"><color=#9f6a3a><u><link=\"SuperCoin\">Вечная монета</link></u></color>"
                },
                {
                  "desc": "[OnSucceedAttack] Наносит 3 <sprite name=\"Laceration\"><color=#e30000><u><link=\"Laceration\">Кетчупа</link></u></color>"
                },
                {
                  "desc": "[OnSucceedAttack] Наносит 3 <sprite name=\"Sinking\"><color=#e30000><u><link=\"Sinking\">Утопания</link></u></color>"
                },
                {
                  "desc": "[OnSucceedAttack] Теряет 5 SP"
                }
              ]
            },
            {
              "coindescs": [
                {
                  "desc": "<sprite name=\"SuperCoin\"><color=#9f6a3a><u><link=\"SuperCoin\">Вечная монета</link></u></color>"
                },
                {
                  "desc": "[OnSucceedAttack] Наносит 3 <sprite name=\"Laceration\"><color=#e30000><u><link=\"Laceration\">Кетчупа</link></u></color>"
                },
                {
                  "desc": "[OnSucceedAttack] Наносит 3 <sprite name=\"Sinking\"><color=#e30000><u><link=\"Sinking\">Утопания</link></u></color>"
                },
                {
                  "desc": "[OnSucceedAttack] Теряет 5 SP"
                }
              ]
            }
          ]
        }
      ]
    },
    {
      "id": 113606,
      "levelList": [
        {
          "level": 1,
          "name": "Ближний бой",
          "desc": "[DuelCounter]",
          "coinlist": [
            {
              "coindescs": [
                {
                  "desc": "[OnSucceedAttack] Повышает свой счетчик <sprite name=\"Breath\"><color=#f8c200><u><link=\"Breath\">Дыхания</link></u></color> на 2"
                }
              ]
            },
            {
              "coindescs": [
                {
                  "desc": "[OnSucceedAttack] Получает 2 <sprite name=\"Breath\"><color=#f8c200><u><link=\"Breath\">Дыхания</link></u></color>"
                }
              ]
            }
          ]
        }
      ]
    },
    {
      "id": 114601,
      "levelList": [
        {
          "level": 1,
          "name": "Завершенный болюс Хуэйсянь - Вэй [未]",
          "desc": "[WhenUse] Сила в столкновении +1 против целей с 5 и более единицами в сумме силы <sprite name=\"Laceration\"><color=#e30000><u><link=\"Laceration\">Кетчупа</link></u></color> и <sprite name=\"Burst\"><color=#e30000><u><link=\"Burst\">Зеленки</link></u></color>\n[WhenUse] Если сумма силы <sprite name=\"Laceration\"><color=#e30000><u><link=\"Laceration\">Кетчупа</link></u></color> и <sprite name=\"Burst\"><color=#e30000><u><link=\"Burst\">Зеленки</link></u></color> цели равна 7 и более, получает 5 <sprite name=\"Breath\"><color=#f8c200><u><link=\"Breath\">Дыхания</link></u></color> и повышает его счетчик на 2",
          "coinlist": [
            {
              "coindescs": [
                {
                  "desc": "[OnSucceedAttack] Наносит 3 <sprite name=\"Burst\"><color=#e30000><u><link=\"Burst\">Зеленки</link></u></color>"
                }
              ]
            },
            {
              "coindescs": [
                {
                  "desc": "[OnSucceedAttack] Наносит 3 <sprite name=\"Burst\"><color=#e30000><u><link=\"Burst\">Зеленки</link></u></color>"
                }
              ]
            }
          ]
        }
      ]
    },
    {
      "id": 114602,
      "levelList": [
        {
          "level": 1,
          "name": "Завершенный болюс Хуэйсянь - Ин [寅]",
          "desc": "[WhenUse] Сила монет +1 за каждые 5 единиц в сумме силы <sprite name=\"Laceration\"><color=#e30000><u><link=\"Laceration\">Кетчупа</link></u></color> и <sprite name=\"Burst\"><color=#e30000><u><link=\"Burst\">Зеленки</link></u></color> цели (До 3)",
          "coinlist": [
            {
              "coindescs": [
                {
                  "desc": "[OnSucceedAttack] Наносит 2 <sprite name=\"DefenseDown\"><color=#e30000><u><link=\"DefenseDown\">Понижения уровня защиты</link></u></color> на следующий ход"
                },
                {
                  "desc": "[OnSucceedAttack] Получает 5 <sprite name=\"Breath\"><color=#f8c200><u><link=\"Breath\">Дыхания</link></u></color>"
                },
                {
                  "desc": "[OnSucceedAttack] Наносит 5 <sprite name=\"Laceration\"><color=#e30000><u><link=\"Laceration\">Кетчупа</link></u></color>"
                }
              ]
            }
          ]
        }
      ]
    },
    {
      "id": 114603,
      "levelList": [
        {
          "level": 1,
          "name": "Завершенный болюс Хуэйсянь - Сы [巳]",
          "desc": "[WhenUse] Количество целей +1, если сумма силы <sprite name=\"Laceration\"><color=#e30000><u><link=\"Laceration\">Кетчупа</link></u></color> и <sprite name=\"Burst\"><color=#e30000><u><link=\"Burst\">Зеленки</link></u></color> на цели равна 10 и более",
          "coinlist": [
            {
              "coindescs": [
                {
                  "desc": "[OnSucceedAttack] Наносит 3 <sprite name=\"Poison\"><color=#e30000><u><link=\"Poison\">Яда</link></u></color>"
                }
              ]
            },
            {
              "coindescs": [
                {
                  "desc": "<sprite name=\"SuperCoin\"><color=#9f6a3a><u><link=\"SuperCoin\">Вечная монета</link></u></color>"
                },
                {
                  "desc": "[UnBrokenCoinOnSucceedAttack] Наносит 3 <sprite name=\"Poison\"><color=#e30000><u><link=\"Poison\">Яда</link></u></color>"
                }
              ]
            }
          ]
        }
      ]
    },
    {
      "id": 114604,
      "levelList": [
        {
          "level": 1,
          "name": "Завершенный болюс Хуэйсянь - Юй [酉]",
          "desc": "[WhenUse] Сила монет +1 против целей с 10 и более единицами в сумме силы <sprite name=\"Laceration\"><color=#e30000><u><link=\"Laceration\">Кетчупа</link></u></color> и <sprite name=\"Burst\"><color=#e30000><u><link=\"Burst\">Зеленки</link></u></color>\nНаносит 1 <sprite name=\"Laceration\"><color=#e30000><u><link=\"Laceration\">Кетчуп</link></u></color> и [DefenseDown] с каждым критическим попаданием этой атаки",
          "coinlist": [
            {
              "coindescs": [
                {
                  "desc": "<sprite name=\"SuperCoin\"><color=#9f6a3a><u><link=\"SuperCoin\">Вечная монета</link></u></color>"
                },
                {
                  "desc": "[UnBrokenCoinOnSucceedAttack] Повышает счетчик <sprite name=\"Burst\"><color=#e30000><u><link=\"Burst\">Зеленки</link></u></color> на 2"
                },
                {
                  "desc": "[OnSucceedAttack] Восстанавливает 2 SP"
                }
              ]
            },
            {
              "coindescs": [
                {
                  "desc": "<sprite name=\"SuperCoin\"><color=#9f6a3a><u><link=\"SuperCoin\">Вечная монета</link></u></color>"
                },
                {
                  "desc": "[UnBrokenCoinOnSucceedAttack] Наносит 2 <sprite name=\"Burst\"><color=#e30000><u><link=\"Burst\">Зеленки</link></u></color>"
                },
                {
                  "desc": "[OnSucceedAttack] Восстанавливает 2 SP"
                }
              ]
            },
            {
              "coindescs": [
                {
                  "desc": "<sprite name=\"SuperCoin\"><color=#9f6a3a><u><link=\"SuperCoin\">Вечная монета</link></u></color>"
                },
                {
                  "desc": "[UnBrokenCoinOnSucceedAttack] Наносит 2 <sprite name=\"Burst\"><color=#e30000><u><link=\"Burst\">Зеленки</link></u></color>"
                },
                {
                  "desc": "[OnSucceedAttack] Восстанавливает 2 SP"
                }
              ]
            }
          ]
        }
      ]
    },
    {
      "id": 114605,
      "levelList": [
        {
          "level": 1,
          "name": "Завершенный болюс Хуэйсянь - Хунь [混]",
          "desc": "[WhenUse] Сила монет +1 за каждый тип негативных эффектов на главной цели (До 2)\n[DefeatDuel] Наносит на 50% меньше урона и не может оглушить целей\n[EndSkill] Получает 2 <sprite name=\"Binding\"><color=#e30000><u><link=\"Binding\">Поноса</link></u></color> и 6 <sprite name=\"DefenseDown\"><color=#e30000><u><link=\"DefenseDown\">Понижений уровня защиты</link></u></color> на следующий ход",
          "coinlist": [
            {
              "coindescs": [
                {
                  "desc": "<sprite name=\"SuperCoin\"><color=#9f6a3a><u><link=\"SuperCoin\">Вечная монета</link></u></color>"
                },
                {
                  "desc": "[OnSucceedAttack] Получает 5 <sprite name=\"Breath\"><color=#f8c200><u><link=\"Breath\">Дыхания</link></u></color>"
                },
                {
                  "desc": "[UnBrokenCoinOnSucceedAttack] Наносит 3 <sprite name=\"Laceration\"><color=#e30000><u><link=\"Laceration\">Кетчупа</link></u></color>"
                }
              ]
            },
            {
              "coindescs": [
                {
                  "desc": "<sprite name=\"SuperCoin\"><color=#9f6a3a><u><link=\"SuperCoin\">Вечная монета</link></u></color>"
                },
                {
                  "desc": "[UnBrokenCoinOnSucceedAttack] Наносит 3 <sprite name=\"Poison\"><color=#e30000><u><link=\"Poison\">Яда</link></u></color>"
                }
              ]
            },
            {
              "coindescs": [
                {
                  "desc": "<sprite name=\"SuperCoin\"><color=#9f6a3a><u><link=\"SuperCoin\">Вечная монета</link></u></color>"
                },
                {
                  "desc": "[UnBrokenCoinOnSucceedAttack] Повышает счетчик <sprite name=\"Burst\"><color=#e30000><u><link=\"Burst\">Зеленки</link></u></color> на 3"
                }
              ]
            }
          ]
        }
      ]
    },
    {
      "id": 114606,
      "levelList": [
        {
          "level": 1,
          "name": "Завершенный болюс Хуэйсянь - Юй [酉] - Защиты",
          "desc": "<sprite name=\"CanDuelGuard\"><color=#9f6a3a><u><link=\"CanDuelGuard\">Блок столкновением</link></u></color>\n[WhenUse] Сила монет +2 против целей с 5 и более единицами в сумме силы <sprite name=\"Laceration\"><color=#e30000><u><link=\"Laceration\">Кетчупа</link></u></color> и <sprite name=\"Burst\"><color=#e30000><u><link=\"Burst\">Зеленки</link></u></color>\n[WhenUse] Восстанавливает 8 SP\n[WhenUse] Получает 3 <sprite name=\"Breath\"><color=#f8c200><u><link=\"Breath\">Дыхания</link></u></color> и повышает его счетчик на 2",
          "coinlist": [
            {
              "coindescs": [
                {
                  "desc": "<sprite name=\"SuperCoin\"><color=#9f6a3a><u><link=\"SuperCoin\">Вечная монета</link></u></color>"
                }
              ]
            }
          ]
        }
      ]
    },
    {
      "id": 115201,
      "levelList": [
        {
          "level": 1,
          "name": "Колыбель драгоценного нефрита [寶玉搖籃]",
          "desc": "[CantChangeTarget]\nНацеливается на Хон Лу и не наносит ему урона\n[EndSkill] Заточает Хон Лу в <sprite name=\"ExpensiveJade\"><color=#e30000><u><link=\"ExpensiveJade\">Колыбель драгоценного нефрита</link></u></color> и заканчивает этот ход",
          "coinlist": [
            {
              "coindescs": [
                {
                  "desc": "<sprite name=\"SuperCoin\"><color=#9f6a3a><u><link=\"SuperCoin\">Вечная монета</link></u></color>"
                }
              ]
            }
          ]
        }
      ]
    },
    {
      "id": 115202,
      "levelList": [
        {
          "level": 1,
          "name": "Сверхъестественность, Сила, Хаос и Духи - Инь Сы Юй [寅巳酉]",
          "desc": "[WhenUse] Сила монет +1 за каждые 5 единиц в сумме силы <sprite name=\"Laceration\"><color=#e30000><u><link=\"Laceration\">Кетчупа</link></u></color> и <sprite name=\"Burst\"><color=#e30000><u><link=\"Burst\">Зеленки</link></u></color> цели (До 2)",
          "coinlist": [
            {
              "coindescs": [
                {
                  "desc": "[OnSucceedAttack] Наносит 2 <sprite name=\"Laceration\"><color=#e30000><u><link=\"Laceration\">Кетчупа</link></u></color> и 2 <sprite name=\"Burst\"><color=#e30000><u><link=\"Burst\">Зеленки</link></u></color>"
                }
              ]
            },
            {
              "coindescs": [
                {
                  "desc": "[OnSucceedAttack] Наносит 2 <sprite name=\"Laceration\"><color=#e30000><u><link=\"Laceration\">Кетчупа</link></u></color> и 2 <sprite name=\"Burst\"><color=#e30000><u><link=\"Burst\">Зеленки</link></u></color>"
                }
              ]
            }
          ]
        }
      ]
    },
    {
      "id": 115203,
      "levelList": [
        {
          "level": 1,
          "name": "Вы не можете постичь сил этого глаза, его особой природы!",
          "desc": "Нацеливается на Хон Лу\n[WhenUse] Если на поле боя есть Колыбель драгоценного нефрита[TabExplain], все монеты становятся <sprite name=\"SuperCoin\"><color=#9f6a3a><u><link=\"SuperCoin\">Вечными</link></u></color>\n[WhenUse] Сила монет +1 за каждые 5 единиц в сумме силы <sprite name=\"Laceration\"><color=#e30000><u><link=\"Laceration\">Кетчупа</link></u></color> и <sprite name=\"Burst\"><color=#e30000><u><link=\"Burst\">Зеленки</link></u></color> цели (До 2)",
          "coinlist": [
            {
              "coindescs": [
                {
                  "desc": "[OnSucceedAttack] Повышает счетчик <sprite name=\"Laceration\"><color=#e30000><u><link=\"Laceration\">Кетчупа</link></u></color> и <sprite name=\"Burst\"><color=#e30000><u><link=\"Burst\">Зеленки</link></u></color> на 3"
                }
              ]
            },
            {
              "coindescs": [
                {
                  "desc": "[OnSucceedAttack] Наносит 1 <sprite name=\"Laceration\"><color=#e30000><u><link=\"Laceration\">Кетчуп</link></u></color> и 1 <sprite name=\"Burst\"><color=#e30000><u><link=\"Burst\">Зеленка</link></u></color>"
                }
              ]
            },
            {
              "coindescs": [
                {
                  "desc": "[OnSucceedAttack] Наносит 1 <sprite name=\"Laceration\"><color=#e30000><u><link=\"Laceration\">Кетчуп</link></u></color> и 1 <sprite name=\"Burst\"><color=#e30000><u><link=\"Burst\">Зеленка</link></u></color>"
                }
              ]
            }
          ]
        }
      ]
    },
    {
      "id": 115204,
      "levelList": [
        {
          "level": 1,
          "name": "Смотрите же на меня, Сяньжэнь...!",
          "desc": "Нацеливается на Хон Лу\n[WinDuel] Получает 5 <sprite name=\"Breath\"><color=#f8c200><u><link=\"Breath\">Дыхания</link></u></color> и повышает его счетчик на 2\n[DefeatDuel] Получает 2 <sprite name=\"AttackUp\"><color=#f8c200><u><link=\"AttackUp\">Повышения уровня атаки</link></u></color> и 2 <sprite name=\"DefenseDown\"><color=#e30000><u><link=\"DefenseDown\">Понижения уровня защиты</link></u></color> на следующий ход",
          "coinlist": [
            {
              "coindescs": [
                {
                  "desc": "[OnSucceedAttack] Наносит 2 <sprite name=\"Binding\"><color=#e30000><u><link=\"Binding\">Поноса</link></u></color> и 2 <sprite name=\"Vulnerable\"><color=#e30000><u><link=\"Vulnerable\">Уязвимости</link></u></color> на следующий ход"
                },
                {
                  "desc": "[OnSucceedAttack] Повышает счетчик <sprite name=\"Laceration\"><color=#e30000><u><link=\"Laceration\">Кетчупа</link></u></color> и <sprite name=\"Burst\"><color=#e30000><u><link=\"Burst\">Зеленки</link></u></color> на 2"
                }
              ]
            }
          ]
        }
      ]
    },
    {
      "id": 115205,
      "levelList": [
        {
          "level": 1,
          "name": "Ты не можешь познать судьбу иерарха без заботы Сяньжэнь!",
          "desc": "[WhenUse] Восстанавливает 25 SP\n[DefeatDuel] Наносит на 50% меньше урона и не может оглушить целей",
          "coinlist": [
            {
              "coindescs": [
                {
                  "desc": "<sprite name=\"SuperCoin\"><color=#9f6a3a><u><link=\"SuperCoin\">Вечная монета</link></u></color>"
                },
                {
                  "desc": "[UnBrokenCoinOnSucceedAttack] Наносит на 2.5% больше урона за каждую единицу в сумме силы <sprite name=\"Laceration\"><color=#e30000><u><link=\"Laceration\">Кетчупа</link></u></color> и <sprite name=\"Burst\"><color=#e30000><u><link=\"Burst\">Зеленки</link></u></color> цели (До 50%)"
                },
                {
                  "desc": "[OnSucceedAttack] Наносит 3 <sprite name=\"Poison\"><color=#e30000><u><link=\"Poison\">Яда</link></u></color>"
                }
              ]
            },
            {
              "coindescs": [
                {
                  "desc": "<sprite name=\"SuperCoin\"><color=#9f6a3a><u><link=\"SuperCoin\">Вечная монета</link></u></color>"
                },
                {
                  "desc": "[UnBrokenCoinOnSucceedAttack] Наносит на 2.5% больше урона за каждую единицу в сумме силы <sprite name=\"Laceration\"><color=#e30000><u><link=\"Laceration\">Кетчупа</link></u></color> и <sprite name=\"Burst\"><color=#e30000><u><link=\"Burst\">Зеленки</link></u></color> цели (До 50%)"
                },
                {
                  "desc": "[OnSucceedAttack] Наносит 3 <sprite name=\"Laceration\"><color=#e30000><u><link=\"Laceration\">Кетчупа</link></u></color> и повышает его счетчик на 2"
                }
              ]
            },
            {
              "coindescs": [
                {
                  "desc": "<sprite name=\"SuperCoin\"><color=#9f6a3a><u><link=\"SuperCoin\">Вечная монета</link></u></color>"
                },
                {
                  "desc": "[UnBrokenCoinOnSucceedAttack] Наносит на 2.5% больше урона за каждую единицу в сумме силы <sprite name=\"Laceration\"><color=#e30000><u><link=\"Laceration\">Кетчупа</link></u></color> и <sprite name=\"Burst\"><color=#e30000><u><link=\"Burst\">Зеленки</link></u></color> цели (До 50%)"
                },
                {
                  "desc": "[OnSucceedAttack] Наносит 3 <sprite name=\"Burst\"><color=#e30000><u><link=\"Burst\">Зеленки</link></u></color> и повышает его счетчик на 2"
                }
              ]
            }
          ]
        }
      ]
    },
    {
      "id": 115206,
      "levelList": [
        {
          "level": 1,
          "name": "Ничего, кроме бессмысленной борьбы...!",
          "desc": "<sprite name=\"CanDuelGuard\"><color=#9f6a3a><u><link=\"CanDuelGuard\">Блок столкновением</link></u></color>\n[WinDuel] Цзя Му восстанавливает 15 SP (Если ее SP на 0, она восстанавливает 30 SP вместо этого)",
          "coinlist": [
            {
              "coindescs": [
                {
                  "desc": "<sprite name=\"SuperCoin\"><color=#9f6a3a><u><link=\"SuperCoin\">Вечная монета</link></u></color>"
                }
              ]
            }
          ]
        }
      ]
    },
    {
      "id": 115207,
      "levelList": [
        {
          "level": 1,
          "name": "Вы не можете повернуть ход событий",
          "desc": "[WhenUse] Впадает в <sprite name=\"OutpouringAnger\"><color=#f8c200><u><link=\"OutpouringAnger\">Буйство</link></u></color>\n[WhenUse] Восстанавливает 8 SP\n[WhenUse] Если у главной цели менее 50% HP, или же ее сумма силы <sprite name=\"Laceration\"><color=#e30000><u><link=\"Laceration\">Кетчупа</link></u></color> и <sprite name=\"Burst\"><color=#e30000><u><link=\"Burst\">Зеленки</link></u></color> равна 10 и более, все монеты становятся <sprite name=\"SuperCoin\"><color=#9f6a3a><u><link=\"SuperCoin\">Вечными</link></u></color>\n[DefeatDuel] Получает 1 <sprite name=\"Vulnerable\"><color=#e30000><u><link=\"Vulnerable\">Уязвимость</link></u></color>\n- Если столкновение было с Хон Лу, получает еще 1 <sprite name=\"Vulnerable\"><color=#e30000><u><link=\"Vulnerable\">Уязвимость</link></u></color>",
          "coinlist": [
            {
              "coindescs": [
                {
                  "desc": "[OnSucceedAttack] Наносит 4 <sprite name=\"Laceration\"><color=#e30000><u><link=\"Laceration\">Кетчупа</link></u></color> и 4 <sprite name=\"Burst\"><color=#e30000><u><link=\"Burst\">Зеленки</link></u></color>"
                },
                {
                  "desc": "[OnSucceedAttack] Повышает счетчик <sprite name=\"Burst\"><color=#e30000><u><link=\"Burst\">Зеленки</link></u></color> на 2"
                },
                {
                  "desc": "[OnSucceedAttack] Наносит 10 урона по SP и поднимает границу выносливости на 50% от нанесенного урона"
                },
                {
                  "desc": "[OnSucceedAttack] Наносит 2 <sprite name=\"Binding\"><color=#e30000><u><link=\"Binding\">Поноса</link></u></color> на следующий ход"
                },
                {
                  "desc": "[OnSucceedAttack] Восстанавливает 8 SP"
                }
              ]
            }
          ]
        }
      ]
    },
    {
      "id": 115208,
      "levelList": [
        {
          "level": 1,
          "name": "Глава без благословения Сяньжэнь лишь ничто. Она умрет смертью насекомого!!!",
          "desc": "[WhenUse] При менее чем 50% HP Ядра: все монеты становятся <sprite name=\"SuperCoin\"><color=#9f6a3a><u><link=\"SuperCoin\">Вечными</link></u></color>\n[WhenUse] При 30% HP Ядра и менее: Сила монет +3 и на 30% больше урона\n[DefeatDuel] Наносит на 50% меньше урона и не может оглушить целей",
          "coinlist": [
            {
              "coindescs": [
                {
                  "desc": "[UnBrokenCoinOnSucceedAttack] Наносит 1 <sprite name=\"PileObedient\"><color=#e30000><u><link=\"PileObedient\">Накопленное послушание</link></u></color>"
                },
                {
                  "desc": "[OnSucceedAttack] Повышает счетчик <sprite name=\"Laceration\"><color=#e30000><u><link=\"Laceration\">Кетчупа</link></u></color> на 3"
                },
                {
                  "desc": "[OnSucceedAttack] Повышает счетчик <sprite name=\"Burst\"><color=#e30000><u><link=\"Burst\">Зеленки</link></u></color> на 3"
                },
                {
                  "desc": "[OnSucceedAttack] Восстанавливает 5 SP"
                }
              ]
            },
            {
              "coindescs": [
                {
                  "desc": "[UnBrokenCoinOnSucceedAttack] Наносит 2 <sprite name=\"PileObedient\"><color=#e30000><u><link=\"PileObedient\">Накопленного послушания</link></u></color>"
                },
                {
                  "desc": "[OnSucceedAttack] Наносит 3 <sprite name=\"Laceration\"><color=#e30000><u><link=\"Laceration\">Кетчупа</link></u></color>"
                },
                {
                  "desc": "[OnSucceedAttack] Наносит 3 <sprite name=\"Burst\"><color=#e30000><u><link=\"Burst\">Зеленки</link></u></color>"
                },
                {
                  "desc": "[OnSucceedAttack] Восстанавливает 5 SP"
                }
              ]
            }
          ]
        }
      ]
    },
    {
      "id": 115209,
      "levelList": [
        {
          "level": 1,
          "name": "Большая честь быть в присутствии столь великих людей",
          "desc": "Можно столкнуться независимо от скорости\nНе может быть оглушена до окончания использования этой атаки\n[WhenUse] Тело получает 2 <sprite name=\"Enhancement\"><color=#f8c200><u><link=\"Enhancement\">Повышения силы атаки</link></u></color>, 2 <sprite name=\"Endurance\"><color=#f8c200><u><link=\"Endurance\">Повышения силы защиты</link></u></color>, и 2 <sprite name=\"AttackDmgUp\"><color=#f8c200><u><link=\"AttackDmgUp\">Повышения урона</link></u></color> на следующий ход\n[WhenUse] Восстанавливает SP до 30\n[DefeatDuel] Наносит на 50% меньше урона и не может оглушить целей",
          "coinlist": [
            {
              "coindescs": [
                {
                  "desc": "<sprite name=\"SuperCoin\"><color=#9f6a3a><u><link=\"SuperCoin\">Вечная монета</link></u></color>"
                },
                {
                  "desc": "[UnBrokenCoinOnSucceedAttack] Наносит 10 <sprite name=\"Sinking\"><color=#e30000><u><link=\"Sinking\">Утопания</link></u></color>"
                }
              ]
            }
          ]
        }
      ]
    },
    {
      "id": 115210,
      "levelList": [
        {
          "level": 1,
          "name": "Будьте с этой маленькой девочкой, о Сяньжэнь",
          "desc": "[StartBattle] Тело и Ядро получают HP Щита на 10% от их максимальных HP\n[WhenUse] Тело получает 1 <sprite name=\"Enhancement\"><color=#f8c200><u><link=\"Enhancement\">Повышение силы атаки</link></u></color>, 1 <sprite name=\"Endurance\"><color=#f8c200><u><link=\"Endurance\">Повышение силы защиты</link></u></color>, и 2 <sprite name=\"AttackDmgUp\"><color=#f8c200><u><link=\"AttackDmgUp\">Повышения урона</link></u></color> на следующий ход\n[WhenUse] Восстанавливает 15 SP",
          "coinlist": [
            {
              "coindescs": [
                {
                  "desc": "<sprite name=\"SuperCoin\"><color=#9f6a3a><u><link=\"SuperCoin\">Вечная монета</link></u></color>"
                },
                {
                  "desc": "[OnSucceedAttack] Наносит 3 <sprite name=\"Sinking\"><color=#e30000><u><link=\"Sinking\">Утопания</link></u></color> и повышает его счетчик на 2"
                }
              ]
            }
          ]
        }
      ]
    },
    {
      "id": 115211,
      "levelList": [
        {
          "level": 1,
          "name": "О, Сяньжэнь...!",
          "desc": "Можно столкнуться независимо от скорости\nНе может быть оглушена до окончания использования этой атаки\n[DefeatDuel] Наносит на 50% меньше урона и не может оглушить целей\n[EndSkill] Заканчивает этот ход, а в следующем появляются 5 Старейшин",
          "coinlist": [
            {
              "coindescs": [
                {
                  "desc": "<sprite name=\"SuperCoin\"><color=#9f6a3a><u><link=\"SuperCoin\">Вечная монета</link></u></color>"
                }
              ]
            }
          ]
        }
      ]
    },
    {
      "id": 115212,
      "levelList": [
        {
          "level": 1,
          "name": "Пожалуйста, Ши Миин, дай мне свою силу!",
          "desc": "Сила монет +1, если у цели 50% HP и более",
          "coinlist": [
            {
              "coindescs": [
                {
                  "desc": "[OnSucceedAttack] Среди целей без <sprite name=\"ImperfectEternalLife\"><color=#e30000><u><link=\"ImperfectEternalLife\">Несовершенного бессмертия</link></u></color> восстанавливает 15% HP одной из них с наименьшими HP"
                },
                {
                  "desc": "[OnSucceedAttack] Наносит 3 <sprite name=\"Burst\"><color=#e30000><u><link=\"Burst\">Зеленки</link></u></color>"
                }
              ]
            },
            {
              "coindescs": [
                {
                  "desc": "[OnSucceedAttack] Среди целей без <sprite name=\"ImperfectEternalLife\"><color=#e30000><u><link=\"ImperfectEternalLife\">Несовершенного бессмертия</link></u></color> восстанавливает 15% HP одной из них с наименьшими HP"
                },
                {
                  "desc": "[OnSucceedAttack] Наносит 3 <sprite name=\"Laceration\"><color=#e30000><u><link=\"Laceration\">Кетчупа</link></u></color>"
                }
              ]
            }
          ]
        }
      ]
    },
    {
      "id": 115213,
      "levelList": [
        {
          "level": 1,
          "name": "Подношение высшей эссенции бессмертия [極仙榨滴供養]",
          "desc": "[CantIdentify]\nНе наносит урона Старейшнам\nМожно столкнуться независимо от скорости\nНельзя оглушить до окончания использования этой атаки\n[WhenUse] Сила монет +2 и на 20% больше урона за каждого Старейшину с эффектом <sprite name=\"SupremeEternalLife\"><color=#f8c200><u><link=\"SupremeEternalLife\">Возвышенного бессмертия</link></u></color>\n[WhenUse] Если не осталось Старейшин с эффектом <sprite name=\"SupremeEternalLife\"><color=#f8c200><u><link=\"SupremeEternalLife\">Возвышенного бессмертия</link></u></color>, все цели получают 200 HP Щита\n[EndSkill] Заканчивает этот ход",
          "coinlist": [
            {
              "coindescs": [
                {
                  "desc": "<sprite name=\"SuperCoin\"><color=#9f6a3a><u><link=\"SuperCoin\">Вечная монета</link></u></color>"
                },
                {
                  "desc": "[OnSucceedAttack] Если целью стал Старейшина, перенимает его <sprite name=\"ImperfectEternalLife\"><color=#e30000><u><link=\"ImperfectEternalLife\">Несовершенное бессмертие</link></u></color> и оставшиеся HP на все свои части в следующем ходе, а сам Старейшина исчезает"
                },
                {
                  "desc": "[UnBrokenCoinOnSucceedAttack] Наносит 8 <sprite name=\"Laceration\"><color=#e30000><u><link=\"Laceration\">Кетчупа</link></u></color> и 8 <sprite name=\"Burst\"><color=#e30000><u><link=\"Burst\">Зеленок</link></u></color>"
                }
              ]
            }
          ]
        }
      ]
    },
    {
      "id": 115301,
      "levelList": [
        {
          "level": 1,
          "name": "Я приветствую вас",
          "desc": "",
          "coinlist": [
            {
              "coindescs": [
                {
                  "desc": "<sprite name=\"SuperCoin\"><color=#9f6a3a><u><link=\"SuperCoin\">Вечная монета</link></u></color>"
                },
                {
                  "desc": "[UnBrokenCoinOnSucceedAttack] Наносит 5 урона по SP"
                },
                {
                  "desc": "[UnBrokenCoinOnSucceedAttack] Наносит 1 <sprite name=\"Vulnerable\"><color=#e30000><u><link=\"Vulnerable\">Уязвимость</link></u></color> на следующий ход"
                }
              ]
            }
          ]
        }
      ]
    },
    {
      "id": 115302,
      "levelList": [
        {
          "level": 1,
          "name": "Я буду послушным",
          "desc": "<sprite name=\"CanDuelGuard\"><color=#9f6a3a><u><link=\"CanDuelGuard\">Блок столкновением</link></u></color>\n[WinDuel] Цзя Му восстанавливает 15 SP (Если ее SP на 0, она восстанавливает 30 SP вместо этого)",
          "coinlist": [
            {
              "coindescs": [
                {
                  "desc": "<sprite name=\"SuperCoin\"><color=#9f6a3a><u><link=\"SuperCoin\">Вечная монета</link></u></color>"
                }
              ]
            }
          ]
        }
      ]
    },
    {
      "id": 115303,
      "levelList": [
        {
          "level": 1,
          "name": "Я буду твоим развлечением",
          "desc": "[CantDuel]\n[EndSkill] Самоуничтожается, а Цзя Му восстанавливает свою SP до 45 и получает 2 <sprite name=\"Enhancement\"><color=#f8c200><u><link=\"Enhancement\">Повышения силы атаки</link></u></color> с 5 <sprite name=\"AttackDmgUp\"><color=#f8c200><u><link=\"AttackDmgUp\">Повышениями урона</link></u></color> на следующий ход",
          "coinlist": [
            {
              "coindescs": [
                {
                  "desc": "<sprite name=\"SuperCoin\"><color=#9f6a3a><u><link=\"SuperCoin\">Вечная монета</link></u></color>"
                },
                {
                  "desc": "[OnSucceedAttack] Наносит 15 урона по SP "
                },
                {
                  "desc": "[OnSucceedAttack] Поднимает границу выносливости на 50% от нанесенного урона"
                }
              ]
            }
          ]
        }
      ]
    },
    {
      "id": 115401,
      "levelList": [
        {
          "level": 1,
          "name": "Даруй мне свою жизненную силу",
          "desc": "Сила монет +1, если у цели 50% HP и более",
          "coinlist": [
            {
              "coindescs": [
                {
                  "desc": "[OnSucceedAttack] Восстанавливает 20% от максимальных HP"
                },
                {
                  "desc": "[OnSucceedAttack] Наносит 2 <sprite name=\"Burst\"><color=#e30000><u><link=\"Burst\">Зеленки</link></u></color>"
                }
              ]
            },
            {
              "coindescs": [
                {
                  "desc": "[OnSucceedAttack] Восстанавливает 20% от максимальных HP"
                },
                {
                  "desc": "[OnSucceedAttack] Наносит 2 <sprite name=\"Burst\"><color=#e30000><u><link=\"Burst\">Зеленки</link></u></color>"
                }
              ]
            }
          ]
        }
      ]
    },
    {
      "id": 115402,
      "levelList": [
        {
          "level": 1,
          "name": "Порадуй же меня",
          "desc": "Сила в столкновении +2, если у цели 50% HP и более\n[WhenUse] Восстанавливает 10 SP Цзя Му",
          "coinlist": [
            {
              "coindescs": [
                {
                  "desc": "[OnSucceedAttack] Наносит 3 <sprite name=\"Sinking\"><color=#e30000><u><link=\"Sinking\">Утопания</link></u></color>"
                }
              ]
            }
          ]
        }
      ]
    },
    {
      "id": 115403,
      "levelList": [
        {
          "level": 1,
          "name": "Мудрый советник Сяньжэнь",
          "desc": "[WhenUse] Дает Цзя Му 1 [Enhancement] и 1 [AttackDmgUp] на следующий ход",
          "coinlist": [
            {
              "coindescs": [
                {
                  "desc": "[OnSucceedAttack] Наносит 2 <sprite name=\"Burst\"><color=#e30000><u><link=\"Burst\">Зеленки</link></u></color>"
                }
              ]
            },
            {
              "coindescs": [
                {
                  "desc": "[OnSucceedAttack] Наносит 2 <sprite name=\"Burst\"><color=#e30000><u><link=\"Burst\">Зеленки</link></u></color>"
                }
              ]
            }
          ]
        }
      ]
    },
    {
      "id": 115404,
      "levelList": [
        {
          "level": 1,
          "name": "Истинный советник Сяньжэнь",
          "desc": "[WhenUse] Дает Цзя Му 1 [Endurance] и 1 [Protection] на следующий ход",
          "coinlist": [
            {
              "coindescs": [
                {
                  "desc": "[OnSucceedAttack] Повышает счетчик <sprite name=\"Burst\"><color=#e30000><u><link=\"Burst\">Зеленки</link></u></color> на 3"
                }
              ]
            }
          ]
        }
      ]
    },
    {
      "id": 115405,
      "levelList": [
        {
          "level": 1,
          "name": "Мне нужно больше жизненных сил...",
          "desc": "",
          "coinlist": [
            {
              "coindescs": [
                {
                  "desc": ""
                }
              ]
            }
          ]
        }
      ]
    },
    {
      "id": 115214,
      "levelList": [
        {
          "level": 1,
          "name": "Ничего, кроме бессмысленной борьбы...!",
          "desc": "<sprite name=\"CanDuelGuard\"><color=#9f6a3a><u><link=\"CanDuelGuard\">Блок столкновением</link></u></color>\n[WhenUse] Сила монет +1 за каждые 5 единиц в сумме силы <sprite name=\"Laceration\"><color=#e30000><u><link=\"Laceration\">Кетчупа</link></u></color> и <sprite name=\"Burst\"><color=#e30000><u><link=\"Burst\">Зеленки</link></u></color> цели (До 3)\n[WinDuel] Повышает счетчик <sprite name=\"Burst\"><color=#e30000><u><link=\"Burst\">Зеленки</link></u></color> цели на 1 и наносит ей 2 <sprite name=\"DefenseDown\"><color=#e30000><u><link=\"DefenseDown\">Понижения уровня защиты</link></u></color>",
          "coinlist": [
            {
              "coindescs": [
                {
                  "desc": "<sprite name=\"SuperCoin\"><color=#9f6a3a><u><link=\"SuperCoin\">Вечная монета</link></u></color>"
                }
              ]
            }
          ]
        }
      ]
    }
  ]
}