﻿{
  "dataList": [
    {
      "id": 9018301,
      "levelList": [
        {
          "level": 1,
          "name": "Неразборчивая атака",
          "desc": "[WhenUse] Получает 1 <sprite name=\"Agility\"><color=#f8c200><u><link=\"Agility\">Спешку</link></u></color> на следующий ход",
          "coinlist": [
            {
              "coindescs": [
                {
                  "desc": "[OnSucceedAttack] Повышает счетчик <sprite name=\"Laceration\"><color=#e30000><u><link=\"Laceration\">Кетчупа</link></u></color> на 2"
                }
              ]
            }
          ]
        }
      ]
    },
    {
      "id": 9018302,
      "levelList": [
        {
          "level": 1,
          "name": "Измельчение сухожилия",
          "desc": "[WhenUse] Сила монет +1 против более медленных целей\n[WhenUse] Базовая сила +1 против целей с 3 и более <sprite name=\"Laceration\"><color=#e30000><u><link=\"Laceration\">Кетчупа</link></u></color>",
          "coinlist": [
            {
              "coindescs": [
                {
                  "desc": "[OnSucceedAttack] Наносит 2 <sprite name=\"Laceration\"><color=#e30000><u><link=\"Laceration\">Кетчупа</link></u></color>"
                }
              ]
            },
            {
              "coindescs": [
                {
                  "desc": "[OnSucceedAttack] Наносит 2 <sprite name=\"Laceration\"><color=#e30000><u><link=\"Laceration\">Кетчупа</link></u></color>"
                },
                {
                  "desc": "[OnSucceedAttack] Наносит 2 <sprite name=\"Binding\"><color=#e30000><u><link=\"Binding\">Поноса</link></u></color> на следующий ход"
                }
              ]
            }
          ]
        }
      ]
    },
    {
      "id": 9018303,
      "levelList": [
        {
          "level": 1,
          "name": "Беспорядочная атака",
          "desc": "[WhenUse] При скорости 7 и выше, Сила монет +1\n[WhenUse] Сила монет +1 против целей с 4 и более <sprite name=\"Laceration\"><color=#e30000><u><link=\"Laceration\">Кетчупа</link></u></color>\n[WinDuel] Наносит на 5% больше урона за каждое комбо в столкновении (До 50%)\n[WinDuel] Повышает счетчик <sprite name=\"Laceration\"><color=#e30000><u><link=\"Laceration\">Кетчупа</link></u></color> на 3",
          "coinlist": [
            {
              "coindescs": [
                {
                  "desc": "[OnSucceedAttack] Наносит 2 <sprite name=\"Laceration\"><color=#e30000><u><link=\"Laceration\">Кетчупа</link></u></color>"
                }
              ]
            },
            {
              "coindescs": [
                {
                  "desc": "[OnSucceedAttack] Наносит 2 <sprite name=\"Laceration\"><color=#e30000><u><link=\"Laceration\">Кетчупа</link></u></color>"
                }
              ]
            }
          ]
        }
      ]
    },
    {
      "id": 9018304,
      "levelList": [
        {
          "level": 1,
          "name": "Блок",
          "desc": "[WhenUse] Получает 3 HP щита за каждый тип отрицательных эффектов на себе (До 10)",
          "coinlist": [
            {
              "coindescs": [
                {
                  "desc": ""
                }
              ]
            }
          ]
        }
      ]
    },
    {
      "id": 9018401,
      "levelList": [
        {
          "level": 1,
          "name": "Разрез",
          "desc": "",
          "coinlist": [
            {
              "coindescs": [
                {
                  "desc": "[OnSucceedAttack] Повышает счетчик <sprite name=\"Laceration\"><color=#e30000><u><link=\"Laceration\">Кетчупа</link></u></color> на 2"
                }
              ]
            }
          ]
        }
      ]
    },
    {
      "id": 9018402,
      "levelList": [
        {
          "level": 1,
          "name": "Удар по ногам",
          "desc": "[WhenUse] Сила монет +1 за каждые 3 <sprite name=\"Laceration\"><color=#e30000><u><link=\"Laceration\">Кетчупа</link></u></color> на цели (До 2)",
          "coinlist": [
            {
              "coindescs": [
                {
                  "desc": "[OnSucceedAttack] Наносит 2 <sprite name=\"Laceration\"><color=#e30000><u><link=\"Laceration\">Кетчупа</link></u></color>"
                }
              ]
            },
            {
              "coindescs": [
                {
                  "desc": "[OnSucceedAttack] Наносит 2 <sprite name=\"Laceration\"><color=#e30000><u><link=\"Laceration\">Кетчупа</link></u></color>"
                },
                {
                  "desc": "[OnSucceedAttack] Наносит 1 <sprite name=\"Paralysis\"><color=#e30000><u><link=\"Paralysis\">Паралич</link></u></color> на следующий ход"
                }
              ]
            }
          ]
        }
      ]
    },
    {
      "id": 9018403,
      "levelList": [
        {
          "level": 1,
          "name": "Дикий удар",
          "desc": "[WhenUse] Сила монет +1 за каждые 3 <sprite name=\"Laceration\"><color=#e30000><u><link=\"Laceration\">Кетчупа</link></u></color> на цели (До 2)",
          "coinlist": [
            {
              "coindescs": [
                {
                  "desc": "[OnSucceedAttack] Наносит 2 <sprite name=\"Laceration\"><color=#e30000><u><link=\"Laceration\">Кетчупа</link></u></color>"
                }
              ]
            },
            {
              "coindescs": [
                {
                  "desc": "[OnSucceedAttack] Наносит 2 <sprite name=\"Laceration\"><color=#e30000><u><link=\"Laceration\">Кетчупа</link></u></color>"
                }
              ]
            }
          ]
        }
      ]
    },
    {
      "id": 9018404,
      "levelList": [
        {
          "level": 1,
          "name": "Контратака",
          "desc": "[BeforeHit] Получает 2 HP щита за каждый тип отрицательных эффектов на себе (До 10)",
          "coinlist": [
            {
              "coindescs": [
                {
                  "desc": "[OnSucceedAttack] Если остался щит, наносит 1 <sprite name=\"Paralysis\"><color=#e30000><u><link=\"Paralysis\">Паралич</link></u></color> на следующий ход"
                }
              ]
            }
          ]
        }
      ]
    },
    {
      "id": 9018701,
      "levelList": [
        {
          "level": 1,
          "name": "Извлечь Топливо",
          "desc": "Сила монет +1 против целей с 2 и более <sprite name=\"Laceration\"><color=#e30000><u><link=\"Laceration\">Кетчупа</link></u></color>",
          "coinlist": [
            {
              "coindescs": [
                {
                  "desc": "[OnSucceedAttack] Наносит 2 <sprite name=\"Laceration\"><color=#e30000><u><link=\"Laceration\">Кетчупа</link></u></color>"
                }
              ]
            },
            {
              "coindescs": [
                {
                  "desc": "[OnSucceedAttack] Повышает счетчик <sprite name=\"Laceration\"><color=#e30000><u><link=\"Laceration\">Кетчупа</link></u></color> на 2"
                },
                {
                  "desc": "[OnSucceedAttack] Восстанавливает 2 HP"
                }
              ]
            }
          ]
        }
      ]
    },
    {
      "id": 9018702,
      "levelList": [
        {
          "level": 1,
          "name": "Чистка подворотен",
          "desc": "Сила монет +1 против целей с 2 и более <sprite name=\"Laceration\"><color=#e30000><u><link=\"Laceration\">Кетчупа</link></u></color>",
          "coinlist": [
            {
              "coindescs": [
                {
                  "desc": "[OnSucceedAttack] Наносит 2 <sprite name=\"Paralysis\"><color=#e30000><u><link=\"Paralysis\">Паралича</link></u></color>"
                }
              ]
            },
            {
              "coindescs": [
                {
                  "desc": "[OnSucceedAttack] Наносит 2 <sprite name=\"Laceration\"><color=#e30000><u><link=\"Laceration\">Кетчупа</link></u></color>"
                }
              ]
            }
          ]
        }
      ]
    },
    {
      "id": 9018703,
      "levelList": [
        {
          "level": 1,
          "name": "Утилизация отходов",
          "desc": "Сила монет +1 против целей с 4 и более <sprite name=\"Laceration\"><color=#e30000><u><link=\"Laceration\">Кетчупа</link></u></color>",
          "coinlist": [
            {
              "coindescs": [
                {
                  "desc": "[OnSucceedAttack] Наносит 4 <sprite name=\"Laceration\"><color=#e30000><u><link=\"Laceration\">Кетчупа</link></u></color>"
                }
              ]
            },
            {
              "coindescs": [
                {
                  "desc": "<sprite name=\"SuperCoin\"><color=#9f6a3a><u><link=\"SuperCoin\">Вечная монета</link></u></color>"
                },
                {
                  "desc": "[OnSucceedAttack] Повышает счетчик <sprite name=\"Laceration\"><color=#e30000><u><link=\"Laceration\">Кетчупа</link></u></color> на 1"
                },
                {
                  "desc": "[OnSucceedAttack] Восстанавливает HP на 30% от нанесенного монетой урона"
                },
                {
                  "desc": "[OnSucceedAttackHead] Вновь подкидывает монету (До 3 раз за навык)"
                }
              ]
            }
          ]
        }
      ]
    },
    {
      "id": 9018704,
      "levelList": [
        {
          "level": 1,
          "name": "333..1973",
          "desc": "[StartBattle] Получает 4 <sprite name=\"Persistent\"><color=#f8c200><u><link=\"Persistent\">Упорства</link></u></color>",
          "coinlist": [
            {
              "coindescs": [
                {
                  "desc": "<sprite name=\"SuperCoin\"><color=#9f6a3a><u><link=\"SuperCoin\">Вечная монета</link></u></color>"
                },
                {
                  "desc": "[OnSucceedAttack] Понижает свою границу выносливости на 5"
                }
              ]
            },
            {
              "coindescs": [
                {
                  "desc": "<sprite name=\"SuperCoin\"><color=#9f6a3a><u><link=\"SuperCoin\">Вечная монета</link></u></color>"
                },
                {
                  "desc": "[OnSucceedAttack] Повышает счетчик <sprite name=\"Laceration\"><color=#e30000><u><link=\"Laceration\">Кетчупа</link></u></color> на 3"
                }
              ]
            }
          ]
        }
      ]
    },
    {
      "id": 9018705,
      "levelList": [
        {
          "level": 1,
          "name": "Ради семьи",
          "desc": "[StartBattle] Дает 1 <sprite name=\"Protection\"><color=#f8c200><u><link=\"Protection\">Защищенность</link></u></color> двум случайным союзникам",
          "coinlist": [
            {
              "coindescs": [
                {
                  "desc": ""
                }
              ]
            }
          ]
        }
      ]
    },
    {
      "id": 9018706,
      "levelList": [
        {
          "level": 1,
          "name": "Ночь в Подворотнях",
          "desc": "Сила монет +1 против целей с 2 и более <sprite name=\"Laceration\"><color=#e30000><u><link=\"Laceration\">Кетчупа</link></u></color>",
          "coinlist": [
            {
              "coindescs": [
                {
                  "desc": "[OnSucceedAttack] Восстанавливает 8 HP"
                },
                {
                  "desc": "[OnSucceedAttack] Повышает счетчик <sprite name=\"Laceration\"><color=#e30000><u><link=\"Laceration\">Кетчупа</link></u></color> на 2"
                }
              ]
            },
            {
              "coindescs": [
                {
                  "desc": "<sprite name=\"SuperCoin\"><color=#9f6a3a><u><link=\"SuperCoin\">Вечная монета</link></u></color>"
                },
                {
                  "desc": "[OnSucceedAttack] Восстанавливает 8 HP"
                },
                {
                  "desc": "[OnSucceedAttack] Понижает свою границу выносливости на 8"
                },
                {
                  "desc": "[OnSucceedAttack] Активрует <sprite name=\"Laceration\"><color=#e30000><u><link=\"Laceration\">Кетчуп</link></u></color> на цели и понижает его счетчик на 1"
                }
              ]
            }
          ]
        }
      ]
    },
    {
      "id": 9019301,
      "levelList": [
        {
          "level": 1,
          "name": "Внезапный удар",
          "desc": "[WhenUse] Получает 1 <sprite name=\"Agility\"><color=#f8c200><u><link=\"Agility\">Спешку</link></u></color> на следующий ход",
          "coinlist": [
            {
              "coindescs": [
                {
                  "desc": "[OnSucceedAttack] Наносит 3 <sprite name=\"Laceration\"><color=#e30000><u><link=\"Laceration\">Кетчупа</link></u></color>"
                }
              ]
            }
          ]
        }
      ]
    },
    {
      "id": 9019302,
      "levelList": [
        {
          "level": 1,
          "name": "Измельчение мышц",
          "desc": "[WhenUse] Сила монет +1 против более медленных целей\n[WhenUse] Базовая сила +1 против целей с 3 и более <sprite name=\"Laceration\"><color=#e30000><u><link=\"Laceration\">Кетчупа</link></u></color>",
          "coinlist": [
            {
              "coindescs": [
                {
                  "desc": "[OnSucceedAttack] Повышает счетчик <sprite name=\"Laceration\"><color=#e30000><u><link=\"Laceration\">Кетчупа</link></u></color> на 2"
                }
              ]
            },
            {
              "coindescs": [
                {
                  "desc": "[OnSucceedAttack] Повышает счетчик <sprite name=\"Laceration\"><color=#e30000><u><link=\"Laceration\">Кетчупа</link></u></color> на 2"
                },
                {
                  "desc": "[OnSucceedAttack] Наносит 2 <sprite name=\"Binding\"><color=#e30000><u><link=\"Binding\">Поноса</link></u></color> на следующий ход"
                }
              ]
            }
          ]
        }
      ]
    },
    {
      "id": 9019303,
      "levelList": [
        {
          "level": 1,
          "name": "Неизбирательное нападение",
          "desc": "[WhenUse] При скорости 7 и выше, Сила монет +1\n[WhenUse] Сила монет +1 против целей с 4 и более <sprite name=\"Laceration\"><color=#e30000><u><link=\"Laceration\">Кетчупа</link></u></color>\n[WinDuel] Наносит на 5% больше урона за каждое комбо в столкновении (До 50%)\n[WinDuel] Наносит 5 <sprite name=\"Laceration\"><color=#e30000><u><link=\"Laceration\">Кетчупа</link></u></color>",
          "coinlist": [
            {
              "coindescs": [
                {
                  "desc": "[OnSucceedAttack] Повышает счетчик <sprite name=\"Laceration\"><color=#e30000><u><link=\"Laceration\">Кетчупа</link></u></color> на 2"
                }
              ]
            },
            {
              "coindescs": [
                {
                  "desc": "[OnSucceedAttack] Повышает счетчик <sprite name=\"Laceration\"><color=#e30000><u><link=\"Laceration\">Кетчупа</link></u></color> на 2"
                }
              ]
            }
          ]
        }
      ]
    },
    {
      "id": 9019304,
      "levelList": [
        {
          "level": 1,
          "name": "Блок",
          "desc": "[WhenUse] Получает 3 HP щита за каждый тип отрицательных эффектов на себе (До 10)",
          "coinlist": [
            {
              "coindescs": [
                {
                  "desc": ""
                }
              ]
            }
          ]
        }
      ]
    },
    {
      "id": 9019401,
      "levelList": [
        {
          "level": 1,
          "name": "Разрезание",
          "desc": "",
          "coinlist": [
            {
              "coindescs": [
                {
                  "desc": "[OnSucceedAttack] Наносит 3 <sprite name=\"Laceration\"><color=#e30000><u><link=\"Laceration\">Кетчупа</link></u></color>"
                }
              ]
            }
          ]
        }
      ]
    },
    {
      "id": 9019402,
      "levelList": [
        {
          "level": 1,
          "name": "Мышечная рана",
          "desc": "[WhenUse] Сила монет +1 за каждые 3 <sprite name=\"Laceration\"><color=#e30000><u><link=\"Laceration\">Кетчупа</link></u></color> на цели (До 2)",
          "coinlist": [
            {
              "coindescs": [
                {
                  "desc": "[OnSucceedAttack] Повышает счетчик <sprite name=\"Laceration\"><color=#e30000><u><link=\"Laceration\">Кетчупа</link></u></color> на 2"
                }
              ]
            },
            {
              "coindescs": [
                {
                  "desc": "[OnSucceedAttack] Повышает счетчик <sprite name=\"Laceration\"><color=#e30000><u><link=\"Laceration\">Кетчупа</link></u></color> на 2"
                },
                {
                  "desc": "[OnSucceedAttack] Наносит 1 <sprite name=\"Paralysis\"><color=#e30000><u><link=\"Paralysis\">Паралич</link></u></color> на следующий ход"
                }
              ]
            }
          ]
        }
      ]
    },
    {
      "id": 9019403,
      "levelList": [
        {
          "level": 1,
          "name": "Стремительная атака",
          "desc": "[WhenUse] Сила монет +1 за каждые 3 <sprite name=\"Laceration\"><color=#e30000><u><link=\"Laceration\">Кетчупа</link></u></color> на цели (До 2)",
          "coinlist": [
            {
              "coindescs": [
                {
                  "desc": "[OnSucceedAttack] Повышает счетчик <sprite name=\"Laceration\"><color=#e30000><u><link=\"Laceration\">Кетчупа</link></u></color> на 2"
                }
              ]
            },
            {
              "coindescs": [
                {
                  "desc": "[OnSucceedAttack] Повышает счетчик <sprite name=\"Laceration\"><color=#e30000><u><link=\"Laceration\">Кетчупа</link></u></color> на 2"
                }
              ]
            }
          ]
        }
      ]
    },
    {
      "id": 9019404,
      "levelList": [
        {
          "level": 1,
          "name": "Контратака",
          "desc": "[BeforeHit] Получает 2 HP щита за каждый тип отрицательных эффектов на себе (До 10)",
          "coinlist": [
            {
              "coindescs": [
                {
                  "desc": "[OnSucceedAttack] Если остался щит, наносит 1 <sprite name=\"Paralysis\"><color=#e30000><u><link=\"Paralysis\">Паралич</link></u></color> на следующий ход"
                }
              ]
            }
          ]
        }
      ]
    },
    {
      "id": 9018501,
      "levelList": [
        {
          "level": 1,
          "name": "Поражающий удар",
          "desc": "[WhenUse] Сила в столкновении +1 против целей с 3 и более <sprite name=\"Burst\"><color=#e30000><u><link=\"Burst\">Зеленкеи</link></u></color>",
          "coinlist": [
            {
              "coindescs": [
                {
                  "desc": "[OnSucceedAttack] Повышет счетчик <sprite name=\"Burst\"><color=#e30000><u><link=\"Burst\">Зеленки</link></u></color> на 2"
                }
              ]
            }
          ]
        }
      ]
    },
    {
      "id": 9018502,
      "levelList": [
        {
          "level": 1,
          "name": "Сдерживание",
          "desc": "[WhenUse] Сила в столкновении +1 против целей с 3 и более <sprite name=\"Burst\"><color=#e30000><u><link=\"Burst\">Зеленкеи</link></u></color>",
          "coinlist": [
            {
              "coindescs": [
                {
                  "desc": "[OnSucceedAttack] Наносит 2 <sprite name=\"Burst\"><color=#e30000><u><link=\"Burst\">Зеленки</link></u></color>"
                }
              ]
            },
            {
              "coindescs": [
                {
                  "desc": "<sprite name=\"SuperCoin\"><color=#9f6a3a><u><link=\"SuperCoin\">Вечная монета</link></u></color>"
                },
                {
                  "desc": "[OnSucceedAttack] Наносит 2 <sprite name=\"Burst\"><color=#e30000><u><link=\"Burst\">Зеленки</link></u></color>"
                },
                {
                  "desc": "[UnBrokenCoinOnSucceedAttack] Вновь подкидывает монету (Своя скорость / 4) раз (До 2)"
                }
              ]
            }
          ]
        }
      ]
    },
    {
      "id": 9018503,
      "levelList": [
        {
          "level": 1,
          "name": "Удар пера",
          "desc": "Если быстрее цели, +1 к Силе монет за каждые 2 единицы разницы в скорости (До 3)\n[WhenUse] Сила в столкновении +1 против целей с 4 и более <sprite name=\"Burst\"><color=#e30000><u><link=\"Burst\">Зеленкеи</link></u></color>\n[WinDuel] Повышет счетчик <sprite name=\"Burst\"><color=#e30000><u><link=\"Burst\">Зеленки</link></u></color> на 3",
          "coinlist": [
            {
              "coindescs": [
                {
                  "desc": "[OnSucceedAttack] Повышет счетчик <sprite name=\"Burst\"><color=#e30000><u><link=\"Burst\">Зеленки</link></u></color> на 1"
                }
              ]
            },
            {
              "coindescs": [
                {
                  "desc": "[OnSucceedAttack] Наносит 2 <sprite name=\"Burst\"><color=#e30000><u><link=\"Burst\">Зеленки</link></u></color>"
                },
                {
                  "desc": "[OnSucceedAttack] Накладывает <sprite name=\"BurstAgility\"><color=#e30000><u><link=\"BurstAgility\">Смертный ритуал</link></u></color>"
                }
              ]
            },
            {
              "coindescs": [
                {
                  "desc": "<sprite name=\"SuperCoin\"><color=#9f6a3a><u><link=\"SuperCoin\">Вечная монета</link></u></color>"
                },
                {
                  "desc": "Если на цель наложен <sprite name=\"BurstAgility\"><color=#e30000><u><link=\"BurstAgility\">Смертный ритуал</link></u></color>, на 50% больше урона"
                },
                {
                  "desc": "[OnSucceedAttack] Получает 3 <sprite name=\"LegStrength\"><color=#f8c200><u><link=\"LegStrength\">Стремительности 【Мао】</link></u></color>"
                }
              ]
            }
          ]
        }
      ]
    },
    {
      "id": 9018504,
      "levelList": [
        {
          "level": 1,
          "name": "Готовность к действию",
          "desc": "[DuelCounter]\n[WhenUse] Получает 3 <sprite name=\"Agility\"><color=#f8c200><u><link=\"Agility\">Спешки</link></u></color> на следующий ход",
          "coinlist": [
            {}
          ]
        }
      ]
    },
    {
      "id": 9018601,
      "levelList": [
        {
          "level": 1,
          "name": "Преследование",
          "desc": "[WhenUse] Сила в столкновении +1 против целей с 3 и более <sprite name=\"Burst\"><color=#e30000><u><link=\"Burst\">Зеленкеи</link></u></color>",
          "coinlist": [
            {
              "coindescs": [
                {
                  "desc": "[OnSucceedAttack] Наносит 2 <sprite name=\"Burst\"><color=#e30000><u><link=\"Burst\">Зеленки</link></u></color>"
                }
              ]
            }
          ]
        }
      ]
    },
    {
      "id": 9018602,
      "levelList": [
        {
          "level": 1,
          "name": "Сотрясение",
          "desc": "[WhenUse] Сила в столкновении +1 против целей с 3 и более <sprite name=\"Burst\"><color=#e30000><u><link=\"Burst\">Зеленкеи</link></u></color>",
          "coinlist": [
            {
              "coindescs": [
                {
                  "desc": "[OnSucceedAttack] Повышет счетчик <sprite name=\"Burst\"><color=#e30000><u><link=\"Burst\">Зеленки</link></u></color> на 2"
                }
              ]
            },
            {
              "coindescs": [
                {
                  "desc": "<sprite name=\"SuperCoin\"><color=#9f6a3a><u><link=\"SuperCoin\">Вечная монета</link></u></color>"
                },
                {
                  "desc": "[OnSucceedAttack] Наносит 2 <sprite name=\"Burst\"><color=#e30000><u><link=\"Burst\">Зеленки</link></u></color>"
                },
                {
                  "desc": "[UnBrokenCoinOnSucceedAttack] Вновь подкидывает монету (Своя скорость / 4) раз (До 2)"
                }
              ]
            }
          ]
        }
      ]
    },
    {
      "id": 9018603,
      "levelList": [
        {
          "level": 1,
          "name": "Удар из тени",
          "desc": "Если быстрее цели, +1 к Силе монет за каждые 2 единицы разницы в скорости (До 3)\n[WhenUse] Сила в столкновении +1 против целей с 4 и более <sprite name=\"Burst\"><color=#e30000><u><link=\"Burst\">Зеленкеи</link></u></color>\n[WinDuel] Повышает счетчик <sprite name=\"Burst\"><color=#e30000><u><link=\"Burst\">Зеленки</link></u></color> на 3",
          "coinlist": [
            {
              "coindescs": [
                {
                  "desc": "[OnSucceedAttack] Повышает счетчик <sprite name=\"Burst\"><color=#e30000><u><link=\"Burst\">Зеленки</link></u></color> на 3"
                }
              ]
            },
            {
              "coindescs": [
                {
                  "desc": "[OnSucceedAttack] Наносит 1 <sprite name=\"Burst\"><color=#e30000><u><link=\"Burst\">Зеленка</link></u></color>"
                },
                {
                  "desc": "[OnSucceedAttack] Накладывает <sprite name=\"BurstAgility\"><color=#e30000><u><link=\"BurstAgility\">Смертный ритуал</link></u></color>"
                }
              ]
            },
            {
              "coindescs": [
                {
                  "desc": "<sprite name=\"SuperCoin\"><color=#9f6a3a><u><link=\"SuperCoin\">Вечная монета</link></u></color>"
                },
                {
                  "desc": "Если на цель наложен <sprite name=\"BurstAgility\"><color=#e30000><u><link=\"BurstAgility\">Смертный ритуал</link></u></color>, на 50% больше урона"
                },
                {
                  "desc": "[OnSucceedAttack] Получает 3 <sprite name=\"LegStrength\"><color=#f8c200><u><link=\"LegStrength\">Стремительности 【Мао】</link></u></color>"
                }
              ]
            }
          ]
        }
      ]
    },
    {
      "id": 9018604,
      "levelList": [
        {
          "level": 1,
          "name": "Готовность к действию",
          "desc": "[DuelCounter]\n[WhenUse] Получает 3 <sprite name=\"Agility\"><color=#f8c200><u><link=\"Agility\">Спешки</link></u></color> на следующий ход",
          "coinlist": [
            {}
          ]
        }
      ]
    },
    {
      "id": 9102001,
      "levelList": [
        {
          "level": 1,
          "name": "Целиться в солнечное сплетение",
          "desc": "",
          "coinlist": [
            {
              "coindescs": [
                {
                  "desc": "[OnSucceedAttack] Наносит 1 <sprite name=\"Paralysis\"><color=#e30000><u><link=\"Paralysis\">Паралич</link></u></color> на следующий ход"
                }
              ]
            }
          ]
        }
      ]
    },
    {
      "id": 9102002,
      "levelList": [
        {
          "level": 1,
          "name": "Покалывание в волосах",
          "desc": "[WhenUse] Если на цели есть <sprite name=\"MiddleFingerBook\"><color=#e30000><u><link=\"MiddleFingerBook\">Метка воздаяния</link></u></color>, наносит еще 2 <sprite name=\"AttackDown\"><color=#e30000><u><link=\"AttackDown\">Понижения уровня атаки</link></u></color> этим навыком",
          "coinlist": [
            {
              "coindescs": [
                {
                  "desc": "[OnSucceedAttack] Наносит 1 <sprite name=\"Binding\"><color=#e30000><u><link=\"Binding\">Понос</link></u></color> на следующий ход"
                },
                {
                  "desc": "[OnSucceedAttack] Наносит 2 <sprite name=\"DefenseDown\"><color=#e30000><u><link=\"DefenseDown\">Понижения уровня защиты</link></u></color> на следующий ход"
                }
              ]
            }
          ]
        }
      ]
    },
    {
      "id": 9102003,
      "levelList": [
        {
          "level": 1,
          "name": "Раздавливание кишок",
          "desc": "[WhenUse] Если на цели есть <sprite name=\"MiddleFingerBook\"><color=#e30000><u><link=\"MiddleFingerBook\">Метка воздаяния</link></u></color>, наносит еще 1 <sprite name=\"AttackDown\"><color=#e30000><u><link=\"AttackDown\">Понижение уровня атаки</link></u></color> этим навыком",
          "coinlist": [
            {
              "coindescs": [
                {
                  "desc": "[OnSucceedAttackHead] Наносит 1 <sprite name=\"AttackDown\"><color=#e30000><u><link=\"AttackDown\">Понижение уровня атаки</link></u></color> на следующий ход"
                },
                {
                  "desc": "[OnSucceedAttack] Если на цели есть <sprite name=\"MiddleFingerBook\"><color=#e30000><u><link=\"MiddleFingerBook\">Метка воздаяния</link></u></color>, получает 1 <sprite name=\"PlusCoinValueUp\"><color=#f8c200><u><link=\"PlusCoinValueUp\">Усиление положительной монеты</link></u></color> на следующий ход"
                }
              ]
            },
            {
              "coindescs": [
                {
                  "desc": "[OnSucceedAttackHead] Наносит 1 <sprite name=\"AttackDown\"><color=#e30000><u><link=\"AttackDown\">Понижение уровня атаки</link></u></color> на следующий ход"
                },
                {
                  "desc": "[OnSucceedAttack] Если на цели есть <sprite name=\"MiddleFingerBook\"><color=#e30000><u><link=\"MiddleFingerBook\">Метка воздаяния</link></u></color>, получает 1 <sprite name=\"PlusCoinValueUp\"><color=#f8c200><u><link=\"PlusCoinValueUp\">Усиление положительной монеты</link></u></color> на следующий ход"
                }
              ]
            }
          ]
        }
      ]
    },
    {
      "id": 9102004,
      "levelList": [
        {
          "level": 1,
          "name": "Месть ждет всех вас!",
          "desc": "Наносит на 10% больше урона за каждые 2 <sprite name=\"MiddleFingerBook\"><color=#e30000><u><link=\"MiddleFingerBook\">Метки воздаяния</link></u></color> на цели (До 50%)\n[BeforeAttack] Вес атаки +1 при 40% HP и менее\n[WhenUse] Если на главной цели есть <sprite name=\"MiddleFingerBook\"><color=#e30000><u><link=\"MiddleFingerBook\">Метка воздаяния</link></u></color>, все монеты становятся <sprite name=\"SuperCoin\"><color=#9f6a3a><u><link=\"SuperCoin\">Вечными</link></u></color>\n[WhenUse] Сила монет +1 за каждые 3 противника с <sprite name=\"MiddleFingerBook\"><color=#e30000><u><link=\"MiddleFingerBook\">Меткой воздаяния</link></u></color> на поле боя (До 2)\n[WhenUse] Сила в столкновении +1 за каждые 2 <sprite name=\"MiddleFingerBook\"><color=#e30000><u><link=\"MiddleFingerBook\">Метки воздаяния</link></u></color> на цели (До 5)\n[EndSkill] Если удалось убить противника с <sprite name=\"MiddleFingerBook\"><color=#e30000><u><link=\"MiddleFingerBook\">Меткой воздаяния</link></u></color>, получает 1 <sprite name=\"PlusCoinValueUp\"><color=#f8c200><u><link=\"PlusCoinValueUp\">Усиление положительной монеты</link></u></color> на следующий ход (Дважды за ход)\n[EndSkill] Снимает все <sprite name=\"MiddleFingerBook\"><color=#e30000><u><link=\"MiddleFingerBook\">Метки воздаяния</link></u></color> с противников, по которым попал этой атакой",
          "coinlist": [
            {
              "coindescs": [
                {
                  "desc": "[OnSucceedAttack] Наносит 3 <sprite name=\"Paralysis\"><color=#e30000><u><link=\"Paralysis\">Паралича</link></u></color> на следующий ход"
                }
              ]
            },
            {
              "coindescs": [
                {
                  "desc": "[OnSucceedAttack] Наносит 3 <sprite name=\"Binding\"><color=#e30000><u><link=\"Binding\">Поноса</link></u></color> на следующий ход"
                }
              ]
            },
            {
              "coindescs": [
                {
                  "desc": "[OnSucceedAttack] Наносит 2 <sprite name=\"Reduction\"><color=#e30000><u><link=\"Reduction\">Понижения силы атаки</link></u></color> на следующий ход"
                }
              ]
            }
          ]
        }
      ]
    },
    {
      "id": 9102005,
      "levelList": [
        {
          "level": 1,
          "name": "Вцепиться в шанс",
          "desc": "[BeforeHit] Получает 5 HP щита за каждую <sprite name=\"MiddleFingerBook\"><color=#e30000><u><link=\"MiddleFingerBook\">Метку воздаяния</link></u></color> на цели (Единожды за ход; до 50)\n[WhenUse] Базовая сила повышается на 3 против врагов с 5 и более <sprite name=\"MiddleFingerBook\"><color=#e30000><u><link=\"MiddleFingerBook\">Метками воздаяния</link></u></color>, а так же наносит им 4 <sprite name=\"DefenseDown\"><color=#e30000><u><link=\"DefenseDown\">Понижения уровня защиты</link></u></color>",
          "coinlist": [
            {
              "coindescs": [
                {
                  "desc": "[OnSucceedAttack] Повышает границы выносливости на 20"
                },
                {
                  "desc": "[OnSucceedAttack] Наносит 15 фиксированного урона по HP"
                }
              ]
            },
            {
              "coindescs": [
                {
                  "desc": "[OnSucceedAttack] Повышает границы выносливости на 20"
                },
                {
                  "desc": "[OnSucceedAttack] Наносит 15 фиксированного урона по HP"
                }
              ]
            }
          ]
        }
      ]
    }
  ]
}