﻿{
  "dataList": [
    {
      "id": 853901,
      "levelList": [
        {
          "level": 1,
          "name": "Пасмурный стон",
          "desc": "",
          "coinlist": [
            {
              "coindescs": [
                {
                  "desc": "[OnSucceedAttack] Наносит 3 <sprite name=\"Sinking\"><color=#e30000><u><link=\"Sinking\">Депрессии</link></u></color>"
                }
              ]
            }
          ]
        }
      ]
    },
    {
      "id": 853902,
      "levelList": [
        {
          "level": 1,
          "name": "Нескончаемое Депрессия",
          "desc": "",
          "coinlist": [
            {
              "coindescs": [
                {
                  "desc": "[OnSucceedAttack] Наносит +2 счетчика <sprite name=\"Sinking\"><color=#e30000><u><link=\"Sinking\">Депрессии</link></u></color>"
                }
              ]
            },
            {
              "coindescs": [
                {
                  "desc": "[OnSucceedAttack] Наносит 3 <sprite name=\"Sinking\"><color=#e30000><u><link=\"Sinking\">Депрессии</link></u></color>"
                }
              ]
            }
          ]
        }
      ]
    },
    {
      "id": 853903,
      "levelList": [
        {
          "level": 1,
          "name": "Скачок печали",
          "desc": "",
          "coinlist": [
            {
              "coindescs": [
                {
                  "desc": "[OnSucceedAttack] Наносит +3 счетчика <sprite name=\"Burst\"><color=#e30000><u><link=\"Burst\">Зеленки</link></u></color>"
                }
              ]
            },
            {
              "coindescs": [
                {
                  "desc": "[OnSucceedAttack] Наносит 2 <sprite name=\"Burst\"><color=#e30000><u><link=\"Burst\">Зеленки</link></u></color>"
                }
              ]
            }
          ]
        }
      ]
    },
    {
      "id": 853904,
      "levelList": [
        {
          "level": 1,
          "name": "Поток печали",
          "desc": "",
          "coinlist": [
            {
              "coindescs": [
                {
                  "desc": "[OnSucceedAttack] Наносит +2 счетчика <sprite name=\"Burst\"><color=#e30000><u><link=\"Burst\">Зеленки</link></u></color>"
                }
              ]
            },
            {
              "coindescs": [
                {
                  "desc": "[OnSucceedAttack] Наносит 3 <sprite name=\"Burst\"><color=#e30000><u><link=\"Burst\">Зеленки</link></u></color>"
                },
                {
                  "desc": "[OnSucceedAttackHead] Наносит 2 <sprite name=\"Burst\"><color=#e30000><u><link=\"Burst\">Зеленки</link></u></color>"
                }
              ]
            }
          ]
        }
      ]
    },
    {
      "id": 853905,
      "levelList": [
        {
          "level": 1,
          "name": "Плач в поисках чего-то",
          "desc": "Сила столкновения +2 за каждый живой Старый зонт\nНаносит на 25% больше урона за каждый Старый зонт на поле боя\nВ конце хода все Старые зонты исчезают\nВ конце хода получает <sprite name=\"WaveFoxUmbrella\"><color=#9f6a3a><u><link=\"WaveFoxUmbrella\">Защитный зонт</link></u></color>, равный количеству <sprite name=\"WaveFoxUmbrella\"><color=#9f6a3a><u><link=\"WaveFoxUmbrella\">Защитных зонтов</link></u></color>, полученных на первом ходе",
          "coinlist": [
            {
              "coindescs": [
                {
                  "desc": "[OnSucceedAttack] Наносит 5 <sprite name=\"Sinking\"><color=#e30000><u><link=\"Sinking\">Депрессии</link></u></color>"
                }
              ]
            }
          ]
        }
      ]
    },
    {
      "id": 853906,
      "levelList": [
        {
          "level": 1,
          "name": "Ожидание",
          "desc": "[StartBattle] Все противники теряют 20 SP",
          "coinlist": [
            {
              "coindescs": [
                {
                  "desc": ""
                }
              ]
            }
          ]
        }
      ]
    },
    {
      "id": 853907,
      "levelList": [
        {
          "level": 1,
          "name": "Резкий ответ",
          "desc": "[StartBattle] Получает <sprite name=\"Thorn\"><color=#9f6a3a><u><link=\"Thorn\">Шип</link></u></color>",
          "coinlist": [
            {
              "coindescs": [
                {
                  "desc": ""
                }
              ]
            }
          ]
        }
      ]
    },
    {
      "id": 853908,
      "levelList": [
        {
          "level": 1,
          "name": "Резкая реакция",
          "desc": "[StartBattle] Получает <sprite name=\"Thorn\"><color=#9f6a3a><u><link=\"Thorn\">Шип</link></u></color>",
          "coinlist": [
            {
              "coindescs": [
                {
                  "desc": ""
                }
              ]
            }
          ]
        }
      ]
    },
    {
      "id": 853909,
      "levelList": [
        {
          "level": 1,
          "name": "Крик о помощи",
          "desc": "Сила столкновения +2 за каждый живой Старый зонт\nНаносит на 25% больше урона за каждый Старый зонт на поле боя",
          "coinlist": [
            {
              "coindescs": [
                {
                  "desc": "[OnSucceedAttack] Наносит 3 <sprite name=\"Sinking\"><color=#e30000><u><link=\"Sinking\">Депрессии</link></u></color>"
                }
              ]
            }
          ]
        }
      ]
    },
    {
      "id": 854001,
      "levelList": [
        {
          "level": 1,
          "name": "Рассеивающаяся грусть",
          "desc": "[EndSkill] Наносит +3 счетчика <sprite name=\"Burst\"><color=#e30000><u><link=\"Burst\">Зеленки</link></u></color> и +3 счетчика <sprite name=\"Sinking\"><color=#e30000><u><link=\"Sinking\">Депрессии</link></u></color> всем противникам",
          "coinlist": [
            {
              "coindescs": [
                {
                  "desc": ""
                }
              ]
            }
          ]
        }
      ]
    },
    {
      "id": 854101,
      "levelList": [
        {
          "level": 1,
          "name": "Электрическая нагрузка",
          "desc": "[StartBattle] Получает 2 <sprite name=\"SelfCharge\"><color=#9f6a3a><u><link=\"SelfCharge\">ПодСолей</link></u></color>\n[DefeatDuel] Теряет 2 <sprite name=\"SelfCharge\"><color=#9f6a3a><u><link=\"SelfCharge\">ПодСолей</link></u></color>\nНаносит на 10% больше урона целям с <sprite name=\"Paralysis\"><color=#e30000><u><link=\"Paralysis\">Параличом</link></u></color>",
          "coinlist": [
            {},
            {
              "coindescs": [
                {
                  "desc": "[OnSucceedAttack] Наносит 3 <sprite name=\"Paralysis\"><color=#e30000><u><link=\"Paralysis\">Паралича</link></u></color> на следующий ход"
                }
              ]
            }
          ]
        }
      ]
    },
    {
      "id": 854102,
      "levelList": [
        {
          "level": 1,
          "name": "Выпуск электричества",
          "desc": "[StartBattle] Получает 2 <sprite name=\"SelfCharge\"><color=#9f6a3a><u><link=\"SelfCharge\">ПодСолей</link></u></color>\n[DefeatDuel] Теряет 2 <sprite name=\"SelfCharge\"><color=#9f6a3a><u><link=\"SelfCharge\">ПодСолей</link></u></color>\nНаносит на 10% больше урона целям с <sprite name=\"Paralysis\"><color=#e30000><u><link=\"Paralysis\">Параличом</link></u></color>",
          "coinlist": [
            {},
            {},
            {
              "coindescs": [
                {
                  "desc": "[OnSucceedAttack] Наносит 3 <sprite name=\"Paralysis\"><color=#e30000><u><link=\"Paralysis\">Паралича</link></u></color> на следующий ход"
                }
              ]
            }
          ]
        }
      ]
    },
    {
      "id": 854103,
      "levelList": [
        {
          "level": 1,
          "name": "Электрический разряд",
          "desc": "[StartBattle] Получает 2 <sprite name=\"SelfCharge\"><color=#9f6a3a><u><link=\"SelfCharge\">ПодСолей</link></u></color>\n[DefeatDuel] Теряет 2 <sprite name=\"SelfCharge\"><color=#9f6a3a><u><link=\"SelfCharge\">ПодСолей</link></u></color>\nНаносит на 10% больше урона целям с <sprite name=\"Paralysis\"><color=#e30000><u><link=\"Paralysis\">Параличом</link></u></color>",
          "coinlist": [
            {
              "coindescs": [
                {
                  "desc": "[OnSucceedAttack] Наносит 2 <sprite name=\"Vulnerable\"><color=#e30000><u><link=\"Vulnerable\">Уязвимости</link></u></color> на следующий ход"
                },
                {
                  "desc": "[OnSucceedAttackHead] Наносит 2 <sprite name=\"Binding\"><color=#e30000><u><link=\"Binding\">Поноса</link></u></color> на следующий ход"
                }
              ]
            },
            {
              "coindescs": [
                {
                  "desc": "[OnSucceedAttack] Наносит 3 <sprite name=\"Paralysis\"><color=#e30000><u><link=\"Paralysis\">Паралича</link></u></color> на следующий ход"
                }
              ]
            }
          ]
        }
      ]
    },
    {
      "id": 854104,
      "levelList": [
        {
          "level": 1,
          "name": "Высоковольтный электрический разряд",
          "desc": "[WhenUse] При 5+ <sprite name=\"SelfCharge\"><color=#9f6a3a><u><link=\"SelfCharge\">ПодСолях</link></u></color> наносит на 20% больше урона за каждый счетчик <sprite name=\"SelfCharge\"><color=#9f6a3a><u><link=\"SelfCharge\">ПодСолей</link></u></color> более 5-ти\n[WhenUse] Сила столкновения +1 за каждый <sprite name=\"SelfCharge\"><color=#9f6a3a><u><link=\"SelfCharge\">Подзаряд</link></u></color>\n[WhenUse] Тратит весь <sprite name=\"SelfCharge\"><color=#9f6a3a><u><link=\"SelfCharge\">Подзаряд</link></u></color>",
          "coinlist": [
            {
              "coindescs": [
                {
                  "desc": "[OnSucceedAttack] Наносит 3 <sprite name=\"Vulnerable\"><color=#e30000><u><link=\"Vulnerable\">Уязвимости</link></u></color> на следующий ход"
                }
              ]
            },
            {
              "coindescs": [
                {
                  "desc": "[OnSucceedAttack] Наносит 5 <sprite name=\"Paralysis\"><color=#e30000><u><link=\"Paralysis\">Паралича</link></u></color> на следующий ход"
                }
              ]
            }
          ]
        }
      ]
    },
    {
      "id": 854105,
      "levelList": [
        {
          "level": 1,
          "name": "Свернуться",
          "desc": "Если этот навык находится на ячейке, голова получает 50 HP Щита за каждый <sprite name=\"SelfCharge\"><color=#9f6a3a><u><link=\"SelfCharge\">Подзаряд</link></u></color>.\nЕсли голова повреждена, вместо этого получает 25 HP Щита за каждый <sprite name=\"SelfCharge\"><color=#9f6a3a><u><link=\"SelfCharge\">Подзаряд</link></u></color>.\nПри потере того количества HP щита, на который был потрачен 1 <sprite name=\"SelfCharge\"><color=#9f6a3a><u><link=\"SelfCharge\">Подзаряд</link></u></color>, тратит еще один дополнительный <sprite name=\"SelfCharge\"><color=#9f6a3a><u><link=\"SelfCharge\">Подзаряд</link></u></color>",
          "coinlist": [
            {}
          ]
        }
      ]
    },
    {
      "id": 854106,
      "levelList": [
        {
          "level": 1,
          "name": "Извивающаяся голова",
          "desc": "Нацеливается на противника с наименьшими HP\n[WhenUse] Тратит 1 <sprite name=\"SelfCharge\"><color=#9f6a3a><u><link=\"SelfCharge\">Подзаряд</link></u></color>\n[DefeatDuel] Теряет 1 <sprite name=\"SelfCharge\"><color=#9f6a3a><u><link=\"SelfCharge\">Подзаряд</link></u></color>",
          "coinlist": [
            {},
            {
              "coindescs": [
                {
                  "desc": "[OnSucceedAttack] Наносит 3 <sprite name=\"Paralysis\"><color=#e30000><u><link=\"Paralysis\">Паралича</link></u></color> на следующий ход"
                }
              ]
            }
          ]
        }
      ]
    },
    {
      "id": 854107,
      "levelList": [
        {
          "level": 1,
          "name": "Извивающийся хвост",
          "desc": "Нацеливается на противника с наименьшими HP\n[WhenUse] Тратит 1 <sprite name=\"SelfCharge\"><color=#9f6a3a><u><link=\"SelfCharge\">Подзаряд</link></u></color>\n[DefeatDuel] Теряет 2 <sprite name=\"SelfCharge\"><color=#9f6a3a><u><link=\"SelfCharge\">ПодСолей</link></u></color>",
          "coinlist": [
            {},
            {},
            {
              "coindescs": [
                {
                  "desc": "[OnSucceedAttack] Наносит 3 <sprite name=\"Paralysis\"><color=#e30000><u><link=\"Paralysis\">Паралича</link></u></color> на следующий ход"
                }
              ]
            }
          ]
        }
      ]
    },
    {
      "id": 854201,
      "levelList": [
        {
          "level": 1,
          "name": "Хочешь выпить?",
          "desc": "",
          "coinlist": [
            {
              "coindescs": [
                {
                  "desc": "[OnSucceedAttack] Наносит 5 <sprite name=\"VibrationExplosion\"><color=#e30000><u><link=\"VibrationExplosion\">Трясет сучку</link></u></color> и +2 счетчика<sprite name=\"VibrationExplosion\"><color=#e30000><u><link=\"VibrationExplosion\">Трясет сучку</link></u></color>"
                }
              ]
            }
          ]
        }
      ]
    },
    {
      "id": 854202,
      "levelList": [
        {
          "level": 1,
          "name": "Выпьем вместе!",
          "desc": "",
          "coinlist": [
            {
              "coindescs": [
                {
                  "desc": "[OnSucceedAttack] Наносит 2 <sprite name=\"Binding\"><color=#e30000><u><link=\"Binding\">Поноса</link></u></color> на следующий ход"
                },
                {
                  "desc": "[OnSucceedAttack] Восстанавливает 5% от максимальных HP"
                }
              ]
            }
          ]
        }
      ]
    },
    {
      "id": 854203,
      "levelList": [
        {
          "level": 1,
          "name": "На этом у меня все!",
          "desc": "Приоритет нацеливания на противников с <sprite name=\"Vibration\"><color=#e30000><u><link=\"Vibration\">Тряской</link></u></color>",
          "coinlist": [
            {
              "coindescs": [
                {
                  "desc": "[OnSucceedAttack] Наносит 5 <sprite name=\"VibrationExplosion\"><color=#e30000><u><link=\"VibrationExplosion\">Трясет сучку</link></u></color>"
                }
              ]
            },
            {
              "coindescs": [
                {
                  "desc": "[OnSucceedAttack] <sprite name=\"VibrationExplosion\"><color=#e30000><u><link=\"VibrationExplosion\">Трясет сучку</link></u></color> по числу на счетчике <sprite name=\"Vibration\"><color=#e30000><u><link=\"Vibration\">Тряски</link></u></color> на цели"
                },
                {
                  "desc": "[OnSucceedAttack] Тратит весь <sprite name=\"Vibration\"><color=#e30000><u><link=\"Vibration\">Тряска</link></u></color> цели"
                }
              ]
            }
          ]
        }
      ]
    },
    {
      "id": 854204,
      "levelList": [
        {
          "level": 1,
          "name": "Возьму-ка это!",
          "desc": "Если на цели нет <sprite name=\"TipsinessRail\"><color=#9f6a3a><u><link=\"TipsinessRail\">Опьянения</link></u></color>, сила столкновения +8 \n[WhenUse] Если на цели нет <sprite name=\"TipsinessRail\"><color=#9f6a3a><u><link=\"TipsinessRail\">Опьянения</link></u></color>, наносит на 150% больше урона",
          "coinlist": [
            {
              "coindescs": [
                {
                  "desc": "[OnSucceedAttack] Если на цели 5+ <sprite name=\"TipsinessRail\"><color=#9f6a3a><u><link=\"TipsinessRail\">Опьянения</link></u></color>, наносит 0 урона.\nФея-джентльмен будет оглушен на следующем ходе."
                },
                {
                  "desc": "[OnSucceedAttack] Убирает все <sprite name=\"TipsinessRail\"><color=#9f6a3a><u><link=\"TipsinessRail\">Опьянение</link></u></color>."
                }
              ]
            }
          ]
        }
      ]
    },
    {
      "id": 854205,
      "levelList": [
        {
          "level": 1,
          "name": "Нравится это пойло?",
          "desc": "[WhenUse] Получает 3 <sprite name=\"Binding\"><color=#e30000><u><link=\"Binding\">Поноса</link></u></color> на следующий ход",
          "coinlist": [
            {
              "coindescs": [
                {
                  "desc": ""
                }
              ]
            }
          ]
        }
      ]
    },
    {
      "id": 854206,
      "levelList": [
        {
          "level": 1,
          "name": "Сделай глоточек!",
          "desc": "[StartBattle] Призывает Вино феи на следующем ходе\n[DefeatDuel] Вино феи призывается с 70% HP",
          "coinlist": [
            {
              "coindescs": [
                {
                  "desc": "[OnSucceedAttack] Наносит 5 <sprite name=\"VibrationExplosion\"><color=#e30000><u><link=\"VibrationExplosion\">Трясет сучку</link></u></color>"
                },
                {
                  "desc": "[OnSucceedAttack] <sprite name=\"VibrationExplosion\"><color=#e30000><u><link=\"VibrationExplosion\">Трясет сучку</link></u></color>"
                }
              ]
            }
          ]
        }
      ]
    },
    {
      "id": 854301,
      "levelList": [
        {
          "level": 1,
          "name": "Сладкое вино феи",
          "desc": "Когда убито айдишкой, дает 5 <sprite name=\"TipsinessRail\"><color=#9f6a3a><u><link=\"TipsinessRail\">Опьянения</link></u></color> всем айдишкам на следующий ход",
          "coinlist": [
            {}
          ]
        }
      ]
    },
    {
      "id": 854401,
      "levelList": [
        {
          "level": 1,
          "name": "Приклеенный оберег",
          "desc": "[WhenUse] Наносит 3 <sprite name=\"WrappedCurseTag\"><color=#9f6a3a><u><link=\"WrappedCurseTag\">Приклеенных оберега проклятия</link></u></color>",
          "coinlist": [
            {
              "coindescs": [
                {
                  "desc": "[OnSucceedAttack] Наносит 2 <sprite name=\"Burst\"><color=#e30000><u><link=\"Burst\">Зеленки</link></u></color> и +2 счетчика <sprite name=\"Burst\"><color=#e30000><u><link=\"Burst\">Зеленки</link></u></color> на следующий ход"
                }
              ]
            }
          ]
        }
      ]
    },
    {
      "id": 854402,
      "levelList": [
        {
          "level": 1,
          "name": "Накапливающееся проклятие",
          "desc": "[WhenUse] Наносит столько <sprite name=\"WrappedCurseTag\"><color=#9f6a3a><u><link=\"WrappedCurseTag\">Приклеенных оберегов проклятия</link></u></color>, сколько <sprite name=\"WrappedCurseTag\"><color=#9f6a3a><u><link=\"WrappedCurseTag\">Приклеенных оберегов проклятия</link></u></color> на цели",
          "coinlist": [
            {},
            {
              "coindescs": [
                {
                  "desc": "[OnSucceedAttack] Наносит 5 <sprite name=\"Burst\"><color=#e30000><u><link=\"Burst\">Зеленок</link></u></color> и +2 счетчика <sprite name=\"Burst\"><color=#e30000><u><link=\"Burst\">Зеленки</link></u></color> на следующий ход"
                }
              ]
            },
            {
              "coindescs": [
                {
                  "desc": "[OnSucceedAttack] Наносит 2 <sprite name=\"Burst\"><color=#e30000><u><link=\"Burst\">Зеленки</link></u></color> и +2 счетчика <sprite name=\"Burst\"><color=#e30000><u><link=\"Burst\">Зеленки</link></u></color> на следующий ход"
                }
              ]
            }
          ]
        }
      ]
    },
    {
      "id": 854403,
      "levelList": [
        {
          "level": 1,
          "name": "Чтобы никто не плакал",
          "desc": "[EndBattle] Убирает все <sprite name=\"ReattachedCurseTag\"><color=#9f6a3a><u><link=\"ReattachedCurseTag\">Переклеенный оберег проклятия</link></u></color>\n[WhenUse] При 10+ <sprite name=\"ReattachedCurseTag\"><color=#9f6a3a><u><link=\"ReattachedCurseTag\">Переклеенных оберегах проклятия</link></u></color> сила монет -1",
          "coinlist": [
            {
              "coindescs": [
                {
                  "desc": "[OnSucceedAttack] Наносит 2 <sprite name=\"Burst\"><color=#e30000><u><link=\"Burst\">Зеленки</link></u></color> на следующий ход"
                }
              ]
            },
            {
              "coindescs": [
                {
                  "desc": "[OnSucceedAttack] Наносит 2 <sprite name=\"Burst\"><color=#e30000><u><link=\"Burst\">Зеленки</link></u></color> на следующий ход"
                }
              ]
            },
            {
              "coindescs": [
                {
                  "desc": "[OnSucceedAttack] Наносит 2 <sprite name=\"Burst\"><color=#e30000><u><link=\"Burst\">Зеленки</link></u></color> на следующий ход"
                }
              ]
            },
            {
              "coindescs": [
                {
                  "desc": "[OnSucceedAttack] Наносит 2 <sprite name=\"Burst\"><color=#e30000><u><link=\"Burst\">Зеленки</link></u></color> на следующий ход"
                }
              ]
            },
            {
              "coindescs": [
                {
                  "desc": "[OnSucceedAttack] Наносит 5 <sprite name=\"Paralysis\"><color=#e30000><u><link=\"Paralysis\">Паралича</link></u></color> на следующий ход"
                },
                {
                  "desc": "[OnSucceedAttack] Наносит 5 <sprite name=\"Binding\"><color=#e30000><u><link=\"Binding\">Поноса</link></u></color> на следующий ход"
                }
              ]
            }
          ]
        }
      ]
    },
    {
      "id": 854404,
      "levelList": [
        {
          "level": 1,
          "name": "Передача оберега",
          "desc": "[WhenUse] Убирает все <sprite name=\"WrappedCurseTag\"><color=#9f6a3a><u><link=\"WrappedCurseTag\">Приклеенные обереги проклятия</link></u></color> с цели.\nПолучает <sprite name=\"ReattachedCurseTag\"><color=#9f6a3a><u><link=\"ReattachedCurseTag\">Переклеенные обереги проклятия</link></u></color>, равные кол-ву убранных <sprite name=\"WrappedCurseTag\"><color=#9f6a3a><u><link=\"WrappedCurseTag\">Приклеенных оберегов проклятия</link></u></color>\n[StartBattle] Все части получают 3 <sprite name=\"Protection\"><color=#f8c200><u><link=\"Protection\">Защищенности</link></u></color>",
          "coinlist": [
            {
              "coindescs": [
                {
                  "desc": ""
                }
              ]
            }
          ]
        }
      ]
    },
    {
      "id": 854405,
      "levelList": [
        {
          "level": 1,
          "name": "Растущее проклятие",
          "desc": "[WhenUse] Наносит <sprite name=\"WrappedCurseTag\"><color=#9f6a3a><u><link=\"WrappedCurseTag\">Приклеенные обереги проклятия</link></u></color> в кол-ве <sprite name=\"WrappedCurseTag\"><color=#9f6a3a><u><link=\"WrappedCurseTag\">Приклеенных оберегов проклятия</link></u></color> на цели",
          "coinlist": [
            {
              "coindescs": [
                {
                  "desc": ""
                }
              ]
            }
          ]
        }
      ]
    },
    {
      "id": 854501,
      "levelList": [
        {
          "level": 1,
          "name": "Беглые раны",
          "desc": "",
          "coinlist": [
            {
              "coindescs": [
                {
                  "desc": "[OnSucceedAttack] Если на цели 2+ счетчиков <sprite name=\"Laceration\"><color=#e30000><u><link=\"Laceration\">Кетчупа</link></u></color>, наносит 5 <sprite name=\"Laceration\"><color=#e30000><u><link=\"Laceration\">Кетчупа</link></u></color>"
                },
                {
                  "desc": "[OnSucceedAttack] Если на цели 2+ счетчиков <sprite name=\"Laceration\"><color=#e30000><u><link=\"Laceration\">Кетчупа</link></u></color>, наносит 1 <sprite name=\"Laceration\"><color=#e30000><u><link=\"Laceration\">Кетчуп</link></u></color>"
                },
                {
                  "desc": "[OnSucceedAttack] Наносит +4 счетчика <sprite name=\"Laceration\"><color=#e30000><u><link=\"Laceration\">Кетчупа</link></u></color>"
                }
              ]
            }
          ]
        }
      ]
    },
    {
      "id": 854502,
      "levelList": [
        {
          "level": 1,
          "name": "Тянущаяся травма",
          "desc": "",
          "coinlist": [
            {
              "coindescs": [
                {
                  "desc": "[OnSucceedAttack] Наносит 3 <sprite name=\"Laceration\"><color=#e30000><u><link=\"Laceration\">Кетчупа</link></u></color>"
                }
              ]
            }
          ]
        }
      ]
    },
    {
      "id": 854503,
      "levelList": [
        {
          "level": 1,
          "name": "Измазанное тело",
          "desc": "",
          "coinlist": [
            {
              "coindescs": [
                {
                  "desc": "[OnSucceedAttack] Наносит 3 <sprite name=\"Laceration\"><color=#e30000><u><link=\"Laceration\">Кетчупа</link></u></color>"
                },
                {
                  "desc": "[OnSucceedAttack] Если на цели <sprite name=\"Laceration\"><color=#e30000><u><link=\"Laceration\">Кетчуп</link></u></color>, восстанавливает 25 HP"
                }
              ]
            },
            {
              "coindescs": [
                {
                  "desc": "[OnSucceedAttack] Если на цели 2+ счетчика <sprite name=\"Laceration\"><color=#e30000><u><link=\"Laceration\">Кетчупа</link></u></color>, наносит 5 <sprite name=\"Laceration\"><color=#e30000><u><link=\"Laceration\">Кетчупа</link></u></color>"
                },
                {
                  "desc": "[OnSucceedAttack] Если на цели <sprite name=\"Laceration\"><color=#e30000><u><link=\"Laceration\">Кетчуп</link></u></color>, восстанавливает 25 HP"
                }
              ]
            }
          ]
        }
      ]
    },
    {
      "id": 854504,
      "levelList": [
        {
          "level": 1,
          "name": "Отбрасывающий тень",
          "desc": "[StartBattle] Призывает Преломленный клевер на следующем ходе.\n[DefeatDuel] Преломленный клевер призывается с 50% HP.",
          "coinlist": [
            {
              "coindescs": [
                {
                  "desc": "[OnSucceedAttack] Наносит на 5% больше урона за каждое <sprite name=\"Laceration\"><color=#e30000><u><link=\"Laceration\">Кетчуп</link></u></color> на цели"
                },
                {
                  "desc": "[OnSucceedAttack] Тратит все <sprite name=\"Laceration\"><color=#e30000><u><link=\"Laceration\">Кетчуп</link></u></color> цели"
                }
              ]
            }
          ]
        }
      ]
    },
    {
      "id": 854505,
      "levelList": [
        {
          "level": 1,
          "name": "Поглощение",
          "desc": "[StartBattle] Все части получают 3 <sprite name=\"Protection\"><color=#f8c200><u><link=\"Protection\">Защищенности</link></u></color>.",
          "coinlist": [
            {
              "coindescs": [
                {
                  "desc": "[OnSucceedAttack] Восстанавливает 1% от максимальные HP за каждое <sprite name=\"Laceration\"><color=#e30000><u><link=\"Laceration\">Кетчуп</link></u></color> на цели"
                },
                {
                  "desc": "[OnSucceedAttack] Тратит 1 счетчик <sprite name=\"Laceration\"><color=#e30000><u><link=\"Laceration\">Кетчупа</link></u></color> цели"
                }
              ]
            }
          ]
        }
      ]
    },
    {
      "id": 854701,
      "levelList": [
        {
          "level": 1,
          "name": "Хочешь выпить?",
          "desc": "",
          "coinlist": [
            {
              "coindescs": [
                {
                  "desc": "[OnSucceedAttack] Наносит 5 <sprite name=\"VibrationExplosion\"><color=#e30000><u><link=\"VibrationExplosion\">Трясет сучку</link></u></color> и +2 счетчика<sprite name=\"VibrationExplosion\"><color=#e30000><u><link=\"VibrationExplosion\">Трясет сучку</link></u></color>"
                }
              ]
            }
          ]
        }
      ]
    },
    {
      "id": 854702,
      "levelList": [
        {
          "level": 1,
          "name": "Выпьем вместе!",
          "desc": "",
          "coinlist": [
            {
              "coindescs": [
                {
                  "desc": "[OnSucceedAttack] Наносит 2 <sprite name=\"Binding\"><color=#e30000><u><link=\"Binding\">Поноса</link></u></color> на следующий ход"
                },
                {
                  "desc": "[OnSucceedAttack] Восстанавливает 5% от максимальных HP"
                }
              ]
            }
          ]
        }
      ]
    },
    {
      "id": 854703,
      "levelList": [
        {
          "level": 1,
          "name": "На этом у меня все!",
          "desc": "Приоритет нацеливания на противников с <sprite name=\"Vibration\"><color=#e30000><u><link=\"Vibration\">Тряской</link></u></color>",
          "coinlist": [
            {
              "coindescs": [
                {
                  "desc": "[OnSucceedAttack] Наносит 5 <sprite name=\"VibrationExplosion\"><color=#e30000><u><link=\"VibrationExplosion\">Трясет сучку</link></u></color>"
                }
              ]
            },
            {
              "coindescs": [
                {
                  "desc": "[OnSucceedAttack] <sprite name=\"VibrationExplosion\"><color=#e30000><u><link=\"VibrationExplosion\">Трясет сучку</link></u></color> по числу на счетчике <sprite name=\"Vibration\"><color=#e30000><u><link=\"Vibration\">Тряски</link></u></color> на цели"
                },
                {
                  "desc": "[OnSucceedAttack] Тратит весь <sprite name=\"Vibration\"><color=#e30000><u><link=\"Vibration\">Тряска</link></u></color> цели"
                }
              ]
            }
          ]
        }
      ]
    },
    {
      "id": 854704,
      "levelList": [
        {
          "level": 1,
          "name": "Возьму-ка это!",
          "desc": "Если на цели нет <sprite name=\"TipsinessRail\"><color=#9f6a3a><u><link=\"TipsinessRail\">Опьянения</link></u></color>, сила столкновения +8 \n[WhenUse] Если на цели нет <sprite name=\"TipsinessRail\"><color=#9f6a3a><u><link=\"TipsinessRail\">Опьянения</link></u></color>, наносит на 150% больше урона",
          "coinlist": [
            {
              "coindescs": [
                {
                  "desc": "[OnSucceedAttack] Если на цели 5+ <sprite name=\"TipsinessRail\"><color=#9f6a3a><u><link=\"TipsinessRail\">Опьянения</link></u></color>, наносит 0 урона.\nФея-джентльмен будет оглушен на следующем ходе."
                },
                {
                  "desc": "[OnSucceedAttack] Убирает все <sprite name=\"TipsinessRail\"><color=#9f6a3a><u><link=\"TipsinessRail\">Опьянение</link></u></color>."
                }
              ]
            }
          ]
        }
      ]
    },
    {
      "id": 854705,
      "levelList": [
        {
          "level": 1,
          "name": "Нравится это пойло?",
          "desc": "[WhenUse] Получает 3 <sprite name=\"Binding\"><color=#e30000><u><link=\"Binding\">Поноса</link></u></color> на следующий ход",
          "coinlist": [
            {
              "coindescs": [
                {
                  "desc": ""
                }
              ]
            }
          ]
        }
      ]
    },
    {
      "id": 854706,
      "levelList": [
        {
          "level": 1,
          "name": "Сделай глоточек!",
          "desc": "[StartBattle] Призывает Вино феи на следующем ходе\n[DefeatDuel] Вино феи призывается с 50% HP",
          "coinlist": [
            {
              "coindescs": [
                {
                  "desc": "[OnSucceedAttack] Наносит 5 <sprite name=\"VibrationExplosion\"><color=#e30000><u><link=\"VibrationExplosion\">Трясет сучку</link></u></color>"
                },
                {
                  "desc": "[OnSucceedAttack] <sprite name=\"VibrationExplosion\"><color=#e30000><u><link=\"VibrationExplosion\">Трясет сучку</link></u></color>"
                }
              ]
            }
          ]
        }
      ]
    },
    {
      "id": 854801,
      "levelList": [
        {
          "level": 1,
          "name": "Сладкое вино феи",
          "desc": "Когда убито айдишкой, дает 5 <sprite name=\"TipsinessRail\"><color=#9f6a3a><u><link=\"TipsinessRail\">Опьянения</link></u></color> всем айдишкам на следующий ход",
          "coinlist": [
            {}
          ]
        }
      ]
    },
    {
      "id": 854901,
      "levelList": [
        {
          "level": 1,
          "name": "Пойманная наживка",
          "desc": "[CantDuel] +1 к количеству целей за каждый ход с живой Феей.\nПриоритет нацеливания на айдишкам с эффектом <sprite name=\"FairyCharm\"><color=#9f6a3a><u><link=\"FairyCharm\">Зачарованный</link></u></color>.",
          "coinlist": [
            {
              "coindescs": [
                {
                  "desc": "[OnSucceedAttack] Наносит +2 счетчика <sprite name=\"Burst\"><color=#e30000><u><link=\"Burst\">Зеленки</link></u></color>"
                },
                {
                  "desc": "[OnSucceedAttack] Наносит 3 <sprite name=\"Laceration\"><color=#e30000><u><link=\"Laceration\">Кетчупа</link></u></color>"
                },
                {
                  "desc": "[OnSucceedAttack] Ядро и тело восстанавливают 15 HP"
                }
              ]
            }
          ]
        }
      ]
    },
    {
      "id": 854902,
      "levelList": [
        {
          "level": 1,
          "name": "Роющие корни",
          "desc": "",
          "coinlist": [
            {
              "coindescs": [
                {
                  "desc": "[OnSucceedAttack] Наносит +3 счетчика <sprite name=\"Burst\"><color=#e30000><u><link=\"Burst\">Зеленки</link></u></color>"
                },
                {
                  "desc": "[OnSucceedAttack] Наносит +3 счетчика <sprite name=\"Laceration\"><color=#e30000><u><link=\"Laceration\">Кетчупа</link></u></color>"
                }
              ]
            }
          ]
        }
      ]
    },
    {
      "id": 854903,
      "levelList": [
        {
          "level": 1,
          "name": "Растущие корни",
          "desc": "",
          "coinlist": [
            {
              "coindescs": [
                {
                  "desc": "[OnSucceedAttack] Наносит 5 <sprite name=\"Burst\"><color=#e30000><u><link=\"Burst\">Зеленок</link></u></color>"
                },
                {
                  "desc": "[OnSucceedAttack] Наносит 5 <sprite name=\"Laceration\"><color=#e30000><u><link=\"Laceration\">Кетчупа</link></u></color>"
                }
              ]
            }
          ]
        }
      ]
    },
    {
      "id": 854904,
      "levelList": [
        {
          "level": 1,
          "name": "Покушающиеся стебли",
          "desc": "",
          "coinlist": [
            {
              "coindescs": [
                {
                  "desc": "[OnSucceedAttack] Наносит на 5% больше урона за каждые 5 счетчиков <sprite name=\"Burst\"><color=#e30000><u><link=\"Burst\">Зеленки</link></u></color> на цели"
                }
              ]
            }
          ]
        }
      ]
    },
    {
      "id": 854905,
      "levelList": [
        {
          "level": 1,
          "name": "Незакрытая бездна",
          "desc": "Наносит на 100% больше урона целям с 5+ <sprite name=\"Burst\"><color=#e30000><u><link=\"Burst\">Зеленкеи</link></u></color>",
          "coinlist": [
            {
              "coindescs": [
                {
                  "desc": ""
                }
              ]
            }
          ]
        }
      ]
    },
    {
      "id": 854906,
      "levelList": [
        {
          "level": 1,
          "name": "Зачарованное сознание",
          "desc": "При атаке Фонаря фей наносится 0 урона.",
          "coinlist": [
            {
              "coindescs": [
                {
                  "desc": ""
                }
              ]
            }
          ]
        }
      ]
    },
    {
      "id": 855001,
      "levelList": [
        {
          "level": 1,
          "name": "Рассечение пространства",
          "desc": "[WhenUse] Получает +3 счетчика <sprite name=\"Charge\"><color=#f8c200><u><link=\"Charge\">Солей</link></u></color>\n[DefeatDuel] Понижает свой счетчик <sprite name=\"Charge\"><color=#f8c200><u><link=\"Charge\">Солей</link></u></color> на 2",
          "coinlist": [
            {
              "coindescs": [
                {
                  "desc": "[OnSucceedAttack] Наносит 3 <sprite name=\"Burst\"><color=#e30000><u><link=\"Burst\">Зеленки</link></u></color>"
                }
              ]
            }
          ]
        }
      ]
    },
    {
      "id": 855002,
      "levelList": [
        {
          "level": 1,
          "name": "Непрерывные рассечения пространства",
          "desc": "[WhenUse] Получает +3 счетчика <sprite name=\"Charge\"><color=#f8c200><u><link=\"Charge\">Солей</link></u></color>\n[DefeatDuel] Понижает свой счетчик <sprite name=\"Charge\"><color=#f8c200><u><link=\"Charge\">Солей</link></u></color> на 2",
          "coinlist": [
            {
              "coindescs": [
                {
                  "desc": "[OnSucceedAttack] Наносит 3 <sprite name=\"DimensionRift\"><color=#e30000><u><link=\"DimensionRift\">Пространственный разлом</link></u></color>"
                }
              ]
            },
            {
              "coindescs": [
                {
                  "desc": "[OnSucceedAttack] Наносит 3 <sprite name=\"DimensionRift\"><color=#e30000><u><link=\"DimensionRift\">Пространственный разлом</link></u></color>"
                }
              ]
            }
          ]
        }
      ]
    },
    {
      "id": 855003,
      "levelList": [
        {
          "level": 1,
          "name": "Побочный выброс",
          "desc": "[DefeatDuel] Понижает свой счетчик <sprite name=\"Charge\"><color=#f8c200><u><link=\"Charge\">Солей</link></u></color> на 2",
          "coinlist": [
            {
              "coindescs": [
                {
                  "desc": "[OnSucceedAttack] Наносит 5 <sprite name=\"Burst\"><color=#e30000><u><link=\"Burst\">Зеленок</link></u></color>"
                }
              ]
            }
          ]
        }
      ]
    },
    {
      "id": 855004,
      "levelList": [
        {
          "level": 1,
          "name": "<sprite name=\"Burst\"><color=#e30000><u><link=\"Burst\">Зеленок</link></u></color> пространства",
          "desc": "При 10+ счетчиках <sprite name=\"Charge\"><color=#f8c200><u><link=\"Charge\">Солей</link></u></color> тратит 10 счетчиков <sprite name=\"Charge\"><color=#f8c200><u><link=\"Charge\">Солей</link></u></color> и получает силу столкновения +5 и наносит на 100% больше урона\nПри 10- счетчиках <sprite name=\"Charge\"><color=#f8c200><u><link=\"Charge\">Солей</link></u></color> тратит 100 HP ядра и наносит на 80% больше урона\nЭтот навык не понижает HP персонажа до 0.",
          "coinlist": [
            {
              "coindescs": [
                {
                  "desc": "[OnSucceedAttackHead] Получает+2 счетчика <sprite name=\"Charge\"><color=#f8c200><u><link=\"Charge\">Солей</link></u></color>"
                },
                {
                  "desc": "[OnSucceedAttack] Наносит 3 <sprite name=\"DimensionRift\"><color=#e30000><u><link=\"DimensionRift\">Пространственных разлома</link></u></color>"
                }
              ]
            },
            {
              "coindescs": [
                {
                  "desc": "[OnSucceedAttackHead] Получает +2 счетчика <sprite name=\"Charge\"><color=#f8c200><u><link=\"Charge\">Солей</link></u></color>"
                },
                {
                  "desc": "[OnSucceedAttack] Наносит 3 <sprite name=\"DimensionRift\"><color=#e30000><u><link=\"DimensionRift\">Пространственных разлома</link></u></color>"
                }
              ]
            }
          ]
        }
      ]
    },
    {
      "id": 855005,
      "levelList": [
        {
          "level": 1,
          "name": "Спланированная месть",
          "desc": "[WhenUse] Получает +1 счетчик <sprite name=\"Charge\"><color=#f8c200><u><link=\"Charge\">Солей</link></u></color>",
          "coinlist": [
            {
              "coindescs": [
                {
                  "desc": "[OnSucceedAttack] Наносит +2 счетчика <sprite name=\"Burst\"><color=#e30000><u><link=\"Burst\">Зеленки</link></u></color>"
                }
              ]
            },
            {
              "coindescs": [
                {
                  "desc": "[OnSucceedAttack] Наносит 2 <sprite name=\"Burst\"><color=#e30000><u><link=\"Burst\">Зеленки</link></u></color>"
                }
              ]
            }
          ]
        }
      ]
    },
    {
      "id": 855006,
      "levelList": [
        {
          "level": 1,
          "name": "Побочное извержение",
          "desc": "[WhenUse] Если на цели есть <sprite name=\"DimensionRift\"><color=#e30000><u><link=\"DimensionRift\">Пространственный разлом</link></u></color>, наносит на 10% больше урона\n[DefeatDuel] Понижает свой счетчик <sprite name=\"Charge\"><color=#f8c200><u><link=\"Charge\">Солей</link></u></color> на 2",
          "coinlist": [
            {
              "coindescs": [
                {
                  "desc": "[OnSucceedAttack] Наносит 5 <sprite name=\"DimensionRift\"><color=#e30000><u><link=\"DimensionRift\">Пространственных разломов</link></u></color>"
                }
              ]
            }
          ]
        }
      ]
    },
    {
      "id": 855007,
      "levelList": [
        {
          "level": 1,
          "name": "Высокоскоростной зеленка пространства",
          "desc": "Получает силу столкновения, равную наибольшему кол-ву <sprite name=\"DimensionRift\"><color=#e30000><u><link=\"DimensionRift\">Пространственных разломов</link></u></color> на цели\nНаносит на 10% больше урона за каждый <sprite name=\"DimensionRift\"><color=#e30000><u><link=\"DimensionRift\">Пространственный разлом</link></u></color> на себе",
          "coinlist": [
            {
              "coindescs": [
                {
                  "desc": "[OnSucceedAttack] Наносит 3 <sprite name=\"Burst\"><color=#e30000><u><link=\"Burst\">Зеленки</link></u></color>"
                }
              ]
            }
          ]
        }
      ]
    },
    {
      "id": 855008,
      "levelList": [
        {
          "level": 1,
          "name": "Найдена возможность",
          "desc": "[WhenUse] Если на цели есть <sprite name=\"DimensionRift\"><color=#e30000><u><link=\"DimensionRift\">Пространственный разлом</link></u></color>, наносит на 20% больше урона",
          "coinlist": [
            {
              "coindescs": [
                {
                  "desc": "[OnSucceedAttack] Наносит 3 <sprite name=\"DimensionRift\"><color=#e30000><u><link=\"DimensionRift\">Пространственных разлома</link></u></color>"
                }
              ]
            }
          ]
        }
      ]
    },
    {
      "id": 855009,
      "levelList": [
        {
          "level": 1,
          "name": "Атака из разлома",
          "desc": "[WhenUse] Если на цели есть <sprite name=\"DimensionRift\"><color=#e30000><u><link=\"DimensionRift\">Пространственный разлом</link></u></color>, наносит на 10% больше урона",
          "coinlist": [
            {
              "coindescs": [
                {
                  "desc": "[OnSucceedAttack] Наносит 3 <sprite name=\"DimensionRift\"><color=#e30000><u><link=\"DimensionRift\">Пространственных разлома</link></u></color>"
                }
              ]
            }
          ]
        }
      ]
    },
    {
      "id": 855101,
      "levelList": [
        {
          "level": 1,
          "name": "Остановленный момент",
          "desc": "[DefeatDuel] Понижает свой счетчик <sprite name=\"Charge\"><color=#f8c200><u><link=\"Charge\">Солей</link></u></color> на 2",
          "coinlist": [
            {
              "coindescs": [
                {
                  "desc": "[OnSucceedAttack] Наносит 1 <sprite name=\"InterlockingTime\"><color=#e30000><u><link=\"InterlockingTime\">Остановку времени</link></u></color>"
                },
                {
                  "desc": "[OnSucceedAttackHead] Наносит 3 <sprite name=\"Paralysis\"><color=#e30000><u><link=\"Paralysis\">Паралича</link></u></color>"
                }
              ]
            }
          ]
        }
      ]
    },
    {
      "id": 855102,
      "levelList": [
        {
          "level": 1,
          "name": "Забранное время",
          "desc": "Сила навыка +1 за каждые 3 счетчика <sprite name=\"Charge\"><color=#f8c200><u><link=\"Charge\">Солей</link></u></color>\n[WhenUse] Получает +4 счетчика <sprite name=\"Charge\"><color=#f8c200><u><link=\"Charge\">Солей</link></u></color>",
          "coinlist": [
            {
              "coindescs": [
                {
                  "desc": "[OnSucceedAttack] Получает 3 <sprite name=\"TimeRental\"><color=#f8c200><u><link=\"TimeRental\">Одолженных времени</link></u></color> на следующий ход"
                },
                {
                  "desc": "[OnSucceedAttack] Наносит 3 <sprite name=\"Binding\"><color=#e30000><u><link=\"Binding\">Поноса</link></u></color> на следующий ход"
                }
              ]
            }
          ]
        }
      ]
    },
    {
      "id": 855103,
      "levelList": [
        {
          "level": 1,
          "name": "Момент ускорения",
          "desc": "Сила навыка +1 за каждое <sprite name=\"TimeRental_Re\"><color=#f8c200><u><link=\"TimeRental_Re\">Одолженное время</link></u></color>\n[DefeatDuel] Понижает свой счетчик <sprite name=\"Charge\"><color=#f8c200><u><link=\"Charge\">Солей</link></u></color> на 3",
          "coinlist": [
            {
              "coindescs": [
                {
                  "desc": "[OnSucceedAttack] Наносит 2 <sprite name=\"InterlockingTime\"><color=#e30000><u><link=\"InterlockingTime\">Остановки времени</link></u></color>"
                },
                {
                  "desc": "[OnSucceedAttack] Наносит 2 <sprite name=\"Binding\"><color=#e30000><u><link=\"Binding\">Поноса</link></u></color> на следующий ход"
                }
              ]
            },
            {
              "coindescs": [
                {
                  "desc": "[OnSucceedAttack] Наносит на 20% больше урона за каждое <sprite name=\"TimeRental_Re\"><color=#f8c200><u><link=\"TimeRental_Re\">Одолженное время</link></u></color>"
                },
                {
                  "desc": "[OnSucceedAttack] Получает +4 счетчика <sprite name=\"Charge\"><color=#f8c200><u><link=\"Charge\">Солей</link></u></color>"
                }
              ]
            }
          ]
        }
      ]
    },
    {
      "id": 855104,
      "levelList": [
        {
          "level": 1,
          "name": "Зарядная защита",
          "desc": "[StartBattle] Получает +1 счетчик <sprite name=\"Charge\"><color=#f8c200><u><link=\"Charge\">Солей</link></u></color>",
          "coinlist": [
            {
              "coindescs": [
                {
                  "desc": ""
                }
              ]
            }
          ]
        }
      ]
    },
    {
      "id": 855501,
      "levelList": [
        {
          "level": 1,
          "name": "6463",
          "desc": "Наносит на 10% больше урона за каждые 50 <sprite name=\"AccumulatedPast\"><color=#9f6a3a><u><link=\"AccumulatedPast\">Накопленного прошлого</link></u></color>",
          "coinlist": [
            {
              "coindescs": [
                {
                  "desc": "[OnSucceedAttack] Наносит 3 <sprite name=\"Binding\"><color=#e30000><u><link=\"Binding\">Поноса</link></u></color> на следующий ход"
                }
              ]
            }
          ]
        }
      ]
    },
    {
      "id": 855502,
      "levelList": [
        {
          "level": 1,
          "name": "6753",
          "desc": "Наносит на 10% больше урона за каждые 50 <sprite name=\"AccumulatedPast\"><color=#9f6a3a><u><link=\"AccumulatedPast\">Накопленного прошлого</link></u></color>",
          "coinlist": [
            {
              "coindescs": [
                {
                  "desc": "[OnSucceedAttack] Наносит 3 <sprite name=\"Paralysis\"><color=#e30000><u><link=\"Paralysis\">Паралича</link></u></color> на следующий ход"
                }
              ]
            }
          ]
        }
      ]
    },
    {
      "id": 855503,
      "levelList": [
        {
          "level": 1,
          "name": "853",
          "desc": "При 5+ <sprite name=\"Breath\"><color=#f8c200><u><link=\"Breath\">Кумара</link></u></color> сила столкновения +1",
          "coinlist": [
            {
              "coindescs": [
                {
                  "desc": "[OnSucceedAttack] Наносит 3 <sprite name=\"Paralysis\"><color=#e30000><u><link=\"Paralysis\">Паралича</link></u></color> на следующий ход"
                }
              ]
            },
            {
              "coindescs": [
                {
                  "desc": "[OnSucceedAttack] Повышает границы выносливости на 50% от нанесенного урона"
                },
                {
                  "desc": "[OnSucceedAttack] Наносит на 1% больше урона за каждое <sprite name=\"AccumulatedPast\"><color=#9f6a3a><u><link=\"AccumulatedPast\">Накопленное прошлое</link></u></color> (До 50%)"
                }
              ]
            }
          ]
        }
      ]
    },
    {
      "id": 855504,
      "levelList": [
        {
          "level": 1,
          "name": "5384",
          "desc": "[WhenUse] Все части получают 3 <sprite name=\"Breath\"><color=#f8c200><u><link=\"Breath\">Кумар</link></u></color> и +3 счетчика <sprite name=\"Breath\"><color=#f8c200><u><link=\"Breath\">Кумара</link></u></color>",
          "coinlist": [
            {
              "coindescs": [
                {
                  "desc": "[OnSucceedAttack] Повышает границы выносливости на кол-во <sprite name=\"Breath\"><color=#f8c200><u><link=\"Breath\">Кумара</link></u></color>"
                }
              ]
            },
            {
              "coindescs": [
                {
                  "desc": "[OnSucceedAttack] Получает на 20% больше урона за каждые 3 <sprite name=\"Breath\"><color=#f8c200><u><link=\"Breath\">Кумара</link></u></color> (До 100%)"
                },
                {
                  "desc": "[OnSucceedAttack] Все части получают 4 <sprite name=\"Breath\"><color=#f8c200><u><link=\"Breath\">Кумара</link></u></color>"
                }
              ]
            }
          ]
        }
      ]
    },
    {
      "id": 855505,
      "levelList": [
        {
          "level": 1,
          "name": "6475384",
          "desc": "При 7+ <sprite name=\"Breath\"><color=#f8c200><u><link=\"Breath\">Кумара</link></u></color> сила монет +1",
          "coinlist": [
            {
              "coindescs": [
                {
                  "desc": "[OnSucceedAttack] При 5+ <sprite name=\"Breath\"><color=#f8c200><u><link=\"Breath\">Кумаре</link></u></color> повышает границы выносливости на 50% от нанесенного урона"
                },
                {
                  "desc": "[OnSucceedAttack] Все части получают 8 <sprite name=\"Breath\"><color=#f8c200><u><link=\"Breath\">Кумара</link></u></color> и +4 счетчика <sprite name=\"Breath\"><color=#f8c200><u><link=\"Breath\">Кумара</link></u></color>"
                }
              ]
            }
          ]
        }
      ]
    },
    {
      "id": 855506,
      "levelList": [
        {
          "level": 1,
          "name": "974569A",
          "desc": "При 10+ <sprite name=\"Breath\"><color=#f8c200><u><link=\"Breath\">Кумара</link></u></color> сила навыка +2",
          "coinlist": [
            {
              "coindescs": [
                {
                  "desc": "[OnSucceedAttack] Наносит на 1% больше урона за каждое <sprite name=\"AccumulatedPast\"><color=#9f6a3a><u><link=\"AccumulatedPast\">Накопленное прошлое</link></u></color> (До 200%)"
                }
              ]
            }
          ]
        }
      ]
    },
    {
      "id": 855601,
      "levelList": [
        {
          "level": 1,
          "name": "В сад вечности",
          "desc": "[CantDuel]\n[WhenUse] Получает Терновый венец и снимает с себя все эффекты\nЕсли у Ядра менее 40% HP, Розы будут призываться в Усиленном состоянии",
          "coinlist": [
            {}
          ]
        }
      ]
    },
    {
      "id": 855602,
      "levelList": [
        {
          "level": 1,
          "name": "Хватит",
          "desc": "",
          "coinlist": [
            {
              "coindescs": [
                {
                  "desc": "[OnSucceedAttack] Наносит 2 <sprite name=\"Combustion\"><color=#e30000><u><link=\"Combustion\">Изжоги</link></u></color> и 2 <sprite name=\"VibrationExplosion\"><color=#e30000><u><link=\"VibrationExplosion\">Трясет сучку</link></u></color>"
                },
                {
                  "desc": "[OnSucceedAttack] Наносит 1 <sprite name=\"Paralysis\"><color=#e30000><u><link=\"Paralysis\">Паралич</link></u></color> на следующий ход"
                }
              ]
            },
            {
              "coindescs": [
                {
                  "desc": "[OnSucceedAttack] Наносит 2 <sprite name=\"Combustion\"><color=#e30000><u><link=\"Combustion\">Изжоги</link></u></color> и 2 <sprite name=\"VibrationExplosion\"><color=#e30000><u><link=\"VibrationExplosion\">Трясет сучку</link></u></color>"
                },
                {
                  "desc": "[OnSucceedAttack] Наносит 1 <sprite name=\"Paralysis\"><color=#e30000><u><link=\"Paralysis\">Паралич</link></u></color> на следующий ход"
                }
              ]
            }
          ]
        }
      ]
    },
    {
      "id": 855603,
      "levelList": [
        {
          "level": 1,
          "name": "Пленение",
          "desc": "",
          "coinlist": [
            {
              "coindescs": [
                {
                  "desc": "[OnSucceedAttack] Наносит 2 <sprite name=\"Binding\"><color=#e30000><u><link=\"Binding\">Поноса</link></u></color> на следующий ход"
                }
              ]
            },
            {
              "coindescs": [
                {
                  "desc": "[OnSucceedAttack] Наносит 3 <sprite name=\"Laceration\"><color=#e30000><u><link=\"Laceration\">Кетчупа</link></u></color> и 3 <sprite name=\"Burst\"><color=#e30000><u><link=\"Burst\">Зеленки</link></u></color>"
                },
                {
                  "desc": "[OnSucceedAttack] Восстанавливает 10 HP Розе с наименьшими в процентном соотношении HP"
                }
              ]
            }
          ]
        }
      ]
    },
    {
      "id": 855604,
      "levelList": [
        {
          "level": 1,
          "name": "Нескончаемое цветение",
          "desc": "Приоритет нацеливания на противников без Терновый венец",
          "coinlist": [
            {
              "coindescs": [
                {
                  "desc": "[OnSucceedAttack] Наносит 1 <sprite name=\"Paralysis\"><color=#e30000><u><link=\"Paralysis\">Паралич</link></u></color> и 1 <sprite name=\"Binding\"><color=#e30000><u><link=\"Binding\">Понос</link></u></color> на следующий ход"
                }
              ]
            },
            {
              "coindescs": [
                {
                  "desc": "[OnSucceedAttack] Дает Терновый венец"
                }
              ]
            },
            {
              "coindescs": [
                {
                  "desc": "[OnSucceedAttack] Ядро восстанавливает 30 HP"
                }
              ]
            }
          ]
        }
      ]
    },
    {
      "id": 855605,
      "levelList": [
        {
          "level": 1,
          "name": "Стена отдаления",
          "desc": "Сила +2 за каждую живую Розу\nЕсли на поле боя не осталось живых Роз, получает 2 <sprite name=\"Vulnerable\"><color=#e30000><u><link=\"Vulnerable\">Уязвимости</link></u></color>",
          "coinlist": [
            {
              "coindescs": [
                {
                  "desc": "[OnSucceedAttack] Ядро восстанавливает 30 HP"
                }
              ]
            }
          ]
        }
      ]
    },
    {
      "id": 855606,
      "levelList": [
        {
          "level": 1,
          "name": "Мечты о нескончаемости",
          "desc": "[StartBattle] Дает 1 <sprite name=\"Enhancement\"><color=#f8c200><u><link=\"Enhancement\">Повышение силы атаки</link></u></color> одной случайной Розе на следующий ход\nПри получении атаки, при этом имея щит, наносит 1 <sprite name=\"Sinking\"><color=#e30000><u><link=\"Sinking\">Депрессию</link></u></color> атаковавшему",
          "coinlist": [
            {
              "coindescs": [
                {
                  "desc": ""
                }
              ]
            }
          ]
        }
      ]
    },
    {
      "id": 855607,
      "levelList": [
        {
          "level": 1,
          "name": "Здесь, с тобой",
          "desc": "[StartBattle] Дает 1 <sprite name=\"Endurance\"><color=#f8c200><u><link=\"Endurance\">Повышение силы защиты</link></u></color> одной случайной Розе на следующий ход\nПри получении атаки, при этом имея щит, наносит 1 <sprite name=\"Sinking\"><color=#e30000><u><link=\"Sinking\">Депрессию</link></u></color> атаковавшему",
          "coinlist": [
            {
              "coindescs": [
                {
                  "desc": ""
                }
              ]
            }
          ]
        }
      ]
    },
    {
      "id": 856401,
      "levelList": [
        {
          "level": 1,
          "name": "Сжигающий гнев",
          "desc": "",
          "coinlist": [
            {
              "coindescs": [
                {
                  "desc": "[OnSucceedAttack] Наносит 2 <sprite name=\"Combustion\"><color=#e30000><u><link=\"Combustion\">Изжоги</link></u></color>"
                }
              ]
            },
            {
              "coindescs": [
                {
                  "desc": "[OnSucceedAttack] Наносит 2 <sprite name=\"Combustion\"><color=#e30000><u><link=\"Combustion\">Изжоги</link></u></color>"
                }
              ]
            },
            {
              "coindescs": [
                {
                  "desc": "[OnSucceedAttack] Наносит 2 <sprite name=\"Combustion\"><color=#e30000><u><link=\"Combustion\">Изжоги</link></u></color>"
                }
              ]
            }
          ]
        }
      ]
    },
    {
      "id": 856402,
      "levelList": [
        {
          "level": 1,
          "name": "Вездесущий гнев",
          "desc": "",
          "coinlist": [
            {
              "coindescs": [
                {
                  "desc": "[OnSucceedAttack] Наносит +2 счетчика <sprite name=\"Combustion\"><color=#e30000><u><link=\"Combustion\">Изжоги</link></u></color>"
                }
              ]
            },
            {
              "coindescs": [
                {
                  "desc": "[OnSucceedAttack] Наносит +2 счетчика <sprite name=\"Combustion\"><color=#e30000><u><link=\"Combustion\">Изжоги</link></u></color>"
                }
              ]
            }
          ]
        }
      ]
    },
    {
      "id": 856501,
      "levelList": [
        {
          "level": 1,
          "name": "Нарастающая похоть",
          "desc": "",
          "coinlist": [
            {
              "coindescs": [
                {
                  "desc": "[OnSucceedAttack] Наносит 2 <sprite name=\"Laceration\"><color=#e30000><u><link=\"Laceration\">Кетчупа</link></u></color>"
                },
                {
                  "desc": "[OnSucceedAttack] Понижает границы выносливости этого персонажа на 50% от нанесенного урона"
                }
              ]
            },
            {
              "coindescs": [
                {
                  "desc": "[OnSucceedAttack] Наносит 2 <sprite name=\"Laceration\"><color=#e30000><u><link=\"Laceration\">Кетчупа</link></u></color>"
                },
                {
                  "desc": "[OnSucceedAttack] Понижает границы выносливости этого персонажа на 50% от нанесенного урона"
                }
              ]
            },
            {
              "coindescs": [
                {
                  "desc": "[OnSucceedAttack] Наносит 2 <sprite name=\"Laceration\"><color=#e30000><u><link=\"Laceration\">Кетчупа</link></u></color>"
                },
                {
                  "desc": "[OnSucceedAttack] Понижает границы выносливости этого персонажа на 50% от нанесенного урона"
                }
              ]
            }
          ]
        }
      ]
    },
    {
      "id": 856502,
      "levelList": [
        {
          "level": 1,
          "name": "Пронизывающая похоть",
          "desc": "",
          "coinlist": [
            {
              "coindescs": [
                {
                  "desc": "[OnSucceedAttack] Наносит +2 счетчика <sprite name=\"Laceration\"><color=#e30000><u><link=\"Laceration\">Кетчупа</link></u></color>"
                }
              ]
            },
            {
              "coindescs": [
                {
                  "desc": "[OnSucceedAttack] Наносит +2 счетчика <sprite name=\"Laceration\"><color=#e30000><u><link=\"Laceration\">Кетчупа</link></u></color>"
                }
              ]
            },
            {
              "coindescs": [
                {
                  "desc": "[OnSucceedAttack] Наносит +2 счетчика <sprite name=\"Laceration\"><color=#e30000><u><link=\"Laceration\">Кетчупа</link></u></color>"
                }
              ]
            }
          ]
        }
      ]
    },
    {
      "id": 856601,
      "levelList": [
        {
          "level": 1,
          "name": "Парализующая лень",
          "desc": "",
          "coinlist": [
            {
              "coindescs": [
                {
                  "desc": "[OnSucceedAttack] Наносит 8 <sprite name=\"VibrationExplosion\"><color=#e30000><u><link=\"VibrationExplosion\">Трясет сучку</link></u></color>"
                }
              ]
            }
          ]
        }
      ]
    },
    {
      "id": 856602,
      "levelList": [
        {
          "level": 1,
          "name": "Несподручная лень",
          "desc": "",
          "coinlist": [
            {
              "coindescs": [
                {
                  "desc": "[OnSucceedAttack] Наносит +2 счетчика <sprite name=\"VibrationExplosion\"><color=#e30000><u><link=\"VibrationExplosion\">Трясет сучку</link></u></color>"
                },
                {
                  "desc": "[OnSucceedAttackHead] <sprite name=\"VibrationExplosion\"><color=#e30000><u><link=\"VibrationExplosion\">Трясет сучку</link></u></color>"
                }
              ]
            }
          ]
        }
      ]
    },
    {
      "id": 856603,
      "levelList": [
        {
          "level": 1,
          "name": "Усыпляющая лень",
          "desc": "Если получает атаку, при этом имея щит, провоцирует<sprite name=\"VibrationExplosion\"><color=#e30000><u><link=\"VibrationExplosion\">Трясет сучку</link></u></color> у себя и у атаковавшего",
          "coinlist": [
            {
              "coindescs": [
                {
                  "desc": ""
                }
              ]
            }
          ]
        }
      ]
    },
    {
      "id": 856701,
      "levelList": [
        {
          "level": 1,
          "name": "Ненасытное чревоугодие",
          "desc": "",
          "coinlist": [
            {
              "coindescs": [
                {
                  "desc": "[OnSucceedAttack] Наносит 5 <sprite name=\"Burst\"><color=#e30000><u><link=\"Burst\">Зеленок</link></u></color>"
                }
              ]
            }
          ]
        }
      ]
    },
    {
      "id": 856702,
      "levelList": [
        {
          "level": 1,
          "name": "Превосходящее чревоугодие",
          "desc": "",
          "coinlist": [
            {
              "coindescs": [
                {
                  "desc": "[OnSucceedAttack] Наносит +4 счетчика <sprite name=\"Burst\"><color=#e30000><u><link=\"Burst\">Зеленки</link></u></color>"
                }
              ]
            }
          ]
        }
      ]
    },
    {
      "id": 856703,
      "levelList": [
        {
          "level": 1,
          "name": "Неугасимое чревоугодие",
          "desc": "[WhenUse] Если на цели есть <sprite name=\"Burst\"><color=#e30000><u><link=\"Burst\">Зеленка</link></u></color>, повышает восстановление HP на 50%",
          "coinlist": [
            {
              "coindescs": [
                {
                  "desc": "[OnSucceedAttack] Восстанавливает 25% от нанесенного урона"
                }
              ]
            },
            {
              "coindescs": [
                {
                  "desc": "[OnSucceedAttack] Восстанавливает 25% от нанесенного урона"
                }
              ]
            },
            {
              "coindescs": [
                {
                  "desc": "[OnSucceedAttack] Восстанавливает 25% от нанесенного урона"
                }
              ]
            },
            {
              "coindescs": [
                {
                  "desc": "[OnSucceedAttack] Восстанавливает 25% от нанесенного урона"
                }
              ]
            }
          ]
        }
      ]
    },
    {
      "id": 856801,
      "levelList": [
        {
          "level": 1,
          "name": "Переполняющее уныние",
          "desc": "",
          "coinlist": [
            {
              "coindescs": [
                {
                  "desc": "[OnSucceedAttack] Наносит 6 <sprite name=\"Sinking\"><color=#e30000><u><link=\"Sinking\">Депрессии</link></u></color>"
                }
              ]
            }
          ]
        }
      ]
    },
    {
      "id": 856802,
      "levelList": [
        {
          "level": 1,
          "name": "Растущее уныние",
          "desc": "",
          "coinlist": [
            {
              "coindescs": [
                {
                  "desc": "[OnSucceedAttack] Наносит +3 счетчика <sprite name=\"Sinking\"><color=#e30000><u><link=\"Sinking\">Депрессии</link></u></color>"
                }
              ]
            },
            {
              "coindescs": [
                {
                  "desc": "[OnSucceedAttack] Наносит +3 счетчика <sprite name=\"Sinking\"><color=#e30000><u><link=\"Sinking\">Депрессии</link></u></color>"
                }
              ]
            }
          ]
        }
      ]
    },
    {
      "id": 856803,
      "levelList": [
        {
          "level": 1,
          "name": "Всеобъемлющее уныние",
          "desc": "Если получает атаку, при этом имея щит, наносит +1 счетчик <sprite name=\"Sinking\"><color=#e30000><u><link=\"Sinking\">Депрессии</link></u></color> себе и атаковавшему",
          "coinlist": [
            {
              "coindescs": [
                {
                  "desc": ""
                }
              ]
            }
          ]
        }
      ]
    },
    {
      "id": 856901,
      "levelList": [
        {
          "level": 1,
          "name": "Фонтанирующая гордыня",
          "desc": "[WhenUse] Дает 3 <sprite name=\"Breath\"><color=#f8c200><u><link=\"Breath\">Кумара</link></u></color> всем союзникам",
          "coinlist": [
            {
              "coindescs": [
                {
                  "desc": ""
                }
              ]
            }
          ]
        }
      ]
    },
    {
      "id": 856902,
      "levelList": [
        {
          "level": 1,
          "name": "Возвышенная гордыня",
          "desc": "[WhenUse] Дает +2 счетчика <sprite name=\"Breath\"><color=#f8c200><u><link=\"Breath\">Кумара</link></u></color> всем союзникам",
          "coinlist": [
            {
              "coindescs": [
                {
                  "desc": "[OnSucceedAttack] Получает +1 счетчик <sprite name=\"Breath\"><color=#f8c200><u><link=\"Breath\">Кумара</link></u></color>"
                }
              ]
            },
            {
              "coindescs": [
                {
                  "desc": "[OnSucceedAttack] Получает +1 счетчик <sprite name=\"Breath\"><color=#f8c200><u><link=\"Breath\">Кумара</link></u></color>"
                }
              ]
            }
          ]
        }
      ]
    },
    {
      "id": 856903,
      "levelList": [
        {
          "level": 1,
          "name": "Чуткая гордыня",
          "desc": "При 5+ <sprite name=\"Breath\"><color=#f8c200><u><link=\"Breath\">Кумара</link></u></color> сила монет +3",
          "coinlist": [
            {
              "coindescs": [
                {
                  "desc": ""
                }
              ]
            }
          ]
        }
      ]
    },
    {
      "id": 857001,
      "levelList": [
        {
          "level": 1,
          "name": "Взваленная зависть",
          "desc": "[WhenUse] Получает +3 счетчика <sprite name=\"Charge\"><color=#f8c200><u><link=\"Charge\">Солей</link></u></color>\n[DefeatDuel] Понижает свой счетчик <sprite name=\"Charge\"><color=#f8c200><u><link=\"Charge\">Солей</link></u></color> на 3",
          "coinlist": [
            {
              "coindescs": [
                {
                  "desc": "[OnSucceedAttack] Получает +1 счетчик <sprite name=\"Charge\"><color=#f8c200><u><link=\"Charge\">Солей</link></u></color>"
                }
              ]
            },
            {
              "coindescs": [
                {
                  "desc": "[OnSucceedAttack] Получает +1 счетчик <sprite name=\"Charge\"><color=#f8c200><u><link=\"Charge\">Солей</link></u></color>"
                }
              ]
            }
          ]
        }
      ]
    },
    {
      "id": 857002,
      "levelList": [
        {
          "level": 1,
          "name": "Растущая зависть",
          "desc": "[WhenUse] Тратит 10 <sprite name=\"Charge\"><color=#f8c200><u><link=\"Charge\">Солей</link></u></color> и получает +4 к силе монет",
          "coinlist": [
            {
              "coindescs": [
                {
                  "desc": ""
                }
              ]
            }
          ]
        }
      ]
    },
    {
      "id": 856001,
      "levelList": [
        {
          "level": 1,
          "name": "Пространственный скачок",
          "desc": "Если этот <sprite name=\"DimensionRift\"><color=#e30000><u><link=\"DimensionRift\">Пространственный разлом</link></u></color> остался, наносит на 10% больше урона",
          "coinlist": [
            {}
          ]
        }
      ]
    },
    {
      "id": 856101,
      "levelList": [
        {
          "level": 1,
          "name": "Пространственный скачок",
          "desc": "Если этот <sprite name=\"DimensionRift\"><color=#e30000><u><link=\"DimensionRift\">Пространственный разлом</link></u></color> остался, максимальные HP +20%",
          "coinlist": [
            {}
          ]
        }
      ]
    },
    {
      "id": 856201,
      "levelList": [
        {
          "level": 1,
          "name": "Пространственный скачок",
          "desc": "Если этот <sprite name=\"DimensionRift\"><color=#e30000><u><link=\"DimensionRift\">Пространственный разлом</link></u></color> остался, получает 1 скорость",
          "coinlist": [
            {}
          ]
        }
      ]
    },
    {
      "id": 856301,
      "levelList": [
        {
          "level": 1,
          "name": "Пространственный скачок",
          "desc": "Если этот <sprite name=\"DimensionRift\"><color=#e30000><u><link=\"DimensionRift\">Пространственный разлом</link></u></color> остался, сила монет +1",
          "coinlist": [
            {}
          ]
        }
      ]
    },
    {
      "id": 854406,
      "levelList": [
        {
          "level": 1,
          "name": "Чтобы никто не плакал",
          "desc": "[EndBattle] Убирает все <sprite name=\"ReattachedCurseTag\"><color=#9f6a3a><u><link=\"ReattachedCurseTag\">Переклеенные обереги проклятия</link></u></color>\n[WhenUse] При 10+ <sprite name=\"ReattachedCurseTag\"><color=#9f6a3a><u><link=\"ReattachedCurseTag\">Переклеенных оберегах проклятия</link></u></color> сила монет -1",
          "coinlist": [
            {
              "coindescs": [
                {
                  "desc": "[OnSucceedAttack] Наносит 2 <sprite name=\"Burst\"><color=#e30000><u><link=\"Burst\">Зеленки</link></u></color> на следующий ход"
                }
              ]
            },
            {
              "coindescs": [
                {
                  "desc": "[OnSucceedAttack] Наносит 2 <sprite name=\"Burst\"><color=#e30000><u><link=\"Burst\">Зеленки</link></u></color> на следующий ход"
                }
              ]
            },
            {
              "coindescs": [
                {
                  "desc": "[OnSucceedAttack] Наносит 2 <sprite name=\"Burst\"><color=#e30000><u><link=\"Burst\">Зеленки</link></u></color> на следующий ход"
                }
              ]
            },
            {
              "coindescs": [
                {
                  "desc": "[OnSucceedAttack] Наносит 2 <sprite name=\"Burst\"><color=#e30000><u><link=\"Burst\">Зеленки</link></u></color> на следующий ход"
                }
              ]
            },
            {
              "coindescs": [
                {
                  "desc": "[OnSucceedAttack] Наносит 5 <sprite name=\"Paralysis\"><color=#e30000><u><link=\"Paralysis\">Паралича</link></u></color> на следующий ход"
                },
                {
                  "desc": "[OnSucceedAttack] Наносит 5 <sprite name=\"Binding\"><color=#e30000><u><link=\"Binding\">Поноса</link></u></color> на следующий ход"
                }
              ]
            }
          ]
        }
      ]
    }
  ]
}