{
  "dataList": [
    {
      "id": 9021301,
      "levelList": [
        {
          "level": 1,
          "name": "Зеленканые раны",
          "desc": "",
          "coinlist": [
            {
              "coindescs": [
                {
                  "desc": "[OnSucceedAttack] Наносит 2 <sprite name=\"Laceration\"><color=#e30000><u><link=\"Laceration\">Кетчупа</link></u></color>"
                }
              ]
            },
            {
              "coindescs": [
                {
                  "desc": "[OnSucceedAttack] Наносит 2 <sprite name=\"Laceration\"><color=#e30000><u><link=\"Laceration\">Кетчупа</link></u></color>"
                }
              ]
            }
          ]
        }
      ]
    },
    {
      "id": 9021302,
      "levelList": [
        {
          "level": 1,
          "name": "Тянущиеся раны",
          "desc": "[WhenUse] Сила монет +1 против целей с 2 и более <sprite name=\"Laceration\"><color=#e30000><u><link=\"Laceration\">Кетчупа</link></u></color>",
          "coinlist": [
            {
              "coindescs": [
                {
                  "desc": "[OnSucceedAttack] Наносит 2 <sprite name=\"Laceration\"><color=#e30000><u><link=\"Laceration\">Кетчупа</link></u></color> и повышает его счетчик на 2"
                }
              ]
            },
            {
              "coindescs": [
                {
                  "desc": "[OnSucceedAttack] Наносит 2 <sprite name=\"Laceration\"><color=#e30000><u><link=\"Laceration\">Кетчупа</link></u></color> и повышает его счетчик на 2"
                }
              ]
            }
          ]
        }
      ]
    },
    {
      "id": 9021303,
      "levelList": [
        {
          "level": 1,
          "name": "Растворение плоти",
          "desc": "[WhenUse] Сила в столкновении +1 против целей с 3 и более <sprite name=\"Laceration\"><color=#e30000><u><link=\"Laceration\">Кетчупа</link></u></color>",
          "coinlist": [
            {
              "coindescs": [
                {
                  "desc": "[OnSucceedAttack] Наносит 5 <sprite name=\"Laceration\"><color=#e30000><u><link=\"Laceration\">Кетчупа</link></u></color>"
                }
              ]
            },
            {
              "coindescs": [
                {
                  "desc": ""
                }
              ]
            },
            {
              "coindescs": [
                {
                  "desc": "[OnSucceedAttack] Получает 1 <sprite name=\"Agility\"><color=#f8c200><u><link=\"Agility\">Спешку</link></u></color>"
                }
              ]
            }
          ]
        }
      ]
    },
    {
      "id": 9021304,
      "levelList": [
        {
          "level": 1,
          "name": "Отбрасывающий тень",
          "desc": "[WhenUse] Наносит 1 <sprite name=\"Paralysis\"><color=#e30000><u><link=\"Paralysis\">Паралич</link></u></color>",
          "coinlist": [
            {
              "coindescs": [
                {
                  "desc": ""
                }
              ]
            }
          ]
        }
      ]
    },
    {
      "id": 9021401,
      "levelList": [
        {
          "level": 1,
          "name": "Усугубление ран",
          "desc": "",
          "coinlist": [
            {
              "coindescs": [
                {
                  "desc": "[OnSucceedAttack] Повышает счетчик <sprite name=\"Laceration\"><color=#e30000><u><link=\"Laceration\">Кетчуп</link></u></color> на 1"
                }
              ]
            },
            {
              "coindescs": [
                {
                  "desc": "[OnSucceedAttack] Повышает счетчик <sprite name=\"Laceration\"><color=#e30000><u><link=\"Laceration\">Кетчуп</link></u></color> на 1"
                }
              ]
            }
          ]
        }
      ]
    },
    {
      "id": 9021402,
      "levelList": [
        {
          "level": 1,
          "name": "Поверхностные раны",
          "desc": "[WhenUse] Сила монет +1 против целей с 2 и более <sprite name=\"Laceration\"><color=#e30000><u><link=\"Laceration\">Кетчупа</link></u></color>",
          "coinlist": [
            {
              "coindescs": [
                {
                  "desc": "[OnSucceedAttack] Наносит 2 <sprite name=\"Laceration\"><color=#e30000><u><link=\"Laceration\">Кетчупа</link></u></color> и повышает его счетчик на 2"
                }
              ]
            },
            {
              "coindescs": [
                {
                  "desc": "[OnSucceedAttack] Наносит 2 <sprite name=\"Laceration\"><color=#e30000><u><link=\"Laceration\">Кетчупа</link></u></color> и повышает его счетчик на 2"
                }
              ]
            }
          ]
        }
      ]
    },
    {
      "id": 9021403,
      "levelList": [
        {
          "level": 1,
          "name": "Зеленкиние плоти",
          "desc": "[WhenUse] Сила в столкновении +1 против целей с 3 и более <sprite name=\"Laceration\"><color=#e30000><u><link=\"Laceration\">Кетчупа</link></u></color>",
          "coinlist": [
            {
              "coindescs": [
                {
                  "desc": "[OnSucceedAttack] Наносит 5 <sprite name=\"Laceration\"><color=#e30000><u><link=\"Laceration\">Кетчупа</link></u></color>"
                }
              ]
            },
            {
              "coindescs": [
                {
                  "desc": ""
                }
              ]
            },
            {
              "coindescs": [
                {
                  "desc": "[OnSucceedAttack] Получает 1 <sprite name=\"Agility\"><color=#f8c200><u><link=\"Agility\">Спешку</link></u></color>"
                }
              ]
            }
          ]
        }
      ]
    },
    {
      "id": 9021404,
      "levelList": [
        {
          "level": 1,
          "name": "Отбрасывающий тень",
          "desc": "[WhenUse] Наносит 1 <sprite name=\"Paralysis\"><color=#e30000><u><link=\"Paralysis\">Паралич</link></u></color>",
          "coinlist": [
            {
              "coindescs": [
                {
                  "desc": ""
                }
              ]
            }
          ]
        }
      ]
    },
    {
      "id": 9021701,
      "levelList": [
        {
          "level": 1,
          "name": "Сотрясающий удар",
          "desc": "[WhenUse] Сила монет +1 за каждые 7 единиц в сумме силы <sprite name=\"Combustion\"><color=#e30000><u><link=\"Combustion\">Изжоги</link></u></color> и <sprite name=\"Vibration\"><color=#e30000><u><link=\"Vibration\">Тремора</link></u></color> цели (До 2)",
          "coinlist": [
            {
              "coindescs": [
                {
                  "desc": "[OnSucceedAttack] Наносит 3 <sprite name=\"Vibration\"><color=#e30000><u><link=\"Vibration\">Тремора</link></u></color>"
                }
              ]
            },
            {
              "coindescs": [
                {
                  "desc": "[OnSucceedAttack] Повышает счетчик <sprite name=\"Vibration\"><color=#e30000><u><link=\"Vibration\">Тремора</link></u></color> на 2"
                }
              ]
            }
          ]
        }
      ]
    },
    {
      "id": 9021702,
      "levelList": [
        {
          "level": 1,
          "name": "Обжигающий удар",
          "desc": "[WhenUse] Сила монет +1 за каждые 7 единиц в сумме силы <sprite name=\"Combustion\"><color=#e30000><u><link=\"Combustion\">Изжоги</link></u></color> и <sprite name=\"Vibration\"><color=#e30000><u><link=\"Vibration\">Тремора</link></u></color> цели (До 2)",
          "coinlist": [
            {
              "coindescs": [
                {
                  "desc": "[OnSucceedAttack] Наносит 3 <sprite name=\"Combustion\"><color=#e30000><u><link=\"Combustion\">Изжоги</link></u></color>"
                }
              ]
            },
            {
              "coindescs": [
                {
                  "desc": "[OnSucceedAttack] Повышает счетчик <sprite name=\"Combustion\"><color=#e30000><u><link=\"Combustion\">Изжоги</link></u></color> на 2"
                }
              ]
            }
          ]
        }
      ]
    },
    {
      "id": 9021703,
      "levelList": [
        {
          "level": 1,
          "name": "Продолжительный срез",
          "desc": "[WhenUse] Сила монет +1 за каждые 7 единиц в сумме силы <sprite name=\"Combustion\"><color=#e30000><u><link=\"Combustion\">Изжоги</link></u></color> и <sprite name=\"Vibration\"><color=#e30000><u><link=\"Vibration\">Тремора</link></u></color> цели (До 2)\n[DefeatDuel] Наносит на 75% меньше урона и не может оглушить цель",
          "coinlist": [
            {
              "coindescs": [
                {
                  "desc": "<sprite name=\"SuperCoin\"><color=#9f6a3a><u><link=\"SuperCoin\">Вечная монета</link></u></color>"
                },
                {
                  "desc": "Тратит 1 <sprite name=\"BudgetBulletPropellant\"><color=#9f6a3a><u><link=\"BudgetBulletPropellant\">Зажигательный тампон</link></u></color>"
                },
                {
                  "desc": "[OnSucceedAttack] Наносит 4 <sprite name=\"Vibration\"><color=#e30000><u><link=\"Vibration\">Тремора</link></u></color>"
                },
                {
                  "desc": "[OnSucceedAttack] Наносит 4 <sprite name=\"Combustion\"><color=#e30000><u><link=\"Combustion\">Изжоги</link></u></color>"
                },
                {
                  "desc": "[UnBrokenCoinOnSucceedAttack] <sprite name=\"Switch_Vibration\"><color=#9f6a3a><u><link=\"Switch_Vibration\">Преобразует амплитуду</link></u></color> в <sprite name=\"VibrationIgnition\"><color=#e30000><u><link=\"VibrationIgnition\">Тремор — Ожог</link></u></color>"
                }
              ]
            },
            {
              "coindescs": [
                {
                  "desc": "<sprite name=\"SuperCoin\"><color=#9f6a3a><u><link=\"SuperCoin\">Вечная монета</link></u></color>"
                },
                {
                  "desc": "Тратит 1 <sprite name=\"BudgetBulletPropellant\"><color=#9f6a3a><u><link=\"BudgetBulletPropellant\">Зажигательный тампон</link></u></color>"
                },
                {
                  "desc": "[UnBrokenCoinOnSucceedAttack] <sprite name=\"VibrationExplosion\"><color=#e30000><u><link=\"VibrationExplosion\">Провоцирует Тремор</link></u></color> и понижает его счетчик цели на 1"
                }
              ]
            }
          ]
        }
      ]
    },
    {
      "id": 9021704,
      "levelList": [
        {
          "level": 1,
          "name": "Перезарядка зажигательных тампонов",
          "desc": "[StartBattle] <sprite name=\"FullReload\"><color=#9f6a3a><u><link=\"FullReload\">Перезаряжается</link></u></color> (Единожды за ход)\n[WhenUse] Сила монет +3 против целей с 6 и более единицами в сумме <sprite name=\"Combustion\"><color=#e30000><u><link=\"Combustion\">Изжоги</link></u></color> и <sprite name=\"Vibration\"><color=#e30000><u><link=\"Vibration\">Тремора</link></u></color>\n[WhenUse] Получает 1 <sprite name=\"AttackDmgUp\"><color=#f8c200><u><link=\"AttackDmgUp\">Повышение урона</link></u></color>",
          "coinlist": [
            {
              "coindescs": [
                {
                  "desc": ""
                }
              ]
            }
          ]
        }
      ]
    },
    {
      "id": 9021801,
      "levelList": [
        {
          "level": 1,
          "name": "Сотрясающее пронзание",
          "desc": "[WhenUse] Сила монет +1 за каждые 7 единиц в сумме силы <sprite name=\"Combustion\"><color=#e30000><u><link=\"Combustion\">Изжоги</link></u></color> и <sprite name=\"Vibration\"><color=#e30000><u><link=\"Vibration\">Тремора</link></u></color> цели (До 2)",
          "coinlist": [
            {
              "coindescs": [
                {
                  "desc": "[OnSucceedAttack] Наносит 2 <sprite name=\"Vibration\"><color=#e30000><u><link=\"Vibration\">Тремора</link></u></color>"
                }
              ]
            },
            {
              "coindescs": [
                {
                  "desc": "[OnSucceedAttack] Повышает счетчик <sprite name=\"Vibration\"><color=#e30000><u><link=\"Vibration\">Тремора</link></u></color> на 3"
                }
              ]
            }
          ]
        }
      ]
    },
    {
      "id": 9021802,
      "levelList": [
        {
          "level": 1,
          "name": "Обжигающее пронзание",
          "desc": "[WhenUse] Сила монет +1 за каждые 7 единиц в сумме силы <sprite name=\"Combustion\"><color=#e30000><u><link=\"Combustion\">Изжоги</link></u></color> и <sprite name=\"Vibration\"><color=#e30000><u><link=\"Vibration\">Тремора</link></u></color> цели (До 2)",
          "coinlist": [
            {
              "coindescs": [
                {
                  "desc": "[OnSucceedAttack] Наносит 2 <sprite name=\"Combustion\"><color=#e30000><u><link=\"Combustion\">Изжоги</link></u></color>"
                }
              ]
            },
            {
              "coindescs": [
                {
                  "desc": "[OnSucceedAttack] Повышает счетчик <sprite name=\"Combustion\"><color=#e30000><u><link=\"Combustion\">Изжоги</link></u></color> на 3"
                }
              ]
            }
          ]
        }
      ]
    },
    {
      "id": 9021803,
      "levelList": [
        {
          "level": 1,
          "name": "Продолжительное рассечение",
          "desc": "[WhenUse] Сила монет +1 за каждые 7 единиц в сумме силы <sprite name=\"Combustion\"><color=#e30000><u><link=\"Combustion\">Изжоги</link></u></color> и <sprite name=\"Vibration\"><color=#e30000><u><link=\"Vibration\">Тремора</link></u></color> цели (До 2)\n[DefeatDuel] Наносит на 75% меньше урона и не может оглушить цель",
          "coinlist": [
            {
              "coindescs": [
                {
                  "desc": "<sprite name=\"SuperCoin\"><color=#9f6a3a><u><link=\"SuperCoin\">Вечная монета</link></u></color>"
                },
                {
                  "desc": "Тратит 1 <sprite name=\"BudgetBulletPropellant\"><color=#9f6a3a><u><link=\"BudgetBulletPropellant\">Зажигательный тампон</link></u></color>"
                },
                {
                  "desc": "[OnSucceedAttack] Наносит 2 <sprite name=\"Vibration\"><color=#e30000><u><link=\"Vibration\">Тремора</link></u></color> и повышает его счетчик на 2,"
                },
                {
                  "desc": "[OnSucceedAttack] Наносит 2 <sprite name=\"Combustion\"><color=#e30000><u><link=\"Combustion\">Изжоги</link></u></color> и повышает его счетчик на 2"
                },
                {
                  "desc": "[UnBrokenCoinOnSucceedAttack] <sprite name=\"Switch_Vibration\"><color=#9f6a3a><u><link=\"Switch_Vibration\">Преобразует амплитуду</link></u></color> в <sprite name=\"VibrationIgnition\"><color=#e30000><u><link=\"VibrationIgnition\">Тремор — Ожог</link></u></color>"
                }
              ]
            },
            {
              "coindescs": [
                {
                  "desc": "<sprite name=\"SuperCoin\"><color=#9f6a3a><u><link=\"SuperCoin\">Вечная монета</link></u></color>"
                },
                {
                  "desc": "Тратит 1 <sprite name=\"BudgetBulletPropellant\"><color=#9f6a3a><u><link=\"BudgetBulletPropellant\">Зажигательный тампон</link></u></color>"
                },
                {
                  "desc": "[UnBrokenCoinOnSucceedAttack] <sprite name=\"VibrationExplosion\"><color=#e30000><u><link=\"VibrationExplosion\">Провоцирует Тремор</link></u></color> и понижает его счетчик цели на 1"
                }
              ]
            }
          ]
        }
      ]
    },
    {
      "id": 9021804,
      "levelList": [
        {
          "level": 1,
          "name": "Перезарядка зажигательных тампонов",
          "desc": "[StartBattle] <sprite name=\"FullReload\"><color=#9f6a3a><u><link=\"FullReload\">Перезаряжается</link></u></color> (Единожды за ход)\n[WhenUse] Сила монет +3 против целей с 6 и более единицами в сумме <sprite name=\"Combustion\"><color=#e30000><u><link=\"Combustion\">Изжоги</link></u></color> и <sprite name=\"Vibration\"><color=#e30000><u><link=\"Vibration\">Тремора</link></u></color>\n[WhenUse] Получает 1 <sprite name=\"AttackDmgUp\"><color=#f8c200><u><link=\"AttackDmgUp\">Повышение урона</link></u></color>",
          "coinlist": [
            {
              "coindescs": [
                {
                  "desc": ""
                }
              ]
            }
          ]
        }
      ]
    }
  ]
}