{
  "dataList": [
    {
      "id": 2110511,
      "levelList": [
        {
          "level": 1,
          "name": "Праздник",
          "abName": "Сан-дольф",
          "desc": "",
          "coinlist": [
            {
              "coindescs": [
                {
                  "desc": "[OnSucceedAttack] <sprite name=\"VibrationExplosion\"><color=#e30000><u><link=\"VibrationExplosion\">Трясет сучку</link></u></color><style=\"highlight\"></style>"
                },
                {
                  "desc": "[EndSkill] Дает 1 <sprite name=\"AmberDamageUp\"><color=#f8c200><u>Повышение урона[TabExplain] Грехом</u></color> наибольшего резонанса двум союзникам с наименьшей SP<style=\"highlight\"></style>"
                },
                {
                  "desc": "[EndSkill] Восстанавливает 20 SP двум союзникм с наименьшей SP<style=\"highlight\"></style>"
                }
              ]
            }
          ]
        },
        {
          "level": 3,
          "name": "Праздник",
          "abName": "Сан-дольф",
          "desc": "",
          "coinlist": [
            {
              "coindescs": [
                {
                  "desc": "[OnSucceedAttack] <sprite name=\"VibrationExplosion\"><color=#e30000><u><link=\"VibrationExplosion\">Трясет сучку</link></u></color><style=\"highlight\"></style>"
                },
                {
                  "desc": "[EndSkill] Дает 1 <sprite name=\"AmberDamageUp\"><color=#f8c200><u>Повышение урона[TabExplain] Грехом</u></color> наибольшего резонанса <style=\"highlight\">трем</style> союзникам с наименьшей SP"
                },
                {
                  "desc": "[EndSkill] Восстанавливает 20 SP <style=\"highlight\">трем</style> союзникм с наименьшей SP"
                }
              ]
            }
          ]
        },
        {
          "level": 4,
          "name": "Праздник",
          "abName": "Сан-дольф",
          "desc": "",
          "coinlist": [
            {
              "coindescs": [
                {
                  "desc": "[OnSucceedAttack] <sprite name=\"VibrationExplosion\"><color=#e30000><u><link=\"VibrationExplosion\">Трясет сучку</link></u></color><style=\"highlight\"></style>"
                },
                {
                  "desc": "[EndSkill] Дает 1 <sprite name=\"AmberDamageUp\"><color=#f8c200><u>Повышение урона[TabExplain] Грехом</u></color> наибольшего резонанса <style=\"highlight\">четырем</style> союзникам с наименьшей SP"
                },
                {
                  "desc": "[EndSkill] Восстанавливает 20 SP <style=\"highlight\">четырем</style> союзникм с наименьшей SP"
                }
              ]
            }
          ]
        }
      ]
    },
    {
      "id": 2110521,
      "levelList": [
        {
          "level": 1,
          "name": "Праздник",
          "abName": "Сан-дольф",
          "desc": "[CantIdentify]\nСлучайные цели\n[BeforeAttack] Теряет 10% от максимальных HP<style=\"highlight\"></style>",
          "coinlist": [
            {
              "coindescs": [
                {
                  "desc": "[OnSucceedAttack] Цели теряют 10 SP<style=\"highlight\"></style>"
                },
                {
                  "desc": "[OnSucceedAttack] <sprite name=\"VibrationExplosion\"><color=#e30000><u><link=\"VibrationExplosion\">Трясет сучку</link></u></color><style=\"highlight\"></style>"
                },
                {
                  "desc": "[OnSucceedAttackTail] Наносит 1 <sprite name=\"AmberTakeDamageUp\"><color=#e30000><u>Уязвимость[TabExplain] к Греху</u></color> наибольшего резонанса<style=\"highlight\"></style>"
                }
              ]
            }
          ]
        },
        {
          "level": 3,
          "name": "Праздник",
          "abName": "Сан-дольф",
          "desc": "[CantIdentify]\nСлучайные цели\n[BeforeAttack] Теряет 10% от максимальных HP<style=\"highlight\"></style>",
          "coinlist": [
            {
              "coindescs": [
                {
                  "desc": "[OnSucceedAttack] Цели теряют 10 SP<style=\"highlight\"></style>"
                },
                {
                  "desc": "[OnSucceedAttack] <sprite name=\"VibrationExplosion\"><color=#e30000><u><link=\"VibrationExplosion\">Трясет сучку</link></u></color><style=\"highlight\"></style>"
                },
                {
                  "desc": "[OnSucceedAttackTail] Наносит <style=\"highlight\">2</style> <sprite name=\"AmberTakeDamageUp\"><color=#e30000><u>Уязвимости к Греху</u></color> наибольшего резонанса"
                },
                {
                  "desc": "<style=\"highlight\">[EndSkillTail] Получает 1 <sprite name=\"AmberDamageUp\"><color=#f8c200><u>Повышение урона[TabExplain] Грехом</u></color> наибольшего резонанса</style>"
                }
              ]
            }
          ]
        },
        {
          "level": 4,
          "name": "Праздник",
          "abName": "Сан-дольф",
          "desc": "[CantIdentify]\nСлучайные цели\n[BeforeAttack] Теряет 10% от максимальных HP<style=\"highlight\"></style>",
          "coinlist": [
            {
              "coindescs": [
                {
                  "desc": "[OnSucceedAttack] Цели теряют 10 SP<style=\"highlight\"></style>"
                },
                {
                  "desc": "[OnSucceedAttack] <sprite name=\"VibrationExplosion\"><color=#e30000><u><link=\"VibrationExplosion\">Трясет сучку</link></u></color><style=\"highlight\"></style>"
                },
                {
                  "desc": "<style=\"highlight\">[OnSucceedAttack]</style> Наносит 2 <sprite name=\"AmberTakeDamageUp\"><color=#e30000><u>Уязвимости к Греху</u></color> наибольшего резонанса"
                },
                {
                  "desc": "[EndSkillTail] Получает 1 <sprite name=\"AmberDamageUp\"><color=#f8c200><u>Повышение урона[TabExplain] Грехом</u></color> наибольшего резонанса<style=\"highlight\"></style>"
                }
              ]
            }
          ]
        }
      ]
    },
    {
      "id": 2110611,
      "levelList": [
        {
          "level": 1,
          "name": "Бондажи",
          "abName": "Король в бондаже",
          "desc": "[BeforeAttack] Количество целей повышается на (Число грехов в наибольшем резонансе Гордыни или Лености - 2) (До 2)\n[EndSkill] В конце последующих 3-ех ходов теряет 10 SP<style=\"highlight\"></style>",
          "coinlist": [
            {
              "coindescs": [
                {
                  "desc": "[OnSucceedAttack] Наносит 4 <sprite name=\"Vibration\"><color=#e30000><u><link=\"Vibration\">Тряски</link></u></color><style=\"highlight\"></style>"
                },
                {
                  "desc": "[OnSucceedAttack] Преобразует <sprite name=\"Switch_Vibration\"><color=#9f6a3a><u><link=\"Switch_Vibration\">Амплитуду Тряски</link></u></color> в <sprite name=\"VibrationCrack\"><color=#e30000><u><link=\"VibrationCrack\">Тряска — Разлом</link></u></color><style=\"highlight\"></style>"
                },
                {
                  "desc": "[OnSucceedAttack] <sprite name=\"VibrationExplosion\"><color=#e30000><u><link=\"VibrationExplosion\">Трясет сучку</link></u></color><style=\"highlight\"></style>"
                }
              ]
            }
          ]
        },
        {
          "level": 3,
          "name": "Бондажи",
          "abName": "Король в бондаже",
          "desc": "[BeforeAttack] Количество целей повышается на (Число грехов в наибольшем резонансе Гордыни или Лености - 2) (До 2)\n<style=\"highlight\">Урон границе выносливости повышается на 50% при <sprite name=\"VibrationExplosion\"><color=#e30000><u><link=\"VibrationExplosion\">Потрясения сучки</link></u></color></style>\n[EndSkill] В конце последующих 3-ех ходов теряет <style=\"highlight\">9</style> SP",
          "coinlist": [
            {
              "coindescs": [
                {
                  "desc": "[OnSucceedAttack] Наносит <style=\"highlight\">5</style> <sprite name=\"Vibration\"><color=#e30000><u><link=\"Vibration\">Тряски</link></u></color>"
                },
                {
                  "desc": "[OnSucceedAttack] Преобразует <sprite name=\"Switch_Vibration\"><color=#9f6a3a><u><link=\"Switch_Vibration\">Амплитуду Тряски</link></u></color> в <sprite name=\"VibrationCrack\"><color=#e30000><u><link=\"VibrationCrack\">Тряска — Разлом</link></u></color><style=\"highlight\"></style>"
                },
                {
                  "desc": "[OnSucceedAttack] <sprite name=\"VibrationExplosion\"><color=#e30000><u><link=\"VibrationExplosion\">Трясет сучку</link></u></color><style=\"highlight\"></style>"
                }
              ]
            }
          ]
        },
        {
          "level": 4,
          "name": "Бондажи",
          "abName": "Король в бондаже",
          "desc": "[BeforeAttack] Количество целей повышается на (Число грехов в наибольшем резонансе Гордыни или Лености - 2) (До 2)\nУрон границе выносливости повышается на <style=\"highlight\">100%</style> при <sprite name=\"VibrationExplosion\"><color=#e30000><u><link=\"VibrationExplosion\">Потрясения сучки</link></u></color>\n[EndSkill] В конце последующих 3-ех ходов теряет <style=\"highlight\">8</style> SP",
          "coinlist": [
            {
              "coindescs": [
                {
                  "desc": "[OnSucceedAttack] Наносит <style=\"highlight\">6</style> <sprite name=\"Vibration\"><color=#e30000><u><link=\"Vibration\">Тряски</link></u></color>"
                },
                {
                  "desc": "[OnSucceedAttack] Преобразует <sprite name=\"Switch_Vibration\"><color=#9f6a3a><u><link=\"Switch_Vibration\">Амплитуду Тряски</link></u></color> в <sprite name=\"VibrationCrack\"><color=#e30000><u><link=\"VibrationCrack\">Тряска — Разлом</link></u></color><style=\"highlight\"></style>"
                },
                {
                  "desc": "[OnSucceedAttack] <sprite name=\"VibrationExplosion\"><color=#e30000><u><link=\"VibrationExplosion\">Трясет сучку</link></u></color><style=\"highlight\"></style>"
                }
              ]
            }
          ]
        }
      ]
    },
    {
      "id": 2110621,
      "levelList": [
        {
          "level": 1,
          "name": "Бондажи",
          "abName": "Король в бондаже",
          "desc": "[BeforeAttack] Количество целей повышается на (Число грехов в наибольшем резонансе Гордыни или Лености - 2)<style=\"highlight\"></style>",
          "coinlist": [
            {
              "coindescs": [
                {
                  "desc": "[OnSucceedAttack] Наносит 4 <sprite name=\"Vibration\"><color=#e30000><u><link=\"Vibration\">Тряски</link></u></color><style=\"highlight\"></style>"
                },
                {
                  "desc": "[OnSucceedAttack] Повышает счетчик <sprite name=\"Vibration\"><color=#e30000><u><link=\"Vibration\">Тряски</link></u></color> на 2<style=\"highlight\"></style>"
                },
                {
                  "desc": "[OnSucceedAttack] Преобразует <sprite name=\"Switch_Vibration\"><color=#9f6a3a><u><link=\"Switch_Vibration\">Амплитуду Тряски</link></u></color> в <sprite name=\"VibrationCrack\"><color=#e30000><u><link=\"VibrationCrack\">Тряска — Разлом</link></u></color><style=\"highlight\"></style>"
                },
                {
                  "desc": "[OnSucceedAttack] <sprite name=\"VibrationExplosion\"><color=#e30000><u><link=\"VibrationExplosion\">Трясет сучку</link></u></color><style=\"highlight\"></style>"
                }
              ]
            }
          ]
        },
        {
          "level": 3,
          "name": "Бондажи",
          "abName": "Король в бондаже",
          "desc": "[BeforeAttack] Количество целей повышается на (Число грехов в наибольшем резонансе Гордыни или Лености - 2)\n<style=\"highlight\">Урон границе выносливости повышается на 50% при <sprite name=\"VibrationExplosion\"><color=#e30000><u><link=\"VibrationExplosion\">Потрясения сучки</link></u></color></style>",
          "coinlist": [
            {
              "coindescs": [
                {
                  "desc": "[OnSucceedAttack] Наносит 5 <sprite name=\"Vibration\"><color=#e30000><u><link=\"Vibration\">Тряски</link></u></color><style=\"highlight\"></style>"
                },
                {
                  "desc": "[OnSucceedAttack] Повышает счетчик <sprite name=\"Vibration\"><color=#e30000><u><link=\"Vibration\">Тряски</link></u></color> <style=\"highlight\">на 2</style>"
                },
                {
                  "desc": "[OnSucceedAttack] Преобразует <sprite name=\"Switch_Vibration\"><color=#9f6a3a><u><link=\"Switch_Vibration\">Амплитуду Тряски</link></u></color> в <sprite name=\"VibrationCrack\"><color=#e30000><u><link=\"VibrationCrack\">Тряска — Разлом</link></u></color><style=\"highlight\"></style>"
                },
                {
                  "desc": "<style=\"highlight\">[OnSucceedAttackTail] <sprite name=\"VibrationExplosion\"><color=#e30000><u><link=\"VibrationExplosion\">Трясет сучку</link></u></color></style>"
                },
                {
                  "desc": "[OnSucceedAttack] <sprite name=\"VibrationExplosion\"><color=#e30000><u><link=\"VibrationExplosion\">Трясет сучку</link></u></color><style=\"highlight\"></style>"
                }
              ]
            }
          ]
        },
        {
          "level": 4,
          "name": "Бондажи",
          "abName": "Король в бондаже",
          "desc": "[BeforeAttack] Количество целей повышается на (Число грехов в наибольшем резонансе Гордыни или Лености - 2)\nУрон границе выносливости повышается на 50% при <sprite name=\"VibrationExplosion\"><color=#e30000><u><link=\"VibrationExplosion\">Потрясения сучки</link></u></color><style=\"highlight\"></style>",
          "coinlist": [
            {
              "coindescs": [
                {
                  "desc": "[OnSucceedAttack] Наносит <style=\"highlight\">6</style> <sprite name=\"Vibration\"><color=#e30000><u><link=\"Vibration\">Тряски</link></u></color>"
                },
                {
                  "desc": "[OnSucceedAttack] Повышает счетчик <sprite name=\"Vibration\"><color=#e30000><u><link=\"Vibration\">Тряски</link></u></color> <style=\"highlight\">на 3</style>"
                },
                {
                  "desc": "[OnSucceedAttack] Преобразует <sprite name=\"Switch_Vibration\"><color=#9f6a3a><u><link=\"Switch_Vibration\">Амплитуду Тряски</link></u></color> в <sprite name=\"VibrationCrack\"><color=#e30000><u><link=\"VibrationCrack\">Тряска — Разлом</link></u></color><style=\"highlight\"></style>"
                },
                {
                  "desc": "[OnSucceedAttackTail] <sprite name=\"VibrationExplosion\"><color=#e30000><u><link=\"VibrationExplosion\">Трясет сучку</link></u></color><style=\"highlight\"></style>"
                },
                {
                  "desc": "<style=\"highlight\">[OnSucceedAttackTail] <sprite name=\"VibrationExplosion\"><color=#e30000><u><link=\"VibrationExplosion\">Трясет сучку</link></u></color><style=\"highlight\"></style></style>"
                },
                {
                  "desc": "[OnSucceedAttack] <sprite name=\"VibrationExplosion\"><color=#e30000><u><link=\"VibrationExplosion\">Трясет сучку</link></u></color><style=\"highlight\"></style>"
                }
              ]
            }
          ]
        }
      ]
    },
    {
      "id": 2110711,
      "levelList": [
        {
          "level": 1,
          "name": "Разрезатель вселенных",
          "abName": "Пассажир-попутчик",
          "desc": "[BeforeAttack] Количество целей +1 при 4 и более грехах в наибольшем резонансе\n[BeforeAttack] При менее 10 на своем счетчике <sprite name=\"Charge\"><color=#f8c200><u><link=\"Charge\">Солей</link></u></color> тратит 15% от максимальных HP для повышения своего счетчика <sprite name=\"Charge\"><color=#f8c200><u><link=\"Charge\">Солей</link></u></color> на 10 (Не может оглушить)\n[BeforeAttack] Тратит до 40 единиц на счетчике <sprite name=\"Charge\"><color=#f8c200><u><link=\"Charge\">Солей</link></u></color> и наносит на 1% больше урона за каждую потраченную единицу счетчика <sprite name=\"Charge\"><color=#f8c200><u><link=\"Charge\">Солей</link></u></color> (До 10%)<style=\"highlight\"></style>",
          "coinlist": [
            {
              "coindescs": [
                {
                  "desc": "[OnSucceedAttack] Наносит (Своя сила <sprite name=\"Charge\"><color=#f8c200><u><link=\"Charge\">Солей</link></u></color> - 1) <sprite name=\"DimensionRift\"><color=#e30000><u><link=\"DimensionRift\">Пространственных разломов</link></u></color> (До 1)<style=\"highlight\"></style>"
                },
                {
                  "desc": "[OnSucceedAttack] Получает по 1 <sprite name=\"Agility\"><color=#f8c200><u><link=\"Agility\">Спешке</link></u></color> и 1 <sprite name=\"ChargeLoad\"><color=#f8c200><u><link=\"ChargeLoad\">Нагрузке</link></u></color> за каждую единицу своей силы <sprite name=\"Charge\"><color=#f8c200><u><link=\"Charge\">Солей</link></u></color> на следующий ход (До 1 за навык)<style=\"highlight\"></style>"
                },
                {
                  "desc": "[EnemyKill] Повышает свой счетчик <sprite name=\"Charge\"><color=#f8c200><u><link=\"Charge\">Солей</link></u></color> на 2<style=\"highlight\"></style>"
                }
              ]
            }
          ]
        },
        {
          "level": 3,
          "name": "Разрезатель вселенных",
          "abName": "Пассажир-попутчик",
          "desc": "[BeforeAttack] Количество целей +1 при <style=\"highlight\">3</style> и более грехах в наибольшем резонансе\n[BeforeAttack] При менее 10 на своем счетчике <sprite name=\"Charge\"><color=#f8c200><u><link=\"Charge\">Солей</link></u></color> тратит 15% от максимальных HP для повышения своего счетчика <sprite name=\"Charge\"><color=#f8c200><u><link=\"Charge\">Солей</link></u></color> на 10 (Не может оглушить)\n[BeforeAttack] Тратит до 40 единиц на счетчике <sprite name=\"Charge\"><color=#f8c200><u><link=\"Charge\">Солей</link></u></color> и наносит на 1% больше урона за каждую потраченную единицу счетчика <sprite name=\"Charge\"><color=#f8c200><u><link=\"Charge\">Солей</link></u></color> (До <style=\"highlight\">20%</style>)",
          "coinlist": [
            {
              "coindescs": [
                {
                  "desc": "[OnSucceedAttack] Наносит (Своя сила <sprite name=\"Charge\"><color=#f8c200><u><link=\"Charge\">Солей</link></u></color> - 1) <sprite name=\"DimensionRift\"><color=#e30000><u><link=\"DimensionRift\">Пространственных разломов</link></u></color> (До <style=\"highlight\">2</style>)"
                },
                {
                  "desc": "[OnSucceedAttack] Получает по 1 <sprite name=\"Agility\"><color=#f8c200><u><link=\"Agility\">Спешке</link></u></color> и 1 <sprite name=\"ChargeLoad\"><color=#f8c200><u><link=\"ChargeLoad\">Нагрузке</link></u></color> за каждую единицу своей силы <sprite name=\"Charge\"><color=#f8c200><u><link=\"Charge\">Солей</link></u></color> на следующий ход (До <style=\"highlight\">2</style> за навык)"
                },
                {
                  "desc": "[EnemyKill] Повышает свой счетчик <sprite name=\"Charge\"><color=#f8c200><u><link=\"Charge\">Солей</link></u></color> на 2<style=\"highlight\"></style>"
                }
              ]
            }
          ]
        },
        {
          "level": 4,
          "name": "Разрезатель вселенных",
          "abName": "Пассажир-попутчик",
          "desc": "[BeforeAttack] Количество целей повышается на <style=\"highlight\">(Число грехов в наибольшем резонансе - 2)</style> <style=\"highlight\">(До 2)</style>\n[BeforeAttack] При менее 10 на своем счетчике <sprite name=\"Charge\"><color=#f8c200><u><link=\"Charge\">Солей</link></u></color> тратит <style=\"highlight\">10%</style> от максимальных HP для повышения своего счетчика <sprite name=\"Charge\"><color=#f8c200><u><link=\"Charge\">Солей</link></u></color> на 10 (Не может оглушить)\n[BeforeAttack] Тратит до 40 единиц на счетчике <sprite name=\"Charge\"><color=#f8c200><u><link=\"Charge\">Солей</link></u></color> и наносит на 1% больше урона за каждую потраченную единицу счетчика <sprite name=\"Charge\"><color=#f8c200><u><link=\"Charge\">Солей</link></u></color> (До <style=\"highlight\">30%</style>)",
          "coinlist": [
            {
              "coindescs": [
                {
                  "desc": "[OnSucceedAttack] Наносит (Своя сила <sprite name=\"Charge\"><color=#f8c200><u><link=\"Charge\">Солей</link></u></color> - 1) <sprite name=\"DimensionRift\"><color=#e30000><u><link=\"DimensionRift\">Пространственных разломов</link></u></color> (До 2)<style=\"highlight\"></style>"
                },
                {
                  "desc": "[OnSucceedAttack] Получает по 1 <sprite name=\"Agility\"><color=#f8c200><u><link=\"Agility\">Спешке</link></u></color> и 1 <sprite name=\"ChargeLoad\"><color=#f8c200><u><link=\"ChargeLoad\">Нагрузке</link></u></color> за каждую единицу своей силы <sprite name=\"Charge\"><color=#f8c200><u><link=\"Charge\">Солей</link></u></color> на следующий ход (До <style=\"highlight\">3</style> за навык)"
                },
                {
                  "desc": "[EnemyKill] Повышает свой счетчик <sprite name=\"Charge\"><color=#f8c200><u><link=\"Charge\">Солей</link></u></color> на 2<style=\"highlight\"></style>"
                }
              ]
            }
          ]
        }
      ]
    },
    {
      "id": 2110721,
      "levelList": [
        {
          "level": 1,
          "name": "Разрезатель вселенных",
          "abName": "Пассажир-попутчик",
          "desc": "[CantIdentify]\nСлучайные цели\n[BeforeAttack] Количество целей +1 при 4 и более грехах в наибольшем резонансе\n[BeforeAttack] Если счетчик <sprite name=\"Charge\"><color=#f8c200><u><link=\"Charge\">Солей</link></u></color> не максимален, тратит (Недостающее число счетчика <sprite name=\"Charge\"><color=#f8c200><u><link=\"Charge\">Солей</link></u></color> × 1.5)% от максимальных HP для повышения своего счетчика <sprite name=\"Charge\"><color=#f8c200><u><link=\"Charge\">Солей</link></u></color> до максимума (Максимальный счетчик: 30; не может убить)\n[BeforeAttack] Тратит до 40 единиц на счетчике <sprite name=\"Charge\"><color=#f8c200><u><link=\"Charge\">Солей</link></u></color> и наносит на 2% больше урона за каждую потраченную единицу счетчика <sprite name=\"Charge\"><color=#f8c200><u><link=\"Charge\">Солей</link></u></color> (До 20%) <style=\"highlight\"></style>",
          "coinlist": [
            {
              "coindescs": [
                {
                  "desc": "[OnSucceedAttack] Наносит (Своя сила <sprite name=\"Charge\"><color=#f8c200><u><link=\"Charge\">Солей</link></u></color> - 1) <sprite name=\"DimensionRift\"><color=#e30000><u><link=\"DimensionRift\">Пространственных разломов</link></u></color> (До 2)<style=\"highlight\"></style>"
                },
                {
                  "desc": "[OnSucceedAttack] Получает по 1 <sprite name=\"Agility\"><color=#f8c200><u><link=\"Agility\">Спешке</link></u></color> и 1 <sprite name=\"ChargeLoad\"><color=#f8c200><u><link=\"ChargeLoad\">Нагрузке</link></u></color> за каждую единицу своей силы <sprite name=\"Charge\"><color=#f8c200><u><link=\"Charge\">Солей</link></u></color> на следующий ход (До 2 за навык)<style=\"highlight\"></style>"
                },
                {
                  "desc": "[EnemyKill] Повышает свой счетчик <sprite name=\"Charge\"><color=#f8c200><u><link=\"Charge\">Солей</link></u></color> на 2<style=\"highlight\"></style>"
                }
              ]
            }
          ]
        },
        {
          "level": 3,
          "name": "Разрезатель вселенных",
          "abName": "Пассажир-попутчик",
          "desc": "[CantIdentify]\nСлучайные цели\n[BeforeAttack] Количество целей +1 при 4 и более грехах в наибольшем резонансе\n[BeforeAttack] Если счетчик <sprite name=\"Charge\"><color=#f8c200><u><link=\"Charge\">Солей</link></u></color> не максимален, тратит (Недостающее число счетчика <sprite name=\"Charge\"><color=#f8c200><u><link=\"Charge\">Солей</link></u></color> × <style=\"highlight\">1.2</style>)% от максимальных HP для повышения своего счетчика <sprite name=\"Charge\"><color=#f8c200><u><link=\"Charge\">Солей</link></u></color> до максимума (Максимальный счетчик: 30; не может убить)\n[BeforeAttack] Тратит до 40 единиц на счетчике <sprite name=\"Charge\"><color=#f8c200><u><link=\"Charge\">Солей</link></u></color> и наносит на 2% больше урона за каждую потраченную единицу счетчика <sprite name=\"Charge\"><color=#f8c200><u><link=\"Charge\">Солей</link></u></color> (До <style=\"highlight\">40%</style>) ",
          "coinlist": [
            {
              "coindescs": [
                {
                  "desc": "[OnSucceedAttack] Наносит (Своя сила <sprite name=\"Charge\"><color=#f8c200><u><link=\"Charge\">Солей</link></u></color> - 1) <sprite name=\"DimensionRift\"><color=#e30000><u><link=\"DimensionRift\">Пространственных разломов</link></u></color> (До 2)<style=\"highlight\"></style>"
                },
                {
                  "desc": "[OnSucceedAttack] Получает по 1 <sprite name=\"Agility\"><color=#f8c200><u><link=\"Agility\">Спешке</link></u></color> и 1 <sprite name=\"ChargeLoad\"><color=#f8c200><u><link=\"ChargeLoad\">Нагрузке</link></u></color> за каждую единицу своей силы <sprite name=\"Charge\"><color=#f8c200><u><link=\"Charge\">Солей</link></u></color> на следующий ход (До 2 за навык)<style=\"highlight\"></style>"
                },
                {
                  "desc": "[EnemyKill] Повышает свой счетчик <sprite name=\"Charge\"><color=#f8c200><u><link=\"Charge\">Солей</link></u></color> на 2<style=\"highlight\"></style>"
                }
              ]
            }
          ]
        },
        {
          "level": 4,
          "name": "Разрезатель вселенных",
          "abName": "Пассажир-попутчик",
          "desc": "[CantIdentify]\nСлучайные цели\n[BeforeAttack] Количество целей повышается на <style=\"highlight\">(Число грехов в наибольшем резонансе - 2)</style> <style=\"highlight\">(До 2)</style>\n[BeforeAttack] Если счетчик <sprite name=\"Charge\"><color=#f8c200><u><link=\"Charge\">Солей</link></u></color> не максимален, тратит <style=\"highlight\">(Недостающее число счетчика <sprite name=\"Charge\"><color=#f8c200><u><link=\"Charge\">Солей</link></u></color>)%</style> от максимальных HP для повышения своего счетчика <sprite name=\"Charge\"><color=#f8c200><u><link=\"Charge\">Солей</link></u></color> до максимума (Максимальный счетчик: 30; не может убить)\n[BeforeAttack] Тратит до 40 единиц на счетчике <sprite name=\"Charge\"><color=#f8c200><u><link=\"Charge\">Солей</link></u></color> и наносит на 2% больше урона за каждую потраченную единицу счетчика <sprite name=\"Charge\"><color=#f8c200><u><link=\"Charge\">Солей</link></u></color> (До <style=\"highlight\">60%</style>) ",
          "coinlist": [
            {
              "coindescs": [
                {
                  "desc": "[OnSucceedAttack] Наносит (Своя сила <sprite name=\"Charge\"><color=#f8c200><u><link=\"Charge\">Солей</link></u></color> - 1) <sprite name=\"DimensionRift\"><color=#e30000><u><link=\"DimensionRift\">Пространственных разломов</link></u></color> (До <style=\"highlight\">4</style>)"
                },
                {
                  "desc": "[OnSucceedAttack] Получает по 1 <sprite name=\"Agility\"><color=#f8c200><u><link=\"Agility\">Спешке</link></u></color> и 1 <sprite name=\"ChargeLoad\"><color=#f8c200><u><link=\"ChargeLoad\">Нагрузке</link></u></color> за каждую единицу своей силы <sprite name=\"Charge\"><color=#f8c200><u><link=\"Charge\">Солей</link></u></color> на следующий ход (До <style=\"highlight\">3</style> за навык)"
                },
                {
                  "desc": "[EnemyKill] Повышает свой счетчик <sprite name=\"Charge\"><color=#f8c200><u><link=\"Charge\">Солей</link></u></color> на 2<style=\"highlight\"></style>"
                }
              ]
            }
          ]
        }
      ]
    },
    {
      "id": 2110811,
      "levelList": [
        {
          "level": 1,
          "name": "ХОЧУ ВЫСТРЕЛ",
          "abName": "Дер чтототамнанемецком",
          "desc": "Наносит на 1% больше урона за каждые 3 <sprite name=\"Combustion\"><color=#e30000><u><link=\"Combustion\">Изжоги</link></u></color> на цели (До 10%)\n[BeforeAttack] Если нет <sprite name=\"FreischutzShotCount\"><color=#9f6a3a><u><link=\"FreischutzShotCount\">Магических пуль</link></u></color>, получает одну\n- Количество <sprite name=\"FreischutzShotCount\"><color=#9f6a3a><u><link=\"FreischutzShotCount\">Магических пуль</link></u></color> определяет ту, которой будет произведен выстрел:\n· <sprite name=\"FreishutzOutisEgoBullet_1st\"><color=#f8c200><u><link=\"FreishutzOutisEgoBullet_1st\">Первый магический тампон</link></u></color>\n· <sprite name=\"FreishutzOutisEgoBullet_2nd\"><color=#f8c200><u><link=\"FreishutzOutisEgoBullet_2nd\">Второй магический тампон</link></u></color>\n· <sprite name=\"FreishutzOutisEgoBullet_3rd\"><color=#f8c200><u><link=\"FreishutzOutisEgoBullet_3rd\">Третий магический тампон</link></u></color>\n· <sprite name=\"FreishutzOutisEgoBullet_4th\"><color=#f8c200><u><link=\"FreishutzOutisEgoBullet_4th\">Четвертый магический тампон</link></u></color>\n· <sprite name=\"FreishutzOutisEgoBullet_5th\"><color=#f8c200><u><link=\"FreishutzOutisEgoBullet_5th\">Пятый магический тампон</link></u></color>\n· <sprite name=\"FreishutzOutisEgoBullet_6th\"><color=#f8c200><u><link=\"FreishutzOutisEgoBullet_6th\">Шестой магический тампон</link></u></color>\n· <sprite name=\"FreishutzOutisEgoBullet_7th\"><color=#f8c200><u><link=\"FreishutzOutisEgoBullet_7th\">Седьмой магический тампон</link></u></color>\n[EndSkill] Получает <sprite name=\"FreischutzShotCount\"><color=#9f6a3a><u><link=\"FreischutzShotCount\">Магические пули</link></u></color> в количестве грехов в наибольшем резонансе (От одной до четырех)\n[EndSkill] Если главная цель побеждена, наносит 2 <sprite name=\"DarkFlame\"><color=#e30000><u><link=\"DarkFlame\">Темного пламени</link></u></color> на всех противников с <sprite name=\"Combustion\"><color=#e30000><u><link=\"Combustion\">Огнем</link></u></color><style=\"highlight\"></style>",
          "coinlist": [
            {
              "coindescs": [
                {
                  "desc": "[OnSucceedAttack] Наносит <sprite name=\"Combustion\"><color=#e30000><u><link=\"Combustion\">Изжога</link></u></color> и <sprite name=\"DarkFlame\"><color=#e30000><u><link=\"DarkFlame\">Темное пламя</link></u></color> в количестве <sprite name=\"FreischutzShotCount\"><color=#9f6a3a><u><link=\"FreischutzShotCount\">Магических пуль</link></u></color> на руках (<sprite name=\"DarkFlame\"><color=#e30000><u><link=\"DarkFlame\">Темное пламя</link></u></color> единожды на противника за ход)<style=\"highlight\"></style>"
                }
              ]
            }
          ]
        },
        {
          "level": 3,
          "name": "ХОЧУ ВЫСТРЕЛ",
          "abName": "Дер чтототамнанемецком",
          "desc": "Наносит на <style=\"highlight\">2%</style> больше урона за каждые 3 <sprite name=\"Combustion\"><color=#e30000><u><link=\"Combustion\">Изжоги</link></u></color> на цели (До <style=\"highlight\">20%</style>)\n[BeforeAttack] Если нет <sprite name=\"FreischutzShotCount\"><color=#9f6a3a><u><link=\"FreischutzShotCount\">Магических пуль</link></u></color>, получает одну\n- Количество <sprite name=\"FreischutzShotCount\"><color=#9f6a3a><u><link=\"FreischutzShotCount\">Магических пуль</link></u></color> определяет ту, которой будет произведен выстрел:\n· <sprite name=\"FreishutzOutisEgoBullet_1st\"><color=#f8c200><u><link=\"FreishutzOutisEgoBullet_1st\">Первый магический тампон</link></u></color>\n· <sprite name=\"FreishutzOutisEgoBullet_2nd\"><color=#f8c200><u><link=\"FreishutzOutisEgoBullet_2nd\">Второй магический тампон</link></u></color>\n· <sprite name=\"FreishutzOutisEgoBullet_3rd\"><color=#f8c200><u><link=\"FreishutzOutisEgoBullet_3rd\">Третий магический тампон</link></u></color>\n· <sprite name=\"FreishutzOutisEgoBullet_4th\"><color=#f8c200><u><link=\"FreishutzOutisEgoBullet_4th\">Четвертый магический тампон</link></u></color>\n· <sprite name=\"FreishutzOutisEgoBullet_5th\"><color=#f8c200><u><link=\"FreishutzOutisEgoBullet_5th\">Пятый магический тампон</link></u></color>\n· <sprite name=\"FreishutzOutisEgoBullet_6th\"><color=#f8c200><u><link=\"FreishutzOutisEgoBullet_6th\">Шестой магический тампон</link></u></color>\n· <sprite name=\"FreishutzOutisEgoBullet_7th\"><color=#f8c200><u><link=\"FreishutzOutisEgoBullet_7th\">Седьмой магический тампон</link></u></color>\n[EndSkill] Получает <sprite name=\"FreischutzShotCount\"><color=#9f6a3a><u><link=\"FreischutzShotCount\">Магические пули</link></u></color> в количестве грехов в наибольшем резонансе (От одной до четырех)\n[EndSkill] Если главная цель побеждена, наносит 2 <sprite name=\"DarkFlame\"><color=#e30000><u><link=\"DarkFlame\">Темного пламени</link></u></color> на всех противников с <sprite name=\"Combustion\"><color=#e30000><u><link=\"Combustion\">Огнем</link></u></color>",
          "coinlist": [
            {
              "coindescs": [
                {
                  "desc": "[OnSucceedAttack] Наносит <sprite name=\"Combustion\"><color=#e30000><u><link=\"Combustion\">Изжога</link></u></color> и <sprite name=\"DarkFlame\"><color=#e30000><u><link=\"DarkFlame\">Темное пламя</link></u></color> в количестве <sprite name=\"FreischutzShotCount\"><color=#9f6a3a><u><link=\"FreischutzShotCount\">Магических пуль</link></u></color> на руках (<sprite name=\"DarkFlame\"><color=#e30000><u><link=\"DarkFlame\">Темное пламя</link></u></color> единожды на противника за ход)<style=\"highlight\"></style>"
                }
              ]
            }
          ]
        },
        {
          "level": 4,
          "name": "ХОЧУ ВЫСТРЕЛ",
          "abName": "Дер чтототамнанемецком",
          "desc": "Наносит на <style=\"highlight\">3%</style> больше урона за каждые 3 <sprite name=\"Combustion\"><color=#e30000><u><link=\"Combustion\">Изжоги</link></u></color> на цели (До <style=\"highlight\">30%</style>)\n[BeforeAttack] Если нет <sprite name=\"FreischutzShotCount\"><color=#9f6a3a><u><link=\"FreischutzShotCount\">Магических пуль</link></u></color>, получает одну\n- Количество <sprite name=\"FreischutzShotCount\"><color=#9f6a3a><u><link=\"FreischutzShotCount\">Магических пуль</link></u></color> определяет ту, которой будет произведен выстрел:\n· <sprite name=\"FreishutzOutisEgoBullet_1st\"><color=#f8c200><u><link=\"FreishutzOutisEgoBullet_1st\">Первый магический тампон</link></u></color>\n· <sprite name=\"FreishutzOutisEgoBullet_2nd\"><color=#f8c200><u><link=\"FreishutzOutisEgoBullet_2nd\">Второй магический тампон</link></u></color>\n· <sprite name=\"FreishutzOutisEgoBullet_3rd\"><color=#f8c200><u><link=\"FreishutzOutisEgoBullet_3rd\">Третий магический тампон</link></u></color>\n· <sprite name=\"FreishutzOutisEgoBullet_4th\"><color=#f8c200><u><link=\"FreishutzOutisEgoBullet_4th\">Четвертый магический тампон</link></u></color>\n· <sprite name=\"FreishutzOutisEgoBullet_5th\"><color=#f8c200><u><link=\"FreishutzOutisEgoBullet_5th\">Пятый магический тампон</link></u></color>\n· <sprite name=\"FreishutzOutisEgoBullet_6th\"><color=#f8c200><u><link=\"FreishutzOutisEgoBullet_6th\">Шестой магический тампон</link></u></color>\n· <sprite name=\"FreishutzOutisEgoBullet_7th\"><color=#f8c200><u><link=\"FreishutzOutisEgoBullet_7th\">Седьмой магический тампон</link></u></color>\n[EndSkill] Получает <sprite name=\"FreischutzShotCount\"><color=#9f6a3a><u><link=\"FreischutzShotCount\">Магические пули</link></u></color> в количестве грехов в наибольшем резонансе (От одной до четырех)\n[EndSkill] Если главная цель побеждена, наносит 2 <sprite name=\"DarkFlame\"><color=#e30000><u><link=\"DarkFlame\">Темного пламени</link></u></color> на всех противников с <sprite name=\"Combustion\"><color=#e30000><u><link=\"Combustion\">Огнем</link></u></color>",
          "coinlist": [
            {
              "coindescs": [
                {
                  "desc": "[OnSucceedAttack] Наносит <sprite name=\"Combustion\"><color=#e30000><u><link=\"Combustion\">Изжога</link></u></color> и <sprite name=\"DarkFlame\"><color=#e30000><u><link=\"DarkFlame\">Темное пламя</link></u></color> в количестве <sprite name=\"FreischutzShotCount\"><color=#9f6a3a><u><link=\"FreischutzShotCount\">Магических пуль</link></u></color> на руках (<sprite name=\"DarkFlame\"><color=#e30000><u><link=\"DarkFlame\">Темное пламя</link></u></color> единожды на противника за ход)<style=\"highlight\"></style>"
                }
              ]
            }
          ]
        }
      ]
    },
    {
      "id": 2110821,
      "levelList": [
        {
          "level": 1,
          "name": "ХОЧУ ВЫСТРЕЛ",
          "abName": "Дер чтототамнанемецком",
          "desc": "[CantIdentify]\nСлучайные цели\nНаносит на 1% больше урона за каждые 3 <sprite name=\"Combustion\"><color=#e30000><u><link=\"Combustion\">Изжоги</link></u></color> на цели (До 10%)\n[BeforeAttack] Если нет <sprite name=\"FreischutzShotCount\"><color=#9f6a3a><u><link=\"FreischutzShotCount\">Магических пуль</link></u></color>, получает одну\n- Количество <sprite name=\"FreischutzShotCount\"><color=#9f6a3a><u><link=\"FreischutzShotCount\">Магических пуль</link></u></color> определяет ту, которой будет произведен выстрел:\n· <sprite name=\"FreishutzOutisEgoBullet_1st\"><color=#f8c200><u><link=\"FreishutzOutisEgoBullet_1st\">Первый магический тампон</link></u></color>\n· <sprite name=\"FreishutzOutisEgoBullet_2nd\"><color=#f8c200><u><link=\"FreishutzOutisEgoBullet_2nd\">Второй магический тампон</link></u></color>\n· <sprite name=\"FreishutzOutisEgoBullet_3rd\"><color=#f8c200><u><link=\"FreishutzOutisEgoBullet_3rd\">Третий магический тампон</link></u></color>\n· <sprite name=\"FreishutzOutisEgoBullet_4th\"><color=#f8c200><u><link=\"FreishutzOutisEgoBullet_4th\">Четвертый магический тампон</link></u></color>\n· <sprite name=\"FreishutzOutisEgoBullet_5th\"><color=#f8c200><u><link=\"FreishutzOutisEgoBullet_5th\">Пятый магический тампон</link></u></color>\n· <sprite name=\"FreishutzOutisEgoBullet_6th\"><color=#f8c200><u><link=\"FreishutzOutisEgoBullet_6th\">Шестой магический тампон</link></u></color>\n· <sprite name=\"FreishutzOutisEgoBullet_7th\"><color=#f8c200><u><link=\"FreishutzOutisEgoBullet_7th\">Седьмой магический тампон</link></u></color>\n[EndSkill] Получает <sprite name=\"FreischutzShotCount\"><color=#9f6a3a><u><link=\"FreischutzShotCount\">Магические пули</link></u></color>, равные наибольшему резонансу (От одной до четырех)\n[EndSkill] Если главная цель убита, наносит 3 <sprite name=\"DarkFlame\"><color=#e30000><u><link=\"DarkFlame\">Темного пламени</link></u></color> на всех противников с <sprite name=\"Combustion\"><color=#e30000><u><link=\"Combustion\">Огнем</link></u></color><style=\"highlight\"></style>",
          "coinlist": [
            {
              "coindescs": [
                {
                  "desc": "[OnSucceedAttack] Наносит <sprite name=\"Combustion\"><color=#e30000><u><link=\"Combustion\">Изжога</link></u></color> и <sprite name=\"DarkFlame\"><color=#e30000><u><link=\"DarkFlame\">Темное пламя</link></u></color> в количестве <sprite name=\"FreischutzShotCount\"><color=#9f6a3a><u><link=\"FreischutzShotCount\">Магических пуль</link></u></color> на руках (<sprite name=\"DarkFlame\"><color=#e30000><u><link=\"DarkFlame\">Темное пламя</link></u></color> единожды на противника за ход)<style=\"highlight\"></style>"
                }
              ]
            }
          ]
        },
        {
          "level": 3,
          "name": "ХОЧУ ВЫСТРЕЛ",
          "abName": "Дер чтототамнанемецком",
          "desc": "[CantIdentify]\nСлучайные цели\nНаносит на <style=\"highlight\">2%</style> больше урона за каждые 3 <sprite name=\"Combustion\"><color=#e30000><u><link=\"Combustion\">Изжоги</link></u></color> на цели (До <style=\"highlight\">20%</style>)\n[BeforeAttack] Если нет <sprite name=\"FreischutzShotCount\"><color=#9f6a3a><u><link=\"FreischutzShotCount\">Магических пуль</link></u></color>, получает одну\n- Количество <sprite name=\"FreischutzShotCount\"><color=#9f6a3a><u><link=\"FreischutzShotCount\">Магических пуль</link></u></color> определяет ту, которой будет произведен выстрел:\n· <sprite name=\"FreishutzOutisEgoBullet_1st\"><color=#f8c200><u><link=\"FreishutzOutisEgoBullet_1st\">Первый магический тампон</link></u></color>\n· <sprite name=\"FreishutzOutisEgoBullet_2nd\"><color=#f8c200><u><link=\"FreishutzOutisEgoBullet_2nd\">Второй магический тампон</link></u></color>\n· <sprite name=\"FreishutzOutisEgoBullet_3rd\"><color=#f8c200><u><link=\"FreishutzOutisEgoBullet_3rd\">Третий магический тампон</link></u></color>\n· <sprite name=\"FreishutzOutisEgoBullet_4th\"><color=#f8c200><u><link=\"FreishutzOutisEgoBullet_4th\">Четвертый магический тампон</link></u></color>\n· <sprite name=\"FreishutzOutisEgoBullet_5th\"><color=#f8c200><u><link=\"FreishutzOutisEgoBullet_5th\">Пятый магический тампон</link></u></color>\n· <sprite name=\"FreishutzOutisEgoBullet_6th\"><color=#f8c200><u><link=\"FreishutzOutisEgoBullet_6th\">Шестой магический тампон</link></u></color>\n· <sprite name=\"FreishutzOutisEgoBullet_7th\"><color=#f8c200><u><link=\"FreishutzOutisEgoBullet_7th\">Седьмой магический тампон</link></u></color>\n[EndSkill] Получает <sprite name=\"FreischutzShotCount\"><color=#9f6a3a><u><link=\"FreischutzShotCount\">Магические пули</link></u></color>, равные наибольшему резонансу (От одной до четырех)\n[EndSkill] Если главная цель убита, наносит <style=\"highlight\">5</style> <sprite name=\"DarkFlame\"><color=#e30000><u><link=\"DarkFlame\">Темного пламени</link></u></color> на всех противников с <sprite name=\"Combustion\"><color=#e30000><u><link=\"Combustion\">Огнем</link></u></color>",
          "coinlist": [
            {
              "coindescs": [
                {
                  "desc": "[OnSucceedAttack] Наносит <sprite name=\"Combustion\"><color=#e30000><u><link=\"Combustion\">Изжога</link></u></color> и <sprite name=\"DarkFlame\"><color=#e30000><u><link=\"DarkFlame\">Темное пламя</link></u></color> в количестве <sprite name=\"FreischutzShotCount\"><color=#9f6a3a><u><link=\"FreischutzShotCount\">Магических пуль</link></u></color> на руках (<sprite name=\"DarkFlame\"><color=#e30000><u><link=\"DarkFlame\">Темное пламя</link></u></color> единожды на противника за ход)<style=\"highlight\"></style>"
                },
                {
                  "desc": "<style=\"highlight\">[OnSucceedAttack] Повышает счетчик <sprite name=\"Combustion\"><color=#e30000><u><link=\"Combustion\">Изжоги</link></u></color> на (<sprite name=\"FreischutzShotCount\"><color=#9f6a3a><u><link=\"FreischutzShotCount\">Магических пуль</link></u></color> на руках / 3)</style>"
                }
              ]
            }
          ]
        },
        {
          "level": 4,
          "name": "ХОЧУ ВЫСТРЕЛ",
          "abName": "Дер чтототамнанемецком",
          "desc": "[CantIdentify]\nСлучайные цели\nНаносит на <style=\"highlight\">3%</style> больше урона за каждые 3 <sprite name=\"Combustion\"><color=#e30000><u><link=\"Combustion\">Изжоги</link></u></color> на цели (До <style=\"highlight\">30%</style>)\n[BeforeAttack] Если нет <sprite name=\"FreischutzShotCount\"><color=#9f6a3a><u><link=\"FreischutzShotCount\">Магических пуль</link></u></color>, получает одну\n- Количество <sprite name=\"FreischutzShotCount\"><color=#9f6a3a><u><link=\"FreischutzShotCount\">Магических пуль</link></u></color> определяет ту, которой будет произведен выстрел:\n· <sprite name=\"FreishutzOutisEgoBullet_1st\"><color=#f8c200><u><link=\"FreishutzOutisEgoBullet_1st\">Первый магический тампон</link></u></color>\n· <sprite name=\"FreishutzOutisEgoBullet_2nd\"><color=#f8c200><u><link=\"FreishutzOutisEgoBullet_2nd\">Второй магический тампон</link></u></color>\n· <sprite name=\"FreishutzOutisEgoBullet_3rd\"><color=#f8c200><u><link=\"FreishutzOutisEgoBullet_3rd\">Третий магический тампон</link></u></color>\n· <sprite name=\"FreishutzOutisEgoBullet_4th\"><color=#f8c200><u><link=\"FreishutzOutisEgoBullet_4th\">Четвертый магический тампон</link></u></color>\n· <sprite name=\"FreishutzOutisEgoBullet_5th\"><color=#f8c200><u><link=\"FreishutzOutisEgoBullet_5th\">Пятмагический тампон</link></u></color>\n· <sprite name=\"FreishutzOutisEgoBullet_6th\"><color=#f8c200><u><link=\"FreishutzOutisEgoBullet_6th\">Шестой магический тампон</link></u></color>\n· <sprite name=\"FreishutzOutisEgoBullet_7th\"><color=#f8c200><u><link=\"FreishutzOutisEgoBullet_7th\">Седьмой магический тампон</link></u></color>\n[EndSkill] Получает <sprite name=\"FreischutzShotCount\"><color=#9f6a3a><u><link=\"FreischutzShotCount\">Магические пули</link></u></color>, равные наибольшему резонансу (От одной до четырех)\n[EndSkill] Если главная цель убита, наносит <style=\"highlight\">7</style> <sprite name=\"DarkFlame\"><color=#e30000><u><link=\"DarkFlame\">Темного пламени</link></u></color> на всех противников с <sprite name=\"Combustion\"><color=#e30000><u><link=\"Combustion\">Огнем</link></u></color>",
          "coinlist": [
            {
              "coindescs": [
                {
                  "desc": "[OnSucceedAttack] Наносит <sprite name=\"Combustion\"><color=#e30000><u><link=\"Combustion\">Изжога</link></u></color> и <sprite name=\"DarkFlame\"><color=#e30000><u><link=\"DarkFlame\">Темное пламя</link></u></color> в количестве <sprite name=\"FreischutzShotCount\"><color=#9f6a3a><u><link=\"FreischutzShotCount\">Магических пуль</link></u></color> на руках (<sprite name=\"DarkFlame\"><color=#e30000><u><link=\"DarkFlame\">Темное пламя</link></u></color> единожды на противника за ход)<style=\"highlight\"></style>"
                },
                {
                  "desc": "[OnSucceedAttack] Повышает счетчик <sprite name=\"Combustion\"><color=#e30000><u><link=\"Combustion\">Изжоги</link></u></color> на (<sprite name=\"FreischutzShotCount\"><color=#9f6a3a><u><link=\"FreischutzShotCount\">Магических пуль</link></u></color> на руках / <style=\"highlight\">2</style>)"
                }
              ]
            }
          ]
        }
      ]
    }
  ]
}