﻿{
  "dataList": [
    {
      "id": 9013601,
      "levelList": [
        {
          "level": 1,
          "name": "...тук",
          "desc": "[WhenUse] Наносит 1 <sprite name=\"AttackDown\"><color=#e30000><u><link=\"AttackDown\">Понижение уровня атаки</link></u></color> целям с 5 и более <sprite name=\"Sinking\"><color=#e30000><u><link=\"Sinking\">Депрессии</link></u></color>",
          "coinlist": [
            {
              "coindescs": [
                {
                  "desc": "[OnSucceedAttack] Наносит 4 <sprite name=\"Sinking\"><color=#e30000><u><link=\"Sinking\">Депрессии</link></u></color>"
                },
                {
                  "desc": "[OnSucceedAttack] Наносит 1 <sprite name=\"Binding\"><color=#e30000><u><link=\"Binding\">Понос</link></u></color> на следующий ход"
                }
              ]
            },
            {
              "coindescs": [
                {
                  "desc": "[OnSucceedAttack] Наносит 4 <sprite name=\"Sinking\"><color=#e30000><u><link=\"Sinking\">Депрессии</link></u></color>"
                },
                {
                  "desc": "[OnSucceedAttack] Наносит 1 <sprite name=\"Paralysis\"><color=#e30000><u><link=\"Paralysis\">Паралич</link></u></color> на следующий ход"
                }
              ]
            }
          ]
        }
      ]
    },
    {
      "id": 9013602,
      "levelList": [
        {
          "level": 1,
          "name": "...очистить",
          "desc": "[WhenUse] Наносит 2 <sprite name=\"AttackDown\"><color=#e30000><u><link=\"AttackDown\">Понижения уровня атаки</link></u></color>, если СД цели 10 или менее\n[WinDuel] Наносит 1 <sprite name=\"Vulnerable\"><color=#e30000><u><link=\"Vulnerable\">Уязвимость</link></u></color>",
          "coinlist": [
            {
              "coindescs": [
                {
                  "desc": "[OnSucceedAttack] Наносит 1 <sprite name=\"PlusCoinValueDown\"><color=#e30000><u><link=\"PlusCoinValueDown\">Ослабление положительной монеты</link></u></color> на следующий ход"
                }
              ]
            },
            {
              "coindescs": [
                {
                  "desc": "[OnSucceedAttack] Повышает счетчик <sprite name=\"Sinking\"><color=#e30000><u><link=\"Sinking\">Депрессии</link></u></color> на 3"
                },
                {
                  "desc": "[OnSucceedAttack] Наносит 2 <sprite name=\"Vulnerable\"><color=#e30000><u><link=\"Vulnerable\">Уязвимости</link></u></color> на следующий ход"
                }
              ]
            }
          ]
        }
      ]
    },
    {
      "id": 9013603,
      "levelList": [
        {
          "level": 1,
          "name": "...иледи...!",
          "desc": "[WhenUse] Базовая сила +1 за каждые 3 <sprite name=\"Sinking\"><color=#e30000><u><link=\"Sinking\">Депрессии</link></u></color> на цели (макс. 3)\n[WinDuel] Все союзники восстанавливают 5 СД",
          "coinlist": [
            {
              "coindescs": [
                {
                  "desc": "[OnSucceedAttack] Наносит 8 <sprite name=\"Sinking\"><color=#e30000><u><link=\"Sinking\">Депрессии</link></u></color>"
                },
                {
                  "desc": "[OnSucceedAttackHead] Повышает счетчик <sprite name=\"Sinking\"><color=#e30000><u><link=\"Sinking\">Депрессии</link></u></color> на 2"
                }
              ]
            },
            {
              "coindescs": [
                {
                  "desc": "[OnSucceedAttack] Наносит 8 <sprite name=\"Sinking\"><color=#e30000><u><link=\"Sinking\">Депрессии</link></u></color>"
                },
                {
                  "desc": "[OnSucceedAttackHead] Повышает счетчик <sprite name=\"Sinking\"><color=#e30000><u><link=\"Sinking\">Депрессии</link></u></color> на 2"
                }
              ]
            },
            {
              "coindescs": [
                {
                  "desc": "[OnSucceedAttack] Наносит 8 <sprite name=\"Sinking\"><color=#e30000><u><link=\"Sinking\">Депрессии</link></u></color>"
                },
                {
                  "desc": "[OnSucceedAttackHead] Повышает счетчик <sprite name=\"Sinking\"><color=#e30000><u><link=\"Sinking\">Депрессии</link></u></color> на 2"
                }
              ]
            }
          ]
        }
      ]
    },
    {
      "id": 9013604,
      "levelList": [
        {
          "level": 1,
          "name": "...из Праха",
          "desc": "[WhenUse] Базовая сила +1 за каждые 6 <sprite name=\"Sinking\"><color=#e30000><u><link=\"Sinking\">Депрессии</link></u></color> на цели (макс. 3)\n[WhenUse] Наносит на 10% больше урона за каждые 6 счетчиков <sprite name=\"Sinking\"><color=#e30000><u><link=\"Sinking\">Депрессии</link></u></color> цели (До 30%)",
          "coinlist": [
            {
              "coindescs": [
                {
                  "desc": "[OnSucceedAttack] Наносит урон Унынием в количестве <sprite name=\"Sinking\"><color=#e30000><u><link=\"Sinking\">Депрессии</link></u></color> цели и понижает его счетчик на 1"
                }
              ]
            },
            {
              "coindescs": [
                {
                  "desc": "[OnSucceedAttack] Наносит урон Унынием в количестве <sprite name=\"Sinking\"><color=#e30000><u><link=\"Sinking\">Депрессии</link></u></color> цели и понижает его счетчик на 1"
                }
              ]
            },
            {
              "coindescs": [
                {
                  "desc": "[OnSucceedAttack] Наносит урон Унынием в количестве <sprite name=\"Sinking\"><color=#e30000><u><link=\"Sinking\">Депрессии</link></u></color> цели и понижает его счетчик на 1"
                },
                {
                  "desc": "[OnSucceedAttack] Наносит 4 <sprite name=\"Sinking\"><color=#e30000><u><link=\"Sinking\">Депрессии</link></u></color>"
                },
                {
                  "desc": "[OnSucceedAttack] Если у цели 3 и более счетчика <sprite name=\"Sinking\"><color=#e30000><u><link=\"Sinking\">Депрессии</link></u></color>, заново подкидывает монету (Дважды)"
                }
              ]
            }
          ]
        }
      ]
    },
    {
      "id": 9013605,
      "levelList": [
        {
          "level": 1,
          "name": "Скольз...",
          "desc": "Если остается щит к концу хода, снижает свою границу выносливости на 50",
          "coinlist": [
            {}
          ]
        }
      ]
    },
    {
      "id": 9013701,
      "levelList": [
        {
          "level": 1,
          "name": "Проклятые пле...",
          "desc": "",
          "coinlist": [
            {
              "coindescs": [
                {
                  "desc": "[OnSucceedAttack] Получает 1 <sprite name=\"AttackUp\"><color=#f8c200><u><link=\"AttackUp\">Повышение уровня атаки</link></u></color> на следующий ход"
                }
              ]
            },
            {
              "coindescs": [
                {
                  "desc": "[OnSucceedAttack] Получает 1 <sprite name=\"AttackUp\"><color=#f8c200><u><link=\"AttackUp\">Повышение уровня атаки</link></u></color> на следующий ход"
                }
              ]
            }
          ]
        }
      ]
    },
    {
      "id": 9013702,
      "levelList": [
        {
          "level": 1,
          "name": "Я сотру...",
          "desc": "[WinDuel] Базовая сила +1",
          "coinlist": [
            {
              "coindescs": [
                {
                  "desc": "[OnSucceedAttack] Если у цели есть <sprite name=\"AttackDown\"><color=#e30000><u><link=\"AttackDown\">Понижение уровня атаки</link></u></color>, наносит еще 20% от нанесенного урона Дробящим уроном"
                }
              ]
            },
            {
              "coindescs": [
                {
                  "desc": "[OnSucceedAttack] Если у цели есть <sprite name=\"AttackDown\"><color=#e30000><u><link=\"AttackDown\">Понижение уровня атаки</link></u></color>, наносит еще 20% от нанесенного урона Дробящим уроном"
                }
              ]
            }
          ]
        }
      ]
    },
    {
      "id": 9013703,
      "levelList": [
        {
          "level": 1,
          "name": "Снова все...",
          "desc": "[WinDuel] Если у цели 2 и более <sprite name=\"AttackDown\"><color=#e30000><u><link=\"AttackDown\">Понижения уровня атаки</link></u></color>, Базовая сила +1\n[WhenUse] Если у цели есть <sprite name=\"DefenseDown\"><color=#e30000><u><link=\"DefenseDown\">Понижение уровня защиты</link></u></color>, наносит еще 30% от нанесенного урона Дробящим уроном",
          "coinlist": [
            {},
            {
              "coindescs": [
                {
                  "desc": "[OnSucceedAttack] Восстанавливает 4 СД"
                }
              ]
            },
            {
              "coindescs": [
                {
                  "desc": "[OnSucceedAttack] Восстанавливает 4 СД"
                }
              ]
            },
            {
              "coindescs": [
                {
                  "desc": "[OnSucceedAttack] Восстанавливает 4 СД"
                }
              ]
            }
          ]
        }
      ]
    },
    {
      "id": 9013704,
      "levelList": [
        {
          "level": 1,
          "name": "Раздав..",
          "desc": "Выбирает цели с наибольшим количеством отрицательных эффектов\n[WinDuel] Сила монет +1 за каждые 3 <sprite name=\"DefenseDown\"><color=#e30000><u><link=\"DefenseDown\">Понижения уровня защиты</link></u></color> на цели (До 3)",
          "coinlist": [
            {
              "coindescs": [
                {
                  "desc": "[OnSucceedAttack] Наносит 1 <sprite name=\"Vulnerable\"><color=#e30000><u><link=\"Vulnerable\">Уязвимость</link></u></color>"
                },
                {
                  "desc": "[OnSucceedAttack] Наносит 1 <sprite name=\"Vulnerable\"><color=#e30000><u><link=\"Vulnerable\">Уязвимость</link></u></color> на следующий ход"
                },
                {
                  "desc": "[OnSucceedAttack] Наносит 2 <sprite name=\"Paralysis\"><color=#e30000><u><link=\"Paralysis\">Паралича</link></u></color> на следующий ход"
                }
              ]
            },
            {
              "coindescs": [
                {
                  "desc": "[OnSucceedAttack] На 30% больше урона за каждые 2 <sprite name=\"AttackDown\"><color=#e30000><u><link=\"AttackDown\">Понижения уровня атаки</link></u></color> цели (До 120%)"
                },
                {
                  "desc": "[OnSucceedAttackHead] Если на цели 3 и более отрицательных эффекта, заново подкидывает монету (Единожды)"
                }
              ]
            }
          ]
        }
      ]
    },
    {
      "id": 9013705,
      "levelList": [
        {
          "level": 1,
          "name": "Блок",
          "desc": "[StartBattle] Получает еще 20 ОЗ щита за каждого живого союзника",
          "coinlist": [
            {
              "coindescs": [
                {
                  "desc": ""
                }
              ]
            }
          ]
        }
      ]
    },
    {
      "id": 9013801,
      "levelList": [
        {
          "level": 1,
          "name": "Сби...",
          "desc": "",
          "coinlist": [
            {
              "coindescs": [
                {
                  "desc": "[OnSucceedAttack] Наносит 2 <sprite name=\"DefenseDown\"><color=#e30000><u><link=\"DefenseDown\">Понижения уровня защиты</link></u></color> на следующий ход"
                }
              ]
            }
          ]
        }
      ]
    },
    {
      "id": 9013802,
      "levelList": [
        {
          "level": 1,
          "name": "...се",
          "desc": "[WhenUse] Если на цели 2 и более отрицательных эффекта, Базовая сила +1",
          "coinlist": [
            {
              "coindescs": [
                {
                  "desc": "[OnSucceedAttack] Наносит 3 <sprite name=\"DefenseDown\"><color=#e30000><u><link=\"DefenseDown\">Понижения уровня защиты</link></u></color> на следующий ход"
                }
              ]
            }
          ]
        }
      ]
    },
    {
      "id": 9013803,
      "levelList": [
        {
          "level": 1,
          "name": "Про...",
          "desc": "[WhenUse] Если на цели 4 и более отрицательных эффекта, Сила монеты +1",
          "coinlist": [
            {
              "coindescs": [
                {
                  "desc": "[OnSucceedAttack] Наносит 1 <sprite name=\"Binding\"><color=#e30000><u><link=\"Binding\">Понос</link></u></color> на следующий ход"
                },
                {
                  "desc": "[OnSucceedAttack] Наносит 1 <sprite name=\"PenetrateTakeDamageUp\"><color=#e30000><u><link=\"PenetrateTakeDamageUp\">Уязвимость к Пронзающему урону</link></u></color> на следующий ход"
                }
              ]
            },
            {
              "coindescs": [
                {
                  "desc": "[OnSucceedAttack] Наносит 2 <sprite name=\"Binding\"><color=#e30000><u><link=\"Binding\">Поноса</link></u></color> на следующий ход"
                }
              ]
            }
          ]
        }
      ]
    },
    {
      "id": 9013804,
      "levelList": [
        {
          "level": 1,
          "name": "Пря..",
          "desc": "[WhenUse] Если на цели 5 и более отрицательных эффектов, Базовая сила +2\n[WhenUse] Если на цели 5 и более отрицательных эффектов, наносит на 30% больше урона",
          "coinlist": [
            {
              "coindescs": [
                {
                  "desc": "[OnSucceedAttack] Наносит 2 <sprite name=\"Vulnerable\"><color=#e30000><u><link=\"Vulnerable\">Уязвимости</link></u></color>"
                }
              ]
            },
            {
              "coindescs": [
                {
                  "desc": "[OnSucceedAttack] Наносит 2 <sprite name=\"Vulnerable\"><color=#e30000><u><link=\"Vulnerable\">Уязвимости</link></u></color> на следующий ход"
                },
                {
                  "desc": "[OnSucceedAttack] Если на цели 5 и более отрицательных эффектов, заново подкидывает монету (До 2 раз)"
                },
                {
                  "desc": "[OnSucceedAttack] Убирает 1 случайный съемный отрицательный эффект с цели"
                }
              ]
            }
          ]
        }
      ]
    },
    {
      "id": 9013805,
      "levelList": [
        {
          "level": 1,
          "name": "...",
          "desc": "[OnSucceedEvade] Восстанавливает 5 СД (До 2 раз за ход)",
          "coinlist": [
            {
              "coindescs": [
                {
                  "desc": ""
                }
              ]
            }
          ]
        }
      ]
    }
  ]
}