{
  "dataList": [
    {
      "id": 2010611,
      "levelList": [
        {
          "level": 1,
          "name": "Царство небесное",
          "abName": "Портрет адольфа глиттера",
          "desc": "[EndSkill] Случайно наносит (6 + Уныние рез.) <sprite name=\"Sinking\"><color=#e30000><u><link=\"Sinking\">Депрессии</link></u></color> между целями<style=\"highlight\"></style>",
          "coinlist": [
            {
              "coindescs": [
                {
                  "desc": "[OnSucceedAttack] Если цель имела 6+ <sprite name=\"Sinking\"><color=#e30000><u><link=\"Sinking\">Депрессии</link></u></color>, Наносит 1 <sprite name=\"Binding\"><color=#e30000><u><link=\"Binding\">Понос</link></u></color> на следующий ход<style=\"highlight\"></style>"
                }
              ]
            }
          ]
        },
        {
          "level": 3,
          "name": "Царство небесное",
          "abName": "Портрет адольфа глиттера",
          "desc": "[EndSkill] Случайно наносит (6 + Уныние рез.) <sprite name=\"Sinking\"><color=#e30000><u><link=\"Sinking\">Депрессии</link></u></color> между целями<style=\"highlight\"></style>",
          "coinlist": [
            {
              "coindescs": [
                {
                  "desc": "[OnSucceedAttack] Если цель имела 6+ <sprite name=\"Sinking\"><color=#e30000><u><link=\"Sinking\">Депрессии</link></u></color>, Наносит 2 <sprite name=\"Binding\"><color=#e30000><u><link=\"Binding\">Поноса</link></u></color> на следующий ход<style=\"highlight\"></style>"
                }
              ]
            }
          ]
        },
        {
          "level": 4,
          "name": "Царство небесное",
          "abName": "Портрет адольфа глиттера",
          "desc": "[EndSkill] Случайно наносит (6 + (<style=\"highlight\">Уныние рез. x1.5</style>)) <sprite name=\"Sinking\"><color=#e30000><u><link=\"Sinking\">Депрессии</link></u></color> между целями",
          "coinlist": [
            {
              "coindescs": [
                {
                  "desc": "[OnSucceedAttack] Если цель имела 6+ <sprite name=\"Sinking\"><color=#e30000><u><link=\"Sinking\">Депрессии</link></u></color>, Наносит 2 <sprite name=\"Binding\"><color=#e30000><u><link=\"Binding\">Поноса</link></u></color> на следующий ход<style=\"highlight\"></style>"
                }
              ]
            }
          ]
        }
      ]
    },
    {
      "id": 2010621,
      "levelList": [
        {
          "level": 1,
          "name": "Царство небесное",
          "abName": "Портрет адольфа глиттера",
          "desc": "[CantIdentify]\nЕбашит рандомно<style=\"highlight\"></style>",
          "coinlist": [
            {
              "coindescs": [
                {
                  "desc": "[OnSucceedAttack] Наносит 2 <sprite name=\"Sinking\"><color=#e30000><u><link=\"Sinking\">Депрессии</link></u></color>. Наносит 2 <sprite name=\"Binding\"><color=#e30000><u><link=\"Binding\">Поноса</link></u></color> на следующий ход<style=\"highlight\"></style>"
                },
                {
                  "desc": "[OnSucceedAttack] Если цель имела 6+ <sprite name=\"Sinking\"><color=#e30000><u><link=\"Sinking\">Депрессии</link></u></color>, Наносит 1 <sprite name=\"Binding\"><color=#e30000><u><link=\"Binding\">Понос</link></u></color> на следующий ход<style=\"highlight\"></style>"
                }
              ]
            }
          ]
        },
        {
          "level": 3,
          "name": "Царство небесное",
          "abName": "Портрет адольфа глиттера",
          "desc": "[CantIdentify]\nЕбашит рандомно\n[BeforeAttack] При 3+ (Уныние рез.), Радиус атаки +1<style=\"highlight\"></style>",
          "coinlist": [
            {
              "coindescs": [
                {
                  "desc": "[OnSucceedAttack] Наносит 2 <sprite name=\"Sinking\"><color=#e30000><u><link=\"Sinking\">Депрессии</link></u></color>. Наносит 2 <sprite name=\"Binding\"><color=#e30000><u><link=\"Binding\">Поноса</link></u></color> на следующий ход<style=\"highlight\"></style>"
                },
                {
                  "desc": "[OnSucceedAttack] Если цель имела 6+ <sprite name=\"Sinking\"><color=#e30000><u><link=\"Sinking\">Депрессии</link></u></color>, Наносит 1 <sprite name=\"Binding\"><color=#e30000><u><link=\"Binding\">Понос</link></u></color> на следующий ход<style=\"highlight\"></style>"
                }
              ]
            }
          ]
        },
        {
          "level": 4,
          "name": "Царство небесное",
          "abName": "Портрет адольфа глиттера",
          "desc": "[CantIdentify]\nЕбашит рандомно\n[BeforeAttack] При 3+ (Уныние рез.), Радиус атаки +1\n[BeforeAttack] При 5+ (Уныние рез.), дополнительный радиус атаки +1<style=\"highlight\"></style>",
          "coinlist": [
            {
              "coindescs": [
                {
                  "desc": "[OnSucceedAttack] Наносит 2 <sprite name=\"Sinking\"><color=#e30000><u><link=\"Sinking\">Депрессии</link></u></color>. Наносит 2 <sprite name=\"Binding\"><color=#e30000><u><link=\"Binding\">Поноса</link></u></color> на следующий ход<style=\"highlight\"></style>"
                },
                {
                  "desc": "[OnSucceedAttack] Если цель имела 6+ <sprite name=\"Sinking\"><color=#e30000><u><link=\"Sinking\">Депрессии</link></u></color>, Наносит 2 <sprite name=\"Binding\"><color=#e30000><u><link=\"Binding\">Поноса</link></u></color> на следующий ход<style=\"highlight\"></style>"
                }
              ]
            }
          ]
        }
      ]
    },
    {
      "id": 2010711,
      "levelList": [
        {
          "level": 1,
          "name": "ФРЕНДЛИ ФАЕР",
          "abName": "Дер флюзечтототам",
          "desc": "Приоритет на врагом с наименьшим ХП (в первую очередь союзники)\n[BeforeAttack] Получает (наивысш. рез. + 1) <sprite name=\"BoseProjektil\"><color=#9f6a3a><u><link=\"BoseProjektil\">Разорванные воспоминания</link></u></color> (макс. 7)\n[BeforeAttack] Получает 1 <sprite name=\"Breath\"><color=#f8c200><u><link=\"Breath\">Кумар</link></u></color> за каждое <sprite name=\"BoseProjektil\"><color=#9f6a3a><u><link=\"BoseProjektil\">Разорванные воспоминания</link></u></color> (макс. 7)\n[EndSkill] Теряет все <sprite name=\"BoseProjektil\"><color=#9f6a3a><u><link=\"BoseProjektil\">Разорванные воспоминания</link></u></color><style=\"highlight\"></style>",
          "coinlist": [
            {
              "coindescs": [
                {
                  "desc": "Это монетка наносит урон только основной цели.<style=\"highlight\"></style>"
                },
                {
                  "desc": "Если основная цель это сюзник, наносит +8% больше урона за каждое <sprite name=\"BoseProjektil\"><color=#9f6a3a><u><link=\"BoseProjektil\">Разорванные воспоминания</link></u></color> (макс. 56%)<style=\"highlight\"></style>"
                },
                {
                  "desc": "[AllyKill] Раздает 2 <sprite name=\"Breath\"><color=#f8c200><u><link=\"Breath\">Кумара</link></u></color> на себя и 2-х случайных союзников<style=\"highlight\"></style>"
                },
                {
                  "desc": "[AllyKillFail] Получает 1 <sprite name=\"Breath\"><color=#f8c200><u><link=\"Breath\">Кумар</link></u></color><style=\"highlight\"></style>"
                }
              ]
            },
            {
              "coindescs": [
                {
                  "desc": "Это монетка наносит урон только второстепенным целям\n- Если первая монетка не убивает союзника, 1 рандомная второстепенная цель получает урон<style=\"highlight\"></style>"
                },
                {
                  "desc": "+2% Урона от крита за каждое <sprite name=\"BoseProjektil\"><color=#9f6a3a><u><link=\"BoseProjektil\">Разорванные воспоминания</link></u></color> (макс. 14%)<style=\"highlight\"></style>"
                },
                {
                  "desc": "[CriticalOnSucceedAttack] Наносит 2 <sprite name=\"Laceration\"><color=#e30000><u><link=\"Laceration\">Кетчупа</link></u></color><style=\"highlight\"></style>"
                }
              ]
            }
          ]
        },
        {
          "level": 3,
          "name": "ФРЕНДЛИ ФАЕР",
          "abName": "Дер флюзечтототам",
          "desc": "Приоритет на врагом с наименьшим ХП (в первую очередь союзники)\n[BeforeAttack] Получает (наивысш. рез. + 1) <sprite name=\"BoseProjektil\"><color=#9f6a3a><u><link=\"BoseProjektil\">Разорванные воспоминания</link></u></color> (макс. 7)\n[BeforeAttack] Получает 1 <sprite name=\"Breath\"><color=#f8c200><u><link=\"Breath\">Кумар</link></u></color> за каждое <sprite name=\"BoseProjektil\"><color=#9f6a3a><u><link=\"BoseProjektil\">Разорванные воспоминания</link></u></color> (макс. 7)\n[EndSkill] Теряет все <sprite name=\"BoseProjektil\"><color=#9f6a3a><u><link=\"BoseProjektil\">Разорванные воспоминания</link></u></color><style=\"highlight\"></style>",
          "coinlist": [
            {
              "coindescs": [
                {
                  "desc": "Это монетка наносит урон только основной цели.<style=\"highlight\"></style>"
                },
                {
                  "desc": "Если основной цели это сюзник, наносит <style=\"highlight\">+10%</style> больше урона за каждое <sprite name=\"BoseProjektil\"><color=#9f6a3a><u><link=\"BoseProjektil\">Разорванные воспоминания</link></u></color> (макс. <style=\"highlight\">70%</style>)"
                },
                {
                  "desc": "[AllyKill] Раздает 3 <sprite name=\"Breath\"><color=#f8c200><u><link=\"Breath\">Кумар</link></u></color> на себя и 2-х случайных союзников<style=\"highlight\"></style>"
                },
                {
                  "desc": "<style=\"highlight\">[AllyKill] +1 ЭГО ресурс 1-го скилла убитого союзника</style>"
                },
                {
                  "desc": "[AllyKillFail] Получает <style=\"highlight\">3</style> <sprite name=\"Breath\"><color=#f8c200><u><link=\"Breath\">Кумар</link></u></color>"
                }
              ]
            },
            {
              "coindescs": [
                {
                  "desc": "Это монетка наносит урон только второстепенным целям\n- Если первая монетка не убивает союзника, 1 рандомная второстепенная цель получает урон<style=\"highlight\"></style>"
                },
                {
                  "desc": "<style=\"highlight\">+5%</style> Урона от крита за каждое <sprite name=\"BoseProjektil\"><color=#9f6a3a><u><link=\"BoseProjektil\">Разорванные воспоминания</link></u></color> (макс. <style=\"highlight\">35%</style>)"
                },
                {
                  "desc": "[CriticalOnSucceedAttack] Наносит 2 <sprite name=\"Laceration\"><color=#e30000><u><link=\"Laceration\">Кетчупа</link></u></color><style=\"highlight\"></style>"
                }
              ]
            }
          ]
        },
        {
          "level": 4,
          "name": "ФРЕНДЛИ ФАЕР",
          "abName": "Дер флюзечтототам",
          "desc": "Приоритет на врагом с наименьшим ХП (в первую очередь союзники)\n[BeforeAttack] Получает (наивысш. рез. + 1) <sprite name=\"BoseProjektil\"><color=#9f6a3a><u><link=\"BoseProjektil\">Разорванные воспоминания</link></u></color> (макс. 7)\n<style=\"highlight\">- Если the said Reson. was a Pride Reson., Получает (наивысш. рез. x 2) <sprite name=\"BoseProjektil\"><color=#9f6a3a><u><link=\"BoseProjektil\">Разорванные воспоминания</link></u></color> instead (макс. 7)</style>\n[BeforeAttack] Получает 1 <sprite name=\"Breath\"><color=#f8c200><u><link=\"Breath\">Кумар</link></u></color> за каждое <sprite name=\"BoseProjektil\"><color=#9f6a3a><u><link=\"BoseProjektil\">Разорванные воспоминания</link></u></color> (макс. 7)\n[EndSkill] Теряет все <sprite name=\"BoseProjektil\"><color=#9f6a3a><u><link=\"BoseProjektil\">Разорванные воспоминания</link></u></color>",
          "coinlist": [
            {
              "coindescs": [
                {
                  "desc": "Это монетка наносит урон только основной цели.<style=\"highlight\"></style>"
                },
                {
                  "desc": "Если основной цели это сюзник, наносит <style=\"highlight\">+15%</style> больше урона за каждое <sprite name=\"BoseProjektil\"><color=#9f6a3a><u><link=\"BoseProjektil\">Разорванные воспоминания</link></u></color> (макс. <style=\"highlight\">105%</style>)"
                },
                {
                  "desc": "[AllyKill] Раздает 3 <sprite name=\"Breath\"><color=#f8c200><u><link=\"Breath\">Кумара</link></u></color> на себя и 2-х случайных союзников<style=\"highlight\"></style>"
                },
                {
                  "desc": "<style=\"highlight\">[AllyKill] +1 ЭГО ресурс 1-го и 2-го скилла убитого союзника</style>"
                },
                {
                  "desc": "[AllyKillFail] Получает <style=\"highlight\">3</style> <sprite name=\"Breath\"><color=#f8c200><u><link=\"Breath\">Кумара</link></u></color>"
                }
              ]
            },
            {
              "coindescs": [
                {
                  "desc": "Это монетка наносит урон только второстепенным целям\n- Если первая монетка не убивает союзника, 1 рандомная второстепенная цель получает урон<style=\"highlight\"></style>"
                },
                {
                  "desc": "<style=\"highlight\">+9%</style> Урона от крита за каждое <sprite name=\"BoseProjektil\"><color=#9f6a3a><u><link=\"BoseProjektil\">Разорванные воспоминания</link></u></color> (макс. <style=\"highlight\">63%</style>)"
                },
                {
                  "desc": "[CriticalOnSucceedAttack] Наносит <style=\"highlight\">3</style> <sprite name=\"Laceration\"><color=#e30000><u><link=\"Laceration\">Кетчупа</link></u></color>"
                }
              ]
            }
          ]
        }
      ]
    },
    {
      "id": 2010721,
      "levelList": [
        {
          "level": 1,
          "name": "ФРЕНДЛИ ФАЕР",
          "abName": "Дер флюзечтототам",
          "desc": "[CantIdentify]\nПриоритет на врагом с наименьшим ХП (в первую очередь союзники)\n[BeforeAttack] Получает (наивысш. рез. + 1) <sprite name=\"BoseProjektil\"><color=#9f6a3a><u><link=\"BoseProjektil\">Разорванные воспоминания</link></u></color> (макс. 7)\n[BeforeAttack] наносит +2% больше урона за каждое <sprite name=\"BoseProjektil\"><color=#9f6a3a><u><link=\"BoseProjektil\">Разорванные воспоминания</link></u></color> (макс. 14%)\n[BeforeAttack] Получает 1 <sprite name=\"Breath\"><color=#f8c200><u><link=\"Breath\">Кумар</link></u></color> за каждое <sprite name=\"BoseProjektil\"><color=#9f6a3a><u><link=\"BoseProjektil\">Разорванные воспоминания</link></u></color> (макс. 7)\n[EndSkill] Теряет все <sprite name=\"BoseProjektil\"><color=#9f6a3a><u><link=\"BoseProjektil\">Разорванные воспоминания</link></u></color><style=\"highlight\"></style>",
          "coinlist": [
            {
              "coindescs": [
                {
                  "desc": "Это монетка наносит урон только основной цели.<style=\"highlight\"></style>"
                },
                {
                  "desc": "Если основной цели это сюзник, наносит +10% больше урона за каждое <sprite name=\"BoseProjektil\"><color=#9f6a3a><u><link=\"BoseProjektil\">Разорванные воспоминания</link></u></color> (макс. 70%)<style=\"highlight\"></style>"
                },
                {
                  "desc": "Если основной цели это сюзник, наносит +2% больше урона за каждое <sprite name=\"Breath\"><color=#f8c200><u><link=\"Breath\">Кумар</link></u></color> on self (макс. 50%)<style=\"highlight\"></style>"
                },
                {
                  "desc": "[AllyKill] Раздает 2 <sprite name=\"Breath\"><color=#f8c200><u><link=\"Breath\">Кумар</link></u></color> на себя и 3-м рандомный союзникам<style=\"highlight\"></style>"
                },
                {
                  "desc": "[AllyKill] Следующая монетка наносит +2% больше урона за каждое <sprite name=\"BoseProjektil\"><color=#9f6a3a><u><link=\"BoseProjektil\">Разорванные воспоминания</link></u></color> (макс. 14%)<style=\"highlight\"></style>"
                },
                {
                  "desc": "[AllyKill] +1 ЭГО ресурс 1-го и 2-го скилла убитого союзника<style=\"highlight\"></style>"
                },
                {
                  "desc": "[AllyKillFail] Получает 1 <sprite name=\"Breath\"><color=#f8c200><u><link=\"Breath\">Кумар</link></u></color><style=\"highlight\"></style>"
                }
              ]
            },
            {
              "coindescs": [
                {
                  "desc": "Это монетка наносит урон только второстепенным целям\n- Если первая монетка не убивает союзника, 1 рандомная второстепенная цель получает урон<style=\"highlight\"></style>"
                },
                {
                  "desc": "+2% Урона от крита за каждое <sprite name=\"BoseProjektil\"><color=#9f6a3a><u><link=\"BoseProjektil\">Разорванные воспоминания</link></u></color> (макс. 14%)<style=\"highlight\"></style>"
                },
                {
                  "desc": "[CriticalOnSucceedAttack] Наносит 3 <sprite name=\"Laceration\"><color=#e30000><u><link=\"Laceration\">Кетчуп</link></u></color><style=\"highlight\"></style>"
                }
              ]
            }
          ]
        },
        {
          "level": 3,
          "name": "ФРЕНДЛИ ФАЕР",
          "abName": "Дер флюзечтототам",
          "desc": "[CantIdentify]\nПриоритет на врагом с наименьшим ХП (в первую очередь союзники)\n[BeforeAttack] Получает (наивысш. рез. + 1) <sprite name=\"BoseProjektil\"><color=#9f6a3a><u><link=\"BoseProjektil\">Разорванные воспоминания</link></u></color> (макс. 7)\n[BeforeAttack] наносит <style=\"highlight\">+3%</style> больше урона за каждое <sprite name=\"BoseProjektil\"><color=#9f6a3a><u><link=\"BoseProjektil\">Разорванные воспоминания</link></u></color> (макс. <style=\"highlight\">21%</style>)\n[BeforeAttack] Получает 1 <sprite name=\"Breath\"><color=#f8c200><u><link=\"Breath\">Кумар</link></u></color> за каждое <sprite name=\"BoseProjektil\"><color=#9f6a3a><u><link=\"BoseProjektil\">Разорванные воспоминания</link></u></color> (макс. 7)\n[EndSkill] Теряет все <sprite name=\"BoseProjektil\"><color=#9f6a3a><u><link=\"BoseProjektil\">Разорванные воспоминания</link></u></color>",
          "coinlist": [
            {
              "coindescs": [
                {
                  "desc": "Это монетка наносит урон только основной цели.<style=\"highlight\"></style>"
                },
                {
                  "desc": "Если основной цели это сюзник, наносит <style=\"highlight\">+12%</style> больше урона за каждое <sprite name=\"BoseProjektil\"><color=#9f6a3a><u><link=\"BoseProjektil\">Разорванные воспоминания</link></u></color> (макс. <style=\"highlight\">84%</style>)"
                },
                {
                  "desc": "Если основной цели это сюзник, наносит +2% больше урона за каждое <sprite name=\"Breath\"><color=#f8c200><u><link=\"Breath\">Кумар</link></u></color> on self (макс. 50%)<style=\"highlight\"></style>"
                },
                {
                  "desc": "[AllyKill] Раздает 3 <sprite name=\"Breath\"><color=#f8c200><u><link=\"Breath\">Кумар</link></u></color> to self and <style=\"highlight\">3</style> random allies"
                },
                {
                  "desc": "[AllyKill] Следующая монетка <style=\"highlight\">+5%</style> больше урона за каждое <sprite name=\"BoseProjektil\"><color=#9f6a3a><u><link=\"BoseProjektil\">Разорванные воспоминания</link></u></color> (макс. <style=\"highlight\">35%</style>)"
                },
                {
                  "desc": "<style=\"highlight\">[AllyKill] +1 ЭГО ресурс 1-го, 2-го и 3-го скилла убитого союзника</style>"
                },
                {
                  "desc": "[AllyKillFail] Получает <style=\"highlight\">2</style> <sprite name=\"Breath\"><color=#f8c200><u><link=\"Breath\">Кумар</link></u></color>"
                }
              ]
            },
            {
              "coindescs": [
                {
                  "desc": "Это монетка наносит урон только второстепенным целям\n- Если первая монетка не убивает союзника, 1 рандомная второстепенная цель получает урон<style=\"highlight\"></style>"
                },
                {
                  "desc": "<style=\"highlight\">+3%</style> Урона от крита за каждое <sprite name=\"BoseProjektil\"><color=#9f6a3a><u><link=\"BoseProjektil\">Разорванные воспоминания</link></u></color> (макс. <style=\"highlight\">21%</style>)"
                },
                {
                  "desc": "[CriticalOnSucceedAttack] Наносит <style=\"highlight\">4</style> <sprite name=\"Laceration\"><color=#e30000><u><link=\"Laceration\">Кетчуп</link></u></color>"
                }
              ]
            }
          ]
        },
        {
          "level": 4,
          "name": "ФРЕНДЛИ ФАЕР",
          "abName": "Дер флюзечтототам",
          "desc": "[CantIdentify]\nДелает приоритет на врагах с наименьшим здоровьем (приоритет на союзников)\n[BeforeAttack] Получает (наивысший резонанс + 1) <sprite name=\"BoseProjektil\"><color=#9f6a3a><u><link=\"BoseProjektil\">Разорванные воспоминания</link></u></color> (макс. 7)\n<style=\"highlight\">- Если резонанс был резонансом Гордыни, получает (наивысш. резонанс. x 2) <sprite name=\"BoseProjektil\"><color=#9f6a3a><u><link=\"BoseProjektil\">Разорванные воспоминания</link></u></color> вместо (макс. 7)</style>\n[BeforeAttack] Наносит <style=\"highlight\">+4%</style> больше урона за каждое <sprite name=\"BoseProjektil\"><color=#9f6a3a><u><link=\"BoseProjektil\">Разорванные воспоминания</link></u></color> (макс 28%)\n[BeforeAttack] Получает 1 <sprite name=\"Breath\"><color=#f8c200><u><link=\"Breath\">Кумар</link></u></color> за каждую <sprite name=\"BoseProjektil\"><color=#9f6a3a><u><link=\"BoseProjektil\">Разорванные воспоминания</link></u></color> (макс 7)\n[EndSkill] Теряет все <sprite name=\"BoseProjektil\"><color=#9f6a3a><u><link=\"BoseProjektil\">Разорванные воспоминания</link></u></color>",
          "coinlist": [
            {
              "coindescs": [
                {
                  "desc": "Эта монетка наносит урон только основной цели.<style=\"highlight\"></style>"
                },
                {
                  "desc": "Если основная цель - союзник, наносит на +15% больше урона за каждое <sprite name=\"BoseProjektil\"><color=#9f6a3a><u><link=\"BoseProjektil\">Разорванные воспоминания</link></u></color> (макс 105%)<style=\"highlight\"></style>"
                },
                {
                  "desc": "Если основная цель - союзник, наносит +2% больше урона за каждое <sprite name=\"Breath\"><color=#f8c200><u><link=\"Breath\">Кумар</link></u></color> на себе (макс 50%)<style=\"highlight\"></style>"
                },
                {
                  "desc": "<style=\"highlight\">если кританул, +30% к наносимому урону</style>"
                },
                {
                  "desc": "[AllyKill] Наносит 3 <sprite name=\"Breath\"><color=#f8c200><u><link=\"Breath\">Кумар</link></u></color> на себя и <style=\"highlight\">4</style> случайных союзников"
                },
                {
                  "desc": "[AllyKill] Следующая монетка наносит на<style=\"highlight\">+7%</style> больше урона за каждое <sprite name=\"BoseProjektil\"><color=#9f6a3a><u><link=\"BoseProjektil\">Разорванные воспоминания</link></u></color> (макс <style=\"highlight\">49%</style>)"
                },
                {
                  "desc": "[AllyKill] +1 ЭГО ресурс греха, союзник которого умер от пули<style=\"highlight\"></style>"
                },
                {
                  "desc": "[AllyKillFail] Получает <style=\"highlight\">3</style> <sprite name=\"Breath\"><color=#f8c200><u><link=\"Breath\">Кумар</link></u></color>"
                }
              ]
            },
            {
              "coindescs": [
                {
                  "desc": "Эта монетка наносит урон только неосновным целям\n- Если первая монетка не убила цель, одна случайная неосновная цель получает урон<style=\"highlight\"></style>"
                },
                {
                  "desc": "<style=\"highlight\">+4% Урона с раскумара за каждое <sprite name=\"BoseProjektil\"><color=#9f6a3a><u><link=\"BoseProjektil\">Разорванные воспоминания</link></u></color> (макс 28%)</style>"
                },
                {
                  "desc": "[CriticalOnSucceedAttack] Наносит <style=\"highlight\">5</style> <sprite name=\"Laceration\"><color=#e30000><u><link=\"Laceration\">Кетчуп</link></u></color>"
                }
              ]
            }
          ]
        }
      ]
    }
  ]
}