{
  "dataList": [
    {
      "id": 9102401,
      "levelList": [
        {
          "level": 1,
          "name": "Совсем совести нет?",
          "desc": "[WhenUse] Повышает свой счетчик <sprite name=\"Vibration\"><color=#e30000><u><link=\"Vibration\">Тремора</link></u></color> на 2\n[WhenUse] Сила в столкновении +1, если свой счетчик <sprite name=\"Vibration\"><color=#e30000><u><link=\"Vibration\">Тремора</link></u></color> равен 5 и более",
          "coinlist": [
            {
              "coindescs": [
                {
                  "desc": "[OnSucceedAttack] Наносит 2 <sprite name=\"Vibration\"><color=#e30000><u><link=\"Vibration\">Тремора</link></u></color>"
                }
              ]
            },
            {
              "coindescs": [
                {
                  "desc": "[OnSucceedAttack] Наносит 2 <sprite name=\"Vibration\"><color=#e30000><u><link=\"Vibration\">Тремора</link></u></color>"
                }
              ]
            }
          ]
        }
      ]
    },
    {
      "id": 9102402,
      "levelList": [
        {
          "level": 1,
          "name": "И правда бессовестные",
          "desc": "[WhenUse] Повышает свой счетчик <sprite name=\"Vibration\"><color=#e30000><u><link=\"Vibration\">Тремора</link></u></color> на 2\n[WhenUse] Сила в столкновении +1, если свой счетчик <sprite name=\"Vibration\"><color=#e30000><u><link=\"Vibration\">Тремора</link></u></color> равен 5 и более",
          "coinlist": [
            {
              "coindescs": [
                {
                  "desc": "[OnSucceedAttack] Наносит 3 <sprite name=\"Vibration\"><color=#e30000><u><link=\"Vibration\">Тремора</link></u></color>"
                }
              ]
            },
            {
              "coindescs": [
                {
                  "desc": "[OnSucceedAttack] Наносит 3 <sprite name=\"Vibration\"><color=#e30000><u><link=\"Vibration\">Тремора</link></u></color>"
                }
              ]
            }
          ]
        }
      ]
    },
    {
      "id": 9102403,
      "levelList": [
        {
          "level": 1,
          "name": "Сможешь их уберечь?",
          "desc": "[WhenUse] Повышает свой счетчик <sprite name=\"Vibration\"><color=#e30000><u><link=\"Vibration\">Тремора</link></u></color> на 2\n[WhenUse] Сила в столкновении +1, если свой счетчик <sprite name=\"Vibration\"><color=#e30000><u><link=\"Vibration\">Тремора</link></u></color> равен 5 и более",
          "coinlist": [
            {
              "coindescs": [
                {
                  "desc": "[OnSucceedAttack] Наносит 5 <sprite name=\"Vibration\"><color=#e30000><u><link=\"Vibration\">Тремора</link></u></color>"
                }
              ]
            },
            {
              "coindescs": [
                {
                  "desc": "[OnSucceedAttack] Если свой счетчик <sprite name=\"Vibration\"><color=#e30000><u><link=\"Vibration\">Тремора</link></u></color> равен 10 и более,<sprite name=\"VibrationExplosion\"><color=#e30000><u><link=\"VibrationExplosion\">Провоцирует Тремор</link></u></color> и понижает его счетчик на 1"
                },
                {
                  "desc": "[OnSucceedAttack] Если сила <sprite name=\"Vibration\"><color=#e30000><u><link=\"Vibration\">Тремора</link></u></color> цели равна 15 и более, еще раз <sprite name=\"VibrationExplosion\"><color=#e30000><u><link=\"VibrationExplosion\">Провоцирует Тремор</link></u></color> и понижает его счетчик <nobr>на 1</nobr>"
                }
              ]
            }
          ]
        }
      ]
    },
    {
      "id": 9102404,
      "levelList": [
        {
          "level": 1,
          "name": "Что, оружие бесполезно?",
          "desc": "[WhenUse] Повышает свой счетчик <sprite name=\"Vibration\"><color=#e30000><u><link=\"Vibration\">Тремора</link></u></color> на 3\n[WhenUse] Сила в столкновении +1, если свой счетчик <sprite name=\"Vibration\"><color=#e30000><u><link=\"Vibration\">Тремора</link></u></color> равен 5 и более",
          "coinlist": [
            {
              "coindescs": [
                {
                  "desc": "[OnSucceedAttack] Наносит 5 <sprite name=\"Vibration\"><color=#e30000><u><link=\"Vibration\">Тремора</link></u></color>"
                }
              ]
            },
            {
              "coindescs": [
                {
                  "desc": "[OnSucceedAttack] Наносит 5 <sprite name=\"Vibration\"><color=#e30000><u><link=\"Vibration\">Тремора</link></u></color>"
                }
              ]
            },
            {
              "coindescs": [
                {
                  "desc": "[OnSucceedAttack] <sprite name=\"Switch_Vibration\"><color=#9f6a3a><u><link=\"Switch_Vibration\">Преобразует амплитуду</link></u></color> в <sprite name=\"VibrationCollapse\"><color=#e30000><u><link=\"VibrationCollapse\">Тремор — Распад</link></u></color>"
                }
              ]
            }
          ]
        }
      ]
    },
    {
      "id": 9102405,
      "levelList": [
        {
          "level": 1,
          "name": "Готовы для взбучки?",
          "desc": "Нацеливается на противника с <sprite name=\"VibrationCollapse\"><color=#e30000><u><link=\"VibrationCollapse\">Тремором — Распад</link></u></color>\n[WhenUse] Повышает счетчик <sprite name=\"Vibration\"><color=#e30000><u><link=\"Vibration\">Тремора</link></u></color> всех своих союзников на число единиц своего счетчика <sprite name=\"Vibration\"><color=#e30000><u><link=\"Vibration\">Тремора</link></u></color>\n[WhenUse] <sprite name=\"Switch_Vibration\"><color=#9f6a3a><u><link=\"Switch_Vibration\">Преобразует амплитуду</link></u></color> всех союзников и себя в том числе в <sprite name=\"VibrationDistribution\"><color=#f8c200><u><link=\"VibrationDistribution\">Тремор — Распределение</link></u></color>\n[DefeatDuel] Наносит на 80% меньше урона и не может оглушить цель",
          "coinlist": [
            {
              "coindescs": [
                {
                  "desc": "<sprite name=\"SuperCoin\"><color=#9f6a3a><u><link=\"SuperCoin\">Вечная монета</link></u></color>"
                }
              ]
            },
            {
              "coindescs": [
                {
                  "desc": "<sprite name=\"SuperCoin\"><color=#9f6a3a><u><link=\"SuperCoin\">Вечная монета</link></u></color>"
                }
              ]
            },
            {
              "coindescs": [
                {
                  "desc": "<sprite name=\"SuperCoin\"><color=#9f6a3a><u><link=\"SuperCoin\">Вечная монета</link></u></color>"
                },
                {
                  "desc": "[UnBrokenCoinOnSucceedAttack] Наносит 10 <sprite name=\"Vibration\"><color=#e30000><u><link=\"Vibration\">Тремора</link></u></color>"
                }
              ]
            },
            {
              "coindescs": [
                {
                  "desc": "<sprite name=\"SuperCoin\"><color=#9f6a3a><u><link=\"SuperCoin\">Вечная монета</link></u></color>"
                },
                {
                  "desc": "[OnSucceedAttack] Производит <sprite name=\"FusionVibration\"><color=#9f6a3a><u><link=\"FusionVibration\">Наложение амплитуды</link></u></color> с <sprite name=\"VibrationEcho\"><color=#e30000><u><link=\"VibrationEcho\">Тремором — Эхо</link></u></color>"
                }
              ]
            }
          ]
        }
      ]
    },
    {
      "id": 9102406,
      "levelList": [
        {
          "level": 1,
          "name": "Блок",
          "desc": "[StartBattle] Получает (Свой счетчик <sprite name=\"Vibration\"><color=#e30000><u><link=\"Vibration\">Тремора</link></u></color> × 5) ОЗ Щита (До 60)",
          "coinlist": [
            {
              "coindescs": [
                {
                  "desc": ""
                }
              ]
            }
          ]
        }
      ]
    },
    {
      "id": 9102407,
      "levelList": [
        {
          "level": 1,
          "name": "Сбор ради общего дела",
          "desc": "[CantDuel]\n[StartBattle] Переносит весь счетчик <sprite name=\"Vibration\"><color=#e30000><u><link=\"Vibration\">Тремора</link></u></color> других союзников на свой\n[StartBattle] Получает 1 <sprite name=\"AttackUp\"><color=#f8c200><u><link=\"AttackUp\">Повышение уровня атаки</link></u></color> за каждые 3 единицы своего счетчика <sprite name=\"Vibration\"><color=#e30000><u><link=\"Vibration\">Тремора</link></u></color>\n[WhenUse] Повышает свой счетчик <sprite name=\"Vibration\"><color=#e30000><u><link=\"Vibration\">Тремора</link></u></color> на 10",
          "coinlist": [
            {
              "coindescs": [
                {
                  "desc": "[OnSucceedAttack] Наносит 10 <sprite name=\"Vibration\"><color=#e30000><u><link=\"Vibration\">Тремора</link></u></color>"
                },
                {
                  "desc": "[OnSucceedAttack] Наносит еще 20% урона Леностью за каждую единицу своего счетчика <sprite name=\"Vibration\"><color=#e30000><u><link=\"Vibration\">Тремора</link></u></color>"
                }
              ]
            },
            {
              "coindescs": [
                {
                  "desc": "[OnSucceedAttack] Повышает счетчик <sprite name=\"Vibration\"><color=#e30000><u><link=\"Vibration\">Тремора</link></u></color> цели на 4"
                },
                {
                  "desc": "[OnSucceedAttack] Наносит еще 20% урона Леностью за каждую единицу своего счетчика <sprite name=\"Vibration\"><color=#e30000><u><link=\"Vibration\">Тремора</link></u></color>"
                }
              ]
            },
            {
              "coindescs": [
                {
                  "desc": "[OnSucceedAttack] Тратит до 3 единиц своего счетчика <sprite name=\"Vibration\"><color=#e30000><u><link=\"Vibration\">Тремора</link></u></color>, чтобы <sprite name=\"VibrationExplosion\"><color=#e30000><u><link=\"VibrationExplosion\">Спровоцировать Тремор</link></u></color> цели и понизить его счетчик на 1 за каждую потраченную единицу (До 3 раз)"
                },
                {
                  "desc": ""
                },
                {
                  "desc": ""
                }
              ]
            }
          ]
        }
      ]
    }
  ]
}