﻿{
  "dataList": [
    {
      "id": 910501,
      "title": "Скука",
      "place": "Мефистофель-Лодкобус",
      "desc": "Наше ожидание в Озере становится все длиннее. Один за другим Грешники начинают поддаваться скуке.\nЗатем Хитклиф внезапно и тревожно окликает Вергилия..."
    },
    {
      "id": 910502,
      "title": "Заманчивое предложение",
      "place": "Мефистофель-Лодкобус",
      "desc": "Дон Кихот привела нас к штурвалу корабля.\nВот он, монитор, который Фауст анализировала каждый раз, когда у нас была нестабильность Задней Двери. ... И вот они снова, эти неизвестные символы."
    },
    {
      "id": 910503,
      "title": "Неожиданное путешествие",
      "place": "Задняя Дверь Лодкобуса",
      "desc": "Мы вошли в Заднюю Дверь, о которой говорила Дон Кихот. В нем была... похоже, фабрика.\nЯвно не в первый раз оказавшись в этом заведении, Дон Кихот окликает кого-то..."
    },
    {
      "id": 910504,
      "title": "Чудовищные подарки",
      "place": "Приемный зал Фабрики подарков",
      "desc": "То, что выпало из мешка, найденного на санях, было... несколько изуродованных тел и маленький ребенок.\nПохоже, их похитили сюда... Интересно, что произошло."
    },
    {
      "id": 910505,
      "title": "Трогательное воссоединение",
      "place": "Фабрика распределения подарков",
      "desc": "Хитклиф и Дон Кихот оба были без сознания, но мне удалось выжить благодаря Грешникам, которые пришли за мной.\n... Но я нигде не вижу двух бессознательных Грешников."
    },
    {
      "id": 910506,
      "title": "В поисках пары",
      "place": "Фабрика распределения подарков",
      "desc": "Должно быть, их забрали в другой сектор этой фабрики. Крайон должен быть там с ними... Мы должны найти их быстро."
    },
    {
      "id": 910507,
      "title": "В поисках пары",
      "place": "Фабрика распределения подарков",
      "desc": "Должно быть, их забрали в другой сектор этой фабрики. Крайон должен быть там с ними... Мы должны найти их быстро."
    },
    {
      "id": 910508,
      "title": "Для кого гномы упаковывают",
      "place": "Фабрика сборки подарков",
      "desc": "Фабрика оказалась гораздо больше и сложнее, чем казалось на первый взгляд. Для кого гномы делают эти подарки? И почему?"
    },
    {
      "id": 910509,
      "title": "Для кого гномы упаковывают",
      "place": "Фабрика сборки подарков",
      "desc": "Фабрика оказалась гораздо больше и сложнее, чем казалось на первый взгляд. Для кого гномы делают эти подарки? И почему?"
    },
    {
      "id": 910510,
      "title": "Дар ненависти, обретший форму",
      "place": "Сборка подарков",
      "desc": "Место, указанное Мерсо, было линией сборки подарков. Зрелище того, как они собирают подарки из 'материалов', которых они похитили, было... шокирующим.\nИ два Грешника, которых мы искали, тоже вот-вот должны были превратиться в подарки."
    },
    {
      "id": 910511,
      "title": "Гигант, дарящий подарки",
      "place": "Сборка подарков",
      "desc": "Наша попытка переговоров с бородатым гигантом Сантатой предсказуемо провалилась. У нас нет выбора, кроме как победить его здесь."
    },
    {
      "id": 910512,
      "title": "Конец путешествия",
      "place": "Сборка подарков",
      "desc": "Мы победили Сантату, но его тело начинает расширяться, словно готовясь взорваться. В этот момент мы слышим внезапный, незнакомый голос откуда-то..."
    },
    {
      "id": 910513,
      "title": "Сантата",
      "place": "Сборка подарков",
      "desc": "Наша попытка переговоров с бородатым гигантом Сантатой предсказуемо провалилась. У нас нет выбора, кроме как победить его здесь."
    }
  ]
}