﻿{
  "dataList": [
    {
      "id": 10720,
      "title": "В КОТОРОЙ ГРЕШНИКИ ДЕЛЯТСЯ СВОИМИ ВПЕЧАТЛЕНИЯМИ О ДОМЕ С ПРИВИДЕНИЯМИ"
    },
    {
      "id": 10721,
      "title": "В КОТОРОЙ РАССКАЗЫВАЕТСЯ О ПРИКЛЮЧЕНИИ ГРЕШНИКОВ ПРИ ВСТРЕЧЕ С 'ПРИЗРАКОМ: КРОВАВОЙ МЭРИ', ПРИРОДА КОТОРОЙ НЕЯСНА - ТО ЛИ ЭТО ДОМ С ПРИВИДЕНИЯМИ, ТО ЛИ ЛОГОВО КРОВОЖАДОВ"
    },
    {
      "id": 10722,
      "title": "В КОТОРОЙ ОБСУЖДАЮТСЯ ПРИТАИВШИЕСЯ КРОВОЖАДЫ И ПРИБЫВШИЕ ПЕРВЫМИ КОРРЕКТИРОВЩИКИ"
    },
    {
      "id": 10723,
      "title": "ЗДЕСЬ РАССКАЗЫВАЕТСЯ ИСТОРИЯ <ОДИНОКОГО КОРОЛЯ И НЕКОГДА СЧАСТЛИВОЙ СЕМЬИ>"
    },
    {
      "id": 10724,
      "title": "О КАЮЩИХСЯ КРОВОЖАДАХ И СТРАННОМ ОПРОСЕ"
    },
    {
      "id": 10725,
      "title": "В КОТОРОЙ ИСТИНА, КОТОРАЯ МОГЛА БЫ БЫТЬ РАСКРЫТА ПРИ ВНИМАТЕЛЬНОМ РАССМОТРЕНИИ, ИСПОРЧЕНА НЕ КЕМ ИНЫМ, КАК САМИМ САНСОНОМ"
    },
    {
      "id": 10726,
      "title": "В КОТОРОЙ РАССКАЗЫВАЕТСЯ О БЛИЗКОМ И ДРАМАТИЧНОМ ПОЕДИНКЕ МЕЖДУ РЫЦАРЕМ БЕЛОЙ ЛУНЫ И ОТВАЖНОЙ ДОН КИХОТ"
    },
    {
      "id": 10727,
      "title": "О ПРЕДСКАЗУЕМОМ КОНЦЕ ПЬЕСЫ САНСОНА"
    },
    {
      "id": 10728,
      "title": "О ВОПРОСЕ ЦЗЯ CИЧУНЬ И ПРОХЛАДНЫХ ОТВЕТАХ ГРЕШНИКА"
    },
    {
      "id": 10729,
      "title": "В КОТОРОЙ ОБСУЖДАЮТСЯ ТРЕВОГИ ЭМИЛЯ СИНКЛЕРА И ИЛЛЮЗИИ ДОН КИХОТ"
    },
    {
      "id": 10730,
      "title": "ГДЕ РАССКАЗЫВАЕТСЯ ИСТОРИЯ О ТАНЦУЮЩИХ КРОВОЖАДАХ И ЭКСТРАВАГАНТНОМ ПАРАДЕ"
    },
    {
      "id": 10731,
      "title": "О БИТВАХ, КОТОРЫЕ ВЕЛИ ГРЕШНИКИ В СВОЁМ ПУТИ К НАЧАЛУ ПАРАДА"
    },
    {
      "id": 10732,
      "title": "ГДЕ РАССКАЗЫВАЕТСЯ ИСТОРИЯ О НЕПОЧТИТЕЛЬНОСТИ КАССЕТТИ К РОДИТЕЛЯМ И ТРАГИЧЕСКОЙ ПРИРОДЕ ТЕКСТОВ"
    },
    {
      "id": 10733,
      "title": "В КОТОРОЙ ПРОДОЛЖАЕТСЯ ПАРАД ОТЧАЯНИЯ"
    },
    {
      "id": 10734,
      "title": "О ТОМ, ЧТО СЛУЧИЛОСЬ С ПРЕКРАСНОЙ ДУЛЬСИНЕЕЙ И ДОН КИХОТ"
    },
    {
      "id": 10735,
      "title": "ПРОДОЛЖЕНИЕ, В КОТОРОМ ОБСУЖДАЕТСЯ ПАМЯТЬ, НЕОБХОДИМАЯ ДЛЯ ПРОЯСНЕНИЯ ЭТОЙ ИСТОРИИ О ПРИКЛЮЧЕНИЯХ"
    }
  ]
}