﻿{
  "dataList": [
    {
      "id": 836601,
      "title": "",
      "prevDesc": "",
      "eventDesc": "Мы снова вернулись в коридоры Тренировочного Отдела.\n\nСогласно руководству по Рабочему Обучению, нам понадобится Щит Физической Защиты, чтобы пережить ударную волну Фиолетового Полдня.\n\nМы стояли, сбившись в кучу, вспоминая, что нам сказала Ход, Сефира Тренировочного Отдела. Вскоре нас поразили те же пули, что и ранее.\n\nВокруг Грешников, пораженных пулями, начали формироваться красные барьеры.\n\n'Так... Согласно расписанию, у нас есть немного времени до следующего Полудня.'\n\nОдин из Грешников заметил руководство по Экстренному Реагированию, размещенное на стенах коридора.\n\nНа нем были инструкции о том, как использовать консоль, установленную в коридорах, чтобы активировать системы Регенератора, подключенные к Отделу Безопасности.\n\n'Похоже, стоит попробовать.'\n\nЕсли поторопимся, мы сможем активировать Регенератор до прихода Полудня.",
      "behaveDesc": "Кто активирует Регенератор?",
      "successDesc": [
        "Лицо {0} озаряется, когда они читают руководство.\n\nВскоре объявление сообщает нам, что Различитель Регенератора был модифицирован, восстанавливая большинство функций Регенератора."
      ],
      "failureDesc": [
        "Лицо {0} мрачнеет, когда они перечитывают руководство снова и снова.\n\nОни, должно быть, столкнулись с препятствием; они продолжали щуриться на бумагу какое-то время...\n\n... и в итоге {0} удалось восстановить базовые функции Регенератора.\n\nДо следующего Испытания осталось немного времени.\n\nУ нас больше нет времени возиться с этой консолью. Мы поспешили обратно в вестибюль."
      ]
    },
    {
      "id": 97103201,
      "title": "",
      "prevDesc": "",
      "eventDesc": "",
      "behaveDesc": "Кто будет осматривать Генератор?",
      "successDesc": [
        "Осмотр паутины показывает... маленьких пауков, ползающих внутри.\n\nИ это была не просто паутина.\n\nТьма, поглотившая пол, освещается, красные глаза светятся и кишат.\n\n[{0}] удается оторвать взгляд от красных глаз и начать осматривать шипящий генератор. К счастью, не требуется много времени, чтобы обнаружить неисправную деталь.\n\n[{0}] осторожно удаляет неисправную деталь...\n\n... и внезапно генератор перестает шипеть, а дверь блока содержания захлопывается.\n\nПауки начинают заползать на [{0}]."
      ],
      "failureDesc": [
        "Осмотр паутины показывает... маленьких пауков, ползающих внутри.\n\nИ это была не просто паутина.\n\nТьма, поглотившая пол, освещается, красные глаза светятся и кишат.\n\n[{0}] удается оторвать взгляд от красных глаз и начать осматривать шипящий генератор. К счастью, не требуется много времени, чтобы обнаружить неисправную деталь.\n\n[{0}] вырывает неисправную деталь, и блок содержания отзывается тяжелым, гулким звуком.\n\nНесколько пауков, испуганных шумом, бросаются и кусают Грешников."
      ]
    },
    {
      "id": 97103301,
      "title": "",
      "prevDesc": "",
      "eventDesc": "",
      "behaveDesc": "Кто будет собирать предметы?",
      "successDesc": [
        "'Ужасная стратегия - связываться с газом, эффекты которого неизвестны! Я говорю, что мы должны оставить газ и взять только Энкефалин.'\n\n'Хмф, ты не понимаешь, о чем болтаешь.'\n\nГрешники вскоре разделились на две группы и начали спорить друг с другом.\n\nКогда спор начал превращаться в затяжную дискуссию, [{0}] взял и канистру с газом, и Энкефалин.\n\n'Надо было сразу так сделать, вместо того чтобы позволять вам тратить время на споры.'\n\nМы, должно быть, потратили слишком много времени там.\n\nВыйдя из коридора, мы встречаем что-то огромное, несущееся в нашем направлении оттуда, где мы были раньше.\n\nМы быстро побежали в другую сторону."
      ],
      "failureDesc": [
        "'Ужасная стратегия - связываться с газом, эффекты которого неизвестны! Я говорю, что мы должны оставить газ и взять только Энкефалин.'\n\n'Хмф, ты не понимаешь, о чем болтаешь.'\n\nГрешники вскоре разделились на две группы и начали спорить друг с другом.\n\nКогда спор начал превращаться в затяжную дискуссию, [{0}] взял и канистру с газом, и Энкефалин.\n\n'Мм. Наш уход был чрезмерно задержан.'\n\nМы, должно быть, потратили слишком много времени там.\n\nВыйдя из коридора, мы встречаем что-то огромное, несущееся в нашем направлении оттуда, где мы были раньше.\n\nСлишком поздно бежать."
      ]
    },
    {
      "id": 97103401,
      "title": "",
      "prevDesc": "",
      "eventDesc": "",
      "behaveDesc": "Какой наиболее искренний Грешник будет молиться?",
      "successDesc": [
        "[{0}] молится перед черепом.\n\nКому они молятся, мы не можем услышать.\n\nО чем они молятся, мы не можем услышать.\n\nМы не можем знать, была ли это вообще молитва, в этом месте безбожия.\n\nВзгляд осуждения каскадом льется из пустот глазниц Черепа.\n\nОн время от времени издает угрожающие звуки, щелкая зубами, но [{0}] остается спокойным, уверенный, в том что Череп не причинит ему вреда.\n\nКогда благочестивый ритуал закончился, одинокое пугало стоит на месте великого Черепа, купаясь в таинственном свете."
      ],
      "failureDesc": [
        "[{0}] молится перед черепом.\n\nКому они молятся, мы не можем услышать.\n\nО чем они молятся, мы не можем услышать.\n\nМы не можем знать, была ли это вообще молитва, в этом месте безбожия.\n\nВзгляд осуждения каскадом льется из пустот глазниц Черепа.\n\nОн время от времени издает угрожающие звуки, щелкая зубами. [{0}] нервно поглядывает на череп, слегка дрожа от беспокойства.\n\nКогда благочестивый ритуал закончился, одинокое пугало стоит на месте великого Черепа, купаясь в таинственном свете."
      ]
    },
    {
      "id": 97103402,
      "title": "",
      "prevDesc": "",
      "eventDesc": "",
      "behaveDesc": "Какой Грешник громко выразит свою волю?",
      "successDesc": [
        "[{0}] начинает читать перед черепом.\n\nМы не можем слышать содержание их чтения, но оно спокойное и честное, словно они исповедуются в своих грехах.\n\nЛуч света проливается на [{0}], хотя в потолке нет отверстия.\n\nКогда свет падает на [{0}], терновый венец, такой же, как на черепе, опускается на их голову.\n\nКогда чтение [{0}] заканчивается, каждый Грешник закрывает глаза с умиротворенным выражением."
      ],
      "failureDesc": [
        "[{0}] начинает читать перед черепом.\n\nМы не можем слышать содержание их чтения, но оно спокойное и честное, словно они исповедуются в своих грехах.\n\nЛуч света проливается на [{0}], хотя в потолке нет отверстия.\n\nКогда свет падает на [{0}], терновый венец, такой же, как на черепе, опускается на их голову.\n\n[{0}] ненадолго корчится от боли, когда шипы венца начинают впиваться в их кожу головы; но боль мимолетна.\n\nЧерез мгновение [{0}] закрывает глаза, и их выражение светлеет, словно они пришли к определенному осознанию."
      ]
    },
    {
      "id": 97103601,
      "title": "",
      "prevDesc": "",
      "eventDesc": "",
      "behaveDesc": "Кто заберёт подарки?",
      "successDesc": [
        "{0} подошёл(а) к гномам, которые деловито упаковывали подарки.\n\nОни с пустыми лицами уставились на {0} на мгновение, а затем дружно вскинули свои инструменты ввысь.\n\n«Человек-оме!!»\n\n«У нас как раз заканчивались запасы человеков-оме! Как вовремя-оме!!»\n\n«Возьмём его-оме!»\n\nГномы окружили {0} и быстро начали упаковывать Грешника в подарочную коробку, прежде чем мы успели что-либо предпринять.\n\nМы быстро схватили коробку, в которую запихивали {0}, и сбежали с места происшествия.\n\n{0} выглядит довольно потрясённым(ой), что кажется вполне разумной реакцией, учитывая, что {0} чуть не превратили в подарок.",
        "{0} подошёл(а) к гномам, которые деловито упаковывали подарки.\n\nОни с пустыми лицами уставились на {0} на мгновение, а затем дружно вскинули свои инструменты ввысь.\n\n«Человек-оме!!»\n\n«У нас как раз заканчивались запасы человеков-оме! Как вовремя-оме!!»\n\n«Возьмём его-оме!»\n\nГномы окружили {0} и быстро начали упаковывать Грешника в подарочную коробку, прежде чем мы успели что-либо предпринять.\n\nМы быстро схватили коробку, в которую запихивали {0}, и сбежали с места происшествия.\n\n{0} выглядит довольно потрясённым(ой), что кажется вполне разумной реакцией, учитывая, что {0} чуть не превратили в подарок."
      ],
      "failureDesc": [
        "{0} подошёл(а) к гномам, которые деловито упаковывали подарки.\n\nОни с пустыми лицами уставились на {0} на мгновение, а затем дружно вскинули свои инструменты ввысь.\n\n«Человеко-оме!!»\n\n«У нас как раз заканчивались запасы человеков-оме! Как вовремя-оме!!»\n\n«Возьмём его-оме!»\n\nГномы окружили {0} и быстро начали упаковывать Грешника в подарочную коробку, прежде чем мы успели что-либо предпринять.\n\nМы немедленно бросились к гномам, пытаясь спасти {0}, но...\n\n{0} уже превратили в подарок..."
      ]
    },
    {
      "id": 97103701,
      "title": "",
      "prevDesc": "",
      "eventDesc": "",
      "behaveDesc": "Кто подойдёт?",
      "successDesc": [
        "Деревянные половицы скрипят под каждым шагом {0}.\n\nОгоньки вокруг кровати зловеще пляшут, словно предостерегая нас не подходить.\n\n{0} осторожно наклоняется, чтобы заглянуть под кровать.\n\nТам потухший фонарь и подсвечник, оба опрокинуты.\n\nНаших худших страхов нигде не видно.\n\nПод кроватью никто не живёт.",
        "Деревянные половицы скрипят под каждым шагом {0}.\n\nОгоньки вокруг кровати зловеще пляшут, словно предостерегая нас не подходить.\n\n{0} осторожно наклоняется, чтобы заглянуть под кровать.\n\nТам потухший фонарь и подсвечник, оба опрокинуты.\n\nНаших худших страхов нигде не видно.\n\nПод кроватью никто не живёт."
      ],
      "failureDesc": [
        "Деревянные половицы скрипят под каждым шагом {0}.\n\nОгоньки вокруг кровати зловеще пляшут, словно предостерегая нас не подходить.\n\n{0} осторожно наклоняется, чтобы заглянуть под кровать.\n\nТьма там, в которую нас убедило заглянуть любопытство, удушающе тиха.\n\n{0} сидит, совершенно застыв в согнутой позе, а затем медленно отходит от кровати.\n\nЧто-то царапает половицы. Словно по команде, мы тут же разворачиваемся и выбегаем из комнаты.\n\nПод кроватью живёт монстр."
      ]
    }
  ]
}