﻿{
  "dataList": [
    {
      "id": "800101_whitesnow_success_1_1",
      "content": "<color=#ebcaa2>Эффект [{0}]</color> <color=#e30000>прекратил своё действие</color><color=#ebcaa2>.</color>"
    },
    {
      "id": "800101_whitesnow_failure_1_1",
      "content": "<color=#ebcaa2>Ничего не произошло.</color>"
    },
    {
      "id": "800105_whitesnow_success_1_1",
      "content": "<color=#ebcaa2>[{0}]</color> <color=#f8c200>сломан!</color>"
    },
    {
      "id": "800105_whitesnow_success_1_2",
      "content": "<color=#ebcaa2>[{0}] оглушено!</color>"
    },
    {
      "id": "800105_whitesnow_failure_1_1",
      "content": "<color=#ebcaa2>Ничего не произошло.</color>"
    },
    {
      "id": "800801_muckwormedapple_success_1_1",
      "content": "<color=#ebcaa2>Золотое яблочко формирует новое тело!</color>"
    },
    {
      "id": "800801_muckwormedapple_failure_1_1",
      "content": "<color=#ebcaa2>{0}</color> <color=#e30000>теряет {1} ОЗ</color><color=#ebcaa2>.</color>"
    },
    {
      "id": "800801_muckwormedapple_failure_1_2",
      "content": "<color=#ebcaa2>Части аномалии {0} получает</color>%{3} {2} на {1} ходов/%<color=#ebcaa2>.</color>"
    },
    {
      "id": "800801_muckwormedapple_failure_1_3",
      "content": "<color=#ebcaa2>Золотое яблочко формирует новое тело!</color>"
    },
    {
      "id": "800201_aztec_circle_1_1",
      "content": "<color=#ebcaa2>Все части аномалии [{0}] получают</color> %{2} [{1}]/%<color=#ebcaa2>.</color>"
    },
    {
      "id": "800202_aztec_circle_success_1_1",
      "content": "<color=#ebcaa2>[{0}] теряет</color> <color=#e30000>{1} ОЗ</color><color=#ebcaa2>.</color>"
    },
    {
      "id": "800202_aztec_circle_success_1_2",
      "content": "<color=#ebcaa2>Все части аномалии [{0}] получают</color> %{2} [{1}]/%<color=#ebcaa2>.</color>"
    },
    {
      "id": "800202_aztec_circle_failure_1_1",
      "content": "<color=#ebcaa2>[{0}] теряет</color> <color=#e30000>{1} ОЗ</color><color=#ebcaa2>.</color>"
    },
    {
      "id": "800202_aztec_circle_failure_1_2",
      "content": "<color=#ebcaa2>[{0}] теряет</color> <color=#fe4b48>{1} СД</color><color=#ebcaa2>.</color>"
    },
    {
      "id": "800202_aztec_circle_failure_1_3",
      "content": "<color=#ebcaa2>Все части аномалии [{0}] получают</color> %{2} [{1}], {4} [{3}]/%<color=#ebcaa2>.</color>"
    },
    {
      "id": "800203_aztec_circle_1_1",
      "content": "<color=#ebcaa2>[{0}] теряет</color> <color=#e30000>{1} ОЗ</color><color=#ebcaa2>.</color>"
    },
    {
      "id": "800203_aztec_circle_1_2",
      "content": "<color=#ebcaa2>Эффект [{1}] аномалии [{0}] </color> <color=#e30000>прекратил своё действие</color><color=#ebcaa2>.</color>"
    },
    {
      "id": "800204_aztec_circle_success_1_1",
      "content": "<color=#ebcaa2>[{0}] теряет</color> <color=#e30000>{1} ОЗ</color><color=#ebcaa2>.</color>"
    },
    {
      "id": "800204_aztec_circle_success_1_2",
      "content": "<color=#ebcaa2>[{0}] теряет</color> <color=#e30000> {1} ОЗ</color><color=#ebcaa2>.</color>"
    },
    {
      "id": "800204_aztec_circle_success_1_3",
      "content": "<color=#ebcaa2>Эффект [{1}] аномалии [{0}]</color> <color=#e30000>прекратил своё действие</color><color=#ebcaa2>.</color>"
    },
    {
      "id": "800204_aztec_circle_failure_1_1",
      "content": "<color=#ebcaa2>[{0}] теряет</color> <color=#e30000>{1} ОЗ</color><color=#ebcaa2>.</color>"
    },
    {
      "id": "800204_aztec_circle_failure_1_2",
      "content": "<color=#ebcaa2>[{0}] теряет</color> <color=#fe4b48>{1} СД</color><color=#ebcaa2>.</color>"
    },
    {
      "id": "800204_aztec_circle_failure_1_3",
      "content": "<color=#ebcaa2>[{0}] теряет</color> <color=#e30000>{1} ОЗ</color><color=#ebcaa2>.</color>"
    },
    {
      "id": "800204_aztec_circle_failure_1_4",
      "content": "<color=#ebcaa2>Все грешники получают</color> %{1} [{0}]/%<color=#ebcaa2>.</color>"
    },
    {
      "id": "800206_aztec_circle_success_1_1",
      "content": "<color=#ebcaa2>[{0}] теряет</color> <color=#e30000>{1} ОЗ</color><color=#ebcaa2>.</color>"
    },
    {
      "id": "800206_aztec_circle_success_1_2",
      "content": "<color=#ebcaa2>Все грешники теряют</color> <color=#fe4b48>{0} СД</color><color=#ebcaa2>.</color>"
    },
    {
      "id": "800206_aztec_circle_success_1_3",
      "content": "<color=#ebcaa2>Аномалия усмирена!</color>"
    },
    {
      "id": "800206_aztec_circle_failure_1_1",
      "content": "<color=#ebcaa2>[{0}] теряет</color> <color=#e30000>{1} ОЗ</color><color=#ebcaa2>.</color>"
    },
    {
      "id": "800206_aztec_circle_failure_1_2",
      "content": "<color=#ebcaa2>Все грешники теряют</color> <color=#fe4b48>{0} СД</color><color=#ebcaa2>.</color>"
    },
    {
      "id": "800206_aztec_circle_failure_1_3",
      "content": "<color=#ebcaa2>Все части аномалии [{0}] получают</color> %{2} [{1}], {4} [{3}]/%<color=#ebcaa2>.</color>"
    },
    {
      "id": "801201_reinforcedHuman_1_1",
      "content": "<color=#ebcaa2>Мы решили исследовать фабрику.</color>"
    },
    {
      "id": "801201_reinforcedHuman_1_2",
      "content": "<color=#ebcaa2>Мы решили не исследовать фабрику.</color>"
    },
    {
      "id": "801202_reinforcedHuman_1_1",
      "content": "<color=#ebcaa2>Я нажал \"Да\".</color>"
    },
    {
      "id": "801202_reinforcedHuman_2_1",
      "content": "<color=#ebcaa2>Я нажал \"Нет\".</color>"
    },
    {
      "id": "801202_reinforcedHuman_1_2_1",
      "content": "<color=#ebcaa2>Все грешники теряют</color> <color=#e30000>{0} ОЗ</color><color=#ebcaa2>.</color>"
    },
    {
      "id": "801202_reinforcedHuman_1_2_2",
      "content": "<color=#ebcaa2>Все враги</color> <color=#e30000>теряют</color> <color=#ebcaa2>пассивный навык [Заводская починка].</color>"
    },
    {
      "id": "801202_reinforcedHuman_2_2",
      "content": "<color=#ebcaa2>Все враги</color> <color=#e30000>теряют</color> <color=#ebcaa2>пассивный навык [Заводская починка].</color>"
    },
    {
      "id": "801502_pinkshoe_success_1_1",
      "content": "<color=#ebcaa2>На оставшуюся битву противники получают</color> %{1} [{0}] и {3} [{2}]/% <color=#ebcaa2>.</color>"
    },
    {
      "id": "801502_pinkshoe_success_1_2",
      "content": "<color=#ebcaa2>Все противники больше не могут почувствовать [{0}].</color>"
    },
    {
      "id": "801502_pinkshoe_failure_1_1",
      "content": "<color=#ebcaa2>Все грешники теряют</color> <color=#e30000>{0} ОЗ</color><color=#ebcaa2>.</color>"
    },
    {
      "id": "801502_pinkshoe_failure_1_2",
      "content": "<color=#ebcaa2>Все грешники получают</color> %{1} [{0}]/%<color=#ebcaa2>.</color>"
    },
    {
      "id": "801502_pinkshoe_failure_1_3",
      "content": "<color=#ebcaa2>В противниках пробуждается %[{0}]/%.</color>"
    },
    {
      "id": "102001_action_4_1",
      "content": "<color=#ebcaa2>Все грешники теряют</color> <color=#e30000>{0} ОЗ</color><color=#ebcaa2>.</color>"
    },
    {
      "id": "102001_action_4_2",
      "content": "<color=#ebcaa2>Все грешники теряют</color> <color=#fe4b48>{0} СД</color><color=#ebcaa2>.</color>"
    },
    {
      "id": "102002_action_1_1",
      "content": "<color=#ebcaa2>[Родя] восстанавливает</color> <color=#80c9ff>{0} СД</color><color=#ebcaa2>.</color>"
    },
    {
      "id": "102002_action_1_2",
      "content": "<color=#ebcaa2>[Родя] теряет</color> <color=#fe4b48>{0} СД</color><color=#ebcaa2>.</color>"
    },
    {
      "id": "102002_action_2_2",
      "content": "<color=#ff8000>На вас напали!</color>"
    },
    {
      "id": "1020201_success_1_1",
      "content": "<color=#ebcaa2>[{0}] восстанавливает</color> <color=#80c9ff>{1} СД</color><color=#ebcaa2>.</color>"
    },
    {
      "id": "1020201_failure_1_1",
      "content": "<color=#ebcaa2>[{0}] теряет</color> <color=#e30000>{1} ОЗ</color><color=#ebcaa2>.</color>"
    },
    {
      "id": "1020203_success_1_1",
      "content": "<color=#ebcaa2>Все грешники восстанавливают</color> <color=#80c9ff>{0} СД</color><color=#ebcaa2>.</color>"
    },
    {
      "id": "1020203_success_1_2",
      "content": "<color=#ebcaa2>[Родя] восстанавливает</color> <color=#80c9ff>{0} СД</color><color=#ebcaa2>.</color>"
    },
    {
      "id": "1020203_failure_1_1",
      "content": "<color=#ebcaa2>[{0}] теряет</color> <color=#e30000>{1} ОЗ</color><color=#ebcaa2>.</color>"
    },
    {
      "id": "acquire_ego_gift",
      "content": "<color=#ebcaa2>Получен ЭГО Дар!</color>"
    },
    {
      "id": "disappear_ego_gift",
      "content": "<color=#ebcaa2>ЭГО Дар {0}</color> <color=#e30000>израсходован</color><color=#ebcaa2>.</color>"
    },
    {
      "id": "acquire_ego_gift_if_win",
      "content": "<color=#ebcaa2>Победите в битве, чтобы получить ЭГО Дар!</color>"
    },
    {
      "id": "chracter_mp_decrease",
      "content": "<color=#ebcaa2>[{0}] теряет</color> <color=#fe4b48>{1} СД</color><color=#ebcaa2>.</color>"
    },
    {
      "id": "chracter_mp_increase",
      "content": "<color=#ebcaa2>[{0}] восстанавливает</color> <color=#80c9ff>{1} СД</color><color=#ebcaa2>.</color>"
    },
    {
      "id": "chracter_hp_increase",
      "content": "<color=#ebcaa2>[{0}] восстанавливает</color> <color=#00ff9c>{1} ОЗ</color><color=#ebcaa2>.</color>"
    },
    {
      "id": "chracter_hp_decrease",
      "content": "<color=#ebcaa2>[{0}] теряет</color> <color=#e30000>{1} ОЗ</color><color=#ebcaa2>.</color>"
    },
    {
      "id": "chracter_hp_mp_decrease",
      "content": "<color=#ebcaa2>[{0}] теряет</color> <color=#e30000>{1} ОЗ</color> <color=#ebcaa2>и</color> <color=#fe4b48>СД</color><color=#ebcaa2>.</color>"
    },
    {
      "id": "all_ally_hp_decrease",
      "content": "<color=#ebcaa2>Все грешники теряют</color> <color=#e30000>{0} ОЗ</color><color=#ebcaa2>.</color>"
    },
    {
      "id": "all_ally_hp_increase",
      "content": "<color=#ebcaa2>Все грешники восстанавливают</color> <color=#e30000>{0} ОЗ</color><color=#ebcaa2>.</color>"
    },
    {
      "id": "all_ally_mp_decrease",
      "content": "<color=#ebcaa2>Все грешники теряют</color> <color=#fe4b48>{0} СД</color><color=#ebcaa2>.</color>"
    },
    {
      "id": "all_ally_hp_mp_decrease",
      "content": "<color=#ebcaa2>Все грешники теряют</color> <color=#e30000>{0} ОЗ</color> <color=#ebcaa2>и</color> <color=#fe4b48>СД</color><color=#ebcaa2>.</color>"
    },
    {
      "id": "all_ally_add_buff",
      "content": "<color=#ebcaa2>Все грешники получают</color> %{1} {0}/%<color=#ebcaa2>!</color>"
    },
    {
      "id": "all_ally_add_buff_during_next_n_battle",
      "content": "<color=#ebcaa2>Все грешники получают</color> %{2} {1}/%<color=#ebcaa2>на следующие {0} битвы.</color>"
    },
    {
      "id": "all_enemy_apply_buff",
      "content": "<color=#ebcaa2>Все противники получают</color> %{1} {0}/%<color=#ebcaa2>!</color>"
    },
    {
      "id": "character_apply_buff_during_next_n_battle",
      "content": "<color=#ebcaa2>[{0}] получает</color> %{3} {2}/%<color=#ebcaa2>на следующие {1} битвы.</color>"
    },
    {
      "id": "battle_occurrence",
      "content": "<color=#ebcaa2>На вас напали!</color>"
    },
    {
      "id": "nothing_happend",
      "content": "<color=#ebcaa2>Ничего не произошло.</color>"
    },
    {
      "id": "unlock_hidden_node",
      "content": "<color=#ebcaa2>На карту добавлен новый проход!</color>"
    },
    {
      "id": "enemy_wave_decrease",
      "content": "<color=#ebcaa2>Волн противников стало меньше на {0}!</color>"
    },
    {
      "id": "803001_cromer_success_1_1",
      "content": "<color=#ebcaa2>[{0}] оглушена!</color>"
    },
    {
      "id": "803001_cromer_failure_1_1",
      "content": "<color=#ebcaa2>[{0}] теряет</color> <color=#fe4b48>{1} СД</color><color=#ebcaa2>.</color>"
    },
    {
      "id": "all_ally_mp_increase",
      "content": "<color=#ebcaa2>Все грешники восстанавливают</color> <color=#80c9ff>{0} СД</color><color=#ebcaa2>.</color>"
    },
    {
      "id": "ally_own_skill_attribute_hp_increase",
      "content": "<color=#ebcaa2>Идентичности с</color> %грехом {0}% <color=#ebcaa2>восстанавливают</color> <color=#00ff9c>{1} ОЗ</color><color=#ebcaa2>.</color>"
    },
    {
      "id": "ally_not_own_skill_attribute_hp_increase",
      "content": "<color=#ebcaa2>Идентичности без</color> %греха {0}% <color=#ebcaa2>восстанавливают</color> <color=#00ff9c>{1} ОЗ</color><color=#ebcaa2>.</color>"
    },
    {
      "id": "ally_own_skill_attribute_hp_decrease",
      "content": "<color=#ebcaa2>Идентичности с</color> %грехом {0}% <color=#ebcaa2>теряют</color> <color=#00ff9c>{1} ОЗ</color><color=#ebcaa2>!</color>"
    },
    {
      "id": "ally_not_own_skill_attribute_hp_decrease",
      "content": "<color=#ebcaa2>Идентичности без</color> %греха {0}% <color=#ebcaa2>теряют</color> <color=#00ff9c>{1} ОЗ</color><color=#ebcaa2>!</color>"
    },
    {
      "id": "ally_own_skill_attribute_mp_increase",
      "content": "<color=#ebcaa2>Идентичности с</color> %грехом {0}% <color=#ebcaa2>восстанавливают</color> <color=#80c9ff>{1} СД</color><color=#ebcaa2>.</color>"
    },
    {
      "id": "ally_not_own_skill_attribute_mp_increase",
      "content": "<color=#ebcaa2>Идентичности без</color> %греха {0}% <color=#ebcaa2>восстанавливают</color> <color=#80c9ff>{1} ОЗ</color><color=#ebcaa2>.</color>"
    },
    {
      "id": "ally_own_skill_attribute_mp_decrease",
      "content": "<color=#ebcaa2>Идентичности с</color> %грехом {0}% <color=#ebcaa2>теряют</color> <color=#fe4b48>{1} СД</color><color=#ebcaa2>!</color>"
    },
    {
      "id": "ally_not_own_skill_attribute_mp_decrease",
      "content": "<color=#ebcaa2>Идентичности без</color> %греха {0}% <color=#ebcaa2>теряют</color> <color=#fe4b48>{1} СД</color><color=#ebcaa2>!</color>"
    },
    {
      "id": "852701_statue_success_1_1",
      "content": "Аномалия <color=#ebcaa2>[{0}] оглушена!</color>"
    },
    {
      "id": "852701_statue_failure_1_1",
      "content": "<color=#ebcaa2>Аномалия [{0}] избавляется от кармы.</color>"
    },
    {
      "id": "852701_statue_failure_1_2",
      "content": "Карма переносится к грешникам и распределяется случайно."
    },
    {
      "id": "852701_statue_failure_1_3",
      "content": "<color=#ebcaa2>[{0}] в оглушении.</color>"
    },
    {
      "id": "851901_kqe_success_1_1",
      "content": "<color=#ebcaa2>[{0}] тратит все</color> %[{0}]/%<color=#ebcaa2>.</color>"
    },
    {
      "id": "851901_kqe_success_1_2",
      "content": "<color=#ebcaa2>[{0}] оглушён!</color>"
    },
    {
      "id": "851901_kqe_success_1_3",
      "content": "<color=#ebcaa2>[{0}] получает</color> %{2} [{1}]/%<color=#ebcaa2>.</color>"
    },
    {
      "id": "851901_kqe_failure_1_1",
      "content": "<color=#ebcaa2>[{0}] получает</color> %{2} [{1}], {4} [{3}]/%<color=#ebcaa2>.</color>"
    },
    {
      "id": "851901_kqe_failure_1_2",
      "content": "<color=#ebcaa2>[{0}] получает</color> %{2} [{1}]/%<color=#ebcaa2>.</color>"
    },
    {
      "id": "851001_cryingtoad_success_1_1",
      "content": "<color=#ebcaa2>[{0}] оглушена!</color>"
    },
    {
      "id": "851001_cryingtoad_success_1_2",
      "content": "<color=#ebcaa2>[{0}] восстанавливает</color> <color=#80c9ff>{1} СД</color>"
    },
    {
      "id": "851001_cryingtoad_failure_1_1",
      "content": "<color=#ebcaa2>[{0}] теряет</color> <color=#fe4b48>{1} СД</color>"
    },
    {
      "id": "803101_waterFish_success_1_1",
      "content": "<color=#ebcaa2>Тело [{0}] теряет</color> <color=#e30000>{1} ОЗ</color>"
    },
    {
      "id": "803101_waterFish_failure_1_1",
      "content": "<color=#ebcaa2>[{0}] использует атаку</color> <color=#e30000>[{1}]</color><color=#ebcaa2>!</color>"
    },
    {
      "id": "803201_lightningBeast_success_1_1",
      "content": "<color=#ebcaa2>[{0}] получает</color> {2} <color=#e30000>[{1}]</color><color=#ebcaa2>.</color>"
    },
    {
      "id": "803201_lightningBeast_failure_1_1",
      "content": "<color=#ebcaa2>[{0}] использует</color> атаку <color=#e30000>[{1}]</color><color=#ebcaa2>!</color>"
    },
    {
      "id": "804501_electriccentipede_success_1_1",
      "content": "<color=#ebcaa2>[{0}] теряет %{2} [{1}]/%</color>"
    },
    {
      "id": "804501_electriccentipede_success_1_2",
      "content": "<color=#ebcaa2>Все части [{0}]</color> <color=#ebcaa2>получают</color> %{2} [{1}]/%"
    },
    {
      "id": "804501_electriccentipede_failure_1_1",
      "content": "<color=#ebcaa2>[{0}] получает %{2} [{1}]/%</color>"
    },
    {
      "id": "804501_electriccentipede_failure_1_2",
      "content": "<color=#ebcaa2>[{0}]</color> <color=#ebcaa2>получает</color> %{2} [{1}]/%"
    },
    {
      "id": "804801_gentlefairy_success_1_1",
      "content": "<color=#ebcaa2>[{0}]</color> <color=#00ff9c>восстанавливает {1} ОЗ</color>"
    },
    {
      "id": "804801_gentlefairy_success_1_2",
      "content": "<color=#ebcaa2>[{0}]</color> <color=#ebcaa2>получает</color> %{2} [{1}], {4} [{3}], и {6} [{5}]/%"
    },
    {
      "id": "804801_gentlefairy_failure_1_1",
      "content": "<color=#ebcaa2>[{0}]</color> <color=#00ff9c>восстанавливает {1} ОЗ</color>"
    },
    {
      "id": "804801_gentlefairy_failure_1_2",
      "content": "<color=#ebcaa2>[{0}]</color> <color=#ebcaa2>получает</color> %{2} [{1}], {4} [{3}], и {6} [{5}]/%"
    },
    {
      "id": "804601_umbrellafox_success_1_1",
      "content": "<color=#ebcaa2>Все [{0}]</color> <color=#00ff9c>получают урон в размере {1} от макс. ОЗ</color>"
    },
    {
      "id": "804601_umbrellafox_success_1_2",
      "content": "<color=#ebcaa2>[{0}]</color> <color=#00ff9c>теряет {1} СД</color>"
    },
    {
      "id": "804601_umbrellafox_failure_1_1",
      "content": "<color=#ebcaa2>[{0}]</color> <color=#00ff9c>теряет {1} СД</color>"
    },
    {
      "id": "804701_nobodygonnacry_success_1_1",
      "content": "<color=#ebcaa2>Чтобы Никто не Плакал получает</color> 5 Прикрепленных Проклятых Талисманов"
    },
    {
      "id": "804701_nobodygonnacry_success_1_2",
      "content": "[{0}] получает <color=#00ff9c>{2} {1}</color> в следующем ходу"
    },
    {
      "id": "804701_nobodygonnacry_failure_1_1",
      "content": "<color=#ebcaa2>Все {1} удалены</color> с <color=#ebcaa2>[{0}]</color>"
    },
    {
      "id": "805002_egoawakendongrang_success_1_1",
      "content": "<color=#ebcaa2>[{0}] получает</color> {2} <color=#e30000>[{1}]</color>."
    },
    {
      "id": "805002_egoawakendongrang_success_1_2",
      "content": "<color=#ebcaa2>[{0}] получает</color> {2} <color=#e30000>[{1}]</color>."
    },
    {
      "id": "805002_egoawakendongrang_failure_1_1",
      "content": "<color=#ebcaa2>[{0}] теряет</color> <color=#e30000>{1} ОЗ</color> и <color=#fe4b48>{2} СД</color>"
    },
    {
      "id": "805002_egoawakendongrang_failure_1_2",
      "content": "<color=#ebcaa2>Все союзники получают</color> {1} <color=#e30000>[{0}]</color>"
    },
    {
      "id": "805004_egoawakendongrang_success_2_1",
      "content": "<color=#ebcaa2>[{0}] получает</color> {2} <color=#e30000>[{1}]</color>."
    },
    {
      "id": "805004_egoawakendongrang_success_2_2",
      "content": "<color=#ebcaa2>Все союзники получают</color> {1} <color=#e30000>[{0}]</color>"
    },
    {
      "id": "805004_egoawakendongrang_success_2_3",
      "content": "<color=#ebcaa2>[{0}] получает</color> {2} <color=#e30000>[{1}]</color>."
    },
    {
      "id": "805004_egoawakendongrang_failure_2_1",
      "content": "<color=#ebcaa2>[{0}] теряет</color> <color=#e30000>{1} ОЗ</color> и <color=#fe4b48>{2} СД</color>"
    },
    {
      "id": "805004_egoawakendongrang_failure_2_2",
      "content": "<color=#ebcaa2>[{0}] получает</color> {2} <color=#e30000>[{1}]</color>."
    },
    {
      "id": "805006_egoawakendongrang_success_3_1",
      "content": "Донран столкнулся с сопротивлением"
    },
    {
      "id": "805006_egoawakendongrang_failure_3_1",
      "content": "Донран столкнулся с сопротивлением"
    },
    {
      "id": "805801_success_1_1",
      "content": "<color=#ebcaa2>[{0}]</color> <color=#e30000>теряет {1} ОЗ.</color>"
    },
    {
      "id": "805801_failure_1_1",
      "content": "<color=#ebcaa2>[{0}] получает</color> {2} <color=#e30000>[{1}]</color>."
    },
    {
      "id": "805801_failure_1_2",
      "content": "<color=#ebcaa2>[{0}] получает</color> {2} <color=#e30000>[{1}]</color>."
    },
    {
      "id": "805901_success_1_1",
      "content": "<color=#ebcaa2>[{0}]</color> <color=#e30000>теряет {1} ОЗ.</color>"
    },
    {
      "id": "805901_success_1_2",
      "content": "<color=#ebcaa2>[{0}] получает</color> {2} <color=#e30000>[{1}]</color>."
    },
    {
      "id": "805901_failure_1_1",
      "content": "<color=#ebcaa2>[{0}]</color> <color=#e30000>теряет {1} ОЗ.</color>"
    }
  ]
}