﻿{
  "dataList": [
    {
      "id": 90100201,
      "title": "",
      "eventDesc": "",
      "prevDesc": "",
      "behaveDesc": "Кто поведёт нас?",
      "successDesc": [
        "Словно прощая меня,\nспираль замедляется.\n\nОтвернув взор в благоговении перед ничем,\nвнутри скрывается презрение к себе.\n\nТем временем, спираль медленно исчезла."
      ],
      "failureDesc": [
        "Я пытаюсь отвести взгляд, но она снова и снова привлекает меня.\nСловно кусочек железа, тянущийся к магниту,\nмой взор снова и снова возвращается к ней.\n\nСпираль не прощает этого.\nПрезрение к слабости, невозможности найти в себе сил отвернуться.\n\nЯ чувствую, как спираль продолжает прорываться внутрь."
      ]
    },
    {
      "id": 90100301,
      "title": "",
      "eventDesc": "",
      "prevDesc": "",
      "behaveDesc": "Кто поведёт нас?",
      "successDesc": [
        "Мы заходим в густой туман.\nОтовсюду раздаются странные крики и плач.\n\nУже нельзя сказать, где \"вперёд\", а где — \"назад\".\nНам остаётся лишь продолжать идти.\n\nСо временем туман рассеялся,\nи перед нами оказался рисунок из пепельных потоков.\n\nЛишь тогда мы осознали, что это была не простая мгла."
      ],
      "failureDesc": [
        "Мы заходим в густой туман.\nОтовсюду раздаются странные крики и плач.\n\nУже нельзя сказать, где \"вперёд\", а где — \"назад\".\nСо временем мы перестали понимать, куда идти,\nи каждый шаг пугал нас.\n\nМгла становится лишь гуще.\nСловно не собираясь нас отпускать."
      ]
    },
    {
      "id": 90100302,
      "title": "",
      "eventDesc": "",
      "prevDesc": "",
      "behaveDesc": "Кто поведёт нас?",
      "successDesc": [
        "Я смотрел на что-то, напоминающее глаза.\nВ воздухе повис зов, полный отчаяния,\nи я смотрел на глаза, завывавшие песню боли.\n\nЛишь тогда я понял, что это не простая мгла.\nВскоре оказалось, что глаза и рот были лишь наваждением.\nИ тень лишь напоминала человека.\n\nПлач был лишь завыванием ветра,\nи, когда я осознал это, всё исчезло."
      ],
      "failureDesc": [
        "Я смотрел на что-то, напоминающее глаза.\nИ оно взглянуло на меня в ответ, завывая песнь отчаяния.\n\nИ когда мне показалось, что фигура стала лишь больше,\nнас поглотила мгла."
      ]
    },
    {
      "id": 90100501,
      "title": "",
      "eventDesc": "",
      "prevDesc": "",
      "behaveDesc": "Кто это сделает?",
      "successDesc": [
        "С каждой развязанной верёвкой плач становился лишь сильнее.\n\nКажется, я начинаю сопереживать запертому существу.\n\nС каждой развязанной верёвкой\nя хныкал под его песню.\n\nОдна верёвка приносит печаль,\nдругая же приносит горе.\n\nИ когда сняли последнюю верёвку,\nоказалось, что внутри ничего не было.\n\nКак же так? Я осмотрелся,\nно в гробу лежал лишь маленький самоцветный жучок."
      ],
      "failureDesc": [
        "С каждой развязанной верёвкой плач становился лишь сильнее.\n\nВнутри закрыта не одна сущность.\nНесколько человек, прижимающихся друг к другу, завывали в гробу.\n\nИ вскоре они разваливают гроб изнутри, вываливаясь наружу."
      ]
    },
    {
      "id": 90100502,
      "title": "",
      "eventDesc": "",
      "prevDesc": "",
      "behaveDesc": "Уходим. Кто поведёт нас?",
      "successDesc": [
        "Словно не желая оставаться в одиночестве,\nкрасные руки пытаются привлечь наше внимание.\n\nНо в то же время казалось,\nчто они благодарны за то, что мы оставили их.\n\nЗавывания не прекратились,\nно плач стал чуть тише."
      ],
      "failureDesc": [
        "Я ускорил шаги, стараясь оставить холодок позади.\n\nНо сколько бы мы ни шли,\nстранное чувство не покидало нас.\n\nВ какой-то момент я остановился и, развернувшись,\nувидел ладонь.\n\nЭта ладонь была частью странной, иссохшей красной руки.\n\nЭта рука схватила безмолвную жертву.\nТеперь знакомый голос слышен в криках внутри гроба."
      ]
    },
    {
      "id": 90100503,
      "title": "",
      "eventDesc": "",
      "prevDesc": "",
      "behaveDesc": "Кто это сделает?",
      "successDesc": [
        "{0} поднимает нож с земли и проводит им по своей руке.\n\nПлоть разрывается, и тёмная кровь хлещет из раны на гроб.\n\nКрасная жидкость стекает по связанной верёвке...\n\nГрохочущий гроб постепенно останавливается, и плач затихает."
      ],
      "failureDesc": [
        "{0} поднимает нож с земли и проводит им по своей руке.\n\nПлоть разрывается, и тёмная кровь хлещет из раны на гроб.\n\nКрасная жидкость стекает по связанной верёвке...\n\nГроб начинает трястись. Что-то скребётся по его стенкам.\n\nСлышно, будто что-то шагает по земле; узел пляшет на ветру.\n\nИз гроба появляется иссохшая рука и хватает {0}.\n\nОднако развязанный узел и иссохшая рука вскоре исчезают в никуда, словно миражи."
      ]
    },
    {
      "id": 90100601,
      "title": "",
      "eventDesc": "",
      "prevDesc": "",
      "behaveDesc": "Кому придётся ответить за меня?",
      "successDesc": [
        "\"Вы поняли?\"\n\nВ неверии прошелестела бумага.\n\n\"Что же, если вы прекрасно всё понимаете, и всё равно соглашаетесь на наши условия…\"\n\nБумажная фигура сделала шаг назад, смачивая себя в кофе.\nИ внезапно бумажные солдатики воспряли\nи бросились на нас.\n\n\"Не стоит смотреть на бумагу свысока.\"\n\nИ не дав нам ни мгновения на осознание странности в голосе,\nна нас напали."
      ],
      "failureDesc": [
        "\"Вы уверены, что всё прочли?\"\n\n\"Ваше тело не подходит под критерии этого соглашения!\"\n\nГромко выругавшись,\nбумажная фигурка бросила кружку с кофе на пол.\n\nИ даже не выслушав,\nнас выгнали из офиса."
      ]
    },
    {
      "id": 90100602,
      "title": "",
      "eventDesc": "",
      "prevDesc": "",
      "behaveDesc": "Кому придётся ответить за меня?",
      "successDesc": [
        "\"Благодарю вас. Так будет гораздо проще.\"\n\nБумажные солдатики по всему офису\nначали сражаться друг с другом.\n\nТела побеждённых солдатиков разрывались на кусочки\nи бумажные журавлики взмыли в воздух.\n\nОдин из журавликов, упавших на пол, подполз к нам.\n\n\"Позаботьтесь об этой бумажке.\"\n\nБумажная фигура довольно смочила себя в кофе."
      ],
      "failureDesc": [
        "\"Это так вы отказываете нам?\"\n\nРаздражённо скрипнула бумажная фигурка.\n\n\"Есть стандарты для поддержания разговора.\nИ если кто-то не знает даже основ,\nмне не о чем с ним разговаривать.\"\n\nИ даже не выслушав,\nнас выгнали из офиса."
      ]
    },
    {
      "id": 90100801,
      "title": "",
      "eventDesc": "",
      "prevDesc": "",
      "behaveDesc": "Кто это сделает?",
      "successDesc": [
        "Мы вытащили гвозди из груди медвежонка.\n\nИз ран начала вытекать гнойная кровь.\n\nИ когда она перестала течь,\nв мишке осталась лишь чёрная дыра.\n\nПустая, зияющая чёрная дыра."
      ],
      "failureDesc": [
        "Оказалось, гвозди вбиты глубоко, и вытащить их сложнее, чем я думал.\n\nИ после нескольких попыток их вытащить,\nоказалось, что гвозди не сдвигаются с места,\nсловно сидят слишком глубоко.\n\nМишка продолжает смотреть на нас,\nсловно ничего не произошло.\n\nВозможно, он просто не чувствует боль."
      ]
    },
    {
      "id": 90101001,
      "title": "",
      "eventDesc": "",
      "prevDesc": "",
      "behaveDesc": "Кто это сделает?",
      "successDesc": [
        "Грешник подбирает кольцо, лежащее в руке.\nСтатуя не двинулась, и шёпот мантр не прекратился ни на мгновение.\n\nЧто бы ни происходило перед ней,\nстатуя не сдвинется с места.\n\nИ хотя статуя Будды не дрогнула,\nи сила её слов не ослабла.\n\nЯ прекрасно понимал.\n\nЭтим шёпотом читалось проклятие."
      ],
      "failureDesc": [
        "Грешник подбирает кольцо, лежащее в руке.\nНо в этот момент, рука с кольцом сворачивается в кольцо.\n\nНо даже после второй попытки,\nрука сменила положение, не позволяя забрать кольцо.\n\nСловно мы не заслуживаем его."
      ]
    },
    {
      "id": 90101101,
      "title": "",
      "eventDesc": "",
      "prevDesc": "",
      "behaveDesc": "Кто это сделает?",
      "successDesc": [
        "Хриплое рычание ослабевает.\n\nЕщё одно поглаживание,\nи лис довольно прикрывает глаза.\n\nЕщё одно поглаживание,\nи он медленно садится, словно мы согрели его сердце.\n\nЕщё одно поглаживание,\nи он неожиданно становится маленьким и превращается в статуэтку."
      ],
      "failureDesc": [
        "Когда грешник протянул руку к лису,\nхриплое рычание усилилось.\n\nПри попытке коснуться жёсткого меха,\nс яростным тявканьем лис отпрыгнул в сторону.\n\nГрешник подходит к нему,\nно лис бросается наутёк, не оборачиваясь.\n\nЧто нам остаётся делать?"
      ]
    },
    {
      "id": 90101301,
      "title": "",
      "eventDesc": "",
      "prevDesc": "",
      "behaveDesc": "Кто это сделает?",
      "successDesc": [
        "Когда грешник снял оберег,\nсвечи в комнате зажглись сами по себе.\n\nГрешник снял ещё один,\nи пламя загорелось ещё ярче.\n\nСтоявшая в середине комнаты кукла\nвнезапно начала подрагивать.\n\nСтоит ли нам продолжать снимать обереги?\n\nНеужели она хочет именно этого?"
      ],
      "failureDesc": [
        "Ничего не произошло.\nКукла продолжает стоять, изредка поскрипывая.\n\nОберег в руках грешника обратился в липкую кровь,\nчто вскоре утекла сквозь пальцы."
      ]
    },
    {
      "id": 90101701,
      "title": "",
      "eventDesc": "",
      "prevDesc": "",
      "behaveDesc": "Кто прочтёт написанное?",
      "successDesc": [
        "На табличке выгравированы символы, которые невозможно прочесть.\n\nИ хотя нельзя прочесть написанное полностью,\nнекоторые слова всё же можно было понять.\n\nСуд…\nОбвинение…\nНаказание…\n\nТакже можно заметить цепочку слов,\nчто могут оказаться смертельными, если попытаться их понять.\n\nКак только мы подняли глаза с каменной таблички,\nсоветник кивнул нам и, взмыв, исчез в небесах."
      ],
      "failureDesc": [
        "На табличке выгравированы символы, которые невозможно прочесть.\n\nВозможно, написанное всё же можно понять.\nКажется, стоит понять чуть больше.\n\nЧуть-чуть… Совсем немного…\n\nНо когда мы пришли в чувство,\nсоветника уже не было, и лишь каменная табличка осталась в моих руках."
      ]
    },
    {
      "id": 90101801,
      "title": "",
      "eventDesc": "",
      "prevDesc": "",
      "behaveDesc": "Кто это сделает?",
      "successDesc": [
        "Грешник сорвал одну из растущих роз.\n\nНо увидев текстуру того, что я посчитал за бутон,\nя осознал, что оно похоже на внутренности.\n\nНо для чего нужен орган в форме цветка?"
      ],
      "failureDesc": [
        "Грешник сорвал одну из растущих роз.\n\nНо, похоже, отрывать её было плохой идеей,\nтак как бутон сломался, утратив свою уникальную текстуру.\n\nОднако знак не изменился."
      ]
    },
    {
      "id": 90101901,
      "title": "",
      "eventDesc": "",
      "prevDesc": "",
      "behaveDesc": "Кто это сделает?",
      "successDesc": [
        "Грешник собрал часть слизи в стеклянную колбу.\n\nТолько эта субстанция — не простая грязная жижа.\n\nВнутри плавало множество личинок.\n\nМожет ли быть так, что эти личинки, поедавшие друг друга,\nявлялись потомством этой раковины?"
      ],
      "failureDesc": [
        "{0} берёт стеклянную колбу и приближается к раковине.\n\nНо вскоре, задумавшись, {0} разворачивается к нам.\n\nПохоже, грешник не может найти в себе силы протянуть руку,\n чтобы собрать эту жижу.\n\nВпрочем, возможно, и не стоит её собирать."
      ]
    },
    {
      "id": 90102001,
      "title": "",
      "eventDesc": "",
      "prevDesc": "",
      "behaveDesc": "Кого мне отправить?",
      "successDesc": [
        "Пока грешник шёл к большому цветку,\nмаленькие бутоны создавали тропу.\n\nИ когда грешник проходил их, они закрывались,\nбудто отдавая дань почтения.\n\nИ когда грешник подошёл к гигантскому цветку,\nон опустил в руки грешника дар."
      ],
      "failureDesc": [
        "{0} делает шаг к большому цветку.\n\nМаленькие бутоны тут и там пришли в движение.\n\nОни будто смотрят на нарушителей спокойствия\nи в этом море немудрено затеряться.\n\nНо подняв взгляд,\nя увидел, как гигантский цветок всё ещё манит нас.",
        "Несмотря ни на что, нам никак не удавалось приблизиться к большому цветку.\n\nЯ лишь смотрел на цветочное море,\nпростиравшееся вдалеке.\n\nВнезапно я почувствовал прилив ностальгии и помахал в ответ.\n\nНо все цветы тут же окрасились в красный цвет\nи устремили свои бутоны в нашу сторону.\n\nИ кроваво-красные лепестки, что только что смотрели на нас,\nначали нападение.\n\nСловно они не терпят нерешительности."
      ]
    },
    {
      "id": 90102101,
      "title": "",
      "eventDesc": "",
      "prevDesc": "",
      "behaveDesc": "Что нам делать?",
      "successDesc": [
        "Словно всё это время ожидая помощи,\nон бросился, как только рука грешника указала ему, куда идти.\n\nОн бросился бежать, и что-то выпало из его формы, так и оставшись лежать.\n\nГолубая зажигалка с логотипом Крыла.\n\nБывало, я слышал,\nчто подобные вещи выдавали работникам этого Крыла.\n\nПохоже, всё же это было Перо, а не пассажир."
      ],
      "failureDesc": [
        "Пока мы гадали, стоит ли указывать ему дорогу,\nон начал медленно приближаться к нам.\n\nИ когда мы в спешке указали куда-то во тьму,\nон медленно пошёл в ту сторону.\n\nНе прошло много времени,\nкак до меня донёсся звук сминания железных пластин и разрыва чего-то."
      ]
    },
    {
      "id": 90102102,
      "title": "",
      "eventDesc": "",
      "prevDesc": "",
      "behaveDesc": "Кто поведёт нас?",
      "successDesc": [
        "{0} делает несколько шагов, и пассажир следует за ним.\n\nКогда мы приближаемся к тому, что похоже на выход, пассажир кланяется, словно выражая благодарность.\n\nМы слышим, как что-то упало; он оставил после себя что-то похожее на патрульный фонарик.\n\nПохоже, он всё-таки не потерялся. Возможно, это был сотрудник транспортной компании, который случайно патрулировал этот район.\n\nМожет, мы не вели его — может, он просто следовал за нами, чтобы убедиться, что мы нашли правильный выход."
      ],
      "failureDesc": [
        "{0} делает несколько шагов, и пассажир следует за ним.\n\nЧерез некоторое время {0} случайно приводит нас обратно туда, откуда мы начали.\n\nПассажир стоит там, несколько смущённый и неловко машущий руками, прежде чем шагнуть вперёд и поманить нас за собой.\n\nОн привёл нас к выходу."
      ]
    },
    {
      "id": 90102201,
      "title": "",
      "eventDesc": "",
      "prevDesc": "",
      "behaveDesc": "Что нам делать?",
      "successDesc": [
        "Мы попытались увернуться от настигающих нас рук.\n\nРуки с маниакальным упорством пытались зацепить нас.\n\nНо, к счастью, руки не могли нас достать,\nи мы смогли избежать их."
      ],
      "failureDesc": [
        "Мы попытались увернуться от настигающих нас рук.\n\nНо избежать все одержимые нами руки\nбыло нелёгкой задачей.\n\nРуки словно пытались разорвать нас.\n\nМы смогли вырваться, но сильно пострадали."
      ]
    },
    {
      "id": 90103101,
      "title": "",
      "eventDesc": "",
      "prevDesc": "",
      "behaveDesc": "Что нам делать?",
      "successDesc": [
        "Я приказал ей переносить тяжести,\nдвигаясь слева направо.\n\nТогда число в газоразрядных индикаторах на её теле поднялось на один.\n\nПогодите, что такое? В этот момент, совершенно внезапно для меня,\nмашина подняла руки и заменила вакуумную лампу на новую.\n\nВскоре, старый индикатор лежал у меня в руках,\nи мне оставалось лишь принять подарок."
      ],
      "failureDesc": [
        "Я приказал ей переносить тяжести,\nдвигаясь справа налево.\n\nНо вскоре махина внезапно остановилась,\nпрямо с грузом в руках.\n\nВакуумные лампы внезапно замигали.\n\nВсевозможные символы и цифры засверкали передо мной\nи вскоре, потухли окончательно.\n\nИ тогда крупный ящик упал из её рук…\nПрямо на некоторых грешников, что стояли под ним."
      ]
    },
    {
      "id": 90103301,
      "title": "",
      "eventDesc": "",
      "prevDesc": "",
      "behaveDesc": "Что нам делать?",
      "successDesc": [
        "\"Если простимулировать многоножку болью,\nэто усилит электрический разряд.\"\n\nПо крайней мере, так гласит запись под кнопкой.\n\nКогда я нажал на кнопку с каплей, камера многоножки заполнилась водой.\n\nМногоножка начала извиваться в камере, словно кружась в танце.\n\nТолько это не похоже на танец от радости."
      ],
      "failureDesc": [
        "\"Если простимулировать многоножку болью,\nэто усилит электрический разряд.\"\n\nПо крайней мере, так гласит запись под кнопкой.\n\nКогда я нажал на кнопку с каплей, камера многоножки заполнилась водой.\n\nМногоножка начала извиваться в камере, словно кружась в танце.\n\nНо в момент, когда мне показалось,\nчто хвост многоножки зацепил стенку камеры,\nстекло пропало и вся вода начала литься в комнату.\n\nИ волна, полная высоковольтного электричества, хлынула прямо на нас."
      ]
    },
    {
      "id": 90101501,
      "title": "",
      "eventDesc": "",
      "prevDesc": "",
      "behaveDesc": "Кто пойдёт?",
      "successDesc": [
        "«Ага, хорошо! Вот, выпей.»\n\nКажется, будто твёрдая, жгучая жидкость бушует по телу.\n\n«Ммм, мне нравится, как ты пьёшь!»\n\nЗа ощущением устойчивого парения следует чувство, что ты почему-то в лучшей форме.\n\n«Чувствуешь, как действует магия? Это то, что мы называем лечебным пойлом! Давай, давай ещё рюмку!»\n\nПосле ещё нескольких рюмок ликёра мы покинули это место весёлыми шагами."
      ],
      "failureDesc": [
        "«Ага, хорошо! Вот, выпей.»\n\nКажется, будто твёрдая, жгучая жидкость бушует по телу.\n\n«Эй... Ты в порядке?»\n\nЗа внезапной тошнотой следует вид, медленно поворачивающийся вправо.\n\n«Какая жалость... Такой хороший напиток... но, похоже, твоему телу он не нравится. Тебе стоит прекратить его пить.»\n\nПытаясь удержать глаза и голову, которые начали кружиться быстрее, мы поспешно ушли.\n\nПуть наружу, возможно, сопровождался ударами о стены, но даже это стёрлось из памяти."
      ]
    },
    {
      "id": 90101503,
      "title": "",
      "eventDesc": "",
      "prevDesc": "",
      "behaveDesc": "Who will step forth?",
      "successDesc": [
        "\"Oho! Then here, have a drink.\"\n\n{0} began chugging the strong liquor.\nIt's uncertain whether {0} really likes to drink, or is simply trying to indulge the entity.\n\n\"Hot damn, looks like the hooch's finally found its match!\"\n\"Y'know what's better than neckin' the whole bottle?\"\n\nSomething chucks a huge barrel of liquor toward us from beyond the thick miasma of steam.\nWe barely managed to catch the barrel. A lively voice booms in our direction.\n\n\"A keg stand!\""
      ],
      "failureDesc": [
        "\"Oho! Then here, have a drink.\"\n\n{0} began chugging the strong liquor.\nIt's uncertain whether {0} really likes to drink, or is simply trying to indulge the entity.\n\n\"Hot damn, looks like the hooch's finally found its match!\"\n\"Y'know what's better than neckin' the whole bottle?\"\n\nSomething chucks a huge barrel of liquor toward us from beyond the steam.\nThe abruptness of that aggressive throw completely caught us off guard; without a soft landing spot, the barrel shatters against the ground.\n\n\"A keg sta— Aw, what the heck! Y'know how precious that barrel was?!\"\n\"Bah! At least take the barrel splinters with you. It's got a pretty strong, top-notch aroma of its own.\""
      ]
    },
    {
      "id": 90103001,
      "title": "",
      "eventDesc": "",
      "prevDesc": "",
      "behaveDesc": "Кто поднимет череп?",
      "successDesc": [
        "Смеющийся череп был поднят.\n\nОбрадованный по какой-то причине, он продолжает стучать зубами и качаться на руках.\n\nВнезапно вы чувствуете, как ваше тело становится легче.\n\nОглядевшись, вы замечаете, что все, кажется, испытывают то же самое.\n\nКогда вы снова посмотрели на руки, череп исчез прежде, чем вы успели заметить."
      ],
      "failureDesc": [
        "Смеющийся череп был поднят.\n\nСтранно, но выражение черепа внезапно стало пустым, как только его взяли.\n\nНедоумевая, в чём может быть проблема, Грешник приблизил голову к черепу, и...\n\n«?!»\n\nЧереп широко раскрыл челюсти и укусил {0} перед тем, как исчезнуть."
      ]
    },
    {
      "id": 90103002,
      "title": "",
      "eventDesc": "",
      "prevDesc": "",
      "behaveDesc": "Кто поднимет череп?",
      "successDesc": [
        "Сердито выглядящий череп был поднят.\n\nРасстроенный по какой-то причине, он стучал зубами, будто пытаясь укусить что-то в воздухе.\n\nВнезапно руки почувствовали лёгкость.\n\n«Это...»\n\nЧереп растворился в воздухе, и на руках остался светящийся предмет."
      ],
      "failureDesc": [
        "Сердито выглядящий череп был поднят.\n\nСтранно, но выражение черепа внезапно стало пустым, как только его взяли.\n\nНедоумевая, в чём может быть проблема, Грешник приблизил голову к черепу, и...\n\n«?!»\n\nЧереп широко раскрыл челюсти и укусил {0} перед тем, как исчезнуть."
      ]
    },
    {
      "id": 90103003,
      "title": "",
      "eventDesc": "",
      "prevDesc": "",
      "behaveDesc": "Кто поднимет череп?",
      "successDesc": [
        "Череп со странным выражением был поднят.\n\nСловно обезумев, он катался и стучал зубами без всякой причины.\n\nКак раз когда вы начали сомневаться, что с ним делать, руки почувствовали лёгкость, так что вы посмотрели вниз...\n\nИ обнаружили, что он превратился в крошечную безделушку."
      ],
      "failureDesc": [
        "Череп со странным выражением был поднят.\n\nСтранно, но выражение черепа внезапно стало пустым, как только его взяли.\n\nНедоумевая, в чём может быть проблема, Грешник приблизил голову к черепу, и...\n\n«?!»\n\nЧереп широко раскрыл челюсти и укусил {0} перед тем, как исчезнуть."
      ]
    },
    {
      "id": 90103701,
      "title": "",
      "eventDesc": "",
      "prevDesc": "",
      "behaveDesc": "Кто его утешит?",
      "successDesc": [
        "«Как мне утешить каплю...»\n\nКак бы странно ни звучал приказ, Грешник изо всех сил старается поднять ей настроение.\n\nКапля, кажется, воспряла духом благодаря усилиям Грешника.\n\n«Я могла бы освободиться благодаря тебе.»\n\nКажется, будто капля сказала что-то в этом роде.\n\nВскоре капля исчезла из виду, и на её месте остался предмет, похожий на большую стеклянную ёмкость."
      ],
      "failureDesc": [
        "«Как мне утешить каплю...»\n\nКак бы странно ни звучал приказ, Грешник изо всех сил старается поднять ей настроение.\n\nУвы... казалось, это не помогло капле избавиться от унылого настроения.\n\n«Всё равно спасибо, это тебе за беспокойство.»\n\nКажется, будто капля сказала что-то в этом роде.\n\nКапля передала нам половину себя и исчезла Разрез очка.\n\nСудя по тому, что Грешники говорят, что чувствуют себя посвежевшими, её половина, должно быть, была подарком."
      ]
    },
    {
      "id": 90103702,
      "title": "",
      "eventDesc": "",
      "prevDesc": "",
      "behaveDesc": "Кто вернёт её на место?",
      "successDesc": [
        "Правильно будет вернуть её туда, где ей место.\n\nКаплю поднимают и заталкивают в гигантскую стеклянную ёмкость.\n\nИ мы наблюдали.\n\nМы наблюдали, как лицо капли наполнялось ужасом, презрением, гневом и отвращением, пока она скользила по трубе.\n\n«Тебе не следовало этого делать.»\n\n«Может, в твоих глазах мы и выглядели единым целым. Но для меня это ад.»\n\nКазалось, она сказала нам что-то подобное.\n\nВместе со стеклянной ёмкостью мы услышали, как что-то треснуло в наших сердцах."
      ],
      "failureDesc": [
        "Правильно будет вернуть её туда, где ей место.\n\nКаплю поднимают и заталкивают в гигантскую стеклянную ёмкость.\n\nИ мы наблюдали.\n\nМы наблюдали, как лицо капли наполнялось ужасом, презрением, гневом и отвращением, пока она скользила по трубе.\n\n«...Ааа!»\n\nПока мы отвлеклись на лицо, капля отскочила и выскользнула из виду.\n\n...Может, нам не следовало этого делать."
      ]
    },
    {
      "id": 90104001,
      "title": "",
      "eventDesc": "",
      "prevDesc": "",
      "behaveDesc": "Кто даст ответ?",
      "successDesc": [
        "Мы сказали человеку, что вещи в его руках — это просто синие шарики.\n\n«Вот как. Так ты их видишь.»\n\nЧеловек оставался спокойным, как будто знал, что вы ему это скажете.\n\n«Если ты хочешь смотреть на них так, то я говорю — вперёд.»\n\nОн исчез, мягко помахивая шариками.\n\nКажется, мы узнали важную истину."
      ],
      "failureDesc": [
        "Мы сказали человеку, что вещи в его руках — это просто синие шарики.\n\n«Ты звучишь довольно уверенно. Ты вообще знаешь, что такое звезда?»\n\n«Пятнышки света, плывущие во тьме. Это то, что мы называем звёздами.»\n\nОн мягко помахивает шариками в руках.\n\n«Звёзды — это то, что у тебя в голове. Так что эти синие шарики — звёзды.»\n\nКак только эта прямая манера речи готова была запечатлеться в сердце, он исчез, сказав нам, что 'отправится к синей звезде'.\n\nКажется, мы узнали важную истину."
      ]
    },
    {
      "id": 90104002,
      "title": "",
      "eventDesc": "",
      "prevDesc": "",
      "behaveDesc": "",
      "successDesc": [
        "Видя в них многочисленные оттенки света, они наверняка должны быть звёздами.\n\n«Я хочу однажды вернуться к синей звезде.»\n\nМожет быть, оттуда они родом? Смогу ли я туда попасть?\n\n«Ты тоже так думаешь? Что хочешь вернуться в то место.»\n\nВы киваете. Вы понятия не имеете, где это может быть, и уж точно не оттуда, но чувствуете желание вернуться туда.\n\n«Тогда я отдам это тебе.»\n\nОн передал синюю звезду, которую держал, и исчез."
      ],
      "failureDesc": [
        "Видя в них многочисленные оттенки света, они наверняка должны быть звёздами.\n\n«Верно, но...»\n\nЕго тон внезапно становится меланхоличным.\n\n«Я знаю. Что больше не смогу туда вернуться.»\n\n«Что я просто машу руками и испускаю синее свечение, чтобы самой стать звездой.»\n\nСо свистящим звуком он растворился в воздухе.\n\nНаши головы почему-то стали легче после этого."
      ]
    },
    {
      "id": 90104101,
      "title": "",
      "eventDesc": "",
      "prevDesc": "",
      "behaveDesc": "Кто снимет это?",
      "successDesc": [
        "Оно было сосредоточено на своих молитвах.\n\nСтараясь изо всех сил игнорировать гнилостный смрад, вам удаётся снять молитвенник с его тела.\n\nОно настолько глубоко погружено, что совершенно не замечает, как мы подходим к нему и берём книгу.\n\nВозможно, его вера была слишком глубока, чтобы молитвенники имели какое-либо значение.\n\nКакие бы верования и доктрины оно ни исповедовало, они уже прочно укоренились в его разуме и сердце."
      ],
      "failureDesc": [
        "Оно было сосредоточено на своих молитвах.\n\nСтараясь изо всех сил игнорировать гнилостный смрад, вам удаётся снять молитвенник с его тела.\n\n«Гииигх?!»\n\nБыла ли замечена наша попытка? Как только книгу сняли, раздался неприятный звук.\n\nМы приготовились к возможным атакам, но, похоже, ему было всё равно на нас.\n\nОно скребло землю своей мандибулой, что-то записывая.\n\n...Похоже, это было содержание молитвенника."
      ]
    },
    {
      "id": 90104201,
      "title": "",
      "eventDesc": "",
      "prevDesc": "",
      "behaveDesc": "Кто снимет это?",
      "successDesc": [
        "Пока оно стояло неподвижно, мы осторожно приблизились к нему.\n\nЕсли мы удалим часть его, те, кто привязан к нему, могут обрести минутный покой.\n\n«...! »\n\nСнять кусок провода оказалось на удивление легко.\n\nОднако комки плоти совсем не изменились.\n\nСловно они говорят нам, что этого будет недостаточно, чтобы освободить их от того, что они пережили в тот день."
      ],
      "failureDesc": [
        "Пока оно стояло неподвижно, мы осторожно приблизились к нему.\n\nЕсли мы удалим часть его, те, кто привязан к нему, могут обрести минутный покой.\n\n«...! »\n\nМы были недостаточно знакомы со структурой провода. Рука мгновенно перекручивается и затягивается в провод.\n\n«Б-быстрее, вытаскивай!»\n\nРуку удалось вытащить благодаря помощи нескольких человек, но она осталась сильно изуродованной."
      ]
    },
    {
      "id": 90104202,
      "title": "",
      "eventDesc": "",
      "prevDesc": "",
      "behaveDesc": "Кто прольёт кровь?",
      "successDesc": [
        "Было ли это из жалости или какого-то сочувствия?\n\nИли это была идея, что разделение боли может уменьшить их бремя?\n\nКапли крови падают с кончика руки и понемногу впитываются в плоть.\n\nСущество наконец реагирует, приближаясь, словно чтобы посмотреть на вас сверху вниз.\n\nМожет быть, оно увидело во мне такого же, как те, кто погиб в густом тумане.\n\nКогда оно открыло рот с жалостливым видом, внутри оказался светящийся предмет.\n\nВозможно, это небольшой знак утешения, который оно предлагает. Вы взяли предмет."
      ],
      "failureDesc": [
        "Было ли это из жалости или какого-то сочувствия?\n\nИли это была идея, что разделение боли может уменьшить их бремя?\n\nКапли крови падают с кончика руки и понемногу впитываются в плоть.\n\n«...Урк!»\n\nВсе трупы и тела, привязанные к проводу, кричат одновременно.\n\nСущество начинает буйствовать в унисон.\n\nПоскольку я не был частью войны и не был свидетелем её, я не могу ассоциировать себя с ними или понять их каким-либо образом.\n\nЭто был всего лишь приступ поспешного высокомерия.\n\nНе оставалось иного выбора, кроме как бежать с этого места, оставив бушующее существо позади."
      ]
    },
    {
      "id": 90104301,
      "title": "",
      "eventDesc": "",
      "prevDesc": "",
      "behaveDesc": "Кто пойдёт?",
      "successDesc": [
        "Уплотнительное кольцо ломается довольно легко. Возможно, оно ослабло от времени.\n\n«Кфф, кургх...»\n\nПока Энкефалин выливается из ящика, мы смотрим на раздутого и пропитанного веществом человека через стеклянное окно ящика.\n\nЗная, что это уже не человек, сочувствие заставляет протянуть руку.\n\n«Убери её.»\n\nОно заговорило.\n\n«Это был единственный выбор, который у меня был. Чтобы выжить...»\n\n«Нас похоронили здесь без всякой надежды на спасение. Нас бросили.»\n\n«Я... Мы засунули головы в Энкефалин, чтобы пережить это время.»\n\nЗа объяснением следует обида.\n\n«Почему вы пытаетесь спасти нас спустя столько времени? Я больше всего хочу окунуть голову в эту зелёную воду прямо сейчас!»\n\nЕго лицо было полно гнева, оно убежало с пустым ящиком на голове.\n\nВсё, что оно оставило — это маленькая карточка сотрудника и чувство вины за то, что было сделано то, чего не следовало делать."
      ],
      "failureDesc": [
        "Было ли кольцо прочнее, чем казалось, или дело в недостатке сноровки?\n\nЛезвие продолжало отскакивать от скользкого уплотнительного кольца...\n\n«Бргрргх...»\n\nИ погружённое существо оттолкнуло вас и убежало.\n\nПредпочло ли оно остаться таким?\n\nВсё, что оно оставило — это маленькая карточка сотрудника."
      ]
    },
    {
      "id": 90104701,
      "title": "",
      "eventDesc": "",
      "prevDesc": "",
      "behaveDesc": "Кто будет говорить?",
      "successDesc": [
        "«Ах...»\n\nВы отвели ногу в сторону и указали вниз, к ужасу дрожащего яблока.\n\n«Ха, попался.»\n\n«Нет! Я не хочу этого!»\n\n«Истории должны идти своим естественным ходом. Это поток, которому мы будем следовать, так что прими это.»\n\nОно подняло крошечное яблоко и положило его на спину лошади.\n\n«Это больше не понадобится. Это не самый лестный подарок, но я дам его тебе в награду за то, что ты дал мне знать.»"
      ],
      "failureDesc": [
        "Как только вы подумали сказать правду, вы почувствовали дрожь у своей ноги.\n\n«...Ты прятало его.»\n\nВы пытаетесь отрицать это, но оно уже рассержено.\n\n«Убирайся!»\n\nОно злобно хлещет вас колючей ловушкой...\n\nИ когда вам удалось увернуться от натиска, вы обнаружили, что ловушка поймала гнилое яблоко.\n\n«Это естественный ход событий. Прими это.»\n\nПоймав яблоко, оно убежало в другую сторону."
      ]
    },
    {
      "id": 90104703,
      "title": "",
      "eventDesc": "",
      "prevDesc": "",
      "behaveDesc": "Кто будет говорить?",
      "successDesc": [
        "Когда я указываю в какое-то случайное, неверное направление, сущность приближается и нависает надо мной.\nВместо головы у неё была лишь безглазая роза, но... я всё ещё чувствовал её пронзительный взгляд.\n\n«Такова твоя сказка? Тогда надеюсь, у тебя хватит сил нести ответственность за свои слова.»\n«Если встретишь яблоко в своём путешествии, прошу тебя связать его этим лассо.»\n\nСущность бросила нам лассо, прежде чем умчаться верхом на великом скакуне из лоз.\nТолько когда мы перестали слышать стук копыт, яблоко медленно появилось из-за моей ноги, дрожа.\n\n«М-можешь, пожалуйста, избавиться от этого лассо? Пожалуйста... мне страшно.»\n\nЯблоко умоляло, но некоторые Грешники не согласились.\nЛассо может пригодиться.\nЯ отказал яблоку в его просьбе, намотал лассо на руку и пошёл дальше."
      ],
      "failureDesc": [
        "Когда я указываю в какое-то случайное, неверное направление, сущность приближается и нависает надо мной.\nВместо головы у неё была лишь безглазая роза, но... я всё ещё чувствовал её пронзительный взгляд.\n\n«Такова твоя сказка? Тогда надеюсь, у тебя хватит сил нести ответственность за свои слова.»\n«Если встретишь яблоко в своём путешествии, прошу тебя связать его этим лассо.»\n\nПоследнее предложение, должно быть, напугало яблоко — оно вздрагивает.\nСущность заметила, как слегка дрогнул подол моих штанов, и разразилась яростным рёвом, размахивая лассо.\n\n«ПРОЧЬ!»\n\nЯблоко пытается поскорее убраться от сущности, но вскоре его ловит колючее лассо.\nПривязав яблоко к ноге лошади из лозы, сущность уносится в лес.\nОтчаянные крики яблока о помощи медленно затихают вдали от нас."
      ]
    },
    {
      "id": 90104901,
      "title": "",
      "eventDesc": "",
      "prevDesc": "",
      "behaveDesc": "Кто произнесёт команду?",
      "successDesc": [
        "Я приказываю ему смерть.\n\n«...Ваша команда понята. В вашем голосе обнаружено великое чувство цели.»\n\n«Команда будет выполнена.»\n\nОно исчезло после короткого ответа.\n\nВскоре издалека раздался громкий шум.\n\n...Затем тело почувствовало лёгкость и бодрость."
      ],
      "failureDesc": [
        "Я приказываю ему смерть.\n\n«...Ваша команда понята. Однако-»\n\n«Я не обнаруживаю никакого чувства цели в вашем голосе. Вы говорите, не зная, почему должна быть дана команда.»\n\n«Вы будете наказаны за отдачу бессмысленных команд.»\n\nПрежде чем можно было сказать слово, рука на его хвосте приближается."
      ]
    },
    {
      "id": 90104902,
      "title": "",
      "eventDesc": "",
      "prevDesc": "",
      "behaveDesc": "Кто произнесёт команду?",
      "successDesc": [
        "Я приказываю ему жизнь.\n\n«...Ваша команда понята. В вашем голосе обнаружено великое чувство цели.»\n\n«Команда будет выполнена.»\n\nОно исчезло после короткого ответа.\n\nВскоре послышались быстрые шаги.\n\nКогда шаги пронеслись над головой, сверху упало что-то сияющее.\n\n...Может, это их благодарность?"
      ],
      "failureDesc": [
        "Я приказываю ему жизнь.\n\n«...Ваша команда понята. Однако-»\n\n«Я не обнаруживаю никакого чувства цели в вашем голосе. Вы говорите, не зная, почему должна быть дана команда.»\n\n«Вы будете наказаны за отдачу бессмысленных команд.»\n\nОно забрало светящиеся вещи, которые были собраны."
      ]
    },
    {
      "id": 90104903,
      "title": "",
      "eventDesc": "",
      "prevDesc": "",
      "behaveDesc": "Кто произнесёт команду?",
      "successDesc": [
        "Я не дал ему никакой команды.\n\n«Никто не может уйти, не отдав никаких команд.»\n\nНаблюдая, как его хвост угрожающе качается, мы поспешно замахали руками и привели оправдание.\n\n«...Ваша команда понята. Теперь я понимаю, что вы имели в виду.»\n\nМогло ли что-то из сказанного нами вызвать реакцию?\n\n«Команда будет выполнена.»\n\nОно положило таинственный предмет перед уходом."
      ],
      "failureDesc": [
        "Я не дал ему никакой команды.\n\n«Никто не может уйти, не отдав никаких команд.»\n\nНаблюдая, как его хвост угрожающе качается, мы поспешно замахали руками и привели оправдание.\n\n«Вы дополнительно совершили преступление, пренебрегая командованием даже собой.»\n\n«Преступление пренебрежения этой обязанностью будет справедливо наказано.»\n\nИмпровизированное оправдание не сработало, и хвост был размахнут в нашу сторону по большой дуге."
      ]
    },
    {
      "id": 90105101,
      "title": "",
      "eventDesc": "",
      "prevDesc": "",
      "behaveDesc": "Кто положит камень?",
      "successDesc": [
        "Ты положил его с искренностью?\n\nТогда желание может сбыться."
      ],
      "failureDesc": [
        "Положить своё желание поверх бесчисленных других...\n\nРука должна была быть легче и осторожнее.\n\nОдин камень падает на землю, за ним следуют многие другие.\n\nЦена за разрушение башни не будет лёгкой."
      ]
    },
    {
      "id": 90105102,
      "title": "",
      "eventDesc": "",
      "prevDesc": "",
      "behaveDesc": "Кто разрушит каирн?",
      "successDesc": [
        "Вы видите что-то погребённое под обрушившимся каирном.\n\nМы, возможно, никогда не узнаем, почему это нужно было хоронить незаметно."
      ],
      "failureDesc": [
        "Поскольку камни обрушились за такое короткое время,\n\nВы попытались избежать их, но безуспешно, будучи придавленными их весом.\n\nТеперь вы оказались в ловушке в каменном каирне."
      ]
    },
    {
      "id": 90105601,
      "title": "",
      "eventDesc": "",
      "prevDesc": "",
      "behaveDesc": "Что вы будете делать?",
      "successDesc": [
        "Отклонив предложение, мы продолжили путь под дождём.\n\nВо время бега вы заметили что-то в своей руке.\n\nВозможно, это счастливая случайность от того, что остались вне этого зонта."
      ],
      "failureDesc": [
        "«О боже... Вас балуют...»\n\nВысокая фея бежит к нам с весёлыми движениями, всё ещё держа зонт.\n\nОна показывает скрытую руку, запятнанную кровью. Она бежала в спешке, и длинная рука протянута к нам, пытаясь схватить нас за шею."
      ]
    },
    {
      "id": 90106301,
      "title": "",
      "eventDesc": "",
      "prevDesc": "",
      "behaveDesc": "Кто будет говорить?",
      "successDesc": [
        "«Хорошо, тогда давайте продолжим фестиваль.»\n\nТайный фестиваль бушевал на поле боя, где лились пули.\n\nПонаблюдав за этим некоторое время, вы прокрались из этого места, забрав медицинские принадлежности, брошенные на землю.\n\nЗвуки пуль продолжались, пока вы не ушли."
      ],
      "failureDesc": [
        "«Хорошо, если вы собираетесь молчать...»\n\n«Тогда это должно означать, что вы помните и будете помнить дальше.»\n\n«Позвольте мне оказать вам услугу.»\n\n«Люди, которых вы любите, запомнят вас как ещё одну жертву, потерявшую голову.»\n\nЭто всё ещё поле боя;\n\nСтрелок с мастерством заряжает свои пули."
      ]
    },
    {
      "id": 90107601,
      "title": "",
      "eventDesc": "",
      "prevDesc": "",
      "behaveDesc": "Кто пойдёт?",
      "successDesc": [
        "Капельница была удалена с его тела.\n\nКогда красную линию вытащили, его тело вновь обрело силу, словно освободившись от какого-то проклятия.\n\nВозможно, линия высасывала его питание, а не поставляла его."
      ],
      "failureDesc": [
        "Капельницы были слишком запутанно переплетены, чтобы их вытащить.\n\nКопаясь в узлах, вы чувствуете укол в руке.\n\nВы смотрите вниз и обнаруживаете, что игла вонзилась в тыльную сторону вашей ладони.\n\nВы быстро вытащили её, но почему-то почувствовали головокружение."
      ]
    },
    {
      "id": 90107701,
      "title": "",
      "eventDesc": "",
      "prevDesc": "",
      "behaveDesc": "",
      "successDesc": [
        "«Это будет новейший пациент нашей больницы.»\n\n«Это маленький сад и убежище.»\n\n«Они будут в хороших отношениях с другими пациентами.»\n\n«Это не повредит; анестетиков предостаточно.»\n\nМы получили много ран по пути сюда, больших и малых.\n\nБудь то тело или разум, раны нужно лечить вовремя.\n\nЕсли позволить ей перерасти в шрам, она точно не исчезнет."
      ],
      "failureDesc": [
        "Даже самый искусный врач не может превратить каждую операцию в успех.\n\nПоэтому естественно, что неудача присутствует даже при их множестве.\n\nЧто мы можем с этим поделать?\n\nНам придётся терпеть боль и хромать обратно, как мы всегда и делали."
      ]
    },
    {
      "id": 90107801,
      "title": "",
      "eventDesc": "",
      "prevDesc": "",
      "behaveDesc": "Кто пойдёт?",
      "successDesc": [
        "Колба на спине наполняется красным.\n\nНасытившись весом крови, голова отрывается от пола и снова указывает в потолок."
      ],
      "failureDesc": [
        "Увы, было пролито больше крови, чем ожидалось.\n\nВы падаете на пол, словно сами стали молотом.\n\nНасытившись весом крови, голова отрывается от пола и снова указывает в потолок."
      ]
    },
    {
      "id": 90107901,
      "title": "",
      "eventDesc": "",
      "prevDesc": "",
      "behaveDesc": "Кто снимет это?",
      "successDesc": [
        "Пытаться легко снять это — всё равно что смахнуть пыль\n\nЯвляется оскорблением жадности, которая не рассеялась даже после того, как голова была засунута в это.\n\nНе оставалось иного выбора, кроме как наблюдать за протянутой рукой."
      ],
      "failureDesc": [
        "Мы думали, что вытащили это, но не могли двигаться вперёд.\n\nВидя, как оно до конца цепляется за полы одежды, вы лишаетесь сил, скованные ужасной цепкостью."
      ]
    },
    {
      "id": 90107902,
      "title": "",
      "eventDesc": "",
      "prevDesc": "",
      "behaveDesc": "Кто обнимет это?",
      "successDesc": [
        "Обнять — значит принять другого.\n\nПальцы, протянутые, чтобы хватать вещи, впервые сцепляются с придатками другого.\n\nМежду тихо сплетёнными придатками было тепло начинающей циркулировать крови.\n\nТак ослабевает жёсткая жадность."
      ],
      "failureDesc": [
        "Кажется, были пренебрежены основные манеры вытирания пота с руки перед тем, как протянуть её для рукопожатия.\n\nВаша рука соскользнула, и опустевшая ладонь извивается, словно ища другую левую руку для захвата.\n\nОднако она больше не пытается безрассудно хватать вещи, по-видимому, удовлетворённая попыткой."
      ]
    },
    {
      "id": 90200301,
      "title": "",
      "eventDesc": "",
      "prevDesc": "",
      "behaveDesc": "Кто поведёт нас?",
      "successDesc": [
        "Мы осторожно вошли в густой туман.\nЖуткие завывания окружают нас.\n\nУже невозможно было сказать, где перед.\nВсё, что мы могли делать, — это продолжать идти.\n\nВ какой-то момент туман рассеялся,\nи перед нами оказалась безделушка из бесконечного пепельного потока.\n\nТогда мы поняли, что шли не через туман."
      ],
      "failureDesc": [
        "Мы осторожно вошли в густой туман.\nЖуткие завывания окружают нас.\n\nУже невозможно было сказать, где перед.\nВсё, что мы могли делать, — это продолжать идти.\nЧерез некоторое время даже продвижение вперёд начало казаться ужасающим.\n\nТуман становится гуще.\nКажется, будто вы больше не сможете сбежать."
      ]
    },
    {
      "id": 90200302,
      "title": "",
      "eventDesc": "",
      "prevDesc": "",
      "behaveDesc": "Кто поведёт нас?",
      "successDesc": [
        "Вы уставились в глазные объекты.\nВаш пронзительный взгляд встретил песню\nбесконечного отчаяния и воющих глазниц.\n\nТогда вы поняли, что перед вами был не туман.\nТо, что вы приняли за его глаза и рот,\nвсё оказалось обманом теней.\n\nКогда вы поняли, что его вой был всего лишь свистом ветра,\nвсё исчезло."
      ],
      "failureDesc": [
        "Вы уставились в глазные объекты.\nОно ответило взглядом, распевая бесконечное отчаяние.\n\nКак только вам показалось, что фигура стала больше,\nнас поглотил туман."
      ]
    },
    {
      "id": 90200501,
      "title": "",
      "eventDesc": "",
      "prevDesc": "",
      "behaveDesc": "Кто это сделает?",
      "successDesc": [
        "С каждой развязанной верёвкой плач становится громче.\n\nВы чувствуете сочувствие к запертому существу.\n\nРазвязывая верёвки, вы начинаете плакать\nвместе с их плачем.\n\nОдин развязанный узел сопровождает печаль.\nОдин развязанный узел сопровождает скорбь.\n\nКогда последняя верёвка развязана,\nвы обнаруживаете, что внутри никого нет.\n\nНедоумевая, вы осматриваете внутренности\nи находите одного красного жука с драгоценным камнем."
      ],
      "failureDesc": [
        "С каждой развязанной верёвкой плач становится громче.\n\nВ гробу находится не один человек.\nНесколько людей прижимаются друг к другу, все плачут.\n\nГроб разрывается, выпуская их наружу."
      ]
    },
    {
      "id": 90200502,
      "title": "",
      "eventDesc": "",
      "prevDesc": "",
      "behaveDesc": "Давайте просто вернёмся. Кто поведёт нас?",
      "successDesc": [
        "Красные руки машут в воздухе,\nсловно умоляя не оставлять их.\n\nНо, присмотревшись ещё раз,\nкажется, что они благодарны за то, что их оставили как есть.\n\nХотя плач не прекратился,\nрыдания, кажется, стали немного тише."
      ],
      "failureDesc": [
        "Вы игнорируете леденящее ощущение и двигаетесь дальше.\n\nОднако это чувство будет сохраняться,\nдаже после некоторого времени ходьбы.\n\nВ какой-то момент вы остановились и обернулись,\nчтобы найти руку.\n\nОна была прикреплена к неестественно тощей красной руке.\n\nОна схватила свою безмолвную жертву.\nЗнакомая нота добавилась к плачу гроба."
      ]
    },
    {
      "id": 90200601,
      "title": "",
      "eventDesc": "",
      "prevDesc": "",
      "behaveDesc": "Кто даст наш ответ?",
      "successDesc": [
        "«Ты понял это?»\n\nБумага затрепетала в неверии.\n\n«Ну, если ты действительно настаиваешь, зная, что грядет…»\n\nОна сделала шаг назад, обливаясь кофе.\nТут же бумажный солдатик\nвнезапно бросился на вас.\n\n«Не стоит недооценивать прочность бумаги.»\n\nПрежде чем вы успели отреагировать на странный голос,\nсолдатик атаковал вас."
      ],
      "failureDesc": [
        "«Ты уверен, что правильно прочитал?»\n\n«С таким телом ты не можешь выполнить контракт, написанный здесь!»\n\nБумага разбрызгала кофе на пол,\nизвергая оскорбления.\n\nПрежде чем мы успели что-либо возразить,\nнас выгнали."
      ]
    },
    {
      "id": 90200602,
      "title": "",
      "eventDesc": "",
      "prevDesc": "",
      "behaveDesc": "Кто даст наш ответ?",
      "successDesc": [
        "«Ценю это. Ты облегчил работу.»\n\nБумажные солдатики поблизости\nначинают сражаться друг с другом.\n\nСпустя некоторое время тела побеждённых солдатиков разрываются,\nвзрываясь бумажными журавликами.\n\nОдин из журавликов подползает к вам.\n\n«Хорошо позаботься об этом кусочке.»\n\nУдовлетворённый лист бумаги облился кофе."
      ],
      "failureDesc": [
        "«Это твой способ отказывать кому-то?»\n\nРаздражённая, бумага скомкалась.\n\n«Есть основы правильного разговора.\nЯ не желаю говорить с тем,\nкто не может уважать эти основы.»\n\nПрежде чем мы успели что-либо возразить,\nнас выгнали."
      ]
    },
    {
      "id": 90106201,
      "title": "",
      "eventDesc": "",
      "prevDesc": "",
      "behaveDesc": "Кто его утешит?",
      "successDesc": [
        "{0} пытается утешить Аномалию, говоря, что в следующий раз всё получится.\nЯ также быстро добавляю, что главное — это воля к прохождению...\n...и даже если снова не получится, всегда найдётся другой путь.\n\n«Ты говоришь такие добрые слова незнакомцу.»\n«Верно. Я попробую снова, и на этот раз у меня получится.»\n«Но даже если нет... если я продолжу жить, я уверен, что наткнусь на другую возможность. Другой путь.»\n«Спасибо.»\n\nПорхающие бабочки танцуют вокруг нас, образуя линию бабочек, прежде чем последовать за тенью {0}."
      ],
      "failureDesc": [
        "{0} допрашивает Аномалию, предполагая, что, возможно, она просто недостаточно подготовилась к собеседованию.\nЯ также быстро попытался добавить, что главное — это воля к прохождению...\n...но Аномалия уже опустила взгляд, подавленная жестоко рациональным советом {0}.\n\n«Мне сейчас не нужен совет.»\n«Нет, на самом деле, я не думаю, что твой совет меня утешит, ни сейчас, ни позже.»\n\nУличный фонарь гаснет, и тень заполняет пространство.\nЯ больше не чувствую присутствия Аномалии."
      ]
    },
    {
      "id": 90110001,
      "title": "",
      "eventDesc": "",
      "prevDesc": "",
      "behaveDesc": "Кто пойдёт?",
      "successDesc": [
        "{0} проходит мимо глиняных кукол и встаёт перед сущностью.\n\nГрешник подбирает блок и пытается вставить его в отверстие, но форма сущности теперь слишком изменилась. Для блока нет места.\nЩёлк. Клац.\nСлабый шум постепенно становится чётче.\nЭто звук сцепляющихся, вращающихся блоков.\n{0} смотрит вверх на угрожающе усиливающийся шум.\nДиск теперь глубокого, плотного цвета ночного неба, мерцающий светом.\n\n{0} быстро отступает от этого зловещего преображения, глотая от страха."
      ],
      "failureDesc": [
        "{0} проходит мимо глиняных кукол и встаёт перед сущностью.\n\nГрешник подбирает блок и пытается вставить его в отверстие, но форма сущности теперь слишком изменилась. Для блока нет места.\nЩёлк. Клац.\nСлабый шум постепенно становится чётче.\nЭто звук сцепляющихся, вращающихся блоков.\n{0} смотрит вверх на угрожающе усиливающийся шум.\nДиск теперь глубокого, плотного цвета ночного неба, мерцающий светом.\n\n{0} быстро пытается отступить от этого зловещего преображения, глотая от страха...\nно все глиняные куклы хватают {0} тупыми, гипнотическими движениями, запирая Грешника там.\nТолько отряхнувшись от них, {0} смог отступить в безопасное место."
      ]
    },
    {
      "id": 90110101,
      "title": "",
      "eventDesc": "",
      "prevDesc": "",
      "behaveDesc": "Кто выдернет телеграфный столб?",
      "successDesc": [
        "{0} удалил самый маленький телеграфный столб.\n\nСлышно низкое, предупреждающее рычание, но на этом всё заканчивается.\n\nМожет быть, такой уровень вторжения был терпим.\n\nС облегчением мы покидаем место, всё ещё полное ударов молний."
      ],
      "failureDesc": [
        "{0} удалил самый маленький телеграфный столб.\n\nСлышно низкое, предупреждающее рычание; искра быстро взбирается по телеграфному столбу.\n\n{0} быстро отпустил телеграфный столб, но было слишком поздно.\n\n{0} возвращается с пустыми руками, поджаренный молнией."
      ]
    },
    {
      "id": 90110301,
      "title": "",
      "eventDesc": "",
      "prevDesc": "",
      "behaveDesc": "Кто снимет котёл с огня?",
      "successDesc": [
        "{0} схватил котёл и снял его с огня.\n\nИх рука была слегка обожжена, но ничего серьёзного.\n\n«Спасибо. Можешь оставить котёл себе.»\n\nПламя очага поблагодарило нас."
      ],
      "failureDesc": [
        "{0} схватил котёл и снял его с огня...\n\n...но споткнулся о выступающий камень, облив горячим рагу остальных Грешников.\n\n«О-о нет, вы в порядке? Должно быть, было очень горячо.»\n«Всё равно спасибо. Можете оставить котёл себе...»\n\nПламя очага поблагодарило нас, хотя и немного извиняясь."
      ]
    }
  ]
}