﻿{
  "dataList": [
    {
      "id": "853901_success_1_1",
      "content": "<color=#ebcaa2>Все Старые Зонты которые будут призваны следующими</color> будут призваны с уменьшением<color=#00ff9c>30% от их максимального ОЗ</color>"
    },
    {
      "id": "853901_success_1_2",
      "content": "<color=#ebcaa2>[{0}]</color> <color=#fe4b48>теряет {1} СД</color>"
    },
    {
      "id": "853901_failure_1_1",
      "content": "<color=#ebcaa2>[{0}]</color> <color=#fe4b48>теряет {1} СД</color>"
    },
    {
      "id": "854101_success_1_1",
      "content": "<color=#ebcaa2>[{0}] теряет %{2} [{1}]/%</color>"
    },
    {
      "id": "854101_success_1_2",
      "content": "<color=#ebcaa2>Все части [{0}]</color> <color=#ebcaa2>получают</color> % {2} [{1}]/%"
    },
    {
      "id": "854101_failure_1_1",
      "content": "<color=#ebcaa2>[{0}] получает %{2} [{1}]/%</color>"
    },
    {
      "id": "854101_failure_1_2",
      "content": "<color=#ebcaa2>[{0}]</color> <color=#ebcaa2>получает</color> %{2} [{1}]/%"
    },
    {
      "id": "854201_success_1_1",
      "content": "<color=#ebcaa2>[{0}]</color> <color=#00ff9c>восстанавливает {1} ОЗ</color>"
    },
    {
      "id": "854201_success_1_2",
      "content": "<color=#ebcaa2>[{0}]</color> <color=#ebcaa2>получает</color> %{2} [{1}], {4} [{3}], и {6} [{5}]/%"
    },
    {
      "id": "854201_failure_1_1",
      "content": "<color=#ebcaa2>[{0}]</color> <color=#00ff9c>восстанавливает {1} ОЗ</color>"
    },
    {
      "id": "854201_failure_1_2",
      "content": "<color=#ebcaa2>[{0}]</color> <color=#ebcaa2>получает</color> %{2} [{1}], {4} [{3}], и {6} [{5}]/%"
    },
    {
      "id": "854401_success_1_1",
      "content": "<color=#ebcaa2>[{0}]</color> <color=#ebcaa2>нанёс</color> {2} {1}"
    },
    {
      "id": "854401_success_1_2",
      "content": "[{0}] получает <color=#00ff9c>{2} {1}</color> на следующий ход"
    },
    {
      "id": "854401_failure_1_1",
      "content": "<color=#ebcaa2>Все {1} были убраны</color> с <color=#ebcaa2>[{0}]</color>"
    },
    {
      "id": "854501_success_1_1",
      "content": "<color=#ebcaa2>{0} теперь Оглушён</color>"
    },
    {
      "id": "854501_success_1_2",
      "content": "<color=#ebcaa2>[{0}] получает</color> {2} <color=#e30000>[{1}]</color>."
    },
    {
      "id": "854501_failure_1_1",
      "content": "<color=#ebcaa2>[{0}]</color> <color=#e30000>теряет {1} ОЗ.</color>"
    },
    {
      "id": "854901_success_1_1",
      "content": "<color=#ebcaa2>Фея теперь Оглушена!</color>"
    },
    {
      "id": "854901_failure_1_1",
      "content": "<color=#ebcaa2>[{0}] получает</color> <color=#e30000>{2} [{1}]</color>"
    },
    {
      "id": "854901_failure_1_2",
      "content": "<color=#ebcaa2>[{0}] получает</color> <color=#e30000>{2} [{1}]</color>"
    },
    {
      "id": "855001_success_1_1",
      "content": "<color=#ebcaa2>[{0}] получает</color> <color=#e30000>{2} [{1}]</color>"
    },
    {
      "id": "855001_success_1_2",
      "content": "<color=#ebcaa2>[{0}] получает</color> <color=#e30000>{2} [{1}]</color>"
    },
    {
      "id": "855001_failure_1_1",
      "content": "<color=#ebcaa2>[{0}] теряет</color> <color=#e30000>20% от максимального ОЗ (теряет {1} ОЗ)</color>"
    },
    {
      "id": "855501_success_1_1",
      "content": "<color=#ebcaa2>[{0}]</color> <color=#ebcaa2>теряет</color> <color=#e30000>{2} {1}</color>"
    },
    {
      "id": "855501_success_1_2",
      "content": "<color=#ebcaa2>[{0}]</color> <color=#ebcaa2>получает</color> <color=#e30000>{2} {1}</color>"
    },
    {
      "id": "855501_failure_1_1",
      "content": "<color=#ebcaa2>[{0}]</color> <color=#ebcaa2>получает</color> <color=#e30000>{2} {1}</color>"
    },
    {
      "id": "855501_failure_1_2",
      "content": "<color=#ebcaa2>Грешник [{0}]</color> <color=#ebcaa2>получает</color> <color=#e30000>{2} {1}</color>"
    },
    {
      "id": "855601_1_1",
      "content": "Все наносят {0}% урона"
    },
    {
      "id": "855601_1_2",
      "content": "Все получают {0}% урона"
    },
    {
      "id": "85560101_success_1_1",
      "content": "Все <color=#00ff9c>наносят {1}% урона</color> с [{0}] типом Греха"
    },
    {
      "id": "85560101_success_1_2",
      "content": "Все <color=#e30000>получают {1}% урона</color> от [{0}] типа Греха"
    }
  ]
}