﻿{
  "dataList": [
    {
      "id": 10801,
      "name": "막힌길_뚫기",
      "subDesc": "",
      "desc": "Ветхая стена преграждает нам путь.\nНа ней есть устройство с надписью «Заберите свои входные карты здесь». Рядом с ним что-то вроде циферблата.\n\n«Похоже, они так просто нас не пропустят».\n«Кто-нибудь особенно хорошо разбирается в этих устройствах? Я, кажется, не могу понять...»",
      "options": [
        {
          "message": "Взаимодействовать с устройством.",
          "messageDesc": "",
          "result": [
            ""
          ]
        }
      ]
    },
    {
      "id": 10802,
      "name": "부적_떼기",
      "subDesc": "",
      "desc": "К стене приклеено несколько талисманов.\n\nЯ чувствую, как ветер дует сквозь едва заметные трещины в стене.\n\n«Кажется, с другой стороны что-то есть».\n\nМожет быть, здесь есть скрытый проход?\n\nГрешники на мгновение осматривают комнату и находят стену с броско расположенными талисманами разных цветов.\n\n«Ооо~ Это, должно быть, цвета, соответствующие каждой из сторон света~»\n«Похоже, нам придётся срывать эти талисманы в правильном порядке».\n\nПопробуем сорвать талисманы?",
      "options": [
        {
          "message": "Давайте попробуем сорвать талисман.",
          "messageDesc": "",
          "result": [
            ""
          ]
        }
      ]
    },
    {
      "id": 1080201,
      "name": "부적_떼기_북",
      "subDesc": "",
      "desc": "На синем талисмане на Западе что-то написано.\n\nПохоже, это указывает на то, что этот талисман нужно снять первым.\n\nКогда я снимаю талисман, стены начинают дрожать.\n\nКакой снять следующим?",
      "options": [
        {
          "message": "Центр",
          "messageDesc": "",
          "result": [
            "Стены перестают дрожать, но что-то не так.\n\nИ как по команде, из динамиков раздаётся громкий голос ведущего.\n\n«Участников, проваливших головоломку, следует наказать, не так ли?»\n\nРаздался стук деревянных предметов...\nИ несколько дверей распахиваются, из них выбегают деревянные манекены."
          ]
        },
        {
          "message": "Восток",
          "messageDesc": "",
          "result": [
            "Стены перестают дрожать, но что-то не так.\n\nИ как по команде, из динамиков раздаётся громкий голос ведущего.\n\n«Участников, проваливших головоломку, следует наказать, не так ли?»\n\nРаздался стук деревянных предметов...\nИ несколько дверей распахиваются, из них выбегают деревянные манекены."
          ]
        },
        {
          "message": "Юг",
          "messageDesc": "",
          "result": [
            "Стены перестают дрожать, но что-то не так.\n\nИ как по команде, из динамиков раздаётся громкий голос ведущего.\n\n«Участников, проваливших головоломку, следует наказать, не так ли?»\n\nРаздался стук деревянных предметов...\nИ несколько дверей распахиваются, из них выбегают деревянные манекены."
          ]
        },
        {
          "message": "Север",
          "messageDesc": "",
          "result": [
            ""
          ]
        }
      ]
    },
    {
      "id": 1080202,
      "name": "부적_떼기_중앙",
      "subDesc": "",
      "desc": "Я снимаю красный талисман на Севере.\n\nСтены теперь дрожат с большей силой.\n\nКакой нам сорвать следующим?",
      "options": [
        {
          "message": "Центр",
          "messageDesc": "",
          "result": [
            ""
          ]
        },
        {
          "message": "Восток",
          "messageDesc": "",
          "result": [
            "Стены перестают дрожать, но что-то не так.\n\nИ как по команде, из динамиков раздаётся громкий голос ведущего.\n\n«Участников, проваливших головоломку, следует наказать, не так ли?»\n\nРаздался стук деревянных предметов...\nИ несколько дверей распахиваются, из них выбегают деревянные манекены."
          ]
        },
        {
          "message": "Юг",
          "messageDesc": "",
          "result": [
            "Стены перестают дрожать, но что-то не так.\n\nИ как по команде, из динамиков раздаётся громкий голос ведущего.\n\n«Участников, проваливших головоломку, следует наказать, не так ли?»\n\nРаздался стук деревянных предметов...\nИ несколько дверей распахиваются, из них выбегают деревянные манекены."
          ]
        }
      ]
    },
    {
      "id": 1080203,
      "name": "부적_떼기_서",
      "subDesc": "",
      "desc": "Я снимаю жёлтый талисман в центре.\n\nСтены теперь дрожат с большей силой.\n\nКакой нам сорвать следующим?",
      "options": [
        {
          "message": "Восток",
          "messageDesc": "",
          "result": [
            ""
          ]
        },
        {
          "message": "Юг",
          "messageDesc": "",
          "result": [
            "Стены перестают дрожать, но что-то не так.\n\nИ как по команде, из динамиков раздаётся громкий голос ведущего.\n\n«Участников, проваливших головоломку, следует наказать, не так ли?»\n\nРаздался стук деревянных предметов...\nИ несколько дверей распахиваются, из них выбегают деревянные манекены."
          ]
        }
      ]
    },
    {
      "id": 1080204,
      "name": "부적_떼기_끝",
      "subDesc": "",
      "desc": "Я снимаю белый талисман на Востоке.\n\nСтены дрожат так, будто вот-вот рухнут.\n\nОсталось сорвать всего один талисман.",
      "options": [
        {
          "message": "Юг",
          "messageDesc": "",
          "result": [
            "Стена рушится, открывая новый путь вперёд.\n\nСреди обломков я нахожу несколько сверкающих монет."
          ]
        }
      ]
    },
    {
      "id": 10803,
      "name": "붉은_출입증_획득_전투",
      "subDesc": "",
      "desc": "Кхм. Вы, должно быть, Цзя Баоюй... и его клан, верно?\n\n«Я, э-э... отделился от своей фракции, когда стены внезапно выросли из-под земли».\n\n«Некоторые всё ещё со мной, но я не думаю, что так далеко продвинусь...»\n\n«Можете помочь мне найти, где остальная часть моей фракции?»\n\n«Эй, если поможете мне сегодня, я присмотрю за вами, когда стану Главой Семьи».\n\n«Да ладно, чувак. Помоги мне!»",
      "options": [
        {
          "message": "Передать входную карту.\n<size=75%><color=#a16a3b>Выбор открывается при наличии 'Потрёпанной входной карты'</color></size>",
          "messageDesc": "Получить артефакт",
          "result": [
            "Этот парень довольно назойлив...\n\nНо у нас нет причин затевать с ним драку, когда мы не знаем, сколько боёв нам предстоит. Не похоже, чтобы он был агрессивен.\n\nВместо того чтобы начинать драку, я передаю ему использованную входную карту.\n\n«Мы тоже подобрали что-то подобное, но... оказалось, что это довольно бесполезная штука».\n\n«Надеюсь, эта будет получше. Что ж... Думаю, я обменяю твою карту на мою. Выбросишь её или сохранишь — решать тебе».\n\n«О, ещё... я подобрал этот странный Болюс у другого кандидата. Мне он показался немного подозрительным, так что... думаю, я позволю тебе разобраться с ним».\n\n«Ну, вот и всё. Эй, в следующий раз, когда мы встретимся, я не буду так снисходителен, так что береги себя»."
          ]
        },
        {
          "message": "Устранить его и забрать его монеты.",
          "messageDesc": "Начать боевое столкновение. Победите, чтобы получить монеты.",
          "result": [
            "Как раз когда я собирался объяснить Грешникам, что нам не обязательно драться...\n\n... В смысле, обязательно ли нам ему помогать?\n\nПоэтому вместо этого я предлагаю Грешникам, что нам, вероятно, следует просто избить его и забрать его монеты. Большинство Грешников согласно кивают.\n\n«К-какого чёрта? Серьёзно? Ты собираешься драться со мной? Ты хоть представляешь, кто я такой? Я из выдающейся семьи Ши...»\n\nГрешники начинают избивать его, прежде чем разговор затянулся дольше необходимого."
          ]
        }
      ]
    },
    {
      "id": 10804,
      "name": "죄수_꽃뜯기",
      "subDesc": "",
      "desc": "<i>Один произносит пустую жалобу,\nДругой томится в пустом желании.\nОдин — луна на водной глади, отражение,\nА другой — образ цветка в зеркале.</i>\n\nНа телах заключённых расцвели цветы.\nЯ не вижу никакого движения... похоже, они все мертвы.\n\n«Эти цветы обладают... усиливающими свойствами Корпорации H».\n«Скорее всего, они дадут некоторое преимущество в предстоящих битвах».\n\nКакой цветок нам сорвать?",
      "options": [
        {
          "message": "Лотос",
          "messageDesc": "Выберите, чтобы получить артефакт",
          "result": [
            "Мы срываем цветок лотоса.\nЦветок превращается в маленький Болюс,\nа другие цветы расцветают в зеркале.\n\nПусть заключённые покоятся с миром...\nМы движемся дальше, отдав дань уважения мёртвым."
          ]
        },
        {
          "message": "Красная паучья лилия",
          "messageDesc": "Выберите, чтобы получить артефакт",
          "result": [
            "Мы срываем красную паучью лилию.\nЦветок превращается в маленький Болюс,\nа другие цветы расцветают в зеркале.\n\nПусть заключённые покоятся с миром...\nМы движемся дальше, отдав дань уважения мёртвым."
          ]
        },
        {
          "message": "Безымянная трава",
          "messageDesc": "Выберите, чтобы получить артефакт",
          "result": [
            "Мы срываем безымянную траву.\nТрава превращается в маленький Болюс,\nа другие цветы расцветают в зеркале.\n\nПусть заключённые покоятся с миром...\nМы движемся дальше, отдав дань уважения мёртвым."
          ]
        }
      ]
    },
    {
      "id": 10805,
      "name": "환_도박",
      "subDesc": "",
      "desc": "Мы входим в новую комнату и видим связанного заключённого рядом с Болюсом на столе.\nТам мы видим кандидата, стоящего так, будто он ждал чьего-то прихода.\n\n«Ах, теперь у нас достаточно людей, чтобы начать эту особую игру!»\n\n«Пожалуйста, обратите внимание на Болюс на столе! Внимательно его рассмотрите!»\n\n«Это Болюс, находящийся в разработке здесь, в Корпорации H; он ещё не продаётся для массового использования».\n\n«По-видимому, он может помочь восстановить вашу жизненную силу после приёма, но... давайте посмотрим, насколько это правда, не так ли?»\n\n«Как вы думаете, это действительно успешный новый продукт, или... это провал?»\n\n«Сейчас самое время сделать ставки вашими монетами! Угадайте — успех это или провал?»\n\n«Кандидат, который правильно ответит на этот вопрос, получает все поставленные монеты!»",
      "options": [
        {
          "message": "Это успех.",
          "messageDesc": "",
          "result": [
            ""
          ]
        },
        {
          "message": "Это провал.",
          "messageDesc": "",
          "result": [
            ""
          ]
        }
      ]
    },
    {
      "id": 1080501,
      "name": "환_도박_코인_성공",
      "subDesc": "",
      "desc": "Другой кандидат ставит на «провал».\n\nСколько монет мы должны поставить?",
      "options": [
        {
          "message": "1 монета.\n<size=75%><color=#a16a3b>Выбор открывается при наличии 1 или более монет</color></size>",
          "messageDesc": "Выиграйте ставку, чтобы получить несколько монет\nПроиграйте ставку и лишитесь поставленных монет",
          "result": [
            "Мы ставим монету, и другой кандидат тоже ставит монету.\n\n«Ладно, тогда давайте посмотрим, что произойдёт!»\n\nОсуждённый проглатывает Болюс, но выглядит умиротворённым.\nМы ждём ещё немного, и цветок, растущий из заключённого, становится ярче.\n\n«Как чудесно! Похоже, Болюс оказался успешным!»\n«Кандидат, поставивший на успех, получает монеты...»\n«... в то время как кандидат, поставивший на провал, должен отдать свои монеты!»",
            "Мы ставим монету, и другой кандидат тоже ставит монету.\n\n«Ладно, тогда давайте посмотрим, что произойдёт!»\n\nЗаключённый проглатывает Болюс и тут же начинает кричать от боли.\nОн падает на пол без сознания после минуты диких метаний.\n\n«О, какая жалость. Это был провал».\n«Кандидат, поставивший на провал, получает монеты...»\n«... в то время как кандидат, поставивший на успех, должен отдать свои монеты!»"
          ]
        },
        {
          "message": "2 монеты.\n<size=75%><color=#a16a3b>Выбор открывается при наличии 2 или более монет</color></size>",
          "messageDesc": "Выиграйте ставку, чтобы получить умеренное количество монет\nПроиграйте ставку и лишитесь поставленных монет",
          "result": [
            "Мы ставим две монеты, и другой кандидат тоже ставит две монеты.\n\n«Ладно, тогда давайте посмотрим, что произойдёт!»\n\nЗаключённый проглатывает Болюс, но выглядит умиротворённым.\nМы ждём ещё немного, и цветок, растущий из осуждённого, становится ярче.\n\n«Как чудесно! Похоже, Болюс оказался успешным!»\n«Кандидат, поставивший на успех, получает монеты...»\n«... в то время как кандидат, поставивший на провал, должен отдать свои монеты!»",
            "Мы ставим две монеты, и другой кандидат тоже ставит две монеты.\n\n«Ладно, тогда давайте посмотрим, что произойдёт!»\n\nЗаключённый проглатывает Болюс и тут же начинает кричать от боли.\nОн падает на пол без сознания после минуты диких метаний.\n\n«О, какая жалость. Это был провал».\n«Кандидат, поставивший на провал, получает монеты...»\n«... в то время как кандидат, поставивший на успех, должен отдать свои монеты!»"
          ]
        },
        {
          "message": "3 монеты.\n<size=75%><color=#a16a3b>Выбор открывается при наличии 3 или более монет</color></size>",
          "messageDesc": "Выиграйте ставку, чтобы получить большую пачку монет\nПроиграйте ставку и лишитесь поставленных монет",
          "result": [
            "Мы ставим три монеты, и другой кандидат тоже ставит три монеты.\n\n«Ладно, тогда давайте посмотрим, что произойдёт!»\n\nЗаключённый проглатывает Болюс, но выглядит умиротворённым.\nМы ждём ещё немного, и цветок, растущий из осуждённого, становится ярче.\n\n«Как чудесно! Похоже, Болюс оказался успешным!»\n«Кандидат, поставивший на успех, получит монеты!»\n«А также, вот бонусная монета за вашу смелость!»\n«Кандидат, поставивший на провал, пожалуйста, отдайте свои монеты!»",
            "Мы ставим три монеты, и другой кандидат тоже ставит три монеты.\n\n«Ладно, тогда давайте посмотрим, что произойдёт!»\n\nЗаключённый проглатывает Болюс и тут же начинает кричать от боли.\nОн падает на пол без сознания после минуты диких метаний.\n\n«О, какая жалость. Это был провал».\n«Кандидат, поставивший на провал, получит монеты!»\n«А также, вот бонусная монета за вашу смелость!»\n«Кандидат, поставивший на успех, пожалуйста, отдайте свои монеты!»"
          ]
        },
        {
          "message": "Азартные игры не стоят риска. Давайте отступим.",
          "messageDesc": "",
          "result": [
            "«О нет... Неужели эта маленькая авантюра слишком вас напугала?»\n\n«Может быть, вам будет немного сложно ориентироваться в этой игре дальше, с таким-то трусливым сердцем!»\n\nАзартные игры всегда сопряжены с риском.\nМы покидаем комнату, оставляя заключённого и другого кандидата позади."
          ]
        }
      ]
    },
    {
      "id": 1080502,
      "name": "환_도박_코인_실패",
      "subDesc": "",
      "desc": "Другой кандидат ставит на «успех».\n\nСколько монет мы должны поставить?",
      "options": [
        {
          "message": "1 монета.\n<size=75%><color=#a16a3b>Выбор открывается при наличии 1 или более монет</color></size>",
          "messageDesc": "Выиграйте ставку, чтобы получить несколько монет\nПроиграйте ставку и лишитесь поставленных монет",
          "result": [
            "Мы ставим монету, и другой кандидат тоже ставит монету.\n\n«Ладно, тогда давайте посмотрим, что произойдёт!»\n\nЗаключённый проглатывает Болюс и тут же начинает кричать от боли.\nОн падает на пол без сознания после минуты диких метаний.\n\n«О, какая жалость. Это был провал».\n«Кандидат, поставивший на провал, получает монеты...»\n«... в то время как кандидат, поставивший на успех, должен отдать свои монеты!»",
            "Мы ставим монету, и другой кандидат тоже ставит монету.\n\n«Ладно, тогда давайте посмотрим, что произойдёт!»\n\nЗаключённый проглатывает Болюс, но выглядит умиротворённым.\nМы ждём ещё немного, и цветок, растущий из осуждённого, становится ярче.\n\n«Как чудесно! Похоже, Болюс оказался успешным!»\n«Кандидат, поставивший на его успех, получает монеты...»\n«... в то время как кандидат, поставивший на провал, должен отдать свои монеты!»"
          ]
        },
        {
          "message": "2 монеты.\n<size=75%><color=#a16a3b>Выбор открывается при наличии 2 или более монет</color></size>",
          "messageDesc": "Выиграйте ставку, чтобы получить умеренное количество монет\nПроиграйте ставку и лишитесь поставленных монет",
          "result": [
            "Мы ставим две монеты, и другой кандидат тоже ставит две монеты.\n\n«Ладно, тогда давайте посмотрим, что произойдёт!»\n\nЗаключённый проглатывает Болюс и тут же начинает кричать от боли.\nОн падает на пол без сознания после минуты диких метаний.\n\n«О, какая жалость. Это был провал».\n«Кандидат, поставивший на провал, получает монеты...»\n«... в то время как кандидат, поставивший на успех, должен отдать свои монеты!»",
            "Мы ставим две монеты, и другой кандидат тоже ставит две монеты.\n\n«Ладно, тогда давайте посмотрим, что произойдёт!»\n\nЗаключённый проглатывает Болюс, но выглядит умиротворённым.\nМы ждём ещё немного, и цветок, растущий из осуждённого, становится ярче.\n\n«Как чудесно! Похоже, Болюс оказался успешным!»\n«Кандидат, поставивший на его успех, получает монеты...»\n«... в то время как кандидат, поставивший на провал, должен отдать свои монеты!»"
          ]
        },
        {
          "message": "3 монеты.\n<size=75%><color=#a16a3b>Выбор открывается при наличии 3 или более монет</color></size>",
          "messageDesc": "Выиграйте ставку, чтобы получить большую пачку монет\nПроиграйте ставку и лишитесь поставленных монет",
          "result": [
            "Мы ставим три монеты, и другой кандидат тоже ставит три монеты.\n\n«Ладно, тогда давайте посмотрим, что произойдёт!»\n\nЗаключённый проглатывает Болюс и тут же начинает кричать от боли.\nОн падает на пол без сознания после минуты диких метаний.\n\n«О, какая жалость. Это был провал».\n«Кандидат, поставивший на провал, получит монеты!»\n«А также, вот бонусная монета за вашу смелость!»\n«Кандидат, поставивший на успех, пожалуйста, отдайте свои монеты!»",
            "Мы ставим три монеты, и другой кандидат тоже ставит три монеты.\n\n«Ладно, тогда давайте посмотрим, что произойдёт!»\n\nЗаключённый проглатывает Болюс, но выглядит умиротворённым.\nМы ждём ещё немного, и цветок, растущий из осуждённого, становится ярче.\n\n«Как чудесно! Похоже, Болюс оказался успешным!»\n«Кандидат, поставивший на его успех, получит монеты!»\n«А также, вот бонусная монета за вашу смелость!»\n«Кандидат, поставивший на провал, пожалуйста, отдайте свои монеты!»"
          ]
        },
        {
          "message": "Азартные игры не стоят риска. Давайте отступим.",
          "messageDesc": "",
          "result": [
            "«О нет... Неужели эта маленькая авантюра слишком вас напугала?»\n\n«Может быть, вам будет немного сложно ориентироваться в этой игре дальше, с таким-то трусливым сердцем!»\n\nАзартные игры всегда сопряжены с риском.\nМы покидаем комнату, оставляя заключённого и другого кандидата позади."
          ]
        }
      ]
    },
    {
      "id": 10806,
      "name": "낭떠러지_도전",
      "subDesc": "",
      "desc": "<i>Ни мудрость, ни добродетель не могут изменить прошлое и будущее,\nа человеческие связи и судьба делают из соседей чужаков.</i>\n\n«Добро пожаловать, кандидаты! Поздравляю с тем, что вы добрались до подвала!»\n\n«Знали ли вы, что здесь, внизу, гораздо больше возможностей собрать те монеты, которые вы все так хотите?»\n\n«На самом деле, возможностей так много, что... одна из них прямо у вас под ногами, в той дыре!»\n\n«Кто осмелится совершить тёмный спуск, чтобы забрать монеты?!»\n\nДыра ведёт в кромешную тьму руин здания. Нам не нужно спускаться туда, чтобы понять, что это, вероятно, довольно рискованное путешествие.\n\nНам нужны монеты, но... это может оказаться слишком большим риском. Что, если мы получим травму или, что ещё хуже, погибнем?\n\nЧто нам делать?",
      "options": [
        {
          "message": "Прыгнуть.",
          "messageDesc": "Пройти проверку Похоти, Чревоугодия и Зависти. Успех принесёт монеты.",
          "result": [
            ""
          ]
        },
        {
          "message": "Не прыгать.",
          "messageDesc": "",
          "result": [
            "Сбор монет важен, но я не хочу потенциально рисковать жизнями Грешников впустую так рано в игре. Слишком много переменных.\nМы решаем двигаться дальше, не спускаясь в дыру."
          ]
        }
      ]
    },
    {
      "id": 10807,
      "name": "죄인_고문",
      "subDesc": "",
      "desc": "Мы входим в комнату и находим привязанного к стене осуждённого из Хунъюаня.\nПеред ним несколько орудий наказания, таких как плети и дубинки.\n\n«Человек, сидящий перед вами, — заключённый Корпорации H. Он осуждённый, совершивший тяжкое преступление».\n«Накажите осуждённого, кандидаты, и вы будете вознаграждены монетами!»\n\nЧто нам делать?",
      "options": [
        {
          "message": "Наказать осуждённого.",
          "messageDesc": "Пройти проверку Чревоугодия и Гордыни. Успех принесёт монеты.",
          "result": [
            ""
          ]
        },
        {
          "message": "Мы не будем их наказывать. Отказаться играть по их правилам.",
          "messageDesc": "Начать боевое столкновение. Победите, чтобы получить монеты.",
          "result": [
            "Заключённый, похоже, уже испытывает сильную боль, побочный эффект какого-то эксперимента.\nКонечно, он должен быть одним из осуждённых, но... я не думаю, что у нас есть причина или право наказывать его...\nПосле короткого обсуждения с Грешниками я решаю вместо этого прекратить его страдания."
          ]
        }
      ]
    },
    {
      "id": 10808,
      "name": "항아리_보기_뽀개기",
      "subDesc": "",
      "desc": "Мы входим в новую комнату, в центре которой находится коллекция кувшинов.\nИнтересно, это кувшины Сюэ Паня, которые он не успел использовать?\n\nЯ замечаю, что один из кувшинов треснул.\nИзнутри доносится какой-то звук...\n\nМожет быть, там кто-то заперт, но...\n... я не знаю, хорошая ли это идея — возиться с ними.\n\nЧто нам делать?",
      "options": [
        {
          "message": "Заглянуть в кувшин.",
          "messageDesc": "Пройти проверку Уныния. Успех принесёт артефакт.",
          "result": [
            ""
          ]
        },
        {
          "message": "Разрушить кувшин.",
          "messageDesc": "Начать боевое столкновение. Победите, чтобы получить монеты.",
          "result": [
            "Открывая и заглядывая в эти подозрительные кувшины, мы подвергнемся неоправданному риску.\nЕсли оставить их здесь, они будут представлять опасность не только для нас, но... и для всех, кто с ними соприкоснётся.\n\nПосле некоторых размышлений мы решаем разбить все кувшины в этой комнате."
          ]
        }
      ]
    },
    {
      "id": 10809,
      "name": "타임어택_인형_전투",
      "subDesc": "",
      "desc": "<i>Обида — это мстительный цикл бесконечной тяжести,\nкаждая встреча и воссоединение — неизменная судьба;\nтаким образом, карма прошлой жизни измеряет их земное пребывание перед последним полётом.</i>\n\n<i>Богатство на закате жизни — редчайшая удача;\nте, кто это понимают, покидают свой дом ради храмов,\nа те, кто соблазняются им, наполняют своё время пустым воздухом.</i>\n\n<i>Птицы, набив животы кормом, улетают в лес;\nполе белого снега остаётся нетронутым, ни один след не портит его безупречности.</i>\n\n«Я вижу кандидата, который только что потерял кучу монет!»\n«Кто-то из зрителей желает предоставить возможность отыграться!»\n«Что ж, похоже... нам придётся отправить вам несколько деревянных манекенов, чтобы вы вернули потерянные монеты!»",
      "options": [
        {
          "message": "Принять бой.",
          "messageDesc": "Начать боевое столкновение. Победите, чтобы получить монеты.",
          "result": [
            "Нам нужно вернуть потерянные монеты. Давайте бросим вызов деревянным манекенам.\nМы с Грешниками согласны."
          ]
        },
        {
          "message": "Не принимать бой.",
          "messageDesc": "",
          "result": [
            "В данный момент нам больше нужен отдых, чем монеты."
          ]
        }
      ]
    },
    {
      "id": 10810,
      "name": "공포_견디기_내기",
      "subDesc": "",
      "desc": "<i>Ручьи багровеют от опавших лепестков,\nи невыразимая печаль становится обширной, бесчисленной системой корней;\nтаким образом, неразрешённая обида винит лишь весенний ветерок.</i>\n\nВ комнате стоят два больших кувшина, а над ними свисают два загадочных устройства.\nГолос ведущего гремит из динамиков, как только мы приближаемся к кувшинам.\n\n«Ещё один шанс заработать немного монет!»\n«Условия просты: оставайтесь как можно дольше внутри этих кувшинов».\n«Попробуйте отправить туда члена клана, которого не так-то просто вывести из себя, и забирайте свои монеты! Легко, правда?»",
      "options": [
        {
          "message": "Выбрать Грешника.",
          "messageDesc": "",
          "result": [
            ""
          ]
        }
      ]
    },
    {
      "id": 10811,
      "name": "붉은_출입증_사용",
      "subDesc": "",
      "desc": "<i>Весенний сон развеивается, как облака на ветру,\nи падающие лепестки уплывают по течению;\nтаким образом, каждому сыну и дочери мы задаём этот вопрос:\nзачем искать и скитаться ради столь тщетного страдания?</i>\n\nВ этой комнате есть ещё один кандидат.\nВ тот момент, когда мы переступаем порог, дверь за нами захлопывается, и голос ведущего снова гремит из динамиков.\n\n«Победите противостоящего кандидата, и вам будет предоставлена возможность найти новый путь с <i>ещё лучшими</i> возможностями!»\n\n«Но... мы же не хотим, чтобы этот бой был слишком скучным, правда? Давайте добавим немного переменных».\n\nС тяжёлым стуком из-под земли начинают сочиться подозрительные клубы дыма. Грешники, вдохнувшие его, начинают сильно кашлять.\n... Это не может быть хорошо.",
      "options": [
        {
          "message": "Принять бой.",
          "messageDesc": "Начать боевое столкновение. Победите, чтобы получить монеты и открыть новый путь на карте.",
          "result": [
            "Давайте быстро победим врагов, пока Грешники не получили слишком много урона."
          ]
        },
        {
          "message": "Использовать входную карту, чтобы открыть дверь и уйти.\n<size=75%><color=#a16a3b>Выбор открывается при наличии 'Красной входной карты'</color></size>",
          "messageDesc": "На карте открывается новый путь",
          "result": [
            "Сейчас не лучшее время для сражения с другим кандидатом.\n\nПока мы размышляли, есть ли какой-нибудь выход, мы замечаем запирающий механизм с кард-ридером.\nЭй, может быть, мы сможем использовать входную карту, которую нам дал встреченный ранее кандидат.\nЯ прикладываю карту к ридеру, на всякий случай.\n\n<i>Вход разрешён.</i>\n\nДверь отпирается со звуковым сигналом.\nМы выскальзываем из комнаты, как только дверь открывается...\n... и уходим, прежде чем другой кандидат заметит."
          ]
        }
      ]
    },
    {
      "id": 10812,
      "name": "가문_기물_획득",
      "subDesc": "",
      "desc": "«Что ж, каким бы способом вы ни попали в эту комнату... примите поздравления!»\n«В награду за нахождение этой секретной комнаты... не стесняйтесь взять полезный артефакт! Только один, правда».\n«Также... некоторые из этих артефактов могут быть недоступны тем, у кого недостаточно монет!»\n«Пожалуйста, выбирайте внимательно. Это драгоценные артефакты великих домов».\n\nКакой нам выбрать?",
      "options": [
        {
          "message": "Артефакт Семьи Ши",
          "messageDesc": "",
          "result": [
            "Я открываю крайний левый ящик.\nВ нём топор, такой же, каким пользуются члены семьи Ши.\n\nЕсли я правильно помню, этот топор должен уметь заряжаться, чтобы создавать мощные волновые эффекты...\nЭто будет полезно для Грешников.\n\nМы забираем артефакт и покидаем комнату.",
            "Я открываю крайний левый ящик.\nВ нём топор, такой же, каким пользуются члены семьи Ши.\n\nЕсли я правильно помню, этот топор должен уметь заряжаться, чтобы создавать мощные волновые эффекты...\nЭто будет полезно для Грешников.\n\nМы забираем артефакт и покидаем комнату."
          ]
        },
        {
          "message": "Артефакт Семьи Ван\n<size=75%><color=#a16a3b>Выбор открывается при наличии 10 или более монет</color></size>",
          "messageDesc": "",
          "result": [
            "Я открываю второй ящик слева.\nВ нём талисман, такой же, каким пользуются члены семьи Ван.\n\nКаждый из этих талисманов, казалось, обладал особой силой... они должны очень пригодиться.\nЭто будет полезно для Грешников.\n\nМы забираем артефакт и покидаем комнату.",
            "Я открываю второй ящик слева.\nВ нём талисман, такой же, каким пользуются члены семьи Ван.\n\nКаждый из этих талисманов, казалось, обладал особой силой... они должны очень пригодиться.\nЭто будет полезно для Грешников.\n\nМы забираем артефакт и покидаем комнату."
          ]
        },
        {
          "message": "Артефакт Семьи Сюэ\n<size=75%><color=#a16a3b>Выбор открывается при наличии 20 или более монет</color></size>",
          "messageDesc": "",
          "result": [
            "Я открываю второй ящик справа.\nВ нём подао, такой же, каким пользуются бродячие воины семьи Сюэ.\n\nЭтот меч был огромным, но... они размахивали им так, будто он весил не больше пёрышка.\nЭто будет полезно для Грешников.\n\nМы забираем артефакт и покидаем комнату.",
            "Я открываю второй ящик справа.\nВ нём подао, такой же, каким пользуются бродячие воины семьи Сюэ.\n\nЭтот меч был огромным, но... они размахивали им так, будто он весил не больше пёрышка.\nЭто будет полезно для Грешников.\n\nМы забираем артефакт и покидаем комнату."
          ]
        },
        {
          "message": "Артефакт Семьи Цзя\n<size=75%><color=#a16a3b>Выбор открывается при наличии 25 или более монет</color></size>",
          "messageDesc": "",
          "result": [
            "Я открываю крайний правый ящик.\nВ нём Болюс благоприятного цвета от семьи Цзя.\n\nОн должен обладать впечатляющими свойствами, учитывая, что это одна из Сингулярностей Корпорации H.\nЭто будет полезно для Грешников.\n\nМы забираем артефакт и покидаем комнату.",
            "Я открываю крайний правый ящик.\nВ нём Болюс благоприятного цвета от семьи Цзя.\n\nОн должен обладать впечатляющими свойствами, учитывая, что это одна из Сингулярностей Корпорации H.\nЭто будет полезно для Грешников.\n\nМы забираем артефакт и покидаем комнату."
          ]
        }
      ]
    },
    {
      "id": 10813,
      "name": "막바지_보너스",
      "subDesc": "",
      "desc": "<i>Счастье и смех — всего лишь иллюзии.\nПечаль и горе — тоже иллюзии.\nАлчность, томление и страстное желание — лишь проявления пустоты.</i>\n\nМы сталкиваемся с кланом другого кандидата в узком коридоре.\n\n«Можете смело драться, но... по обоюдному согласию кандидатов...»\n«Думаю, мы можем превратить эту битву в более интересную игру».\n«Впрочем, это зависит от вас обоих!»",
      "options": [
        {
          "message": "Сразиться с ними.",
          "messageDesc": "Начать боевое столкновение. Победите, чтобы получить монеты.",
          "result": [
            "Нет нужды рисковать, когда у нас, скорее всего, и так преимущество.\nМы решаем сразиться с ними, как всегда."
          ]
        },
        {
          "message": "Сделать ставку.\n<size=75%><color=#a16a3b>Выбор открывается при наличии 5 или более монеты(монет)</color></size>",
          "messageDesc": "Пройти проверку Похоти и Чревоугодия. Успех принесёт монеты, провал — потерю монет.",
          "result": [
            ""
          ]
        }
      ]
    },
    {
      "id": 1081302,
      "name": "막바지_보너스_내기_패배",
      "subDesc": "",
      "desc": "В смысле, мы <i>обязаны</i> отдавать наши монеты?\nПочему бы нам просто не избить их и не забрать наши монеты обратно?\nНа самом деле... эй, ничто не мешает нам избить их и забрать <i>их</i> монеты тоже!\n\nВопрос в том... стоит ли?",
      "options": [
        {
          "message": "Сразиться с ними.",
          "messageDesc": "- Начать боевое столкновение. Победите, чтобы получить монеты.",
          "result": [
            "«Ещё один день, ещё одно превосходное проявление весьма проницательного суждения, Исполнительный Менеджер!»\n«Хнык... Сэр Менеджер... зачем ты творишь такое злодеяние...?»\n\nГрешники комментируют моё решение, прежде чем броситься на противостоящего кандидата."
          ]
        },
        {
          "message": "Отступить.",
          "messageDesc": "",
          "result": [
            "Они выиграли игру честно и справедливо. Давайте с достоинством примем наше поражение и двинемся дальше.\n\nМы оставляем монеты и уходим, хотя и неохотно."
          ]
        }
      ]
    }
  ]
}