﻿{
  "dataList": [
    {
      "id": 837901,
      "name": "Событие выбора страдающего мишки",
      "subDesc": "НЕИСПОЛЬЗУЕМЫЙ ТЕКСТ",
      "desc": "Плюшевый мишка смотрит на нас с грустным выражением. Несколько острых гвоздей пронзают его тело.",
      "options": [
        {
          "message": "Обнять плюшевого мишку.",
          "result": [
            ""
          ]
        },
        {
          "message": "Отвернуться.",
          "result": [
            "Возможно, гвозди выглядели слишком угрожающе.\n\nНикто не хотел приближаться к плюшевому мишке.\n\nОн опускает плечи, явно расстроенный.\n\nОчевидно, что большинство Грешников сожалеют об этом решении."
          ]
        }
      ]
    },
    {
      "id": 10701,
      "name": "",
      "subDesc": "",
      "desc": "Мы подошли к выцветшему указателю в этом искаженном пространстве.\n\n<i>Добро пожаловать в Ла-Манчалэнд.</i>\n\nПод этим логотипом написаны два типа билетов и их цены.\n\nПохоже, нам придется купить билет, чтобы войти...\n\nКакой билет нам стоит купить?",
      "options": [
        {
          "message": "Купить билет на весь день",
          "messageDesc": "Все союзники теряют ОЗ. Получает ЭГО Дар.",
          "result": [
            "Каждый Грешник заплатил за свой билет на весь день своей кровью.\n\nНекоторые из них были недовольны этим решением, но все согласились на билеты на весь день.\n\nМы должны иметь возможность посетить все аттракционы, пока у нас есть этот билет."
          ]
        },
        {
          "message": "Купить стандартный билет",
          "messageDesc": "Все союзники получают ЭГО Дары, которые наносят Кровотечение",
          "result": [
            "Возможно, неразумно терять так много крови здесь, у входа.\n\nПосле обсуждения с Грешниками мы решили взять стандартный билет, который не требует оплаты кровью.\n\nНа билете есть предупреждение: 'посетители должны заплатить определенное количество крови перед участием в аттракционе'.\n\nВозможно, мы сможем получить больше от нашей крови, если тщательно выберем, какой аттракцион мы хотим посетить."
          ]
        }
      ]
    },
    {
      "id": 1070101,
      "name": "",
      "subDesc": "",
      "desc": "Мы прошли через вход в Ла-Манчалэнд.\n\nКакую зону нам стоит посетить первой, чтобы выбраться из этого лабиринтоподобного парка развлечений?",
      "options": [
        {
          "message": "Принять участие в игре Фантастической Кровестрельбы.",
          "messageDesc": "Начать боевое столкновение. Победа даёт ЭГО Дар",
          "result": [
            "Может быть, выход откроется, если мы победим как можно больше Кровожадов.\n\nНекоторые Грешники предложили попробовать Фантастическую Кровестрельбу снова.\n\n<i>Искателям приключений, дошедшим до конца аттракциона, мы дарим Знак Победы!</i>\n\nЧерез предварительно записанную голосовую линию Кровожад подбадривает нас.\n\nМы уже делали это однажды; я уверен, мы сможем сделать это снова."
          ]
        },
        {
          "message": "Отправиться в Исповедальню.",
          "messageDesc": "Пройти проверку Гордыни. При успехе получить ЭГО Дар.",
          "result": [
            ""
          ]
        },
        {
          "message": "Посмотреть Парад",
          "messageDesc": "Получить ЭГО Дар",
          "result": [
            ""
          ]
        }
      ]
    },
    {
      "id": 1070103,
      "name": "",
      "subDesc": "",
      "desc": "Мы добрались до Зоны Парада, не теряя больше времени.\n\nПосле некоторого времени движения вдоль Парада к его началу, к нам внезапно подошел Кровожад.\n\n\"Почему бы не сделать памятную фотографию с Парадом на заднем плане?\"\n\"Немного крови, и вы сможете запомнить этот момент на-веч-но!\"\n\nЧто нам делать?",
      "options": [
        {
          "message": "Заплатить кровью и сделать памятную фотографию.",
          "messageDesc": "Некоторые Грешники теряют ОЗ. Получает ЭГО Дар",
          "result": [
            "Некоторые Грешники согласились заплатить кровью за фотографии.\n\nЯ не могу не чувствовать боль от отсутствия Дон Кихота теперь, когда мы все вместе стоим для групповой фотографии.\n\nКогда мы получили фотографию, которая появилась после вспышки, Парад уходил далеко-далеко от нас, пока искаженное пространство возвращалось в нормальное состояние.\n\nФотография в моих руках исчезла, замененная маской Кровожада."
          ]
        },
        {
          "message": "Уйти отсюда.",
          "result": [
            "Нет времени тратить на фотографии.\n\nМы решили продолжить идти мимо Парада."
          ]
        }
      ]
    },
    {
      "id": 10702,
      "name": "",
      "subDesc": "",
      "desc": "Мы видим дверь в гигантскую камеру содержания.\n\nНам придется пройти через нее, чтобы выбраться из этого лабиринта.\n\nНа пути к камере стоит незнакомая машина.\n\nПохоже, это лотерейный автомат, который использовался в Ла-Манчалэнде во время событий.\n\n<i>Немного крови за что-то очень полезное!</i>\n\nРеклама написана замысловатой типографикой.\n\nВозможно, мы сможем найти там 'что-то очень полезное'?",
      "options": [
        {
          "message": "Заплатить кровью, чтобы участвовать в лотерее.",
          "messageDesc": "Случайный Грешник теряет ОЗ. Случайный шанс получить ЭГО Дар",
          "result": [
            "Когда Грешник платит своей кровью, лотерейный автомат начинает громко гудеть.\n\n<i>Вы ничего не получаете!</i>\n\nС грустной мелодией машина медленно останавливается и затихает.\n\nВероятность получить то, что мы хотим, вероятно, довольно низкая.",
            "Когда Грешник платит своей кровью, лотерейный автомат начинает громко гудеть.\n\n<i>ВЫ ВЫИГРАЛИ! ВЫ ВЫИГРАЛИ!</i>\n\nИграет громкая, веселая мелодия, и из машины выкатывается кубический кристалл, сделанный из крови.\n\nОн может быть для чего-то полезен."
          ]
        },
        {
          "message": "Уничтожить лотерейный автомат.",
          "messageDesc": "...",
          "result": [
            "Не то чтобы кто-то мог нас остановить.\n\nЗачем платить кровью Грешников, чтобы активировать этот лотерейный автомат?\n\nРазве мы не можем просто взломать эту штуку и забрать приз внутри?\n\nЯ приказываю Грешникам сломать машину, и некоторые Грешники с радостью соглашаются.\n\nМашина начинает искажаться в причудливую форму — затем перед нами появляется огромная пеккатула."
          ]
        },
        {
          "message": "Уйти.",
          "result": [
            "Сомневаюсь, что там есть что-то полезное для нас.\n\nМы решили проигнорировать лотерейный автомат и двигаться дальше."
          ]
        }
      ]
    },
    {
      "id": 1070201,
      "name": "",
      "subDesc": "",
      "desc": "Немного крови не дало нам ничего.\n\nРекламный текст нам лжет?\n\nИли, может быть, нам просто не повезло.\n\nЧто нам делать?",
      "options": [
        {
          "message": "Заплатить кровью, чтобы участвовать в лотерее.",
          "messageDesc": "Случайный Грешник теряет ОЗ. Случайный шанс получить ЭГО Дар",
          "result": [
            "Когда Грешник платит своей кровью, лотерейный автомат начинает громко гудеть.\n\n<i>Вы ничего не получаете!</i>\n\nС грустной мелодией машина медленно останавливается и затихает.\n\nВероятность получить то, что мы хотим, вероятно, довольно низкая.",
            "Когда Грешник платит своей кровью, лотерейный автомат начинает громко гудеть.\n\n<i>ВЫ ВЫИГРАЛИ! ВЫ ВЫИГРАЛИ!</i>\n\nИграет громкая, веселая мелодия, и из машины выкатывается кубический кристалл, сделанный из крови.\n\nОн может быть для чего-то полезен."
          ]
        },
        {
          "message": "Уничтожить лотерейный автомат.",
          "messageDesc": "...",
          "result": [
            "Не то чтобы кто-то мог нас остановить.\n\nЗачем платить кровью Грешников, чтобы активировать этот лотерейный автомат?\n\nРазве мы не можем просто взломать эту штуку и забрать приз внутри?\n\nЯ приказываю Грешникам сломать машину, и некоторые Грешники с радостью соглашаются.\n\nМашина начинает искажаться в причудливую форму — затем перед нами появляется огромная пеккатула."
          ]
        },
        {
          "message": "Уйти.",
          "result": [
            "Сомневаюсь, что там есть что-то полезное для нас.\n\nМы решили проигнорировать лотерейный автомат и двигаться дальше."
          ]
        }
      ]
    },
    {
      "id": 10703,
      "name": "",
      "subDesc": "",
      "desc": "\"Пока благородный Рыцарь и его Оруженосец были в своем чудесном приключении...\"\n\n\"Остальные члены их Семьи ждали, медленно пережевывая то пропитание, что им было доступно.\"\n\n\"Хотя неясно, стоило ли все это ожидание того.\"\n\nОткуда-то эхом раздается саркастическое бестелесное повествование.\n\nПеред Грешниками появилось то 'пропитание', которое ела Семья.",
      "options": [
        {
          "message": "Съесть гемобатончик. (Он безвкусный.)",
          "result": [
            ""
          ]
        },
        {
          "message": "Оставить это.",
          "result": [
            "Мы подождали некоторое время, отказываясь есть эту штуку. Пространство вокруг нас искривилось и исказилось, прежде чем открыть путь вперед.\n\nНет времени отдыхать. Давайте продолжим двигаться."
          ]
        }
      ]
    },
    {
      "id": 1070301,
      "name": "",
      "subDesc": "",
      "desc": "\"Они жадно поглощают эту сухую, безвкусную 'еду'.\"\n\n\"Но их голод не из тех, что можно утолить такими добавками.\"\n\n\"Не в силах вынести это пустое чувство, они пытались съесть больше этой еды.\"\n\n\"Словно пытаясь убедить себя, что обжорство этой штукой освободит их от этого голода.\"",
      "options": [
        {
          "message": "Съесть гемобатончик.",
          "result": [
            ""
          ]
        },
        {
          "message": "Съесть гемобатончик.",
          "result": [
            ""
          ]
        },
        {
          "message": "Перестать есть.",
          "result": [
            "Мы подождали некоторое время, отказываясь есть эту штуку. Пространство вокруг нас искривилось и исказилось, прежде чем открыть путь вперед.\n\nНет времени отдыхать. Давайте продолжим двигаться."
          ]
        }
      ]
    },
    {
      "id": 1070302,
      "name": "",
      "subDesc": "",
      "desc": "\"Снова они жадно поглощали еду.\"\n\n\"Они ели, и ели, и ели, пока больше не могли запихнуть это себе в рот.\"\n\n\"Но о, как несчастно... Они были <i>все еще голодны</i>.\"\n\n\"Семья снова бессмысленно начинает накрывать свой стол этой безвкусной едой.\"",
      "options": [
        {
          "message": "Съесть десять гемобатончиков.",
          "messageDesc": "ВНИМАНИЕ) Продолжение трапезы приведет к получению ЭГО Дара с негативным эффектом",
          "result": [
            ""
          ]
        },
        {
          "message": "Съесть десять гемобатончиков.",
          "messageDesc": "ВНИМАНИЕ) Продолжение трапезы приведет к получению ЭГО Дара с негативным эффектом",
          "result": [
            ""
          ]
        },
        {
          "message": "Съесть десять гемобатончиков.",
          "messageDesc": "ВНИМАНИЕ) Продолжение трапезы приведет к получению ЭГО Дара с негативным эффектом",
          "result": [
            ""
          ]
        },
        {
          "message": "Перестать есть.",
          "result": [
            "Мы подождали некоторое время, отказываясь есть эту штуку. Пространство вокруг нас искривилось и исказилось, прежде чем открыть путь вперед.\n\nНет времени отдыхать. Давайте продолжим двигаться."
          ]
        }
      ]
    },
    {
      "id": 1070303,
      "name": "",
      "subDesc": "",
      "desc": "\"Кажется, они в своей бесконечной наивности все еще верят, что просто не съели достаточно еды.\"\n\n\"Давайте посмотрим, как долго продлится этот... бессмысленный банкет.\"",
      "options": [
        {
          "message": "Продолжать есть гемобатончики.",
          "messageDesc": "Получить ЭГО Дар с негативными эффектами",
          "result": [
            "\"Семья ела, и ела, и ела в этом отчаянном желании.\"\n\n\"Что этот мучительный голод может уйти.\"\n\n\"Что последовало дальше, было своего рода предвкушением.\"\n\n\"Что может быть, просто может быть, этот голод уйдет, когда Рыцарь и его Оруженосец вернутся из своего приключения.\"\n\n\"Но он не уйдет.\"\n\n\"Никогда не уйдет.\"\n\nМы начинаем чувствовать внезапный, бездонный голод, когда повествование заканчивается.\n\nКаждый Грешник сгибается от голода настолько сильного, что он превращается в боль.\n\nНо путь открывается, не оставляя нам времени наполнить наши желудки.\n\nПолагаю, у нас нет выбора, кроме как продолжать двигаться."
          ]
        },
        {
          "message": "Продолжать есть гемобатончики.",
          "messageDesc": "Получить ЭГО Дар с негативными эффектами",
          "result": [
            "\"Семья ела, и ела, и ела в этом отчаянном желании.\"\n\n\"Что этот мучительный голод может уйти.\"\n\n\"Что последовало дальше, было своего рода предвкушением.\"\n\n\"Что может быть, просто может быть, этот голод уйдет, когда Рыцарь и его Оруженосец вернутся из своего приключения.\"\n\n\"Но он не уйдет.\"\n\n\"Никогда не уйдет.\"\n\nМы начинаем чувствовать внезапный, бездонный голод, когда повествование заканчивается.\n\nКаждый Грешник сгибается от голода настолько сильного, что он превращается в боль.\n\nНо путь открывается, не оставляя нам времени наполнить наши желудки.\n\nПолагаю, у нас нет выбора, кроме как продолжать двигаться."
          ]
        },
        {
          "message": "Продолжать есть гемобатончики.",
          "messageDesc": "Получить ЭГО Дар с негативными эффектами",
          "result": [
            "\"Семья ела, и ела, и ела в этом отчаянном желании.\"\n\n\"Что этот мучительный голод может уйти.\"\n\n\"Что последовало дальше, было своего рода предвкушением.\"\n\n\"Что может быть, просто может быть, этот голод уйдет, когда Рыцарь и его Оруженосец вернутся из своего приключения.\"\n\n\"Но он не уйдет.\"\n\n\"Никогда не уйдет.\"\n\nМы начинаем чувствовать внезапный, бездонный голод, когда повествование заканчивается.\n\nКаждый Грешник сгибается от голода настолько сильного, что он превращается в боль.\n\nНо путь открывается, не оставляя нам времени наполнить наши желудки.\n\nПолагаю, у нас нет выбора, кроме как продолжать двигаться."
          ]
        },
        {
          "message": "Продолжать есть гемобатончики.",
          "messageDesc": "Получить ЭГО Дар с негативными эффектами",
          "result": [
            "\"Семья ела, и ела, и ела в этом отчаянном желании.\"\n\n\"Что этот мучительный голод может уйти.\"\n\n\"Что последовало дальше, было своего рода предвкушением.\"\n\n\"Что может быть, просто может быть, этот голод уйдет, когда Рыцарь и его Оруженосец вернутся из своего приключения.\"\n\n\"Но он не уйдет.\"\n\n\"Никогда не уйдет.\"\n\nМы начинаем чувствовать внезапный, бездонный голод, когда повествование заканчивается.\n\nКаждый Грешник сгибается от голода настолько сильного, что он превращается в боль.\n\nНо путь открывается, не оставляя нам времени наполнить наши желудки.\n\nПолагаю, у нас нет выбора, кроме как продолжать двигаться."
          ]
        }
      ]
    },
    {
      "id": 10704,
      "name": "",
      "subDesc": "",
      "desc": "Масса колючих зарослей преграждает нам путь.\n\n\"Рыцарь и Оруженосец путешествовали вместе очень, очень долго.\"\n\n\"Они пережили множество приключений вместе.\"\n\n\"Какое из них было самым интересным?\"\n\nПовествование, снова.\n\nЧто нам следует сказать?",
      "options": [
        {
          "message": "Воистину, то была битва с горными великанами",
          "messageDesc": "Получает ЭГО Ресурсы Гнева и Гордыни",
          "result": [
            "\"Давным-давно Рыцарь и Оруженосец воевали против великанов.\"\n\n\"Но это не было особенно увлекательным, так как всегда заканчивалось победой Рыцаря.\"\n\n\"Какое же приключение ждет впереди, остается только гадать.\""
          ]
        },
        {
          "message": "Воистину, то было спасение страждущей деревни от зла",
          "messageDesc": "Получает ЭГО Ресурсы Похоти и Чревоугодия",
          "result": [
            "\"Рыцарь и Оруженосец спасли страждущую деревню.\"\n\n\"Это было так легко для них, ведь они были двумя могучими существами, скрывающими свою истинную силу.\"\n\n\"Какое же приключение ждет впереди, остается только гадать.\""
          ]
        },
        {
          "message": "Воистину, то было приключение за шлемом Мамбрино",
          "messageDesc": "Получает ЭГО Ресурсы Уныния и Зависти",
          "result": [
            "\"После долгого, изнурительного путешествия, Рыцарь и Оруженосец завладели великим шлемом Мамбрино.\"\n\n\"Не ведая об истинной силе шлема.\"\n\n\"Какое же приключение ждет впереди, остается только гадать.\""
          ]
        }
      ]
    }
  ]
}