﻿{
  "dataList": [
    {
      "id": "CRIMSON",
      "name": "Гнев"
    },
    {
      "id": "SCARLET",
      "name": "Похоть"
    },
    {
      "id": "AMBER",
      "name": "Лень"
    },
    {
      "id": "SHAMROCK",
      "name": "Чрев."
    },
    {
      "id": "AZURE",
      "name": "Уныние"
    },
    {
      "id": "INDIGO",
      "name": "Гордыня"
    },
    {
      "id": "VIOLET",
      "name": "Зависть"
    },
    {
      "id": "WHITE",
      "name": "Безум."
    },
    {
      "id": "BLACK",
      "name": "Тоска"
    }
  ]
}