{
  "dataList": [
    {
      "id": "Bothersome",
      "name": "Разрубающий разрез [切斬]",
      "desc": "· Сопротивление целей к Рубящему урону считается за \"Слабое\" (x1.5), если оно меньше этого значения\n· Истекает в конце хода",
      "summary": ""
    },
    {
      "id": "VibrationIgnition",
      "name": "Тремор — Ожог",
      "desc": "· При <sprite name=\"VibrationExplosion\"><color=#e30000><u><link=\"VibrationExplosion\">Провокации Тремора</link></u></color> также <b>наносит урон Гневом</b>, равный (Сумма силы <sprite name=\"VibrationIgnition\"><color=#e30000><u><link=\"VibrationIgnition\">Тремора</link></u></color> и <sprite name=\"Combustion\"><color=#e30000><u><link=\"Combustion\">Изжоги</link></u></color> / 2), понижая счетчик <sprite name=\"Combustion\"><color=#e30000><u><link=\"Combustion\">Изжоги</link></u></color> на 1\n※ Сохраняет все остальные свойства обычного <sprite name=\"Vibration\"><color=#e30000><u><link=\"Vibration\">Тремора</link></u></color>",
      "summary": ""
    },
    {
      "id": "BulletPropellant",
      "name": "Тампон тигровой метки",
      "desc": "<u>Особые Тампоны</u>\n· Используется определенными навыками\n· Максимальное значение: 6",
      "summary": ""
    },
    {
      "id": "BulletPropellantSpecial",
      "name": "Тампон свирепой тигровой метки",
      "desc": "<u>Особые Тампоны</u>\n· Тратятся определенными навыками (В других случаях могут использоваться как <sprite name=\"BulletPropellant\"><color=#ff1919><u><link=\"BulletPropellant\">Тампоны тигровой метки</link></u></color>)\n· Сила и счетчик эффекта определяют количество \"Заряженных\" и \"Оставшихся\" тампонов соответственно\n· Максимальная сила (Значение Заряженных): 6\n· Монеты, что тратят <sprite name=\"BulletPropellantSpecial\"><color=#f01313><u><link=\"BulletPropellantSpecial\">Тампоны свирепой тигровой метки</link></u></color>, наносят на 30% больше урона и вдвое больше силы и счетчика <sprite name=\"Combustion\"><color=#e30000><u><link=\"Combustion\">Изжоги</link></u></color>\n· Когда все Заряженные и Оставшиеся <sprite name=\"BulletPropellantSpecial\"><color=#f01313><u><link=\"BulletPropellantSpecial\">Тампоны свирепой тигровой метки</link></u></color> будут израсходованы, Реактивный Сэм снова будет использовать обычные <sprite name=\"BulletPropellant\"><color=#ff1919><u><link=\"BulletPropellant\">Тампоны тигровой метки</link></u></color> ",
      "summary": ""
    },
    {
      "id": "Prey",
      "name": "Добыча",
      "desc": "Сила в столкновении -5 против Реактивного Сэма\nНачало боевой фазы:\n· Если используется атакующий навык, наносит им на 50% меньше урона Реактивному Сэму\n· Если используется защитный навык, получает на 75% меньше урона от Реактивного Сэма\n· Если удалось победить в столкновении против Реактивного Сэма при наличии этого эффекта, дает по 3 наименее имеющихся ЭГО Ресурса\n· Истекает в конце хода, а грешник восстанавливает 10 SP",
      "summary": ""
    },
    {
      "id": "Complacency",
      "name": "Перегрев",
      "desc": "Максимальное значение: 5\n· В начале хода получает <sprite name=\"ParryingResultDown\"><color=#e30000><u><link=\"ParryingResultDown\">Понижение силы в столкновении</link></u></color> и <sprite name=\"Vulnerable\"><color=#e30000><u><link=\"Vulnerable\">Уязвимость</link></u></color> в количестве этого эффекта\n· Истекает в конце хода",
      "summary": ""
    },
    {
      "id": "BattleSense",
      "name": "Внутренняя сила [底力]",
      "desc": "Максимальное значение: 25\n· Используется определенными навыками\n· В конце хода восстанавливает SP на потраченную к его концу <sprite name=\"BattleSense\"><color=#d61713><u><link=\"BattleSense\">Внутреннюю силу</link></u></color>\n· Значение повышается на 1 за каждое комбо в столкновениях (До 5 за навык), при поражении в столкновении теряет полученное в нем значение\n· Значение повышается на 2 при попадании по противнику односторонней атакой (До 10 за навык)\n· В конце хода получает 1 <sprite name=\"Agility\"><color=#f8c200><u><link=\"Agility\">Спешку</link></u></color> на следующий ход за каждые 25 потраченной в нем <sprite name=\"BattleSense\"><color=#d61713><u><link=\"BattleSense\">Внутренней силы</link></u></color> (До 2)",
      "summary": ""
    },
    {
      "id": "RestoredBattleSense",
      "name": "Экстремальная сила <nobr>[極力]</nobr>",
      "desc": "Максимальное значение: 50\nСчитается за <sprite name=\"BattleSense\"><color=#d61713><u><link=\"BattleSense\">Внутреннюю силу</link></u></color>\n· Используется определенными навыками\n· В конце хода восстанавливает SP на потраченную к его концу <sprite name=\"BattleSense\"><color=#d61713><u><link=\"BattleSense\">Внутреннюю силу</link></u></color>\n· Значение повышается на 2 за каждое комбо в столкновениях (До 10 за навык), при поражении в столкновении теряет полученное в нем значение\n· Значение повышается на 3 при попадании по противнику односторонней атакой (До 15 за навык)\n· В конце хода получает 1 <sprite name=\"Agility\"><color=#f8c200><u><link=\"Agility\">Спешку</link></u></color> на следующий ход за каждые 25 потраченной в нем <sprite name=\"BattleSense\"><color=#d61713><u><link=\"BattleSense\">Внутренней силы</link></u></color> (До 5)",
      "summary": ""
    },
    {
      "id": "Irritation",
      "name": "Неумолимый дух [剛氣]",
      "desc": "· В начале хода получает 1 <sprite name=\"AttackDmgUp\"><color=#f8c200><u><link=\"AttackDmgUp\">Повышение урона</link></u></color> и 1 <sprite name=\"ResultEnhancement\"><color=#f8c200><u><link=\"ResultEnhancement\">Повышение силы</link></u></color> за каждые 20% потерянных HP (До 3 каждой)\n· Наносит еще 2 <sprite name=\"Vibration\"><color=#e30000><u><link=\"Vibration\">Тремора</link></u></color> своими навыками\n· Если своя скорость выше скорости цели на 3 и более, наносит на (Разница в скорости × 5)% больше урона (До 20%)\n· Последняя монета навыка 「Тройное рассечение — Подрыв [爆]」 становится <sprite name=\"SuperCoin\"><color=#9f6a3a><u><link=\"SuperCoin\">Вечной</link></u></color>\n· Превращается в <sprite name=\"HugeIrritation\"><color=#f8c200><u><link=\"HugeIrritation\">Неумолимый дух — Шин</link></u></color> при изменени поведения",
      "summary": ""
    },
    {
      "id": "HugeIrritation",
      "name": "Неумолимый дух — Шин [剛氣-心]",
      "desc": "· В начале хода получает 1 <sprite name=\"AttackDmgUp\"><color=#f8c200><u><link=\"AttackDmgUp\">Повышение урона</link></u></color> и 1 <sprite name=\"ResultEnhancement\"><color=#f8c200><u><link=\"ResultEnhancement\">Повышение силы</link></u></color> за каждые 15% потерянных HP (До 5 каждой)\n· Наносит еще 3 <sprite name=\"Vibration\"><color=#e30000><u><link=\"Vibration\">Тремора</link></u></color> и 1 его счетчик своими навыками\n· Если своя скорость выше скорости цели на 3 и более, наносит на (Разница в скорости × 5)% больше урона (До 20%)\n· Последняя монета навыка 「Тройное рассечение — Подрыв [爆]」 становится <sprite name=\"SuperCoin\"><color=#9f6a3a><u><link=\"SuperCoin\">Вечной</link></u></color>",
      "summary": ""
    },
    {
      "id": "ReloadKeepAmmo",
      "name": "Тактическая перезарядка",
      "desc": "Восполняет свои тампоны до максимума, не сбрасывая имеющиеся",
      "summary": ""
    },
    {
      "id": "BeastEyes_LowMorale",
      "name": "Звериный инстинкт (Низкий дух)",
      "desc": "· В начале хода получает 1 <sprite name=\"Enhancement\"><color=#f8c200><u><link=\"Enhancement\">Повышение силы атаки</link></u></color>, 1 <sprite name=\"AttackDmgUp\"><color=#f8c200><u><link=\"AttackDmgUp\">Повышение урона</link></u></color>, и 1 <sprite name=\"Vulnerable\"><color=#e30000><u><link=\"Vulnerable\">Уязвимость</link></u></color>\n· Наносит на (Разница в проценте текущих HP с целью / 2)% больше урона противникам с большим процентом текущих HP (До 10%)",
      "summary": ""
    },
    {
      "id": "BeastEyes_Panic",
      "name": "Звериный инстинкт (Ахуй)",
      "desc": "· В начале хода получает 1 <sprite name=\"PlusCoinValueUp\"><color=#f8c200><u><link=\"PlusCoinValueUp\">Усиление положительной монеты</link></u></color>, 2 <sprite name=\"AttackDmgUp\"><color=#f8c200><u><link=\"AttackDmgUp\">Повышения урона</link></u></color>, и 2 <sprite name=\"Vulnerable\"><color=#e30000><u><link=\"Vulnerable\">Уязвимости</link></u></color>\n· Наносит на (Разница в проценте текущих HP с целью)% больше урона противникам с большим процентом текущих HP (До 25%)",
      "summary": ""
    },
    {
      "id": "DisengageCombat",
      "name": "Отступление из боя",
      "desc": "Восстанавливается от оглушения в конце хода и отступает с поля боя (Не считается смертью)",
      "summary": ""
    },
    {
      "id": "Chesed_Mercy",
      "name": "Милосердие Хеседа",
      "desc": "· Уравнивает Уровень атаки и Уровень защиты всех участников битвы средним значением\n· После активации эффекта все грешники получают 6 Уровней атаки и защиты",
      "summary": ""
    },
    {
      "id": "Ryoshu_Attackup",
      "name": "Изорудованное воспоминание",
      "desc": "[Особый эффект Решу]\n· Наносит на (Количество прошедших ходов × 2.5)% больше урона Реактивному Сэму (До 30%)",
      "summary": ""
    },
    {
      "id": "Honglu_EGOResourceup",
      "name": "Мое сердце, мои собственные мысли...",
      "desc": "[Особый эффект Хон Лу]\n· После использования атакующего навыка получает еще 2 ЭГО Ресурса греха этого навыка (Единожды за ход)",
      "summary": ""
    },
    {
      "id": "BudgetBulletPropellant",
      "name": "Зажигательные тампоны",
      "desc": "<u>Особые Тампоны</u>\n· Используется определенными навыками\n· Максимальное значение: 4",
      "summary": ""
    },
    {
      "id": "LeRegole_LowMorale",
      "name": "Жесткий устав (Низкий дух)",
      "desc": "· Если удалось нанести 2 и более <sprite name=\"Vibration\"><color=#e30000><u><link=\"Vibration\">Тремора</link></u></color> в прошлом ходе, получает 1 <sprite name=\"AmberDamageUp\"><color=#f8c200><u><link=\"AmberDamageUp\">Повышение урона Леностью</link></u></color>\n· Если удалось нанести 2 и более <sprite name=\"Combustion\"><color=#e30000><u><link=\"Combustion\">Изжоги</link></u></color> в прошлом ходе, получает 1 <sprite name=\"CrimsonDamageUp\"><color=#f8c200><u><link=\"CrimsonDamageUp\">Повышение урона Гневом</link></u></color>\n· Если не удалось нанести ничего из этого, получает 2 <sprite name=\"DefenseDown\"><color=#e30000><u><link=\"DefenseDown\">Понижения уровня защиты</link></u></color>",
      "summary": ""
    },
    {
      "id": "LeRegole_Panic",
      "name": "Жесткий устав (Ахуй)",
      "desc": "· Если удалось нанести 2 и более <sprite name=\"Vibration\"><color=#e30000><u><link=\"Vibration\">Тремора</link></u></color> в прошлом ходе, получает 2 <sprite name=\"AmberDamageUp\"><color=#f8c200><u><link=\"AmberDamageUp\">Повышения урона Леностью</link></u></color>\n· Если удалось нанести 2 и более <sprite name=\"Combustion\"><color=#e30000><u><link=\"Combustion\">Изжоги</link></u></color> в прошлом ходе, получает 2 <sprite name=\"CrimsonDamageUp\"><color=#f8c200><u><link=\"CrimsonDamageUp\">Повышения урона Гневом</link></u></color>\n· Если не удалось нанести ничего из этого, получает 3 <sprite name=\"DefenseDown\"><color=#e30000><u><link=\"DefenseDown\">Понижения уровня защиты</link></u></color>",
      "summary": ""
    },
    {
      "id": "NEgoFleshSpatula_LowMorale",
      "name": "Вычерпывание плоти (Низкий дух)",
      "desc": "Получает 5 <sprite name=\"Laceration\"><color=#e30000><u><link=\"Laceration\">Кетчупа</link></u></color> и 1 <sprite name=\"Enhancement\"><color=#f8c200><u><link=\"Enhancement\">Повышение силы атаки</link></u></color> в начале хода",
      "summary": ""
    },
    {
      "id": "NEgoFleshSpatula_Panic",
      "name": "Вычерпывание плоти (Ахуй)",
      "desc": "Получает 10 <sprite name=\"Laceration\"><color=#e30000><u><link=\"Laceration\">Кетчупа</link></u></color> и 2 <sprite name=\"Enhancement\"><color=#f8c200><u><link=\"Enhancement\">Повышения силы атаки</link></u></color> в начале хода",
      "summary": ""
    },
    {
      "id": "GazeReplica",
      "name": "Взор",
      "desc": "Максимальное значение: 7\n· Наносит на 10% больше урона Цзя Хуаню и получает на 10% больше урона от него же\n· Когда значение достигает 7, превращается в <sprite name=\"ContemptReplica\"><color=#e30000><u><link=\"ContemptReplica\">Презрение</link></u></color>",
      "summary": ""
    },
    {
      "id": "ContemptReplica",
      "name": "Презрение",
      "desc": "· Наносит на 50% меньше урона Цзя Хуаню и получает на 50% меньше урона от него же\n· Не может получить эффект <sprite name=\"GazeReplica\"><color=#e30000><u><link=\"GazeReplica\">Взора</link></u></color>\n· Истекает в конце хода",
      "summary": ""
    },
    {
      "id": "GraspReplica",
      "name": "Хватка",
      "desc": "Максимальное значение: 4\n· Получает 10 <sprite name=\"Binding\"><color=#e30000><u><link=\"Binding\">Поноса</link></u></color> на следующий ход в конце текущего, а значение понижается на 1",
      "summary": ""
    },
    {
      "id": "EgoErodeReplica",
      "name": "Коррозия ЭГО — Корп. N",
      "desc": "Максимальное значение: 10\nАктивируется в начале каждого хода:\n  - Теряет SP в количестве значения эффекта\n  - Получает 1 <sprite name=\"Enhancement\"><color=#f8c200><u><link=\"Enhancement\">Повышение силы атаки</link></u></color> за каждые 3 накопленного значения\n  - При достижении максимального значения наносит урон в размере 5% от максимальных HP, а эффект истекает в конце хода",
      "summary": ""
    },
    {
      "id": "BoseProjektilReplica",
      "name": "Разорванные воспоминания",
      "desc": "Максимальное значение: 7\n· Используется навыками Губо",
      "summary": ""
    },
    {
      "id": "EgoErodeContempt_LowMorale",
      "name": "Мягкое сердце, отделанное золотом (Низкий дух)",
      "desc": "Получает 1 <sprite name=\"Enhancement\"><color=#f8c200><u><link=\"Enhancement\">Повышение силы атаки</link></u></color> и 1 <sprite name=\"Vulnerable\"><color=#e30000><u><link=\"Vulnerable\">Уязвимость</link></u></color>",
      "summary": ""
    },
    {
      "id": "EgoErodeContempt_Panic",
      "name": "Мягкое сердце, отделанное золотом (Ахуй)",
      "desc": "Получает 2 <sprite name=\"Enhancement\"><color=#f8c200><u><link=\"Enhancement\">Повышения силы атаки</link></u></color> и 2 <sprite name=\"Vulnerable\"><color=#e30000><u><link=\"Vulnerable\">Уязвимости</link></u></color>",
      "summary": ""
    },
    {
      "id": "EgoErodeMemory_LowMorale",
      "name": "Сердцем навстречу новой эре (Низкий дух)",
      "desc": "Теряет 3 SP при попадании и наносит 2 <sprite name=\"Sinking\"><color=#e30000><u><link=\"Sinking\">Утопания</link></u></color> на цель",
      "summary": ""
    },
    {
      "id": "EgoErodeMemory_Panic",
      "name": "Сердцем навстречу новой эре (Ахуй)",
      "desc": "При попадании наносит 3 <sprite name=\"Sinking\"><color=#e30000><u><link=\"Sinking\">Утопания</link></u></color> на цель и сам получает 1 <sprite name=\"Sinking\"><color=#e30000><u><link=\"Sinking\">Утопание</link></u></color>",
      "summary": ""
    },
    {
      "id": "YisangParryGubo",
      "name": "Ответственность",
      "desc": "Сила в столкновении +2 против Губо",
      "summary": ""
    },
    {
      "id": "HongluParryGahwan",
      "name": "Воля противостоять",
      "desc": "Сила в столкновении +2 против Цзя Хуаня",
      "summary": ""
    },
    {
      "id": "GahwanEgoContempt",
      "name": "Настройка нестабильного ЭГО - Спираль презрения",
      "desc": "ЭГО снаряжение, извлеченное Корпорацией N\n<i>Несмотря на то, что носитель соответствует требованиям к способностям, отсутствие опыта может вызвать проблемы.</i>\nМаксимальное значение: 5\n· Уровень атаки и защиты -7\n· Повышается на 1 при победе в столкновении\n· Теряет 1 Уровень атаки и получает 1 Уровень защиты за каждую единицу значения\n· При достижении максимального значения оно сбрасывается до 0 в следующем ходе, а Цзя Хуань получает 2 <sprite name=\"Protection\"><color=#f8c200><u><link=\"Protection\">Защищенности</link></u></color>",
      "summary": ""
    },
    {
      "id": "GuboEgoShooter",
      "name": "Настройка нестабильного ЭГО - Роковая пуля",
      "desc": "ЭГО снаряжение, извлеченное Корпорацией N\n<i>Несмотря на то, что носитель соответствует требованиям к способностям, отсутствие опыта может вызвать проблемы.</i>\nМаксимальное значение: 5\n· Уровень атаки и защиты -2\n· Повышается на 1 при поражении в столкновении\n· Теряет 1 Уровень защиты и получает 1 Уровень атаки за каждую единицу значения\n· При достижении максимального значения оно сбрасывается до 0 в следующем ходе, а Губо получает 2 <sprite name=\"AttackDmgUp\"><color=#f8c200><u><link=\"AttackDmgUp\">Повышения урона</link></u></color>",
      "summary": ""
    },
    {
      "id": "FellBulletMarkReplica",
      "name": "Стигматизирован",
      "desc": "· Является целью Губо\n· Истекает в конце хода",
      "summary": ""
    },
    {
      "id": "PileObedient",
      "name": "Накопленное послушание",
      "desc": "Когда значение достигает 3 к концу хода, превращается в <sprite name=\"Obedient\"><color=#e30000><u><link=\"Obedient\">Пустое послушание</link></u></color> ",
      "summary": ""
    },
    {
      "id": "Obedient",
      "name": "Пустое послушание",
      "desc": "· Сила в столкновении -2 против Цзя Му\n· Исчезает, когда SP достигает 45\n· Понижается на 1 в конце хода",
      "summary": "Сила в столкновении -2 против Цзя Му"
    },
    {
      "id": "ExpensiveJade",
      "name": "Колыбель драгоценного нефрита",
      "desc": "Хон Лу не может действовать в этом состоянии и на него не влияют никакие эффекты",
      "summary": ""
    },
    {
      "id": "FamilyTreasure",
      "name": "Взрывное развлечение",
      "desc": "Базовое значение: 1\n· В конце хода Значение повышается на 1, а Хон Лу теряет 25% HP и 20 SP\n· Использует самоуничтожающую атаку, когда значение достигает 3, после чего наносит высвободившемуся Хон Лу 3 <sprite name=\"Obedient\"><color=#e30000><u><link=\"Obedient\">Пустого послушания</link></u></color> на следующий ход",
      "summary": ""
    },
    {
      "id": "OutpouringAnger",
      "name": "Буйство",
      "desc": "Если главной целью атаки 「Вы не можете постичь сил этого глаза, его особой природы!」 становится Хон Лу, все ее монеты становятся <sprite name=\"SuperCoin\"><color=#9f6a3a><u><link=\"SuperCoin\">Вечными</link></u></color>, а их эффекты не наносятся",
      "summary": ""
    },
    {
      "id": "Honglu_Xi",
      "name": "Счастье",
      "desc": "Сила Хон Лу в столкновении +1\n· Пока остается хотя бы один живой союзник, Хон Лу не может получить смертельный урон, а вместо этого восстанавливается до 50% HP после получения атаки\n· Единожды игнорирует эффект заточения себя <sprite name=\"ExpensiveJade\"><color=#e30000><u><link=\"ExpensiveJade\">Колыбель драгоценного нефрита</link></u></color>, а Сила в столкновении против атак Цзя Му, которые используют этот эффект, повышается на 5\n· Заточение в <sprite name=\"ExpensiveJade\"><color=#e30000><u><link=\"ExpensiveJade\">Колыбель драгоценного нефрита</link></u></color> не срабатывает, если Хон Лу побеждает в столкновении против атак Цзя Му, которые его используют, после чего SP Цзя Му снижается на 10, ей наносится 2 <sprite name=\"Vulnerable\"><color=#e30000><u><link=\"Vulnerable\">Уязвимости</link></u></color>, а также дается по 1 случайному ЭГО Ресурсу для 3 наименее имеющихся",
      "summary": ""
    },
    {
      "id": "Honglu_Le",
      "name": "Счастье, Радость",
      "desc": "Итоговая сила Хон Лу +1\n· Пока остается хотя бы один живой союзник, Хон Лу не может получить смертельный урон, а вместо этого восстанавливается до 50% HP после получения атаки\n· Восстанавливает 5 SP союзнику с наименьшей SP (Включая себя) при победе в столкновении\n· После столкновения против Цзя Му дает по 1 случайному ЭГО Ресурсу для 3 наименее имеющихся",
      "summary": ""
    },
    {
      "id": "Honglu_Ai",
      "name": "Счастье, Радость, Печаль",
      "desc": "Итоговая сила Хон Лу +3\n· Пока остается хотя бы один живой союзник, Хон Лу не может получить смертельный урон, а вместо этого восстанавливается до 50% HP после получения атаки\n· Восстанавливает 5 SP союзнику с наименьшей SP (Включая себя) при победе в столкновении\n· Когда умирает союзник, все оставшиеся получают 1 <sprite name=\"Enhancement\"><color=#f8c200><u><link=\"Enhancement\">Повышение силы атаки</link></u></color> в следующем ходе (Единожды за ход)\n· После столкновения против Цзя Му дает по 1 случайному ЭГО Ресурсу для 3 наименее имеющихся",
      "summary": ""
    },
    {
      "id": "Honglu_Nu",
      "name": "Счастье, Радость, Печаль, Гнев",
      "desc": "Итоговая сила Хон Лу +5\n· Пока остается хотя бы один живой союзник, Хон Лу не может получить смертельный урон, а вместо этого восстанавливается до 50% HP после получения атаки\n· Все союзники восстанавливают 5 SP в начале каждого хода\n· Когда умирает союзник, все оставшиеся получают 1 <sprite name=\"Enhancement\"><color=#f8c200><u><link=\"Enhancement\">Повышение силы атаки</link></u></color> в следующем ходе (Единожды за ход)\n· Повышает наносимый урон на 30% от итогового процента потерянных HP за всю эту битву (До 100%)\n· После столкновения против Цзя Му дает по 1 случайному ЭГО Ресурсу для 3 наименее имеющихся",
      "summary": ""
    },
    {
      "id": "SupremeEternalLife",
      "name": "Возвышенное бессмертие",
      "desc": "Дает всем частям и ядру Цзя Му 5% от их максимальных HP в качестве HP Щита",
      "summary": ""
    },
    {
      "id": "ImperfectEternalLife",
      "name": "Несовершенное бессмертие",
      "desc": "· Поглощается определенными атаками Цзя Му\n· Если этот эффект перенесся на Цзя Му, она получает 1 <sprite name=\"Vulnerable\"><color=#e30000><u><link=\"Vulnerable\">Уязвимость</link></u></color> за каждое его значение, а когда оно достигает 5, она оглушается",
      "summary": ""
    },
    {
      "id": "GoldenBoughSync",
      "name": "Влияние Золотой ветви",
      "desc": "Уровень атаки повышается на 2\nУровень защиты понижается на 2",
      "summary": ""
    },
    {
      "id": "GoldenBoughSyncDistorted",
      "name": "Прогрессирующее влияние Золотой ветви",
      "desc": "Уровень атаки и защиты повышается на 4",
      "summary": ""
    },
    {
      "id": "LastingHongwonWill_LowMorale",
      "name": "Унаследованное завещание Хунъюаня (Низкий дух)",
      "desc": "· Получает 2 <sprite name=\"Enhancement\"><color=#f8c200><u><link=\"Enhancement\">Повышения силы атаки</link></u></color> и 1 <sprite name=\"Binding\"><color=#e30000><u><link=\"Binding\">Понос</link></u></color>\n· Когда Тело проигрывает в столкновении против Хон Лу, эта часть получает 1 <sprite name=\"AttackDmgUp\"><color=#f8c200><u><link=\"AttackDmgUp\">Повышение урона</link></u></color> и 1 <sprite name=\"Vulnerable\"><color=#e30000><u><link=\"Vulnerable\">Уязвимость</link></u></color> на следующий ход (Единожды за ход)",
      "summary": ""
    },
    {
      "id": "LastingHongwonWill_Panic",
      "name": "Унаследованное завещание Хунъюаня (Ахуй)",
      "desc": "· Получает 2 <sprite name=\"Enhancement\"><color=#f8c200><u><link=\"Enhancement\">Повышения силы атаки</link></u></color> и 2 <sprite name=\"Binding\"><color=#e30000><u><link=\"Binding\">Поноса</link></u></color>\n· Когда Тело проигрывает в столкновении против Хон Лу, эта часть получает 2 <sprite name=\"AttackDmgUp\"><color=#f8c200><u><link=\"AttackDmgUp\">Повышения урона</link></u></color> и 2 <sprite name=\"Vulnerable\"><color=#e30000><u><link=\"Vulnerable\">Уязвимости</link></u></color> на следующий ход (Единожды за ход)",
      "summary": ""
    },
    {
      "id": "LongLastingHongwonWill_LowMorale",
      "name": "Бесконечное завещание Хунъюаня (Низкий дух)",
      "desc": "· Получает 2 <sprite name=\"Enhancement\"><color=#f8c200><u><link=\"Enhancement\">Повышения силы атаки</link></u></color> и 1 <sprite name=\"Vulnerable\"><color=#e30000><u><link=\"Vulnerable\">Уязвимость</link></u></color>\n· Все Старейшины получают 3 <sprite name=\"DefenseDown\"><color=#e30000><u><link=\"DefenseDown\">Понижения уровня защиты</link></u></color>\n· Наносит на 20% больше урона (Если часть с Паланкином сломана, вместо этого наносит на 10% меньше урона)",
      "summary": ""
    },
    {
      "id": "LongLastingHongwonWill_Panic",
      "name": "Бесконечное завещание Хунъюаня (Ахуй)",
      "desc": "· Получает 2 <sprite name=\"Enhancement\"><color=#f8c200><u><link=\"Enhancement\">Повышения силы атаки</link></u></color> и 2 <sprite name=\"Vulnerable\"><color=#e30000><u><link=\"Vulnerable\">Уязвимости</link></u></color>\n· Все Старейшины получают 5 <sprite name=\"DefenseDown\"><color=#e30000><u><link=\"DefenseDown\">Понижений уровня защиты</link></u></color>\n· Наносит на 30% больше урона (Если часть с Паланкином сломана, вместо этого наносит на 15% меньше урона)",
      "summary": ""
    }
  ]
}