﻿{
  "dataList": [
    {
      "id": "Grudge",
      "name": "Растущая горесть",
      "desc": "Растет от полученного урона, исчезает в конце хода",
      "summary": "",
      "undefined": "-"
    },
    {
      "id": "AaCePbBg",
      "name": "Ненависть (Низкий дух)",
      "desc": "В начале хода получает 2 <sprite name=\"AttackDmgUp\"><color=#f8c200><u><link=\"AttackDmgUp\">Повышения урона</link></u></color> и 3 <sprite name=\"DefenseDown\"><color=#e30000><u><link=\"DefenseDown\">Понижения уровня защиты</link></u></color>",
      "summary": "",
      "undefined": "-"
    },
    {
      "id": "AaCePbBh",
      "name": "Ненависть Ахуй",
      "desc": "В начале хода получает 1 <sprite name=\"ResultEnhancement\"><color=#f8c200><u><link=\"ResultEnhancement\">Повышение силы</link></u></color> и 5 <sprite name=\"DefenseDown\"><color=#e30000><u><link=\"DefenseDown\">Понижений уровня защиты</link></u></color>",
      "summary": "",
      "undefined": "-"
    }
  ]
}