﻿{
  "dataList": [
    {
      "id": "AaCePcBa",
      "name": "Помеченный",
      "desc": "Становится приоритетной целью Пророка кожи",
      "summary": "",
      "undefined": "-"
    },
    {
      "id": "AaCePcBb",
      "name": "Осколок флюоресценции",
      "desc": "В начале хода получает 3 <sprite name=\"Breath\"><color=#f8c200><u><link=\"Breath\">Кумара</link></u></color> и его счетчик повышается на 2",
      "summary": "",
      "undefined": "-"
    },
    {
      "id": "AaCePcBc",
      "name": "Слепая одержимость",
      "desc": "Оглушается, если значение достигает 3",
      "summary": "",
      "undefined": "-"
    },
    {
      "id": "AaCePcBg",
      "name": "Личинка",
      "desc": "· В начале хода теряет СД пропорционально количеству на себе\n· В конце хода перемещается на союзника с наибольшими ОЗ",
      "summary": "",
      "undefined": "-"
    },
    {
      "id": "AaCePcBh",
      "name": "Зеленая слизь",
      "desc": "Создает Зеленую слизь на следующем ходу каждый раз, когда значение понижается",
      "summary": "",
      "undefined": "-"
    },
    {
      "id": "AaCePcBi",
      "name": "Прерывистый кумар",
      "desc": "· В конце хода теряет 5 <sprite name=\"Breath\"><color=#f8c200><u><link=\"Breath\">Кумара</link></u></color>\n· На 50% больше наносимого и получаемого урона",
      "summary": "Наносимый и получаемый урон +50%",
      "undefined": "-"
    },
    {
      "id": "AaCePcBj",
      "name": "Метка добычи",
      "desc": "Становится целью всех членов экипажа Пекода и получает от них на 50% больше урона",
      "summary": "Получает +50% больше урона от экипажа Пекода",
      "undefined": "-"
    },
    {
      "id": "AaCePcBk",
      "name": "Опутывание",
      "desc": "При применении на цели с <sprite name=\"AaCePcBl\"><color=#e30000><u><link=\"AaCePcBl\">Захватом</link></u></color> оглушает ее",
      "summary": "Оглушает цель с <sprite name=\"AaCePcBl\"><color=#e30000><u><link=\"AaCePcBl\">Захватом</link></u></color>",
      "undefined": "-"
    },
    {
      "id": "AaCePcBl",
      "name": "Захват",
      "desc": "При применении на цели с <sprite name=\"AaCePcBk\"><color=#e30000><u><link=\"AaCePcBk\">Опутыванием</link></u></color> оглушает ее",
      "summary": "Оглушает цель с <sprite name=\"AaCePcBk\"><color=#e30000><u><link=\"AaCePcBk\">Опутыванием</link></u></color>",
      "undefined": "-"
    },
    {
      "id": "AaCePcBn",
      "name": "Неоспоримый приказ",
      "desc": "· Теряет 10% текущих ОЗ при использовании навыка и его Итоговая сила повышается на 1\n· При попадании, Ахав восстанавливает 8 СД и получает вместе с этим союзником 2 <sprite name=\"Breath\"><color=#f8c200><u><link=\"Breath\">Кумара</link></u></color>",
      "summary": "Теряет ОЗ при использовании навыка, Итоговая сила +1",
      "undefined": "-"
    },
    {
      "id": "AaCePcBo",
      "name": "Эго Пипа",
      "desc": "· Восстанавливает 3 СД в начале хода за каждое значение\n· Уменьшается при использовании атаки 「Тяжесть вины」 после неудачного уворота\n· Оглушается в конце хода, если значение падает до 0",
      "summary": "",
      "undefined": "-"
    },
    {
      "id": "AaCePcBp",
      "name": "Эго Старбакс",
      "desc": "· Получает 1 <sprite name=\"Protection\"><color=#f8c200><u><link=\"Protection\">Защищенность</link></u></color> в начале хода за каждые 6 значения\n· Уменьшается за каждую монету, уничтоженную в столкновении с целью, на которой <sprite name=\"AaCePcBj\"><color=#e30000><u><link=\"AaCePcBj\">Метка добычи</link></u></color>\n· Оглушается в конце хода, если значение падает до 0",
      "summary": "",
      "undefined": "-"
    },
    {
      "id": "AaCePcBq",
      "name": "Эго Квикег",
      "desc": "В конце хода:\n· Увеличивает значение, если остались ОЗ щита\n· Теряет значение при отсутствии щита или использовании атаки 「Отбеленное искупление」\n· Оглушается, если значение падает до 0",
      "summary": "",
      "undefined": "-"
    },
    {
      "id": "AaCePcBe",
      "name": "Бледная паника",
      "desc": "<sprite name=\"MentalSystemResultDecrease_Typo\"><color=#9f6a3a><u><link=\"MentalSystemResultDecrease_Typo\">Эффективность потери СД</link></u></color> +2",
      "summary": "",
      "undefined": "-"
    },
    {
      "id": "AaCePcBf",
      "name": "Бледная паника",
      "desc": "· Получает 2 <sprite name=\"Binding\"><color=#e30000><u><link=\"Binding\">Поноса</link></u></color> в конце хода\n· Каждая монета выпадает решкой",
      "summary": "",
      "undefined": "-"
    },
    {
      "id": "AaCePcBr",
      "name": "Барьер поддержки",
      "desc": "· Значение уменьшается на величину полученного урона\n· Не истекает в конце хода\n· Оглушается на следующем ходу, если значение падает до 0",
      "summary": "",
      "undefined": "-"
    },
    {
      "id": "AaCePcBs",
      "name": "Защитная поддержка",
      "desc": "· Перенаправляет на себя все атаки, нацеленные на Ахав",
      "summary": "",
      "undefined": "-"
    },
    {
      "id": "AaCePcBt",
      "name": "Вспомогательная атака",
      "desc": "· После атаки Ахав, использует одностороннюю атаку по той же цели, что атаковала Ахав\n· Навык, используемый в этом действии, копирует все эффекты навыка 「Я Следую Приказам...」",
      "summary": "",
      "undefined": "-"
    }
  ]
}