{
    "dataList": [
        {
            "id": "Ch8_Ch1",
            "texts": [
                {
                    "texts": [
                        {
                            "text": "Solitude",
                            "additionPosX": 0.0,
                            "additionPoxY": 0.0,
                            "additionPosZ": 0.0,
                            "additionRotX": 0.0,
                            "additionRotY": 0.0,
                            "additionRotZ": 0.0,
                            "additionFontSize": 0.0,
                            "outlineColorCode": "#69350b54",
                            "outlineWidth": 0.0
                        }
                    ],
                    "positionX": -900.0,
                    "positionY": 0.0,
                    "positionZ": 0.0,
                    "rotationX": 0.0,
                    "rotationY": 0.0,
                    "rotationZ": 20.0,
                    "textAlignment": 513,
                    "fontSize": 200.0,
                    "colorCode": "#906644ff",
                    "startDelay": 0.0,
                    "textSpeedMultiplier": 1,
                    "isImmediate": false
                },
                {
                    "texts": [
                        {
                            "text": "Steadfast",
                            "additionPosX": 0.0,
                            "additionPoxY": 0.0,
                            "additionPosZ": 0.0,
                            "additionRotX": 0.0,
                            "additionRotY": 0.0,
                            "additionRotZ": 0.0,
                            "additionFontSize": 0.0,
                            "outlineColorCode": "#69350b54",
                            "outlineWidth": 0.0
                        }
                    ],
                    "positionX": -300.0,
                    "positionY": 0.0,
                    "positionZ": 0.0,
                    "rotationX": 0.0,
                    "rotationY": 0.0,
                    "rotationZ": 20.0,
                    "textAlignment": 513,
                    "fontSize": 200.0,
                    "colorCode": "#906644ff",
                    "startDelay": 1.6,
                    "textSpeedMultiplier": 1,
                    "isImmediate": false
                },
                {
                    "texts": [
                        {
                            "text": "Lingering",
                            "additionPosX": 0.0,
                            "additionPoxY": 0.0,
                            "additionPosZ": 0.0,
                            "additionRotX": 0.0,
                            "additionRotY": 0.0,
                            "additionRotZ": 0.0,
                            "additionFontSize": 0.0,
                            "outlineColorCode": "#69350b54",
                            "outlineWidth": 0.0
                        }
                    ],
                    "positionX": 320.0,
                    "positionY": 0.0,
                    "positionZ": 0.0,
                    "rotationX": 0.0,
                    "rotationY": 0.0,
                    "rotationZ": 20.0,
                    "textAlignment": 513,
                    "fontSize": 200.0,
                    "colorCode": "#906644ff",
                    "startDelay": 3.7,
                    "textSpeedMultiplier": 1,
                    "isImmediate": false
                }
            ],
            "effects": []
        },
        {
            "id": "Ch8_Ch2",
            "texts": [
                {
                    "texts": [
                        {
                            "text": "Loneliness",
                            "additionPosX": 0.0,
                            "additionPoxY": 0.0,
                            "additionPosZ": 0.0,
                            "additionRotX": 0.0,
                            "additionRotY": 0.0,
                            "additionRotZ": 0.0,
                            "additionFontSize": 0.0,
                            "outlineColorCode": "#f16c6c54",
                            "outlineWidth": 0.0
                        }
                    ],
                    "positionX": -850.0,
                    "positionY": 500.0,
                    "positionZ": 0.0,
                    "rotationX": 0.0,
                    "rotationY": 0.0,
                    "rotationZ": 0.0,
                    "textAlignment": 513,
                    "fontSize": 230.0,
                    "colorCode": "#8a0e0eff",
                    "startDelay": 0.0,
                    "textSpeedMultiplier": 1,
                    "isImmediate": false
                },
                {
                    "texts": [
                        {
                            "text": "Regret",
                            "additionPosX": 0.0,
                            "additionPoxY": 0.0,
                            "additionPosZ": 0.0,
                            "additionRotX": 0.0,
                            "additionRotY": 0.0,
                            "additionRotZ": 0.0,
                            "additionFontSize": 0.0,
                            "outlineColorCode": "#f16c6c54",
                            "outlineWidth": 0.0
                        }
                    ],
                    "positionX": -850.0,
                    "positionY": 250.0,
                    "positionZ": 0.0,
                    "rotationX": 0.0,
                    "rotationY": 0.0,
                    "rotationZ": 0.0,
                    "textAlignment": 513,
                    "fontSize": 230.0,
                    "colorCode": "#8a0e0eff",
                    "startDelay": 1.8,
                    "textSpeedMultiplier": 1,
                    "isImmediate": false
                },
                {
                    "texts": [
                        {
                            "text": "Anticipation",
                            "additionPosX": 0.0,
                            "additionPoxY": 0.0,
                            "additionPosZ": 0.0,
                            "additionRotX": 0.0,
                            "additionRotY": 0.0,
                            "additionRotZ": 0.0,
                            "additionFontSize": 0.0,
                            "outlineColorCode": "#f16c6c54",
                            "outlineWidth": 0.0
                        }
                    ],
                    "positionX": -850.0,
                    "positionY": 0.0,
                    "positionZ": 0.0,
                    "rotationX": 0.0,
                    "rotationY": 0.0,
                    "rotationZ": 0.0,
                    "textAlignment": 513,
                    "fontSize": 230.0,
                    "colorCode": "#8a0e0eff",
                    "startDelay": 3.6,
                    "textSpeedMultiplier": 1,
                    "isImmediate": false
                }
            ],
            "effects": []
        },
        {
            "id": "Ch8_Ch3",
            "texts": [
                {
                    "texts": [
                        {
                            "text": "Conflict",
                            "additionPosX": 0.0,
                            "additionPoxY": 0.0,
                            "additionPosZ": 0.0,
                            "additionRotX": 0.0,
                            "additionRotY": 0.0,
                            "additionRotZ": 0.0,
                            "additionFontSize": 0.0,
                            "outlineColorCode": "#c9de3554",
                            "outlineWidth": 0.0
                        }
                    ],
                    "positionX": -850.0,
                    "positionY": 450.0,
                    "positionZ": 0.0,
                    "rotationX": 0.0,
                    "rotationY": 0.0,
                    "rotationZ": 0.0,
                    "textAlignment": 513,
                    "fontSize": 200.0,
                    "colorCode": "#83911fff",
                    "startDelay": 0.0,
                    "textSpeedMultiplier": 1,
                    "isImmediate": false
                },
                {
                    "texts": [
                        {
                            "text": "Anguish",
                            "additionPosX": 0.0,
                            "additionPoxY": 0.0,
                            "additionPosZ": 0.0,
                            "additionRotX": 0.0,
                            "additionRotY": 0.0,
                            "additionRotZ": 0.0,
                            "additionFontSize": 0.0,
                            "outlineColorCode": "#c9de3554",
                            "outlineWidth": 0.0
                        }
                    ],
                    "positionX": 430.0,
                    "positionY": 450.0,
                    "positionZ": 0.0,
                    "rotationX": 0.0,
                    "rotationY": 0.0,
                    "rotationZ": 0.0,
                    "textAlignment": 513,
                    "fontSize": 200.0,
                    "colorCode": "#83911fff",
                    "startDelay": 1.8,
                    "textSpeedMultiplier": 1,
                    "isImmediate": false
                },
                {
                    "texts": [
                        {
                            "text": "Courage",
                            "additionPosX": 0.0,
                            "additionPoxY": 0.0,
                            "additionPosZ": 0.0,
                            "additionRotX": 0.0,
                            "additionRotY": 0.0,
                            "additionRotZ": 0.0,
                            "additionFontSize": 0.0,
                            "outlineColorCode": "#c9de3554",
                            "outlineWidth": 0.0
                        }
                    ],
                    "positionX": 430.0,
                    "positionY": -100.0,
                    "positionZ": 0.0,
                    "rotationX": 0.0,
                    "rotationY": 0.0,
                    "rotationZ": 0.0,
                    "textAlignment": 513,
                    "fontSize": 200.0,
                    "colorCode": "#83911fff",
                    "startDelay": 3.7,
                    "textSpeedMultiplier": 1,
                    "isImmediate": false
                }
            ],
            "effects": []
        },
        {
            "id": "Ch8_Ch4",
            "texts": [
                {
                    "texts": [
                        {
                            "text": "Longing",
                            "additionPosX": 0.0,
                            "additionPoxY": 0.0,
                            "additionPosZ": 0.0,
                            "additionRotX": 0.0,
                            "additionRotY": 0.0,
                            "additionRotZ": 0.0,
                            "additionFontSize": 0.0,
                            "outlineColorCode": "#eef8ff54",
                            "outlineWidth": 0.0
                        }
                    ],
                    "positionX": -900.0,
                    "positionY": -100.0,
                    "positionZ": 0.0,
                    "rotationX": 0.0,
                    "rotationY": 0.0,
                    "rotationZ": 0.0,
                    "textAlignment": 513,
                    "fontSize": 200.0,
                    "colorCode": "#98c1d7ff",
                    "startDelay": 0.0,
                    "textSpeedMultiplier": 1,
                    "isImmediate": false
                },
                {
                    "texts": [
                        {
                            "text": "Melancholy",
                            "additionPosX": 0.0,
                            "additionPoxY": 0.0,
                            "additionPosZ": 0.0,
                            "additionRotX": 0.0,
                            "additionRotY": 0.0,
                            "additionRotZ": 0.0,
                            "additionFontSize": 0.0,
                            "outlineColorCode": "#eef8ff54",
                            "outlineWidth": 0.0
                        }
                    ],
                    "positionX": -450.0,
                    "positionY": 400.0,
                    "positionZ": 0.0,
                    "rotationX": 0.0,
                    "rotationY": 0.0,
                    "rotationZ": 0.0,
                    "textAlignment": 513,
                    "fontSize": 200.0,
                    "colorCode": "#98c1d7ff",
                    "startDelay": 1.9,
                    "textSpeedMultiplier": 1,
                    "isImmediate": false
                },
                {
                    "texts": [
                        {
                            "text": "Warmth",
                            "additionPosX": 0.0,
                            "additionPoxY": 0.0,
                            "additionPosZ": 0.0,
                            "additionRotX": 0.0,
                            "additionRotY": 0.0,
                            "additionRotZ": 0.0,
                            "additionFontSize": 0.0,
                            "outlineColorCode": "#eef8ff54",
                            "outlineWidth": 0.0
                        }
                    ],
                    "positionX": 430.0,
                    "positionY": -100.0,
                    "positionZ": 0.0,
                    "rotationX": 0.0,
                    "rotationY": 0.0,
                    "rotationZ": 0.0,
                    "textAlignment": 513,
                    "fontSize": 200.0,
                    "colorCode": "#98c1d7ff",
                    "startDelay": 3.7,
                    "textSpeedMultiplier": 1,
                    "isImmediate": false
                }
            ],
            "effects": []
        },
        {
            "id": "Ch8_Ch5",
            "texts": [
                {
                    "texts": [
                        {
                            "text": "Passion",
                            "additionPosX": 0.0,
                            "additionPoxY": 0.0,
                            "additionPosZ": 0.0,
                            "additionRotX": 0.0,
                            "additionRotY": 0.0,
                            "additionRotZ": 0.0,
                            "additionFontSize": 0.0,
                            "outlineColorCode": "#ffdab254",
                            "outlineWidth": 0.0
                        }
                    ],
                    "positionX": -850.0,
                    "positionY": 0.0,
                    "positionZ": 0.0,
                    "rotationX": 0.0,
                    "rotationY": 0.0,
                    "rotationZ": 20.0,
                    "textAlignment": 513,
                    "fontSize": 200.0,
                    "colorCode": "#ff9500ff",
                    "startDelay": 0.0,
                    "textSpeedMultiplier": 1,
                    "isImmediate": false
                },
                {
                    "texts": [
                        {
                            "text": "Adventure",
                            "additionPosX": 0.0,
                            "additionPoxY": 0.0,
                            "additionPosZ": 0.0,
                            "additionRotX": 0.0,
                            "additionRotY": 0.0,
                            "additionRotZ": 0.0,
                            "additionFontSize": 0.0,
                            "outlineColorCode": "#ffdab254",
                            "outlineWidth": 0.0
                        }
                    ],
                    "positionX": -270.0,
                    "positionY": 0.0,
                    "positionZ": 0.0,
                    "rotationX": 0.0,
                    "rotationY": 0.0,
                    "rotationZ": 20.0,
                    "textAlignment": 513,
                    "fontSize": 200.0,
                    "colorCode": "#ff9500ff",
                    "startDelay": 1.9,
                    "textSpeedMultiplier": 1,
                    "isImmediate": false
                },
                {
                    "texts": [
                        {
                            "text": "Ferocity",
                            "additionPosX": 0.0,
                            "additionPoxY": 0.0,
                            "additionPosZ": 0.0,
                            "additionRotX": 0.0,
                            "additionRotY": 0.0,
                            "additionRotZ": 0.0,
                            "additionFontSize": 0.0,
                            "outlineColorCode": "#ffdab254",
                            "outlineWidth": 0.0
                        }
                    ],
                    "positionX": 450.0,
                    "positionY": 0.0,
                    "positionZ": 0.0,
                    "rotationX": 0.0,
                    "rotationY": 0.0,
                    "rotationZ": 20.0,
                    "textAlignment": 513,
                    "fontSize": 200.0,
                    "colorCode": "#ff9500ff",
                    "startDelay": 4.0,
                    "textSpeedMultiplier": 1,
                    "isImmediate": false
                }
            ],
            "effects": []
        },
        {
            "id": "Ch8_Ch6",
            "texts": [
                {
                    "texts": [
                        {
                            "text": "Futility",
                            "additionPosX": 0.0,
                            "additionPoxY": 0.0,
                            "additionPosZ": 0.0,
                            "additionRotX": 0.0,
                            "additionRotY": 0.0,
                            "additionRotZ": 0.0,
                            "additionFontSize": 0.0,
                            "outlineColorCode": "#4e307654",
                            "outlineWidth": 0.0
                        }
                    ],
                    "positionX": -850.0,
                    "positionY": 400.0,
                    "positionZ": 0.0,
                    "rotationX": 0.0,
                    "rotationY": 0.0,
                    "rotationZ": 0.0,
                    "textAlignment": 513,
                    "fontSize": 270.0,
                    "colorCode": "#8361b1ff",
                    "startDelay": 0.0,
                    "textSpeedMultiplier": 1,
                    "isImmediate": false
                },
                {
                    "texts": [
                        {
                            "text": "Determination",
                            "additionPosX": 0.0,
                            "additionPoxY": 0.0,
                            "additionPosZ": 0.0,
                            "additionRotX": 0.0,
                            "additionRotY": 0.0,
                            "additionRotZ": 0.0,
                            "additionFontSize": 0.0,
                            "outlineColorCode": "#4e307654",
                            "outlineWidth": 0.0
                        }
                    ],
                    "positionX": -800.0,
                    "positionY": 150.0,
                    "positionZ": 0.0,
                    "rotationX": 0.0,
                    "rotationY": 0.0,
                    "rotationZ": 0.0,
                    "textAlignment": 513,
                    "fontSize": 270.0,
                    "colorCode": "#8361b1ff",
                    "startDelay": 2.0,
                    "textSpeedMultiplier": 1,
                    "isImmediate": false
                },
                {
                    "texts": [
                        {
                            "text": "Love",
                            "additionPosX": 0.0,
                            "additionPoxY": 0.0,
                            "additionPosZ": 0.0,
                            "additionRotX": 0.0,
                            "additionRotY": 0.0,
                            "additionRotZ": 0.0,
                            "additionFontSize": 0.0,
                            "outlineColorCode": "#4e307654",
                            "outlineWidth": 0.0
                        }
                    ],
                    "positionX": 650.0,
                    "positionY": -100.0,
                    "positionZ": 0.0,
                    "rotationX": 0.0,
                    "rotationY": 0.0,
                    "rotationZ": 0.0,
                    "textAlignment": 513,
                    "fontSize": 270.0,
                    "colorCode": "#8361b1ff",
                    "startDelay": 3.7,
                    "textSpeedMultiplier": 0.5,
                    "isImmediate": false
                }
            ],
            "effects": []
        },
        {
            "id": "Ch8_Ch7",
            "texts": [
                {
                    "texts": [
                        {
                            "text": "Exhilaration",
                            "additionPosX": 0.0,
                            "additionPoxY": 0.0,
                            "additionPosZ": 0.0,
                            "additionRotX": 0.0,
                            "additionRotY": 0.0,
                            "additionRotZ": 0.0,
                            "additionFontSize": 0.0,
                            "outlineColorCode": "#a59a1354",
                            "outlineWidth": 0.0
                        }
                    ],
                    "positionX": -170.0,
                    "positionY": 450.0,
                    "positionZ": 0.0,
                    "rotationX": 0.0,
                    "rotationY": 0.0,
                    "rotationZ": 0.0,
                    "textAlignment": 513,
                    "fontSize": 230.0,
                    "colorCode": "#f1e54dff",
                    "startDelay": 0.0,
                    "textSpeedMultiplier": 1.0,
                    "isImmediate": false
                },
                {
                    "texts": [
                        {
                            "text": "Tragedy",
                            "additionPosX": 0.0,
                            "additionPoxY": 0.0,
                            "additionPosZ": 0.0,
                            "additionRotX": 0.0,
                            "additionRotY": 0.0,
                            "additionRotZ": 0.0,
                            "additionFontSize": 0.0,
                            "outlineColorCode": "#a59a1354",
                            "outlineWidth": 0.0
                        }
                    ],
                    "positionX": 330.0,
                    "positionY": 200.0,
                    "positionZ": 0.0,
                    "rotationX": 0.0,
                    "rotationY": 0.0,
                    "rotationZ": 0.0,
                    "textAlignment": 513,
                    "fontSize": 230.0,
                    "colorCode": "#f1e54dff",
                    "startDelay": 2.3,
                    "textSpeedMultiplier": 1,
                    "isImmediate": false
                },
                {
                    "texts": [
                        {
                            "text": "Excitement",
                            "additionPosX": 0.0,
                            "additionPoxY": 0.0,
                            "additionPosZ": 0.0,
                            "additionRotX": 0.0,
                            "additionRotY": 0.0,
                            "additionRotZ": 0.0,
                            "additionFontSize": 0.0,
                            "outlineColorCode": "#a59a1354",
                            "outlineWidth": 0.0
                        }
                    ],
                    "positionX": -50.0,
                    "positionY": -50.0,
                    "positionZ": 0.0,
                    "rotationX": 0.0,
                    "rotationY": 0.0,
                    "rotationZ": 0.0,
                    "textAlignment": 513,
                    "fontSize": 230.0,
                    "colorCode": "#f1e54dff",
                    "startDelay": 3.9,
                    "textSpeedMultiplier": 1,
                    "isImmediate": false
                }
            ],
            "effects": []
        }
    ]
}