﻿{
  "dataList": [
    {
      "id": "daily_login_event_2_event_Title",
      "content": "Особая перекличка"
    },
    {
      "id": "daily_login_event_2_event_description",
      "content": "※ Заходите каждый день\nи получайте большие награды.\n\n※ Заходите в игру после ежедневного ресета\nи пробивайте лист переклички.\n\n※ Но когда ивент закончится,\nВы не сможете забрать награды.\nПробейте весь лист до окончания ивента."
    },
    {
      "id": "new_user_daily_login_day",
      "content": "День {0}"
    }
  ]
}