﻿{
  "dataList": [
    {
      "id": "daily_login_event_title",
      "content": "Перекличка"
    },
    {
      "id": "daily_login_event_description",
      "content": "※ Вы получаете награду за ежедневный заход в игру в период между 00:00 и 23:59 (МСК).\n※ Несобранные награды сгорают на следующий день, так что не забудьте забрать их вовремя."
    },
    {
      "id": "daily_login_event_weekly_format",
      "content": "{0} неделя"
    },
    {
      "id": "daily_login_halloween_title",
      "content": "Хеллоуинская перекличка"
    },
    {
      "id": "daily_login_halloween_desc",
      "content": "▶ Получите 「Билет децизвлечения」, пробив лист 7 раз."
    },
    {
      "id": "daily_login_seventh_anniversary_desc",
      "content": "Войдите во время проведения ивента\nи получите билет Децизвлечения"
    }
  ]
}