﻿{
  "dataList": [
    {
      "id": 10201,
      "stageList": [
        {
          "id": 10,
          "title": "Вход в шахту",
          "desc": "Мы смогли одержать победу в карточной игре и спуститься под землю, но филиал «Лоботомии» уже занят работниками и должниками казино. Рабы беспрестанно копают, охранники за ними следят, а грехи, грызут стальные прутья клеток. И нам придётся пройти через них."
        },
        {
          "id": 20,
          "title": "Первая шахта",
          "desc": "Мы смогли одержать победу в карточной игре и спуститься под землю, но филиал «Лоботомии» уже занят работниками и должниками казино. Рабы беспрестанно копают, охранники за ними следят, а грехи, грызут стальные прутья клеток. И нам придётся пройти через них. "
        },
        {
          "id": 21,
          "title": "Вторая шахта",
          "desc": "Мы смогли одержать победу в карточной игре и спуститься под землю, но филиал «Лоботомии» уже занят работниками и должниками казино. Рабы беспрестанно копают, охранники за ними следят, а грехи, грызут стальные прутья клеток. И нам придётся пройти через них. "
        },
        {
          "id": 22,
          "title": "Третья шахта",
          "desc": "Мы смогли одержать победу в карточной игре и спуститься под землю, но филиал «Лоботомии» уже занят работниками и должниками казино. Рабы беспрестанно копают, охранники за ними следят, а грехи, грызут стальные прутья клеток. И нам придётся пройти через них. "
        },
        {
          "id": 30,
          "title": "Четвёртая шахта",
          "desc": "Мы смогли одержать победу в карточной игре и спуститься под землю, но филиал «Лоботомии» уже занят работниками и должниками казино. Рабы беспрестанно копают, охранники за ними следят, а грехи, грызут стальные прутья клеток. И нам придётся пройти через них. "
        },
        {
          "id": 31,
          "title": "Станция со взрывчаткой",
          "desc": "Мы смогли одержать победу в карточной игре и спуститься под землю, но филиал «Лоботомии» уже занят работниками и должниками казино. Рабы беспрестанно копают, охранники за ними следят, а грехи, грызут стальные прутья клеток. И нам придётся пройти через них. "
        },
        {
          "id": 40,
          "title": "Убежище",
          "desc": "Мы смогли одержать победу в карточной игре и спуститься под землю, но филиал «Лоботомии» уже занят работниками и должниками казино. Рабы беспрестанно копают, охранники за ними следят, а грехи, грызут стальные прутья клеток. И нам придётся пройти через них. "
        },
        {
          "id": 50,
          "title": "Путь к подземной фабрике",
          "desc": "Непревзойдённая игра Грегора вызвала бурю эмоций у охранников, и те выпустили грехи. Однако, грехи… Похоже, они не следуют чьим-то приказам, а лишь нападают на тех, кто встал у них на пути. Значит… "
        },
        {
          "id": 110,
          "title": "Линия №1",
          "desc": "Не без испытаний, мы пробились на следующий этаж. Перед нашими глазами несколько ярких, цветастых ящиков. Мне кажется, или правда, ступив в эти пустые комнаты, становится только более зловеще?"
        },
        {
          "id": 111,
          "title": "Линия №2",
          "desc": "Не без испытаний, мы пробились на следующий этаж. Перед нашими глазами несколько ярких, цветастых ящиков. Мне кажется, или правда, ступив в эти пустые комнаты, становится только более зловеще?"
        },
        {
          "id": 112,
          "title": "Линия №3",
          "desc": "Не без испытаний, мы пробились на следующий этаж. Перед нашими глазами несколько ярких, цветастых ящиков. Мне кажется, или правда, ступив в эти пустые комнаты, становится только более зловеще?"
        },
        {
          "id": 120,
          "title": "Цех для литья",
          "desc": "Песня полна радости, но мы должны пробиться сквозь ряды жестоких киборгов, заполонивших это место."
        },
        {
          "id": 121,
          "title": "Цех с цветным автоматом",
          "desc": "Песня полна радости, но мы должны пробиться сквозь ряды жестоких киборгов, заполонивших это место."
        },
        {
          "id": 130,
          "title": "Цех для сборки",
          "desc": "Песня полна радости, но мы должны пробиться сквозь ряды жестоких киборгов, заполонивших это место."
        },
        {
          "id": 140,
          "title": "Мастерская оснащения",
          "desc": "Песня полна радости, но мы должны пробиться сквозь ряды жестоких киборгов, заполонивших это место."
        },
        {
          "id": 151,
          "title": "Экстренная электростанция",
          "desc": "Песня полна радости, но мы должны пробиться сквозь ряды жестоких киборгов, заполонивших это место."
        },
        {
          "id": 150,
          "title": "Захватывающая комната с рулеткой",
          "desc": "Песня полна радости, но мы должны пробиться сквозь ряды жестоких киборгов, заполонивших это место."
        },
        {
          "id": 10214,
          "title": "Экстренная электростанция",
          "desc": "Песня полна радости, но мы должны пробиться сквозь ряды жестоких киборгов, заполонивших это место."
        },
        {
          "id": 160,
          "title": "Помещения для проверки безопасности",
          "desc": "Песня полна радости, но мы должны пробиться сквозь ряды жестоких киборгов, заполонивших это место."
        },
        {
          "id": 170,
          "title": "Цех окончательной обработки",
          "desc": "Песня полна радости, но мы должны пробиться сквозь ряды жестоких киборгов, заполонивших это место."
        },
        {
          "id": 161,
          "title": "Комната проверки",
          "desc": "Песня полна радости, но мы должны пробиться сквозь ряды жестоких киборгов, заполонивших это место."
        },
        {
          "id": 171,
          "title": "Полигон для утилизации отходов",
          "desc": "Песня полна радости, но мы должны пробиться сквозь ряды жестоких киборгов, заполонивших это место."
        },
        {
          "id": 180,
          "title": "Комната наблюдения",
          "desc": "Песня полна радости, но мы должны пробиться сквозь ряды жестоких киборгов, заполонивших это место."
        },
        {
          "id": 190,
          "title": "Форсированная база",
          "desc": "Песня полна радости, но мы должны пробиться сквозь ряды жестоких киборгов, заполонивших это место."
        },
        {
          "id": 200,
          "title": "Заснеженный перекрёсток",
          "desc": "Покинув этаж с контейнерами, мы почувствовали холодный воздух, окружавший нас. Судя по льду, покрывшему всё, можно предположить, что скоро мы завершим наш поход."
        },
        {
          "id": 210,
          "title": "Вьюга",
          "desc": "Покинув этаж с контейнерами, мы почувствовали холодный воздух, окружавший нас. Судя по льду, покрывшему всё, можно предположить, что скоро мы завершим наш поход."
        },
        {
          "id": 211,
          "title": "Вьюга",
          "desc": "Покинув этаж с контейнерами, мы почувствовали холодный воздух, окружавший нас. Судя по льду, покрывшему всё, можно предположить, что скоро мы завершим наш поход."
        },
        {
          "id": 220,
          "title": "Замёрзшие руины",
          "desc": "Покинув этаж с контейнерами, мы почувствовали холодный воздух, окружавший нас. Судя по льду, покрывшему всё, можно предположить, что скоро мы завершим наш поход."
        },
        {
          "id": 221,
          "title": "Захороненное укрытие",
          "desc": "Покинув этаж с контейнерами, мы почувствовали холодный воздух, окружавший нас. Судя по льду, покрывшему всё, можно предположить, что скоро мы завершим наш поход."
        },
        {
          "id": 230,
          "title": "Вьюга",
          "desc": "Покинув этаж с контейнерами, мы почувствовали холодный воздух, окружавший нас. Судя по льду, покрывшему всё, можно предположить, что скоро мы завершим наш поход."
        },
        {
          "id": 231,
          "title": "Вьюга",
          "desc": "Покинув этаж с контейнерами, мы почувствовали холодный воздух, окружавший нас. Судя по льду, покрывшему всё, можно предположить, что скоро мы завершим наш поход."
        },
        {
          "id": 240,
          "title": "Разрушенный посёлок",
          "desc": "Покинув этаж с контейнерами, мы почувствовали холодный воздух, окружавший нас. Судя по льду, покрывшему всё, можно предположить, что скоро мы завершим наш поход."
        },
        {
          "id": 250,
          "title": "Дворец, где покоятся земляки",
          "desc": "После пересечения залы, покрытые льдом, мы добрались до конца шахты. И, перед гигантским ледяным дворцом… Нас встретил неджданный гость."
        },
        {
          "id": 0,
          "title": "Хранилище"
        },
        {
          "id": 100,
          "title": "Вход на фабрику"
        },
        {
          "id": 200,
          "title": "Заснеженный перекрёсток"
        }
      ]
    }
  ]
}