﻿{
  "dataList": [
    {
      "id": 1001,
      "name": "신도의 가면",
      "desc": "중요 환상체 격리소 전투 시 3턴 동안 모든 적에게 피해량 감소 3 부여"
    },
    {
      "id": 1002,
      "name": "허름한 붕대",
      "desc": "모든 아군 최대 체력 +10%"
    },
    {
      "id": 1003,
      "name": "짓물린 파편",
      "desc": "모든 아군 최대 체력 +20%"
    },
    {
      "id": 1004,
      "name": "피 묻은 신도의 가면",
      "desc": "중요 환상체 격리소 전투 시 3턴 동안 모든 적에게 약화, 취약 2 부여"
    },
    {
      "id": 1005,
      "name": "흑단 브로치",
      "desc": "매 전투의 첫 턴마다 모든 적에게 속박 1 부여"
    },
    {
      "id": 1006,
      "name": "종말의 부조",
      "desc": "공격 시 코인이 모두 앞면이 나오면 대상에게 화상 1 부여"
    },
    {
      "id": 1011,
      "name": "장난감 주먹",
      "desc": "모든 아군의 피해량 +10%"
    },
    {
      "id": 1012,
      "name": "장난감 발",
      "desc": "모든 아군의 속도 +1"
    },
    {
      "id": 1013,
      "name": "장난감 나사",
      "desc": "모든 아군의 최대 체력 +10%",
      "abnormalityName": "강화 인간"
    },
    {
      "id": 1014,
      "name": "무지개 태엽",
      "desc": "겨루기에서 패배하여 피격 시 피해를 2 감소 시킨다."
    },
    {
      "id": 1015,
      "name": "녹슨 태엽",
      "desc": "겨루기에서 패배하여 피격 시 50% 확률로 피해를 2 감소 시킨다."
    },
    {
      "id": 1016,
      "name": "행복한 얼굴",
      "desc": "턴 시작 시 체력이 25% 이하인 아군에게 긴급 시술을 부여한다. (전투 당 1회)"
    },
    {
      "id": 1017,
      "name": "희망찬 눈동자",
      "desc": "턴 시작 시 체력이 가장 낮은 캐릭터가 속박을 1 얻고, 체력, 정신력을 6 회복한다. "
    },
    {
      "id": 1018,
      "name": "분홍 리본",
      "desc": "공격 적중 시 50% 확률로 다음 턴 시작 시 휘감는 리본을 1 부여한다. (스킬 당 1회)"
    },
    {
      "id": 1031,
      "name": "용기의 조각",
      "desc": "던전 내 특정 이벤트에서 획득 가능. 마지막 전투에서 이 EGO GIFT의 보유 개수가 3개 이상이면, 싱클레어가 특수한 효과를 얻음."
    },
    {
      "id": 1032,
      "name": "횃불 더미",
      "desc": "다음 3번의 전투 동안 신속 3을 얻은 상태로 전투 시작. 전투 3회 종료 후 소멸"
    },
    {
      "id": 1033,
      "name": "옛 창고의 열쇠",
      "desc": "옛 창고의 선택지 진행에 사용됨. 해당 선택지 사용 시 소멸."
    },
    {
      "id": 1034,
      "name": "핏빛 갈기",
      "desc": "이전 턴에 피해를 받지 않았으면, 신속 3을 얻음"
    },
    {
      "id": 1035,
      "name": "경화된 살점",
      "desc": "이전 턴에 피해를 받지 않았으면, 보호 2를 얻음. 이전 턴에 피해를 받았으면, 취약 2를 얻음"
    },
    {
      "id": 1036,
      "name": "경계하는 눈동자",
      "desc": "이전 턴에 피해를 10 이상 받았으면,턴 시작 시 속박 2, 강화 2를 얻음"
    },
    {
      "id": 1037,
      "name": "N사의 인장",
      "desc": "적을 흐트러짐 상태로 만들 때 체력, 정신력 5 회복."
    },
    {
      "id": 1038,
      "name": "순수함의 증표",
      "desc": "해당 의식을 진행한 인격의 분노 속성 스킬 최종 위력 +2"
    },
    {
      "id": 1039,
      "name": "눈물의 증표",
      "desc": "해당 의식을 진행한 인격의 우울 속성 스킬 최종 위력 +2"
    },
    {
      "id": 1040,
      "name": "빛나는 두개골",
      "desc": "이전 턴에 피해를 10 이상 받았으면, 턴 시작 시 체력 5-15 회복"
    },
    {
      "id": 1041,
      "name": "피 흘리는 손",
      "desc": "체력이 50% 미만일 때 강화 1을 얻음"
    },
    {
      "id": 1042,
      "name": "조롱하는 혓바닥",
      "desc": "대상의 속도가 자신보다 낮을 때 스킬 최종 위력 +1"
    },
    {
      "id": 1043,
      "name": "속죄의 증표",
      "desc": "해당 의식을 진행한 인격의 색욕 속성 스킬 최종 위력 +2"
    },
    {
      "id": 1044,
      "name": "의식의 자격",
      "desc": "모든 아군이 색욕 속성으로 받는 피해 20% 감소"
    },
    {
      "id": 1045,
      "name": "파고드는 비늘",
      "desc": "이전 턴에 피해를 10 이상 받았으면, 턴 시작 시 받는 피해량 증가, 가하는 피해량 증가 2를 얻음"
    },
    {
      "id": 1046,
      "name": "초록빛 허물",
      "desc": "아군 1명의 체력이 1이 되면 사망하지 않고, 다음 턴에 체력을 최대 체력의 50%만큼 회복함. "
    },
    {
      "id": 1047,
      "name": "잘린 뱀 머리",
      "desc": "아군 1명의 체력이 1이 되면 사망하지 않고, 다음 2턴동안 불사 상태로 강화 3, 신속 3을 얻음.불사 상태 종료 시 해당 아군 사망."
    },
    {
      "id": 1048,
      "name": "투구",
      "desc": "모든 아군의 방어력 +10%"
    },
    {
      "id": 1049,
      "name": "망치",
      "desc": "모든 아군의 타격 스킬 피해량 +10%"
    },
    {
      "id": 1050,
      "name": "못",
      "desc": "모든 아군의 관통 스킬 피해량 +10%"
    },
    {
      "id": 1051,
      "name": "못과 망치의 책",
      "desc": "해당 선택지를 진행한 인격의 오만 속성 스킬 피해량 +20%"
    },
    {
      "id": 9001,
      "name": "지옥나비의 꿈",
      "desc": "지옥나비의 꿈 효과"
    },
    {
      "id": 9002,
      "name": "도착증",
      "desc": "도착증 효과"
    },
    {
      "id": 9003,
      "name": "재에서 재로",
      "desc": "재에서 재로 효과"
    },
    {
      "id": 9004,
      "name": "혈액 포집팩",
      "desc": "혈액 포집팩 효과"
    },
    {
      "id": 9005,
      "name": "상처붙이",
      "desc": "상처붙이 효과"
    },
    {
      "id": 9006,
      "name": "커피와 종이학",
      "desc": "커피와 종이학 효과"
    },
    {
      "id": 9007,
      "name": "주홍 나방떼",
      "desc": "주홍 나방떼 효과"
    },
    {
      "id": 9008,
      "name": "늘어붙은 쇠말뚝",
      "desc": "늘어붙은 쇠말뚝 효과"
    },
    {
      "id": 9009,
      "name": "작열우모",
      "desc": "작열우모 효과"
    },
    {
      "id": 9010,
      "name": "블러디 가젯",
      "desc": "블러디 가젯 효과"
    },
    {
      "id": 9011,
      "name": "여우비",
      "desc": "여우비 효과"
    },
    {
      "id": 9012,
      "name": "오늘의 표정",
      "desc": "오늘의 표정 효과"
    },
    {
      "id": 9013,
      "name": "부적 묶음",
      "desc": "부적 묶음 효과"
    },
    {
      "id": 9014,
      "name": "녹슨 기념 주화",
      "desc": "녹슨 기념 주화 효과"
    },
    {
      "id": 9015,
      "name": "고혈",
      "desc": "고혈 효과"
    },
    {
      "id": 9016,
      "name": "초록빛 결실",
      "desc": "초록빛 결실 효과"
    },
    {
      "id": 9017,
      "name": "문자 석판",
      "desc": "문자 석판 효과ㅓ"
    },
    {
      "id": 9018,
      "name": "장미 면류관",
      "desc": "장미 면류관 효과"
    },
    {
      "id": 9019,
      "name": "끈적거리는 진액",
      "desc": "끈적거리는 진액 효과"
    },
    {
      "id": 9020,
      "name": "흰 국화",
      "desc": "흰 국화 효과"
    },
    {
      "id": 9021,
      "name": "쪽빛 지포라이터",
      "desc": "쪽빛 지포라이터 효과"
    },
    {
      "id": 9022,
      "name": "환상통",
      "desc": "환상통 효과"
    },
    {
      "id": 9023,
      "name": "벼락가지",
      "desc": "벼락가지 효과"
    },
    {
      "id": 9024,
      "name": "녹아내린 눈알",
      "desc": "녹아내린 눈알 효과"
    },
    {
      "id": 9025,
      "name": "잿빛 코트",
      "desc": "잿빛 코트 효과"
    },
    {
      "id": 9026,
      "name": "대기만성형 타투",
      "desc": "대기만성형 타투 효과"
    },
    {
      "id": 9027,
      "name": "가장 낮은 별",
      "desc": "가장 낮은 별 효과"
    },
    {
      "id": 9028,
      "name": "편견",
      "desc": "편견 효과"
    },
    {
      "id": 9029,
      "name": "작고 나쁠 인형",
      "desc": "작고 나쁠 인형 효과"
    },
    {
      "id": 9030,
      "name": "수집하는 해골",
      "desc": "수집하는 해골 효과"
    },
    {
      "id": 9031,
      "name": "닉시 다이버전스",
      "desc": "닉시 다이버전스 효과"
    },
    {
      "id": 9032,
      "name": "꿈을 꾸는 전기양",
      "desc": "꿈을 꾸는 전기양 효과"
    },
    {
      "id": 9033,
      "name": "근무용 통상 배터리",
      "desc": "근무용 통상 배터리 효과"
    },
    {
      "id": 9034,
      "name": "일점타격논리회로",
      "desc": "일점타격논리회로 효과"
    },
    {
      "id": 9035,
      "name": "저주 인형",
      "desc": "저주 인형 효과"
    },
    {
      "id": 9036,
      "name": "카르밀라",
      "desc": "카르밀라 효과"
    },
    {
      "id": 9037,
      "name": "플라스크 속의 아이",
      "desc": "플라스크 속의 아이 효과"
    },
    {
      "id": 9038,
      "name": "환상 사냥",
      "desc": "환상 사냥 효과"
    },
    {
      "id": 9039,
      "name": "귀로",
      "desc": "귀로 효과"
    },
    {
      "id": 9040,
      "name": "내일의 운세",
      "desc": "내일의 운세 효과"
    }
  ]
}