﻿{
  "dataList": [
    {
      "id": 2027,
      "name": "Тетрадь смерти",
      "desc": "Начало первого хода столкновения: дает случайный ЭГО ресурс, равный количеству противников.\n\nЕсли же на поле боя 4 и более Айдишки Родословной MTL или картеля «Кресчент», на поле боя, дает ЭГО ресурс наименее имеющегося Греха вместо этого.",
      "simpleDesc": [
        {
          "abilityID": 2027,
          "simpleDesc": "Дает случайный ЭГО ресурс"
        },
        {
          "abilityID": 20271,
          "simpleDesc": "Дает наименее имеющийся ЭГО ресурс"
        }
      ]
    },
    {
      "id": 2028,
      "name": "Ручка от ножа для говна",
      "desc": "Начало хода: все союзники получают 1 <sprite name=\"SlashResultUp\"><color=#f8c200><u><link=\"SlashResultUp\">Повышение силы Рубящих атак</link></u></color>.\n\nАйдишки же Родословной MTL или картеля «Кресчент» получают 2 <sprite name=\"SlashResultUp\"><color=#f8c200><u><link=\"SlashResultUp\">Повышения силы Рубящей атаки</link></u></color> вместо этого.",
      "simpleDesc": [
        {
          "abilityID": 2028,
          "simpleDesc": "Дает 1 <sprite name=\"SlashResultUp\"><color=#f8c200><u><link=\"SlashResultUp\">Повышение силы Рубящей атаки</link></u></color>"
        },
        {
          "abilityID": 20281,
          "simpleDesc": "Дает 2 <sprite name=\"SlashResultUp\"><color=#f8c200><u><link=\"SlashResultUp\">Повышения силы Рубящей атаки</link></u></color>"
        }
      ]
    },
    {
      "id": 2029,
      "name": "Нож для говна Кресчента",
      "desc": "На протяжении битвы: при первом нанесении спомощью эффектов навыков силы <sprite name=\"Laceration\"><color=#e30000><u><link=\"Laceration\">Кетчупа</link></u></color>, повышения его счетчика, или нанесении Особого Кетчупа, дополнительно повышает счетчик <sprite name=\"Laceration\"><color=#e30000><u><link=\"Laceration\">Кетчупа</link></u></color> на 2. (Единожды за битву)\n\nАйдишки же картеля «Кресчент», при нанесении урона противнику впервые, наносят 4 <sprite name=\"Laceration\"><color=#e30000><u><link=\"Laceration\">Кетчупа</link></u></color> и повышают его счетчик на 4 вместо этого.",
      "simpleDesc": [
        {
          "abilityID": 2029,
          "simpleDesc": "Дополнительно повышает счетчик <sprite name=\"Laceration\"><color=#e30000><u><link=\"Laceration\">Кетчупа</link></u></color> на 2"
        },
        {
          "abilityID": 20291,
          "simpleDesc": "Дополнительно наносит 4 единицы потенциала <sprite name=\"Laceration\"><color=#e30000><u><link=\"Laceration\">Кетчупа</link></u></color> и повышает его счетчик на 4"
        }
      ]
    },
    {
      "id": 2030,
      "name": "Нож для говна МТЛ",
      "desc": "При раскумаре, дополнительно наносит (<sprite name=\"Breath\"><color=#f8c200><u><link=\"Breath\">Кумара</link></u></color> на себе / 3) урона Гордыней.\n\nАйдишки же Родословной MTL при раскумаре дополнительно наносят (<sprite name=\"Breath\"><color=#f8c200><u><link=\"Breath\">Кумара</link></u></color> на себе / 2) урона Гордыней вместо этого.",
      "simpleDesc": [
        {
          "abilityID": 2030,
          "simpleDesc": "Наносит (<sprite name=\"Breath\"><color=#f8c200><u><link=\"Breath\">Кумара</link></u></color> на себе / 3) урона Гордыней"
        },
        {
          "abilityID": 20301,
          "simpleDesc": "Наносит (<sprite name=\"Breath\"><color=#f8c200><u><link=\"Breath\">Кумара</link></u></color> на себе / 2) урона Гордыней"
        }
      ]
    },
    {
      "id": 2031,
      "name": "Хвост Май Литтл Пони",
      "desc": "Если сопротивление цели к Рубящему урону 1.5 и менее, сопротивление к Рубящему урону увеличивается на 0.3.",
      "simpleDesc": [
        {
          "abilityID": 2031,
          "simpleDesc": "Сопротивение цели к Рубящему урону увеличивается на 0.3"
        }
      ]
    },
    {
      "id": 2032,
      "name": "Самотык Кресчента",
      "desc": "Начало столкновения: эффект активируется при наличии 3 и более айдишек картеля «Кресчент» на поле боя.\n\nНачало хода: все союзники получают 2 <sprite name=\"SlashResultUp\"><color=#f8c200><u><link=\"SlashResultUp\">Повышения силы Рубящей атаки</link></u></color> и наносят на 35% больше Рубящего урона.\n\nНачало хода: когда айдишка картеля «Кресчент» впервые наносит урон, наносит дополнительные 4 <sprite name=\"Laceration\"><color=#e30000><u><link=\"Laceration\">Кетчупа</link></u></color> и повышает его счетчик на 4. (Единожды за ход)",
      "simpleDesc": [
        {
          "abilityID": 2032,
          "simpleDesc": "Дает 2 <sprite name=\"SlashResultUp\"><color=#f8c200><u><link=\"SlashResultUp\">Повышения силы Рубящей атаки</link></u></color>, Рубящий урон увеличивается на 35%"
        },
        {
          "abilityID": 20321,
          "simpleDesc": "Наносит дополнительные 4 <sprite name=\"Laceration\"><color=#e30000><u><link=\"Laceration\">Кетчупа</link></u></color> и повышает его счетчик на 4"
        }
      ]
    },
    {
      "id": 2033,
      "name": "Самотык МТЛ",
      "desc": "Начало столкновения: эффект активируется при наличии 3 и более айдишек Родословной MTL на поле боя.\n\nНачало хода: все союзники получают 2 <sprite name=\"SlashResultUp\"><color=#f8c200><u><link=\"SlashResultUp\">Повышения силы Рубящей атаки</link></u></color> и наносят на 35% больше Рубящего урона.\n\nНачало хода: когда айдишка Родословной MTL наносит раскумар, наносит дополнительный урон Гордыней, равный силе <sprite name=\"Breath\"><color=#f8c200><u><link=\"Breath\">Кумара</link></u></color> на себе.",
      "simpleDesc": [
        {
          "abilityID": 2033,
          "simpleDesc": "Дает 2 <sprite name=\"SlashResultUp\"><color=#f8c200><u><link=\"SlashResultUp\">Повышения силы Рубящей атаки</link></u></color>"
        },
        {
          "abilityID": 20331,
          "simpleDesc": "Наносит дополнительный урон Гордыней, равный потенциалу <sprite name=\"Breath\"><color=#f8c200><u><link=\"Breath\">Кумара</link></u></color> на себе."
        }
      ]
    },
    {
      "id": 2034,
      "name": "Шапка Кима из МТЛ",
      "desc": "Начало столкновения: эффект активируется при наличии 3 и более айдишек Родословной MTL на поле боя.\n\nВсе союзники наносят на 50% больше Рубящего урона.\n\nВсе удары иденичностей Родословной MTL с <sprite name=\"Breath\"><color=#f8c200><u><link=\"Breath\">Кумаром</link></u></color> становятся раскумарами.\n\nАйдишки Родословной MTL увеличивают урон раскумаров в полтора раза.",
      "simpleDesc": [
        {
          "abilityID": 2034,
          "simpleDesc": "На 50% больше Рубящего урона"
        },
        {
          "abilityID": 20341,
          "simpleDesc": "Все атаки айдишек Родословной MTL становятся раскумарами"
        }
      ]
    },
    {
      "id": 2035,
      "name": "Смирительная рубашка Найт",
      "desc": "Начало столкновения: эффект активируется при наличии 3 и более айдишек Родословной MTL на поле боя.\n\nВсе союзники наносят на 50% больше Рубящего урона.\n\nАйдишки Родословной MTL: первый навык молучает +1 к Силе монет. Одномонетный Первый навык получает +3 к Силе монеты.\n\n【Только Наставник Родословной MTL Мерсо】\nИтоговая сила навыка 'Уступаю свою плоть' -12; Навык 'Дабы забрать их кости' наносит на 50% больше урона.",
      "simpleDesc": [
        {
          "abilityID": 2035,
          "simpleDesc": "На 50% больше Рубящего урона"
        },
        {
          "abilityID": 20351,
          "simpleDesc": "Первый навык молучает +1 к Силе монет"
        },
        {
          "abilityID": 20352,
          "simpleDesc": "Итоговая сила навыка 'Уступаю свою плоть' -12; Навык 'Дабы забрать их кости' наносит на 50% больше урона."
        }
      ]
    }
  ]
}