{
  "dataList": [
    {
      "id": 1079,
      "name": "Санчо",
      "desc": "Ядро"
    },
    {
      "id": 1080,
      "name": "Пеккатула Лености??",
      "desc": "Ядро"
    },
    {
      "id": 1081,
      "name": "Пеккатула Уныния??",
      "desc": "Ядро"
    },
    {
      "id": 1082,
      "name": "Искажённый Хохенхайм",
      "desc": "Ядро"
    },
    {
      "id": 108201,
      "name": "Тело",
      "desc": "Часть"
    },
    {
      "id": 90181,
      "name": "Зацензуренный работник Корпорации Лоботомия",
      "desc": "Ядро"
    },
    {
      "id": 90182,
      "name": "Зацензуренный работник Корпорации Лоботомия",
      "desc": "Ядро"
    },
    {
      "id": 1098,
      "name": "Пеккатула Зависти?",
      "desc": "Ядро"
    },
    {
      "id": 1100,
      "name": "Пеккатула Зависти",
      "desc": "Ядро"
    }
  ]
}