﻿{
  "dataList": [
    {
      "id": 8539,
      "name": "Преломлённый Бродячий лис",
      "desc": "Ядро"
    },
    {
      "id": 853901,
      "name": "Тело",
      "desc": "Часть"
    },
    {
      "id": 853902,
      "name": "Голова",
      "desc": "Часть"
    },
    {
      "id": 8540,
      "name": "Преломлённый Старый зонт",
      "desc": "Ядро"
    },
    {
      "id": 854001,
      "name": "Тело",
      "desc": "Часть"
    },
    {
      "id": 8541,
      "name": "Преломлённая Шокирующая многоножка",
      "desc": "Ядро"
    },
    {
      "id": 854101,
      "name": "Тело",
      "desc": "Часть"
    },
    {
      "id": 854102,
      "name": "Голова",
      "desc": "Часть"
    },
    {
      "id": 8542,
      "name": "Преломлённый Фея-джентльмен",
      "desc": "Ядро"
    },
    {
      "id": 854201,
      "name": "Тело",
      "desc": "Часть"
    },
    {
      "id": 854202,
      "name": "Левая рука",
      "desc": "Часть"
    },
    {
      "id": 8543,
      "name": "Преломлённое Вино фей",
      "desc": "Ядро"
    },
    {
      "id": 854301,
      "name": "Тело",
      "desc": "Часть"
    },
    {
      "id": 8544,
      "name": "Преломлённая Чтобы никто не плакал",
      "desc": "Ядро"
    },
    {
      "id": 854401,
      "name": "Тело",
      "desc": "Часть"
    },
    {
      "id": 854402,
      "name": "Правая рука",
      "desc": "Часть"
    },
    {
      "id": 8545,
      "name": "Преломлённый Фея-длинноножка",
      "desc": "Ядро"
    },
    {
      "id": 854501,
      "name": "Тело",
      "desc": "Часть"
    },
    {
      "id": 854502,
      "name": "Левая рука",
      "desc": "Часть"
    },
    {
      "id": 854503,
      "name": "Голова",
      "desc": "Часть"
    },
    {
      "id": 8546,
      "name": "Преломлённый Клевер",
      "desc": "Ядро"
    },
    {
      "id": 854601,
      "name": "Тело",
      "desc": "Часть"
    },
    {
      "id": 8547,
      "name": "Преломлённый Фея-джентльмен",
      "desc": "Ядро"
    },
    {
      "id": 854701,
      "name": "Тело",
      "desc": "Часть"
    },
    {
      "id": 854702,
      "name": "Левая рука",
      "desc": "Часть"
    },
    {
      "id": 8548,
      "name": "Преломлённое Вино фей",
      "desc": "Ядро"
    },
    {
      "id": 854801,
      "name": "Тело",
      "desc": "Часть"
    },
    {
      "id": 8549,
      "name": "Преломлённый Фонарь фей",
      "desc": "Ядро"
    },
    {
      "id": 854901,
      "name": "Фея",
      "desc": "Часть"
    },
    {
      "id": 854902,
      "name": "Тело",
      "desc": "Часть"
    },
    {
      "id": 8550,
      "name": "Преломлённый Заблудший пассажир",
      "desc": "Ядро"
    },
    {
      "id": 855001,
      "name": "Левое лезвие",
      "desc": "Часть"
    },
    {
      "id": 855002,
      "name": "Правое лезвие",
      "desc": "Часть"
    },
    {
      "id": 8551,
      "name": "Преломлённый Коллектор 3-го уровня Корп. T",
      "desc": "Ядро"
    },
    {
      "id": 855101,
      "name": "Тело",
      "desc": "Часть"
    },
    {
      "id": 8555,
      "name": "Преломлённая Паровая Транспортная машина",
      "desc": "Ядро"
    },
    {
      "id": 855501,
      "name": "Тело",
      "desc": "Часть"
    },
    {
      "id": 855502,
      "name": "Паровой пистолет",
      "desc": "Часть"
    },
    {
      "id": 8556,
      "name": "Преломлённый Знак с розами",
      "desc": "Ядро"
    },
    {
      "id": 855601,
      "name": "Деревянный знак",
      "desc": "Часть"
    },
    {
      "id": 855602,
      "name": "Плоть",
      "desc": "Часть"
    },
    {
      "id": 8557,
      "name": "Преломлённый Коллектор 3-го уровня Корп. T",
      "desc": "Ядро"
    },
    {
      "id": 855701,
      "name": "Тело",
      "desc": "Часть"
    },
    {
      "id": 8558,
      "name": "Преломлённый Коллектор 3-го уровня Корп. T",
      "desc": "Ядро"
    },
    {
      "id": 855801,
      "name": "Тело",
      "desc": "Часть"
    },
    {
      "id": 8559,
      "name": "Преломлённый Коллектор 3-го уровня Корп. T",
      "desc": "Ядро"
    },
    {
      "id": 855901,
      "name": "Тело",
      "desc": "Часть"
    },
    {
      "id": 8560,
      "name": "Преломлённое кровоточащее измерение",
      "desc": "Ядро"
    },
    {
      "id": 856001,
      "name": "Измерение",
      "desc": "Часть"
    },
    {
      "id": 8561,
      "name": "Преломлённое отравляющее измерение",
      "desc": "Ядро"
    },
    {
      "id": 856101,
      "name": "Измерение",
      "desc": "Часть"
    },
    {
      "id": 8562,
      "name": "Преломлённое содрогающееся измерение",
      "desc": "Ядро"
    },
    {
      "id": 856201,
      "name": "Измерение",
      "desc": "Часть"
    },
    {
      "id": 8563,
      "name": "Преломлённое электризующее измерение",
      "desc": "Ядро"
    },
    {
      "id": 856301,
      "name": "Измерение",
      "desc": "Часть"
    },
    {
      "id": 8564,
      "name": "Преломлённая роза, наполненная Гневом",
      "desc": "Ядро"
    },
    {
      "id": 856401,
      "name": "Бутон",
      "desc": "Часть"
    },
    {
      "id": 8565,
      "name": "Преломлённая роза, наполненная Похотью",
      "desc": "Ядро"
    },
    {
      "id": 856501,
      "name": "Бутон",
      "desc": "Часть"
    },
    {
      "id": 8566,
      "name": "Преломлённая роза, наполненная Леностью",
      "desc": "Ядро"
    },
    {
      "id": 856601,
      "name": "Бутон",
      "desc": "Часть"
    },
    {
      "id": 8567,
      "name": "Преломлённая роза, наполненная Чревоугодием",
      "desc": "Ядро"
    },
    {
      "id": 856701,
      "name": "Бутон",
      "desc": "Часть"
    },
    {
      "id": 8568,
      "name": "Преломлённая роза, наполненная Унынием",
      "desc": "Ядро"
    },
    {
      "id": 856801,
      "name": "Бутон",
      "desc": "Часть"
    },
    {
      "id": 8569,
      "name": "Преломлённая роза, наполненная Гордыней",
      "desc": "Ядро"
    },
    {
      "id": 856901,
      "name": "Бутон",
      "desc": "Часть"
    },
    {
      "id": 8570,
      "name": "Преломлённая роза, наполненная Завистью",
      "desc": "Ядро"
    },
    {
      "id": 857001,
      "name": "Бутон",
      "desc": "Часть"
    }
  ]
}