{
  "dataList": [
    {
      "id": 8630,
      "name": "Преломленный Роковой стрелок",
      "desc": "Ядро"
    },
    {
      "id": 8631,
      "name": "Преломленный Бывший командир дивизии Корп. G",
      "desc": "Ядро"
    },
    {
      "id": 8632,
      "name": "Преломленный Спальный мешок давно минувшего дня",
      "desc": "Ядро"
    },
    {
      "id": 863201,
      "name": "Голова",
      "desc": "Часть"
    },
    {
      "id": 863202,
      "name": "Тело",
      "desc": "Часть"
    },
    {
      "id": 863203,
      "name": "Человек",
      "desc": "Часть"
    },
    {
      "id": 8634,
      "name": "Преломленный Цирюльник",
      "desc": "Ядро"
    },
    {
      "id": 8635,
      "name": "Преломленный Больной плюшевый мишка",
      "desc": "Ядро"
    },
    {
      "id": 8636,
      "name": "Преломленный Охотник за Розами",
      "desc": "Ядро"
    },
    {
      "id": 8637,
      "name": "Преломленное Колючее Лассо",
      "desc": "Ядро"
    },
    {
      "id": 8638,
      "name": "Преломленная Дульсинея",
      "desc": "Ядро"
    },
    {
      "id": 8639,
      "name": "Преломленный Кровосос Болезненного Парада",
      "desc": "Ядро"
    },
    {
      "id": 8640,
      "name": "Преломленный Кровосос Хвостового Парада",
      "desc": "Ядро"
    },
    {
      "id": 8641,
      "name": "Преломленный Кровожад Счастливого Парада",
      "desc": "Ядро"
    },
    {
      "id": 8642,
      "name": "Преломленный Кровожад Радостного Парада",
      "desc": "Ядро"
    },
    {
      "id": 8643,
      "name": "Преломленный Священник",
      "desc": "Ядро"
    },
    {
      "id": 8644,
      "name": "Преломленный Цирюльник",
      "desc": "Ядро"
    },
    {
      "id": 8645,
      "name": "Преломленная Дульсинея",
      "desc": "Ядро"
    },
    {
      "id": 8646,
      "name": "Преломленный Агрессивный Корректировщик Офиса Охотников за Клыками",
      "desc": "Ядро"
    },
    {
      "id": 8647,
      "name": "Преломленный Горделивый Корректировщик Офиса Охотников за Клыками",
      "desc": "Ядро"
    },
    {
      "id": 8648,
      "name": "Преломленная Пеккатула Лености??",
      "desc": "Ядро"
    },
    {
      "id": 8649,
      "name": "Преломленная Пеккатула Уныния??",
      "desc": "Ядро"
    },
    {
      "id": 8650,
      "name": "Преломленный Искажённый Хохенхайм",
      "desc": "Ядро"
    },
    {
      "id": 8651,
      "name": "Преломленный Отчаявшийся Кровосос",
      "desc": "Ядро"
    },
    {
      "id": 8652,
      "name": "Преломленный Обесчещенный Кровосос",
      "desc": "Ядро"
    },
    {
      "id": 8633,
      "name": "Преломленные Четыреста роз",
      "desc": "Ядро"
    },
    {
      "id": 863301,
      "name": "Тело",
      "desc": "Часть"
    },
    {
      "id": 863302,
      "name": "Голова",
      "desc": "Часть"
    },
    {
      "id": 8684,
      "name": "Преломленный ветеран Дымной Войны",
      "desc": "Ядро"
    },
    {
      "id": 8683,
      "name": "Преломленная Пеккатула Лености??",
      "desc": "Ядро"
    }
  ]
}