﻿{
  "dataList": [
    {
      "id": 8166,
      "name": "Хитклиф, С разбитым сердцем",
      "desc": ""
    },
    {
      "id": 816602,
      "name": "Цепь",
      "desc": ""
    },
    {
      "id": 8167,
      "name": "Джозефина Дикой охоты",
      "desc": ""
    },
    {
      "id": 8168,
      "name": "Хиндли Дикой охоты",
      "desc": ""
    },
    {
      "id": 8169,
      "name": "Линтон Дикой охоты",
      "desc": ""
    },
    {
      "id": 8170,
      "name": "Опустошенный Плакальщик Дикой Охоты",
      "desc": ""
    },
    {
      "id": 8171,
      "name": "Нелли",
      "desc": ""
    },
    {
      "id": 8172,
      "name": "Эрлкинг Хитклиф",
      "desc": ""
    },
    {
      "id": 8173,
      "name": "Эрлкинг Хитклиф",
      "desc": ""
    },
    {
      "id": 8174,
      "name": "Каждая Кэтрин",
      "desc": ""
    },
    {
      "id": 8192,
      "name": "Левая рука каждой Кэтрин",
      "desc": ""
    },
    {
      "id": 8193,
      "name": "Правая рука каждой Кэтрин",
      "desc": ""
    },
    {
      "id": 8161,
      "name": "Грех Гнева??",
      "desc": ""
    },
    {
      "id": 9999,
      "name": "Вергилий",
      "desc": ""
    },
    {
      "id": 819201,
      "name": "Левая рука",
      "desc": ""
    },
    {
      "id": 819301,
      "name": "Правая рука",
      "desc": ""
    }
  ]
}
