{
  "dataList": [
    {
      "id": 90173,
      "name": "Кровосос Болезненного Парада",
      "desc": "Юнит"
    },
    {
      "id": 90174,
      "name": "Кровосос Хвостового Парада",
      "desc": "Юнит"
    },
    {
      "id": 90175,
      "name": "Кровожад Счастливого Парада",
      "desc": "Юнит"
    },
    {
      "id": 90176,
      "name": "Кровожад Радостного Парада",
      "desc": "Юнит"
    },
    {
      "id": 8381,
      "name": "Дульсинея",
      "desc": "Босс"
    },
    {
      "id": 90158,
      "name": "Обесчещенный Кровосос",
      "desc": "Юнит"
    },
    {
      "id": 90159,
      "name": "Отчаявшийся Кровосос",
      "desc": "Юнит"
    },
    {
      "id": 8384,
      "name": "Кровосос Болезненного Парада",
      "desc": "Юнит"
    },
    {
      "id": 8385,
      "name": "Кровосос Хвостового Парада",
      "desc": "Юнит"
    },
    {
      "id": 8386,
      "name": "Кровожад Счастливого Парада",
      "desc": "Юнит"
    },
    {
      "id": 8387,
      "name": "Кровожад Радостного Парада",
      "desc": "Юнит"
    },
    {
      "id": 8382,
      "name": "Обесчещенный Кровосос",
      "desc": "Юнит"
    },
    {
      "id": 8383,
      "name": "Отчаявшийся Кровосос",
      "desc": "Юнит"
    },
    {
      "id": 90169,
      "name": "Жуткий Кровосос",
      "desc": "Юнит"
    },
    {
      "id": 90170,
      "name": "Зловещий Кровосос",
      "desc": "Юнит"
    },
    {
      "id": 90171,
      "name": "\"Призрак\" Кровожад Неудачного Раскаяния",
      "desc": "Юнит"
    },
    {
      "id": 90172,
      "name": "\"Призрак\" Кровожад Молитвенник",
      "desc": "Юнит"
    },
    {
      "id": 8389,
      "name": "Рыцарь Белой Луны",
      "desc": "Юнит"
    }
  ]
}
