﻿{
  "dataList": [
    {
      "id": 90114,
      "name": "Спешащий член банды из Корп. T",
      "desc": ""
    },
    {
      "id": 90115,
      "name": "Напуганный член банды из Корп. T",
      "desc": ""
    },
    {
      "id": 90116,
      "name": "Массивный член Дэд Рэбитс",
      "desc": ""
    },
    {
      "id": 90117,
      "name": "Неторопливый член Дэд Рэбитс",
      "desc": ""
    },
    {
      "id": 90118,
      "name": "Лютый член Дэд Рэбитс",
      "desc": ""
    },
    {
      "id": 90119,
      "name": "Наблюдательный член Дэд Рэбитс",
      "desc": ""
    },
    {
      "id": 90120,
      "name": "Шустрая дворецкая рода Эдгар",
      "desc": ""
    },
    {
      "id": 90121,
      "name": "Скорая дворецкая рода Эдгар",
      "desc": ""
    },
    {
      "id": 90122,
      "name": "Бывалая дворецкая рода Эдгар",
      "desc": ""
    },
    {
      "id": 90123,
      "name": "Ловкий дворецкий рода Эдгар",
      "desc": ""
    },
    {
      "id": 90124,
      "name": "Умелый дворецкий рода Эдгар",
      "desc": ""
    },
    {
      "id": 90125,
      "name": "Бывалый дворецкий рода Эдгар",
      "desc": ""
    },
    {
      "id": 90126,
      "name": "Свирепый дворецкий Грозового перевала",
      "desc": ""
    },
    {
      "id": 90127,
      "name": "Закалённый дворецкий Грозового перевала",
      "desc": ""
    },
    {
      "id": 91014,
      "name": "Джозефина",
      "desc": ""
    }
  ]
}