﻿{
  "dataList": [
    {
      "id": 8001,
      "name": "Яблоко чёрной королевы",
      "desc": "Ядро"
    },
    {
      "id": 800101,
      "name": "Плод",
      "desc": "Часть"
    },
    {
      "id": 800102,
      "name": "Левый стебль",
      "desc": "Часть"
    },
    {
      "id": 800103,
      "name": "Правый стебль",
      "desc": "Часть"
    },
    {
      "id": 800104,
      "name": "Корни",
      "desc": "Часть"
    },
    {
      "id": 90004,
      "name": "Не умеющий считать хулиган",
      "desc": "Противник"
    },
    {
      "id": 90005,
      "name": "Смышлённый хулиган",
      "desc": "Противник"
    },
    {
      "id": 90006,
      "name": "Голодный хулиган",
      "desc": "Противник"
    },
    {
      "id": 90007,
      "name": "Главный хулиган",
      "desc": "Противник"
    },
    {
      "id": 90008,
      "name": "Яростный ветеран проигранной войны",
      "desc": "Противник"
    },
    {
      "id": 90009,
      "name": "Странный ветеран проигранной войны",
      "desc": "Противник"
    },
    {
      "id": 90010,
      "name": "Потрёпанный ветеран проигранной войны",
      "desc": "Противник"
    },
    {
      "id": 90011,
      "name": "Нечестный ветеран проигранной войны",
      "desc": "Противник"
    },
    {
      "id": 90012,
      "name": "Сквернословящий ветеран проигранной войны",
      "desc": "Противник"
    },
    {
      "id": 90013,
      "name": "Точёный ветеран проигранной войны",
      "desc": "Противник"
    },
    {
      "id": 90001,
      "name": "Усиленный ветеран проигранной войны",
      "desc": "Противник"
    },
    {
      "id": 90002,
      "name": "Удручённый ветеран проигранной войны",
      "desc": "Противник"
    },
    {
      "id": 90003,
      "name": "Жёсткий ветеран проигранной войны",
      "desc": "Противник"
    },
    {
      "id": 90014,
      "name": "Косой солдат из воспоминаний",
      "desc": "Противник"
    },
    {
      "id": 90015,
      "name": "Безнадёжный солдат из воспоминаний",
      "desc": "Противник"
    },
    {
      "id": 90016,
      "name": "Повреждённый солдат из воспоминаний",
      "desc": "Противник"
    },
    {
      "id": 91001,
      "name": "Бывший командир дивизии Корп. G",
      "desc": "Босс"
    },
    {
      "id": 91002,
      "name": "Командир дивизии Корп. G из воспоминаний",
      "desc": "Босс"
    },
    {
      "id": 8901,
      "name": "Пеккатула Чревоугодия",
      "desc": "Ядро"
    },
    {
      "id": 8005,
      "name": "Пеккатула Чревоугодия",
      "desc": "Ядро"
    },
    {
      "id": 8006,
      "name": "Пеккатула Лености",
      "desc": "Ядро"
    },
    {
      "id": 8007,
      "name": "Пеккатула Гнева",
      "desc": "Ядро"
    },
    {
      "id": 8002,
      "name": "Календарь судного дня",
      "desc": "Ядро"
    },
    {
      "id": 80022,
      "name": "Календарь судного дня",
      "desc": "Ядро"
    },
    {
      "id": 80023,
      "name": "Календарь судного дня",
      "desc": "Ядро"
    },
    {
      "id": 80024,
      "name": "Календарь судного дня",
      "desc": "Ядро"
    },
    {
      "id": 8003,
      "name": "Терракотовая кукла судного дня",
      "desc": "Ядро"
    },
    {
      "id": 8004,
      "name": "Огненная кукла судного дня",
      "desc": "Ядро"
    },
    {
      "id": 8008,
      "name": "Золотое яблочко",
      "desc": "Ядро"
    },
    {
      "id": 8009,
      "name": "Фальшивое яблоко",
      "desc": "Ядро"
    },
    {
      "id": 8010,
      "name": "Стать сильнее? Прям ваще?",
      "desc": "Ядро"
    },
    {
      "id": 8011,
      "name": "Стал сильнее! Ваще реально?",
      "desc": "Ядро"
    },
    {
      "id": 8012,
      "name": "Хочешь, накостыляю? Очень?",
      "desc": "Ядро"
    },
    {
      "id": 8013,
      "name": "Прельщённая Розовыми туфельками",
      "desc": "Ядро"
    },
    {
      "id": 8014,
      "name": "Обворожённый Розовыми туфельками",
      "desc": "Ядро"
    },
    {
      "id": 8015,
      "name": "Цок—цок? Отскок!",
      "desc": "Ядро"
    },
    {
      "id": 8016,
      "name": "Пеккатула Уныния",
      "desc": "Ядро"
    },
    {
      "id": 8017,
      "name": "Пеккатула Похоти",
      "desc": "Ядро"
    },
    {
      "id": 8018,
      "name": "Пеккатула Гордыни",
      "desc": "Ядро"
    },
    {
      "id": 8019,
      "name": "Пробуждённый земляк",
      "desc": "Ядро"
    },
    {
      "id": 8020,
      "name": "Восставший земляк",
      "desc": "Ядро"
    },
    {
      "id": 8021,
      "name": "Замерзающий раб—шахтёр",
      "desc": "Ядро"
    },
    {
      "id": 8022,
      "name": "Охладевший раб—шахтёр",
      "desc": "Ядро"
    },
    {
      "id": 8023,
      "name": "Баба яга",
      "desc": "Ядро"
    },
    {
      "id": 8024,
      "name": "Меняющийся инквизитор",
      "desc": "Ядро"
    },
    {
      "id": 8025,
      "name": "Четырёхлапая тварь",
      "desc": "Ядро"
    },
    {
      "id": 8026,
      "name": "Здесь всё Инквизитор",
      "desc": "Ядро"
    },
    {
      "id": 8027,
      "name": "Ползущий допрашиватель",
      "desc": "Ядро"
    },
    {
      "id": 8028,
      "name": "Извивающийся допрашиватель",
      "desc": "Ядро"
    },
    {
      "id": 8029,
      "name": "Кромер",
      "desc": "Ядро"
    },
    {
      "id": 8030,
      "name": "Кромер, мечтающая о полноценном человеке",
      "desc": "Ядро"
    },
    {
      "id": 8031,
      "name": "Обезглавленный ихтис",
      "desc": "Ядро"
    },
    {
      "id": 8032,
      "name": "Сторожевой пёс улиц",
      "desc": "Ядро"
    },
    {
      "id": 890101,
      "name": "Тело",
      "desc": "Часть"
    },
    {
      "id": 800501,
      "name": "Тело",
      "desc": "Часть"
    },
    {
      "id": 800601,
      "name": "Тело",
      "desc": "Часть"
    },
    {
      "id": 800701,
      "name": "Тело",
      "desc": "Часть"
    },
    {
      "id": 800201,
      "name": "Левая рука",
      "desc": "Часть"
    },
    {
      "id": 800202,
      "name": "Правая рука",
      "desc": "Часть"
    },
    {
      "id": 800203,
      "name": "Лицо",
      "desc": "Часть"
    },
    {
      "id": 800301,
      "name": "Голова",
      "desc": "Часть"
    },
    {
      "id": 800401,
      "name": "Голова",
      "desc": "Часть"
    },
    {
      "id": 800801,
      "name": "Тело",
      "desc": "Часть"
    },
    {
      "id": 800901,
      "name": "Голова",
      "desc": "Часть"
    },
    {
      "id": 800902,
      "name": "Тело",
      "desc": "Часть"
    },
    {
      "id": 800903,
      "name": "Ноги",
      "desc": "Часть"
    },
    {
      "id": 801001,
      "name": "Тело",
      "desc": "Часть"
    },
    {
      "id": 801101,
      "name": "Тело",
      "desc": "Часть"
    },
    {
      "id": 801201,
      "name": "Тело",
      "desc": "Часть"
    },
    {
      "id": 801202,
      "name": "Левая рука",
      "desc": "Часть"
    },
    {
      "id": 801301,
      "name": "Тело",
      "desc": "Часть"
    },
    {
      "id": 801401,
      "name": "Тело",
      "desc": "Часть"
    },
    {
      "id": 801501,
      "name": "Тело",
      "desc": "Часть"
    },
    {
      "id": 801502,
      "name": "Левая рука",
      "desc": "Часть"
    },
    {
      "id": 801601,
      "name": "Тело",
      "desc": "Часть"
    },
    {
      "id": 801701,
      "name": "Тело",
      "desc": "Часть"
    },
    {
      "id": 801801,
      "name": "Тело",
      "desc": "Часть"
    },
    {
      "id": 801901,
      "name": "Тело",
      "desc": "Часть"
    },
    {
      "id": 802001,
      "name": "Тело",
      "desc": "Часть"
    },
    {
      "id": 802101,
      "name": "Тело",
      "desc": "Часть"
    },
    {
      "id": 802201,
      "name": "Тело",
      "desc": "Часть"
    },
    {
      "id": 802301,
      "name": "Тело",
      "desc": "Часть"
    },
    {
      "id": 802401,
      "name": "Правая рука",
      "desc": "Часть"
    },
    {
      "id": 802402,
      "name": "Тело",
      "desc": "Часть"
    },
    {
      "id": 802501,
      "name": "Тело",
      "desc": "Часть"
    },
    {
      "id": 802601,
      "name": "Тело",
      "desc": "Часть"
    },
    {
      "id": 802701,
      "name": "Тело",
      "desc": "Часть"
    },
    {
      "id": 802801,
      "name": "Тело",
      "desc": "Часть"
    },
    {
      "id": 802802,
      "name": "Левая рука",
      "desc": "Часть"
    },
    {
      "id": 802803,
      "name": "Правая рука",
      "desc": "Часть"
    },
    {
      "id": 802901,
      "name": "Тело",
      "desc": "Часть"
    },
    {
      "id": 803001,
      "name": "Правая рука",
      "desc": "Часть"
    },
    {
      "id": 803002,
      "name": "Левая рука",
      "desc": "Часть"
    },
    {
      "id": 803003,
      "name": "Пасть",
      "desc": "Часть"
    },
    {
      "id": 803004,
      "name": "Тело",
      "desc": "Часть"
    },
    {
      "id": 803101,
      "name": "Тело",
      "desc": "Часть"
    },
    {
      "id": 803102,
      "name": "Правая нога",
      "desc": "Часть"
    },
    {
      "id": 803103,
      "name": "Левая нога",
      "desc": "Часть"
    },
    {
      "id": 803104,
      "name": "Хвост",
      "desc": "Часть"
    },
    {
      "id": 803201,
      "name": "Тело",
      "desc": "Часть"
    },
    {
      "id": 803202,
      "name": "Телефонные столбы",
      "desc": "Часть"
    },
    {
      "id": 803203,
      "name": "Человек",
      "desc": "Часть"
    },
    {
      "id": 803204,
      "name": "Голова",
      "desc": "Часть"
    },
    {
      "id": 90017,
      "name": "Старомодный член синдиката \"Бом—боб\"",
      "desc": "Противник"
    },
    {
      "id": 90018,
      "name": "Жаждущий власти член синдиката \"Бом—боб\"",
      "desc": "Противник"
    },
    {
      "id": 90019,
      "name": "\"Бом—бобовец\" бобоненавистник",
      "desc": "Противник"
    },
    {
      "id": 91003,
      "name": "Босс \"Бом—боб\"",
      "desc": "Босс"
    },
    {
      "id": 90020,
      "name": "Жёсткий охранник казино",
      "desc": "Противник"
    },
    {
      "id": 90021,
      "name": "Уверенный охранник казино",
      "desc": "Противник"
    },
    {
      "id": 90022,
      "name": "Собранный охранник казино",
      "desc": "Противник"
    },
    {
      "id": 90023,
      "name": "Шеф охраны казино",
      "desc": "Противник"
    },
    {
      "id": 90024,
      "name": "Весёлый Мариачи",
      "desc": "Противник"
    },
    {
      "id": 90025,
      "name": "Задорный Мариачи",
      "desc": "Противник"
    },
    {
      "id": 91004,
      "name": "Аида",
      "desc": "Босс"
    },
    {
      "id": 90026,
      "name": "Грозный бандит банды Бом-бом",
      "desc": "Противник"
    },
    {
      "id": 90027,
      "name": "Разминающийся бандит банды Бом-бом",
      "desc": "Противник"
    },
    {
      "id": 90028,
      "name": "Спокойный охранник контрольного пункта Корп. K",
      "desc": "Противник"
    },
    {
      "id": 90029,
      "name": "Тихий охранник контрольного пункта Корп. K",
      "desc": "Противник"
    },
    {
      "id": 90030,
      "name": "Честный охранник контрольного пункта Корп. K",
      "desc": "Противник"
    },
    {
      "id": 90031,
      "name": "Надёжный охранник контрольного пункта Корп. K",
      "desc": "Противник"
    },
    {
      "id": 90032,
      "name": "Послушный инквизитор Корп. N",
      "desc": "Противник"
    },
    {
      "id": 90033,
      "name": "Следующий инквизитор Корп. N",
      "desc": "Противник"
    },
    {
      "id": 90034,
      "name": "Служащий инквизитор Корп. N",
      "desc": "Противник"
    },
    {
      "id": 90035,
      "name": "Мучающий инквизитор Корп. N",
      "desc": "Противник"
    },
    {
      "id": 90036,
      "name": "Допрашивающий инквизитор Корп. N",
      "desc": "Противник"
    },
    {
      "id": 90037,
      "name": "Болезненный инквизитор Корп. N",
      "desc": "Противник"
    },
    {
      "id": 90038,
      "name": "Одержимый инквизитор Корп. N",
      "desc": "Противник"
    },
    {
      "id": 90039,
      "name": "Радостный инквизитор Корп. N",
      "desc": "Противник"
    },
    {
      "id": 90040,
      "name": "Бесстрашный инквизитор Корп. N",
      "desc": "Противник"
    },
    {
      "id": 91005,
      "name": "Гвидо Стойкий",
      "desc": "Противник"
    },
    {
      "id": 91006,
      "name": "Гвидо Стойкий",
      "desc": "Противник"
    },
    {
      "id": 99004,
      "name": "Голодный хулиган",
      "desc": "Противник"
    },
    {
      "id": 99005,
      "name": "Не умеющий считать хулиган",
      "desc": "Противник"
    },
    {
      "id": 99006,
      "name": "Смышлённый хулиган",
      "desc": "Противник"
    },
    {
      "id": 99007,
      "name": "Не умеющий считать хулиган",
      "desc": "Противник"
    },
    {
      "id": 99008,
      "name": "Смышлённый хулиган",
      "desc": "Противник"
    },
    {
      "id": 99009,
      "name": "Голодный хулиган",
      "desc": "Противник"
    },
    {
      "id": 99010,
      "name": "Не умеющий считать хулиган",
      "desc": "Противник"
    },
    {
      "id": 99011,
      "name": "Смышлённый хулиган",
      "desc": "Противник"
    },
    {
      "id": 99012,
      "name": "Не умеющий считать хулиган",
      "desc": "Противник"
    },
    {
      "id": 99013,
      "name": "Смышлённый хулиган",
      "desc": "Противник"
    },
    {
      "id": 99014,
      "name": "Не умеющий считать хулиган",
      "desc": "Противник"
    },
    {
      "id": 99015,
      "name": "Голодный хулиган",
      "desc": "Противник"
    },
    {
      "id": 99016,
      "name": "Не умеющий считать хулиган",
      "desc": "Противник"
    },
    {
      "id": 99017,
      "name": "Голодный хулиган",
      "desc": "Противник"
    },
    {
      "id": 99018,
      "name": "Главный хулиган",
      "desc": "Противник"
    },
    {
      "id": 99019,
      "name": "Не умеющий считать хулиган",
      "desc": "Противник"
    },
    {
      "id": 99020,
      "name": "Голодный хулиган",
      "desc": "Противник"
    },
    {
      "id": 99021,
      "name": "Смышлённый хулиган",
      "desc": "Противник"
    },
    {
      "id": 90041,
      "name": "Раб",
      "desc": "Противник"
    },
    {
      "id": 8033,
      "name": "Извивающийся гад",
      "desc": "Ядро"
    },
    {
      "id": 803301,
      "name": "Тело",
      "desc": "Часть"
    },
    {
      "id": 803302,
      "name": "Правая рука",
      "desc": "Часть"
    },
    {
      "id": 97101,
      "name": "Нечестный ветеран проигранной войны",
      "desc": "Противник"
    },
    {
      "id": 97102,
      "name": "Сквернословящий ветеран проигранной войны",
      "desc": "Противник"
    },
    {
      "id": 97103,
      "name": "Точёный ветеран проигранной войны",
      "desc": "Противник"
    },
    {
      "id": 97104,
      "name": "Усиленный ветеран проигранной войны",
      "desc": "Противник"
    },
    {
      "id": 97105,
      "name": "Удручённый ветеран проигранной войны",
      "desc": "Противник"
    },
    {
      "id": 97106,
      "name": "Жёсткий ветеран проигранной войны",
      "desc": "Противник"
    },
    {
      "id": 97107,
      "name": "Косой солдат из воспоминаний",
      "desc": "Противник"
    },
    {
      "id": 97108,
      "name": "Безнадёжный солдат из воспоминаний",
      "desc": "Противник"
    },
    {
      "id": 97109,
      "name": "Повреждённый солдат из воспоминаний",
      "desc": "Противник"
    },
    {
      "id": 97151,
      "name": "Бывший командир дивизии Корп. G",
      "desc": "Босс"
    },
    {
      "id": 97152,
      "name": "Командир дивизии Корп. G из воспоминаний",
      "desc": "Босс"
    },
    {
      "id": 97201,
      "name": "Жёсткий охранник казино",
      "desc": "Противник"
    },
    {
      "id": 97202,
      "name": "Уверенный охранник казино",
      "desc": "Противник"
    },
    {
      "id": 97203,
      "name": "Собранный охранник казино",
      "desc": "Противник"
    },
    {
      "id": 97204,
      "name": "Весёлый Мариачи",
      "desc": "Противник"
    },
    {
      "id": 97205,
      "name": "Задорный Мариачи",
      "desc": "Противник"
    },
    {
      "id": 97206,
      "name": "Грозный бандит банды Бом-бом",
      "desc": "Противник"
    },
    {
      "id": 97207,
      "name": "Разминающийся бандит банды Бом-бом",
      "desc": "Противник"
    },
    {
      "id": 97251,
      "name": "Шеф охраны казино",
      "desc": "Противник"
    },
    {
      "id": 97252,
      "name": "Аида",
      "desc": "Босс"
    },
    {
      "id": 97301,
      "name": "Послушный инквизитор Корп. N",
      "desc": "Противник"
    },
    {
      "id": 97302,
      "name": "Следующий инквизитор Корп. N",
      "desc": "Противник"
    },
    {
      "id": 97303,
      "name": "Служащий инквизитор Корп. N",
      "desc": "Противник"
    },
    {
      "id": 97304,
      "name": "Мучающий инквизитор Корп. N",
      "desc": "Противник"
    },
    {
      "id": 97305,
      "name": "Допрашивающий инквизитор Корп. N",
      "desc": "Противник"
    },
    {
      "id": 97306,
      "name": "Болезненный инквизитор Корп. N",
      "desc": "Противник"
    },
    {
      "id": 97307,
      "name": "Одержимый инквизитор Корп. N",
      "desc": "Противник"
    },
    {
      "id": 97308,
      "name": "Радостный инквизитор Корп. N",
      "desc": "Противник"
    },
    {
      "id": 97309,
      "name": "Бесстрашный инквизитор Корп. N",
      "desc": "Противник"
    },
    {
      "id": 97351,
      "name": "Гвидо Стойкий",
      "desc": "Противник"
    },
    {
      "id": 8701,
      "name": "Яблоко чёрной королевы",
      "desc": "Ядро"
    },
    {
      "id": 870101,
      "name": "Плод",
      "desc": "Часть"
    },
    {
      "id": 870102,
      "name": "Левый стебль",
      "desc": "Часть"
    },
    {
      "id": 870103,
      "name": "Правый стебль",
      "desc": "Часть"
    },
    {
      "id": 870104,
      "name": "Корни",
      "desc": "Часть"
    },
    {
      "id": 8702,
      "name": "Обезглавленный ихтис",
      "desc": "Ядро"
    },
    {
      "id": 870201,
      "name": "Тело",
      "desc": "Часть"
    },
    {
      "id": 870202,
      "name": "Правая нога",
      "desc": "Часть"
    },
    {
      "id": 870203,
      "name": "Левая нога",
      "desc": "Часть"
    },
    {
      "id": 870204,
      "name": "Хвост",
      "desc": "Часть"
    },
    {
      "id": 8703,
      "name": "Золотое яблочко",
      "desc": "Ядро"
    },
    {
      "id": 870301,
      "name": "Тело",
      "desc": "Часть"
    },
    {
      "id": 8704,
      "name": "Фальшивое яблоко",
      "desc": "Ядро"
    },
    {
      "id": 870401,
      "name": "Голова",
      "desc": "Часть"
    },
    {
      "id": 870402,
      "name": "Тело",
      "desc": "Часть"
    },
    {
      "id": 870403,
      "name": "Ноги",
      "desc": "Часть"
    },
    {
      "id": 8705,
      "name": "Сторожевой пёс улиц",
      "desc": "Ядро"
    },
    {
      "id": 870501,
      "name": "Тело",
      "desc": "Часть"
    },
    {
      "id": 870502,
      "name": "Телефонные столбы",
      "desc": "Часть"
    },
    {
      "id": 870503,
      "name": "Человек",
      "desc": "Часть"
    },
    {
      "id": 870504,
      "name": "Голова",
      "desc": "Часть"
    },
    {
      "id": 8706,
      "name": "Стать сильнее? Прям ваще?",
      "desc": "Ядро"
    },
    {
      "id": 870601,
      "name": "Тело",
      "desc": "Часть"
    },
    {
      "id": 8707,
      "name": "Стал сильнее! Ваще реально?",
      "desc": "Ядро"
    },
    {
      "id": 870701,
      "name": "Тело",
      "desc": "Часть"
    },
    {
      "id": 8708,
      "name": "Хочешь, накостыляю? Очень?",
      "desc": "Ядро"
    },
    {
      "id": 870801,
      "name": "Тело",
      "desc": "Часть"
    },
    {
      "id": 870802,
      "name": "Левая рука",
      "desc": "Часть"
    },
    {
      "id": 8709,
      "name": "Прельщённая Розовыми туфельками",
      "desc": "Ядро"
    },
    {
      "id": 870901,
      "name": "Тело",
      "desc": "Часть"
    },
    {
      "id": 8710,
      "name": "Обворожённый Розовыми туфельками",
      "desc": "Ядро"
    },
    {
      "id": 871001,
      "name": "Тело",
      "desc": "Часть"
    },
    {
      "id": 8711,
      "name": "Цок—цок? Отскок!",
      "desc": "Ядро"
    },
    {
      "id": 871101,
      "name": "Тело",
      "desc": "Часть"
    },
    {
      "id": 871102,
      "name": "Левая рука",
      "desc": "Часть"
    },
    {
      "id": 8712,
      "name": "Календарь судного дня",
      "desc": "Ядро"
    },
    {
      "id": 871201,
      "name": "Левая рука",
      "desc": "Часть"
    },
    {
      "id": 871202,
      "name": "Правая рука",
      "desc": "Часть"
    },
    {
      "id": 871203,
      "name": "Лицо",
      "desc": "Часть"
    },
    {
      "id": 87122,
      "name": "Календарь судного дня",
      "desc": "Ядро"
    },
    {
      "id": 87123,
      "name": "Календарь судного дня",
      "desc": "Ядро"
    },
    {
      "id": 87124,
      "name": "Календарь судного дня",
      "desc": "Ядро"
    },
    {
      "id": 8713,
      "name": "Терракотовая кукла судного дня",
      "desc": "Ядро"
    },
    {
      "id": 871301,
      "name": "Голова",
      "desc": "Часть"
    },
    {
      "id": 8714,
      "name": "Огненная кукла судного дня",
      "desc": "Ядро"
    },
    {
      "id": 871401,
      "name": "Голова",
      "desc": "Часть"
    },
    {
      "id": 8721,
      "name": "Яблоко чёрной королевы",
      "desc": "Ядро"
    },
    {
      "id": 872101,
      "name": "Плод",
      "desc": "Часть"
    },
    {
      "id": 872102,
      "name": "Левый стебль",
      "desc": "Часть"
    },
    {
      "id": 872103,
      "name": "Правый стебль",
      "desc": "Часть"
    },
    {
      "id": 872104,
      "name": "Корни",
      "desc": "Часть"
    },
    {
      "id": 8722,
      "name": "Обезглавленный ихтис",
      "desc": "Ядро"
    },
    {
      "id": 872201,
      "name": "Тело",
      "desc": "Часть"
    },
    {
      "id": 872202,
      "name": "Правая нога",
      "desc": "Часть"
    },
    {
      "id": 872203,
      "name": "Левая нога",
      "desc": "Часть"
    },
    {
      "id": 872204,
      "name": "Хвост",
      "desc": "Часть"
    },
    {
      "id": 8723,
      "name": "Золотое яблочко",
      "desc": "Ядро"
    },
    {
      "id": 872301,
      "name": "Тело",
      "desc": "Часть"
    },
    {
      "id": 8724,
      "name": "Фальшивое яблоко",
      "desc": "Ядро"
    },
    {
      "id": 872401,
      "name": "Голова",
      "desc": "Часть"
    },
    {
      "id": 872402,
      "name": "Тело",
      "desc": "Часть"
    },
    {
      "id": 872403,
      "name": "Ноги",
      "desc": "Часть"
    },
    {
      "id": 8725,
      "name": "Сторожевой пёс улиц",
      "desc": "Ядро"
    },
    {
      "id": 872501,
      "name": "Тело",
      "desc": "Часть"
    },
    {
      "id": 872502,
      "name": "Телефонные столбы",
      "desc": "Часть"
    },
    {
      "id": 872503,
      "name": "Человек",
      "desc": "Часть"
    },
    {
      "id": 872504,
      "name": "Голова",
      "desc": "Часть"
    },
    {
      "id": 8726,
      "name": "Стать сильнее? Прям ваще?",
      "desc": "Ядро"
    },
    {
      "id": 872601,
      "name": "Тело",
      "desc": "Часть"
    },
    {
      "id": 8727,
      "name": "Стал сильнее! Ваще реально?",
      "desc": "Ядро"
    },
    {
      "id": 872701,
      "name": "Тело",
      "desc": "Часть"
    },
    {
      "id": 8728,
      "name": "Хочешь, накостыляю? Очень?",
      "desc": "Ядро"
    },
    {
      "id": 872801,
      "name": "Тело",
      "desc": "Часть"
    },
    {
      "id": 872802,
      "name": "Левая рука",
      "desc": "Часть"
    },
    {
      "id": 8729,
      "name": "Прельщённая Розовыми туфельками",
      "desc": "Ядро"
    },
    {
      "id": 872901,
      "name": "Тело",
      "desc": "Часть"
    },
    {
      "id": 8730,
      "name": "Обворожённый Розовыми туфельками",
      "desc": "Ядро"
    },
    {
      "id": 873001,
      "name": "Тело",
      "desc": "Часть"
    },
    {
      "id": 8731,
      "name": "Цок—цок? Отскок!",
      "desc": "Ядро"
    },
    {
      "id": 873101,
      "name": "Тело",
      "desc": "Часть"
    },
    {
      "id": 873102,
      "name": "Левая рука",
      "desc": "Часть"
    },
    {
      "id": 8732,
      "name": "Календарь судного дня",
      "desc": "Ядро"
    },
    {
      "id": 873201,
      "name": "Левая рука",
      "desc": "Часть"
    },
    {
      "id": 873202,
      "name": "Правая рука",
      "desc": "Часть"
    },
    {
      "id": 873203,
      "name": "Лицо",
      "desc": "Часть"
    },
    {
      "id": 87322,
      "name": "Календарь судного дня",
      "desc": "Ядро"
    },
    {
      "id": 87323,
      "name": "Календарь судного дня",
      "desc": "Ядро"
    },
    {
      "id": 87324,
      "name": "Календарь судного дня",
      "desc": "Ядро"
    },
    {
      "id": 8733,
      "name": "Терракотовая кукла судного дня",
      "desc": "Ядро"
    },
    {
      "id": 873301,
      "name": "Голова",
      "desc": "Часть"
    },
    {
      "id": 8734,
      "name": "Огненная кукла судного дня",
      "desc": "Ядро"
    },
    {
      "id": 873401,
      "name": "Голова",
      "desc": "Часть"
    },
    {
      "id": 90042,
      "name": "Обескураженный охранник контрольного пункта Корп. K",
      "desc": "Противник"
    },
    {
      "id": 90043,
      "name": "Безумный охранник контрольного пункта Корп. K",
      "desc": "Противник"
    },
    {
      "id": 90044,
      "name": "Неопрятный охранник контрольного пункта Корп. K",
      "desc": "Противник"
    },
    {
      "id": 90045,
      "name": "Оглушённый охранник контрольного пункта Корп. K",
      "desc": "Противник"
    },
    {
      "id": 8034,
      "name": "Лицыплёнок, — он же Бони",
      "desc": "Ядро"
    },
    {
      "id": 803401,
      "name": "Тело",
      "desc": "Часть"
    },
    {
      "id": 8035,
      "name": "Лицыплёнок, — он же Бони",
      "desc": "Ядро"
    },
    {
      "id": 803501,
      "name": "Тело",
      "desc": "Часть"
    },
    {
      "id": 8036,
      "name": "Лицыплёнок, — он же Бони",
      "desc": "Ядро"
    },
    {
      "id": 803601,
      "name": "Тело",
      "desc": "Часть"
    },
    {
      "id": 8037,
      "name": "Лицыплёнок, — он же Бони",
      "desc": "Ядро"
    },
    {
      "id": 803701,
      "name": "Тело",
      "desc": "Часть"
    },
    {
      "id": 8038,
      "name": "Папа Бони",
      "desc": "Ядро"
    },
    {
      "id": 803801,
      "name": "Тело",
      "desc": "Часть"
    },
    {
      "id": 8039,
      "name": "Папа Бони",
      "desc": "Ядро"
    },
    {
      "id": 803901,
      "name": "Тело",
      "desc": "Часть"
    },
    {
      "id": 803902,
      "name": "Корзина с курицей",
      "desc": "Часть"
    },
    {
      "id": 8040,
      "name": "Приправленный Папа Бони",
      "desc": "Ядро"
    },
    {
      "id": 804001,
      "name": "Тело",
      "desc": "Часть"
    },
    {
      "id": 804002,
      "name": "Корзина с курицей",
      "desc": "Часть"
    },
    {
      "id": 8041,
      "name": "Медный бык — В слезах",
      "desc": "Ядро"
    },
    {
      "id": 804101,
      "name": "Тело",
      "desc": "Часть"
    },
    {
      "id": 804102,
      "name": "Голова",
      "desc": "Часть"
    },
    {
      "id": 8042,
      "name": "Наблюдательный дрон Корп. K",
      "desc": "Ядро"
    },
    {
      "id": 804201,
      "name": "Тело",
      "desc": "Часть"
    },
    {
      "id": 8043,
      "name": "ЭГО «Лоботомии»::Слепой дождь — Донбек",
      "desc": "Ядро"
    },
    {
      "id": 804301,
      "name": "Тело",
      "desc": "Часть"
    },
    {
      "id": 8044,
      "name": "ЭГО Донбек::Линдера",
      "desc": "Ядро"
    },
    {
      "id": 804401,
      "name": "Тело",
      "desc": "Часть"
    },
    {
      "id": 8045,
      "name": "Шокирующая многоножка",
      "desc": "Ядро"
    },
    {
      "id": 804501,
      "name": "Тело",
      "desc": "Часть"
    },
    {
      "id": 804502,
      "name": "Голова",
      "desc": "Часть"
    },
    {
      "id": 8046,
      "name": "Бродячий лис",
      "desc": "Ядро"
    },
    {
      "id": 804601,
      "name": "Тело",
      "desc": "Часть"
    },
    {
      "id": 804602,
      "name": "Голова",
      "desc": "Часть"
    },
    {
      "id": 8047,
      "name": "Чтобы никто не плакал",
      "desc": "Ядро"
    },
    {
      "id": 804701,
      "name": "Тело",
      "desc": "Часть"
    },
    {
      "id": 804702,
      "name": "Правая рука",
      "desc": "Часть"
    },
    {
      "id": 8048,
      "name": "Фея-джентльмен",
      "desc": "Ядро"
    },
    {
      "id": 804801,
      "name": "Тело",
      "desc": "Часть"
    },
    {
      "id": 804802,
      "name": "Левая рука",
      "desc": "Часть"
    },
    {
      "id": 8049,
      "name": "Донран, отрицающий всё",
      "desc": "Ядро"
    },
    {
      "id": 8050,
      "name": "Расцветшее ЭГО::Управитель",
      "desc": "Ядро"
    },
    {
      "id": 8051,
      "name": "Вино фей",
      "desc": "Ядро"
    },
    {
      "id": 805101,
      "name": "Бокал вина",
      "desc": "Часть"
    },
    {
      "id": 8052,
      "name": "Старый зонт",
      "desc": "Ядро"
    },
    {
      "id": 805201,
      "name": "Зонт",
      "desc": "Часть"
    },
    {
      "id": 8053,
      "name": "Старый зонт",
      "desc": "Ядро"
    },
    {
      "id": 805301,
      "name": "Зонт",
      "desc": "Часть"
    },
    {
      "id": 8054,
      "name": "Распускающиеся цветы",
      "desc": "Ядро"
    },
    {
      "id": 805401,
      "name": "Бутоны",
      "desc": "Часть"
    },
    {
      "id": 90046,
      "name": "Наблюдательный дрон Корп. K",
      "desc": "Противник"
    },
    {
      "id": 90047,
      "name": "Потрёпанный робот с циркулярной пилой",
      "desc": "Противник"
    },
    {
      "id": 90048,
      "name": "Потрёпанный робот с крушащим шаром",
      "desc": "Противник"
    },
    {
      "id": 90049,
      "name": "Совершенный робот с циркулярной пилой",
      "desc": "Противник"
    },
    {
      "id": 90050,
      "name": "Совершенный робот с крушащим шаром",
      "desc": "Противник"
    },
    {
      "id": 91007,
      "name": "Крепкий совмещённый робот",
      "desc": "Босс"
    },
    {
      "id": 90051,
      "name": "Уверенный корректировщик мастерской \"Ключ и роза\"",
      "desc": "Противник"
    },
    {
      "id": 90052,
      "name": "Горделивый корректировщик мастерской \"Ключ и роза\"",
      "desc": "Противник"
    },
    {
      "id": 90053,
      "name": "Дрожащий корректировщик мастерской \"Ключ и роза\"",
      "desc": "Противник"
    },
    {
      "id": 91008,
      "name": "Представитель мастерской \"Ключ и роза\" Нико",
      "desc": "Босс"
    },
    {
      "id": 90054,
      "name": "Агент 1-го уровня Корп. K в беде",
      "desc": "Противник"
    },
    {
      "id": 90055,
      "name": "Нестабильный агент 1-го уровня Корп. K",
      "desc": "Противник"
    },
    {
      "id": 90056,
      "name": "Взломанный лечащий робот Корп. K",
      "desc": "Противник"
    },
    {
      "id": 90057,
      "name": "Взломанный лечащий робот Корп. K",
      "desc": "Противник"
    },
    {
      "id": 90058,
      "name": "ЭГО «Лоботомии»::Брызги",
      "desc": "Противник"
    },
    {
      "id": 90059,
      "name": "ЭГО «Лоботомии»::Алый лист",
      "desc": "Противник"
    },
    {
      "id": 90060,
      "name": "ЭГО «Лоботомии»::Брызги",
      "desc": "Противник"
    },
    {
      "id": 90061,
      "name": "ЭГО «Лоботомии»::Алый лист",
      "desc": "Противник"
    },
    {
      "id": 91009,
      "name": "ЭГО «Лоботомии»::Алый лист — Мариль",
      "desc": "Босс"
    },
    {
      "id": 90062,
      "name": "Воскрешённый с ЭГО «Лоботомии»::Брызги",
      "desc": "Противник"
    },
    {
      "id": 90063,
      "name": "Воскрешённый с ЭГО «Лоботомии»::Алый лист",
      "desc": "Противник"
    },
    {
      "id": 90064,
      "name": "Воскрешённый охранник контрольного пункта Корп. K",
      "desc": "Противник"
    },
    {
      "id": 90065,
      "name": "Воскрешённый охранник контрольного пункта Корп. K",
      "desc": "Противник"
    },
    {
      "id": 90066,
      "name": "Воскрешённый агент 1-го уровня Корп. K",
      "desc": "Противник"
    },
    {
      "id": 90067,
      "name": "Воскрешённый агент 1-го уровня Корп. K",
      "desc": "Противник"
    },
    {
      "id": 90068,
      "name": "Воскрешённый агент 3-го уровня Корп. K",
      "desc": "Противник"
    },
    {
      "id": 90069,
      "name": "Воскрешённый усиленный агент 3-го уровня Корп. K",
      "desc": "Противник"
    },
    {
      "id": 90070,
      "name": "Коллектор 3-го уровня Корп. T",
      "desc": "Противник"
    },
    {
      "id": 91010,
      "name": "Воскрешённый ЭГО «Лоботомии»::Алый лист — Мариль",
      "desc": "Противник"
    },
    {
      "id": 90071,
      "name": "Дрон Корп. K, производящий арест",
      "desc": "Противник"
    },
    {
      "id": 90072,
      "name": "Наблюдательный дрон Корп. K",
      "desc": "Противник"
    },
    {
      "id": 90073,
      "name": "Боязливый охранник контрольного пункта Корп. K",
      "desc": "Противник"
    },
    {
      "id": 90074,
      "name": "Дрожащий охранник контрольного пункта Корп. K",
      "desc": "Противник"
    },
    {
      "id": 90075,
      "name": "Застывший охранник контрольного пункта Корп. K",
      "desc": "Противник"
    },
    {
      "id": 90076,
      "name": "Внимательный охранник контрольного пункта Корп. K",
      "desc": "Противник"
    },
    {
      "id": 8055,
      "name": "Распустившиеся цветы",
      "desc": "Ядро"
    },
    {
      "id": 805501,
      "name": "Бутоны",
      "desc": "Часть"
    },
    {
      "id": 80442,
      "name": "ЭГО Донбек::Линдера",
      "desc": "Ядро"
    },
    {
      "id": 8056,
      "name": "Древо тщеславия",
      "desc": "Ядро"
    },
    {
      "id": 805601,
      "name": "Плоды тщеславия",
      "desc": "Часть"
    },
    {
      "id": 8057,
      "name": "Древо горькой обиды",
      "desc": "Ядро"
    },
    {
      "id": 805701,
      "name": "Горькая обида",
      "desc": "Часть"
    },
    {
      "id": 8060,
      "name": "Древо желаний",
      "desc": "Ядро"
    },
    {
      "id": 806001,
      "name": "Желания",
      "desc": "Часть"
    },
    {
      "id": 804901,
      "name": "Тело",
      "desc": "Часть"
    },
    {
      "id": 8058,
      "name": "Фонарь фей",
      "desc": "Ядро"
    },
    {
      "id": 805801,
      "name": "Тело",
      "desc": "Часть"
    },
    {
      "id": 80492,
      "name": "Донран, отрицающий всё",
      "desc": "Ядро"
    },
    {
      "id": 80493,
      "name": "Донран, отрицающий всё",
      "desc": "Ядро"
    },
    {
      "id": 8061,
      "name": "Древо поглощения",
      "desc": "Ядро"
    },
    {
      "id": 806101,
      "name": "Дерево",
      "desc": "Часть"
    },
    {
      "id": 805001,
      "name": "Тело",
      "desc": "Часть"
    },
    {
      "id": 805802,
      "name": "Голова",
      "desc": "Часть"
    },
    {
      "id": 805803,
      "name": "Левая рука",
      "desc": "Часть"
    },
    {
      "id": 8059,
      "name": "Фея-длинноножка",
      "desc": "Ядро"
    },
    {
      "id": 805901,
      "name": "Тело",
      "desc": "Часть"
    },
    {
      "id": 805902,
      "name": "Левая рука",
      "desc": "Часть"
    },
    {
      "id": 8064,
      "name": "Пеккатула Чревоугодия",
      "desc": "Ядро"
    },
    {
      "id": 8065,
      "name": "Пеккатула Лености",
      "desc": "Ядро"
    },
    {
      "id": 8066,
      "name": "Пеккатула Гнева",
      "desc": "Ядро"
    },
    {
      "id": 8067,
      "name": "Пеккатула Уныния",
      "desc": "Ядро"
    },
    {
      "id": 8068,
      "name": "Пеккатула Похоти",
      "desc": "Ядро"
    },
    {
      "id": 8069,
      "name": "Пеккатула Гордыни",
      "desc": "Ядро"
    },
    {
      "id": 806401,
      "name": "Тело",
      "desc": "Часть"
    },
    {
      "id": 806501,
      "name": "Тело",
      "desc": "Часть"
    },
    {
      "id": 806601,
      "name": "Тело",
      "desc": "Часть"
    },
    {
      "id": 806701,
      "name": "Тело",
      "desc": "Часть"
    },
    {
      "id": 806801,
      "name": "Тело",
      "desc": "Часть"
    },
    {
      "id": 806901,
      "name": "Тело",
      "desc": "Часть"
    },
    {
      "id": 805903,
      "name": "Голова",
      "desc": "Часть"
    },
    {
      "id": 8062,
      "name": "Огромный лист",
      "desc": "Ядро"
    },
    {
      "id": 806201,
      "name": "Тело",
      "desc": "Часть"
    },
    {
      "id": 8075,
      "name": "Плачущая жаба",
      "desc": "Ядро"
    },
    {
      "id": 807501,
      "name": "Тело",
      "desc": "Часть"
    },
    {
      "id": 807502,
      "name": "Левый глаз",
      "desc": "Часть"
    },
    {
      "id": 807503,
      "name": "Правый глаз",
      "desc": "Часть"
    },
    {
      "id": 8076,
      "name": "kqe—1j—23",
      "desc": "Ядро"
    },
    {
      "id": 807601,
      "name": "Тело",
      "desc": "Часть"
    },
    {
      "id": 8077,
      "name": "Сердце горожан",
      "desc": "Ядро"
    },
    {
      "id": 807701,
      "name": "Сердце",
      "desc": "Часть"
    },
    {
      "id": 8078,
      "name": "Моя форма пустеет",
      "desc": "Ядро"
    },
    {
      "id": 807801,
      "name": "Статуя",
      "desc": "Часть"
    },
    {
      "id": 807802,
      "name": "Каменный пьедестал",
      "desc": "Часть"
    },
    {
      "id": 8079,
      "name": "Подконтрольный Гвидо",
      "desc": "Противник"
    },
    {
      "id": 807901,
      "name": "Тело",
      "desc": "Часть"
    },
    {
      "id": 8080,
      "name": "Подконтрольная Аида",
      "desc": "Противник"
    },
    {
      "id": 808001,
      "name": "Тело",
      "desc": "Часть"
    },
    {
      "id": 8081,
      "name": "Подконтрольный Командир дивизии Корп. G",
      "desc": "Противник"
    },
    {
      "id": 808101,
      "name": "Тело",
      "desc": "Часть"
    },
    {
      "id": 8082,
      "name": "Кромер",
      "desc": "Противник"
    },
    {
      "id": 808201,
      "name": "Тело",
      "desc": "Часть"
    },
    {
      "id": 8083,
      "name": "Кромер, мечтающая о полноценном человеке",
      "desc": "Ядро"
    },
    {
      "id": 808301,
      "name": "Правая рука",
      "desc": "Часть"
    },
    {
      "id": 808302,
      "name": "Левая рука",
      "desc": "Часть"
    },
    {
      "id": 808303,
      "name": "Пасть",
      "desc": "Часть"
    },
    {
      "id": 90082,
      "name": "Агент 3-го уровня Корп. K",
      "desc": "적"
    },
    {
      "id": 8084,
      "name": "Обезглавленный ихтис",
      "desc": "Ядро"
    },
    {
      "id": 808401,
      "name": "Тело",
      "desc": "Часть"
    },
    {
      "id": 808402,
      "name": "Правая нога",
      "desc": "Часть"
    },
    {
      "id": 808403,
      "name": "Левая нога",
      "desc": "Часть"
    },
    {
      "id": 808404,
      "name": "Хвост",
      "desc": "Часть"
    },
    {
      "id": 8085,
      "name": "Сторожевой пёс улиц",
      "desc": "Ядро"
    },
    {
      "id": 808501,
      "name": "Тело",
      "desc": "Часть"
    },
    {
      "id": 808502,
      "name": "Телефонные столбы",
      "desc": "Часть"
    },
    {
      "id": 808503,
      "name": "Человек",
      "desc": "Часть"
    },
    {
      "id": 808504,
      "name": "Голова",
      "desc": "Часть"
    },
    {
      "id": 8086,
      "name": "Шокирующая многоножка",
      "desc": "Ядро"
    },
    {
      "id": 808601,
      "name": "Тело",
      "desc": "Часть"
    },
    {
      "id": 808602,
      "name": "Голова",
      "desc": "Часть"
    },
    {
      "id": 8087,
      "name": "Бродячий лис",
      "desc": "Ядро"
    },
    {
      "id": 808701,
      "name": "Тело",
      "desc": "Часть"
    },
    {
      "id": 808702,
      "name": "Голова",
      "desc": "Часть"
    },
    {
      "id": 8088,
      "name": "Старый зонт",
      "desc": "Ядро"
    },
    {
      "id": 808801,
      "name": "Зонт",
      "desc": "Часть"
    },
    {
      "id": 8089,
      "name": "Чтобы никто не плакал",
      "desc": "Ядро"
    },
    {
      "id": 808901,
      "name": "Тело",
      "desc": "Часть"
    },
    {
      "id": 808902,
      "name": "Правая рука",
      "desc": "Часть"
    },
    {
      "id": 8090,
      "name": "Фея-джентльмен",
      "desc": "Ядро"
    },
    {
      "id": 809001,
      "name": "Тело",
      "desc": "Часть"
    },
    {
      "id": 809002,
      "name": "Левая рука",
      "desc": "Часть"
    },
    {
      "id": 8091,
      "name": "Вино фей",
      "desc": "Ядро"
    },
    {
      "id": 809101,
      "name": "Бокал вина",
      "desc": "Часть"
    },
    {
      "id": 8092,
      "name": "Фея-длинноножка",
      "desc": "Ядро"
    },
    {
      "id": 809201,
      "name": "Тело",
      "desc": "Часть"
    },
    {
      "id": 809202,
      "name": "Левая рука",
      "desc": "Часть"
    },
    {
      "id": 809203,
      "name": "Голова",
      "desc": "Часть"
    },
    {
      "id": 8093,
      "name": "Огромный лист",
      "desc": "Ядро"
    },
    {
      "id": 809301,
      "name": "Тело",
      "desc": "Часть"
    },
    {
      "id": 8094,
      "name": "Золотое яблочко",
      "desc": "Ядро"
    },
    {
      "id": 8095,
      "name": "Фальшивое яблоко",
      "desc": "Ядро"
    },
    {
      "id": 809401,
      "name": "Тело",
      "desc": "Часть"
    },
    {
      "id": 809501,
      "name": "Голова",
      "desc": "Часть"
    },
    {
      "id": 809502,
      "name": "Тело",
      "desc": "Часть"
    },
    {
      "id": 8096,
      "name": "Медный бык — В слезах",
      "desc": "Ядро"
    },
    {
      "id": 809601,
      "name": "Тело",
      "desc": "Часть"
    },
    {
      "id": 809602,
      "name": "Голова",
      "desc": "Часть"
    },
    {
      "id": 8263,
      "name": "Королева фей",
      "desc": "Ядро"
    },
    {
      "id": 826301,
      "name": "Тело",
      "desc": "Часть"
    },
    {
      "id": 826302,
      "name": "Правая рука",
      "desc": "Часть"
    },
    {
      "id": 826303,
      "name": "Левая рука",
      "desc": "Часть"
    },
    {
      "id": 8264,
      "name": "Скопление фей",
      "desc": "Ядро"
    },
    {
      "id": 826401,
      "name": "Тело",
      "desc": "Часть"
    },
    {
      "id": 8265,
      "name": "Королева фей",
      "desc": "Ядро"
    },
    {
      "id": 826501,
      "name": "Тело",
      "desc": "Часть"
    },
    {
      "id": 826502,
      "name": "Правая рука",
      "desc": "Часть"
    },
    {
      "id": 826503,
      "name": "Левая рука",
      "desc": "Часть"
    },
    {
      "id": 8266,
      "name": "Скопление фей",
      "desc": "Ядро"
    },
    {
      "id": 826601,
      "name": "Тело",
      "desc": "Часть"
    },
    {
      "id": 1058,
      "name": "Портрет того дня",
      "desc": "Ядро"
    },
    {
      "id": 1059,
      "name": "Портрет",
      "desc": "Ядро"
    },
    {
      "id": 1060,
      "name": "Портрет",
      "desc": "Ядро"
    },
    {
      "id": 1061,
      "name": "Снящаяся электоовца",
      "desc": "Ядро"
    },
    {
      "id": 1062,
      "name": "Генератор",
      "desc": "Ядро"
    },
    {
      "id": 1063,
      "name": "Связанный король",
      "desc": ""
    },
    {
      "id": 99022,
      "name": "Не умеющий считать хулиган",
      "desc": ""
    },
    {
      "id": 99023,
      "name": "Смышлённый хулиган",
      "desc": ""
    },
    {
      "id": 99024,
      "name": "Главный хулиган",
      "desc": ""
    },
    {
      "id": 99025,
      "name": "Голодный хулиган",
      "desc": ""
    },
    {
      "id": 99026,
      "name": "Голодный хулиган",
      "desc": ""
    },
    {
      "id": 1142,
      "name": "Грех Чревоугодия — Класс 1",
      "desc": "Ядро"
    },
    {
      "id": 1143,
      "name": "Грех Чревоугодия — Класс 1",
      "desc": "Ядро"
    },
    {
      "id": 114301,
      "name": "Тело",
      "desc": "Часть"
    },
    {
      "id": 1222,
      "name": "Роковой стрелок",
      "desc": "Ядро"
    },
    {
      "id": 1174,
      "name": "Спальный мешок давно минувшего дня",
      "desc": "Ядро"
    },
    {
      "id": 1175,
      "name": "Четыреста роз",
      "desc": "Ядро"
    },
    {
      "id": 1172,
      "name": "Бывший командир дивизии Корп. G",
      "desc": "Ядро"
    },
    {
      "id": 1173,
      "name": "Бывший командир дивизии Корп. G",
      "desc": "Ядро"
    }
  ]
}
