﻿{
  "dataList": [
    {
      "id": "receive_integrate_account_code",
      "content": "<cspace=1px>Получить код слияния</cspace>"
    },
    {
      "id": "receive_integrate_account_code_description",
      "content": "Постарайтесь завершить слияние до того, как закончится действие кода."
    },
    {
      "id": "request_integrate_account_code",
      "content": "Запрос кода"
    },
    {
      "id": "input_integrate_account_code",
      "content": "<cspace=1px>Ввести код слияния</cspace>"
    },
    {
      "id": "input_code",
      "content": "Ввести код"
    },
    {
      "id": "integrate_account_code",
      "content": "Код для слияния аккаунтов"
    },
    {
      "id": "input_integrate_account_code_description",
      "content": "Пожалуйста, введите свой ID и предоставленный код."
    },
    {
      "id": "unable_to_integrate_account",
      "content": "Не удалось совершить слияние."
    },
    {
      "id": "not_exist_integrate_code",
      "content": "Код для слияния не существует."
    },
    {
      "id": "select_account_for_integrate",
      "content": "Выберите аккаунт для слияния."
    },
    {
      "id": "current_account",
      "content": "Текущий аккаунт"
    },
    {
      "id": "new_account",
      "content": "Новый аккаунт"
    },
    {
      "id": "warning_none_integrate_account_removed",
      "content": "※ Аккаунт, который вы не выбрали, будет удален."
    },
    {
      "id": "ask_to_integrate_account",
      "content": "Перенести информацию на этот аккаунт?"
    },
    {
      "id": "ask_to_integrate_account_warning",
      "content": "Перенести информацию на этот аккаунт?"
    },
    {
      "id": "receiving_integrate_account_code",
      "content": "Отправляем код…"
    },
    {
      "id": "success_integrate_account_message",
      "content": "Данные аккаунта успешно перенесены."
    },
    {
      "id": "warning_before_integrate",
      "content": "<color=red>Не выбранный аккаунт будет удален.</color>"
    },
    {
      "id": "link_error_link_failed",
      "content": "Нельзя произвести слияние"
    },
    {
      "id": "link_error_expired",
      "content": "Код слияния просрочен."
    },
    {
      "id": "link_error",
      "content": "Не вышло перенести информацию.\nНельзя произвести слияние данных с аккаунтом на той же платформе."
    },
    {
      "id": "input_unlink_account",
      "content": "Отвязать аккаунт"
    },
    {
      "id": "alarm_unlink_account",
      "content": "Аккаунт отвязан"
    },
    {
      "id": "unlink_account_ask_title",
      "content": "Отвязка аккаунтов"
    },
    {
      "id": "unlink_account_ask_content",
      "content": "Вы собираетесь отвязать выбранные аккаунты.\nПосле выбора, вы не сможете отвязать аккаунты в течение {0} дней."
    }
  ]
}