﻿{
  "dataList": [
    {
      "id": "move_to_inventory",
      "content": "В инвентарь"
    },
    {
      "id": "progress_personality_gacksung",
      "content": "Связать сучку"
    },
    {
      "id": "mainui_reinforce_support_passive",
      "content": "Пассивка Поддержки [{0}] улучшена"
    },
    {
      "id": "mainui_reinforce_battle_passive",
      "content": "Боевая пассивка [{0}] улучшена"
    },
    {
      "id": "mainui_battle_passsive_reinforce",
      "content": "Боевая пассивка улучшена"
    },
    {
      "id": "mainui_support_passsive_reinforce",
      "content": "Пассивка Подддержки улучшена"
    },
    {
      "id": "mainui_target_num_label",
      "content": "Кол-во целей"
    },
    {
      "id": "mainui_awaken_requirement_label",
      "content": "Необходимо"
    }
  ]
}