﻿{
  "dataList": [
    {
      "id": "mirrordungeon_egogift_temp_ab_name_9001",
      "content": "Hellterfly’s Dream"
    },
    {
      "id": "mirrordungeon_egogift_temp_ab_name_9002",
      "content": "Perversion"
    },
    {
      "id": "mirrordungeon_egogift_temp_ab_name_9003",
      "content": "Ashes to Ashes"
    },
    {
      "id": "mirrordungeon_egogift_temp_ab_name_9004",
      "content": "Phlebotomy Pack"
    },
    {
      "id": "mirrordungeon_egogift_temp_ab_name_9005",
      "content": "Wound Clerid"
    },
    {
      "id": "mirrordungeon_egogift_temp_ab_name_9006",
      "content": "Coffee and Cranes"
    },
    {
      "id": "mirrordungeon_egogift_temp_ab_name_9007",
      "content": "Eclipse of Scarlet Moths"
    },
    {
      "id": "mirrordungeon_egogift_temp_ab_name_9008",
      "content": "Grimy Iron Stake"
    },
    {
      "id": "mirrordungeon_egogift_temp_ab_name_9009",
      "content": "Fiery Down"
    },
    {
      "id": "mirrordungeon_egogift_temp_ab_name_9010",
      "content": "Bloody Gadget"
    },
    {
      "id": "mirrordungeon_egogift_temp_ab_name_9011",
      "content": "Sunshower"
    },
    {
      "id": "mirrordungeon_egogift_temp_ab_name_9012",
      "content": "Today’s Expression"
    },
    {
      "id": "mirrordungeon_egogift_temp_ab_name_9013",
      "content": "Talisman Bundle"
    },
    {
      "id": "mirrordungeon_egogift_temp_ab_name_9014",
      "content": "Rusty Commemorative Coin"
    },
    {
      "id": "mirrordungeon_egogift_temp_ab_name_9015",
      "content": "Blood, Sweat, and Tears"
    },
    {
      "id": "mirrordungeon_egogift_temp_ab_name_9016",
      "content": "Green Spirit"
    },
    {
      "id": "mirrordungeon_egogift_temp_ab_name_9017",
      "content": "Lithograph"
    },
    {
      "id": "mirrordungeon_egogift_temp_ab_name_9018",
      "content": "Crown of Roses"
    },
    {
      "id": "mirrordungeon_egogift_temp_ab_name_9019",
      "content": "Sticky Muck"
    },
    {
      "id": "mirrordungeon_egogift_temp_ab_name_9020",
      "content": "White Chrysanthemum"
    },
    {
      "id": "mirrordungeon_egogift_temp_ab_name_9021",
      "content": "Blue Zippo Lighter"
    },
    {
      "id": "mirrordungeon_egogift_temp_ab_name_9022",
      "content": "Phantom Pain"
    },
    {
      "id": "mirrordungeon_egogift_temp_ab_name_9023",
      "content": "Thunderbranch"
    },
    {
      "id": "mirrordungeon_egogift_temp_ab_name_9024",
      "content": "Melty Eyeball"
    },
    {
      "id": "mirrordungeon_egogift_temp_ab_name_9025",
      "content": "Grey Coat"
    },
    {
      "id": "mirrordungeon_egogift_temp_ab_name_9026",
      "content": "Late-bloomer’s Tattoo"
    },
    {
      "id": "mirrordungeon_egogift_temp_ab_name_9027",
      "content": "Lowest Star"
    },
    {
      "id": "mirrordungeon_egogift_temp_ab_name_9028",
      "content": "Prejudice"
    },
    {
      "id": "mirrordungeon_egogift_temp_ab_name_9029",
      "content": "Little and To-be-Naughty Plushie"
    },
    {
      "id": "mirrordungeon_egogift_temp_ab_name_9030",
      "content": "Gathering Skulls"
    },
    {
      "id": "mirrordungeon_egogift_temp_ab_name_9031",
      "content": "Nixie Divergence"
    },
    {
      "id": "mirrordungeon_egogift_temp_ab_name_9032",
      "content": "Dreaming Electric Sheep"
    },
    {
      "id": "mirrordungeon_egogift_temp_ab_name_9033",
      "content": "Standard-duty Battery"
    },
    {
      "id": "mirrordungeon_egogift_temp_ab_name_9034",
      "content": "Pinpoint Logic Circuit"
    },
    {
      "id": "mirrordungeon_egogift_temp_ab_name_9035",
      "content": "Voodoo Doll"
    },
    {
      "id": "mirrordungeon_egogift_temp_ab_name_9036",
      "content": "Carmilla"
    },
    {
      "id": "mirrordungeon_egogift_temp_ab_name_9037",
      "content": "Child within a Flask"
    },
    {
      "id": "mirrordungeon_egogift_temp_ab_name_9038",
      "content": "Illusory Hunt"
    },
    {
      "id": "mirrordungeon_egogift_temp_ab_name_9039",
      "content": "Homeward"
    },
    {
      "id": "mirrordungeon_egogift_temp_ab_name_9040",
      "content": "Tomorrow’s Fortune"
    }
  ]
}