﻿{
  "dataList": [
    {
      "id": "dungeon_battle_reward_case_format_cost_acquisition",
      "content": "Получить {0} Стоимости"
    },
    {
      "id": "dungeon_battle_reward_case_format_cost_and_gift_acquisition",
      "content": "Получить {0} Стоимости\n{1}% шанс получить случайный дар ЭГО {2} Уровня или ниже, для категории Ключевого Эффекта выбранного в начале Зеркального Подземелья"
    },
    {
      "id": "dungeon_battle_reward_case_format_cost_and_all_tier_gift_acquisition",
      "content": "Получить {0} Стоимости\n{1}% шанс получить случайный дар ЭГО"
    },
    {
      "id": "dungeon_battle_reward_case_format_random_gift_acquisition",
      "content": "Получить случайный дар ЭГО {0} Уровня"
    },
    {
      "id": "dungeon_battle_reward_case_format_chip_acquisition",
      "content": "Получить дополнительные {0} Света Звезд за зачистку Зеркального Подземелья"
    },
    {
      "id": "dungeon_battle_reward_case_format_random_ego_resource_acquisition",
      "content": "Ресурсы ЭГО +{1} для {0} разных Грехов"
    },
    {
      "id": "dungeon_battle_reward_case_format_least_ego_resource_acquisition",
      "content": "Ресурсы ЭГО +{1} для {0} для наименее-имеющихся Грехов"
    },
    {
      "id": "dungeon_battle_reward_case_format_cost_and_gift_acquisition_from_start_keyword",
      "content": "Получить {0} Стоимости\n{1}% шанс получить случайный дар ЭГО {2} {3} Уровня"
    },
    {
      "id": "dungeon_battle_reward_case_format_cost_and_gift_acquisition_from_start_keyword_none_or_random",
      "content": "Получить {0} Стоимости\n{1}% шанс получить случайный дар ЭГО {2} Уровня"
    }
  ]
}