﻿{
  "dataList": [
    {
      "id": "mirrordungeonui_level_up",
      "content": "Усилить Айдишку"
    },
    {
      "id": "mirrordungeonui_ask_level_up",
      "content": "Желаете выбрать эту Айдишку?"
    },
    {
      "id": "mirrordungeonui_warning_stop_dungeon",
      "content": "※ При завершении экспедиции, награды выдаются в зависимости от кол-ва пройденных этажей."
    },
    {
      "id": "mirrordungeonui_current_reward",
      "content": "Текущие награды"
    },
    {
      "id": "mirrordungeonui_acquire_new_character",
      "content": "Получена Айдишка"
    },
    {
      "id": "mirrordungeonui_level_up_complete",
      "content": "Айдишка усилена"
    },
    {
      "id": "mirrordungeonui_continue",
      "content": "Желаете продолжить экспедицию?"
    },
    {
      "id": "mirrordungeonui_select_character",
      "content": "Выбор балбеса"
    },
    {
      "id": "mirrordungeonui_able_to_equip",
      "content": "Открыто"
    },
    {
      "id": "mirrordungeon_success_to_levelup",
      "content": "Уровень айдишки повышен!"
    },
    {
      "id": "mirrordungeon_additional_exp",
      "content": "Ежедневный опыт для Пасса"
    },
    {
      "id": "mirrordungeon_already_in_member",
      "content": "На поле боя"
    },
    {
      "id": "mirrordungeon_select_start_character",
      "content": "Войти в Зеркальный мир"
    },
    {
      "id": "mirrordungeon_acquire_ego_gift_popup",
      "content": "Получен ЭГО Дар!"
    },
    {
      "id": "mirrordungeon_additional_exp_weekly",
      "content": "Недельное повышение опыта"
    },
    {
      "id": "mirrordungeon_daily_free",
      "content": "Бесплатно 1 раз в день"
    },
    {
      "id": "mirrordungeon_entrance_quit_former_simulation",
      "content": "Вы уверены, что желаете выйти из текущей симуляции?"
    },
    {
      "id": "mirrordungeon_progress_rate_simulation",
      "content": "Прогресс симуляции {0}"
    },
    {
      "id": "mirrordungeon_resume_simulation",
      "content": "Продолжить симуляцию"
    },
    {
      "id": "mirrordungeon_stop_simulation",
      "content": "Завершить симуляцию"
    },
    {
      "id": "mirrordungeon_simulation_info_1",
      "content": "◆ Героин не требуется"
    },
    {
      "id": "mirrordungeon_simulation_info_2",
      "content": "◆ Награды не выдаются"
    },
    {
      "id": "mirrordungeon_progress",
      "content": "<size=42>Продолжить экспедицию</size>"
    },
    {
      "id": "mirrordungeon_stop",
      "content": "<size=42>Завершить экспедицию</size>"
    },
    {
      "id": "mirrordungeon_dungeon_name_simulation",
      "content": "симуляцию \"{0}\""
    },
    {
      "id": "mirrordungeon_warning_not_equip_ego",
      "content": "Вы не выбрали ЭГО\nЖелаете продолжить?"
    },
    {
      "id": "mirrordungeon_acquire_rewards",
      "content": "Получение наград"
    },
    {
      "id": "mirrordungeon_ask_select_character_level_up",
      "content": "Усилить Айдишку:"
    },
    {
      "id": "mirrordungeon_simulation_info_no_use_module",
      "content": "◆ Героиновые модули не требуются"
    },
    {
      "id": "mirrordungeon_after_levelup",
      "content": "Пройден шаг {0}"
    },
    {
      "id": "mirrordunge_ego_gift_history_button_label",
      "content": "Информация о солевых закладках"
    },
    {
      "id": "mirrordungeon_weekly_reset_description",
      "content": "Недельная запись сброшена.\nПереходим к окну."
    },
    {
      "id": "mirrordungeon_simulation_on",
      "content": "! Симуляция… !"
    },
    {
      "id": "mirrordungeon_participated",
      "content": "Участвует"
    },
    {
      "id": "select_ego_gift",
      "content": "Выбор ЭГО Дара"
    },
    {
      "id": "explore_dungeon_finished",
      "content": "Экспедиция завершена"
    },
    {
      "id": "participated_personality",
      "content": "Участники"
    },
    {
      "id": "dungeon_final_area",
      "content": "Последняя точка"
    },
    {
      "id": "total_progress_rate",
      "content": "Общий прогресс"
    },
    {
      "id": "mirrordungeon_weekly_reset",
      "content": "Предыдущая запись устарела.\nПолучите награды."
    },
    {
      "id": "mirror_dungeon_error_desc",
      "content": "Данные утрачены из-за серверной ошибки."
    },
    {
      "id": "mirrordunge_achievement_history_button_label",
      "content": "Достижения"
    }
  ]
}