﻿{
  "dataList": [
    {
      "id": "mirror_rental_title",
      "content": "Балбесы в кредит"
    },
    {
      "id": "mirror_rental_no_item",
      "content": "Сейчас не выдают кредиты."
    },
    {
      "id": "mirror_rental_period",
      "content": "Время до камшота"
    },
    {
      "id": "mirror_rental_keyword_label",
      "content": "Keywords"
    },
    {
      "id": "mirror_rental_ask_to_enter",
      "content": "<font=\"EN/Pretendard/Pretendard-Regular SDF\">Зайти в {0} с порно модами?</font>"
    },
    {
      "id": "mirror_rental_warnings",
      "content": "<font=\"EN/Pretendard/Pretendard-Regular SDF\">• Each Rental Team can be rented to play through the Mirror Dungeon once over their respective rental periods.\n\n• When using a rental Team, the Mirror Dungeon Identity & E.G.O swap function and the Parallel Superposition Mode(Infinity Mode) will not be accessible.\n\n• You can obtain Mirror Dungeon clear rewards and Event currencies by clearing the Mirror Dungeon using the Rental team.\n\n• Only one out of three Weekly Bonuses can be consumed when clearing a Mirror Dungeon with a Rental Team.\n\n• Claiming the Mirror Dungeon Clear Reward will consume your Rental chance.\n\n\n\n\n</font>"
    },
    {
      "id": "mirror_rental_unable_by_running_other",
      "content": "Dungeon In Progress"
    },
    {
      "id": "mirror_rental_already_reward_acquired",
      "content": "Rewards Claimed"
    },
    {
      "id": "unable_to_change_formation_by_rental_formation",
      "content": "Fixed Team"
    },
    {
      "id": "mirror_rental_failed_to_enter",
      "content": "Invalid Rental Team Data. UI has been refreshed.\n(error code : {0})"
    },
    {
      "id": "mirror_rental_button_label",
      "content": "Кредит"
    },
    {
      "id": "mirror_unable_to_infinity_by_rental",
      "content": "Cannot activate with a Rental Team"
    }
  ]
}