{
  "dataList": [
    {
      "id": 9088,
      "content": "No Acquisition Records\n\n<Unlock Conditions>\n- Shops - 「Fuse E.G.O Gift」"
    },
    {
      "id": 9090,
      "content": "No Acquisition Records\n\n<Unlock Conditions>\n- Shops - 「Fuse E.G.O Gift」"
    },
    {
      "id": 9092,
      "content": "No Acquisition Records\n\n<Unlock Conditions>\n- Shops - 「Fuse E.G.O Gift」"
    },
    {
      "id": 9094,
      "content": "No Acquisition Records\n\n<Unlock Conditions>\n- Shops - 「Fuse E.G.O Gift」"
    },
    {
      "id": 9096,
      "content": "No Acquisition Records\n\n<Unlock Conditions>\n- Shops - 「Fuse E.G.O Gift」"
    },
    {
      "id": 9098,
      "content": "No Acquisition Records\n\n<Unlock Conditions>\n- Shops - 「Fuse E.G.O Gift」"
    },
    {
      "id": 9100,
      "content": "No Acquisition Records\n\n<Unlock Conditions>\n- Shops - 「Fuse E.G.O Gift」"
    },
    {
      "id": 9410,
      "content": "No Acquisition Records\n\n<Unlock Conditions>\n- Shops - 「Fuse E.G.O Gift」"
    },
    {
      "id": 9416,
      "content": "No Acquisition Records\n\n<Unlock Conditions>\n- Shops - 「Fuse E.G.O Gift」"
    },
    {
      "id": 9424,
      "content": "No Acquisition Records\n\n<Unlock Conditions>\n- Shops - 「Fuse E.G.O Gift」"
    },
    {
      "id": 9430,
      "content": "No Acquisition Records\n\n<Unlock Conditions>\n- Shops - 「Fuse E.G.O Gift」"
    },
    {
      "id": 9434,
      "content": "No Acquisition Records\n\n<Unlock Conditions>\n- Shops - 「Fuse E.G.O Gift」"
    },
    {
      "id": 9717,
      "content": "No Acquisition Records\n\n<Unlock Conditions>\n- Shops - 「Fuse E.G.O Gift」"
    },
    {
      "id": 9718,
      "content": "No Acquisition Records\n\n<Unlock Conditions>\n- Shops - 「Fuse E.G.O Gift」"
    },
    {
      "id": 9728,
      "content": "No Acquisition Records\n\n<Unlock Conditions>\n- Shops - 「Fuse E.G.O Gift」"
    },
    {
      "id": 9729,
      "content": "No Acquisition Records\n\n<Unlock Conditions>\n- Shops - 「Fuse E.G.O Gift」"
    },
    {
      "id": 9730,
      "content": "No Acquisition Records\n\n<Unlock Conditions>\n- Shops - 「Fuse E.G.O Gift」"
    },
    {
      "id": 9731,
      "content": "No Acquisition Records\n\n<Unlock Conditions>\n- Shops - 「Fuse E.G.O Gift」"
    },
    {
      "id": 9740,
      "content": "No Acquisition Records\n\n<Unlock Conditions>\n- Shops - 「Fuse E.G.O Gift」"
    },
    {
      "id": 9741,
      "content": "No Acquisition Records\n\n<Unlock Conditions>\n- Shops - 「Fuse E.G.O Gift」"
    },
    {
      "id": 9742,
      "content": "No Acquisition Records\n\n<Unlock Conditions>\n- Shops - 「Fuse E.G.O Gift」"
    },
    {
      "id": 9743,
      "content": "No Acquisition Records\n\n<Unlock Conditions>\n- Shops - 「Fuse E.G.O Gift」"
    },
    {
      "id": 9761,
      "content": "No Acquisition Records\n\n<Unlock Conditions>\n- Shops - 「Fuse E.G.O Gift」"
    },
    {
      "id": 9764,
      "content": "No Acquisition Records\n\n<Unlock Conditions>\n- Shops - 「Fuse E.G.O Gift」"
    },
    {
      "id": 9765,
      "content": "No Acquisition Records\n\n<Unlock Conditions>\n- Shops - 「Fuse E.G.O Gift」"
    },
    {
      "id": 9780,
      "content": "No Acquisition Records\n\n<Unlock Conditions>\n- Shops - 「Fuse E.G.O Gift」"
    },
    {
      "id": 9783,
      "content": "No Acquisition Records\n\n<Unlock Conditions>\n- Shops - 「Fuse E.G.O Gift」"
    },
    {
      "id": 9784,
      "content": "No Acquisition Records\n\n<Unlock Conditions>\n- Shops - 「Fuse E.G.O Gift」"
    },
    {
      "id": 9799,
      "content": "No Acquisition Records\n\n<Unlock Conditions>\n- Confront a certain philosophy"
    },
    {
      "id": 9800,
      "content": "No Acquisition Records\n\n<Unlock Conditions>\n- Test your luck!"
    }
  ]
}