﻿{
  "dataList": [
    {
      "id": 1049,
      "panicName": "Звериный\nинстинкт",
      "lowMoraleDescription": "- В начале хода получает 1 <sprite name=\"Enhancement\"><color=#f8c200><u><link=\"Enhancement\">Повышение силы атаки</link></u></color>, 1 <sprite name=\"AttackDmgUp\"><color=#f8c200><u><link=\"AttackDmgUp\">Повышение урона</link></u></color>, и 1 <sprite name=\"Vulnerable\"><color=#e30000><u><link=\"Vulnerable\">Уязвимость</link></u></color>\n- Наносит на (Разница в проценте текущих ОЗ с целью / 2)% больше урона противникам с большим процентом текущих ОЗ (До 10%)",
      "panicDescription": "- В начале хода получает 1 <sprite name=\"PlusCoinValueUp\"><color=#f8c200><u><link=\"PlusCoinValueUp\">Усиление положительной монеты</link></u></color>, 2 <sprite name=\"AttackDmgUp\"><color=#f8c200><u><link=\"AttackDmgUp\">Повышения урона</link></u></color>, и 2 <sprite name=\"Vulnerable\"><color=#e30000><u><link=\"Vulnerable\">Уязвимости</link></u></color>\n- Наносит на (Разница в проценте текущих ОЗ с целью)% больше урона противникам с большим процентом текущих ОЗ (До 25%)"
    },
    {
      "id": 1046,
      "panicName": "Вычерпывание\nплоти",
      "lowMoraleDescription": "- Получает 5 <sprite name=\"Laceration\"><color=#e30000><u><link=\"Laceration\">Кровотечения</link></u></color> и 1 <sprite name=\"Enhancement\"><color=#f8c200><u><link=\"Enhancement\">Повышение силы атаки</link></u></color> в начале хода",
      "panicDescription": "- Получает 10 <sprite name=\"Laceration\"><color=#e30000><u><link=\"Laceration\">Кровотечения</link></u></color> и 2 <sprite name=\"Enhancement\"><color=#f8c200><u><link=\"Enhancement\">Повышения силы атаки</link></u></color> в начале хода"
    },
    {
      "id": 1050,
      "panicName": "Жёсткий\nустав",
      "lowMoraleDescription": "- Если удалось нанести 2 и более <sprite name=\"Vibration\"><color=#e30000><u><link=\"Vibration\">Тремора</link></u></color> в прошлом ходе, получает 1 <sprite name=\"AmberDamageUp\"><color=#f8c200><u><link=\"AmberDamageUp\">Повышение урона Леностью</link></u></color>\n- Если удалось нанести 2 и более <sprite name=\"Combustion\"><color=#e30000><u><link=\"Combustion\">Огня</link></u></color> в прошлом ходе, получает 1 <sprite name=\"CrimsonDamageUp\"><color=#f8c200><u><link=\"CrimsonDamageUp\">Повышение урона Гневом</link></u></color>\n- Если не удалось нанести ничего из этого, получает 2 <sprite name=\"DefenseDown\"><color=#e30000><u><link=\"DefenseDown\">Понижения уровня защиты</link></u></color>",
      "panicDescription": "- Если удалось нанести 2 и более <sprite name=\"Vibration\"><color=#e30000><u><link=\"Vibration\">Тремора</link></u></color> в прошлом ходе, получает 2 <sprite name=\"AmberDamageUp\"><color=#f8c200><u><link=\"AmberDamageUp\">Повышения урона Леностью</link></u></color>\n- Если удалось нанести 2 и более <sprite name=\"Combustion\"><color=#e30000><u><link=\"Combustion\">Огня</link></u></color> в прошлом ходе, получает 2 <sprite name=\"CrimsonDamageUp\"><color=#f8c200><u><link=\"CrimsonDamageUp\">Повышения урона Гневом</link></u></color>\n- Если не удалось нанести ничего из этого, получает 3 <sprite name=\"DefenseDown\"><color=#e30000><u><link=\"DefenseDown\">Понижения уровня защиты</link></u></color>"
    },
    {
      "id": 1051,
      "panicName": "Мягкое сердце,\nотделанное золотом",
      "lowMoraleDescription": "- Получает 1 <sprite name=\"Enhancement\"><color=#f8c200><u><link=\"Enhancement\">Повышение силы атаки</link></u></color> и 1 <sprite name=\"Vulnerable\"><color=#e30000><u><link=\"Vulnerable\">Уязвимость</link></u></color>",
      "panicDescription": "- Получает 2 <sprite name=\"Enhancement\"><color=#f8c200><u><link=\"Enhancement\">Повышения силы атаки</link></u></color> и 2 <sprite name=\"Vulnerable\"><color=#e30000><u><link=\"Vulnerable\">Уязвимости</link></u></color>"
    },
    {
      "id": 1052,
      "panicName": "Сердцем\nнавстречу новой эре",
      "lowMoraleDescription": "- Теряет 3 СД при попадании и наносит 2 <sprite name=\"Sinking\"><color=#e30000><u><link=\"Sinking\">Утопания</link></u></color> на цель",
      "panicDescription": "- При попадании наносит 3 <sprite name=\"Sinking\"><color=#e30000><u><link=\"Sinking\">Утопания</link></u></color> на цель и сам получает 1 <sprite name=\"Sinking\"><color=#e30000><u><link=\"Sinking\">Утопание</link></u></color>"
    },
    {
      "id": 1053,
      "panicName": "Унаследованное\nзавещание\nХунъюаня",
      "lowMoraleDescription": "- Получает 2 <sprite name=\"Enhancement\"><color=#f8c200><u><link=\"Enhancement\">Повышения силы атаки</link></u></color> и 1 <sprite name=\"Binding\"><color=#e30000><u><link=\"Binding\">Связывание</link></u></color>\n- Когда Тело проигрывает в столкновении против Хон Лу, эта часть получает 1 <sprite name=\"AttackDmgUp\"><color=#f8c200><u><link=\"AttackDmgUp\">Повышение урона</link></u></color> и 1 <sprite name=\"Vulnerable\"><color=#e30000><u><link=\"Vulnerable\">Уязвимость</link></u></color> на следующий ход (Единожды за ход)",
      "panicDescription": "- Получает 2 <sprite name=\"Enhancement\"><color=#f8c200><u><link=\"Enhancement\">Повышения силы атаки</link></u></color> и 2 <sprite name=\"Binding\"><color=#e30000><u><link=\"Binding\">Связывания</link></u></color>\n- Когда Тело проигрывает в столкновении против Хон Лу, эта часть получает 2 <sprite name=\"AttackDmgUp\"><color=#f8c200><u><link=\"AttackDmgUp\">Повышения урона</link></u></color> и 2 <sprite name=\"Vulnerable\"><color=#e30000><u><link=\"Vulnerable\">Уязвимости</link></u></color> на следующий ход (Единожды за ход)"
    },
    {
      "id": 1054,
      "panicName": "Бесконечное\nзавещание\nХунъюаня",
      "lowMoraleDescription": "- Получает 2 <sprite name=\"Enhancement\"><color=#f8c200><u><link=\"Enhancement\">Повышения силы атаки</link></u></color> и 1 <sprite name=\"Vulnerable\"><color=#e30000><u><link=\"Vulnerable\">Уязвимость</link></u></color>\n- Все Старейшины получают 3 <sprite name=\"DefenseDown\"><color=#e30000><u><link=\"DefenseDown\">Понижения уровня защиты</link></u></color>\n- Наносит на 20% больше урона (Если часть с Паланкином повреждена, вместо этого наносит на 10% меньше урона)",
      "panicDescription": "- Получает 2 <sprite name=\"Enhancement\"><color=#f8c200><u><link=\"Enhancement\">Повышения силы атаки</link></u></color> и 2 <sprite name=\"Vulnerable\"><color=#e30000><u><link=\"Vulnerable\">Уязвимости</link></u></color>\n- Все Старейшины получают 5 <sprite name=\"DefenseDown\"><color=#e30000><u><link=\"DefenseDown\">Понижений уровня защиты</link></u></color>\n- Наносит на 30% больше урона (Если часть с Паланкином повреждена, вместо этого наносит на 15% меньше урона)"
    }
  ]
}