﻿{
  "dataList": [
    {
      "id": 1038,
      "panicName": "Ночь в подворотнях",
      "lowMoraleDescription": "Получает 1 <sprite name=\"Enhancement\"><color=#f8c200><u><link=\"Enhancement\">Повышение силы атаки</link></u></color>, 1 <sprite name=\"TakeHpHealIncrease\"><color=#f8c200><u><link=\"TakeHpHealIncrease\">Повышение восстановления ОЗ</link></u></color> и 1 <sprite name=\"Vulnerable\"><color=#e30000><u><link=\"Vulnerable\">Уязвимость</link></u></color>",
      "panicDescription": "Получает 2 <sprite name=\"Enhancement\"><color=#f8c200><u><link=\"Enhancement\">Повышения силы атаки</link></u></color>, 2 <sprite name=\"TakeHpHealIncrease\"><color=#f8c200><u><link=\"TakeHpHealIncrease\">Повышения восстановления ОЗ</link></u></color> и 1 <sprite name=\"Vulnerable\"><color=#e30000><u><link=\"Vulnerable\">Уязвимость</link></u></color>"
    },
    {
      "id": 1039,
      "panicName": "Обман",
      "lowMoraleDescription": "Если быстрее цели или использует одностороннюю атаку, наносит на 10% больше урона",
      "panicDescription": "- Если быстрее цели или использует одностороннюю атаку, наносит на 20% больше урона\n- Получает на 20% меньше урона от противников с меньшей скоростью"
    }
  ]
}