﻿{
  "dataList": [
    {
      "id": 1001,
      "panicName": "Самоповреждение",
      "lowMoraleDescription": "Получает 2 <sprite name=\"Agility\"><color=#f8c200><u><link=\"Agility\">Спешки</link></u></color> и 2 <sprite name=\"Vulnerable\"><color=#e30000><u><link=\"Vulnerable\">Уязвимости</link></u></color>",
      "panicDescription": "Теряет 10 ОЗ в начале хода"
    },
    {
      "id": 1002,
      "panicName": "Порицание",
      "lowMoraleDescription": "Начало хода: Получает 2 <sprite name=\"Enhancement\"><color=#f8c200><u><link=\"Enhancement\">Повышения силы атаки</link></u></color> и 2 <sprite name=\"Vulnerable\"><color=#e30000><u><link=\"Vulnerable\">Уязвимости</link></u></color>",
      "panicDescription": "Начало хода: Случайный союзник теряет 20 СД"
    },
    {
      "id": 1003,
      "panicName": "Ошеломление",
      "lowMoraleDescription": "Получает 2 <sprite name=\"Reduction\"><color=#e30000><u><link=\"Reduction\">Понижения силы атаки</link></u></color>",
      "panicDescription": "Не действует в течение этого хода"
    },
    {
      "id": 1004,
      "panicName": "Обескураженность",
      "lowMoraleDescription": "Получает 2 <sprite name=\"Reduction\"><color=#e30000><u><link=\"Reduction\">Понижения силы атаки</link></u></color>",
      "panicDescription": "Получает 4 <sprite name=\"Reduction\"><color=#e30000><u><link=\"Reduction\">Понижения силы атаки</link></u></color>"
    },
    {
      "id": 1005,
      "panicName": "Обозлённость",
      "lowMoraleDescription": "Получает 1 <sprite name=\"AttackDmgUp\"><color=#f8c200><u><link=\"AttackDmgUp\">Повышение урона</link></u></color> и 2 <sprite name=\"Vulnerable\"><color=#e30000><u><link=\"Vulnerable\">Уязвимости</link></u></color>",
      "panicDescription": "Получает 2 <sprite name=\"AttackDmgUp\"><color=#f8c200><u><link=\"AttackDmgUp\">Повышения урона</link></u></color> и 5 <sprite name=\"Vulnerable\"><color=#e30000><u><link=\"Vulnerable\">Уязвимостей</link></u></color>"
    },
    {
      "id": 1006,
      "panicName": "Побег",
      "lowMoraleDescription": "Не действует и при получении удара сбегает из боя",
      "panicDescription": ""
    },
    {
      "id": 1007,
      "panicName": "Горечь",
      "lowMoraleDescription": "Получает 2 <sprite name=\"AttackDmgDown\"><color=#e30000><u><link=\"AttackDmgDown\">Понижения урона</link></u></color> каждый ход",
      "panicDescription": "Получает 5 <sprite name=\"AttackDmgDown\"><color=#e30000><u><link=\"AttackDmgDown\">Понижений урона</link></u></color> и 2 <sprite name=\"Vulnerable\"><color=#e30000><u><link=\"Vulnerable\">Уязвимости</link></u></color> каждый ход"
    },
    {
      "id": 1008,
      "panicName": "Безрассудство",
      "lowMoraleDescription": "Цели становятся случайными, если впервые в низком духе",
      "panicDescription": "- Цели становятся случайными\n- Сила в столкновении +1\n- Получает 2 <sprite name=\"AttackDmgUp\"><color=#f8c200><u><link=\"AttackDmgUp\">Повышения урона</link></u></color>"
    },
    {
      "id": 1009,
      "panicName": "Суицидальность",
      "lowMoraleDescription": "При низком духе в первый раз становится неактивным",
      "panicDescription": "- Не может действовать 3 хода\n- Умирает в начале хода, а все союзники теряют 10 СД"
    },
    {
      "id": 1010,
      "panicName": "Блуждание",
      "lowMoraleDescription": "Все союзники теряют 2 СД в начале хода",
      "panicDescription": "- Все союзники теряют 5 СД в начале хода\n- Сбегает из боя после 3 ходов"
    },
    {
      "id": 1011,
      "panicName": "Нестабильность",
      "lowMoraleDescription": "Получает 2 <sprite name=\"Enhancement\"><color=#f8c200><u><link=\"Enhancement\">Повышения силы атаки</link></u></color> и 3 <sprite name=\"Binding\"><color=#e30000><u><link=\"Binding\">Связывания</link></u></color>",
      "panicDescription": "Оглушается в начале хода"
    },
    {
      "id": 1012,
      "panicName": "Удручённость",
      "lowMoraleDescription": "В столкновении, если на любой монете выпадает решка, Сила в этом столкновении понижается на 1",
      "panicDescription": "В столкновении, если на любой монете выпадает решка, Сила в этом столкновении понижается на 3"
    },
    {
      "id": 9999,
      "panicName": "Паника",
      "lowMoraleDescription": "",
      "panicDescription": "Не действует в этом ходе"
    },
    {
      "id": 1013,
      "panicName": "Загрязнение",
      "lowMoraleDescription": "- Получает 1 <sprite name=\"Vulnerable\"><color=#e30000><u><link=\"Vulnerable\">Уязвимость</link></u></color>\n- При поражении в столкновении атакующий теряет 2 СД",
      "panicDescription": "- Получает 2 <sprite name=\"Vulnerable\"><color=#e30000><u><link=\"Vulnerable\">Уязвимости</link></u></color>\n- При поражении в столкновении атакующий теряет 5 СД"
    },
    {
      "id": 1014,
      "panicName": "Возмездие",
      "lowMoraleDescription": "Получает 1 <sprite name=\"Enhancement\"><color=#f8c200><u><link=\"Enhancement\">Повышение силы атаки</link></u></color> и 3 <sprite name=\"DefenseDown\"><color=#e30000><u><link=\"DefenseDown\">Понижения уровня защиты</link></u></color>, а также <sprite name=\"AttackDmgUp\"><color=#f8c200><u><link=\"AttackDmgUp\">Повышение урона</link></u></color> в зависимости от полученного в прошлом ходе урона (1 за каждые 3% потерянных ОЗ)",
      "panicDescription": "Получает 2 <sprite name=\"Enhancement\"><color=#f8c200><u><link=\"Enhancement\">Повышения силы атаки</link></u></color> и 6 <sprite name=\"DefenseDown\"><color=#e30000><u><link=\"DefenseDown\">Понижений уровня защиты</link></u></color>, а также <sprite name=\"AttackDmgUp\"><color=#f8c200><u><link=\"AttackDmgUp\">Повышение урона</link></u></color> в зависимости от полученного в прошлом ходе урона (1 за каждые 3% потерянных ОЗ)"
    },
    {
      "id": 1015,
      "panicName": "Бледная паника",
      "lowMoraleDescription": "Потеря СД увеличивается на 2",
      "panicDescription": "- Получает 2 <sprite name=\"Binding\"><color=#e30000><u><link=\"Binding\">Связывания</link></u></color> в следующем ходе\n- Каждая монета выпадает решкой"
    },
    {
      "id": 1016,
      "panicName": "Ненависть",
      "lowMoraleDescription": "Получает 2 <sprite name=\"AttackDmgUp\"><color=#f8c200><u><link=\"AttackDmgUp\">Повышения урона</link></u></color> и 3 <sprite name=\"DefenseDown\"><color=#e30000><u><link=\"DefenseDown\">Понижения уровня защиты</link></u></color>",
      "panicDescription": "Получает 1 <sprite name=\"Enhancement\"><color=#f8c200><u><link=\"Enhancement\">Повышение силы атаки</link></u></color> и 5 <sprite name=\"DefenseDown\"><color=#e30000><u><link=\"DefenseDown\">Понижений уровня защиты</link></u></color>"
    },
    {
      "id": 1026,
      "panicName": "Погибель",
      "lowMoraleDescription": "- Сила в столкновении -1\n- получает 3 <sprite name=\"Sinking\"><color=#e30000><u><link=\"Sinking\">Утопания</link></u></color> в начале каждого хода",
      "panicDescription": "- Сила в столкновении -2\n- Получает 5 <sprite name=\"Sinking\"><color=#e30000><u><link=\"Sinking\">Утопания</link></u></color> в начале каждого хода и его счётчик повышается на 3"
    },
    {
      "id": 9994,
      "panicName": "Любовь и ненависть",
      "lowMoraleDescription": "",
      "panicDescription": "Не действует в течение этого хода"
    }
  ]
}