﻿{
  "dataList": [
    {
      "id": 806301,
      "name": "Беспощадный окисляющий панцирь",
      "desc": "Когда Голова повреждена, у этой части -2 к Итоговой силе."
    },
    {
      "id": 806302,
      "name": "Украденная взрывная раковина",
      "desc": "Когда Раковина повреждена, у этой части -2 к Итоговой силе."
    },
    {
      "id": 806303,
      "name": "Экстренное питание",
      "desc": "При убийстве другого Краба своими клешнями восстанавливает 5% от максимальных ОЗ.\nВ конце хода, если восстановилось 15% максимальных ОЗ с помощью этого эффекта, восстанавливает и Раковину тоже."
    },
    {
      "id": 806304,
      "name": "Мир крабового каннибализма",
      "desc": "Если ОЗ упали ниже 70%, то атаки 「Зверское избиение」, 「Мощное! Крушение」 и 「Крабовая пена」 нацеливаются на других Крабов с наименьшими ОЗ.\n\nЕсли атакует другого Краба, восстанавливает ОЗ в количестве нанесённого урона.\n\nЕсли убивает другого Краба, восстанавливает ОЗ в количестве удвоенного нанесённого урона."
    },
    {
      "id": 806305,
      "name": "Грядущее присутствие",
      "desc": "Все Грешники теряют 10 СД в начале каждого хода."
    }
  ]
}