﻿{
  "dataList": [
    {
      "id": "1",
      "content": "Пройди за {0} ходов"
    },
    {
      "id": "2",
      "content": "Разнеси нахуй этого босса"
    },
    {
      "id": "3",
      "content": "Пройди этап"
    },
    {
      "id": "40000",
      "content": "Пройди этап с 50%+ хп на всех айдишках"
    },
    {
      "id": "50000",
      "content": "Убей Петтакулу за лимит ходов (удачи)"
    },
    {
      "id": "60000",
      "content": "Устрани долбоебиков перед тем, как они взорвутся"
    },
    {
      "id": "70000",
      "content": "Получи меньше десяти ударов на каждую айдишку в этом этапе"
    },
    {
      "id": "80000",
      "content": "Каждый балбес побеждает скопировавшую его пеккатулу"
    }
  ]
}