﻿{
  "dataList": [
    {
      "id": "1",
      "nameList": [
        {
          "id": "0",
          "content": "Line 1 Boarding"
        },
        {
          "id": "1",
          "content": "First Stop - Contact"
        },
        {
          "id": "2",
          "content": "Station #2 - Restoration"
        },
        {
          "id": "3",
          "content": "Station #3 - Sinkage"
        },
        {
          "id": "4",
          "content": "Station #4 - Reunion"
        },
        {
          "id": "5",
          "content": "Station #5 - Insulation"
        },
        {
          "id": "6",
          "content": "Station #6 - Pickup"
        },
        {
          "id": "7",
          "content": "Station #7 - Headlessness"
        },
        {
          "id": "8",
          "content": "Station #8 - Existence"
        },
        {
          "id": "9",
          "content": "Station #9 - Serum"
        },
        {
          "id": "10",
          "content": "Station #10 - Forked Tongue"
        },
        {
          "id": "11",
          "content": "Station #11 - Energization"
        },
        {
          "id": "12",
          "content": "Station #12 - Purity"
        },
        {
          "id": "13",
          "content": "Last Stop - Non-self"
        }
      ]
    }
  ]
}