﻿{
  "dataList": [
    {
      "id": "3",
      "nameList": [
        {
          "id": "0",
          "content": "Line 3 Boarding"
        },
        {
          "id": "1",
          "content": "First Stop: Cogwheel",
          "shortName": "First Stop"
        },
        {
          "id": "2",
          "content": "Station #2: Waves",
          "shortName": "Station #2"
        },
        {
          "id": "3",
          "content": "Station #3: Nostalgia",
          "shortName": "Station #3"
        },
        {
          "id": "4",
          "content": "Station #4: Interlude",
          "shortName": "Station #4"
        },
        {
          "id": "5",
          "content": "Station #5: Drudgery",
          "shortName": "Station #5"
        },
        {
          "id": "6",
          "content": "Station #6: Truth",
          "shortName": "Station #6"
        },
        {
          "id": "7",
          "content": "Station #7: Eclosion",
          "shortName": "Station #7"
        },
        {
          "id": "8",
          "content": "Station #8: Interlude",
          "shortName": "Station #8"
        },
        {
          "id": "9",
          "content": "Station #9: Pallidification",
          "shortName": "Station #9"
        },
        {
          "id": "10",
          "content": "Station #10: Brainwash",
          "shortName": "Station #10"
        },
        {
          "id": "11",
          "content": "Station #11: Gaslight",
          "shortName": "Station #11"
        },
        {
          "id": "12",
          "content": "Station #12: Interlude",
          "shortName": "Station #12"
        },
        {
          "id": "13",
          "content": "Terminus: The Helix",
          "shortName": "Terminus"
        }
      ]
    }
  ]
}