﻿{
  "dataList": [
    {
      "id": "2",
      "nameList": [
        {
          "id": "0",
          "content": "Line 2 Boarding"
        },
        {
          "id": "1",
          "content": "First Stop: Curse",
          "shortName": "First Stop"
        },
        {
          "id": "2",
          "content": "Station #2: Servitude",
          "shortName": "Station #2"
        },
        {
          "id": "3",
          "content": "Station #3: Rainfall",
          "shortName": "Station #3"
        },
        {
          "id": "4",
          "content": "Station #4: Arrears",
          "shortName": "Station #4"
        },
        {
          "id": "5",
          "content": "Station #5: The Lure",
          "shortName": "Station #5"
        },
        {
          "id": "6",
          "content": "Station #6: Exploitation",
          "shortName": "Station #6"
        },
        {
          "id": "7",
          "content": "Station #7: Odd Stench",
          "shortName": "Station #7"
        },
        {
          "id": "8",
          "content": "Station #8: Cycle",
          "shortName": "Station #8"
        },
        {
          "id": "9",
          "content": "Terminus: The Garden",
          "shortName": "Terminus"
        }
      ]
    }
  ]
}