﻿{
  "dataList": [
    {
      "id": "unable_to_edit",
      "content": "Нельзя изменить"
    },
    {
      "id": "start_mp_changed",
      "content": "СП при входе {1} {0}"
    },
    {
      "id": "new_season_former_global_growth_piece_to_current_piece_desc",
      "content": "Часть принадлежащих вам эгосколков будет перенесена в текущий сезон."
    },
    {
      "id": "new_season_former_global_growth_piece_to_thread_desc",
      "content": "Не перенесенные эгосколки будут конвертированы в светяшке"
    }
  ]
}