{
  "dataList": [
    {
      "id": 2100411,
      "levelList": [
        {
          "level": 1,
          "name": "Фонарь",
          "abName": "Фонарь фей",
          "desc": "",
          "coinlist": [
            {
              "coindescs": [
                {
                  "desc": "[OnSucceedAttackHead] Наносит 3 <sprite name=\"Burst\"><color=#e30000><u><link=\"Burst\">Зеленки</link></u></color><style=\"highlight\"></style>"
                },
                {
                  "desc": "[OnSucceedAttack] Восстанавливает двум союзникам с наименьшим процентом HP 10% от максимальных HP<style=\"highlight\"></style>"
                }
              ]
            }
          ]
        },
        {
          "level": 3,
          "name": "Фонарь",
          "abName": "Фонарь фей",
          "desc": "<style=\"highlight\">[BeforeAttack] Количество целей +1 при менее 50% HP</style>",
          "coinlist": [
            {
              "coindescs": [
                {
                  "desc": "[OnSucceedAttackHead] Наносит 3 <sprite name=\"Burst\"><color=#e30000><u><link=\"Burst\">Зеленки</link></u></color><style=\"highlight\"></style>"
                },
                {
                  "desc": "[OnSucceedAttack] Восстанавливает двум союзникам с наименьшим процентом HP <style=\"highlight\">12%</style> от максимальных HP"
                }
              ]
            }
          ]
        },
        {
          "level": 4,
          "name": "Фонарь",
          "abName": "Фонарь фей",
          "desc": "[BeforeAttack] Количество целей <style=\"highlight\">+2</style> при менее 50% HP",
          "coinlist": [
            {
              "coindescs": [
                {
                  "desc": "<style=\"highlight\">[OnSucceedAttack]</style> Наносит 3 <sprite name=\"Burst\"><color=#e30000><u><link=\"Burst\">Зеленки</link></u></color>"
                },
                {
                  "desc": "[OnSucceedAttack] Восстанавливает двум союзникам с наименьшим процентом HP <style=\"highlight\">15%</style> от максимальных HP"
                }
              ]
            }
          ]
        }
      ]
    },
    {
      "id": 2100421,
      "levelList": [
        {
          "level": 1,
          "name": "Фонарь",
          "abName": "Фонарь фей",
          "desc": "[CantIdentify]\nВыбирает цель с наибольшими HP<style=\"highlight\"></style>",
          "coinlist": [
            {
              "coindescs": [
                {
                  "desc": "[OnSucceedAttackTail] Повышает счетчик <sprite name=\"Burst\"><color=#e30000><u><link=\"Burst\">Зеленки</link></u></color> на 2<style=\"highlight\"></style>"
                },
                {
                  "desc": "[OnSucceedAttack] Восстанавливает HP на 30% от нанесенного урона<style=\"highlight\"></style>"
                }
              ]
            }
          ]
        },
        {
          "level": 3,
          "name": "Фонарь",
          "abName": "Фонарь фей",
          "desc": "[CantIdentify]\nВыбирает цель с наибольшими HP\n<style=\"highlight\">[BeforeAttack] Количество целей +1 при менее 50% HP</style>",
          "coinlist": [
            {
              "coindescs": [
                {
                  "desc": "[OnSucceedAttackTail] Повышает счетчик <sprite name=\"Burst\"><color=#e30000><u><link=\"Burst\">Зеленки</link></u></color> <style=\"highlight\">на 3</style>"
                },
                {
                  "desc": "<style=\"highlight\">[OnSucceedAttack] Наносит 3 <sprite name=\"DefenseDown\"><color=#e30000><u><link=\"DefenseDown\">Понижения уровня защиты</link></u></color></style>"
                },
                {
                  "desc": "[OnSucceedAttack] Восстанавливает HP на <style=\"highlight\">50%</style> от нанесенного урона"
                }
              ]
            }
          ]
        },
        {
          "level": 4,
          "name": "Фонарь",
          "abName": "Фонарь фей",
          "desc": "[CantIdentify]\nВыбирает цель с наибольшими HP\n[BeforeAttack] Количество целей <style=\"highlight\">+2</style> при менее 50% HP",
          "coinlist": [
            {
              "coindescs": [
                {
                  "desc": "<style=\"highlight\">[OnSucceedAttack]</style> Повышает счетчик <sprite name=\"Burst\"><color=#e30000><u><link=\"Burst\">Зеленки</link></u></color> на 3"
                },
                {
                  "desc": "[OnSucceedAttack] Наносит <style=\"highlight\">5</style> <sprite name=\"DefenseDown\"><color=#e30000><u><link=\"DefenseDown\">Понижений уровня защиты</link></u></color>"
                },
                {
                  "desc": "[OnSucceedAttack] Восстанавливает HP на 50% от нанесенного урона<style=\"highlight\"></style>"
                }
              ]
            }
          ]
        }
      ]
    },
    {
      "id": 2100511,
      "levelList": [
        {
          "level": 1,
          "name": "1000 - 7",
          "abName": "Подкожный жир",
          "desc": "",
          "coinlist": [
            {
              "coindescs": [
                {
                  "desc": "[OnSucceedAttack] Если на цели нет <sprite name=\"Combustion\"><color=#e30000><u><link=\"Combustion\">Изжоги</link></u></color>, наносит 4 <sprite name=\"Combustion\"><color=#e30000><u><link=\"Combustion\">Изжоги</link></u></color><style=\"highlight\"></style>"
                },
                {
                  "desc": "[OnSucceedAttack] Наносит 4 <sprite name=\"Combustion\"><color=#e30000><u><link=\"Combustion\">Изжоги</link></u></color><style=\"highlight\"></style>"
                }
              ]
            }
          ]
        },
        {
          "level": 3,
          "name": "1000 - 7",
          "abName": "Подкожный жир",
          "desc": "<style=\"highlight\">[BeforeAttack] Количество целей +1 при резонансе Похоти в 4 и более греха</style>",
          "coinlist": [
            {
              "coindescs": [
                {
                  "desc": "[OnSucceedAttack] Если на целях нет <sprite name=\"Combustion\"><color=#e30000><u><link=\"Combustion\">Изжоги</link></u></color>, наносит 4 <sprite name=\"Combustion\"><color=#e30000><u><link=\"Combustion\">Изжоги</link></u></color><style=\"highlight\"></style>"
                },
                {
                  "desc": "[OnSucceedAttack] Наносит 4 <sprite name=\"Combustion\"><color=#e30000><u><link=\"Combustion\">Изжоги</link></u></color><style=\"highlight\"></style>"
                }
              ]
            }
          ]
        },
        {
          "level": 4,
          "name": "1000 - 7",
          "abName": "Подкожный жир",
          "desc": "[BeforeAttack] Количество целей +1 при резонансе Похоти в 4 и более греха\n<style=\"highlight\">- Количество целей повышается еще на 1 при наибольшем абсолютном резонансе Похоти в 4 и более греха</style>",
          "coinlist": [
            {
              "coindescs": [
                {
                  "desc": "[OnSucceedAttack] Если на целях нет <sprite name=\"Combustion\"><color=#e30000><u><link=\"Combustion\">Изжоги</link></u></color>, наносит 4 <sprite name=\"Combustion\"><color=#e30000><u><link=\"Combustion\">Изжоги</link></u></color><style=\"highlight\"></style>"
                },
                {
                  "desc": "[OnSucceedAttack] Наносит 4 <sprite name=\"Combustion\"><color=#e30000><u><link=\"Combustion\">Изжоги</link></u></color><style=\"highlight\"></style>"
                },
                {
                  "desc": "<style=\"highlight\">[OnSucceedAttackTail] Если на цели 10 и более <sprite name=\"Combustion\"><color=#e30000><u><link=\"Combustion\">Изжоги</link></u></color>, наносит 1 <sprite name=\"Reduction\"><color=#e30000><u><link=\"Reduction\">Понижение силы атаки</link></u></color> и 1 <sprite name=\"Disarming\"><color=#e30000><u><link=\"Disarming\">Понижение силы защиты</link></u></color> на следующий ход</style>"
                }
              ]
            }
          ]
        }
      ]
    },
    {
      "id": 2100521,
      "levelList": [
        {
          "level": 1,
          "name": "1000 - 7",
          "abName": "Подкожный жир",
          "desc": "[CantIdentify]\nСлучайные цели<style=\"highlight\"></style>",
          "coinlist": [
            {
              "coindescs": [
                {
                  "desc": "[OnSucceedAttack] Если на цели нет <sprite name=\"Combustion\"><color=#e30000><u><link=\"Combustion\">Изжоги</link></u></color>, наносит 6 <sprite name=\"Combustion\"><color=#e30000><u><link=\"Combustion\">Изжоги</link></u></color><style=\"highlight\"></style>"
                },
                {
                  "desc": "[OnSucceedAttack] Наносит 4 <sprite name=\"Combustion\"><color=#e30000><u><link=\"Combustion\">Изжоги</link></u></color><style=\"highlight\"></style>"
                }
              ]
            }
          ]
        },
        {
          "level": 3,
          "name": "1000 - 7",
          "abName": "Подкожный жир",
          "desc": "[CantIdentify]\nСлучайные цели\n<style=\"highlight\">[BeforeAttack] Количество целей +1 при резонансе Похоти в 4 и более греха</style>",
          "coinlist": [
            {
              "coindescs": [
                {
                  "desc": "[OnSucceedAttack] Если на целях нет <sprite name=\"Combustion\"><color=#e30000><u><link=\"Combustion\">Изжоги</link></u></color>, наносит 6 <sprite name=\"Combustion\"><color=#e30000><u><link=\"Combustion\">Изжоги</link></u></color><style=\"highlight\"></style>"
                },
                {
                  "desc": "[OnSucceedAttack] Наносит 4 <sprite name=\"Combustion\"><color=#e30000><u><link=\"Combustion\">Изжоги</link></u></color><style=\"highlight\"></style>"
                },
                {
                  "desc": "<style=\"highlight\">[OnSucceedAttackTail] Если на цели 10 и более <sprite name=\"Combustion\"><color=#e30000><u><link=\"Combustion\">Изжоги</link></u></color>, наносит 1 <sprite name=\"ScarletTakeDamageUp\"><color=#e30000><u><link=\"ScarletTakeDamageUp\">Уязвимость к Похоти</link></u></color> на следующий ход</style>"
                }
              ]
            }
          ]
        },
        {
          "level": 4,
          "name": "1000 - 7",
          "abName": "Подкожный жир",
          "desc": "[CantIdentify]\nСлучайные цели\n[BeforeAttack] Количество целей +1 при резонансе Похоти в 4 и более греха\n<style=\"highlight\">- Количество целей повышается еще на 1 при наибольшем абсолютном резонансе Похоти в 4 и более греха</style>",
          "coinlist": [
            {
              "coindescs": [
                {
                  "desc": "[OnSucceedAttack] Если на целях нет <sprite name=\"Combustion\"><color=#e30000><u><link=\"Combustion\">Изжоги</link></u></color>, наносит 6 <sprite name=\"Combustion\"><color=#e30000><u><link=\"Combustion\">Изжоги</link></u></color><style=\"highlight\"></style>"
                },
                {
                  "desc": "[OnSucceedAttack] Наносит 4 <sprite name=\"Combustion\"><color=#e30000><u><link=\"Combustion\">Изжоги</link></u></color><style=\"highlight\"></style>"
                },
                {
                  "desc": "[OnSucceedAttackTail] Если на цели 10 и более <sprite name=\"Combustion\"><color=#e30000><u><link=\"Combustion\">Изжоги</link></u></color>, наносит <style=\"highlight\">2</style> <sprite name=\"ScarletTakeDamageUp\"><color=#e30000><u><link=\"ScarletTakeDamageUp\">Уязвимости к Похоти</link></u></color> на следующий ход"
                }
              ]
            }
          ]
        }
      ]
    },
    {
      "id": 2100611,
      "levelList": [
        {
          "level": 1,
          "name": "Крик из пещер",
          "abName": "Блюблюблю лягушка",
          "desc": "[BeforeAttack] Количество целей +1 при 4 и более грехах в наибольшем резонансе<style=\"highlight\"></style>",
          "coinlist": [
            {
              "coindescs": [
                {
                  "desc": "[EndSkill] Дает себе и союзнику с наименьшими HP щит на 10% от своих максимальных HP и 2 <sprite name=\"ShieldManagerCryingToad\"><color=#9f6a3a><u><link=\"ShieldManagerCryingToad\">Слезинки</link></u></color><style=\"highlight\"></style>"
                },
                {
                  "desc": "- Если в наибольшем резонансе 4 и более греха, еще 1 союзник получает щит и <sprite name=\"ShieldManagerCryingToad\"><color=#9f6a3a><u><link=\"ShieldManagerCryingToad\">Слезинку</link></u></color> <style=\"highlight\"></style>"
                },
                {
                  "desc": "- Если на союзнике уже есть <sprite name=\"ShieldManagerCryingToad\"><color=#9f6a3a><u><link=\"ShieldManagerCryingToad\">Слезинка</link></u></color>, обновляет ее счетчик на 2<style=\"highlight\"></style>"
                },
                {
                  "desc": "- Если в наибольшем абсолютном резонансе Уныния 4 и более греха, дает 3 <sprite name=\"ShieldManagerCryingToad\"><color=#9f6a3a><u><link=\"ShieldManagerCryingToad\">Слезинки</link></u></color> вместо 2<style=\"highlight\"></style>"
                }
              ]
            }
          ]
        },
        {
          "level": 3,
          "name": "Крик из пещер",
          "abName": "Блюблюблю лягушка",
          "desc": "[BeforeAttack] Количество целей <style=\"highlight\">+(Число грехов в наибольшем резонансе - 2) (До 2)</style>",
          "coinlist": [
            {
              "coindescs": [
                {
                  "desc": "[EndSkill] Дает себе и <style=\"highlight\">(1 + (Число грехов в наибольшем резонансе - 2))</style> союзникам с наименьшими HP щит на <style=\"highlight\">14%</style> от своих максимальных HP и 2 <sprite name=\"ShieldManagerCryingToad\"><color=#9f6a3a><u><link=\"ShieldManagerCryingToad\">Слезинки</link></u></color> <style=\"highlight\">(До 3 других союзников)</style>"
                },
                {
                  "desc": "- Если на союзнике уже есть <sprite name=\"ShieldManagerCryingToad\"><color=#9f6a3a><u><link=\"ShieldManagerCryingToad\">Слезинка</link></u></color>, обновляет ее счетчик на 2<style=\"highlight\"></style>"
                },
                {
                  "desc": "- Если в наибольшем абсолютном резонансе Уныния 4 и более греха, дает 3 <sprite name=\"ShieldManagerCryingToad\"><color=#9f6a3a><u><link=\"ShieldManagerCryingToad\">Слезинки</link></u></color> вместо 2<style=\"highlight\"></style>"
                }
              ]
            }
          ]
        },
        {
          "level": 4,
          "name": "Крик из пещер",
          "abName": "Блюблюблю лягушка",
          "desc": "[BeforeAttack] Количество целей +(Число грехов в наибольшем резонансе - 2) (До 2)<style=\"highlight\"></style>",
          "coinlist": [
            {
              "coindescs": [
                {
                  "desc": "[EndSkill] Дает себе и (1 + (Число грехов в наибольшем резонансе - 2)) союзникам с наименьшими HP щит на <style=\"highlight\">20%</style> от своих максимальных HP и 2 <sprite name=\"ShieldManagerCryingToad\"><color=#9f6a3a><u><link=\"ShieldManagerCryingToad\">Слезинки</link></u></color> (До 3 других союзников)"
                },
                {
                  "desc": "- Если на союзнике уже есть <sprite name=\"ShieldManagerCryingToad\"><color=#9f6a3a><u><link=\"ShieldManagerCryingToad\">Слезинка</link></u></color>, обновляет ее счетчик на 2<style=\"highlight\"></style>"
                },
                {
                  "desc": "- Если в наибольшем абсолютном резонансе Уныния 4 и более греха, дает 3 <sprite name=\"ShieldManagerCryingToad\"><color=#9f6a3a><u><link=\"ShieldManagerCryingToad\">Слезинки</link></u></color> вместо 2<style=\"highlight\"></style>"
                }
              ]
            }
          ]
        }
      ]
    },
    {
      "id": 2100621,
      "levelList": [
        {
          "level": 1,
          "name": "Крик из пещер",
          "abName": "Блюблюблю лягушка",
          "desc": "[CantIdentify]\nСлучайные цели\n[BeforeAttack] Количество целей +1 при 4 и более грехах в наибольшем резонансе\n[BeforeAttack] Этот слот получает 5 <sprite name=\"Aggro\"><color=#9f6a3a><u><link=\"Aggro\">Провокаций</link></u></color> на следующий ход<style=\"highlight\"></style>",
          "coinlist": [
            {
              "coindescs": [
                {
                  "desc": "[OnSucceedAttack] Наносит 2 <sprite name=\"Sinking\"><color=#e30000><u><link=\"Sinking\">Депрессии</link></u></color><style=\"highlight\"></style>"
                },
                {
                  "desc": "[EndSkill] Получает щит на (15 + (Число грехов в наибольшем резонансе × 2.5))% от максимальных HP и 2 <sprite name=\"ShieldManagerCryingToad\"><color=#9f6a3a><u><link=\"ShieldManagerCryingToad\">Слезинки</link></u></color> (До 25%)<style=\"highlight\"></style>"
                },
                {
                  "desc": "- Если уже есть <sprite name=\"ShieldManagerCryingToad\"><color=#9f6a3a><u><link=\"ShieldManagerCryingToad\">Слезинка</link></u></color>, обновляет ее счетчик на 2 <style=\"highlight\"></style>"
                },
                {
                  "desc": "- Если в наибольшем абсолютном резонансе Уныния 4 и более греха, дает 3 <sprite name=\"ShieldManagerCryingToad\"><color=#9f6a3a><u><link=\"ShieldManagerCryingToad\">Слезинки</link></u></color> вместо 2<style=\"highlight\"></style>"
                }
              ]
            }
          ]
        },
        {
          "level": 3,
          "name": "Крик из пещер",
          "abName": "Блюблюблю лягушка",
          "desc": "[CantIdentify]\nСлучайные цели\n[BeforeAttack] Количество целей <style=\"highlight\">+(Число грехов в наибольшем резонансе - 2) (До 2)</style>\n[BeforeAttack] Этот слот получает <style=\"highlight\">10</style> <sprite name=\"Aggro\"><color=#9f6a3a><u><link=\"Aggro\">Провокаций</link></u></color> на следующий ход",
          "coinlist": [
            {
              "coindescs": [
                {
                  "desc": "[OnSucceedAttack] Наносит 2 <sprite name=\"Sinking\"><color=#e30000><u><link=\"Sinking\">Депрессии</link></u></color><style=\"highlight\"></style>"
                },
                {
                  "desc": "[EndSkill] Получает щит на (<style=\"highlight\">18</style> + (Число грехов в наибольшем резонансе × <style=\"highlight\">3</style>)) от максимальных HP и 2 <sprite name=\"ShieldManagerCryingToad\"><color=#9f6a3a><u><link=\"ShieldManagerCryingToad\">Слезинки</link></u></color> (До <style=\"highlight\">30%</style>)"
                },
                {
                  "desc": "- Если уже есть <sprite name=\"ShieldManagerCryingToad\"><color=#9f6a3a><u><link=\"ShieldManagerCryingToad\">Слезинка</link></u></color>, обновляет ее счетчик на 2<style=\"highlight\"></style>"
                },
                {
                  "desc": "- Если в наибольшем абсолютном резонансе Уныния 4 и более греха, дает 3 <sprite name=\"ShieldManagerCryingToad\"><color=#9f6a3a><u><link=\"ShieldManagerCryingToad\">Слезинки</link></u></color> вместо 2<style=\"highlight\"></style>"
                }
              ]
            }
          ]
        },
        {
          "level": 4,
          "name": "Крик из пещер",
          "abName": "Блюблюблю лягушка",
          "desc": "[CantIdentify]\nСлучайные цели\n[BeforeAttack] Количество целей +(Число грехов в наибольшем резонансе - 2) (До 2)\n[BeforeAttack] Этот слот получает 10 <sprite name=\"Aggro\"><color=#9f6a3a><u><link=\"Aggro\">Провокаций</link></u></color> на следующий ход<style=\"highlight\"></style>",
          "coinlist": [
            {
              "coindescs": [
                {
                  "desc": "[OnSucceedAttack] Наносит 2 <sprite name=\"Sinking\"><color=#e30000><u><link=\"Sinking\">Депрессии</link></u></color> <style=\"highlight\">и повышает его счетчик на 3</style>"
                },
                {
                  "desc": "[EndSkill] Получает щит на (<style=\"highlight\">20</style> + (Число грехов в наибольшем резонансе × <style=\"highlight\">5</style>)) от максимальных HP и 2 <sprite name=\"ShieldManagerCryingToad\"><color=#9f6a3a><u><link=\"ShieldManagerCryingToad\">Слезинки</link></u></color> (До <style=\"highlight\">40%</style>)"
                },
                {
                  "desc": "- Если на уже есть <sprite name=\"ShieldManagerCryingToad\"><color=#9f6a3a><u><link=\"ShieldManagerCryingToad\">Слезинка</link></u></color>, обновляет ее счетчик на 2<style=\"highlight\"></style>"
                },
                {
                  "desc": "- Если в наибольшем абсолютном резонансе Уныния 4 и более греха, дает 3 <sprite name=\"ShieldManagerCryingToad\"><color=#9f6a3a><u><link=\"ShieldManagerCryingToad\">Слезинки</link></u></color> вместо 2<style=\"highlight\"></style>"
                },
                {
                  "desc": "<style=\"highlight\">- Если в наибольшем абсолютном резонансе Уныния 4 и более греха, получает щит еще на 10% от максимальных HP</style>"
                }
              ]
            }
          ]
        }
      ]
    },
    {
      "id": 2100711,
      "levelList": [
        {
          "level": 1,
          "name": "Хексы гвоздь",
          "abName": "Болезненный мишка тедди",
          "desc": "[EndSkill] Если на цели есть <sprite name=\"Curse\"><color=#e30000><u><link=\"Curse\">Проклятие</link></u></color>, немедленно активирует его дважды и уменьшает на 2<style=\"highlight\"></style>",
          "coinlist": [
            {
              "coindescs": [
                {
                  "desc": "[OnSucceedAttackHead] Наносит 2 <sprite name=\"Laceration\"><color=#e30000><u><link=\"Laceration\">Кетчупа</link></u></color><style=\"highlight\"></style>"
                }
              ]
            },
            {
              "coindescs": [
                {
                  "desc": "[OnSucceedAttack] Наносит 2 <sprite name=\"Curse\"><color=#e30000><u><link=\"Curse\">Проклятия</link></u></color>\n- Наносит еще 1 <sprite name=\"Curse\"><color=#e30000><u><link=\"Curse\">Проклятие</link></u></color> за каждые 3 отрицательных эффекта на цели, не являющихся <sprite name=\"Curse\"><color=#e30000><u><link=\"Curse\">Проклятием</link></u></color> или <sprite name=\"NailPersonality\"><color=#e30000><u><link=\"NailPersonality\">Гвоздями</link></u></color> (До 2)<style=\"highlight\"></style>"
                },
                {
                  "desc": "[OnSucceedAttack] Наносит 2 <sprite name=\"NailPersonality\"><color=#e30000><u><link=\"NailPersonality\">Гвоздя</link></u></color><style=\"highlight\"></style>"
                }
              ]
            }
          ]
        },
        {
          "level": 3,
          "name": "Проклятый гвоздь",
          "abName": "Болезненный мишка тедди",
          "desc": "<style=\"highlight\">[BeforeAttack] При 4 и более грехах в резонансе Зависти, включая этот навык, Количество целей +1</style>\n[EndSkill] Если на цели есть <sprite name=\"Curse\"><color=#e30000><u><link=\"Curse\">Проклятие</link></u></color>, немедленно активирует его дважды и уменьшает на 2",
          "coinlist": [
            {
              "coindescs": [
                {
                  "desc": "[OnSucceedAttackHead] Наносит 2 <sprite name=\"Laceration\"><color=#e30000><u><link=\"Laceration\">Кетчупа</link></u></color><style=\"highlight\"></style>"
                }
              ]
            },
            {
              "coindescs": [
                {
                  "desc": "[OnSucceedAttack] Наносит 2 <sprite name=\"Curse\"><color=#e30000><u><link=\"Curse\">Проклятия</link></u></color>\n- Наносит еще 1 <sprite name=\"Curse\"><color=#e30000><u><link=\"Curse\">Проклятие</link></u></color> за каждые 3 отрицательных эффекта на цели, не являющихся <sprite name=\"Curse\"><color=#e30000><u><link=\"Curse\">Проклятием</link></u></color> или <sprite name=\"NailPersonality\"><color=#e30000><u><link=\"NailPersonality\">Гвоздями</link></u></color> (До 2)<style=\"highlight\"></style>"
                },
                {
                  "desc": "[OnSucceedAttack] Наносит <style=\"highlight\">3</style> <sprite name=\"NailPersonality\"><color=#e30000><u><link=\"NailPersonality\">Гвоздя</link></u></color>"
                },
                {
                  "desc": "<style=\"highlight\">[OnSucceedAttackHead] Наносит 2 <sprite name=\"Binding\"><color=#e30000><u><link=\"Binding\">Поноса</link></u></color> на следующий ход (Единожды за ход)</style>"
                }
              ]
            }
          ]
        },
        {
          "level": 4,
          "name": "Проклятый гвоздь",
          "abName": "Болезненный мишка тедди",
          "desc": "[BeforeAttack] Количество целей повышается на 1 <style=\"highlight\">за каждые 3</style> греха в резонансе Зависти, включая этот навык (До 2)\n[EndSkill] Если на цели есть <sprite name=\"Curse\"><color=#e30000><u><link=\"Curse\">Проклятие</link></u></color>, немедленно активирует его дважды и уменьшает на 2",
          "coinlist": [
            {
              "coindescs": [
                {
                  "desc": "[OnSucceedAttackHead] Наносит 2 <sprite name=\"Laceration\"><color=#e30000><u><link=\"Laceration\">Кетчупа</link></u></color><style=\"highlight\"></style>"
                }
              ]
            },
            {
              "coindescs": [
                {
                  "desc": "[OnSucceedAttack] Наносит 2 <sprite name=\"Curse\"><color=#e30000><u><link=\"Curse\">Проклятия</link></u></color>\n- Наносит еще 1 <sprite name=\"Curse\"><color=#e30000><u><link=\"Curse\">Проклятие</link></u></color> за каждые <style=\"highlight\">2</style> отрицательных эффекта на цели, не являющихся <sprite name=\"Curse\"><color=#e30000><u><link=\"Curse\">Проклятием</link></u></color> или <sprite name=\"NailPersonality\"><color=#e30000><u><link=\"NailPersonality\">Гвоздями</link></u></color> (До 2)"
                },
                {
                  "desc": "[OnSucceedAttack] Наносит 3 <sprite name=\"NailPersonality\"><color=#e30000><u><link=\"NailPersonality\">Гвоздя</link></u></color><style=\"highlight\"></style>"
                },
                {
                  "desc": "<style=\"highlight\">[OnSucceedAttack] Наносит 1 <sprite name=\"ParryingResultDown\"><color=#e30000><u><link=\"ParryingResultDown\">Понижение силы в столкновении</link></u></color>, если на цели 4 и более <sprite name=\"Curse\"><color=#e30000><u><link=\"Curse\">Проклятия</link></u></color> (Единожды за ход)</style>"
                },
                {
                  "desc": "[OnSucceedAttackHead] Наносит 2 <sprite name=\"Binding\"><color=#e30000><u><link=\"Binding\">Поноса</link></u></color> на следующий ход (Единожды за ход)<style=\"highlight\"></style>"
                }
              ]
            }
          ]
        }
      ]
    },
    {
      "id": 2100721,
      "levelList": [
        {
          "level": 1,
          "name": "Проклятый гвоздь",
          "abName": "Болезненный мишка тедди",
          "desc": "[CantIdentify]\nСлучайная цель\n[EndSkill] Если на цели есть <sprite name=\"Curse\"><color=#e30000><u><link=\"Curse\">Проклятие</link></u></color>, немедленно активирует его дважды и уменьшает на 2<style=\"highlight\"></style>",
          "coinlist": [
            {
              "coindescs": [
                {
                  "desc": "[OnSucceedAttackTail] Наносит 2 <sprite name=\"Laceration\"><color=#e30000><u><link=\"Laceration\">Кетчупа</link></u></color><style=\"highlight\"></style>"
                }
              ]
            },
            {
              "coindescs": [
                {
                  "desc": "[OnSucceedAttack] Наносит 4 <sprite name=\"Curse\"><color=#e30000><u><link=\"Curse\">Проклятия</link></u></color><style=\"highlight\"></style>"
                },
                {
                  "desc": "[OnSucceedAttack] Наносит 2 <sprite name=\"NailPersonality\"><color=#e30000><u><link=\"NailPersonality\">Гвоздя</link></u></color><style=\"highlight\"></style>"
                }
              ]
            }
          ]
        },
        {
          "level": 3,
          "name": "Проклятый гвоздь",
          "abName": "Болезненный мишка тедди",
          "desc": "[CantIdentify]\nСлучайная цель\n[EndSkill] Если на цели есть <sprite name=\"Curse\"><color=#e30000><u><link=\"Curse\">Проклятие</link></u></color>, немедленно активирует его дважды и уменьшает на 2<style=\"highlight\"></style>",
          "coinlist": [
            {
              "coindescs": [
                {
                  "desc": "[OnSucceedAttackTail] Наносит <style=\"highlight\">3</style> <sprite name=\"Laceration\"><color=#e30000><u><link=\"Laceration\">Кетчупа</link></u></color>"
                }
              ]
            },
            {
              "coindescs": [
                {
                  "desc": "[OnSucceedAttack] Наносит 4 <sprite name=\"Curse\"><color=#e30000><u><link=\"Curse\">Проклятия</link></u></color><style=\"highlight\"></style>"
                },
                {
                  "desc": "[OnSucceedAttack] Наносит <style=\"highlight\">3</style> <sprite name=\"NailPersonality\"><color=#e30000><u><link=\"NailPersonality\">Гвоздя</link></u></color>"
                },
                {
                  "desc": "<style=\"highlight\">[OnSucceedAttackTail] Наносит 2 <sprite name=\"Binding\"><color=#e30000><u><link=\"Binding\">Поноса</link></u></color> на следующий ход (Единожды за ход)</style>"
                }
              ]
            }
          ]
        },
        {
          "level": 4,
          "name": "Проклятый гвоздь",
          "abName": "Болезненный мишка тедди",
          "desc": "[CantIdentify]\nСлучайная цель\n[EndSkill] Если на цели есть <sprite name=\"Curse\"><color=#e30000><u><link=\"Curse\">Проклятие</link></u></color>, немедленно активирует его дважды и уменьшает на 2<style=\"highlight\"></style>",
          "coinlist": [
            {
              "coindescs": [
                {
                  "desc": "[OnSucceedAttackTail] Наносит 3 <sprite name=\"Laceration\"><color=#e30000><u><link=\"Laceration\">Кетчупа</link></u></color><style=\"highlight\"></style>"
                }
              ]
            },
            {
              "coindescs": [
                {
                  "desc": "[OnSucceedAttack] Наносит 4 <sprite name=\"Curse\"><color=#e30000><u><link=\"Curse\">Проклятия</link></u></color><style=\"highlight\"></style>"
                },
                {
                  "desc": "[OnSucceedAttack] Наносит 3 <sprite name=\"NailPersonality\"><color=#e30000><u><link=\"NailPersonality\">Гвоздя</link></u></color><style=\"highlight\"></style>"
                },
                {
                  "desc": "<style=\"highlight\">[OnSucceedAttack] При 4 и более грехах в резонансе Зависти, включая этот навык, наносит 1 <sprite name=\"ParryingResultDown\"><color=#e30000><u><link=\"ParryingResultDown\">Понижение силы в поединке</link></u></color> (Единожды за ход)</style>"
                },
                {
                  "desc": "[OnSucceedAttackTail] Наносит 2 <sprite name=\"Binding\"><color=#e30000><u><link=\"Binding\">Поноса</link></u></color> на следующий ход (Единожды за ход)<style=\"highlight\"></style>"
                },
                {
                  "desc": "<style=\"highlight\">[OnSucceedAttackTail] Наносит 2 <sprite name=\"DefenseDown\"><color=#e30000><u><link=\"DefenseDown\">Понижения уровня защиты</link></u></color> на следующий ход (Единожды за ход)</style>"
                }
              ]
            }
          ]
        }
      ]
    },
    {
      "id": 2100811,
      "levelList": [
        {
          "level": 1,
          "name": "Слезы оскверненной крови",
          "abName": "Иньлун",
          "desc": "[StartBattle] Получает <sprite name=\"YesdragonNodie\"><color=#f8c200><u><link=\"YesdragonNodie\">Отвержение</link></u></color>\n[BeforeAttack] Получает <sprite name=\"YesdragonSelf\"><color=#f8c200><u><link=\"YesdragonSelf\">Иглу для похорон цветов</link></u></color> в количестве грехов в резонансе Чревоугодия (До 5)\n[BeforeAttack] Теряет HP в количестве (Значение <sprite name=\"YesdragonSelf\"><color=#f8c200><u><link=\"YesdragonSelf\">Иглы для похорон цветов</link></u></color> × 2)\n- Не может быть оглушен этого урона, вместо этого граница выносливости исчезает\n[EndSkill] В конце последующих 3-ех ходов теряет 10 SP<style=\"highlight\"></style>",
          "coinlist": [
            {
              "coindescs": [
                {
                  "desc": "[OnSucceedAttack] Повышает счетчик <sprite name=\"Burst\"><color=#e30000><u><link=\"Burst\">Зеленки</link></u></color> на 1<style=\"highlight\"></style>"
                }
              ]
            },
            {
              "coindescs": [
                {
                  "desc": "[OnSucceedAttack] Наносит 2 <sprite name=\"Burst\"><color=#e30000><u><link=\"Burst\">Зеленки</link></u></color><style=\"highlight\"></style>"
                },
                {
                  "desc": "[OnSucceedAttack] Если HP 30% и менее, или же значение <sprite name=\"YesdragonSelf\"><color=#f8c200><u><link=\"YesdragonSelf\">Иглы для похорон цветов</link></u></color> достигло 20, вновь подкидывает монету (Единожды за навык)<style=\"highlight\"></style>"
                },
                {
                  "desc": "[ReUseOnSucceedAttack] Тратит все свои HP, чтобы нанести на 20% больше урона этой монетой (Единожды за ход)<style=\"highlight\"></style>"
                }
              ]
            }
          ]
        },
        {
          "level": 3,
          "name": "Слезы оскверненной крови",
          "abName": "Иньлун",
          "desc": "<style=\"highlight\">Сила монет +1 при 6 и более <sprite name=\"YesdragonSelf\"><color=#f8c200><u><link=\"YesdragonSelf\">Иглы для похорон цветов</link></u></color></style>\n[StartBattle] Получает <sprite name=\"YesdragonNodie\"><color=#f8c200><u><link=\"YesdragonNodie\">Отвержение</link></u></color>\n[BeforeAttack] Получает <sprite name=\"YesdragonSelf\"><color=#f8c200><u><link=\"YesdragonSelf\">Иглу для похорон цветов</link></u></color> в количестве грехов в резонансе Чревоугодия (До 5)\n[BeforeAttack] Теряет HP в количестве (Значение <sprite name=\"YesdragonSelf\"><color=#f8c200><u><link=\"YesdragonSelf\">Иглы для похорон цветов</link></u></color> × 2)\n- Не может быть оглушен этого урона, вместо этого граница выносливости исчезает\n[EndSkill] В конце последующих 3-ех ходов теряет 10 SP",
          "coinlist": [
            {
              "coindescs": [
                {
                  "desc": "[OnSucceedAttack] Повышает счетчик <sprite name=\"Burst\"><color=#e30000><u><link=\"Burst\">Зеленки</link></u></color> на 1<style=\"highlight\"></style>"
                }
              ]
            },
            {
              "coindescs": [
                {
                  "desc": "[OnSucceedAttack] Наносит <style=\"highlight\">3</style> <sprite name=\"Burst\"><color=#e30000><u><link=\"Burst\">Зеленки</link></u></color>"
                },
                {
                  "desc": "[OnSucceedAttack] Если HP 30% и менее, или же значение <sprite name=\"YesdragonSelf\"><color=#f8c200><u><link=\"YesdragonSelf\">Иглы для похорон цветов</link></u></color> достигло 20, вновь подкидывает монету (Единожды за навык)<style=\"highlight\"></style>"
                },
                {
                  "desc": "[ReUseOnSucceedAttack] Тратит все свои HP, чтобы нанести на 20% больше урона этой монетой (Единожды за ход)<style=\"highlight\"></style>"
                }
              ]
            }
          ]
        },
        {
          "level": 4,
          "name": "Слезы оскверненной крови",
          "abName": "Иньлун",
          "desc": "Сила монет +1 <style=\"highlight\">за каждые 6</style> <sprite name=\"YesdragonSelf\"><color=#f8c200><u><link=\"YesdragonSelf\">Иглы для похорон цветов</link></u></color> <style=\"highlight\">(До 3)</style>\n[StartBattle] Получает <sprite name=\"YesdragonNodie\"><color=#f8c200><u><link=\"YesdragonNodie\">Отвержение</link></u></color>\n[BeforeAttack] Получает <sprite name=\"YesdragonSelf\"><color=#f8c200><u><link=\"YesdragonSelf\">Иглу для похорон цветов</link></u></color> в количестве грехов в резонансе Чревоугодия (До 5)\n[BeforeAttack] Теряет HP в количестве (Значение <sprite name=\"YesdragonSelf\"><color=#f8c200><u><link=\"YesdragonSelf\">Иглы для похорон цветов</link></u></color> × 2)\n- Не может быть оглушен этого урона, вместо этого граница выносливости исчезает\n[EndSkill] В конце последующих 3-ех ходов теряет 10 SP",
          "coinlist": [
            {
              "coindescs": [
                {
                  "desc": "[OnSucceedAttack] Повышает счетчик <sprite name=\"Burst\"><color=#e30000><u><link=\"Burst\">Зеленки</link></u></color> на 1<style=\"highlight\"></style>"
                }
              ]
            },
            {
              "coindescs": [
                {
                  "desc": "<style=\"highlight\">На 1% больше урона за каждые 2% потерянных HP (До 40%)</style>"
                },
                {
                  "desc": "[OnSucceedAttack] Наносит 3 <sprite name=\"Burst\"><color=#e30000><u><link=\"Burst\">Зеленки</link></u></color><style=\"highlight\"></style>"
                },
                {
                  "desc": "[OnSucceedAttack] Если HP 30% и менее, или же значение <sprite name=\"YesdragonSelf\"><color=#f8c200><u><link=\"YesdragonSelf\">Иглы для похорон цветов</link></u></color> достигло 20, вновь подкидывает монету (Единожды за навык)<style=\"highlight\"></style>"
                },
                {
                  "desc": "[ReUseOnSucceedAttack] Тратит все свои HP, чтобы нанести на 20% больше урона этой монетой (Единожды за ход)<style=\"highlight\"></style>"
                }
              ]
            }
          ]
        }
      ]
    },
    {
      "id": 2100821,
      "levelList": [
        {
          "level": 1,
          "name": "Слезы оскверненной крови",
          "abName": "Иньлун",
          "desc": "[CantIdentify]\nСлучайная цель\n[StartBattle] Получает <sprite name=\"YesdragonNodie\"><color=#f8c200><u><link=\"YesdragonNodie\">Отвержение</link></u></color>\n[BeforeAttack] Получает <sprite name=\"YesdragonSelf\"><color=#f8c200><u><link=\"YesdragonSelf\">Иглу для похорон цветов</link></u></color> в количестве (Число грехов в резонансе Чревоугодия + 4) (До 10)\n[BeforeAttack] Теряет HP в количестве (Значение <sprite name=\"YesdragonSelf\"><color=#f8c200><u><link=\"YesdragonSelf\">Иглы для похорон цветов</link></u></color> × 2)\n- Не может быть оглушен этого урона, вместо этого граница выносливости исчезает<style=\"highlight\"></style>",
          "coinlist": [
            {
              "coindescs": [
                {
                  "desc": "[OnSucceedAttack] Повышает счетчик <sprite name=\"Burst\"><color=#e30000><u><link=\"Burst\">Зеленки</link></u></color> на 1<style=\"highlight\"></style>"
                },
                {
                  "desc": "[OnSucceedAttack] Наносит 2 <sprite name=\"Burst\"><color=#e30000><u><link=\"Burst\">Зеленки</link></u></color><style=\"highlight\"></style>"
                }
              ]
            },
            {
              "coindescs": [
                {
                  "desc": "[OnSucceedAttack] Если HP 30% и менее, или же значение <sprite name=\"YesdragonSelf\"><color=#f8c200><u><link=\"YesdragonSelf\">Иглы для похорон цветов</link></u></color> достигло 20, вновь подкидывает монету (Единожды за навык)<style=\"highlight\"></style>"
                },
                {
                  "desc": "[ReUseOnSucceedAttack] Тратит все свои HP, чтобы нанести на 20% больше урона этой монетой (Единожды за ход)<style=\"highlight\"></style>"
                }
              ]
            }
          ]
        },
        {
          "level": 3,
          "name": "Слезы оскверненной крови",
          "abName": "Иньлун",
          "desc": "[CantIdentify]\nСлучайная цель\n<style=\"highlight\">Базовая сила +1 при 10 и более <sprite name=\"YesdragonSelf\"><color=#f8c200><u><link=\"YesdragonSelf\">Иглы для похорон цветов</link></u></color></style>\n[StartBattle] Получает <sprite name=\"YesdragonNodie\"><color=#f8c200><u><link=\"YesdragonNodie\">Отвержение</link></u></color>\n[BeforeAttack] Получает <sprite name=\"YesdragonSelf\"><color=#f8c200><u><link=\"YesdragonSelf\">Иглу для похорон цветов</link></u></color> в количестве (Число грехов в резонансе Чревоугодия + 4) (До 10)\n[BeforeAttack] Теряет HP в количестве (Значение <sprite name=\"YesdragonSelf\"><color=#f8c200><u><link=\"YesdragonSelf\">Иглы для похорон цветов</link></u></color> × 2)\n- Не может быть оглушен этого урона, вместо этого граница выносливости исчезает",
          "coinlist": [
            {
              "coindescs": [
                {
                  "desc": "[OnSucceedAttack] Повышает счетчик <sprite name=\"Burst\"><color=#e30000><u><link=\"Burst\">Зеленки</link></u></color> на 1<style=\"highlight\"></style>"
                },
                {
                  "desc": "[OnSucceedAttack] Наносит <style=\"highlight\">3</style> <sprite name=\"Burst\"><color=#e30000><u><link=\"Burst\">Зеленки</link></u></color>"
                }
              ]
            },
            {
              "coindescs": [
                {
                  "desc": "[OnSucceedAttack] Если HP 30% и менее, или же значение <sprite name=\"YesdragonSelf\"><color=#f8c200><u><link=\"YesdragonSelf\">Иглы для похорон цветов</link></u></color> достигло 20, вновь подкидывает монету (Единожды за навык)<style=\"highlight\"></style>"
                },
                {
                  "desc": "[ReUseOnSucceedAttack] Тратит все свои HP, чтобы нанести на 20% больше урона этой монетой (Единожды за ход)<style=\"highlight\"></style>"
                }
              ]
            }
          ]
        },
        {
          "level": 4,
          "name": "Слезы оскверненной крови",
          "abName": "Иньлун",
          "desc": "[CantIdentify]\nСлучайная цель\nБазовая сила +1 <style=\"highlight\">за каждые 10</style> <sprite name=\"YesdragonSelf\"><color=#f8c200><u><link=\"YesdragonSelf\">Иглы для похорон цветов</link></u></color> <style=\"highlight\">(До 2)</style>\n[StartBattle] Получает <sprite name=\"YesdragonNodie\"><color=#f8c200><u><link=\"YesdragonNodie\">Отвержение</link></u></color>\n[BeforeAttack] Получает <sprite name=\"YesdragonSelf\"><color=#f8c200><u><link=\"YesdragonSelf\">Иглу для похорон цветов</link></u></color> в количестве (Число грехов в резонансе Чревоугодия + 4) (До 10)\n[BeforeAttack] Теряет HP в количестве (Значение <sprite name=\"YesdragonSelf\"><color=#f8c200><u><link=\"YesdragonSelf\">Иглы для похорон цветов</link></u></color> × 2)\n- Не может быть оглушен этого урона, вместо этого граница выносливости исчезает",
          "coinlist": [
            {
              "coindescs": [
                {
                  "desc": "[OnSucceedAttack] Повышает счетчик <sprite name=\"Burst\"><color=#e30000><u><link=\"Burst\">Зеленки</link></u></color> на 1<style=\"highlight\"></style>"
                },
                {
                  "desc": "[OnSucceedAttack] Наносит 3 <sprite name=\"Burst\"><color=#e30000><u><link=\"Burst\">Зеленки</link></u></color><style=\"highlight\"></style>"
                }
              ]
            },
            {
              "coindescs": [
                {
                  "desc": "<style=\"highlight\">На 1% больше урона за каждые 2% потерянных HP (До 40%)</style>"
                },
                {
                  "desc": "[OnSucceedAttack] Если HP 30% и менее, или же значение <sprite name=\"YesdragonSelf\"><color=#f8c200><u><link=\"YesdragonSelf\">Иглы для похорон цветов</link></u></color> достигло 20, вновь подкидывает монету (Единожды за навык)<style=\"highlight\"></style>"
                },
                {
                  "desc": "[ReUseOnSucceedAttack] Тратит все свои HP, чтобы нанести на 20% больше урона этой монетой (Единожды за ход)<style=\"highlight\"></style>"
                }
              ]
            }
          ]
        }
      ]
    }
  ]
}