﻿{
  "dataList": [
    {
      "id": 811301,
      "levelList": [
        {
          "level": 1,
          "name": "Будьте радостны",
          "desc": "[WhenUse] Повышает счетчик <sprite name=\"Charge\"><color=#f8c200><u><link=\"Charge\">Солей</link></u></color> на 2",
          "coinlist": [
            {
              "coindescs": [
                {
                  "desc": "[OnSucceedAttack] Наносит 3 <sprite name=\"Binding\"><color=#e30000><u><link=\"Binding\">Поноса</link></u></color> на следующий ход"
                },
                {
                  "desc": "[OnSucceedAttack] Получает 2 <sprite name=\"Breath\"><color=#f8c200><u><link=\"Breath\">Кумара</link></u></color>"
                }
              ]
            }
          ]
        }
      ]
    },
    {
      "id": 811302,
      "levelList": [
        {
          "level": 1,
          "name": "Будьте спокойны",
          "desc": "[WhenUse] Повышает счетчик <sprite name=\"Charge\"><color=#f8c200><u><link=\"Charge\">Солей</link></u></color> на 2",
          "coinlist": [
            {
              "coindescs": [
                {
                  "desc": "[OnSucceedAttack] Повышает счетчик <sprite name=\"Breath\"><color=#f8c200><u><link=\"Breath\">Кумара</link></u></color> на 3"
                },
                {
                  "desc": "[OnSucceedAttack] Получает 3 <sprite name=\"Breath\"><color=#f8c200><u><link=\"Breath\">Кумара</link></u></color>"
                }
              ]
            },
            {
              "coindescs": [
                {
                  "desc": "[CriticalOnSucceedAttack] Удваивает свое <sprite name=\"Breath\"><color=#f8c200><u><link=\"Breath\">Кумар</link></u></color>"
                },
                {
                  "desc": "[OnSucceedAttack] Повышает счетчик <sprite name=\"Breath\"><color=#f8c200><u><link=\"Breath\">Кумара</link></u></color> на 3"
                }
              ]
            }
          ]
        }
      ]
    },
    {
      "id": 811303,
      "levelList": [
        {
          "level": 1,
          "name": "Вот подарок!",
          "desc": "Если на цели есть <sprite name=\"Binding\"><color=#e30000><u><link=\"Binding\">Понос</link></u></color>, и если скорость выше скорости цели, +(Разнца в скорости) к Силе в столкновении",
          "coinlist": [
            {
              "coindescs": [
                {
                  "desc": "[OnSucceedAttack] Теряет 5 СД"
                },
                {
                  "desc": "[OnSucceedAttack] Получает 2 <sprite name=\"Breath\"><color=#f8c200><u><link=\"Breath\">Кумара</link></u></color> и повышает его счетчик на 3"
                },
                {
                  "desc": "[CriticalOnSucceedAttack] Наносит 3 <sprite name=\"Paralysis\"><color=#e30000><u><link=\"Paralysis\">Паралича</link></u></color> на следующий ход"
                }
              ]
            }
          ]
        }
      ]
    },
    {
      "id": 811304,
      "levelList": [
        {
          "level": 1,
          "name": "Упаковываем вещички",
          "desc": "Если есть <sprite name=\"AaCeSeBa\"><color=#f8c200><u><link=\"AaCeSeBa\">ХО! ХО! ХО!</link></u></color>, наносит каждой монетой 1 <sprite name=\"Paralysis\"><color=#e30000><u><link=\"Paralysis\">Паралич</link></u></color> на следующий ход\nНацеливается на противника с наименьшей скоростью\n[EndBattle] Тратит весь счетчик <sprite name=\"Charge\"><color=#f8c200><u><link=\"Charge\">Солей</link></u></color>",
          "coinlist": [
            {
              "coindescs": [
                {
                  "desc": "[OnSucceedAttack] Получает 3 <sprite name=\"Breath\"><color=#f8c200><u><link=\"Breath\">Кумара</link></u></color>."
                }
              ]
            },
            {
              "coindescs": [
                {
                  "desc": "[OnSucceedAttack] Наносит дополнительный урон в количестве своего <sprite name=\"Breath\"><color=#f8c200><u><link=\"Breath\">Кумара</link></u></color>"
                },
                {
                  "desc": "[OnSucceedAttack] Получает 1 <sprite name=\"Breath\"><color=#f8c200><u><link=\"Breath\">Кумар</link></u></color> и повышает его счетчик на 3"
                }
              ]
            },
            {
              "coindescs": [
                {
                  "desc": "[OnSucceedAttack] Случайно накладывает 3 <sprite name=\"Protection\"><color=#f8c200><u><link=\"Protection\">Защищенности</link></u></color>, <sprite name=\"Enhancement\"><color=#f8c200><u><link=\"Enhancement\">Повышения силы атаки</link></u></color>, <sprite name=\"Vulnerable\"><color=#e30000><u><link=\"Vulnerable\">Уязвимости</link></u></color> или <sprite name=\"Paralysis\"><color=#e30000><u><link=\"Paralysis\">Паралича</link></u></color>"
                },
                {
                  "desc": "[OnSucceedAttack] Цель теряет СД в количестве счетчика <sprite name=\"Charge\"><color=#f8c200><u><link=\"Charge\">Солей</link></u></color> Сантаты"
                },
                {
                  "desc": "[EnemyKill] Все противники теряют 10 СД"
                },
                {
                  "desc": "[EnemyKillFail] Получает 2 <sprite name=\"Paralysis\"><color=#e30000><u><link=\"Paralysis\">Паралича</link></u></color> на следующий ход."
                }
              ]
            }
          ]
        }
      ]
    },
    {
      "id": 811305,
      "levelList": [
        {
          "level": 1,
          "name": "Время упаковываться",
          "desc": "Если ОЗ щита не осталось, оглушается в следующем ходе\nЕсли остался щит, получает 2 <sprite name=\"Enhancement\"><color=#f8c200><u><link=\"Enhancement\">Повышения силы атаки</link></u></color> на следующий ход",
          "coinlist": [
            {}
          ]
        }
      ]
    }
  ]
}