{
  "dataList": [
    {
      "id": 113101,
      "levelList": [
        {
          "level": 1,
          "name": "Поражающий удар",
          "desc": "[WhenUse] Сила в столкновении +1 против целей с 3 и более <sprite name=\"Burst\"><color=#e30000><u><link=\"Burst\">Зеленкеи</link></u></color>",
          "coinlist": [
            {
              "coindescs": [
                {
                  "desc": "[OnSucceedAttack] Повышает счетчик <sprite name=\"Burst\"><color=#e30000><u><link=\"Burst\">Зеленки</link></u></color> на 2"
                }
              ]
            }
          ]
        }
      ]
    },
    {
      "id": 113102,
      "levelList": [
        {
          "level": 1,
          "name": "Сдерживание",
          "desc": "[WhenUse] Базовая сила +1 против целей с 4 и более <sprite name=\"Burst\"><color=#e30000><u><link=\"Burst\">Зеленкеи</link></u></color>",
          "coinlist": [
            {
              "coindescs": [
                {
                  "desc": "[OnSucceedAttack] Наносит 2 <sprite name=\"Burst\"><color=#e30000><u><link=\"Burst\">Зеленки</link></u></color>"
                }
              ]
            },
            {
              "coindescs": [
                {
                  "desc": "<sprite name=\"SuperCoin\"><color=#9f6a3a><u><link=\"SuperCoin\">Вечная монета</link></u></color>"
                },
                {
                  "desc": "[OnSucceedAttack] Наносит 2 <sprite name=\"Burst\"><color=#e30000><u><link=\"Burst\">Зеленки</link></u></color>"
                },
                {
                  "desc": "[UnBrokenCoinOnSucceedAttack] Вновь подкидывает монету (Текущая скорость / 3) раз (До 2)"
                }
              ]
            }
          ]
        }
      ]
    },
    {
      "id": 113103,
      "levelList": [
        {
          "level": 1,
          "name": "Удар пера",
          "desc": "Если своя скорость выше скорости главной цели, Сила монет +1 за каждые 2 единицы разницы в скорости (До 3)\n[WhenUse] Сила монет +1 против целей с 4 и более <sprite name=\"Burst\"><color=#e30000><u><link=\"Burst\">Зеленкеи</link></u></color>\n[WinDuel] Повышает счетчик <sprite name=\"Burst\"><color=#e30000><u><link=\"Burst\">Зеленки</link></u></color> цели на 3",
          "coinlist": [
            {
              "coindescs": [
                {
                  "desc": "[OnSucceedAttack] Повышает счетчик <sprite name=\"Burst\"><color=#e30000><u><link=\"Burst\">Зеленки</link></u></color> на 1"
                }
              ]
            },
            {
              "coindescs": [
                {
                  "desc": "[OnSucceedAttack] Наносит 2 <sprite name=\"Burst\"><color=#e30000><u><link=\"Burst\">Зеленки</link></u></color>"
                },
                {
                  "desc": "[OnSucceedAttack] Накладывает <sprite name=\"BurstAgility\"><color=#e30000><u><link=\"BurstAgility\">Смертный ритуал 【Скоротечность】</link></u></color>"
                }
              ]
            },
            {
              "coindescs": [
                {
                  "desc": "<sprite name=\"SuperCoin\"><color=#9f6a3a><u><link=\"SuperCoin\">Вечная монета</link></u></color>"
                },
                {
                  "desc": "Если на цель наложен <sprite name=\"BurstAgility\"><color=#e30000><u><link=\"BurstAgility\">Смертный ритуал 【Скоротечность】</link></u></color>, на 50% больше урона"
                },
                {
                  "desc": "[UnBrokenCoinOnSucceedAttack] Получает 3 <sprite name=\"LegStrength\"><color=#f8c200><u><link=\"LegStrength\">Стремительности</link></u></color>"
                },
                {
                  "desc": "[WinDuelAttack] Вновь подкидывает монету (Единожды за навык)"
                }
              ]
            }
          ]
        }
      ]
    },
    {
      "id": 113104,
      "levelList": [
        {
          "level": 1,
          "name": "Момент",
          "desc": "[WhenUse] Получает 3 <sprite name=\"Agility\"><color=#f8c200><u><link=\"Agility\">Спешки</link></u></color> на следующий ход",
          "coinlist": [
            {
              "coindescs": [
                {
                  "desc": ""
                }
              ]
            }
          ]
        }
      ]
    },
    {
      "id": 113201,
      "levelList": [
        {
          "level": 1,
          "name": "Устремление",
          "desc": "[WhenUse] Сила в столкновении +1 против целей с 3 и более <sprite name=\"Burst\"><color=#e30000><u><link=\"Burst\">Зеленкеи</link></u></color>",
          "coinlist": [
            {
              "coindescs": [
                {
                  "desc": "[OnSucceedAttack] Наносит 2 <sprite name=\"Burst\"><color=#e30000><u><link=\"Burst\">Зеленки</link></u></color>"
                }
              ]
            }
          ]
        }
      ]
    },
    {
      "id": 113202,
      "levelList": [
        {
          "level": 1,
          "name": "Сокрушение",
          "desc": "[WhenUse] Базовая сила +1 против целей с 4 и более <sprite name=\"Burst\"><color=#e30000><u><link=\"Burst\">Зеленкеи</link></u></color>",
          "coinlist": [
            {
              "coindescs": [
                {
                  "desc": "[OnSucceedAttack] Повышает счетчик <sprite name=\"Burst\"><color=#e30000><u><link=\"Burst\">Зеленки</link></u></color> на 2"
                }
              ]
            },
            {
              "coindescs": [
                {
                  "desc": "<sprite name=\"SuperCoin\"><color=#9f6a3a><u><link=\"SuperCoin\">Вечная монета</link></u></color>"
                },
                {
                  "desc": "[OnSucceedAttack] Наносит 2 <sprite name=\"Burst\"><color=#e30000><u><link=\"Burst\">Зеленки</link></u></color>"
                },
                {
                  "desc": "[UnBrokenCoinOnSucceedAttack] Вновь подкидывает монету (Текущая скорость / 3) раз (До 2)"
                }
              ]
            }
          ]
        }
      ]
    },
    {
      "id": 113203,
      "levelList": [
        {
          "level": 1,
          "name": "Удар из тени",
          "desc": "Если своя скорость выше скорости главной цели, Сила монет +1 за каждые 2 единицы разницы в скорости (До 3)\n[WhenUse] Сила монет +1 против целей с 4 и более <sprite name=\"Burst\"><color=#e30000><u><link=\"Burst\">Зеленкеи</link></u></color>\n[WinDuel] Повышает счетчик <sprite name=\"Burst\"><color=#e30000><u><link=\"Burst\">Зеленки</link></u></color> цели на 3",
          "coinlist": [
            {
              "coindescs": [
                {
                  "desc": "[OnSucceedAttack] Повышает счетчик <sprite name=\"Burst\"><color=#e30000><u><link=\"Burst\">Зеленки</link></u></color> на 2"
                }
              ]
            },
            {
              "coindescs": [
                {
                  "desc": "[OnSucceedAttack] Наносит 1 <sprite name=\"Burst\"><color=#e30000><u><link=\"Burst\">Зеленка</link></u></color>"
                },
                {
                  "desc": "[OnSucceedAttack] Накладывает <sprite name=\"BurstAgility\"><color=#e30000><u><link=\"BurstAgility\">Смертный ритуал 【Скоротечность】</link></u></color>"
                }
              ]
            },
            {
              "coindescs": [
                {
                  "desc": "<sprite name=\"SuperCoin\"><color=#9f6a3a><u><link=\"SuperCoin\">Вечная монета</link></u></color>"
                },
                {
                  "desc": "Если на цель наложен <sprite name=\"BurstAgility\"><color=#e30000><u><link=\"BurstAgility\">Смертный ритуал 【Скоротечность】</link></u></color>, на 50% больше урона"
                },
                {
                  "desc": "[UnBrokenCoinOnSucceedAttack] Получает 3 <sprite name=\"LegStrength\"><color=#f8c200><u><link=\"LegStrength\">Стремительности</link></u></color>"
                },
                {
                  "desc": "[WinDuelAttack] Вновь подкидывает монету (Единожды за навык)"
                }
              ]
            }
          ]
        }
      ]
    },
    {
      "id": 113204,
      "levelList": [
        {
          "level": 1,
          "name": "Момент",
          "desc": "[WhenUse] Получает 3 <sprite name=\"Agility\"><color=#f8c200><u><link=\"Agility\">Спешки</link></u></color> на следующий ход",
          "coinlist": [
            {
              "coindescs": [
                {
                  "desc": ""
                }
              ]
            }
          ]
        }
      ]
    },
    {
      "id": 113701,
      "levelList": [
        {
          "level": 1,
          "name": "Вопрос (問)",
          "desc": "[WhenUse] Сила монет +1 против целей с 5 и более <sprite name=\"Burst\"><color=#e30000><u><link=\"Burst\">Зеленкеи</link></u></color>",
          "coinlist": [
            {
              "coindescs": [
                {
                  "desc": "[OnSucceedAttack] Повышает счетчик <sprite name=\"Burst\"><color=#e30000><u><link=\"Burst\">Зеленки</link></u></color> на 3"
                }
              ]
            }
          ]
        }
      ]
    },
    {
      "id": 113702,
      "levelList": [
        {
          "level": 1,
          "name": "Ответ (答)",
          "desc": "[WhenUse] Сила монет +1 против целей с 5 и более <sprite name=\"Burst\"><color=#e30000><u><link=\"Burst\">Зеленкеи</link></u></color>",
          "coinlist": [
            {
              "coindescs": [
                {
                  "desc": "[OnSucceedAttack] Наносит 4 <sprite name=\"Burst\"><color=#e30000><u><link=\"Burst\">Зеленки</link></u></color>"
                }
              ]
            }
          ]
        }
      ]
    },
    {
      "id": 113703,
      "levelList": [
        {
          "level": 1,
          "name": "Не веди себя столь нелепо (非禮勿動)",
          "desc": "[WhenUse] Сила монет +1 за каждые 4 <sprite name=\"Burst\"><color=#e30000><u><link=\"Burst\">Зеленки</link></u></color> на цели (До 2)\n[WhenUse] Сила в столкновении +1 за каждые 2 единицы счетчика <sprite name=\"Burst\"><color=#e30000><u><link=\"Burst\">Зеленки</link></u></color> цели (До 3)",
          "coinlist": [
            {
              "coindescs": [
                {
                  "desc": "[OnSucceedAttack] Наносит 4 <sprite name=\"Burst\"><color=#e30000><u><link=\"Burst\">Зеленки</link></u></color>"
                },
                {
                  "desc": "[WinDuelAttack] Наносит 1 <sprite name=\"Binding\"><color=#e30000><u><link=\"Binding\">Понос</link></u></color> на следующий ход"
                }
              ]
            },
            {
              "coindescs": [
                {
                  "desc": "[SuperCoin]"
                },
                {
                  "desc": "[OnSucceedAttack] Наносит 2 <sprite name=\"Binding\"><color=#e30000><u><link=\"Binding\">Поноса</link></u></color> на следующий ход"
                },
                {
                  "desc": "[OnSucceedAttack] Накладывает <sprite name=\"BurstStop\"><color=#e30000><u><link=\"BurstStop\">Смертный ритуал 【Сдерживание】</link></u></color>"
                }
              ]
            }
          ]
        }
      ]
    },
    {
      "id": 113704,
      "levelList": [
        {
          "level": 1,
          "name": "Уворот",
          "desc": "Получает 1 <sprite name=\"Binding\"><color=#e30000><u><link=\"Binding\">Понос</link></u></color> на следующий ход, если не удалось использовать этот навык\n[WhenUse] Сила монет +1 за каждые 2 <sprite name=\"Burst\"><color=#e30000><u><link=\"Burst\">Зеленки</link></u></color> на цели (До 3)",
          "coinlist": [
            {
              "coindescs": [
                {
                  "desc": ""
                }
              ]
            }
          ]
        }
      ]
    },
    {
      "id": 113705,
      "levelList": [
        {
          "level": 1,
          "name": "Удар грома",
          "desc": "[WhenUse] Сила монет +1 против целей с 5 и более <sprite name=\"Burst\"><color=#e30000><u><link=\"Burst\">Зеленкеи</link></u></color>\n[WinDuel] Повышает счетчик <sprite name=\"Burst\"><color=#e30000><u><link=\"Burst\">Зеленки</link></u></color> цели на 2",
          "coinlist": [
            {
              "coindescs": [
                {
                  "desc": "[OnSucceedAttack] Наносит 4 <sprite name=\"Burst\"><color=#e30000><u><link=\"Burst\">Зеленки</link></u></color>"
                },
                {
                  "desc": "[OnSucceedAttack] Накладывает <sprite name=\"BurstWave\"><color=#e30000><u><link=\"BurstWave\">Смертный ритуал 【Слабение】</link></u></color>"
                }
              ]
            }
          ]
        }
      ]
    },
    {
      "id": 113706,
      "levelList": [
        {
          "level": 1,
          "name": "Уберите их всех, Мао",
          "desc": "[WhenUse] Восстанавливает 10 SP\n[WhenUse] Сила монет +1 против целей с 5 и более <sprite name=\"Burst\"><color=#e30000><u><link=\"Burst\">Зеленкеи</link></u></color>\n[WinDuel] Наносит 2 <sprite name=\"Burst\"><color=#e30000><u><link=\"Burst\">Зеленки</link></u></color>",
          "coinlist": [
            {
              "coindescs": [
                {
                  "desc": "[OnSucceedAttack] Наносит 4 <sprite name=\"Burst\"><color=#e30000><u><link=\"Burst\">Зеленки</link></u></color>"
                }
              ]
            },
            {
              "coindescs": [
                {
                  "desc": "<sprite name=\"SuperCoin\"><color=#9f6a3a><u><link=\"SuperCoin\">Вечная монета</link></u></color>"
                },
                {
                  "desc": "[OnSucceedAttack] Повышает счетчик <sprite name=\"Burst\"><color=#e30000><u><link=\"Burst\">Зеленки</link></u></color> на 2"
                },
                {
                  "desc": "[OnSucceedAttack] Накладывает <sprite name=\"BurstSuppress\"><color=#e30000><u><link=\"BurstSuppress\">Смертный ритуал 【Угасание】</link></u></color>"
                }
              ]
            }
          ]
        }
      ]
    },
    {
      "id": 113707,
      "levelList": [
        {
          "level": 1,
          "name": "Я должен низвергнуть тебя еще ниже",
          "desc": "[WhenUse] Сила монет +1 за каждые 4 <sprite name=\"Burst\"><color=#e30000><u><link=\"Burst\">Зеленки</link></u></color> на цели (До 2)\n[WhenUse] Сила в столкновении +1 за каждые 2 единицы счетчика <sprite name=\"Burst\"><color=#e30000><u><link=\"Burst\">Зеленки</link></u></color> цели (До 3)\n[WinDuel] Наносит 2 <sprite name=\"Burst\"><color=#e30000><u><link=\"Burst\">Зеленки</link></u></color> и повышает его счетчик на 2",
          "coinlist": [
            {
              "coindescs": [
                {
                  "desc": "<sprite name=\"SuperCoin\"><color=#9f6a3a><u><link=\"SuperCoin\">Вечная монета</link></u></color>"
                },
                {
                  "desc": "[UnBrokenCoinOnSucceedAttack] Повышает счетчик <sprite name=\"Burst\"><color=#e30000><u><link=\"Burst\">Зеленки</link></u></color> на 4"
                }
              ]
            },
            {
              "coindescs": [
                {
                  "desc": "<sprite name=\"SuperCoin\"><color=#9f6a3a><u><link=\"SuperCoin\">Вечная монета</link></u></color>"
                },
                {
                  "desc": "[UnBrokenCoinOnSucceedAttack] Наносит 3 <sprite name=\"Burst\"><color=#e30000><u><link=\"Burst\">Зеленки</link></u></color>"
                }
              ]
            },
            {
              "coindescs": [
                {
                  "desc": "<sprite name=\"SuperCoin\"><color=#9f6a3a><u><link=\"SuperCoin\">Вечная монета</link></u></color>"
                }
              ]
            },
            {
              "coindescs": [
                {
                  "desc": "<sprite name=\"SuperCoin\"><color=#9f6a3a><u><link=\"SuperCoin\">Вечная монета</link></u></color>"
                },
                {
                  "desc": "На 5% больше урона за каждую единицу в сумме силы и счетчика <sprite name=\"Burst\"><color=#e30000><u><link=\"Burst\">Зеленки</link></u></color> на цели (До 200%)\n[OnSucceedAttack] Понижает значение всех Смертных ритуалов цели до 0"
                }
              ]
            }
          ]
        }
      ]
    },
    {
      "id": 113708,
      "levelList": [
        {
          "level": 1,
          "name": "Не вмешивайся",
          "desc": "[WhenUse] Сила монет +1 за каждые 4 <sprite name=\"Burst\"><color=#e30000><u><link=\"Burst\">Зеленки</link></u></color> на цели (До 3)\n[WinDuel] Повышает счетчик <sprite name=\"Burst\"><color=#e30000><u><link=\"Burst\">Зеленки</link></u></color> цели на 2",
          "coinlist": [
            {
              "coindescs": [
                {
                  "desc": "[OnSucceedAttack] Наносит 1 <sprite name=\"Burst\"><color=#e30000><u><link=\"Burst\">Зеленка</link></u></color>"
                }
              ]
            },
            {
              "coindescs": [
                {
                  "desc": "[OnSucceedAttack] Наносит 1 <sprite name=\"Burst\"><color=#e30000><u><link=\"Burst\">Зеленка</link></u></color>"
                },
                {
                  "desc": "[OnSucceedAttack] Накладывает <sprite name=\"BurstWave\"><color=#e30000><u><link=\"BurstWave\">Смертный ритуал 【Слабение】</link></u></color>"
                }
              ]
            }
          ]
        }
      ]
    },
    {
      "id": 113301,
      "levelList": [
        {
          "level": 1,
          "name": "Поражающий удар",
          "desc": "[WhenUse] Сила в столкновении +1 против целей с 5 и более <sprite name=\"Burst\"><color=#e30000><u><link=\"Burst\">Зеленкеи</link></u></color>",
          "coinlist": [
            {
              "coindescs": [
                {
                  "desc": "[OnSucceedAttack] Наносит 3 <sprite name=\"Burst\"><color=#e30000><u><link=\"Burst\">Зеленки</link></u></color>"
                }
              ]
            }
          ]
        }
      ]
    },
    {
      "id": 113302,
      "levelList": [
        {
          "level": 1,
          "name": "Пробитие насквозь",
          "desc": "[WhenUse] Сила монет +1 против целей с 5 и более <sprite name=\"Burst\"><color=#e30000><u><link=\"Burst\">Зеленкеи</link></u></color>\n[WhenUse] Получает 3 <sprite name=\"LegStrength\"><color=#f8c200><u><link=\"LegStrength\">Стремительности</link></u></color>",
          "coinlist": [
            {
              "coindescs": [
                {
                  "desc": "[OnSucceedAttack] Повышает счетчик <sprite name=\"Burst\"><color=#e30000><u><link=\"Burst\">Зеленки</link></u></color> на 2"
                },
                {
                  "desc": "[OnSucceedAttack] Если на цель наложен <sprite name=\"BurstAgility\"><color=#e30000><u><link=\"BurstAgility\">Смертный ритуал 【Скоротечность】</link></u></color>, получает 1 <sprite name=\"Agility\"><color=#f8c200><u><link=\"Agility\">Спешку</link></u></color> на следующий ход"
                }
              ]
            }
          ]
        }
      ]
    },
    {
      "id": 113303,
      "levelList": [
        {
          "level": 1,
          "name": "Гравированный удар",
          "desc": "[WhenUse] Сила монет +1 против целей с 5 и более <sprite name=\"Burst\"><color=#e30000><u><link=\"Burst\">Зеленкеи</link></u></color>",
          "coinlist": [
            {
              "coindescs": [
                {
                  "desc": "[OnSucceedAttack] Наносит 3 <sprite name=\"Burst\"><color=#e30000><u><link=\"Burst\">Зеленки</link></u></color>"
                }
              ]
            },
            {
              "coindescs": [
                {
                  "desc": "[OnSucceedAttack] Наносит 3 <sprite name=\"Burst\"><color=#e30000><u><link=\"Burst\">Зеленки</link></u></color>"
                },
                {
                  "desc": "[OnSucceedAttack] Накладывает <sprite name=\"BurstAgility\"><color=#e30000><u><link=\"BurstAgility\">Смертный ритуал 【Скоротечность】</link></u></color>"
                }
              ]
            }
          ]
        }
      ]
    },
    {
      "id": 113304,
      "levelList": [
        {
          "level": 1,
          "name": "Исписанный проклятиями клинок - Разрез очка",
          "desc": "Выбирает целей с наложенным <sprite name=\"BurstAgility\"><color=#e30000><u><link=\"BurstAgility\">Смертным ритуалом 【Скоротечность】</link></u></color>\n[StartBattle] Получает 1 <sprite name=\"SupportProtect\"><color=#9f6a3a><u><link=\"SupportProtect\">Вспомогательную защиту</link></u></color>\nНаносит на 15% больше урона за каждые 2 единицы разницы в скорости с целью (До 60%)\n[WhenUse] Сила монет +1 за каждые 5 <sprite name=\"Burst\"><color=#e30000><u><link=\"Burst\">Зеленок</link></u></color> на цели (До 2)\n[WhenUse] Базовая сила +1 за каждые 2 единицы счетчика <sprite name=\"Burst\"><color=#e30000><u><link=\"Burst\">Зеленки</link></u></color> цели (До 3)\n[WinDuel] Повышает счетчик <sprite name=\"Burst\"><color=#e30000><u><link=\"Burst\">Зеленки</link></u></color> цели на 2",
          "coinlist": [
            {
              "coindescs": [
                {
                  "desc": "<sprite name=\"SuperCoin\"><color=#9f6a3a><u><link=\"SuperCoin\">Вечная монета</link></u></color>"
                },
                {
                  "desc": "[OnSucceedAttack] Повышает счетчик <sprite name=\"Burst\"><color=#e30000><u><link=\"Burst\">Зеленки</link></u></color> на 3"
                }
              ]
            },
            {
              "coindescs": [
                {
                  "desc": "<sprite name=\"SuperCoin\"><color=#9f6a3a><u><link=\"SuperCoin\">Вечная монета</link></u></color>"
                },
                {
                  "desc": "[OnSucceedAttack] Наносит 5 <sprite name=\"Burst\"><color=#e30000><u><link=\"Burst\">Зеленок</link></u></color>"
                }
              ]
            },
            {
              "coindescs": [
                {
                  "desc": "<sprite name=\"SuperCoin\"><color=#9f6a3a><u><link=\"SuperCoin\">Вечная монета</link></u></color>"
                },
                {
                  "desc": "Если на цель наложен <sprite name=\"BurstAgility\"><color=#e30000><u><link=\"BurstAgility\">Смертный ритуал 【Скоротечность】</link></u></color>, на 50% больше урона"
                },
                {
                  "desc": "[OnSucceedAttack] Наносит 5 <sprite name=\"Burst\"><color=#e30000><u><link=\"Burst\">Зеленок</link></u></color>"
                },
                {
                  "desc": "[UnBrokenCoinOnSucceedAttack] Вновь подкидывает монету (Единожды за навык)"
                }
              ]
            }
          ]
        }
      ]
    },
    {
      "id": 113305,
      "levelList": [
        {
          "level": 1,
          "name": "Проклятие",
          "desc": "[WhenUse] Если своя скорость выше скорости цели на 3 и более, Сила в столкновении +1\n[WhenUse] Если на цель наложен <sprite name=\"BurstAgility\"><color=#e30000><u><link=\"BurstAgility\">Смертный ритуал 【Скоротечность】</link></u></color>, повышает счетчик <sprite name=\"Burst\"><color=#e30000><u><link=\"Burst\">Зеленки</link></u></color> этим навыком еще на 1",
          "coinlist": [
            {
              "coindescs": [
                {
                  "desc": "[OnSucceedAttack] Повышает счетчик <sprite name=\"Burst\"><color=#e30000><u><link=\"Burst\">Зеленки</link></u></color> на 2"
                }
              ]
            },
            {
              "coindescs": [
                {
                  "desc": "[OnSucceedAttack] Повышает счетчик <sprite name=\"Burst\"><color=#e30000><u><link=\"Burst\">Зеленки</link></u></color> на 1"
                }
              ]
            },
            {
              "coindescs": [
                {
                  "desc": "[OnSucceedAttack] Повышает счетчик <sprite name=\"Burst\"><color=#e30000><u><link=\"Burst\">Зеленки</link></u></color> на 1"
                }
              ]
            }
          ]
        }
      ]
    },
    {
      "id": 113306,
      "levelList": [
        {
          "level": 1,
          "name": "Неполное снятие печати: <Клинок звезды Тяньцзю>",
          "desc": "Наносит на 20% больше урона за каждые 2 единицы разницы в скорости с целью (До 60%)\n[WhenUse] Сила монет +1 за каждые 5 <sprite name=\"Burst\"><color=#e30000><u><link=\"Burst\">Зеленок</link></u></color> на цели (До 3)\n[WhenUse] Сила в столкновении +1 за каждые 2 единицы счетчика <sprite name=\"Burst\"><color=#e30000><u><link=\"Burst\">Зеленки</link></u></color> цели (До 3)",
          "coinlist": [
            {
              "coindescs": [
                {
                  "desc": "<sprite name=\"SuperCoin\"><color=#9f6a3a><u><link=\"SuperCoin\">Вечная монета</link></u></color>"
                },
                {
                  "desc": "[UnBrokenCoinOnSucceedAttack] Повышает счетчик <sprite name=\"Burst\"><color=#e30000><u><link=\"Burst\">Зеленки</link></u></color> на 2"
                }
              ]
            },
            {
              "coindescs": [
                {
                  "desc": "<sprite name=\"SuperCoin\"><color=#9f6a3a><u><link=\"SuperCoin\">Вечная монета</link></u></color>"
                },
                {
                  "desc": "[UnBrokenCoinOnSucceedAttack] Наносит 5 <sprite name=\"Burst\"><color=#e30000><u><link=\"Burst\">Зеленок</link></u></color>"
                }
              ]
            },
            {
              "coindescs": [
                {
                  "desc": "<sprite name=\"SuperCoin\"><color=#9f6a3a><u><link=\"SuperCoin\">Вечная монета</link></u></color>"
                },
                {
                  "desc": "[OnSucceedAttack] Накладывает <sprite name=\"BurstZilu\"><color=#e30000><u><link=\"BurstZilu\">Смертный ритуал 【Раскол】</link></u></color>"
                }
              ]
            }
          ]
        }
      ]
    },
    {
      "id": 114101,
      "levelList": [
        {
          "level": 1,
          "name": "Я спрашиваю снова",
          "desc": "[WhenUse] Сила в столкновении +1 против целей с 5 и более <sprite name=\"Burst\"><color=#e30000><u><link=\"Burst\">Зеленкеи</link></u></color>\n[WinDuel] Повышает счетчик <sprite name=\"Burst\"><color=#e30000><u><link=\"Burst\">Зеленки</link></u></color> цели на 2",
          "coinlist": [
            {
              "coindescs": [
                {
                  "desc": "<sprite name=\"SuperCoin\"><color=#9f6a3a><u><link=\"SuperCoin\">Вечная монета</link></u></color>"
                },
                {
                  "desc": "[OnSucceedAttack] Наносит 2 <sprite name=\"Burst\"><color=#e30000><u><link=\"Burst\">Зеленки</link></u></color>"
                }
              ]
            }
          ]
        }
      ]
    },
    {
      "id": 114102,
      "levelList": [
        {
          "level": 1,
          "name": "Не веди себя столь нелепо (非禮勿動)",
          "desc": "[WhenUse] Сила в столкновении +1 против целей с 5 и более <sprite name=\"Burst\"><color=#e30000><u><link=\"Burst\">Зеленкеи</link></u></color>\n[WinDuel] Повышает счетчик <sprite name=\"Burst\"><color=#e30000><u><link=\"Burst\">Зеленки</link></u></color> цели на 2",
          "coinlist": [
            {
              "coindescs": [
                {
                  "desc": "[OnSucceedAttack] Наносит 2 <sprite name=\"Burst\"><color=#e30000><u><link=\"Burst\">Зеленки</link></u></color>"
                }
              ]
            },
            {
              "coindescs": [
                {
                  "desc": "[OnSucceedAttack] Наносит 2 <sprite name=\"Burst\"><color=#e30000><u><link=\"Burst\">Зеленки</link></u></color>"
                },
                {
                  "desc": "[OnSucceedAttack] Накладывает <sprite name=\"BurstStop\"><color=#e30000><u><link=\"BurstStop\">Смертный ритуал 【Сдерживание】</link></u></color>"
                }
              ]
            }
          ]
        }
      ]
    },
    {
      "id": 114103,
      "levelList": [
        {
          "level": 1,
          "name": "Ты не смеешь вмешиваться",
          "desc": "[WhenUse] Сила в столкновении +1 против целей с 5 и более <sprite name=\"Burst\"><color=#e30000><u><link=\"Burst\">Зеленкеи</link></u></color>\n[WinDuel] Повышает счетчик <sprite name=\"Burst\"><color=#e30000><u><link=\"Burst\">Зеленки</link></u></color> цели на 2",
          "coinlist": [
            {
              "coindescs": [
                {
                  "desc": "[OnSucceedAttack] Наносит 2 <sprite name=\"Burst\"><color=#e30000><u><link=\"Burst\">Зеленки</link></u></color>"
                }
              ]
            },
            {
              "coindescs": [
                {
                  "desc": "[OnSucceedAttack] Наносит 2 <sprite name=\"Burst\"><color=#e30000><u><link=\"Burst\">Зеленки</link></u></color>"
                },
                {
                  "desc": "[OnSucceedAttack] Накладывает <sprite name=\"BurstSuppress\"><color=#e30000><u><link=\"BurstSuppress\">Смертный ритуал 【Угасание】</link></u></color>"
                }
              ]
            }
          ]
        }
      ]
    },
    {
      "id": 114104,
      "levelList": [
        {
          "level": 1,
          "name": "Удар грома - Отвержение (波)",
          "desc": "Выбирает цель с наибольшим количеством Смертных ритуалов\n[WhenUse] Сила монет +1 за каждые 2 единицы счетчика <sprite name=\"Burst\"><color=#e30000><u><link=\"Burst\">Зеленки</link></u></color> цели (До 4)",
          "coinlist": [
            {
              "coindescs": [
                {
                  "desc": "[OnSucceedAttack] Повышает счетчик <sprite name=\"Burst\"><color=#e30000><u><link=\"Burst\">Зеленки</link></u></color> на 3"
                },
                {
                  "desc": "[OnSucceedAttack] Если на цель наложено 2 и более типа Смертных ритуалов, накладывает <sprite name=\"BurstWave\"><color=#e30000><u><link=\"BurstWave\">Смертный ритуал 【Слабение】</link></u></color>"
                }
              ]
            }
          ]
        }
      ]
    },
    {
      "id": 114105,
      "levelList": [
        {
          "level": 1,
          "name": "Хэйшоу - Связующий удар Мао - Буря клинков",
          "desc": "[WhenUse] Восстанавливает 10 SP\n[WhenUse] Сила монет +1 за каждые 5 <sprite name=\"Burst\"><color=#e30000><u><link=\"Burst\">Зеленок</link></u></color> на цели (До 2)\n[WinDuel] Наносит 2 <sprite name=\"Burst\"><color=#e30000><u><link=\"Burst\">Зеленки</link></u></color>",
          "coinlist": [
            {
              "coindescs": [
                {
                  "desc": "<sprite name=\"SuperCoin\"><color=#9f6a3a><u><link=\"SuperCoin\">Вечная монета</link></u></color>"
                },
                {
                  "desc": "[OnSucceedAttack] Повышает счетчик <sprite name=\"Burst\"><color=#e30000><u><link=\"Burst\">Зеленки</link></u></color> на 3"
                }
              ]
            },
            {
              "coindescs": [
                {
                  "desc": "<sprite name=\"SuperCoin\"><color=#9f6a3a><u><link=\"SuperCoin\">Вечная монета</link></u></color>"
                },
                {
                  "desc": "[OnSucceedAttack] Наносит 2 <sprite name=\"Burst\"><color=#e30000><u><link=\"Burst\">Зеленки</link></u></color>"
                }
              ]
            },
            {
              "coindescs": [
                {
                  "desc": "<sprite name=\"SuperCoin\"><color=#9f6a3a><u><link=\"SuperCoin\">Вечная монета</link></u></color>"
                },
                {
                  "desc": "[OnSucceedAttack] Наносит 2 <sprite name=\"Burst\"><color=#e30000><u><link=\"Burst\">Зеленки</link></u></color>"
                }
              ]
            },
            {
              "coindescs": [
                {
                  "desc": "<sprite name=\"SuperCoin\"><color=#9f6a3a><u><link=\"SuperCoin\">Вечная монета</link></u></color>"
                },
                {
                  "desc": "[OnSucceedAttack] Накладывает <sprite name=\"BurstAgility\"><color=#e30000><u><link=\"BurstAgility\">Смертный ритуал 【Скоротечность】</link></u></color>"
                }
              ]
            }
          ]
        }
      ]
    },
    {
      "id": 114106,
      "levelList": [
        {
          "level": 1,
          "name": "Прислушайся ко мне, Цзы Лу",
          "desc": "[WhenUse] Восстанавливает 10 SP\n[WhenUse] Сила монет +1 за каждые 5 <sprite name=\"Burst\"><color=#e30000><u><link=\"Burst\">Зеленок</link></u></color> на цели (До 2)\n[WinDuel] Наносит 2 <sprite name=\"Burst\"><color=#e30000><u><link=\"Burst\">Зеленки</link></u></color>",
          "coinlist": [
            {
              "coindescs": [
                {
                  "desc": "[SuperCoin]"
                },
                {
                  "desc": "[OnSucceedAttack] Повышает счетчик <sprite name=\"Burst\"><color=#e30000><u><link=\"Burst\">Зеленки</link></u></color> на 3"
                }
              ]
            },
            {
              "coindescs": [
                {
                  "desc": "[SuperCoin]"
                },
                {
                  "desc": "[OnSucceedAttack] Наносит 2 <sprite name=\"Burst\"><color=#e30000><u><link=\"Burst\">Зеленки</link></u></color>"
                }
              ]
            },
            {
              "coindescs": [
                {
                  "desc": "[SuperCoin]"
                },
                {
                  "desc": "[OnSucceedAttack] Наносит 2 <sprite name=\"Burst\"><color=#e30000><u><link=\"Burst\">Зеленки</link></u></color>"
                }
              ]
            },
            {
              "coindescs": [
                {
                  "desc": "[SuperCoin]"
                },
                {
                  "desc": "[OnSucceedAttack] Накладывает <sprite name=\"BurstZilu\"><color=#e30000><u><link=\"BurstZilu\">Смертный ритуал 【Раскол】</link></u></color>"
                }
              ]
            }
          ]
        }
      ]
    },
    {
      "id": 114107,
      "levelList": [
        {
          "level": 1,
          "name": "Шквал смертных ритуалов",
          "desc": "[CantChangeTarget]\nВыбирает цель с наибольшим количеством Смертных ритуалов\n[WhenUse] Сила монет +1 за каждый тип наложенных на цель Смертных ритуалов (До 3)",
          "coinlist": [
            {
              "coindescs": [
                {
                  "desc": "<sprite name=\"SuperCoin\"><color=#9f6a3a><u><link=\"SuperCoin\">Вечная монета</link></u></color>"
                },
                {
                  "desc": "На 5% больше урона за каждую единицу в сумме силы и счетчика <sprite name=\"Burst\"><color=#e30000><u><link=\"Burst\">Зеленки</link></u></color> на цели (До 200%)\n[OnSucceedAttack] Понижает значение всех Смертных ритуалов цели до 0"
                }
              ]
            }
          ]
        }
      ]
    },
    {
      "id": 114108,
      "levelList": [
        {
          "level": 1,
          "name": "Ответь мне, Цзя Баоюй",
          "desc": "[CantChangeTarget]\nНацеливается на Хон Лу\n[WinDuel] Повышает счетчик <sprite name=\"Burst\"><color=#e30000><u><link=\"Burst\">Зеленки</link></u></color> цели на 4\n[DefeatDuel] Хон Лу получает 1 <sprite name=\"Teaching\"><color=#c8e7d9><u><link=\"Teaching\">Диалоги</link></u></color>",
          "coinlist": [
            {
              "coindescs": [
                {
                  "desc": "<sprite name=\"SuperCoin\"><color=#9f6a3a><u><link=\"SuperCoin\">Вечная монета</link></u></color>"
                },
                {
                  "desc": "[UnBrokenCoinOnSucceedAttack] Наносит 2 <sprite name=\"Burst\"><color=#e30000><u><link=\"Burst\">Зеленки</link></u></color>"
                }
              ]
            },
            {
              "coindescs": [
                {
                  "desc": "<sprite name=\"SuperCoin\"><color=#9f6a3a><u><link=\"SuperCoin\">Вечная монета</link></u></color>"
                },
                {
                  "desc": "[UnBrokenCoinOnSucceedAttack] Наносит 2 <sprite name=\"Burst\"><color=#e30000><u><link=\"Burst\">Зеленки</link></u></color>"
                }
              ]
            },
            {
              "coindescs": [
                {
                  "desc": "<sprite name=\"SuperCoin\"><color=#9f6a3a><u><link=\"SuperCoin\">Вечная монета</link></u></color>"
                },
                {
                  "desc": "[UnBrokenCoinOnSucceedAttack] Наносит 2 <sprite name=\"Burst\"><color=#e30000><u><link=\"Burst\">Зеленки</link></u></color>"
                }
              ]
            },
            {
              "coindescs": [
                {
                  "desc": "<sprite name=\"SuperCoin\"><color=#9f6a3a><u><link=\"SuperCoin\">Вечная монета</link></u></color>"
                },
                {
                  "desc": "[UnBrokenCoinOnSucceedAttack] Наносит 2 <sprite name=\"Burst\"><color=#e30000><u><link=\"Burst\">Зеленки</link></u></color>"
                }
              ]
            }
          ]
        }
      ]
    },
    {
      "id": 114109,
      "levelList": [
        {
          "level": 1,
          "name": "Звезда Тяньган - Форма (格)",
          "desc": "Выбирает целью Хон Лу\nСила монет -2 за каждые <sprite name=\"Teaching\"><color=#c8e7d9><u><link=\"Teaching\">Диалоги</link></u></color> цели\n[DefeatDuel] Наносит на 50% меньше урона и не может оглушить этой атакой, а также получает 24 <sprite name=\"DefenseDown\"><color=#e30000><u><link=\"DefenseDown\">Понижения уровня защиты</link></u></color> до конца битвы",
          "coinlist": [
            {
              "coindescs": [
                {
                  "desc": "<sprite name=\"SuperCoin\"><color=#9f6a3a><u><link=\"SuperCoin\">Вечная монета</link></u></color>"
                },
                {
                  "desc": "[UnBrokenCoinOnSucceedAttack] Наносит 2 <sprite name=\"Burst\"><color=#e30000><u><link=\"Burst\">Зеленки</link></u></color>"
                }
              ]
            },
            {
              "coindescs": [
                {
                  "desc": "<sprite name=\"SuperCoin\"><color=#9f6a3a><u><link=\"SuperCoin\">Вечная монета</link></u></color>"
                },
                {
                  "desc": "[UnBrokenCoinOnSucceedAttack] Наносит 2 <sprite name=\"Burst\"><color=#e30000><u><link=\"Burst\">Зеленки</link></u></color>"
                }
              ]
            },
            {
              "coindescs": [
                {
                  "desc": "<sprite name=\"SuperCoin\"><color=#9f6a3a><u><link=\"SuperCoin\">Вечная монета</link></u></color>"
                },
                {
                  "desc": "[UnBrokenCoinOnSucceedAttack] Наносит 2 <sprite name=\"Burst\"><color=#e30000><u><link=\"Burst\">Зеленки</link></u></color>"
                }
              ]
            },
            {
              "coindescs": [
                {
                  "desc": "<sprite name=\"SuperCoin\"><color=#9f6a3a><u><link=\"SuperCoin\">Вечная монета</link></u></color>"
                },
                {
                  "desc": "[UnBrokenCoinOnSucceedAttack] На 5% больше урона за каждую единицу в (Сумма силы и счетчика <sprite name=\"Burst\"><color=#e30000><u><link=\"Burst\">Зеленки</link></u></color> на цели + количество типов наложенных Смертных ритуалов) (До 100%)"
                }
              ]
            }
          ]
        }
      ]
    },
    {
      "id": 115701,
      "levelList": [
        {
          "level": 1,
          "name": "Слабаки...",
          "desc": "[StartBattle] Дает 2 <sprite name=\"AttackDmgUp\"><color=#f8c200><u><link=\"AttackDmgUp\">Повышения урона</link></u></color> самому быстрому союзнику",
          "coinlist": [
            {
              "coindescs": [
                {
                  "desc": "[OnSucceedAttack] Повышает счетчик <sprite name=\"Burst\"><color=#e30000><u><link=\"Burst\">Зеленки</link></u></color> на 2"
                }
              ]
            },
            {
              "coindescs": [
                {
                  "desc": "[OnSucceedAttack] Наносит 3 <sprite name=\"Burst\"><color=#e30000><u><link=\"Burst\">Зеленки</link></u></color>"
                }
              ]
            }
          ]
        }
      ]
    },
    {
      "id": 115702,
      "levelList": [
        {
          "level": 1,
          "name": "Дурни...",
          "desc": "[StartBattle] Дает 2 <sprite name=\"Agility\"><color=#f8c200><u><link=\"Agility\">Спешки</link></u></color> самому медленному союзнику",
          "coinlist": [
            {
              "coindescs": [
                {
                  "desc": "[OnSucceedAttack] Наносит 2 <sprite name=\"Binding\"><color=#e30000><u><link=\"Binding\">Поноса</link></u></color> на следующий ход"
                }
              ]
            },
            {
              "coindescs": [
                {
                  "desc": "[OnSucceedAttack] Наносит 1 <sprite name=\"Vulnerable\"><color=#e30000><u><link=\"Vulnerable\">Уязвимость</link></u></color> на следующий ход"
                }
              ]
            }
          ]
        }
      ]
    },
    {
      "id": 115703,
      "levelList": [
        {
          "level": 1,
          "name": "Я прикончу тебя!",
          "desc": "[WhenUse] Базовая сила +1 против целей с 3 и более типами негативных эффектов\n[WhenUse] Сила монет +1 за каждые 6 <sprite name=\"Burst\"><color=#e30000><u><link=\"Burst\">Зеленок</link></u></color> на цели (До 2)\n[DefeatDuel] Получает 1 <sprite name=\"Vulnerable\"><color=#e30000><u><link=\"Vulnerable\">Уязвимость</link></u></color>",
          "coinlist": [
            {
              "coindescs": [
                {
                  "desc": "<sprite name=\"SuperCoin\"><color=#9f6a3a><u><link=\"SuperCoin\">Вечная монета</link></u></color>"
                },
                {
                  "desc": "[OnSucceedAttack] Повышает счетчик <sprite name=\"Burst\"><color=#e30000><u><link=\"Burst\">Зеленки</link></u></color> на 2"
                },
                {
                  "desc": "[OnSucceedAttack] Наносит 5 урона по SP"
                }
              ]
            },
            {
              "coindescs": [
                {
                  "desc": "<sprite name=\"SuperCoin\"><color=#9f6a3a><u><link=\"SuperCoin\">Вечная монета</link></u></color>"
                },
                {
                  "desc": "[OnSucceedAttack] Наносит 3 <sprite name=\"Burst\"><color=#e30000><u><link=\"Burst\">Зеленки</link></u></color>"
                },
                {
                  "desc": "[OnSucceedAttack] Наносит 5 урона по SP"
                }
              ]
            }
          ]
        }
      ]
    },
    {
      "id": 115704,
      "levelList": [
        {
          "level": 1,
          "name": "Присоединяйся!!",
          "desc": "[WhenUse] Восстанавливает 15 SP\n[WhenUse] Базовая сила +1 против целей с 3 и более типами негативных эффектов\n[EndSkill] Один монстр из сосуда использует атаку 「Скачущий треснувший сосуд」 на цели (Игнорируя оглушение)",
          "coinlist": [
            {
              "coindescs": [
                {
                  "desc": "<sprite name=\"SuperCoin\"><color=#9f6a3a><u><link=\"SuperCoin\">Вечная монета</link></u></color>"
                },
                {
                  "desc": "[OnSucceedAttack] Наносит 1 <sprite name=\"Binding\"><color=#e30000><u><link=\"Binding\">Понос</link></u></color> на следующий ход"
                },
                {
                  "desc": "[OnSucceedAttack] Повышает счетчик <sprite name=\"Burst\"><color=#e30000><u><link=\"Burst\">Зеленки</link></u></color> на 1"
                }
              ]
            }
          ]
        }
      ]
    },
    {
      "id": 115705,
      "levelList": [
        {
          "level": 1,
          "name": "Давайте посмотрим на этот спектакль, все вместе!",
          "desc": "[StartBattle] Призывает двух монстров из сосуда в следующем ходе\n[WhenUse] Базовая сила +1 против целей с 3 и более типами негативных эффектов",
          "coinlist": [
            {
              "coindescs": [
                {
                  "desc": "<sprite name=\"SuperCoin\"><color=#9f6a3a><u><link=\"SuperCoin\">Вечная монета</link></u></color>"
                },
                {
                  "desc": "[OnSucceedAttack] Наносит 2 <sprite name=\"Burst\"><color=#e30000><u><link=\"Burst\">Зеленки</link></u></color>"
                },
                {
                  "desc": "[OnSucceedAttack] Повышает счетчик <sprite name=\"Burst\"><color=#e30000><u><link=\"Burst\">Зеленки</link></u></color> на 1"
                }
              ]
            }
          ]
        }
      ]
    },
    {
      "id": 115901,
      "levelList": [
        {
          "level": 1,
          "name": "Школа духовных талисманов - Нанесение талисманов",
          "desc": "[WhenUse] Итоговая сила +1 за каждые 4 <sprite name=\"Burst\"><color=#e30000><u><link=\"Burst\">Зеленки</link></u></color> на цели (До 3)\n[WhenUse] Сила в столкновении +1 за каждые 30% потерянных HP (До 2)",
          "coinlist": [
            {
              "coindescs": [
                {
                  "desc": "[OnSucceedAttack] Наносит 2 <sprite name=\"Burst\"><color=#e30000><u><link=\"Burst\">Зеленки</link></u></color> и повышает его счетчик на 2"
                },
                {
                  "desc": "[OnSucceedAttack] Наносит 10 <sprite name=\"OminousTalisman\"><color=#e30000><u><link=\"OminousTalisman\">Предзнаменующих талисманов</link></u></color>"
                }
              ]
            }
          ]
        }
      ]
    },
    {
      "id": 115902,
      "levelList": [
        {
          "level": 1,
          "name": "Школа духовных талисманов - Провокация эффекта",
          "desc": "[WhenUse] Итоговая сила +1 за каждые 4 <sprite name=\"Burst\"><color=#e30000><u><link=\"Burst\">Зеленки</link></u></color> на цели (До 3)\n[WhenUse] Сила в столкновении +1 за каждые 30% потерянных HP (До 2)",
          "coinlist": [
            {
              "coindescs": [
                {
                  "desc": "[OnSucceedAttack] Наносит 3 <sprite name=\"Burst\"><color=#e30000><u><link=\"Burst\">Зеленки</link></u></color> и повышает его счетчик на 2"
                },
                {
                  "desc": "[OnSucceedAttack] Наносит 10 <sprite name=\"OminousTalisman\"><color=#e30000><u><link=\"OminousTalisman\">Предзнаменующих талисманов</link></u></color>"
                }
              ]
            },
            {
              "coindescs": [
                {
                  "desc": "[OnSucceedAttack] Снимает с цели 2 <sprite name=\"OminousTalisman\"><color=#e30000><u><link=\"OminousTalisman\">Предзнаменующих талисмана</link></u></color>"
                }
              ]
            }
          ]
        }
      ]
    },
    {
      "id": 115903,
      "levelList": [
        {
          "level": 1,
          "name": "Школа духовных талисманов - Кукла для ритуалов",
          "desc": "[WhenUse] Итоговая сила +1 за каждые 4 <sprite name=\"Burst\"><color=#e30000><u><link=\"Burst\">Зеленки</link></u></color> на цели (До 4)",
          "coinlist": [
            {
              "coindescs": [
                {
                  "desc": "<sprite name=\"SuperCoin\"><color=#9f6a3a><u><link=\"SuperCoin\">Вечная монета</link></u></color>"
                },
                {
                  "desc": "[OnSucceedAttack] Наносит 3 <sprite name=\"Burst\"><color=#e30000><u><link=\"Burst\">Зеленки</link></u></color> и повышает его счетчик на 3"
                },
                {
                  "desc": "[UnBrokenCoinOnSucceedAttack] Снимает с цели 5 <sprite name=\"OminousTalisman\"><color=#e30000><u><link=\"OminousTalisman\">Предзнаменующих талисманов</link></u></color>"
                }
              ]
            }
          ]
        }
      ]
    },
    {
      "id": 115904,
      "levelList": [
        {
          "level": 1,
          "name": "Школа духовных талисманов - Ярость",
          "desc": "[StartBattle] Количество целей +1 за каждые 20% потерянных HP (До 4)\n[WhenUse] Итоговая сила +1 за каждые 4 <sprite name=\"Burst\"><color=#e30000><u><link=\"Burst\">Зеленки</link></u></color> на цели (До 4)\n[DefeatDuel] Наносит на 50% меньше урона и не может оглушить цель\n[EndSkill] Если удалось убить противника, дает 2 <sprite name=\"ResultEnhancement\"><color=#f8c200><u><link=\"ResultEnhancement\">Повышения силы</link></u></color> и 2 <sprite name=\"AttackDmgUp\"><color=#f8c200><u><link=\"AttackDmgUp\">Повышения урона</link></u></color> на следующий ход всем союзникам включая себя (Единожды за ход)",
          "coinlist": [
            {
              "coindescs": [
                {
                  "desc": "<sprite name=\"SuperCoin\"><color=#9f6a3a><u><link=\"SuperCoin\">Вечная монета</link></u></color>"
                },
                {
                  "desc": "[OnSucceedAttack] Наносит 3 <sprite name=\"Burst\"><color=#e30000><u><link=\"Burst\">Зеленки</link></u></color>"
                },
                {
                  "desc": "[OnSucceedAttack] Наносит 10 <sprite name=\"OminousTalisman\"><color=#e30000><u><link=\"OminousTalisman\">Предзнаменующих талисманов</link></u></color>"
                }
              ]
            },
            {
              "coindescs": [
                {
                  "desc": "<sprite name=\"SuperCoin\"><color=#9f6a3a><u><link=\"SuperCoin\">Вечная монета</link></u></color>"
                },
                {
                  "desc": "[OnSucceedAttack] Повышает счетчик <sprite name=\"Burst\"><color=#e30000><u><link=\"Burst\">Зеленки</link></u></color> на 3"
                },
                {
                  "desc": "[OnSucceedAttack] Наносит 10 <sprite name=\"OminousTalisman\"><color=#e30000><u><link=\"OminousTalisman\">Предзнаменующих талисманов</link></u></color>"
                }
              ]
            },
            {
              "coindescs": [
                {
                  "desc": "<sprite name=\"SuperCoin\"><color=#9f6a3a><u><link=\"SuperCoin\">Вечная монета</link></u></color>"
                },
                {
                  "desc": "[UnBrokenCoinOnSucceedAttack] Снимает с цели все <sprite name=\"OminousTalisman\"><color=#e30000><u><link=\"OminousTalisman\">Предзнаменующие талисманы</link></u></color>"
                }
              ]
            }
          ]
        }
      ]
    },
    {
      "id": 115801,
      "levelList": [
        {
          "level": 1,
          "name": "Выкуси это!",
          "desc": "[WhenUse] Сила монет +1 за каждые 2 типа негативных эффектов на цели (До 2)",
          "coinlist": [
            {
              "coindescs": [
                {
                  "desc": "[OnSucceedAttack] Наносит 1 <sprite name=\"MadFeather\"><color=#e30000><u><link=\"MadFeather\">Глазное пятно</link></u></color>"
                },
                {
                  "desc": "[OnSucceedAttack] Повышает счетчик <sprite name=\"Burst\"><color=#e30000><u><link=\"Burst\">Зеленки</link></u></color> на 2"
                }
              ]
            },
            {
              "coindescs": [
                {
                  "desc": "[OnSucceedAttack] Наносит 1 <sprite name=\"MadFeather\"><color=#e30000><u><link=\"MadFeather\">Глазное пятно</link></u></color>"
                },
                {
                  "desc": "[OnSucceedAttack] Наносит 2 <sprite name=\"Binding\"><color=#e30000><u><link=\"Binding\">Поноса</link></u></color> на следующий ход"
                }
              ]
            }
          ]
        }
      ]
    },
    {
      "id": 115802,
      "levelList": [
        {
          "level": 1,
          "name": "НА КОЛЕНИ!",
          "desc": "[CantIdentify]\n[WhenUse] Сила монет +1 за каждые 2 типа негативных эффектов на цели (До 2)",
          "coinlist": [
            {
              "coindescs": [
                {
                  "desc": "<sprite name=\"SuperCoin\"><color=#9f6a3a><u><link=\"SuperCoin\">Вечная монета</link></u></color>"
                },
                {
                  "desc": "[OnSucceedAttack] Наносит 1 <sprite name=\"MadFeather\"><color=#e30000><u><link=\"MadFeather\">Глазное пятно</link></u></color>"
                },
                {
                  "desc": "[OnSucceedAttack] Повышает счетчик <sprite name=\"Burst\"><color=#e30000><u><link=\"Burst\">Зеленки</link></u></color> на 2"
                }
              ]
            },
            {
              "coindescs": [
                {
                  "desc": "<sprite name=\"SuperCoin\"><color=#9f6a3a><u><link=\"SuperCoin\">Вечная монета</link></u></color>"
                },
                {
                  "desc": "[OnSucceedAttack] Наносит 1 <sprite name=\"MadFeather\"><color=#e30000><u><link=\"MadFeather\">Глазное пятно</link></u></color>"
                },
                {
                  "desc": "[OnSucceedAttack] Наносит 2 <sprite name=\"Burst\"><color=#e30000><u><link=\"Burst\">Зеленки</link></u></color>"
                }
              ]
            }
          ]
        }
      ]
    },
    {
      "id": 115803,
      "levelList": [
        {
          "level": 1,
          "name": "Посмотрите на себя, горстка полудурков!",
          "desc": "[WhenUse] Сила монет +1 за каждые 2 типа негативных эффектов на цели (До 2)",
          "coinlist": [
            {
              "coindescs": [
                {
                  "desc": "[OnSucceedAttack] Наносит 1 <sprite name=\"MadFeather\"><color=#e30000><u><link=\"MadFeather\">Глазное пятно</link></u></color>"
                },
                {
                  "desc": "[OnSucceedAttack] Наносит 4 <sprite name=\"Burst\"><color=#e30000><u><link=\"Burst\">Зеленки</link></u></color>"
                }
              ]
            },
            {
              "coindescs": [
                {
                  "desc": "[OnSucceedAttack] Активирует [Burst] и понижает его счетчик на 1"
                },
                {
                  "desc": "[OnSucceedAttack] Наносит <sprite name=\"Laceration\"><color=#e30000><u><link=\"Laceration\">Кетчуп</link></u></color> и <sprite name=\"Burst\"><color=#e30000><u><link=\"Burst\">Зеленки</link></u></color> в количестве <sprite name=\"MadFeather\"><color=#e30000><u><link=\"MadFeather\">Глазных пятен</link></u></color> на цели"
                }
              ]
            }
          ]
        }
      ]
    },
    {
      "id": 115804,
      "levelList": [
        {
          "level": 1,
          "name": "Знай свое место!",
          "desc": "Атакует <sprite name=\"WideAreaRampage\"><color=#9f6a3a><u><link=\"WideAreaRampage\">Нефокусированным залпом</link></u></color>\n[WhenUse] Теряет 3% HP (Не может убить)",
          "coinlist": [
            {
              "coindescs": [
                {
                  "desc": "<sprite name=\"SuperCoin\"><color=#9f6a3a><u><link=\"SuperCoin\">Вечная монета</link></u></color>"
                },
                {
                  "desc": "[OnSucceedAttack] Наносит 1 <sprite name=\"MadFeather\"><color=#e30000><u><link=\"MadFeather\">Глазное пятно</link></u></color>"
                },
                {
                  "desc": "[OnSucceedAttack] Наносит 1 <sprite name=\"Burst\"><color=#e30000><u><link=\"Burst\">Зеленка</link></u></color>"
                },
                {
                  "desc": "[OnSucceedAttack] Наносит 1 [ShamrockTakeDamageUp] на следующий ход"
                }
              ]
            },
            {
              "coindescs": [
                {
                  "desc": "<sprite name=\"SuperCoin\"><color=#9f6a3a><u><link=\"SuperCoin\">Вечная монета</link></u></color>"
                },
                {
                  "desc": "[OnSucceedAttack] Наносит 2 <sprite name=\"MadFeather\"><color=#e30000><u><link=\"MadFeather\">Глазных пятна</link></u></color>"
                },
                {
                  "desc": "[OnSucceedAttack] Наносит 2 <sprite name=\"Burst\"><color=#e30000><u><link=\"Burst\">Зеленки</link></u></color>"
                },
                {
                  "desc": "[OnSucceedAttack] Наносит 1 [ShamrockTakeDamageUp] на следующий ход"
                }
              ]
            },
            {
              "coindescs": [
                {
                  "desc": "<sprite name=\"SuperCoin\"><color=#9f6a3a><u><link=\"SuperCoin\">Вечная монета</link></u></color>"
                },
                {
                  "desc": "[OnSucceedAttack] Наносит 3 <sprite name=\"MadFeather\"><color=#e30000><u><link=\"MadFeather\">Глазных пятна</link></u></color>"
                },
                {
                  "desc": "[OnSucceedAttack] Наносит 3 <sprite name=\"Burst\"><color=#e30000><u><link=\"Burst\">Зеленки</link></u></color>"
                },
                {
                  "desc": "[OnSucceedAttack] Наносит 1 [ShamrockTakeDamageUp] на следующий ход"
                }
              ]
            }
          ]
        }
      ]
    },
    {
      "id": 115805,
      "levelList": [
        {
          "level": 1,
          "name": "Преклоняйся передо мной!",
          "desc": "[CantIdentify]\n[WhenUse] Теряет 5% HP (Не может убить)",
          "coinlist": [
            {
              "coindescs": [
                {
                  "desc": "<sprite name=\"SuperCoin\"><color=#9f6a3a><u><link=\"SuperCoin\">Вечная монета</link></u></color>"
                },
                {
                  "desc": "[UnBrokenCoinOnSucceedAttack] Наносит <sprite name=\"Burst\"><color=#e30000><u><link=\"Burst\">Зеленки</link></u></color> в количестве (<sprite name=\"MadFeather\"><color=#e30000><u><link=\"MadFeather\">Глазных пятен</link></u></color> на цели × 10), а все <sprite name=\"MadFeather\"><color=#e30000><u><link=\"MadFeather\">Глазные пятна</link></u></color> цели исчезают"
                }
              ]
            },
            {
              "coindescs": [
                {
                  "desc": "[OnSucceedAttack] Активирует <sprite name=\"Burst\"><color=#e30000><u><link=\"Burst\">Зеленка</link></u></color> дважды и понижает его счетчик на 2"
                }
              ]
            }
          ]
        }
      ]
    },
    {
      "id": 115806,
      "levelList": [
        {
          "level": 1,
          "name": "Дам тебе шанс..",
          "desc": "[DuelCounter] \n[DefeatDuel] Все <sprite name=\"MadFeather\"><color=#e30000><u><link=\"MadFeather\">Глазные пятна</link></u></color> цели исчезают",
          "coinlist": [
            {
              "coindescs": [
                {
                  "desc": "[OnSucceedAttack] Наносит 2 <sprite name=\"MadFeather\"><color=#e30000><u><link=\"MadFeather\">Глазных пятна</link></u></color>"
                }
              ]
            },
            {
              "coindescs": [
                {
                  "desc": "[OnSucceedAttack] Наносит 1 <sprite name=\"MadFeather\"><color=#e30000><u><link=\"MadFeather\">Глазное пятно</link></u></color>"
                },
                {
                  "desc": "[OnSucceedAttack] Наносит 2 <sprite name=\"Binding\"><color=#e30000><u><link=\"Binding\">Поноса</link></u></color> на следующий ход"
                }
              ]
            }
          ]
        }
      ]
    },
    {
      "id": 116701,
      "levelList": [
        {
          "level": 1,
          "name": "Стиль заряженного клинка - Нисходящий разрез",
          "desc": "[WhenUse] Тратит по 5 единиц счетчика <sprite name=\"Charge\"><color=#f8c200><u><link=\"Charge\">Заряда</link></u></color>, чтобы повысить Итоговую силу на 1 (До 2)\n[WhenUse] Повышает свой счетчик <sprite name=\"Charge\"><color=#f8c200><u><link=\"Charge\">Заряда</link></u></color> на 2",
          "coinlist": [
            {
              "coindescs": [
                {
                  "desc": "[OnSucceedAttack] Повышает свой счетчик <sprite name=\"Charge\"><color=#f8c200><u><link=\"Charge\">Заряда</link></u></color> на 2"
                },
                {
                  "desc": "[OnSucceedAttack] Наносит 4 <sprite name=\"Burst\"><color=#e30000><u><link=\"Burst\">Зеленки</link></u></color>"
                }
              ]
            }
          ]
        }
      ]
    },
    {
      "id": 116702,
      "levelList": [
        {
          "level": 1,
          "name": "Стиль заряженного клинка - Открывающий удар",
          "desc": "[WhenUse] Тратит по 5 единиц счетчика <sprite name=\"Charge\"><color=#f8c200><u><link=\"Charge\">Заряда</link></u></color>, чтобы повысить Силу в столкновении на 1 (До 2)\n[WhenUse] Повышает свой счетчик <sprite name=\"Charge\"><color=#f8c200><u><link=\"Charge\">Заряда</link></u></color> на 5",
          "coinlist": [
            {
              "coindescs": [
                {
                  "desc": "[OnSucceedAttack] Повышает свой счетчик <sprite name=\"Charge\"><color=#f8c200><u><link=\"Charge\">Заряда</link></u></color> на 2"
                },
                {
                  "desc": "[OnSucceedAttack] Наносит 3 <sprite name=\"Burst\"><color=#e30000><u><link=\"Burst\">Зеленки</link></u></color>"
                }
              ]
            },
            {
              "coindescs": [
                {
                  "desc": "[OnSucceedAttack] Повышает свой счетчик <sprite name=\"Charge\"><color=#f8c200><u><link=\"Charge\">Заряда</link></u></color> на 2"
                },
                {
                  "desc": "[OnSucceedAttack] Повышает счетчик <sprite name=\"Burst\"><color=#e30000><u><link=\"Burst\">Зеленки</link></u></color> на 2"
                }
              ]
            }
          ]
        }
      ]
    },
    {
      "id": 116703,
      "levelList": [
        {
          "level": 1,
          "name": "Стиль заряженного клинка - Дробящий срез",
          "desc": "[WhenUse] Тратит по 5 единиц счетчика <sprite name=\"Charge\"><color=#f8c200><u><link=\"Charge\">Заряда</link></u></color>, чтобы повысить Силу монет на 1 (До 2)\n[WhenUse] Если было потрачено 5 и более единиц счетчика <sprite name=\"Charge\"><color=#f8c200><u><link=\"Charge\">Заряда</link></u></color>, наносит на 2 <sprite name=\"Burst\"><color=#e30000><u><link=\"Burst\">Зеленки</link></u></color> больше\n[WhenUse] Если было потрачено 10 и более единиц счетчика <sprite name=\"Charge\"><color=#f8c200><u><link=\"Charge\">Заряда</link></u></color>, повышает счетчик <sprite name=\"Burst\"><color=#e30000><u><link=\"Burst\">Зеленки</link></u></color> цели на 3\n[WhenUse] При счетчике <sprite name=\"Charge\"><color=#f8c200><u><link=\"Charge\">Заряда</link></u></color> 5~9 получает (2 × (13 - текущий счетчик <sprite name=\"Charge\"><color=#f8c200><u><link=\"Charge\">Заряда</link></u></color>)) <sprite name=\"Burst\"><color=#e30000><u><link=\"Burst\">Зеленок</link></u></color>, чтобы повысить свой счетчик <sprite name=\"Charge\"><color=#f8c200><u><link=\"Charge\">Заряда</link></u></color> до 10\n[DefeatDuel] Наносит на 75% меньше урона и не может оглушить цель",
          "coinlist": [
            {
              "coindescs": [
                {
                  "desc": "<sprite name=\"SuperCoin\"><color=#9f6a3a><u><link=\"SuperCoin\">Вечная монета</link></u></color>"
                },
                {
                  "desc": "[OnSucceedAttack] Наносит 2 <sprite name=\"Burst\"><color=#e30000><u><link=\"Burst\">Зеленки</link></u></color>"
                },
                {
                  "desc": "[UnBrokenCoinOnSucceedAttack] Наносит 2 <sprite name=\"Burst\"><color=#e30000><u><link=\"Burst\">Зеленки</link></u></color>"
                }
              ]
            },
            {
              "coindescs": [
                {
                  "desc": "<sprite name=\"SuperCoin\"><color=#9f6a3a><u><link=\"SuperCoin\">Вечная монета</link></u></color>"
                },
                {
                  "desc": "[OnSucceedAttack] Наносит 3 <sprite name=\"Burst\"><color=#e30000><u><link=\"Burst\">Зеленки</link></u></color>"
                },
                {
                  "desc": "[UnBrokenCoinOnSucceedAttack] Повышает счетчик <sprite name=\"Burst\"><color=#e30000><u><link=\"Burst\">Зеленки</link></u></color> на 2"
                }
              ]
            },
            {
              "coindescs": [
                {
                  "desc": "<sprite name=\"SuperCoin\"><color=#9f6a3a><u><link=\"SuperCoin\">Вечная монета</link></u></color>"
                },
                {
                  "desc": "[OnSucceedAttack] Наносит урон Чревоугодием в количестве силы <sprite name=\"Burst\"><color=#e30000><u><link=\"Burst\">Зеленки</link></u></color> на цели (До 30) и понижает счетчик <sprite name=\"Burst\"><color=#e30000><u><link=\"Burst\">Зеленки</link></u></color> цели на 1"
                },
                {
                  "desc": "[OnSucceedAttack] Повышает счетчик <sprite name=\"Burst\"><color=#e30000><u><link=\"Burst\">Зеленки</link></u></color> цели на 2 за каждые 5 потраченных при использовании единиц счетчика <sprite name=\"Charge\"><color=#f8c200><u><link=\"Charge\">Заряда</link></u></color> (До 4)"
                }
              ]
            }
          ]
        }
      ]
    },
    {
      "id": 116704,
      "levelList": [
        {
          "level": 1,
          "name": "Стиль заряженного клинка - Идущий разрез",
          "desc": "[WhenUse] Повышает свой счетчик <sprite name=\"Charge\"><color=#f8c200><u><link=\"Charge\">Заряда</link></u></color> на 5",
          "coinlist": [
            {
              "coindescs": [
                {
                  "desc": "[OnSucceedAttack] Наносит 2 <sprite name=\"Burst\"><color=#e30000><u><link=\"Burst\">Зеленки</link></u></color>"
                }
              ]
            },
            {
              "coindescs": [
                {
                  "desc": "[OnSucceedAttack] Повышает счетчик <sprite name=\"Burst\"><color=#e30000><u><link=\"Burst\">Зеленки</link></u></color> на 2"
                }
              ]
            }
          ]
        }
      ]
    },
    {
      "id": 116001,
      "levelList": [
        {
          "level": 1,
          "name": "Стиль заряженного кулака - Столкновение",
          "desc": "[WhenUse] Итоговая сила +1 за каждые 4 <sprite name=\"Burst\"><color=#e30000><u><link=\"Burst\">Зеленки</link></u></color> на цели (До 2)\n[WhenUse] Повышает свой счетчик <sprite name=\"Charge\"><color=#f8c200><u><link=\"Charge\">Заряда</link></u></color> на 3",
          "coinlist": [
            {
              "coindescs": [
                {
                  "desc": "[OnSucceedAttack] Повышает свой счетчик <sprite name=\"Charge\"><color=#f8c200><u><link=\"Charge\">Заряда</link></u></color> на 3"
                },
                {
                  "desc": "[OnSucceedAttack] Наносит 3 <sprite name=\"Burst\"><color=#e30000><u><link=\"Burst\">Зеленки</link></u></color>"
                }
              ]
            }
          ]
        }
      ]
    },
    {
      "id": 116002,
      "levelList": [
        {
          "level": 1,
          "name": "Стиль заряженного кулака - Удар наотмашь",
          "desc": "[WhenUse] Итоговая сила +1 за каждые 5 <sprite name=\"Burst\"><color=#e30000><u><link=\"Burst\">Зеленок</link></u></color> на цели (До 2)\n[WhenUse] Тратит 5 единиц счетчика <sprite name=\"Charge\"><color=#f8c200><u><link=\"Charge\">Заряда</link></u></color> для повышения Итоговой силы на 1\n[WhenUse] При счетчике <sprite name=\"Charge\"><color=#f8c200><u><link=\"Charge\">Заряда</link></u></color> 5~9 получает (2 × (13 - текущий счетчик <sprite name=\"Charge\"><color=#f8c200><u><link=\"Charge\">Заряда</link></u></color>)) <sprite name=\"Burst\"><color=#e30000><u><link=\"Burst\">Зеленок</link></u></color>, чтобы повысить свой счетчик <sprite name=\"Charge\"><color=#f8c200><u><link=\"Charge\">Заряда</link></u></color> до 10 (Единожды за ход)\n[WhenUse] Повышает свой счетчик <sprite name=\"Charge\"><color=#f8c200><u><link=\"Charge\">Заряда</link></u></color> на 5",
          "coinlist": [
            {
              "coindescs": [
                {
                  "desc": "[OnSucceedAttack] Повышает свой счетчик <sprite name=\"Charge\"><color=#f8c200><u><link=\"Charge\">Заряда</link></u></color> на 5"
                }
              ]
            },
            {
              "coindescs": [
                {
                  "desc": "[OnSucceedAttack] Наносит 3 <sprite name=\"Burst\"><color=#e30000><u><link=\"Burst\">Зеленки</link></u></color>"
                },
                {
                  "desc": "[OnSucceedAttack] Повышает счетчик <sprite name=\"Burst\"><color=#e30000><u><link=\"Burst\">Зеленки</link></u></color> на 2 при силе своего <sprite name=\"Charge\"><color=#f8c200><u><link=\"Charge\">Заряда</link></u></color> 2 и более"
                }
              ]
            }
          ]
        }
      ]
    },
    {
      "id": 116003,
      "levelList": [
        {
          "level": 1,
          "name": "Стиль заряженного кулака - Уничтожение",
          "desc": "[WhenUse] Итоговая сила +1 за каждые 6 <sprite name=\"Burst\"><color=#e30000><u><link=\"Burst\">Зеленок</link></u></color> на цели (До 2)\n[WhenUse] Тратит по 5 единиц счетчика <sprite name=\"Charge\"><color=#f8c200><u><link=\"Charge\">Заряда</link></u></color>, чтобы повысить Силу монет на 1 (До 3)\n[WhenUse] Если было потрачено 5 и более единиц счетчика <sprite name=\"Charge\"><color=#f8c200><u><link=\"Charge\">Заряда</link></u></color>, наносит на 2 <sprite name=\"Burst\"><color=#e30000><u><link=\"Burst\">Зеленки</link></u></color> больше\n[WhenUse] Если было потрачено 10 и более единиц счетчика <sprite name=\"Charge\"><color=#f8c200><u><link=\"Charge\">Заряда</link></u></color>, повышает счетчик <sprite name=\"Burst\"><color=#e30000><u><link=\"Burst\">Зеленки</link></u></color> цели на 3\n[DefeatDuel] Наносит на 80% меньше урона и не может оглушить цель",
          "coinlist": [
            {
              "coindescs": [
                {
                  "desc": "<sprite name=\"SuperCoin\"><color=#9f6a3a><u><link=\"SuperCoin\">Вечная монета</link></u></color>"
                },
                {
                  "desc": "[OnSucceedAttack] Повышает свой счетчик <sprite name=\"Charge\"><color=#f8c200><u><link=\"Charge\">Заряда</link></u></color> на 5"
                },
                {
                  "desc": "[OnSucceedAttack] Наносит 3 <sprite name=\"Burst\"><color=#e30000><u><link=\"Burst\">Зеленки</link></u></color>"
                },
                {
                  "desc": "[OnSucceedAttack] Если был потрачен счетчик <sprite name=\"Charge\"><color=#f8c200><u><link=\"Charge\">Заряда</link></u></color>, наносит 10 <sprite name=\"OminousTalisman\"><color=#e30000><u><link=\"OminousTalisman\">Предзнаменующих талисманов</link></u></color>\n- Если было потрачено 10 и более единиц счетчика <sprite name=\"Charge\"><color=#f8c200><u><link=\"Charge\">Заряда</link></u></color>, повышает счетчик <sprite name=\"Burst\"><color=#e30000><u><link=\"Burst\">Зеленки</link></u></color> на (Потраченный счетчик <sprite name=\"Charge\"><color=#f8c200><u><link=\"Charge\">Заряда</link></u></color> - 10)"
                }
              ]
            },
            {
              "coindescs": [
                {
                  "desc": "[OnSucceedAttack] Повышает свой счетчик <sprite name=\"Charge\"><color=#f8c200><u><link=\"Charge\">Заряда</link></u></color> на 5"
                },
                {
                  "desc": "[OnSucceedAttack] Снимает с цели все <sprite name=\"OminousTalisman\"><color=#e30000><u><link=\"OminousTalisman\">Предзнаменующие талисманы</link></u></color>"
                }
              ]
            },
            {
              "coindescs": [
                {
                  "desc": "<sprite name=\"SuperCoin\"><color=#9f6a3a><u><link=\"SuperCoin\">Вечная монета</link></u></color>"
                },
                {
                  "desc": "[UnBrokenCoinOnSucceedAttack] Если было потрачено 5 и более единиц счетчика <sprite name=\"Charge\"><color=#f8c200><u><link=\"Charge\">Заряда</link></u></color> при использовании, наносит 10 <sprite name=\"OminousTalisman\"><color=#e30000><u><link=\"OminousTalisman\">Предзнаменующих талисманов</link></u></color>"
                },
                {
                  "desc": "[WinDuelAttack] Если было потрачено 10 и более единиц счетчика <sprite name=\"Charge\"><color=#f8c200><u><link=\"Charge\">Заряда</link></u></color> при использовании, снимает все <sprite name=\"OminousTalisman\"><color=#e30000><u><link=\"OminousTalisman\">Предзнаменующие талисманы</link></u></color> с цели"
                }
              ]
            }
          ]
        }
      ]
    },
    {
      "id": 116004,
      "levelList": [
        {
          "level": 1,
          "name": "Стиль заряженного кулака - Согласование ритма",
          "desc": "[WhenUse] Повышает свой счетчик <sprite name=\"Charge\"><color=#f8c200><u><link=\"Charge\">Заряда</link></u></color> на 5",
          "coinlist": [
            {
              "coindescs": [
                {
                  "desc": "[OnSucceedAttack] Наносит 3 <sprite name=\"Burst\"><color=#e30000><u><link=\"Burst\">Зеленки</link></u></color>"
                }
              ]
            },
            {
              "coindescs": [
                {
                  "desc": "[OnSucceedAttack] Снимает с цели 3 <sprite name=\"OminousTalisman\"><color=#e30000><u><link=\"OminousTalisman\">Предзнаменующих талисмана</link></u></color>"
                }
              ]
            }
          ]
        }
      ]
    },
    {
      "id": 113307,
      "levelList": [
        {
          "level": 1,
          "name": "Мгновенный щит",
          "desc": "<sprite name=\"CanDuelGuard\"><color=#9f6a3a><u><link=\"CanDuelGuard\">Блок столкновением</link></u></color>\n<b>Специальный навык для <sprite name=\"SupportProtect\"><color=#9f6a3a><u><link=\"SupportProtect\">Вспомогательной защиты</link></u></color></b>\n[BeforeUse] При 2 и более <sprite name=\"SupportProtect\"><color=#9f6a3a><u><link=\"SupportProtect\">Вспомогательной защиты</link></u></color> использует 「Расширение территории: Страна фембоев」 вместо этого\n[WhenUse] Получает 1 Уровень защиты за каждые 5% потерянных в этой битве HP (До 10; вся потеря HP складывается)\n[WhenUse] Не может быть оглушена при получении урона до окончания использования навыка",
          "coinlist": [
            {
              "coindescs": [
                {
                  "desc": "<sprite name=\"SuperCoin\"><color=#9f6a3a><u><link=\"SuperCoin\">Вечная монета</link></u></color>"
                }
              ]
            }
          ]
        }
      ]
    },
    {
      "id": 113308,
      "levelList": [
        {
          "level": 1,
          "name": "Расширение территории: Страна фембоев",
          "desc": "Наносит на 20% больше урона за каждые 2 единицы разницы в скорости с целью (До 60%)\n[WhenUse] Сила монет +1 за каждые 5 <sprite name=\"Burst\"><color=#e30000><u><link=\"Burst\">Зеленок</link></u></color> на цели (До 3)\n[WhenUse] Сила в столкновении +1 за каждые 2 единицы счетчика <sprite name=\"Burst\"><color=#e30000><u><link=\"Burst\">Зеленки</link></u></color> цели (До 3)",
          "coinlist": [
            {
              "coindescs": [
                {
                  "desc": "<sprite name=\"SuperCoin\"><color=#9f6a3a><u><link=\"SuperCoin\">Вечная монета</link></u></color>"
                },
                {
                  "desc": "[UnBrokenCoinOnSucceedAttack] Повышает счетчик <sprite name=\"Burst\"><color=#e30000><u><link=\"Burst\">Зеленки</link></u></color> на 2"
                }
              ]
            },
            {
              "coindescs": [
                {
                  "desc": "<sprite name=\"SuperCoin\"><color=#9f6a3a><u><link=\"SuperCoin\">Вечная монета</link></u></color>"
                },
                {
                  "desc": "[UnBrokenCoinOnSucceedAttack] Наносит 5 <sprite name=\"Burst\"><color=#e30000><u><link=\"Burst\">Зеленок</link></u></color>"
                }
              ]
            },
            {
              "coindescs": [
                {
                  "desc": "<sprite name=\"SuperCoin\"><color=#9f6a3a><u><link=\"SuperCoin\">Вечная монета</link></u></color>"
                },
                {
                  "desc": "[OnSucceedAttack] Накладывает <sprite name=\"BurstZilu\"><color=#e30000><u><link=\"BurstZilu\">Смертный ритуал 【Раскол】</link></u></color>"
                }
              ]
            }
          ]
        }
      ]
    },
    {
      "id": 114110,
      "levelList": [
        {
          "level": 1,
          "name": "Словно ревущий шторм",
          "desc": "[CantDuel]\n[CantChangeTarget]\nВосстанавливается от оглушения\nВыбирает целью всех кроме Хон Лу\n[EndSkill] Заканчивает этот ход и оглушает всех кроме Хон Лу в следующем",
          "coinlist": [
            {
              "coindescs": [
                {
                  "desc": "[OnSucceedAttack] Повышает счетчик <sprite name=\"Burst\"><color=#e30000><u><link=\"Burst\">Зеленки</link></u></color> на 2"
                }
              ]
            }
          ]
        }
      ]
    }
  ]
}