{
  "dataList": [
    {
      "id": 2120511,
      "levelList": [
        {
          "level": 1,
          "name": "Тернистый сад",
          "abName": "АХАХАХАХАХ \n ГРЕГОР В ПЛАТЬЕ",
          "desc": "[BeforeAttack] Количество целей +1 при 3 и более грехах в резонансе\n[WhenUse] Дает (Число грехов в наибольшем резонансе + 1) союзникам 1 <sprite name=\"AmberDamageUp\"><color=#f8c200><u>Повышение урона[TabExplain] Грехом</u></color> и 1 <sprite name=\"AmberResultUp\"><color=#f8c200><u>Повышение силы Греха</u></color> этого резонанса\n- При 4 и более грехах в этом резонансе, дает еще 1 <sprite name=\"AmberDamageUp\"><color=#f8c200><u>Повышение урона[TabExplain] Грехом</u></color> этого резонанса<style=\"highlight\"></style>",
          "coinlist": [
            {
              "coindescs": [
                {
                  "desc": "[EndSkill] Восстанавливает союзнику с наименьшим процентом ОЗ 15% от максимальных ОЗ\n- Восстанавливает ОЗ еще (Наибольшее число грехов в резонансе - 2) союзникам (До 3)<style=\"highlight\"></style>"
                }
              ]
            }
          ]
        },
        {
          "level": 3,
          "name": "Тернистый сад",
          "abName": "АХАХАХАХАХ \n ГРЕГОР В ПЛАТЬЕ",
          "desc": "[BeforeAttack] Количество целей повышается на <style=\"highlight\">(Число грехов в наибольшем резонансе - 2) (До 2)</style> \n[WhenUse] Дает (Число грехов в наибольшем резонансе + <style=\"highlight\">2</style>) союзникам 1 <sprite name=\"AmberDamageUp\"><color=#f8c200><u>Повышение урона[TabExplain] Грехом</u></color> и 1 <sprite name=\"AmberResultUp\"><color=#f8c200><u>Повышение силы Греха</u></color> этого резонанса\n- При 4 и более грехах в этом резонансе, дает еще 1 <sprite name=\"AmberDamageUp\"><color=#f8c200><u>Повышение урона[TabExplain] Грехом</u></color> этого резонанса\n<style=\"highlight\">- При 5 и более грехах в этом резонансе, дает еще 1 <sprite name=\"AmberResultUp\"><color=#f8c200><u>Повышение силы Греха</u></color> этого резонанса</style>",
          "coinlist": [
            {
              "coindescs": [
                {
                  "desc": "[EndSkill] Восстанавливает <style=\"highlight\">двум</style> союзникам с наименьшим процентом ОЗ <style=\"highlight\">18%</style> от максимальных ОЗ\n- Восстанавливает ОЗ еще (Наибольшее число грехов в резонансе - 2) союзникам (До 3)"
                }
              ]
            }
          ]
        },
        {
          "level": 4,
          "name": "Тернистый сад",
          "abName": "АХАХАХАХАХ \n ГРЕГОР В ПЛАТЬЕ",
          "desc": "[BeforeAttack] Количество целей повышается на (Число грехов в наибольшем резонансе - 2) (До <style=\"highlight\">3</style>) \n[WhenUse] Дает (Число грехов в наибольшем резонансе + <style=\"highlight\">4</style>) союзникам 1 <sprite name=\"AmberDamageUp\"><color=#f8c200><u>Повышение урона[TabExplain] Грехом</u></color> и 1 <sprite name=\"AmberResultUp\"><color=#f8c200><u>Повышение силы Греха</u></color> этого резонанса\n- При 4 и более грехах в этом резонансе, дает еще 1 <sprite name=\"AmberDamageUp\"><color=#f8c200><u>Повышение урона[TabExplain] Грехом</u></color> этого резонанса\n- При 5 и более грехах в этом резонансе, дает еще 1 <sprite name=\"AmberResultUp\"><color=#f8c200><u>Повышение силы Греха</u></color> этого резонанса\n<style=\"highlight\">- При 6 и более грехах в этом резонансе, дает эти эффекты так же на следующий ход</style>",
          "coinlist": [
            {
              "coindescs": [
                {
                  "desc": "[EndSkill] Восстанавливает <style=\"highlight\">четырем</style> союзникам с наименьшим процентом ОЗ <style=\"highlight\">22%</style> от максимальных ОЗ\n- Восстанавливает ОЗ еще (Наибольшее число грехов в резонансе - 2) союзникам (До 3)"
                }
              ]
            }
          ]
        }
      ]
    },
    {
      "id": 2120521,
      "levelList": [
        {
          "level": 1,
          "name": "Тернистый сад",
          "abName": "АХАХАХАХАХ \n ГРЕГОР В ПЛАТЬЕ",
          "desc": "[CantIdentify]\nСлучайные цели\n[BeforeAttack] Количество целей +1 при 3 и более грехах в резонансе<style=\"highlight\"></style>",
          "coinlist": [
            {
              "coindescs": [
                {
                  "desc": "[OnSucceedAttack] Наносит 1 <sprite name=\"AttackDmgDown\"><color=#e30000><u><link=\"AttackDmgDown\">Понижение урона</link></u></color> и 2 <sprite name=\"Binding\"><color=#e30000><u><link=\"Binding\">Поноса</link></u></color> на следующий ход<style=\"highlight\"></style>"
                },
                {
                  "desc": "[OnSucceedAttack] Наносит 1 <sprite name=\"AmberTakeDamageUp\"><color=#e30000><u>Уязвимость[TabExplain] к Греху</u></color> и 1 <sprite name=\"AmberResultDown\"><color=#e30000><u>Понижение силы[TabExplain] Греха</u></color> наибольшего резонанса\n- При 4 и более грехах в этом резонансе, наносит еще 1 <sprite name=\"AmberTakeDamageUp\"><color=#e30000><u>Уязвимость[TabExplain] к Греху</u></color> этого резонанса<style=\"highlight\"></style>"
                }
              ]
            }
          ]
        },
        {
          "level": 3,
          "name": "Тернистый сад",
          "abName": "АХАХАХАХАХ \n ГРЕГОР В ПЛАТЬЕ",
          "desc": "[CantIdentify]\nСлучайные цели\n[BeforeAttack] Количество целей <style=\"highlight\">+(Число грехов в наибольшем резонансе - 2) (До 2)</style>",
          "coinlist": [
            {
              "coindescs": [
                {
                  "desc": "[OnSucceedAttack] Наносит 1 <sprite name=\"AttackDmgDown\"><color=#e30000><u><link=\"AttackDmgDown\">Понижение урона</link></u></color> и 2 <sprite name=\"Binding\"><color=#e30000><u><link=\"Binding\">Поноса</link></u></color> на следующий ход<style=\"highlight\"></style>"
                },
                {
                  "desc": "[OnSucceedAttack] Наносит 1 <sprite name=\"AmberTakeDamageUp\"><color=#e30000><u>Уязвимость[TabExplain] к Греху</u></color> и 1 <sprite name=\"AmberResultDown\"><color=#e30000><u>Понижение силы[TabExplain] Греха</u></color> наибольшего резонанса\n- При 4 и более грехах в этом резонансе, наносит еще 1 <sprite name=\"AmberTakeDamageUp\"><color=#e30000><u>Уязвимость[TabExplain] к Греху</u></color> этого резонанса\n<style=\"highlight\">- При 5 и более грехах в этом резонансе, наносит еще 1 <sprite name=\"AmberResultDown\"><color=#e30000><u>Понижение силы[TabExplain] Греха</u></color> наибольшего резонанса</style>"
                }
              ]
            }
          ]
        },
        {
          "level": 4,
          "name": "Тернистый сад",
          "abName": "АХАХАХАХАХ \n ГРЕГОР В ПЛАТЬЕ",
          "desc": "[CantIdentify]\nСлучайные цели\n[BeforeAttack] Количество целей +(Число грехов в наибольшем резонансе - 2) (До <style=\"highlight\">3</style>)",
          "coinlist": [
            {
              "coindescs": [
                {
                  "desc": "[OnSucceedAttack] Наносит 1 <sprite name=\"AttackDmgDown\"><color=#e30000><u><link=\"AttackDmgDown\">Понижение урона</link></u></color> и 2 <sprite name=\"Binding\"><color=#e30000><u><link=\"Binding\">Поноса</link></u></color> на следующий ход<style=\"highlight\"></style>"
                },
                {
                  "desc": "[OnSucceedAttack] Наносит 1 <sprite name=\"AmberTakeDamageUp\"><color=#e30000><u>Уязвимость[TabExplain] к Греху</u></color> и 1 <sprite name=\"AmberResultDown\"><color=#e30000><u>Понижение силы[TabExplain] Греха</u></color> наибольшего резонанса\n- При 4 и более грехах в этом резонансе, наносит еще 1 <sprite name=\"AmberTakeDamageUp\"><color=#e30000><u>Уязвимость[TabExplain] к Греху</u></color> этого резонанса\n- При 5 и более грехах в этом резонансе, наносит еще 1 <sprite name=\"AmberResultDown\"><color=#e30000><u>Понижение силы[TabExplain] Греха</u></color> наибольшего резонанса\n<style=\"highlight\">- При 6 и более грехах в этом резонансе, наносит эти эффекты так же на следующий ход</style>"
                }
              ]
            }
          ]
        }
      ]
    },
    {
      "id": 2120611,
      "levelList": [
        {
          "level": 1,
          "name": "Царство небесное",
          "abName": "Портрет ушедших дней",
          "desc": "[EndSkill] Восстанавливает 10 СД себе и двум союзникам с наименьшей СД\n- Если цель осталась в живых, тратит 5 единиц счетчика <sprite name=\"Sinking\"><color=#e30000><u><link=\"Sinking\">Депрессии</link></u></color> цели, чтобы восстановить СД себе и этим союзникам на силу <sprite name=\"Sinking\"><color=#e30000><u><link=\"Sinking\">Депрессии</link></u></color> цели (До 20)\n- При смерти цели наносит 3 <sprite name=\"Sinking\"><color=#e30000><u><link=\"Sinking\">Депрессии</link></u></color> двум случайным противникам (В фокусированных битвах — случайным частям)<style=\"highlight\"></style>",
          "coinlist": [
            {
              "coindescs": [
                {}
              ]
            }
          ]
        },
        {
          "level": 3,
          "name": "Царство небесное",
          "abName": "Портрет ушедших дней",
          "desc": "[EndSkill] Восстанавливает <style=\"highlight\">12</style> СД себе и двум союзникам с наименьшей СД\n- Если цель осталась в живых, тратит 5 единиц счетчика <sprite name=\"Sinking\"><color=#e30000><u><link=\"Sinking\">Депрессии</link></u></color> цели, чтобы восстановить СД себе и этим союзникам на силу <sprite name=\"Sinking\"><color=#e30000><u><link=\"Sinking\">Депрессии</link></u></color> цели (До 20)\n- При смерти цели наносит 3 <sprite name=\"Sinking\"><color=#e30000><u><link=\"Sinking\">Депрессии</link></u></color> <style=\"highlight\">и 1 <sprite name=\"Curse\"><color=#e30000><u><link=\"Curse\">Проклятие</link></u></color></style> двум случайным противникам (В фокусированных битвах — случайным частям)",
          "coinlist": [
            {
              "coindescs": [
                {}
              ]
            }
          ]
        },
        {
          "level": 4,
          "name": "Царство небесное",
          "abName": "Портрет ушедших дней",
          "desc": "[EndSkill] Восстанавливает <style=\"highlight\">15</style> СД себе и двум союзникам с наименьшей СД\n- Если цель осталась в живых, тратит <style=\"highlight\">3</style> единицы счетчика <sprite name=\"Sinking\"><color=#e30000><u><link=\"Sinking\">Депрессии</link></u></color> цели, чтобы восстановить СД себе и этим союзникам на силу <sprite name=\"Sinking\"><color=#e30000><u><link=\"Sinking\">Депрессии</link></u></color> цели (До 20)\n- При смерти цели наносит 3 <sprite name=\"Sinking\"><color=#e30000><u><link=\"Sinking\">Депрессии</link></u></color> и 1 <sprite name=\"Curse\"><color=#e30000><u><link=\"Curse\">Проклятие</link></u></color> <style=\"highlight\">трем</style> случайным противникам (В фокусированных битвах — случайным частям)",
          "coinlist": [
            {
              "coindescs": [
                {}
              ]
            }
          ]
        }
      ]
    },
    {
      "id": 2120621,
      "levelList": [
        {
          "level": 1,
          "name": "Царство небесное",
          "abName": "Портрет ушедших дней",
          "desc": "[CantIdentify]\nСлучайная цель<style=\"highlight\"></style>",
          "coinlist": [
            {
              "coindescs": [
                {
                  "desc": "[OnSucceedAttack] Наносит 2 <sprite name=\"AzureTakeDamageUp\"><color=#e30000><u><link=\"AzureTakeDamageUp\">Уязвимости к Унынию</link></u></color>\n- Наносит еще 1 <sprite name=\"AzureTakeDamageUp\"><color=#e30000><u><link=\"AzureTakeDamageUp\">Уязвимость к Унынию</link></u></color> при 3 и более грехах в резонансе Уныния<style=\"highlight\"></style>"
                },
                {
                  "desc": "[OnSucceedAttack] Повышает счетчик <sprite name=\"Sinking\"><color=#e30000><u><link=\"Sinking\">Депрессии</link></u></color> на 3<style=\"highlight\"></style>"
                },
                {
                  "desc": "[OnSucceedAttack] Наносит 1 <sprite name=\"Curse\"><color=#e30000><u><link=\"Curse\">Проклятие</link></u></color><style=\"highlight\"></style>"
                }
              ]
            }
          ]
        },
        {
          "level": 3,
          "name": "Царство небесное",
          "abName": "Портрет ушедших дней",
          "desc": "[CantIdentify]\nСлучайная цель<style=\"highlight\"></style>",
          "coinlist": [
            {
              "coindescs": [
                {
                  "desc": "[OnSucceedAttack] Наносит 2 <sprite name=\"AzureTakeDamageUp\"><color=#e30000><u><link=\"AzureTakeDamageUp\">Уязвимости к Унынию</link></u></color>\n- Наносит еще 1 <sprite name=\"AzureTakeDamageUp\"><color=#e30000><u><link=\"AzureTakeDamageUp\">Уязвимость к Унынию</link></u></color> <style=\"highlight\">за каждые 3 греха в резонансе Уныния (До 2)</style>"
                },
                {
                  "desc": "[OnSucceedAttack] Повышает счетчик <sprite name=\"Sinking\"><color=#e30000><u><link=\"Sinking\">Депрессии</link></u></color> на 3<style=\"highlight\"></style>"
                },
                {
                  "desc": "[OnSucceedAttack] Наносит <style=\"highlight\">2</style> <sprite name=\"Curse\"><color=#e30000><u><link=\"Curse\">Проклятия</link></u></color>"
                }
              ]
            }
          ]
        },
        {
          "level": 4,
          "name": "Царство небесное",
          "abName": "Портрет ушедших дней",
          "desc": "[CantIdentify]\nСлучайная цель\n<style=\"highlight\">Наносит на 50% больше урона целям с <sprite name=\"Curse\"><color=#e30000><u><link=\"Curse\">Проклятием</link></u></color></style>",
          "coinlist": [
            {
              "coindescs": [
                {
                  "desc": "[OnSucceedAttack] Наносит 2 <sprite name=\"AzureTakeDamageUp\"><color=#e30000><u><link=\"AzureTakeDamageUp\">Уязвимости к Унынию</link></u></color>\n- Наносит еще 1 <sprite name=\"AzureTakeDamageUp\"><color=#e30000><u><link=\"AzureTakeDamageUp\">Уязвимость к Унынию</link></u></color> за каждые <style=\"highlight\">2</style> греха в резонансе Уныния (До 2)"
                },
                {
                  "desc": "[OnSucceedAttack] Повышает счетчик <sprite name=\"Sinking\"><color=#e30000><u><link=\"Sinking\">Депрессии</link></u></color> на 3<style=\"highlight\"></style>"
                },
                {
                  "desc": "[OnSucceedAttack] Наносит <style=\"highlight\">3</style> <sprite name=\"Curse\"><color=#e30000><u><link=\"Curse\">Проклятия</link></u></color>"
                }
              ]
            }
          ]
        }
      ]
    },
    {
      "id": 2120711,
      "levelList": [
        {
          "level": 1,
          "name": "            <sprite name=\"SinkingWhite\"><sprite name=\"SinkingWhite\"><sprite name=\"SinkingWhite\">",
          "abName": "Бюро мертвых бабочек",
          "desc": "При подкидывании монеты она атакует случайную цель среди всех целей навыка\n- Первая монета всегда атакует основую цель\n- Все эффекты монет относятся только к цели, атакуемой на момент их подкидывания\nВ момент нанесения <sprite name=\"SinkingWhite\"><color=#e30000><u><link=\"SinkingWhite\">Бабочек</link></u></color> монетами этого ЭГО, наносит бабочек Почивших с шансом выпадения орла, Живущих с шансом выпадения решки (Каждая отдельно)<style=\"highlight\"></style>",
          "coinlist": [
            {
              "coindescs": [
                {
                  "desc": "[OnSucceedAttack] Наносит 1 случайную <sprite name=\"SinkingWhite\"><color=#e30000><u><link=\"SinkingWhite\">Бабочку</link></u></color><style=\"highlight\"></style>"
                }
              ]
            },
            {
              "coindescs": [
                {
                  "desc": "[OnSucceedAttack] Наносит 1 случайную <sprite name=\"SinkingWhite\"><color=#e30000><u><link=\"SinkingWhite\">Бабочку</link></u></color><style=\"highlight\"></style>"
                }
              ]
            },
            {
              "coindescs": [
                {
                  "desc": "[OnSucceedAttack] Наносит 1~2 случайных <sprite name=\"SinkingWhite\"><color=#e30000><u><link=\"SinkingWhite\">Бабочки</link></u></color><style=\"highlight\"></style>"
                },
                {
                  "desc": "[OnSucceedAttack] Теряет 2~6 СД<style=\"highlight\"></style>"
                },
                {
                  "desc": "[OnSucceedAttack] Пока СД выше 0, вновь подкидывает монету (До 5 раз)<style=\"highlight\"></style>"
                }
              ]
            }
          ]
        },
        {
          "level": 3,
          "name": "            <sprite name=\"SinkingWhite\"><sprite name=\"SinkingWhite\"><sprite name=\"SinkingWhite\">",
          "abName": "Бюро мертвых бабочек",
          "desc": "При подкидывании монеты она атакует случайную цель среди всех целей навыка\n- Первая монета всегда атакует основую цель\n- Все эффекты монет относятся только к цели, атакуемой на момент их подкидывания\nВ момент нанесения <sprite name=\"SinkingWhite\"><color=#e30000><u><link=\"SinkingWhite\">Бабочек</link></u></color> монетами этого ЭГО, наносит бабочек Почивших с шансом выпадения орла, Живущих с шансом выпадения решки (Каждая отдельно)\n<style=\"highlight\">[EndSkill] Восстанавливает (2 × число попаданий 3 монетой) СД</style>",
          "coinlist": [
            {
              "coindescs": [
                {
                  "desc": "[OnSucceedAttack] Наносит 1 случайную <sprite name=\"SinkingWhite\"><color=#e30000><u><link=\"SinkingWhite\">Бабочку</link></u></color><style=\"highlight\"></style>"
                }
              ]
            },
            {
              "coindescs": [
                {
                  "desc": "[OnSucceedAttack] Наносит 1 случайную <sprite name=\"SinkingWhite\"><color=#e30000><u><link=\"SinkingWhite\">Бабочку</link></u></color><style=\"highlight\"></style>"
                }
              ]
            },
            {
              "coindescs": [
                {
                  "desc": "[OnSucceedAttack] Наносит 1~2 случайных <sprite name=\"SinkingWhite\"><color=#e30000><u><link=\"SinkingWhite\">Бабочки</link></u></color><style=\"highlight\"></style>"
                },
                {
                  "desc": "[OnSucceedAttack] Теряет 2~6 СД<style=\"highlight\"></style>"
                },
                {
                  "desc": "[OnSucceedAttack] Пока СД выше 0, вновь подкидывает монету (До 5 раз)<style=\"highlight\"></style>"
                }
              ]
            }
          ]
        },
        {
          "level": 4,
          "name": "            <sprite name=\"SinkingWhite\"><sprite name=\"SinkingWhite\"><sprite name=\"SinkingWhite\">",
          "abName": "Бюро мертвых бабочек",
          "desc": "При подкидывании монеты она атакует случайную цель среди всех целей навыка\n- Первая монета всегда атакует основую цель\n- Все эффекты монет относятся только к цели, атакуемой на момент их подкидывания\nВ момент нанесения <sprite name=\"SinkingWhite\"><color=#e30000><u><link=\"SinkingWhite\">Бабочек</link></u></color> монетами этого ЭГО, наносит бабочек Почивших с шансом выпадения орла, Живущих с шансом выпадения решки (Каждая отдельно)\n[EndSkill] Восстанавливает (<style=\"highlight\">3</style> × число попаданий 3 монетой) СД",
          "coinlist": [
            {
              "coindescs": [
                {
                  "desc": "[OnSucceedAttack] Наносит 1 случайную <sprite name=\"SinkingWhite\"><color=#e30000><u><link=\"SinkingWhite\">Бабочку</link></u></color><style=\"highlight\"></style>"
                }
              ]
            },
            {
              "coindescs": [
                {
                  "desc": "[OnSucceedAttack] Наносит 1 случайную <sprite name=\"SinkingWhite\"><color=#e30000><u><link=\"SinkingWhite\">Бабочку</link></u></color><style=\"highlight\"></style>"
                }
              ]
            },
            {
              "coindescs": [
                {
                  "desc": "[OnSucceedAttack] Наносит 1~2 случайных <sprite name=\"SinkingWhite\"><color=#e30000><u><link=\"SinkingWhite\">Бабочки</link></u></color><style=\"highlight\"></style>"
                },
                {
                  "desc": "[OnSucceedAttack] Теряет 2~6 СД<style=\"highlight\"></style>"
                },
                {
                  "desc": "[OnSucceedAttack] Пока СД выше 0, вновь подкидывает монету (До 5 раз)<style=\"highlight\"></style>"
                }
              ]
            }
          ]
        }
      ]
    },
    {
      "id": 2120721,
      "levelList": [
        {
          "level": 1,
          "name": "            <sprite name=\"SinkingWhite\"><sprite name=\"SinkingWhite\"><sprite name=\"SinkingWhite\">",
          "abName": "Бюро мертвых бабочек",
          "desc": "[CantIdentify]\nСлучайные цели\nЕсли у цели менее 0 СД, наносит на 1% больше урона за каждую единицу СД цели ниже 0 (До 45%)\n- Если у цели нет СД, наносит на 1% больше урона за каждые 2 <sprite name=\"Sinking\"><color=#e30000><u><link=\"Sinking\">Депрессии</link></u></color> на цели (До 45%)<style=\"highlight\"></style>",
          "coinlist": [
            {
              "coindescs": [
                {
                  "desc": "[OnSucceedAttack] Наносит 4 <sprite name=\"SinkingWhite\"><color=#e30000><u><link=\"SinkingWhite\">Бабочки Живущих</link></u></color><style=\"highlight\"></style>"
                },
                {
                  "desc": "[OnSucceedAttack] Наносит 4 <sprite name=\"SinkingWhite\"><color=#e30000><u><link=\"SinkingWhite\">Бабочки Почивших</link></u></color><style=\"highlight\"></style>"
                }
              ]
            }
          ]
        },
        {
          "level": 3,
          "name": "            <sprite name=\"SinkingWhite\"><sprite name=\"SinkingWhite\"><sprite name=\"SinkingWhite\">",
          "abName": "Бюро мертвых бабочек",
          "desc": "[CantIdentify]\nСлучайные цели\nЕсли у цели менее 0 СД, наносит на 1% больше урона за каждую единицу СД цели ниже 0 (До 45%)\n- Если у цели нет СД, наносит на 1% больше урона за каждые 2 <sprite name=\"Sinking\"><color=#e30000><u><link=\"Sinking\">Депрессии</link></u></color> на цели (До 45%)\n<style=\"highlight\">[EnemyKill] Восстанавливает 5 СД</style>",
          "coinlist": [
            {
              "coindescs": [
                {
                  "desc": "[OnSucceedAttack] Наносит 4 <sprite name=\"SinkingWhite\"><color=#e30000><u><link=\"SinkingWhite\">Бабочки Живущих</link></u></color><style=\"highlight\"></style>"
                },
                {
                  "desc": "[OnSucceedAttack] Наносит 4 <sprite name=\"SinkingWhite\"><color=#e30000><u><link=\"SinkingWhite\">Бабочки Почивших</link></u></color><style=\"highlight\"></style>"
                },
                {
                  "desc": "<style=\"highlight\">[OnSucceedAttack] Повышает счетчик <sprite name=\"Sinking\"><color=#e30000><u><link=\"Sinking\">Депрессии</link></u></color> на 3</style>"
                }
              ]
            }
          ]
        },
        {
          "level": 4,
          "name": "            <sprite name=\"SinkingWhite\"><sprite name=\"SinkingWhite\"><sprite name=\"SinkingWhite\">",
          "abName": "Бюро мертвых бабочек",
          "desc": "[CantIdentify]\nСлучайные цели\nЕсли у цели менее 0 СД, наносит на 1% больше урона за каждую единицу СД цели ниже 0 (До 45%)\n- Если у цели нет СД, наносит на 1% больше урона за каждые 2 <sprite name=\"Sinking\"><color=#e30000><u><link=\"Sinking\">Депрессии</link></u></color> на цели (До 45%)\n[EnemyKill] Восстанавливает 5 СД<style=\"highlight\"></style>",
          "coinlist": [
            {
              "coindescs": [
                {
                  "desc": "[OnSucceedAttack] Наносит <style=\"highlight\">5</style> <sprite name=\"SinkingWhite\"><color=#e30000><u><link=\"SinkingWhite\">Бабочек Живущих</link></u></color>"
                },
                {
                  "desc": "[OnSucceedAttack] Наносит <style=\"highlight\">5</style> <sprite name=\"SinkingWhite\"><color=#e30000><u><link=\"SinkingWhite\">Бабочек Почивших</link></u></color>"
                },
                {
                  "desc": "[OnSucceedAttack] Повышает счетчик <sprite name=\"Sinking\"><color=#e30000><u><link=\"Sinking\">Депрессии</link></u></color> на 3<style=\"highlight\"></style>"
                },
                {
                  "desc": "<style=\"highlight\">[OnSucceedAttack] Если у цели менее 50% ОЗ, наносит урон Унынием, равный сумме Живущих и Почивших <sprite name=\"SinkingWhite\"><color=#e30000><u><link=\"SinkingWhite\">Бабочкек</link></u></color> на цели</style>"
                }
              ]
            }
          ]
        }
      ]
    },
    {
      "id": 2120811,
      "levelList": [
        {
          "level": 1,
          "name": "Ночной паралич",
          "abName": "Мягкая Кроватка",
          "desc": "[EndSkill] При максимальных ОЗ, восстанавливает 10 СД в конце хода и получает 1 <sprite name=\"Enhancement\"><color=#f8c200><u><link=\"Enhancement\">Повышение силы атаки</link></u></color> на следующий<style=\"highlight\"></style>",
          "coinlist": [
            {
              "coindescs": [
                {
                  "desc": "[OnSucceedAttack] Наносит 5 <sprite name=\"Vibration\"><color=#e30000><u><link=\"Vibration\">Тряски</link></u></color><style=\"highlight\"></style>"
                },
                {
                  "desc": "[OnSucceedAttack] <sprite name=\"VibrationExplosion\"><color=#e30000><u><link=\"VibrationExplosion\">Трясет сучку</link></u></color> и понижает его счетчик на 1<style=\"highlight\"></style>"
                }
              ]
            },
            {
              "coindescs": [
                {
                  "desc": "[OnSucceedAttack] Наносит 4 <sprite name=\"Sinking\"><color=#e30000><u><link=\"Sinking\">Депрессии</link></u></color><style=\"highlight\"></style>"
                },
                {
                  "desc": "[OnSucceedAttack] Если цель оглушена, находится в состоянии низкой морали, или в панике, наносит 1 <sprite name=\"Reduction\"><color=#e30000><u><link=\"Reduction\">Понижение силы атаки</link></u></color> на следующий ход<style=\"highlight\"></style>"
                }
              ]
            }
          ]
        },
        {
          "level": 3,
          "name": "Ночной паралич",
          "abName": "Мягкая Кроватка",
          "desc": "<style=\"highlight\">Если у цели менее 0 СД, наносит на 1% больше урона за каждую единицу СД цели ниже 0 (До 45%)</style>\n[EndSkill] При максимальных ОЗ, восстанавливает 10 СД в конце хода и получает 1 <sprite name=\"Enhancement\"><color=#f8c200><u><link=\"Enhancement\">Повышение силы атаки</link></u></color> на следующий",
          "coinlist": [
            {
              "coindescs": [
                {
                  "desc": "[OnSucceedAttack] Наносит 5 <sprite name=\"Vibration\"><color=#e30000><u><link=\"Vibration\">Тряски</link></u></color><style=\"highlight\"></style>"
                },
                {
                  "desc": "[OnSucceedAttack] <sprite name=\"VibrationExplosion\"><color=#e30000><u><link=\"VibrationExplosion\">Трясет сучку</link></u></color> и понижает его счетчик на 1<style=\"highlight\"></style>"
                }
              ]
            },
            {
              "coindescs": [
                {
                  "desc": "<style=\"highlight\">[OnSucceedAttack] Восстанавливает (2 + число грехов в наибольшем резонансе)% потерянных ОЗ (До 30% за навык)</style>"
                },
                {
                  "desc": "[OnSucceedAttack] Наносит 4 <sprite name=\"Sinking\"><color=#e30000><u><link=\"Sinking\">Депрессии</link></u></color><style=\"highlight\"></style>"
                },
                {
                  "desc": "[OnSucceedAttack] Если цель оглушена, находится в состоянии низкой морали, или в панике, наносит 1 <sprite name=\"Reduction\"><color=#e30000><u><link=\"Reduction\">Понижение силы атаки</link></u></color> на следующий ход<style=\"highlight\"></style>"
                }
              ]
            }
          ]
        },
        {
          "level": 4,
          "name": "Ночной паралич",
          "abName": "Мягкая Кроватка",
          "desc": "Если у цели менее 0 СД, наносит на 1% больше урона за каждую единицу СД цели ниже 0 (До 45%)\n[EndSkill] При максимальных ОЗ, восстанавливает <style=\"highlight\">15</style> СД в конце хода и получает 1 <sprite name=\"Enhancement\"><color=#f8c200><u><link=\"Enhancement\">Повышение силы атаки</link></u></color> на следующий",
          "coinlist": [
            {
              "coindescs": [
                {
                  "desc": "[OnSucceedAttack] Наносит 5 <sprite name=\"Vibration\"><color=#e30000><u><link=\"Vibration\">Тряски</link></u></color><style=\"highlight\"></style>"
                },
                {
                  "desc": "[OnSucceedAttack] <sprite name=\"VibrationExplosion\"><color=#e30000><u><link=\"VibrationExplosion\">Трясет сучку</link></u></color> и понижает его счетчик на 1<style=\"highlight\"></style>"
                }
              ]
            },
            {
              "coindescs": [
                {
                  "desc": "[OnSucceedAttack] Восстанавливает (<style=\"highlight\">3</style> + число грехов в наибольшем резонансе)% потерянных ОЗ (До 30% за навык)"
                },
                {
                  "desc": "[OnSucceedAttack] Наносит 4 <sprite name=\"Sinking\"><color=#e30000><u><link=\"Sinking\">Депрессии</link></u></color><style=\"highlight\"></style>"
                },
                {
                  "desc": "[OnSucceedAttack] Если цель оглушена, находится в состоянии низкой морали, или в панике, наносит 1 <sprite name=\"Reduction\"><color=#e30000><u><link=\"Reduction\">Понижение силы атаки</link></u></color> <style=\"highlight\">и 1 <sprite name=\"AmberTakeDamageUp\"><color=#e30000><u>Уязвимость[TabExplain] к Греху</u></color> наибольшего резонанса</style> на следующий ход"
                }
              ]
            }
          ]
        }
      ]
    },
    {
      "id": 2120821,
      "levelList": [
        {
          "level": 1,
          "name": "Ночной паралич",
          "abName": "Мягкая Кроватка",
          "desc": "[CantIdentify]\nСлучайные цели\n[BeforeAttack] Восстанавливает 10 ОЗ\n[EndSkill] При максимальных ОЗ, восстанавливает 10 СД в конце хода и получает 1 <sprite name=\"Enhancement\"><color=#f8c200><u><link=\"Enhancement\">Повышение силы атаки</link></u></color> на следующий<style=\"highlight\"></style>",
          "coinlist": [
            {
              "coindescs": [
                {
                  "desc": "[OnSucceedAttack] Наносит 5 <sprite name=\"Vibration\"><color=#e30000><u><link=\"Vibration\">Тряски</link></u></color><style=\"highlight\"></style>"
                },
                {
                  "desc": "[OnSucceedAttack] <sprite name=\"VibrationExplosion\"><color=#e30000><u><link=\"VibrationExplosion\">Трясет сучку</link></u></color> и понижает его счетчик на 1<style=\"highlight\"></style>"
                }
              ]
            },
            {
              "coindescs": [
                {
                  "desc": "[OnSucceedAttack] Наносит 4 <sprite name=\"Sinking\"><color=#e30000><u><link=\"Sinking\">Депрессии</link></u></color><style=\"highlight\"></style>"
                },
                {
                  "desc": "[OnSucceedAttack] Если цель оглушена, находится в состоянии низкой морали, или в панике, наносит 1 <sprite name=\"Reduction\"><color=#e30000><u><link=\"Reduction\">Понижение силы атаки</link></u></color> на следующий ход<style=\"highlight\"></style>"
                }
              ]
            }
          ]
        },
        {
          "level": 3,
          "name": "Ночной паралич",
          "abName": "Мягкая Кроватка",
          "desc": "[CantIdentify]\nСлучайные цели\n<style=\"highlight\">Если у цели менее 0 СД, наносит на 1% больше урона за каждую единицу СД цели ниже 0 (До 45%)</style>\n[BeforeAttack] Восстанавливает 10 ОЗ\n[EndSkill] При максимальных ОЗ, восстанавливает <style=\"highlight\">15</style> СД в конце хода и получает 1 <sprite name=\"Enhancement\"><color=#f8c200><u><link=\"Enhancement\">Повышение силы атаки</link></u></color> на следующий",
          "coinlist": [
            {
              "coindescs": [
                {
                  "desc": "[OnSucceedAttack] Наносит 5 <sprite name=\"Vibration\"><color=#e30000><u><link=\"Vibration\">Тряски</link></u></color><style=\"highlight\"></style>"
                },
                {
                  "desc": "[OnSucceedAttack] <sprite name=\"VibrationExplosion\"><color=#e30000><u><link=\"VibrationExplosion\">Трясет сучку</link></u></color> и понижает его счетчик на 1<style=\"highlight\"></style>"
                }
              ]
            },
            {
              "coindescs": [
                {
                  "desc": "<style=\"highlight\">[OnSucceedAttack] Восстанавливает (2 + число грехов в наибольшем резонансе)% потерянных ОЗ (До 30% за навык)</style>"
                },
                {
                  "desc": "[OnSucceedAttack] Наносит 4 <sprite name=\"Sinking\"><color=#e30000><u><link=\"Sinking\">Депрессии</link></u></color><style=\"highlight\"></style>"
                },
                {
                  "desc": "[OnSucceedAttack] Если цель оглушена, находится в состоянии низкой морали, или в панике, наносит 1 <sprite name=\"Reduction\"><color=#e30000><u><link=\"Reduction\">Понижение силы атаки</link></u></color> на следующий ход<style=\"highlight\"></style>"
                }
              ]
            }
          ]
        },
        {
          "level": 4,
          "name": "Ночной паралич",
          "abName": "Мягкая Кроватка",
          "desc": "[CantIdentify]\nСлучайные цели\nЕсли у цели менее 0 СД, наносит на 1% больше урона за каждую единицу СД цели ниже 0 (До 45%)\n[BeforeAttack] Восстанавливает 10 ОЗ\n[EndSkill] При максимальных ОЗ, восстанавливает <style=\"highlight\">20</style> СД в конце хода и получает 1 <sprite name=\"Enhancement\"><color=#f8c200><u><link=\"Enhancement\">Повышение силы атаки</link></u></color> на следующий",
          "coinlist": [
            {
              "coindescs": [
                {
                  "desc": "[OnSucceedAttack] Наносит 5 <sprite name=\"Vibration\"><color=#e30000><u><link=\"Vibration\">Тряски</link></u></color><style=\"highlight\"></style>"
                },
                {
                  "desc": "[OnSucceedAttack] <sprite name=\"VibrationExplosion\"><color=#e30000><u><link=\"VibrationExplosion\">Трясет сучку</link></u></color> и понижает его счетчик на 1<style=\"highlight\"></style>"
                }
              ]
            },
            {
              "coindescs": [
                {
                  "desc": "[OnSucceedAttack] Восстанавливает (<style=\"highlight\">3</style> + число грехов в наибольшем резонансе)% потерянных ОЗ (До 30% за навык)"
                },
                {
                  "desc": "[OnSucceedAttack] Наносит 4 <sprite name=\"Sinking\"><color=#e30000><u><link=\"Sinking\">Депрессии</link></u></color><style=\"highlight\"></style>"
                },
                {
                  "desc": "[OnSucceedAttack] Если цель оглушена, находится в состоянии низкой морали, или в панике, наносит 1 <sprite name=\"Reduction\"><color=#e30000><u><link=\"Reduction\">Понижение силы атаки</link></u></color> <style=\"highlight\">и 2 <sprite name=\"AmberTakeDamageUp\"><color=#e30000><u>Уязвимости к Греху</u></color> наибольшего резонанса</style> на следующий ход"
                }
              ]
            }
          ]
        }
      ]
    }
  ]
}