﻿{
  "dataList": [
    {
      "id": 816101,
      "levelList": [
        {
          "level": 1,
          "name": "Пронзание",
          "desc": "",
          "coinlist": [
            {
              "coindescs": [
                {
                  "desc": "[OnSucceedAttack] Наносит 6 <sprite name=\"Combustion\"><color=#e30000><u><link=\"Combustion\">Изжоги</link></u></color> и повышает его счетчик на 2"
                }
              ]
            }
          ]
        }
      ]
    },
    {
      "id": 816102,
      "levelList": [
        {
          "level": 1,
          "name": "Рассечение",
          "desc": "[WhenUse] Если на цели есть <sprite name=\"Combustion\"><color=#e30000><u><link=\"Combustion\">Изжога</link></u></color>, Базовая сила +2",
          "coinlist": [
            {
              "coindescs": [
                {
                  "desc": "[OnSucceedAttack] Наносит 8 <sprite name=\"Combustion\"><color=#e30000><u><link=\"Combustion\">Изжоги</link></u></color>"
                }
              ]
            },
            {
              "coindescs": [
                {
                  "desc": "[OnSucceedAttack] Повышает счетчик <sprite name=\"Combustion\"><color=#e30000><u><link=\"Combustion\">Изжоги</link></u></color> на 4"
                }
              ]
            },
            {
              "coindescs": [
                {
                  "desc": "[OnSucceedAttack] Наносит 1 <sprite name=\"PenetrateTakeDamageUp\"><color=#e30000><u><link=\"PenetrateTakeDamageUp\">Уязвимость к Пронзающему урону</link></u></color> на следующий ход"
                }
              ]
            }
          ]
        }
      ]
    },
    {
      "id": 816103,
      "levelList": [
        {
          "level": 1,
          "name": "Извергающийся гнев",
          "desc": "[WhenUse] Сила монет +1 за каждые 5 <sprite name=\"Combustion\"><color=#e30000><u><link=\"Combustion\">Изжоги</link></u></color> на цели (До 3)\n[WinDuel] Если на цели 9 и более <sprite name=\"Combustion\"><color=#e30000><u><link=\"Combustion\">Изжоги</link></u></color>, +1 к Весу атаки",
          "coinlist": [
            {
              "coindescs": [
                {
                  "desc": "[OnSucceedAttack] Повышает счетчик <sprite name=\"Combustion\"><color=#e30000><u><link=\"Combustion\">Изжоги</link></u></color> на 3"
                },
                {
                  "desc": "[OnSucceedAttackHead] Наносит 1 <sprite name=\"CrimsonTakeDamageUp\"><color=#e30000><u><link=\"CrimsonTakeDamageUp\">Уязвимость к Гневу</link></u></color> на следующий ход"
                }
              ]
            }
          ]
        }
      ]
    },
    {
      "id": 816104,
      "levelList": [
        {
          "level": 1,
          "name": "Контратака",
          "desc": "[WhenUse] Сила монет +2 против целей с 5 и более <sprite name=\"Combustion\"><color=#e30000><u><link=\"Combustion\">Изжоги</link></u></color>\n[WhenUse] Если у цели 6 и более <sprite name=\"Combustion\"><color=#e30000><u><link=\"Combustion\">Изжоги</link></u></color>, повторно использует атаку (До 2 раз)",
          "coinlist": [
            {
              "coindescs": [
                {
                  "desc": "[OnSucceedAttack] Получает 10 <sprite name=\"AttackDmgUp_Weak\"><color=#f8c200><u><link=\"AttackDmgUp_Weak\">Повышений урона по уязвимости</link></u></color> на следующий ход"
                }
              ]
            }
          ]
        }
      ]
    },
    {
      "id": 816601,
      "levelList": [
        {
          "level": 1,
          "name": "Касание ран",
          "desc": "",
          "coinlist": [
            {
              "coindescs": [
                {
                  "desc": "[OnSucceedAttack] Наносит 4 <sprite name=\"Laceration\"><color=#e30000><u><link=\"Laceration\">Кетчупа</link></u></color>"
                },
                {
                  "desc": "[OnSucceedAttackHead] Повышает счетчик <sprite name=\"Laceration\"><color=#e30000><u><link=\"Laceration\">Кетчупа</link></u></color> на 1"
                }
              ]
            },
            {
              "coindescs": [
                {
                  "desc": "[OnSucceedAttack] Наносит 4 <sprite name=\"Laceration\"><color=#e30000><u><link=\"Laceration\">Кетчупа</link></u></color>"
                },
                {
                  "desc": "[OnSucceedAttackHead] Повышает счетчик <sprite name=\"Laceration\"><color=#e30000><u><link=\"Laceration\">Кетчупа</link></u></color> на 2"
                }
              ]
            }
          ]
        }
      ]
    },
    {
      "id": 816602,
      "levelList": [
        {
          "level": 1,
          "name": "Разбитое сердце",
          "desc": "[WinDuel] Получает 3 <sprite name=\"DefenseUp\"><color=#f8c200><u><link=\"DefenseUp\">Повышения уровня защиты</link></u></color> на следующий ход",
          "coinlist": [
            {
              "coindescs": [
                {
                  "desc": "[OnSucceedAttack] Наносит 2 <sprite name=\"DefenseDown\"><color=#e30000><u><link=\"DefenseDown\">Понижения уровня защиты</link></u></color> на следующий ход"
                },
                {
                  "desc": "[OnSucceedAttackHead] Наносит 4 <sprite name=\"Laceration\"><color=#e30000><u><link=\"Laceration\">Кетчупа</link></u></color>"
                }
              ]
            },
            {
              "coindescs": [
                {
                  "desc": "[OnSucceedAttack] Наносит 2 <sprite name=\"DefenseDown\"><color=#e30000><u><link=\"DefenseDown\">Понижения уровня защиты</link></u></color> на следующий ход"
                },
                {
                  "desc": "[OnSucceedAttackHead] Повышает счетчик <sprite name=\"Laceration\"><color=#e30000><u><link=\"Laceration\">Кетчупа</link></u></color> на 3"
                }
              ]
            }
          ]
        }
      ]
    },
    {
      "id": 816603,
      "levelList": [
        {
          "level": 1,
          "name": "Разорение, стенания и скорбь",
          "desc": "[CantDuel]",
          "coinlist": [
            {
              "coindescs": [
                {
                  "desc": "[OnSucceedAttack] Наносит 1 <sprite name=\"Vulnerable\"><color=#e30000><u><link=\"Vulnerable\">Уязвимость</link></u></color>"
                }
              ]
            },
            {
              "coindescs": [
                {
                  "desc": "[OnSucceedAttack] Получает 1 <sprite name=\"Enhancement\"><color=#f8c200><u><link=\"Enhancement\">Повышение силы атаки</link></u></color> на следующий ход"
                },
                {
                  "desc": "[EnemyKill] Получает 2 <sprite name=\"Enhancement\"><color=#f8c200><u><link=\"Enhancement\">Повышения силы атаки</link></u></color> на следующий ход"
                }
              ]
            }
          ]
        }
      ]
    },
    {
      "id": 816604,
      "levelList": [
        {
          "level": 1,
          "name": "Недостойный речи",
          "desc": "[WhenUse] Сила в столкновении +1 против целей с 8 и более <sprite name=\"Laceration\"><color=#e30000><u><link=\"Laceration\">Кетчупа</link></u></color>",
          "coinlist": [
            {
              "coindescs": [
                {
                  "desc": "[OnSucceedAttackHead] Если у цели 4 и более <sprite name=\"Laceration\"><color=#e30000><u><link=\"Laceration\">Кетчупа</link></u></color>, следующая монета наносит на 20% больше урона"
                }
              ]
            },
            {
              "coindescs": [
                {
                  "desc": "[OnSucceedAttack] Если на цели 3 и более отрицательных эффекта, заново подкидывает монету (Единожды)"
                }
              ]
            }
          ]
        }
      ]
    },
    {
      "id": 816605,
      "levelList": [
        {
          "level": 1,
          "name": "Мешок для тела",
          "desc": "[WhenUse] Базовая сила +1 за каждые 5 <sprite name=\"Laceration\"><color=#e30000><u><link=\"Laceration\">Кетчупа</link></u></color> на цели (До 3)\n[WhenUse] Сила в столкновении +1 за каждый отрицательный эффект на цели (До 2)\n[DefeatDuel] Получает 20 <sprite name=\"DefenseDown\"><color=#e30000><u><link=\"DefenseDown\">Понижений уровня защиты</link></u></color>\n[DefeatDuel] Получает 1 <sprite name=\"AaCfPcBf\"><color=#e30000><u><link=\"AaCfPcBf\">Оковы скорби</link></u></color>",
          "coinlist": [
            {
              "coindescs": [
                {
                  "desc": "[OnSucceedAttack] Наносит 1 <sprite name=\"DefenseDown\"><color=#e30000><u><link=\"DefenseDown\">Понижение уровня защиты</link></u></color>"
                },
                {
                  "desc": "[OnSucceedAttackHead] Если на цели 8 и более <sprite name=\"Laceration\"><color=#e30000><u><link=\"Laceration\">Кетчупа</link></u></color>, последняя монета наносит на 30% больше урона"
                }
              ]
            },
            {
              "coindescs": [
                {
                  "desc": "[OnSucceedAttack] Наносит 1 <sprite name=\"DefenseDown\"><color=#e30000><u><link=\"DefenseDown\">Понижение уровня защиты</link></u></color>"
                },
                {
                  "desc": "[OnSucceedAttackHead] Если на цели 8 и более <sprite name=\"Laceration\"><color=#e30000><u><link=\"Laceration\">Кетчупа</link></u></color>, последняя монета наносит на 30% больше урона"
                }
              ]
            },
            {
              "coindescs": [
                {
                  "desc": "[OnSucceedAttack] Наносит 1 <sprite name=\"DefenseDown\"><color=#e30000><u><link=\"DefenseDown\">Понижение уровня защиты</link></u></color>"
                },
                {
                  "desc": "[OnSucceedAttackHead] Если на цели 8 и более <sprite name=\"Laceration\"><color=#e30000><u><link=\"Laceration\">Кетчупа</link></u></color>, последняя монета наносит на 30% больше урона"
                }
              ]
            },
            {
              "coindescs": [
                {
                  "desc": "[OnSucceedAttack] Если все монеты выпали орлом, наносит 2 <sprite name=\"Vulnerable\"><color=#e30000><u><link=\"Vulnerable\">Уязвимости</link></u></color> на следующий ход"
                }
              ]
            }
          ]
        }
      ]
    },
    {
      "id": 816606,
      "levelList": [
        {
          "level": 1,
          "name": "Безумие неистового волка",
          "desc": "[WhenUse] Базовая сила +1 за каждые 5 <sprite name=\"Laceration\"><color=#e30000><u><link=\"Laceration\">Кетчупа</link></u></color> на цели (До 4)\n[WhenUse] Сила в столкновении +1 за каждый отрицательный эффект на цели (До 2)\n[DefeatDuel] Если на цели есть <sprite name=\"AaCfPcBg\"><color=#e30000><u><link=\"AaCfPcBg\">Объект гнева</link></u></color>, повышает свою границу выносливости на 100 в следующем ходу. Если нет границы выносливости, создает новую на уровне 0 HP",
          "coinlist": [
            {
              "coindescs": [
                {
                  "desc": "[OnSucceedAttack] Наносит 1 <sprite name=\"DefenseDown\"><color=#e30000><u><link=\"DefenseDown\">Понижение уровня защиты</link></u></color>"
                }
              ]
            },
            {
              "coindescs": [
                {
                  "desc": "[OnSucceedAttack] Наносит 1 <sprite name=\"DefenseDown\"><color=#e30000><u><link=\"DefenseDown\">Понижение уровня защиты</link></u></color>"
                }
              ]
            },
            {
              "coindescs": [
                {
                  "desc": "[OnSucceedAttack] Наносит 1 <sprite name=\"DefenseDown\"><color=#e30000><u><link=\"DefenseDown\">Понижение уровня защиты</link></u></color>"
                }
              ]
            },
            {
              "coindescs": [
                {
                  "desc": "[OnSucceedAttack] Если все монеты попали по цели, заново подкидывает монету (Единожды)"
                }
              ]
            }
          ]
        }
      ]
    },
    {
      "id": 816607,
      "levelList": [
        {
          "level": 1,
          "name": "Рефлекторная месть",
          "desc": "",
          "coinlist": [
            {
              "coindescs": [
                {
                  "desc": "[OnSucceedAttack] Наносит 2 <sprite name=\"Laceration\"><color=#e30000><u><link=\"Laceration\">Кетчупа</link></u></color>"
                }
              ]
            },
            {
              "coindescs": [
                {
                  "desc": "[OnSucceedAttack] Наносит 2 <sprite name=\"Laceration\"><color=#e30000><u><link=\"Laceration\">Кетчупа</link></u></color>"
                }
              ]
            }
          ]
        }
      ]
    },
    {
      "id": 817101,
      "levelList": [
        {
          "level": 1,
          "name": "Пометить нарушителя",
          "desc": "[WhenUse] Наносит 1 <sprite name=\"AaCfPcBb\"><color=#e30000><u><link=\"AaCfPcBb\">Метку дворецкого</link></u></color>",
          "coinlist": [
            {
              "coindescs": [
                {
                  "desc": "[OnSucceedAttack] Наносит 1 <sprite name=\"Binding\"><color=#e30000><u><link=\"Binding\">Понос</link></u></color> на следующий ход"
                }
              ]
            },
            {
              "coindescs": [
                {
                  "desc": "[OnSucceedAttack] Получает 1 <sprite name=\"DefenseUp\"><color=#f8c200><u><link=\"DefenseUp\">Повышение уровня защиты</link></u></color> на следующий ход"
                },
                {
                  "desc": "[OnSucceedAttack] Получает 2 <sprite name=\"Breath\"><color=#f8c200><u><link=\"Breath\">Кумара</link></u></color>"
                }
              ]
            }
          ]
        }
      ]
    },
    {
      "id": 817102,
      "levelList": [
        {
          "level": 1,
          "name": "Искусство приема 1: Охота",
          "desc": "[WhenUse] Если на цели есть <sprite name=\"AaCfPcBb\"><color=#e30000><u><link=\"AaCfPcBb\">Метка дворецкого</link></u></color>, Сила в столкновении +1\n[WinDuel] Получает 1 <sprite name=\"Agility\"><color=#f8c200><u><link=\"Agility\">Спешку</link></u></color> на следующий ход",
          "coinlist": [
            {
              "coindescs": [
                {
                  "desc": "[OnSucceedAttack] Наносит 1 <sprite name=\"Paralysis\"><color=#e30000><u><link=\"Paralysis\">Паралич</link></u></color> на следующий ход"
                },
                {
                  "desc": "[OnSucceedAttack] Получает 3 <sprite name=\"Breath\"><color=#f8c200><u><link=\"Breath\">Кумара</link></u></color>"
                }
              ]
            },
            {
              "coindescs": [
                {
                  "desc": "[OnSucceedAttack] Получает 1 <sprite name=\"AttackUp\"><color=#f8c200><u><link=\"AttackUp\">Повышение уровня атаки</link></u></color> на следующий ход"
                },
                {
                  "desc": "[OnSucceedAttack] Наносит 1 <sprite name=\"AaCfPcBb\"><color=#e30000><u><link=\"AaCfPcBb\">Метку дворецкого</link></u></color>"
                }
              ]
            }
          ]
        }
      ]
    },
    {
      "id": 817103,
      "levelList": [
        {
          "level": 1,
          "name": "Обратное искусство приема 1: Охота",
          "desc": "[WhenUse] Если на цели есть <sprite name=\"AaCfPcBb\"><color=#e30000><u><link=\"AaCfPcBb\">Метка дворецкого</link></u></color>, Сила в столкновении +1\n[WinDuel] Получает 1 <sprite name=\"Agility\"><color=#f8c200><u><link=\"Agility\">Спешку</link></u></color> на следующий ход",
          "coinlist": [
            {
              "coindescs": [
                {
                  "desc": "[OnSucceedAttack] Наносит 1 <sprite name=\"Binding\"><color=#e30000><u><link=\"Binding\">Понос</link></u></color> на следующий ход"
                },
                {
                  "desc": "[OnSucceedAttack] Повышает свой счетчик <sprite name=\"Breath\"><color=#f8c200><u><link=\"Breath\">Кумара</link></u></color> на 2"
                }
              ]
            },
            {
              "coindescs": [
                {
                  "desc": "[OnSucceedAttack] Получает 1 <sprite name=\"DefenseUp\"><color=#f8c200><u><link=\"DefenseUp\">Повышение уровня защиты</link></u></color> на следующий ход"
                },
                {
                  "desc": "[OnSucceedAttack] Наносит 1 <sprite name=\"AaCfPcBb\"><color=#e30000><u><link=\"AaCfPcBb\">Метку дворецкого</link></u></color>"
                }
              ]
            }
          ]
        }
      ]
    },
    {
      "id": 817104,
      "levelList": [
        {
          "level": 1,
          "name": "Подавить нарушителя",
          "desc": "[WhenUse] Если скорость выше скорости цели, Сила в столкновении +2",
          "coinlist": [
            {
              "coindescs": [
                {
                  "desc": "[OnSucceedAttack] Наносит 1 <sprite name=\"Vulnerable\"><color=#e30000><u><link=\"Vulnerable\">Уязвимость</link></u></color>"
                }
              ]
            },
            {
              "coindescs": [
                {
                  "desc": "[OnSucceedAttack] Наносит 2 <sprite name=\"Binding\"><color=#e30000><u><link=\"Binding\">Поноса</link></u></color> на следующий ход"
                }
              ]
            },
            {
              "coindescs": [
                {
                  "desc": "[OnSucceedAttack] Наносит 2 <sprite name=\"DefenseDown\"><color=#e30000><u><link=\"DefenseDown\">Понижения уровня защиты</link></u></color> на следующий ход"
                },
                {
                  "desc": "[OnSucceedAttack] Если на цели 3 и более отрицательных эффекта, заново подкидывает монету (Единожды)"
                }
              ]
            }
          ]
        }
      ]
    },
    {
      "id": 817105,
      "levelList": [
        {
          "level": 1,
          "name": "Искусство приема 2: Крушение",
          "desc": "[WhenUse] Если у цели есть <sprite name=\"AaCfPcBb\"><color=#e30000><u><link=\"AaCfPcBb\">Метка дворецкого</link></u></color>, Сила в столкновении +10",
          "coinlist": [
            {
              "coindescs": [
                {
                  "desc": "[OnSucceedAttack] Если у цели нет границы выносливости, наносит 200 урона HP"
                },
                {
                  "desc": "[OnSucceedAttack] Повышает границу выносливости на 200"
                }
              ]
            }
          ]
        }
      ]
    },
    {
      "id": 817106,
      "levelList": [
        {
          "level": 1,
          "name": "Этика приема гостей, 7-ая церемония: Захват",
          "desc": "[StartBattle] Получает Вес атаки в количестве противников с <sprite name=\"AaCfPcBb\"><color=#e30000><u><link=\"AaCfPcBb\">Меткой дворецкого</link></u></color>\n[WhenUse] Если скорость выше скорости главной цели на 3 и более, наносит 2 <sprite name=\"SlashResistDown\"><color=#e30000><u><link=\"SlashResistDown\">Понижения сопротивления к Рубящему урону</link></u></color>\n[WhenUse] Если на цели есть <sprite name=\"AaCfPcBb\"><color=#e30000><u><link=\"AaCfPcBb\">Метка дворецкого</link></u></color>, Сила в столкновении +8\n[EndBattle] Все <sprite name=\"AaCfPcBb\"><color=#e30000><u><link=\"AaCfPcBb\">Метки дворецкого</link></u></color> истекают",
          "coinlist": [
            {
              "coindescs": [
                {
                  "desc": "[OnSucceedAttack] Получает 3 <sprite name=\"Breath\"><color=#f8c200><u><link=\"Breath\">Кумара</link></u></color>"
                }
              ]
            },
            {
              "coindescs": [
                {
                  "desc": "[OnSucceedAttack] Повышает свой счетчик <sprite name=\"Breath\"><color=#f8c200><u><link=\"Breath\">Кумара</link></u></color> на 2"
                }
              ]
            },
            {
              "coindescs": [
                {
                  "desc": "[OnSucceedAttack] Наносит 2 <sprite name=\"Binding\"><color=#e30000><u><link=\"Binding\">Поноса</link></u></color> на следующий ход"
                },
                {
                  "desc": "[OnSucceedAttack] Наносит 2 <sprite name=\"Paralysis\"><color=#e30000><u><link=\"Paralysis\">Паралича</link></u></color> на следующий ход"
                }
              ]
            },
            {
              "coindescs": [
                {
                  "desc": "[OnSucceedAttack] Получает 1 <sprite name=\"Agility\"><color=#f8c200><u><link=\"Agility\">Спешку</link></u></color> на следующий ход"
                },
                {
                  "desc": "[OnSucceedAttack] Если на цели 4 и более отрицательных эффекта, наносит 30% от нанесенного дополнительным Рубящим уроном"
                }
              ]
            }
          ]
        }
      ]
    },
    {
      "id": 817107,
      "levelList": [
        {
          "level": 1,
          "name": "Задержание нарушителя",
          "desc": "Выбирает цели с <sprite name=\"AaCfPcBc\"><color=#e30000><u><link=\"AaCfPcBc\">Техникой Поноса</link></u></color>\n[DefeatDuel] Если у цели есть <sprite name=\"AaCfPcBc\"><color=#e30000><u><link=\"AaCfPcBc\">Техника Поноса</link></u></color>, она исчезает",
          "coinlist": [
            {
              "coindescs": [
                {
                  "desc": "[OnSucceedAttack] Наносит 5 <sprite name=\"Laceration\"><color=#e30000><u><link=\"Laceration\">Кетчупа</link></u></color>"
                },
                {
                  "desc": "[OnSucceedAttack] Наносит 6 <sprite name=\"DefenseDown\"><color=#e30000><u><link=\"DefenseDown\">Понижений уровня защиты</link></u></color> на следующий ход"
                },
                {
                  "desc": "[OnSucceedAttack] Если скорость выше скорости цели на 3 и более, заново подкидывает монету (Единожды)"
                }
              ]
            }
          ]
        }
      ]
    },
    {
      "id": 817108,
      "levelList": [
        {
          "level": 1,
          "name": "Этика приема гостей, 3-я церемония: Понос",
          "desc": "[WhenUse] Если у цели есть <sprite name=\"AaCfPcBc\"><color=#e30000><u><link=\"AaCfPcBc\">Техника Поноса</link></u></color>, Базовая сила +5\n[WhenUse] Если у цели есть <sprite name=\"AaCfPcBc\"><color=#e30000><u><link=\"AaCfPcBc\">Техника Поноса</link></u></color>, наносит 1 <sprite name=\"AaCfPcBc\"><color=#e30000><u><link=\"AaCfPcBc\">Технику Поноса</link></u></color>",
          "coinlist": [
            {
              "coindescs": [
                {
                  "desc": "[OnSucceedAttack] Наносит 1 <sprite name=\"Vulnerable\"><color=#e30000><u><link=\"Vulnerable\">Уязвимость</link></u></color>"
                },
                {
                  "desc": "[OnSucceedAttack] Получает 3 <sprite name=\"Breath\"><color=#f8c200><u><link=\"Breath\">Кумара</link></u></color>"
                }
              ]
            },
            {
              "coindescs": [
                {
                  "desc": "[OnSucceedAttack] Наносит 1 <sprite name=\"Vulnerable\"><color=#e30000><u><link=\"Vulnerable\">Уязвимость</link></u></color>"
                },
                {
                  "desc": "[OnSucceedAttack] Повышает свой счетчик <sprite name=\"Breath\"><color=#f8c200><u><link=\"Breath\">Кумара</link></u></color> на 2"
                }
              ]
            },
            {
              "coindescs": [
                {
                  "desc": "[OnSucceedAttack] Наносит 2 <sprite name=\"Binding\"><color=#e30000><u><link=\"Binding\">Поноса</link></u></color> на следующий ход"
                }
              ]
            },
            {
              "coindescs": [
                {
                  "desc": "[OnSucceedAttack] Наносит 3 <sprite name=\"DefenseDown\"><color=#e30000><u><link=\"DefenseDown\">Понижения уровня защиты</link></u></color> на следующий ход"
                },
                {
                  "desc": "[OnSucceedAttack] Если на цели 3 и более отрицательных эффекта, заново подкидывает монету (Единожды)"
                }
              ]
            }
          ]
        }
      ]
    },
    {
      "id": 817109,
      "levelList": [
        {
          "level": 1,
          "name": "Уворот",
          "desc": "[OnSucceedEvade] Восстанавливает 5 SP\n[OnSucceedEvade] Получает дополнительный слот навыков только на следующий ход. (Только 1 раз)",
          "coinlist": [
            {
              "coindescs": [
                {
                  "desc": ""
                }
              ]
            }
          ]
        }
      ]
    },
    {
      "id": 817110,
      "levelList": [
        {
          "level": 1,
          "name": "Этика приема гостей, 9-я церемония: Растворение",
          "desc": "Нацеливается на противника с <sprite name=\"AaCfPcBc\"><color=#e30000><u><link=\"AaCfPcBc\">Техникой Поноса</link></u></color>\nЕсли на цели есть <sprite name=\"AaCfPcBc\"><color=#e30000><u><link=\"AaCfPcBc\">Техника Поноса</link></u></color>, Базовая сила +10\nЕсли на цели нет <sprite name=\"AaCfPcBc\"><color=#e30000><u><link=\"AaCfPcBc\">Техники Поноса</link></u></color>, не наносит урона",
          "coinlist": [
            {
              "coindescs": [
                {
                  "desc": "[OnSucceedAttack] Оглушает цель"
                }
              ]
            }
          ]
        }
      ]
    },
    {
      "id": 817201,
      "levelList": [
        {
          "level": 1,
          "name": "Слитый клинок разрушенных зеркальных миров",
          "desc": "",
          "coinlist": [
            {
              "coindescs": [
                {
                  "desc": "[OnSucceedAttack] Наносит 3 <sprite name=\"Sinking\"><color=#e30000><u><link=\"Sinking\">Депрессии</link></u></color> и повышает его счетчик на 3"
                }
              ]
            }
          ]
        }
      ]
    },
    {
      "id": 817202,
      "levelList": [
        {
          "level": 1,
          "name": "Избиение",
          "desc": "[WinDuel] Получает 1 <sprite name=\"Enhancement\"><color=#f8c200><u><link=\"Enhancement\">Повышение силы атаки</link></u></color> и 1 <sprite name=\"AttackDmgUp\"><color=#f8c200><u><link=\"AttackDmgUp\">Повышение урона</link></u></color> на следующий ход",
          "coinlist": [
            {
              "coindescs": [
                {
                  "desc": "[OnSucceedAttack] Наносит 3 <sprite name=\"Sinking\"><color=#e30000><u><link=\"Sinking\">Депрессии</link></u></color> и повышает его счетчик на 3"
                }
              ]
            },
            {
              "coindescs": [
                {
                  "desc": "[OnSucceedAttack] Наносит 3 <sprite name=\"Laceration\"><color=#e30000><u><link=\"Laceration\">Кетчупа</link></u></color>"
                },
                {
                  "desc": "[OnSucceedAttack] Наносит <sprite name=\"Laceration\"><color=#e30000><u><link=\"Laceration\">Кетчуп</link></u></color> в количестве <sprite name=\"Sinking\"><color=#e30000><u><link=\"Sinking\">Депрессии</link></u></color> на цели"
                }
              ]
            }
          ]
        }
      ]
    },
    {
      "id": 817203,
      "levelList": [
        {
          "level": 1,
          "name": "Сведение счетов",
          "desc": "Сила в столкновении +1 против целей с 5 и более <sprite name=\"Sinking\"><color=#e30000><u><link=\"Sinking\">Депрессии</link></u></color>\nСила в столкновении +1 против целей с 5 и более <sprite name=\"Laceration\"><color=#e30000><u><link=\"Laceration\">Кетчупа</link></u></color>\n[WinDuel] Повышает счетчик <sprite name=\"Sinking\"><color=#e30000><u><link=\"Sinking\">Депрессии</link></u></color> на 3",
          "coinlist": [
            {
              "coindescs": [
                {
                  "desc": "[OnSucceedAttackHead] Следующая монета получает +1 к своей силе"
                }
              ]
            },
            {
              "coindescs": [
                {
                  "desc": "[OnSucceedAttackHead] Следующая монета получает +2 к своей силе"
                }
              ]
            },
            {
              "coindescs": [
                {
                  "desc": "[OnSucceedAttack] Наносит 8 <sprite name=\"Laceration\"><color=#e30000><u><link=\"Laceration\">Кетчупа</link></u></color>"
                }
              ]
            }
          ]
        }
      ]
    },
    {
      "id": 817204,
      "levelList": [
        {
          "level": 1,
          "name": "Возвращенное кошмарное отмщение",
          "desc": "[CantChangeTarget]\n[WhenUse] Если у цели нет <sprite name=\"AaCfPbBa\"><color=#9f6a3a><u><link=\"AaCfPbBa\">Взрывного Уныния</link></u></color>, Сила столкновения +10\n[DefeatDuel] Получает 3 <sprite name=\"Vulnerable\"><color=#e30000><u><link=\"Vulnerable\">Уязвимости</link></u></color> на следующий ход",
          "coinlist": [
            {
              "coindescs": [
                {
                  "desc": "[OnSucceedAttack] Наносит 3 <sprite name=\"Paralysis\"><color=#e30000><u><link=\"Paralysis\">Паралича</link></u></color> на следующий ход"
                },
                {
                  "desc": "[OnSucceedAttack] Наносит 8 <sprite name=\"Sinking\"><color=#e30000><u><link=\"Sinking\">Депрессии</link></u></color>"
                }
              ]
            }
          ]
        }
      ]
    },
    {
      "id": 817205,
      "levelList": [
        {
          "level": 1,
          "name": "Скачи к смерти, Дуллахан",
          "desc": "[CantDuel]\n[WhenUse] Если у цели есть <sprite name=\"AaCfPbBb\"><color=#9f6a3a><u><link=\"AaCfPbBb\">Взрывная Зависть</link></u></color>, наносит на 100% меньше урона",
          "coinlist": [
            {},
            {
              "coindescs": [
                {
                  "desc": "[OnSucceedAttack] Наносит 5 <sprite name=\"Sinking\"><color=#e30000><u><link=\"Sinking\">Депрессии</link></u></color>"
                }
              ]
            },
            {
              "coindescs": [
                {
                  "desc": "[OnSucceedAttack] Повышает счетчик <sprite name=\"Sinking\"><color=#e30000><u><link=\"Sinking\">Депрессии</link></u></color> на 3"
                }
              ]
            }
          ]
        }
      ]
    },
    {
      "id": 817206,
      "levelList": [
        {
          "level": 1,
          "name": "Дикая охота опустошения",
          "desc": "[CantDuel]\n[WhenUse] Если у цели есть <sprite name=\"AaCfPbBc\"><color=#9f6a3a><u><link=\"AaCfPbBc\">Взрывной Гнев</link></u></color>, на 100% меньше урона\n[WhenUse] Наносит на 25% больше урона за каждого выжившего союзника",
          "coinlist": [
            {}
          ]
        }
      ]
    },
    {
      "id": 817207,
      "levelList": [
        {
          "level": 1,
          "name": "Стойкость",
          "desc": "[WhenUse] Получает 1 <sprite name=\"Enhancement\"><color=#f8c200><u><link=\"Enhancement\">Повышение силы атаки</link></u></color> на следующий ход (Единожды за ход)",
          "coinlist": [
            {}
          ]
        }
      ]
    },
    {
      "id": 817208,
      "levelList": [
        {
          "level": 1,
          "name": "Осколок стекла рыдающей скорби",
          "desc": "[WhenUse] Получает 1 <sprite name=\"Enhancement\"><color=#f8c200><u><link=\"Enhancement\">Повышение силы атаки</link></u></color> на следующий ход",
          "coinlist": [
            {
              "coindescs": [
                {
                  "desc": "[OnSucceedAttack] Наносит 3 <sprite name=\"Sinking\"><color=#e30000><u><link=\"Sinking\">Депрессии</link></u></color>"
                },
                {
                  "desc": "[OnSucceedAttack] Наносит 3 <sprite name=\"Laceration\"><color=#e30000><u><link=\"Laceration\">Кетчупа</link></u></color>"
                }
              ]
            }
          ]
        }
      ]
    },
    {
      "id": 817301,
      "levelList": [
        {
          "level": 1,
          "name": "Рассекающий удар двуручным мечом",
          "desc": "",
          "coinlist": [
            {
              "coindescs": [
                {
                  "desc": "[OnSucceedAttack] Повышает счетчик <sprite name=\"Sinking\"><color=#e30000><u><link=\"Sinking\">Депрессии</link></u></color> на 3"
                }
              ]
            }
          ]
        }
      ]
    },
    {
      "id": 817302,
      "levelList": [
        {
          "level": 1,
          "name": "Избиение",
          "desc": "[WinDuel] Получает 1 <sprite name=\"Enhancement\"><color=#f8c200><u><link=\"Enhancement\">Повышение силы атаки</link></u></color> и 1 <sprite name=\"AttackDmgUp\"><color=#f8c200><u><link=\"AttackDmgUp\">Повышение урона</link></u></color> на следующий ход",
          "coinlist": [
            {
              "coindescs": [
                {
                  "desc": "[OnSucceedAttack] Наносит 3 <sprite name=\"Sinking\"><color=#e30000><u><link=\"Sinking\">Депрессии</link></u></color> и повышает его счетчик на 3"
                }
              ]
            },
            {
              "coindescs": [
                {
                  "desc": "[OnSucceedAttack] Наносит 3 <sprite name=\"Laceration\"><color=#e30000><u><link=\"Laceration\">Кетчупа</link></u></color>"
                }
              ]
            },
            {
              "coindescs": [
                {
                  "desc": "[OnSucceedAttack] Наносит <sprite name=\"Laceration\"><color=#e30000><u><link=\"Laceration\">Кетчуп</link></u></color> в количестве <sprite name=\"Sinking\"><color=#e30000><u><link=\"Sinking\">Депрессии</link></u></color> на цели"
                }
              ]
            }
          ]
        }
      ]
    },
    {
      "id": 817303,
      "levelList": [
        {
          "level": 1,
          "name": "Внемли зову, Грозовой перевал",
          "desc": "[CantDuel]\n[WhenUse] Призывает союзника <sprite name=\"WildHunt\"><color=#f8c200><u><link=\"WildHunt\">Дикой охоты</link></u></color> в следующем ходу",
          "coinlist": [
            {
              "coindescs": [
                {
                  "desc": ""
                }
              ]
            }
          ]
        }
      ]
    },
    {
      "id": 817304,
      "levelList": [
        {
          "level": 1,
          "name": "Запихнем тебя в этот гроб",
          "desc": "[CantDuel]\n[StartBattle] +100% к повышению границы выносливости от <sprite name=\"VibrationExplosion\"><color=#e30000><u><link=\"VibrationExplosion\">Потрясения сучки</link></u></color> и других эффектов, повышающих ее\n[WhenUse] Эрлкинг Хитклиф и все его союзники получают 3 <sprite name=\"Enhancement\"><color=#f8c200><u><link=\"Enhancement\">Повышения силы атаки</link></u></color> и 3 <sprite name=\"AttackDmgUp\"><color=#f8c200><u><link=\"AttackDmgUp\">Повышения урона</link></u></color> на следующий ход",
          "coinlist": [
            {
              "coindescs": [
                {
                  "desc": ""
                }
              ]
            }
          ]
        }
      ]
    },
    {
      "id": 817305,
      "levelList": [
        {
          "level": 1,
          "name": "Обезглавить Хитклифов",
          "desc": "",
          "coinlist": [
            {
              "coindescs": [
                {
                  "desc": "[OnSucceedAttack] Наносит 3 <sprite name=\"Paralysis\"><color=#e30000><u><link=\"Paralysis\">Паралича</link></u></color> на следующий ход"
                },
                {
                  "desc": "[OnSucceedAttack] Наносит 8 <sprite name=\"Laceration\"><color=#e30000><u><link=\"Laceration\">Кетчупа</link></u></color>"
                }
              ]
            }
          ]
        }
      ]
    },
    {
      "id": 817306,
      "levelList": [
        {
          "level": 1,
          "name": "Полая гробовая булава",
          "desc": "Сила в столкновении +1 против целей с 5 и более <sprite name=\"Sinking\"><color=#e30000><u><link=\"Sinking\">Депрессии</link></u></color>\nСила в столкновении +1 против целей с 5 и более <sprite name=\"Laceration\"><color=#e30000><u><link=\"Laceration\">Кетчупа</link></u></color>\n[WinDuel] Повышает счетчик <sprite name=\"Sinking\"><color=#e30000><u><link=\"Sinking\">Депрессии</link></u></color> на 3",
          "coinlist": [
            {
              "coindescs": [
                {
                  "desc": "[OnSucceedAttackHead] Следующая монета получает +2 к своей силе"
                }
              ]
            }
          ]
        }
      ]
    },
    {
      "id": 817307,
      "levelList": [
        {
          "level": 1,
          "name": "Скачи к смерти, Дуллахан",
          "desc": "",
          "coinlist": [
            {},
            {
              "coindescs": [
                {
                  "desc": "Наносит 5 <sprite name=\"Sinking\"><color=#e30000><u><link=\"Sinking\">Депрессии</link></u></color>"
                }
              ]
            },
            {
              "coindescs": [
                {
                  "desc": "Повышает счетчик <sprite name=\"Sinking\"><color=#e30000><u><link=\"Sinking\">Депрессии</link></u></color> на 5"
                }
              ]
            }
          ]
        }
      ]
    },
    {
      "id": 817308,
      "levelList": [
        {
          "level": 1,
          "name": "Стойкость",
          "desc": "[WhenUse] Получает 1 <sprite name=\"Enhancement\"><color=#f8c200><u><link=\"Enhancement\">Повышение силы атаки</link></u></color> на следующий ход",
          "coinlist": [
            {
              "coindescs": [
                {
                  "desc": ""
                }
              ]
            }
          ]
        }
      ]
    },
    {
      "id": 817309,
      "levelList": [
        {
          "level": 1,
          "name": "Скорбь и плач по следам Эрлкинга",
          "desc": "",
          "coinlist": [
            {
              "coindescs": [
                {
                  "desc": "[OnSucceedAttack] Наносит 4 <sprite name=\"Sinking\"><color=#e30000><u><link=\"Sinking\">Депрессии</link></u></color> и 4 <sprite name=\"Laceration\"><color=#e30000><u><link=\"Laceration\">Кетчупа</link></u></color>"
                }
              ]
            },
            {
              "coindescs": [
                {
                  "desc": "[OnSucceedAttack] Повышает счетчик <sprite name=\"Sinking\"><color=#e30000><u><link=\"Sinking\">Депрессии</link></u></color> и <sprite name=\"Laceration\"><color=#e30000><u><link=\"Laceration\">Кетчупа</link></u></color> на 2"
                }
              ]
            },
            {
              "coindescs": [
                {
                  "desc": "[OnSucceedAttack] Наносит 4 <sprite name=\"Sinking\"><color=#e30000><u><link=\"Sinking\">Депрессии</link></u></color> и 4 <sprite name=\"Laceration\"><color=#e30000><u><link=\"Laceration\">Кетчупа</link></u></color>"
                }
              ]
            },
            {
              "coindescs": [
                {
                  "desc": "[OnSucceedAttack] Повышает счетчик <sprite name=\"Sinking\"><color=#e30000><u><link=\"Sinking\">Депрессии</link></u></color> и <sprite name=\"Laceration\"><color=#e30000><u><link=\"Laceration\">Кетчупа</link></u></color> на 2"
                }
              ]
            }
          ]
        }
      ]
    },
    {
      "id": 817310,
      "levelList": [
        {
          "level": 1,
          "name": "Каждый Хитклиф должен умереть...",
          "desc": "[CantChangeTarget]\n[CantDuel]\nНе может быть оглушен в течение этого хода",
          "coinlist": [
            {
              "coindescs": [
                {
                  "desc": "[OnSucceedAttack] Убивает Хитклифа"
                }
              ]
            }
          ]
        }
      ]
    },
    {
      "id": 817401,
      "levelList": [
        {
          "level": 1,
          "name": "Все бессмысленно",
          "desc": "",
          "coinlist": [
            {
              "coindescs": [
                {
                  "desc": ""
                }
              ]
            }
          ]
        }
      ]
    },
    {
      "id": 817402,
      "levelList": [
        {
          "level": 1,
          "name": "Ради мира без его страданий",
          "desc": "[CantDuel]\n[StartBattle] Накладывает 2 <sprite name=\"Vulnerable\"><color=#e30000><u><link=\"Vulnerable\">Уязвимости</link></u></color> и 2 <sprite name=\"Enhancement\"><color=#f8c200><u><link=\"Enhancement\">Повышения силы атаки</link></u></color> на всех других союзников\n[StartBattle] Получает 5 <sprite name=\"Binding\"><color=#e30000><u><link=\"Binding\">Связываний</link></u></color> и 5 <sprite name=\"AttackDmgUp\"><color=#f8c200><u><link=\"AttackDmgUp\">Повышений урона</link></u></color> на следующий ход",
          "coinlist": [
            {}
          ]
        }
      ]
    },
    {
      "id": 817403,
      "levelList": [
        {
          "level": 1,
          "name": "Каждая Кэтрин должна умереть",
          "desc": "[CantDuel]\nЕсли у всех Рук 1 HP, не наносит урона\n[StartBattle] Все Руки получают 2 <sprite name=\"Vulnerable\"><color=#e30000><u><link=\"Vulnerable\">Уязвимости</link></u></color> и 2 <sprite name=\"Enhancement\"><color=#f8c200><u><link=\"Enhancement\">Повышения силы атаки</link></u></color>\n[EndSkill] Получает 1 <sprite name=\"AaCfPcBn\"><color=#e30000><u><link=\"AaCfPcBn\">Разбивающееся сердце</link></u></color>",
          "coinlist": [
            {
              "coindescs": [
                {
                  "desc": "[OnSucceedAttack] Наносит 1 <sprite name=\"AaCfPcBn\"><color=#e30000><u><link=\"AaCfPcBn\">Разбивающееся сердце</link></u></color>"
                }
              ]
            }
          ]
        }
      ]
    },
    {
      "id": 817404,
      "levelList": [
        {
          "level": 1,
          "name": "Разбитое сердце",
          "desc": "[EndSkill] Получает 1 <sprite name=\"AaCfPcBn\"><color=#e30000><u><link=\"AaCfPcBn\">Разбивающееся сердце</link></u></color>",
          "coinlist": [
            {
              "coindescs": [
                {
                  "desc": "[OnSucceedAttack] Наносит урон в количестве 15% от максимальных HP цели"
                },
                {
                  "desc": "[OnSucceedAttack] Наносит 1 <sprite name=\"AaCfPcBn\"><color=#e30000><u><link=\"AaCfPcBn\">Разбивающееся сердце</link></u></color>"
                }
              ]
            }
          ]
        }
      ]
    },
    {
      "id": 819201,
      "levelList": [
        {
          "level": 1,
          "name": "Слезы скорби",
          "desc": "",
          "coinlist": [
            {
              "coindescs": [
                {
                  "desc": ""
                }
              ]
            }
          ]
        }
      ]
    },
    {
      "id": 819202,
      "levelList": [
        {
          "level": 1,
          "name": "Трагическая хватка",
          "desc": "",
          "coinlist": [
            {
              "coindescs": [
                {
                  "desc": "[OnSucceedAttack] Наносит 1 <sprite name=\"Binding\"><color=#e30000><u><link=\"Binding\">Понос</link></u></color> на следующий ход"
                }
              ]
            },
            {
              "coindescs": [
                {
                  "desc": "[OnSucceedAttack] Наносит 1 <sprite name=\"Binding\"><color=#e30000><u><link=\"Binding\">Понос</link></u></color> на следующий ход"
                }
              ]
            }
          ]
        }
      ]
    },
    {
      "id": 819203,
      "levelList": [
        {
          "level": 1,
          "name": "Хватка отчаяния",
          "desc": "",
          "coinlist": [
            {
              "coindescs": [
                {
                  "desc": "[OnSucceedAttack] Наносит 2 <sprite name=\"AttackDown\"><color=#e30000><u><link=\"AttackDown\">Понижения уровня атаки</link></u></color> на следующий ход"
                }
              ]
            },
            {
              "coindescs": [
                {
                  "desc": "[OnSucceedAttack] Наносит 1 <sprite name=\"AttackDown\"><color=#e30000><u><link=\"AttackDown\">Понижение уровня атаки</link></u></color> на следующий ход"
                }
              ]
            }
          ]
        }
      ]
    },
    {
      "id": 819204,
      "levelList": [
        {
          "level": 1,
          "name": "Бессмысленные корчи",
          "desc": "",
          "coinlist": [
            {
              "coindescs": [
                {
                  "desc": "[OnSucceedAttack] Наносит 3 <sprite name=\"Paralysis\"><color=#e30000><u><link=\"Paralysis\">Паралича</link></u></color> на следующий ход"
                }
              ]
            }
          ]
        }
      ]
    },
    {
      "id": 819205,
      "levelList": [
        {
          "level": 1,
          "name": "Остается лишь страдание...",
          "desc": "[DefeatDuel] Получает 1 <sprite name=\"AaCfPcBn\"><color=#e30000><u><link=\"AaCfPcBn\">Разбивающееся сердце</link></u></color>",
          "coinlist": [
            {
              "coindescs": [
                {
                  "desc": "[OnSucceedAttack] Наносит урон в количестве 15% от максимальных HP цели"
                }
              ]
            }
          ]
        }
      ]
    },
    {
      "id": 819206,
      "levelList": [
        {
          "level": 1,
          "name": "Неприкасаемая душа",
          "desc": "",
          "coinlist": [
            {
              "coindescs": [
                {
                  "desc": ""
                }
              ]
            }
          ]
        }
      ]
    },
    {
      "id": 817001,
      "levelList": [
        {
          "level": 1,
          "name": "Я уничто...",
          "desc": "Ядро и Часть восстанавливают 10% от нанесенного атакой урона",
          "coinlist": [
            {
              "coindescs": [
                {
                  "desc": "[OnSucceedAttack] Получает 1 <sprite name=\"AttackUp\"><color=#f8c200><u><link=\"AttackUp\">Повышение уровня атаки</link></u></color>"
                }
              ]
            },
            {
              "coindescs": [
                {
                  "desc": "[OnSucceedAttack] Получает 1 <sprite name=\"AttackUp\"><color=#f8c200><u><link=\"AttackUp\">Повышение уровня атаки</link></u></color>"
                },
                {
                  "desc": "[OnSucceedAttackHead] Получает 1 <sprite name=\"Agility\"><color=#f8c200><u><link=\"Agility\">Спешку</link></u></color> на следующий ход"
                }
              ]
            }
          ]
        }
      ]
    },
    {
      "id": 817002,
      "levelList": [
        {
          "level": 1,
          "name": "... Кровопийца",
          "desc": "Сила в столкновении +2, если скорость выше, чем у цели",
          "coinlist": [
            {
              "coindescs": [
                {
                  "desc": "[OnSucceedAttack] Наносит 4 <sprite name=\"Laceration\"><color=#e30000><u><link=\"Laceration\">Кетчупа</link></u></color> и повышает его счетчик на 2"
                }
              ]
            },
            {
              "coindescs": [
                {
                  "desc": "[OnSucceedAttack] Наносит 4 <sprite name=\"Laceration\"><color=#e30000><u><link=\"Laceration\">Кетчупа</link></u></color> и повышает его счетчик на 2"
                },
                {
                  "desc": "[OnSucceedAttack] Если скорость выше скорости цели на 3 и более, заново подкидывает монету (Единожды)"
                }
              ]
            }
          ]
        }
      ]
    },
    {
      "id": 817003,
      "levelList": [
        {
          "level": 1,
          "name": "Это мой...",
          "desc": "Нацеливается на противников с наименьшими HP\n[WhenUse] Сила в столкновении +2 против целей с HP ниже 70%",
          "coinlist": [
            {
              "coindescs": [
                {
                  "desc": "[OnSucceedAttack] Получает 1 <sprite name=\"Agility\"><color=#f8c200><u><link=\"Agility\">Спешку</link></u></color> на следующий ход"
                },
                {
                  "desc": "[OnSucceedAttack] Наносит 1 <sprite name=\"Vulnerable\"><color=#e30000><u><link=\"Vulnerable\">Уязвимость</link></u></color>"
                }
              ]
            },
            {
              "coindescs": [
                {
                  "desc": "[OnSucceedAttack] Наносит 5 <sprite name=\"Laceration\"><color=#e30000><u><link=\"Laceration\">Кетчупа</link></u></color> и повышает его счетчик на 2"
                }
              ]
            },
            {
              "coindescs": [
                {
                  "desc": "[OnSucceedAttack] Наносит 5 <sprite name=\"Laceration\"><color=#e30000><u><link=\"Laceration\">Кетчупа</link></u></color> и повышает его счетчик на 2"
                }
              ]
            },
            {
              "coindescs": [
                {
                  "desc": "[OnSucceedAttack] На 100% больше урона, если цель имеет 20 и более <sprite name=\"Laceration\"><color=#e30000><u><link=\"Laceration\">Кетчупа</link></u></color>"
                },
                {
                  "desc": "[EnemyKill] Заново использует атаку (Единожды)"
                }
              ]
            }
          ]
        }
      ]
    },
    {
      "id": 817004,
      "levelList": [
        {
          "level": 1,
          "name": "Поймаю...",
          "desc": "Нацеливается на Хитклифа\n[WhenUse] Базовая сила +3 против целей с самой низкой скоростью\n[WhenUse] <sprite name=\"AaCfPbBe\"><color=#e30000><u><link=\"AaCfPbBe\">Помечает добычей</link></u></color> цель; наносит 2 <sprite name=\"Vulnerable\"><color=#e30000><u><link=\"Vulnerable\">Уязвимости</link></u></color>, 3 <sprite name=\"Paralysis\"><color=#e30000><u><link=\"Paralysis\">Паралича</link></u></color> и 5 <sprite name=\"Binding\"><color=#e30000><u><link=\"Binding\">Связываний</link></u></color>",
          "coinlist": [
            {
              "coindescs": [
                {
                  "desc": "[OnSucceedAttack] Получает 1 <sprite name=\"AttackUp\"><color=#f8c200><u><link=\"AttackUp\">Повышение уровня атаки</link></u></color> на следующий ход"
                }
              ]
            },
            {
              "coindescs": [
                {
                  "desc": "[OnSucceedAttack] Получает 1 <sprite name=\"AttackUp\"><color=#f8c200><u><link=\"AttackUp\">Повышение уровня атаки</link></u></color> на следующий ход"
                }
              ]
            }
          ]
        }
      ]
    },
    {
      "id": 817005,
      "levelList": [
        {
          "level": 1,
          "name": "Назад...!!",
          "desc": "[CantDuel]",
          "coinlist": [
            {
              "coindescs": [
                {
                  "desc": "[OnSucceedAttackHead] Получает 2 <sprite name=\"AttackUp\"><color=#f8c200><u><link=\"AttackUp\">Повышения уровня атаки</link></u></color> на следующий ход"
                }
              ]
            },
            {
              "coindescs": [
                {
                  "desc": "[OnSucceedAttackHead] Получает 2 <sprite name=\"AttackUp\"><color=#f8c200><u><link=\"AttackUp\">Повышения уровня атаки</link></u></color> на следующий ход"
                }
              ]
            },
            {
              "coindescs": [
                {
                  "desc": "[OnSucceedAttackHead] Получает 2 <sprite name=\"AttackUp\"><color=#f8c200><u><link=\"AttackUp\">Повышения уровня атаки</link></u></color> на следующий ход"
                }
              ]
            },
            {
              "coindescs": [
                {
                  "desc": "[OnSucceedAttack] Если на цели 10 и более <sprite name=\"Laceration\"><color=#e30000><u><link=\"Laceration\">Кетчупа</link></u></color>, на 30% больше урона"
                },
                {
                  "desc": "[OnSucceedAttack] Если на цели 5 и более <sprite name=\"Laceration\"><color=#e30000><u><link=\"Laceration\">Кетчупа</link></u></color>, восстанавливает HP на 50% от нанесенного урона"
                }
              ]
            }
          ]
        }
      ]
    },
    {
      "id": 817006,
      "levelList": [
        {
          "level": 1,
          "name": "тле...",
          "desc": "Нацеливается на <sprite name=\"AaCfPbBe\"><color=#e30000><u><link=\"AaCfPbBe\">Помеченную добычу</link></u></color>\nЕсли скорость выше скорости цели на 3 и более, повторно использует атаку (Единожды)",
          "coinlist": [
            {
              "coindescs": [
                {
                  "desc": "[OnSucceedAttack] Восстанавливает HP Ядру и Части на 50% от нанесенного урона"
                }
              ]
            },
            {
              "coindescs": [
                {
                  "desc": "[OnSucceedAttack] Восстанавливает HP Ядру и Части на 50% от нанесенного урона"
                }
              ]
            }
          ]
        }
      ]
    },
    {
      "id": 817007,
      "levelList": [
        {
          "level": 1,
          "name": "Блок...",
          "desc": "Если остались HP щита к концу хода, получает 4 <sprite name=\"Protection\"><color=#f8c200><u><link=\"Protection\">Защищенности</link></u></color> на следующий ход",
          "coinlist": [
            {
              "coindescs": [
                {
                  "desc": ""
                }
              ]
            }
          ]
        }
      ]
    },
    {
      "id": 817008,
      "levelList": [
        {
          "level": 1,
          "name": "... де",
          "desc": "[OnSucceedEvade] Наносит 1 <sprite name=\"Binding\"><color=#e30000><u><link=\"Binding\">Понос</link></u></color> на следующий ход (До 2)",
          "coinlist": [
            {
              "coindescs": [
                {
                  "desc": ""
                }
              ]
            }
          ]
        }
      ]
    },
    {
      "id": 817009,
      "levelList": [
        {
          "level": 1,
          "name": "Это...!",
          "desc": "Сила монет +1, если скорость выше, чем у цели",
          "coinlist": [
            {
              "coindescs": [
                {
                  "desc": "[OnSucceedAttack] +30% урона цели с 10 и более <sprite name=\"Laceration\"><color=#e30000><u><link=\"Laceration\">Кетчупа</link></u></color>"
                }
              ]
            },
            {
              "coindescs": [
                {
                  "desc": "[OnSucceedAttack] +30% урона цели с 10 и более <sprite name=\"Laceration\"><color=#e30000><u><link=\"Laceration\">Кетчупа</link></u></color>"
                }
              ]
            },
            {
              "coindescs": [
                {
                  "desc": "[OnSucceedAttack] +30% урона цели с 10 и более <sprite name=\"Laceration\"><color=#e30000><u><link=\"Laceration\">Кетчупа</link></u></color>"
                }
              ]
            },
            {
              "coindescs": [
                {
                  "desc": "[OnSucceedAttack] +30% урона цели с 10 и более <sprite name=\"Laceration\"><color=#e30000><u><link=\"Laceration\">Кетчупа</link></u></color>"
                },
                {
                  "desc": "[OnSucceedAttack] Восстанавливает HP на 70% от нанесенного целям с 10 и более <sprite name=\"Laceration\"><color=#e30000><u><link=\"Laceration\">Кетчупа</link></u></color> урона"
                }
              ]
            }
          ]
        }
      ]
    }
  ]
}