﻿{
  "dataList": [
    {
      "id": 9011001,
      "levelList": [
        {
          "level": 1,
          "name": "Разрез",
          "desc": "",
          "coinlist": [
            {
              "coindescs": [
                {
                  "desc": "[OnSucceedAttack] Наносит 2 <sprite name=\"Laceration\"><color=#e30000><u><link=\"Laceration\">Кетчупа</link></u></color>"
                }
              ]
            },
            {
              "coindescs": [
                {
                  "desc": "[OnSucceedAttack] Наносит 2 <sprite name=\"Laceration\"><color=#e30000><u><link=\"Laceration\">Кетчупа</link></u></color>"
                }
              ]
            }
          ]
        }
      ]
    },
    {
      "id": 9011002,
      "levelList": [
        {
          "level": 1,
          "name": "Сосредоточенный удар",
          "desc": "Сила монет +1 против целей с 7 и более <sprite name=\"Laceration\"><color=#e30000><u><link=\"Laceration\">Кетчупа</link></u></color>\n[WinDuel] Получает 1 <sprite name=\"SlashDamageUp\"><color=#f8c200><u><link=\"SlashDamageUp\">Повышение Рубящего урона</link></u></color> на следующий ход",
          "coinlist": [
            {
              "coindescs": [
                {
                  "desc": "На 50% больше урона против целей с <sprite name=\"Laceration\"><color=#e30000><u><link=\"Laceration\">Кетчупом</link></u></color>"
                },
                {
                  "desc": "[OnSucceedAttack] Повышает счетчик <sprite name=\"Laceration\"><color=#e30000><u><link=\"Laceration\">Кетчупа</link></u></color> на 2"
                }
              ]
            }
          ]
        }
      ]
    },
    {
      "id": 9011003,
      "levelList": [
        {
          "level": 1,
          "name": "Облачный вихрь",
          "desc": "Сила монет +1 против целей с 5 и более <sprite name=\"Laceration\"><color=#e30000><u><link=\"Laceration\">Кетчупа</link></u></color>\n[WinDuel] Получает 1 <sprite name=\"SlashResultUp\"><color=#f8c200><u><link=\"SlashResultUp\">Повышение силы Рубящей атаки</link></u></color> на следующий ход",
          "coinlist": [
            {
              "coindescs": [
                {
                  "desc": "+20% урона целям с <sprite name=\"Laceration\"><color=#e30000><u><link=\"Laceration\">Кетчупом</link></u></color>"
                }
              ]
            },
            {
              "coindescs": [
                {
                  "desc": "+10% урона целям с <sprite name=\"Laceration\"><color=#e30000><u><link=\"Laceration\">Кетчупом</link></u></color>"
                }
              ]
            },
            {
              "coindescs": [
                {
                  "desc": "+40% урона целям с <sprite name=\"Laceration\"><color=#e30000><u><link=\"Laceration\">Кетчупом</link></u></color>"
                }
              ]
            }
          ]
        }
      ]
    },
    {
      "id": 9011004,
      "levelList": [
        {
          "level": 1,
          "name": "Уворот",
          "desc": "[OnSucceedEvade] Получает 1 <sprite name=\"SlashDamageUp\"><color=#f8c200><u><link=\"SlashDamageUp\">Повышение Рубящего урона</link></u></color> на следующий ход (Единожды за ход)",
          "coinlist": [
            {
              "coindescs": [
                {
                  "desc": ""
                }
              ]
            }
          ]
        }
      ]
    },
    {
      "id": 9011101,
      "levelList": [
        {
          "level": 1,
          "name": "Взмах",
          "desc": "",
          "coinlist": [
            {
              "coindescs": [
                {
                  "desc": "[OnSucceedAttack] Наносит 3 <sprite name=\"Laceration\"><color=#e30000><u><link=\"Laceration\">Кетчупа</link></u></color>"
                }
              ]
            }
          ]
        }
      ]
    },
    {
      "id": 9011102,
      "levelList": [
        {
          "level": 1,
          "name": "Разрубание",
          "desc": "",
          "coinlist": [
            {
              "coindescs": [
                {
                  "desc": "На 30% больше урона против целей с <sprite name=\"Laceration\"><color=#e30000><u><link=\"Laceration\">Кетчупом</link></u></color>"
                },
                {
                  "desc": "[OnSucceedAttack] Повышает счетчик <sprite name=\"Laceration\"><color=#e30000><u><link=\"Laceration\">Кетчупа</link></u></color> на 2"
                }
              ]
            }
          ]
        }
      ]
    },
    {
      "id": 9011103,
      "levelList": [
        {
          "level": 1,
          "name": "Острый клинок",
          "desc": "[WinDuel] Получает 1 <sprite name=\"SlashDamageUp\"><color=#f8c200><u><link=\"SlashDamageUp\">Повышение Рубящего урона</link></u></color> на следующий ход",
          "coinlist": [
            {
              "coindescs": [
                {
                  "desc": "+10% урона целям с <sprite name=\"Laceration\"><color=#e30000><u><link=\"Laceration\">Кетчупом</link></u></color>"
                }
              ]
            },
            {
              "coindescs": [
                {
                  "desc": "+10% урона целям с <sprite name=\"Laceration\"><color=#e30000><u><link=\"Laceration\">Кетчупом</link></u></color>"
                }
              ]
            },
            {
              "coindescs": [
                {
                  "desc": "+20% урона целям с <sprite name=\"Laceration\"><color=#e30000><u><link=\"Laceration\">Кетчупом</link></u></color>"
                }
              ]
            }
          ]
        }
      ]
    },
    {
      "id": 9011104,
      "levelList": [
        {
          "level": 1,
          "name": "Уворот",
          "desc": "[OnSucceedEvade] Получает 1 <sprite name=\"SlashDamageUp\"><color=#f8c200><u><link=\"SlashDamageUp\">Повышение Рубящего урона</link></u></color> на следующий ход (Раз за ход)",
          "coinlist": [
            {
              "coindescs": [
                {
                  "desc": ""
                }
              ]
            }
          ]
        }
      ]
    },
    {
      "id": 9011201,
      "levelList": [
        {
          "level": 1,
          "name": "Нисходящий разрез",
          "desc": "",
          "coinlist": [
            {
              "coindescs": [
                {
                  "desc": "[OnSucceedAttack] Наносит 3 <sprite name=\"Laceration\"><color=#e30000><u><link=\"Laceration\">Кетчупа</link></u></color>"
                }
              ]
            },
            {
              "coindescs": [
                {
                  "desc": "[OnSucceedAttack] Наносит 3 <sprite name=\"Laceration\"><color=#e30000><u><link=\"Laceration\">Кетчупа</link></u></color>"
                }
              ]
            }
          ]
        }
      ]
    },
    {
      "id": 9011202,
      "levelList": [
        {
          "level": 1,
          "name": "Обратный разрез",
          "desc": "[WinDuel] Наносит 1 <sprite name=\"Paralysis\"><color=#e30000><u><link=\"Paralysis\">Паралич</link></u></color> на следующий ход",
          "coinlist": [
            {
              "coindescs": [
                {
                  "desc": "[OnSucceedAttack] Наносит 5 <sprite name=\"Laceration\"><color=#e30000><u><link=\"Laceration\">Кетчупов</link></u></color>"
                }
              ]
            }
          ]
        }
      ]
    },
    {
      "id": 9011203,
      "levelList": [
        {
          "level": 1,
          "name": "Сосредоточенный удар",
          "desc": "[WinDuel] Получает 1 <sprite name=\"Protection\"><color=#f8c200><u><link=\"Protection\">Защищенность</link></u></color> на следующий ход",
          "coinlist": [
            {
              "coindescs": [
                {
                  "desc": "[OnSucceedAttack] Наносит 4 <sprite name=\"Laceration\"><color=#e30000><u><link=\"Laceration\">Кетчупа</link></u></color>"
                }
              ]
            },
            {
              "coindescs": [
                {
                  "desc": "[OnSucceedAttack] Наносит 4 <sprite name=\"Laceration\"><color=#e30000><u><link=\"Laceration\">Кетчупа</link></u></color>"
                }
              ]
            }
          ]
        }
      ]
    },
    {
      "id": 9011204,
      "levelList": [
        {
          "level": 1,
          "name": "Блок",
          "desc": "[StartBattle] Получает 1 <sprite name=\"Protection\"><color=#f8c200><u><link=\"Protection\">Защищенность</link></u></color>",
          "coinlist": [
            {
              "coindescs": [
                {
                  "desc": ""
                }
              ]
            }
          ]
        }
      ]
    },
    {
      "id": 9011301,
      "levelList": [
        {
          "level": 1,
          "name": "Пронзающий разрез",
          "desc": "",
          "coinlist": [
            {
              "coindescs": [
                {
                  "desc": "[OnSucceedAttack] Наносит 2 <sprite name=\"Laceration\"><color=#e30000><u><link=\"Laceration\">Кетчупа</link></u></color>"
                }
              ]
            },
            {
              "coindescs": [
                {
                  "desc": "[OnSucceedAttack] Наносит 2 <sprite name=\"Laceration\"><color=#e30000><u><link=\"Laceration\">Кетчупа</link></u></color>"
                }
              ]
            },
            {
              "coindescs": [
                {
                  "desc": "[OnSucceedAttack] Наносит 2 <sprite name=\"Laceration\"><color=#e30000><u><link=\"Laceration\">Кетчупа</link></u></color>"
                }
              ]
            }
          ]
        }
      ]
    },
    {
      "id": 9011302,
      "levelList": [
        {
          "level": 1,
          "name": "Режущий удар",
          "desc": "Сила монет +1 против целей с 7 и более <sprite name=\"Laceration\"><color=#e30000><u><link=\"Laceration\">Кетчупа</link></u></color>\n[WinDuel] Получает 1 <sprite name=\"Protection\"><color=#f8c200><u><link=\"Protection\">Защищенность</link></u></color> на следующий ход",
          "coinlist": [
            {
              "coindescs": [
                {
                  "desc": "[OnSucceedAttack] Повышает счетчик <sprite name=\"Laceration\"><color=#e30000><u><link=\"Laceration\">Кетчупа</link></u></color> на 3"
                },
                {
                  "desc": "[OnSucceedAttack] Наносит 1 <sprite name=\"Paralysis\"><color=#e30000><u><link=\"Paralysis\">Паралич</link></u></color> на следующий ход"
                }
              ]
            }
          ]
        }
      ]
    },
    {
      "id": 9011303,
      "levelList": [
        {
          "level": 1,
          "name": "Сосредоточенный удар",
          "desc": "Сила монет +1 против целей с 5 и более <sprite name=\"Laceration\"><color=#e30000><u><link=\"Laceration\">Кетчупа</link></u></color>\n[StartBattle] Получает 1 <sprite name=\"Protection\"><color=#f8c200><u><link=\"Protection\">Защищенность</link></u></color>\n[WinDuel] Получает 1 <sprite name=\"Protection\"><color=#f8c200><u><link=\"Protection\">Защищенность</link></u></color> на следующий ход",
          "coinlist": [
            {
              "coindescs": [
                {
                  "desc": "[OnSucceedAttack] Повышает счетчик <sprite name=\"Laceration\"><color=#e30000><u><link=\"Laceration\">Кетчупа</link></u></color> на 2"
                }
              ]
            },
            {
              "coindescs": [
                {
                  "desc": "[OnSucceedAttack] Повышает счетчик <sprite name=\"Laceration\"><color=#e30000><u><link=\"Laceration\">Кетчупа</link></u></color> на 2"
                }
              ]
            }
          ]
        }
      ]
    },
    {
      "id": 9011304,
      "levelList": [
        {
          "level": 1,
          "name": "Блок",
          "desc": "[StartBattle] Получает 2 <sprite name=\"Protection\"><color=#f8c200><u><link=\"Protection\">Защищенности</link></u></color>",
          "coinlist": [
            {
              "coindescs": [
                {
                  "desc": ""
                }
              ]
            }
          ]
        }
      ]
    },
    {
      "id": 9101301,
      "levelList": [
        {
          "level": 1,
          "name": "Чернильные облака",
          "desc": "[WhenUse] Наносит на 10% больше урона целям с 5 и более <sprite name=\"Laceration\"><color=#e30000><u><link=\"Laceration\">Кетчупа</link></u></color>",
          "coinlist": [
            {
              "coindescs": [
                {
                  "desc": "[OnSucceedAttack] Наносит 4 <sprite name=\"Laceration\"><color=#e30000><u><link=\"Laceration\">Кетчупа</link></u></color> и повышает его счетчик на 1"
                }
              ]
            },
            {
              "coindescs": [
                {
                  "desc": "[OnSucceedAttack] Наносит 4 <sprite name=\"Laceration\"><color=#e30000><u><link=\"Laceration\">Кетчупа</link></u></color> и повышает его счетчик на 1"
                }
              ]
            }
          ]
        }
      ]
    },
    {
      "id": 9101302,
      "levelList": [
        {
          "level": 1,
          "name": "Чистка",
          "desc": "Сила монет +1 против целей с 5 и более <sprite name=\"Laceration\"><color=#e30000><u><link=\"Laceration\">Кетчупа</link></u></color>",
          "coinlist": [
            {
              "coindescs": [
                {
                  "desc": "[OnSucceedAttack] Наносит 1 <sprite name=\"SlashTakeDamageUp\"><color=#e30000><u><link=\"SlashTakeDamageUp\">Уязвимость к Рубящему урону</link></u></color>"
                },
                {
                  "desc": "[OnSucceedAttackHead] Наносит 1 <sprite name=\"Laceration\"><color=#e30000><u><link=\"Laceration\">Кетчуп</link></u></color>"
                }
              ]
            },
            {
              "coindescs": [
                {
                  "desc": "[OnSucceedAttack] Наносит 1 <sprite name=\"SlashTakeDamageUp\"><color=#e30000><u><link=\"SlashTakeDamageUp\">Уязвимость к Рубящему урону</link></u></color>"
                },
                {
                  "desc": "[OnSucceedAttackHead] Наносит 1 <sprite name=\"Laceration\"><color=#e30000><u><link=\"Laceration\">Кетчуп</link></u></color>"
                }
              ]
            }
          ]
        }
      ]
    },
    {
      "id": 9101303,
      "levelList": [
        {
          "level": 1,
          "name": "Облачный разрез",
          "desc": "Сила монет +1 против целей с 5 и более <sprite name=\"Laceration\"><color=#e30000><u><link=\"Laceration\">Кетчупа</link></u></color>",
          "coinlist": [
            {
              "coindescs": [
                {
                  "desc": "[OnSucceedAttack] Наносит 1 <sprite name=\"Paralysis\"><color=#e30000><u><link=\"Paralysis\">Паралич</link></u></color> на следующий ход"
                }
              ]
            },
            {
              "coindescs": [
                {
                  "desc": "[OnSucceedAttack] Наносит 8 <sprite name=\"Laceration\"><color=#e30000><u><link=\"Laceration\">Кетчупов</link></u></color>"
                }
              ]
            },
            {
              "coindescs": [
                {
                  "desc": "[OnSucceedAttack] Повышает счетчик <sprite name=\"Laceration\"><color=#e30000><u><link=\"Laceration\">Кетчупа</link></u></color> на 3"
                }
              ]
            }
          ]
        }
      ]
    },
    {
      "id": 9101304,
      "levelList": [
        {
          "level": 1,
          "name": "Заточенное острие",
          "desc": "[StartBattle] Дает 2 <sprite name=\"SlashDamageUp\"><color=#f8c200><u><link=\"SlashDamageUp\">Повышения Рубящего урона</link></u></color> всем союзникам (Включая себя)\n[StartBattle] Получает 2 <sprite name=\"SlashResultUp\"><color=#f8c200><u><link=\"SlashResultUp\">Повышения силы Рубящей атаки</link></u></color>",
          "coinlist": [
            {},
            {
              "coindescs": [
                {
                  "desc": "[OnSucceedAttack] Наносит 2 <sprite name=\"Laceration\"><color=#e30000><u><link=\"Laceration\">Кетчупа</link></u></color>"
                }
              ]
            }
          ]
        }
      ]
    },
    {
      "id": 9101305,
      "levelList": [
        {
          "level": 1,
          "name": "Разрез, расчищающий небо",
          "desc": "[StartBattle] Вес атаки +1, если у главной цели 10 и более <sprite name=\"Laceration\"><color=#e30000><u><link=\"Laceration\">Кетчупа</link></u></color>\n[StartBattle] Итоговая сила +1 при 5 атакующих навыках в слотах на начало хода\n[WinDuel] Восстанавливает 10 SP всем союзникам\nНаносит на 30% урона целям с 7 и более <sprite name=\"Laceration\"><color=#e30000><u><link=\"Laceration\">Кетчупа</link></u></color>",
          "coinlist": [
            {
              "coindescs": [
                {
                  "desc": "[OnSucceedAttackHead] Наносит 2 <sprite name=\"Laceration\"><color=#e30000><u><link=\"Laceration\">Кетчупа</link></u></color>"
                }
              ]
            },
            {
              "coindescs": [
                {
                  "desc": "[OnSucceedAttackHead] Наносит 3 <sprite name=\"Laceration\"><color=#e30000><u><link=\"Laceration\">Кетчупа</link></u></color>"
                }
              ]
            },
            {
              "coindescs": [
                {
                  "desc": "На 50% больше урона целям с 7 и более <sprite name=\"Laceration\"><color=#e30000><u><link=\"Laceration\">Кетчупа</link></u></color>"
                },
                {
                  "desc": "[OnSucceedAttack] Повышает счетчик <sprite name=\"Laceration\"><color=#e30000><u><link=\"Laceration\">Кетчупа</link></u></color> на 10"
                }
              ]
            }
          ]
        }
      ]
    },
    {
      "id": 9101306,
      "levelList": [
        {
          "level": 1,
          "name": "Правила подворотен",
          "desc": "[WhenUse] Получает еще 1 монету за каждого другого  живого союзника (До 3)",
          "coinlist": [
            {
              "coindescs": [
                {
                  "desc": "[OnSucceedAttack] Повышает счетчик <sprite name=\"Laceration\"><color=#e30000><u><link=\"Laceration\">Кетчупа</link></u></color> на 2"
                },
                {
                  "desc": "[EnemyKill] Восстанавливает 20 SP всем союзникам"
                }
              ]
            }
          ]
        }
      ]
    }
  ]
}