﻿{
  "dataList": [
    {
      "id": 857801,
      "levelList": [
        {
          "level": 1,
          "name": "Посадка госсипиума",
          "desc": "[WhenUse] Наносит 3 <sprite name=\"MRcAfBa\"><color=#e30000><u><link=\"MRcAfBa\">Госсипиума</link></u></color>",
          "coinlist": [
            {
              "coindescs": [
                {
                  "desc": "[OnSucceedAttack] Наносит 3 <sprite name=\"Laceration\"><color=#e30000><u><link=\"Laceration\">Кетчупа</link></u></color> и повышает счетчик <sprite name=\"Laceration\"><color=#e30000><u><link=\"Laceration\">Кетчупа</link></u></color> на 1"
                }
              ]
            }
          ]
        }
      ]
    },
    {
      "id": 857802,
      "levelList": [
        {
          "level": 1,
          "name": "Насаждение ран",
          "desc": "",
          "coinlist": [
            {
              "coindescs": [
                {
                  "desc": "[OnSucceedAttack] Наносит +2 счетчика <sprite name=\"Laceration\"><color=#e30000><u><link=\"Laceration\">Кетчупа</link></u></color>"
                },
                {
                  "desc": "[OnSucceedAttackHead] Наносит 4 <sprite name=\"Laceration\"><color=#e30000><u><link=\"Laceration\">Кетчупа</link></u></color>"
                }
              ]
            }
          ]
        }
      ]
    },
    {
      "id": 857803,
      "levelList": [
        {
          "level": 1,
          "name": "Высасывающие корни",
          "desc": "[CantDuel]\nСреди целей с <sprite name=\"MRcAfBa\"><color=#e30000><u><link=\"MRcAfBa\">Госсипиумом</link></u></color> атакует персонажа с самой низкой Скоростью;\nНаносит на (<sprite name=\"MRcAfBa\"><color=#e30000><u><link=\"MRcAfBa\">Госсипиум</link></u></color> x 10)% больше урона",
          "coinlist": [
            {
              "coindescs": [
                {
                  "desc": "[OnSucceedAttack] Восстанавливает (<sprite name=\"MRcAfBa\"><color=#e30000><u><link=\"MRcAfBa\">Госсипиум</link></u></color> x 5)% от нанесенного урона"
                }
              ]
            },
            {
              "coindescs": [
                {
                  "desc": "[OnSucceedAttack] Восстанавливает (<sprite name=\"MRcAfBa\"><color=#e30000><u><link=\"MRcAfBa\">Госсипиум</link></u></color> x 5)% от нанесенного урона"
                }
              ]
            }
          ]
        }
      ]
    },
    {
      "id": 857804,
      "levelList": [
        {
          "level": 1,
          "name": "Цветущий госсипиум",
          "desc": "Атакует цель с наибольшим количеством <sprite name=\"Laceration\"><color=#e30000><u><link=\"Laceration\">Кетчупа</link></u></color>\n[WhenUse] Если основная цель является целью с наибольшим количеством <sprite name=\"Laceration\"><color=#e30000><u><link=\"Laceration\">Кетчупа</link></u></color>, Базовая сила +5, эффекты удваиваются",
          "coinlist": [
            {
              "coindescs": [
                {
                  "desc": "[OnSucceedAttack] Наносит 2 <sprite name=\"Binding\"><color=#e30000><u><link=\"Binding\">Поноса</link></u></color> и 2 <sprite name=\"ScarletTakeDamageUp\"><color=#e30000><u><link=\"ScarletTakeDamageUp\">Уязвимость к Похоти</link></u></color> на следующий ход"
                }
              ]
            },
            {
              "coindescs": [
                {
                  "desc": "[OnSucceedAttack] Наносит 8 <sprite name=\"Laceration\"><color=#e30000><u><link=\"Laceration\">Кетчупа</link></u></color>. Повышает счетчик <sprite name=\"Laceration\"><color=#e30000><u><link=\"Laceration\">Кетчупа</link></u></color> на 4"
                }
              ]
            }
          ]
        }
      ]
    },
    {
      "id": 857805,
      "levelList": [
        {
          "level": 1,
          "name": "Разлетающийся госсипиум",
          "desc": "Среди целей с <sprite name=\"MRcAfBa\"><color=#e30000><u><link=\"MRcAfBa\">Госсипиумом</link></u></color> атакует персонажа с наименьшим HP\n[WhenUse] Если основная цель является целью с наибольшим количеством <sprite name=\"Laceration\"><color=#e30000><u><link=\"Laceration\">Кетчупа</link></u></color>, Базовая сила +5\n[EndBattle] Состояние <sprite name=\"MRcAfBb\"><color=#f8c200><u><link=\"MRcAfBb\">Окровавленный Госсипиум</link></u></color> спадает в следующем ходу",
          "coinlist": [
            {
              "coindescs": [
                {
                  "desc": "[OnSucceedAttack] Наносит 4 <sprite name=\"Laceration\"><color=#e30000><u><link=\"Laceration\">Кетчупа</link></u></color>. Повышает счетчик <sprite name=\"Laceration\"><color=#e30000><u><link=\"Laceration\">Кетчупа</link></u></color> на 2"
                }
              ]
            },
            {
              "coindescs": [
                {
                  "desc": "[OnSucceedAttack] Наносит 4 <sprite name=\"Laceration\"><color=#e30000><u><link=\"Laceration\">Кетчупа</link></u></color>. Повышает счетчик <sprite name=\"Laceration\"><color=#e30000><u><link=\"Laceration\">Кетчупа</link></u></color> на 2"
                }
              ]
            }
          ]
        }
      ]
    },
    {
      "id": 857806,
      "levelList": [
        {
          "level": 1,
          "name": "Рассеивающий ветер",
          "desc": "[OnSucceedEvade] Наносит 3 <sprite name=\"Laceration\"><color=#e30000><u><link=\"Laceration\">Кетчупа</link></u></color> и повышает счетчик <sprite name=\"Laceration\"><color=#e30000><u><link=\"Laceration\">Кетчупа</link></u></color> на 1",
          "coinlist": [
            {
              "coindescs": [
                {
                  "desc": ""
                }
              ]
            }
          ]
        }
      ]
    },
    {
      "id": 857807,
      "levelList": [
        {
          "level": 1,
          "name": "Наступающий госсипиум",
          "desc": "[CantDuel]\nВыбирает целью персонажа с самой низкой Скоростью\nУрон от этого Атакующего Навыка фиксирован на 0.\n[StartBattle] Входит в состояние <sprite name=\"MRcAfBb\"><color=#f8c200><u><link=\"MRcAfBb\">Окровавленный Госсипиум</link></u></color> в следующем ходу.",
          "coinlist": [
            {},
            {
              "coindescs": [
                {
                  "desc": "[OnSucceedAttack] Наносит 3 <sprite name=\"MRcAfBa\"><color=#e30000><u><link=\"MRcAfBa\">Госсипиума</link></u></color>"
                }
              ]
            }
          ]
        }
      ]
    },
    {
      "id": 857808,
      "levelList": [
        {
          "level": 1,
          "name": "Разлетающийся окровавленный госсипиум",
          "desc": "Выбирает цель с наибольшим количеством <sprite name=\"Laceration\"><color=#e30000><u><link=\"Laceration\">Кетчупа</link></u></color>\n[WhenUse] Если основная цель является целью с наибольшим количеством <sprite name=\"Laceration\"><color=#e30000><u><link=\"Laceration\">Кетчупа</link></u></color>, Базовая сила +10\nЕсли у цели 10 и более <sprite name=\"Laceration\"><color=#e30000><u><link=\"Laceration\">Кетчупа</link></u></color>, наносит на 50% больше урона",
          "coinlist": [
            {
              "coindescs": [
                {
                  "desc": "[OnSucceedAttack] Наносит 5 <sprite name=\"Laceration\"><color=#e30000><u><link=\"Laceration\">Кетчупа</link></u></color>. Повышает счетчик <sprite name=\"Laceration\"><color=#e30000><u><link=\"Laceration\">Кетчупа</link></u></color> на 4"
                },
                {
                  "desc": "[OnSucceedAttack] Восстанавливает HP в размере <sprite name=\"Laceration\"><color=#e30000><u><link=\"Laceration\">Кетчупа</link></u></color> на цели"
                }
              ]
            },
            {
              "coindescs": [
                {
                  "desc": "[OnSucceedAttack] Наносит 5 <sprite name=\"Laceration\"><color=#e30000><u><link=\"Laceration\">Кетчупа</link></u></color>. Повышает счетчик <sprite name=\"Laceration\"><color=#e30000><u><link=\"Laceration\">Кетчупа</link></u></color> на 4"
                },
                {
                  "desc": "[OnSucceedAttack] Восстанавливает HP в размере <sprite name=\"Laceration\"><color=#e30000><u><link=\"Laceration\">Кетчупа</link></u></color> на цели"
                }
              ]
            }
          ]
        }
      ]
    },
    {
      "id": 857701,
      "levelList": [
        {
          "level": 1,
          "name": "Удар пламенем",
          "desc": "[WhenUse] Получить 1 <sprite name=\"MRcAiBa\"><color=#f8c200><u><link=\"MRcAiBa\">Искра</link></u></color>",
          "coinlist": [
            {
              "coindescs": [
                {
                  "desc": "[OnSucceedAttack] Наносит 3 <sprite name=\"Combustion\"><color=#e30000><u><link=\"Combustion\">Изжоги</link></u></color> и +2 к счетчику <sprite name=\"Combustion\"><color=#e30000><u><link=\"Combustion\">Изжоги</link></u></color>"
                }
              ]
            }
          ]
        }
      ]
    },
    {
      "id": 857702,
      "levelList": [
        {
          "level": 1,
          "name": "Пылающие цветочные крылья",
          "desc": "[WhenUse] Получает 1 <sprite name=\"MRcAiBa\"><color=#f8c200><u><link=\"MRcAiBa\">Искра</link></u></color>",
          "coinlist": [
            {
              "coindescs": [
                {
                  "desc": "[OnSucceedAttack] Наносит 2 <sprite name=\"CrimsonResistDown\"><color=#e30000><u><link=\"CrimsonResistDown\">Понижение сопротивления к Гневу</link></u></color> на следующий ход"
                }
              ]
            }
          ]
        }
      ]
    },
    {
      "id": 857703,
      "levelList": [
        {
          "level": 1,
          "name": "Искра",
          "desc": "[WinDuel] Наносит <sprite name=\"Combustion\"><color=#e30000><u><link=\"Combustion\">Изжога</link></u></color> равный <sprite name=\"Combustion\"><color=#e30000><u><link=\"Combustion\">Изжоге</link></u></color> на цели.\n[WhenUse] Повышает счетчик <sprite name=\"Combustion\"><color=#e30000><u><link=\"Combustion\">Изжоги</link></u></color> на 2.",
          "coinlist": [
            {
              "coindescs": [
                {
                  "desc": "[OnSucceedAttack] Если на цели 3 и более <sprite name=\"MRcAiBb\"><color=#e30000><u><link=\"MRcAiBb\">Мерцающей Искры</link></u></color>, повышает счетчик <sprite name=\"Combustion\"><color=#e30000><u><link=\"Combustion\">Изжоги</link></u></color> на 2, наносит 10 <sprite name=\"Combustion\"><color=#e30000><u><link=\"Combustion\">Изжоги</link></u></color> и 2 <sprite name=\"MRcAiBc\"><color=#e30000><u><link=\"MRcAiBc\">Искры</link></u></color>."
                }
              ]
            },
            {
              "coindescs": [
                {
                  "desc": "[OnSucceedAttack] Наносит 6 <sprite name=\"Combustion\"><color=#e30000><u><link=\"Combustion\">Изжоги</link></u></color> и повышает счетчик <sprite name=\"Combustion\"><color=#e30000><u><link=\"Combustion\">Изжоги</link></u></color> на 4"
                },
                {
                  "desc": "[OnSucceedAttack] Наносит 2 <sprite name=\"CrimsonResistDown\"><color=#e30000><u><link=\"CrimsonResistDown\">Понижения сопротивления к Гневу</link></u></color> на следующий ход"
                }
              ]
            }
          ]
        }
      ]
    },
    {
      "id": 857704,
      "levelList": [
        {
          "level": 1,
          "name": "Взрыв пыли",
          "desc": "[WhenUse] Если у цели 7 и более <sprite name=\"Combustion\"><color=#e30000><u><link=\"Combustion\">Изжоги</link></u></color>, навык получает +2 к силе столкновения",
          "coinlist": [
            {
              "coindescs": [
                {
                  "desc": "[OnSucceedAttack] Повышает счетчик <sprite name=\"Combustion\"><color=#e30000><u><link=\"Combustion\">Изжоги</link></u></color> на количество навыков Гнева, которые Мотылек алых лепестков использует в этом ходу"
                },
                {
                  "desc": "[OnSucceedAttackHead] Повышает счетчик <sprite name=\"Combustion\"><color=#e30000><u><link=\"Combustion\">Изжоги</link></u></color> у противника с наименьшей скоростью на количество навыков Гнева, которые Мотылек алых лепестков использует в этом ходу"
                }
              ]
            },
            {
              "coindescs": [
                {
                  "desc": "[OnSucceedAttack] Наносит <sprite name=\"Combustion\"><color=#e30000><u><link=\"Combustion\">Изжога</link></u></color> в количестве навыков Гнева, которые Мотылек алых лепестков использует в этом ходу"
                },
                {
                  "desc": "[OnSucceedAttackHead] Наносит <sprite name=\"Combustion\"><color=#e30000><u><link=\"Combustion\">Изжога</link></u></color> противнику с наименьшей скоростью в количестве навыков Гнева, которые Мотылек алых лепестков использует в этом ходу"
                }
              ]
            }
          ]
        }
      ]
    },
    {
      "id": 857705,
      "levelList": [
        {
          "level": 1,
          "name": "Вспышка алых лепестков",
          "desc": "Получает силу столкновения, равную (удвоенному количеству навыков Гнева, которые Мотылек алых лепестков использует в этом ходу)\n[WhenUse] Наносит (удвоенное количество навыков Гнева, которые Мотылек алых лепестков использует в этом ходу) <sprite name=\"Combustion\"><color=#e30000><u><link=\"Combustion\">Изжоги</link></u></color> всем противникам",
          "coinlist": [
            {
              "coindescs": [
                {
                  "desc": "[OnSucceedAttack] Наносит <sprite name=\"Combustion\"><color=#e30000><u><link=\"Combustion\">Изжога</link></u></color> в количестве навыков Гнева, которые Мотылек алых лепестков использует в этом ходу"
                },
                {
                  "desc": "[OnSucceedAttackHead] Наносит <sprite name=\"Combustion\"><color=#e30000><u><link=\"Combustion\">Изжога</link></u></color> и повышает счетчик <sprite name=\"Combustion\"><color=#e30000><u><link=\"Combustion\">Изжоги</link></u></color> противнику с наименьшей скоростью в количестве навыков Гнева, которые Мотылек алых лепестков использует в этом ходу"
                }
              ]
            },
            {
              "coindescs": [
                {
                  "desc": "[OnSucceedAttack] Наносит <sprite name=\"Combustion\"><color=#e30000><u><link=\"Combustion\">Изжога</link></u></color> в количестве навыков Гнева, которые Мотылек алых лепестков использует в этом ходу"
                },
                {
                  "desc": "[OnSucceedAttackHead] Наносит <sprite name=\"Combustion\"><color=#e30000><u><link=\"Combustion\">Изжога</link></u></color> и повышает счетчик <sprite name=\"Combustion\"><color=#e30000><u><link=\"Combustion\">Изжоги</link></u></color> противнику с наименьшей скоростью в количестве навыков Гнева, которые Мотылек алых лепестков использует в этом ходу"
                }
              ]
            },
            {
              "coindescs": [
                {
                  "desc": "[OnSucceedAttack] Повышает границу выносливости на 10% от нанесенного урона"
                },
                {
                  "desc": "[EndSkill] Наносит 10 <sprite name=\"Combustion\"><color=#e30000><u><link=\"Combustion\">Изжоги</link></u></color> целям, чья выносливость была сломлена этой атакой"
                }
              ]
            }
          ]
        }
      ]
    },
    {
      "id": 857706,
      "levelList": [
        {
          "level": 1,
          "name": "Уворот",
          "desc": "[WhenUseEvade] Накладывает 4 <sprite name=\"Combustion\"><color=#e30000><u><link=\"Combustion\">Изжога</link></u></color>.\n[OnSucceedEvade] Получает 1 <sprite name=\"MRcAiBa\"><color=#f8c200><u><link=\"MRcAiBa\">Искра</link></u></color> на следующий ход.",
          "coinlist": [
            {
              "coindescs": [
                {
                  "desc": ""
                }
              ]
            }
          ]
        }
      ]
    },
    {
      "id": 857712,
      "levelList": [
        {
          "level": 1,
          "name": "Раздуть пламя",
          "desc": "[CantDuel]\n[CantChangeTarget]\nУрон от этого Атакующего Навыка фиксирован на 0.",
          "coinlist": [
            {},
            {},
            {
              "coindescs": [
                {
                  "desc": "[OnSucceedAttack] Наносит 2 <sprite name=\"MRcAiBb\"><color=#e30000><u><link=\"MRcAiBb\">Мерцающей Искры</link></u></color> на следующий ход"
                }
              ]
            }
          ]
        }
      ]
    },
    {
      "id": 858501,
      "levelList": [
        {
          "level": 1,
          "name": "Да будет пронзено",
          "desc": "",
          "coinlist": [
            {
              "coindescs": [
                {
                  "desc": "[OnSucceedAttack] Наносит 4 <sprite name=\"Laceration\"><color=#e30000><u><link=\"Laceration\">Кетчупа</link></u></color>"
                },
                {
                  "desc": "[OnSucceedAttackHead] Повышает счетчик <sprite name=\"Laceration\"><color=#e30000><u><link=\"Laceration\">Кетчупа</link></u></color> на 2"
                }
              ]
            }
          ]
        }
      ]
    },
    {
      "id": 858502,
      "levelList": [
        {
          "level": 1,
          "name": "Коварство во плоти",
          "desc": "[WinDuel] Удваивает <sprite name=\"Vulnerable\"><color=#e30000><u><link=\"Vulnerable\">Уязвимость</link></u></color> и <sprite name=\"Binding\"><color=#e30000><u><link=\"Binding\">Понос</link></u></color>, наносимые эффектами Монет.",
          "coinlist": [
            {
              "coindescs": [
                {
                  "desc": "[OnSucceedAttack] Наносит 4 <sprite name=\"Laceration\"><color=#e30000><u><link=\"Laceration\">Кетчупа</link></u></color> и повышает счетчик <sprite name=\"Laceration\"><color=#e30000><u><link=\"Laceration\">Кетчупа</link></u></color> на 2"
                },
                {
                  "desc": "[OnSucceedAttackHead] Наносит 1 <sprite name=\"Vulnerable\"><color=#e30000><u><link=\"Vulnerable\">Уязвимость</link></u></color> на следующий ход"
                },
                {
                  "desc": "[OnSucceedAttackHead] Наносит 1 <sprite name=\"Binding\"><color=#e30000><u><link=\"Binding\">Понос</link></u></color> на следующий ход"
                }
              ]
            },
            {
              "coindescs": [
                {
                  "desc": "[OnSucceedAttack] Наносит 4 <sprite name=\"Laceration\"><color=#e30000><u><link=\"Laceration\">Кетчупа</link></u></color>"
                },
                {
                  "desc": "[OnSucceedAttack] Повышает счетчик <sprite name=\"Laceration\"><color=#e30000><u><link=\"Laceration\">Кетчупа</link></u></color> на 2"
                }
              ]
            }
          ]
        }
      ]
    },
    {
      "id": 858503,
      "levelList": [
        {
          "level": 1,
          "name": "Оно будет схвачено",
          "desc": "",
          "coinlist": [
            {
              "coindescs": [
                {
                  "desc": "[OnSucceedAttack] Наносит 2 <sprite name=\"AttackDown\"><color=#e30000><u><link=\"AttackDown\">Понижения уровня атаки</link></u></color> на следующий ход"
                },
                {
                  "desc": "[OnSucceedAttackHead] Наносит 3 <sprite name=\"DefenseDown\"><color=#e30000><u><link=\"DefenseDown\">Понижения уровня защиты</link></u></color> на следующий ход"
                }
              ]
            },
            {
              "coindescs": [
                {
                  "desc": "[OnSucceedAttack] Наносит 1 <sprite name=\"AttackDmgDown\"><color=#e30000><u><link=\"AttackDmgDown\">Понижение урона</link></u></color> на следующий ход"
                },
                {
                  "desc": "[OnSucceedAttackHead] Получает 1 <sprite name=\"AttackDmgUp\"><color=#f8c200><u><link=\"AttackDmgUp\">Повышение урона</link></u></color> на следующий ход"
                }
              ]
            }
          ]
        }
      ]
    },
    {
      "id": 858504,
      "levelList": [
        {
          "level": 1,
          "name": "Оно будет сжато",
          "desc": "",
          "coinlist": [
            {
              "coindescs": [
                {
                  "desc": "[OnSucceedAttack] Наносит 3 <sprite name=\"MRcAmBb\"><color=#e30000><u><link=\"MRcAmBb\">Хватки</link></u></color>"
                },
                {
                  "desc": "[OnSucceedAttack] Получает 1 <sprite name=\"AttackDmgUp\"><color=#f8c200><u><link=\"AttackDmgUp\">Повышение урона</link></u></color> на следующий ход"
                }
              ]
            },
            {
              "coindescs": [
                {
                  "desc": "[OnSucceedAttack] Наносит 3 <sprite name=\"MRcAmBb\"><color=#e30000><u><link=\"MRcAmBb\">Хватки</link></u></color>"
                },
                {
                  "desc": "[OnSucceedAttack] Получает 1 <sprite name=\"AttackDmgUp\"><color=#f8c200><u><link=\"AttackDmgUp\">Повышение урона</link></u></color> на следующий ход"
                }
              ]
            }
          ]
        }
      ]
    },
    {
      "id": 858505,
      "levelList": [
        {
          "level": 1,
          "name": "Да будет отвергнуто",
          "desc": "Если выжил персонаж с '<sprite name=\"MRcAmBb\"><color=#e30000><u><link=\"MRcAmBb\">Хваткой</link></u></color>', Финальная мощь +5",
          "coinlist": [
            {
              "coindescs": [
                {
                  "desc": "[OnSucceedAttack] Наносит 8 <sprite name=\"Laceration\"><color=#e30000><u><link=\"Laceration\">Кетчупа</link></u></color> и повышает счетчик <sprite name=\"Laceration\"><color=#e30000><u><link=\"Laceration\">Кетчупа</link></u></color> на 3"
                }
              ]
            },
            {
              "coindescs": [
                {
                  "desc": "[OnSucceedAttack] Наносит 10 урона SP"
                },
                {
                  "desc": "[OnSucceedAttackHead] Повышает порог оглушения на 20"
                }
              ]
            }
          ]
        }
      ]
    },
    {
      "id": 858506,
      "levelList": [
        {
          "level": 1,
          "name": "Да будет презрено все",
          "desc": "Если выжил персонаж с '<sprite name=\"MRcAmBb\"><color=#e30000><u><link=\"MRcAmBb\">Хваткой</link></u></color>', Финальная мощь +5\n[EndBattle] Снимает <sprite name=\"MRcAmBc\"><color=#e30000><u><link=\"MRcAmBc\">Взор</link></u></color> со всех врагов",
          "coinlist": [
            {
              "coindescs": [
                {
                  "desc": "[OnSucceedAttack] Наносит 10 <sprite name=\"Laceration\"><color=#e30000><u><link=\"Laceration\">Кетчупа</link></u></color> и повышает счетчик <sprite name=\"Laceration\"><color=#e30000><u><link=\"Laceration\">Кетчупа</link></u></color> на 2"
                }
              ]
            },
            {
              "coindescs": [
                {
                  "desc": "[OnSucceedAttack] Наносит 8 <sprite name=\"Laceration\"><color=#e30000><u><link=\"Laceration\">Кетчупа</link></u></color> и повышает счетчик <sprite name=\"Laceration\"><color=#e30000><u><link=\"Laceration\">Кетчупа</link></u></color> на 2"
                },
                {
                  "desc": "[OnSucceedAttack] Наносит 15 урона SP"
                },
                {
                  "desc": "[OnSucceedAttackHead] Повышает порог оглушения на 30"
                }
              ]
            }
          ]
        }
      ]
    },
    {
      "id": 858507,
      "levelList": [
        {
          "level": 1,
          "name": "Уворот",
          "desc": "[OnSucceedEvade] Наносит 4 SP урона",
          "coinlist": [
            {
              "coindescs": [
                {
                  "desc": ""
                }
              ]
            }
          ]
        }
      ]
    },
    {
      "id": 857101,
      "levelList": [
        {
          "level": 1,
          "name": "6:5",
          "desc": "[CantDuel][CantChangeTarget]\nПолучает урон вместо цели. Оглушается в следующий ход.\nНаносит <sprite name=\"Target\"><color=#9f6a3a><u><link=\"Target\">Помеченный</link></u></color> случайному противнику без <sprite name=\"AaCePcBa\"><color=#e30000><u><link=\"AaCePcBa\">Помеченный</link></u></color>.\n[EndBattle] Все Свечи восстанавливают максимум HP",
          "coinlist": [
            {
              "coindescs": [
                {
                  "desc": "[OnSucceedAttack] Максимум HP этого персонажа уменьшается на 5%."
                },
                {
                  "desc": "[OnSucceedAttack] Наносит себе 10 <sprite name=\"Combustion\"><color=#e30000><u><link=\"Combustion\">Изжоги</link></u></color>"
                }
              ]
            },
            {
              "coindescs": [
                {
                  "desc": "[OnSucceedAttack] Максимум HP этого персонажа уменьшается на 5%."
                },
                {
                  "desc": "[OnSucceedAttack] Наносит себе 10 <sprite name=\"Combustion\"><color=#e30000><u><link=\"Combustion\">Изжоги</link></u></color>"
                }
              ]
            }
          ]
        }
      ]
    },
    {
      "id": 857102,
      "levelList": [
        {
          "level": 1,
          "name": "Не пренебрегай пророчеством",
          "desc": "",
          "coinlist": [
            {
              "coindescs": [
                {
                  "desc": "[OnSucceedAttack] Наносит 5 <sprite name=\"Combustion\"><color=#e30000><u><link=\"Combustion\">Изжоги</link></u></color> и повышает счетчик <sprite name=\"Combustion\"><color=#e30000><u><link=\"Combustion\">Изжоги</link></u></color> на 2"
                },
                {
                  "desc": "[OnSucceedAttack] Восстанавливает 20 HP себе"
                }
              ]
            }
          ]
        }
      ]
    },
    {
      "id": 858201,
      "levelList": [
        {
          "level": 1,
          "name": "Коварное обледенение",
          "desc": "[StartBattle] Получает щит равный 10% от максимального здоровья. За каждое <sprite name=\"AaCePcBq\"><color=#9f6a3a><u><link=\"AaCePcBq\">Эго Квикег</link></u></color> получает дополнительно 0.3% от максимального здоровья в качестве щита.\nПри получении атаки с щитом, атакующий теряет 5 SP\nПри получении атаки, использует этот навык один раз за каждые 10 <sprite name=\"AaCePcBq\"><color=#9f6a3a><u><link=\"AaCePcBq\">Эго Квикег</link></u></color>",
          "coinlist": [
            {
              "coindescs": [
                {
                  "desc": "[OnSucceedAttack] Наносит 1 <sprite name=\"Laceration\"><color=#e30000><u><link=\"Laceration\">Кетчуп</link></u></color>"
                }
              ]
            },
            {
              "coindescs": [
                {
                  "desc": "[OnSucceedAttack] Наносит 1 <sprite name=\"Laceration\"><color=#e30000><u><link=\"Laceration\">Кетчуп</link></u></color>"
                }
              ]
            }
          ]
        }
      ]
    }
  ]
}