{
  "dataList": [
    {
      "id": 40000301,
      "levelList": [
        {
          "level": 1,
          "name": "С любовью!",
          "desc": "[WhenUse] Базовая сила +1 за каждые 5 (сумм. [Burst] и [Sinking] на цели) (макс. 2)\n[WhenUse] Получает +10 [PowerOfLoveAndJustice]",
          "coinlist": [
            {
              "coindescs": [
                {
                  "desc": "[OnSucceedAttack] Наносит 1 [Burst]"
                }
              ]
            },
            {
              "coindescs": [
                {
                  "desc": "[OnSucceedAttack] Наносит 1 [Burst]"
                }
              ]
            }
          ]
        }
      ]
    },
    {
      "id": 40000302,
      "levelList": [
        {
          "level": 1,
          "name": "Во имя справедливости!",
          "desc": "[WhenUse] Coin Power +1 за каждые 7 (сумм. [Burst] и [Sinking] на цели) (макс. 2)\n[WhenUse] Получает +10 [PowerOfLoveAndJustice] Счетчика",
          "coinlist": [
            {
              "coindescs": [
                {
                  "desc": "[OnSucceedAttack] Наносит +2 [Burst] Счетчика"
                },
                {
                  "desc": "[OnSucceedAttack] Если цель имела 10+ (sum of [Burst] и [Sinking]), наносит 1 [Binding] на следующий ход"
                }
              ]
            }
          ]
        }
      ]
    },
    {
      "id": 40000303,
      "levelList": [
        {
          "level": 1,
          "name": "Луч Сваги",
          "desc": "Главная цель - рыцарь спермы\nПодцели - это союзники с [ColdBlackTear]\n- Если их нет, под-целью становятся союзники с наименьшим ХП\nНаносит 0 урона, не активирует эффекты от [Sinking] и [ColdBlackTear] на союзниках\n\n[WinDuel] Удаляет 1 [ColdBlackTear] от одного союзника, задетого навыком.",
          "coinlist": [
            {
              "coindescs": [
                {
                  "desc": "[OnSucceedAttack] Если цель - враг, наносит 1 [Burst]"
                },
                {
                  "desc": "[OnSucceedAttack] Если цель - друг, хиллит 5 ХП"
                }
              ]
            },
            {
              "coindescs": [
                {
                  "desc": "[OnSucceedAttack] Если цель - враг, наносит 1 [Burst]"
                },
                {
                  "desc": "[OnSucceedAttack] Если цель - друг, хиллит 5 ХП"
                }
              ]
            },
            {
              "coindescs": [
                {
                  "desc": "[OnSucceedAttack] Если цель - враг, наносит 1 [Burst]"
                },
                {
                  "desc": "[OnSucceedAttack] Если цель - друг, хиллит 5 ХП"
                }
              ]
            }
          ]
        }
      ]
    },
    {
      "id": 40000304,
      "levelList": [
        {
          "level": 1,
          "name": "Кажется, мне придется использовать эту силу.",
          "desc": "[StartBattle] Получает 1 [ChasingArcana]\n[StartBattle] Получает 50 Щита\n[StartBattle] Получает 20 [Aggro] на следующий ход",
          "coinlist": [
            {
              "coindescs": [
                {}
              ]
            }
          ]
        }
      ]
    },
    {
      "id": 40000305,
      "levelList": [
        {
          "level": 1,
          "name": "Очаровательный Луч Сваги",
          "desc": "[StartBattle] Получает 50 Щита\n[StartBattle] Получает 20 [Aggro] на следующий ход\n[EndBattle] At 0 Щита HP, Retreats",
          "coinlist": [
            {
              "coindescs": [
                {}
              ]
            }
          ]
        }
      ]
    },
    {
      "id": 40000306,
      "levelList": [
        {
          "level": 1,
          "name": "ЛУЧ СВАГИ",
          "desc": "[CantDuel]\nНенаносит урона мечам рыцаря отчаяния\nЗаканчивает ход после атаки по цели с [WornOutKnight]\n[EndBattle] Получает [UsedTooMuchPower]",
          "coinlist": [
            {
              "coindescs": [
                {
                  "desc": "[OnSucceedAttack] Уменьшает ХП цели на (100 - ([CollapsedPride] стак x 33))%"
                }
              ]
            }
          ]
        }
      ]
    },
    {
      "id": 40000307,
      "levelList": [
        {
          "level": 1,
          "name": "ЛУЧ СВАГИ",
          "desc": "[CantDuel]\nНаносит урон только эффектами от монетки\nНе наносит урона кроме главной аномалии\nЗаканчивает ход после попадания по врагу [WornOutKnight] и 600- ХП\n[EndBattle] Получает [UsedTooMuchPower]",
          "coinlist": [
            {
              "coindescs": [
                {
                  "desc": "[OnSucceedAttack] Наносит ([CollapsedPride] x 200) фиксированного урона"
                }
              ]
            }
          ]
        }
      ]
    },
    {
      "id": 40000308,
      "levelList": [
        {
          "level": 1,
          "name": "Кажется, мне придется использовать эту силу.",
          "desc": "[StartBattle] Получает 1 [ChasingArcanahard]\n[StartBattle] Получает 50 Щита\n[StartBattle] Получает 20 [Aggro] на следующий ход",
          "coinlist": [
            {
              "coindescs": [
                {}
              ]
            }
          ]
        }
      ]
    }
  ]
}