﻿{
  "dataList": [
    {
      "id": 9015201,
      "levelList": [
        {
          "level": 1,
          "name": "Усиленный укол застывшей кровью",
          "desc": "",
          "coinlist": [
            {
              "coindescs": [
                {
                  "desc": "[OnSucceedAttack] Наносит 3 <sprite name=\"Laceration\"><color=#e30000><u><link=\"Laceration\">Кетчупа</link></u></color>"
                }
              ]
            }
          ]
        }
      ]
    },
    {
      "id": 9015202,
      "levelList": [
        {
          "level": 1,
          "name": "Усиленный разрез застывшей кровью",
          "desc": "[WhenUse] Наносит на 20% больше урона целям с 8 и более <sprite name=\"Laceration\"><color=#e30000><u><link=\"Laceration\">Кетчупа</link></u></color>",
          "coinlist": [
            {
              "coindescs": [
                {
                  "desc": "[OnSucceedAttack] Наносит 2 <sprite name=\"Laceration\"><color=#e30000><u><link=\"Laceration\">Кетчупа</link></u></color>"
                }
              ]
            },
            {
              "coindescs": [
                {
                  "desc": "[OnSucceedAttack] Наносит 2 <sprite name=\"Laceration\"><color=#e30000><u><link=\"Laceration\">Кетчупа</link></u></color>"
                },
                {
                  "desc": "[OnSucceedAttack] При 6 и более <sprite name=\"Laceration\"><color=#e30000><u><link=\"Laceration\">Кетчупа</link></u></color>, получает 1 <sprite name=\"HardenedBlood\"><color=#f8c200><u><link=\"HardenedBlood\">Застывшую кровь</link></u></color>"
                }
              ]
            },
            {
              "coindescs": [
                {
                  "desc": "[OnSucceedAttack] Наносит 2 <sprite name=\"Laceration\"><color=#e30000><u><link=\"Laceration\">Кетчупа</link></u></color>"
                },
                {
                  "desc": "[OnSucceedAttack] Получает 8 <sprite name=\"Laceration\"><color=#e30000><u><link=\"Laceration\">Кетчупа</link></u></color> и 1 <sprite name=\"BloodScissor\"><color=#f8c200><u><link=\"BloodScissor\">Вилка для аборта</link></u></color>"
                }
              ]
            }
          ]
        }
      ]
    },
    {
      "id": 9015203,
      "levelList": [
        {
          "level": 1,
          "name": "Усиленный мощный разрез застывшей кровью",
          "desc": "[WhenUse] Если на цели 6 и более <sprite name=\"Laceration\"><color=#e30000><u><link=\"Laceration\">Кетчупа</link></u></color>, Базовая сила +1\nНаносит на 5% больше за каждую <sprite name=\"HardenedBlood\"><color=#f8c200><u><link=\"HardenedBlood\">Застывшую кровь</link></u></color> (До 25%)\n[EndSkill] Тратит всю <sprite name=\"HardenedBlood\"><color=#f8c200><u><link=\"HardenedBlood\">Застывшую кровь</link></u></color> и <sprite name=\"BloodScissor\"><color=#f8c200><u><link=\"BloodScissor\">Вилка для аборта</link></u></color>",
          "coinlist": [
            {
              "coindescs": [
                {
                  "desc": "[OnSucceedAttack] Наносит 3 <sprite name=\"Laceration\"><color=#e30000><u><link=\"Laceration\">Кетчупа</link></u></color> и повышает его счетчик на 2"
                }
              ]
            },
            {
              "coindescs": [
                {
                  "desc": "[OnSucceedAttack] Восстанавливает (<sprite name=\"Laceration\"><color=#e30000><u><link=\"Laceration\">Кетчуп</link></u></color> на цели)% HP (До 20%)"
                }
              ]
            }
          ]
        }
      ]
    },
    {
      "id": 9015204,
      "levelList": [
        {
          "level": 1,
          "name": "Контратака",
          "desc": "[WhenUse] Базовая сила +1 за каждую <sprite name=\"HardenedBlood\"><color=#f8c200><u><link=\"HardenedBlood\">Застывшую кровь</link></u></color>",
          "coinlist": [
            {
              "coindescs": [
                {
                  "desc": "[OnSucceedAttackHead] Наносит 2 <sprite name=\"Laceration\"><color=#e30000><u><link=\"Laceration\">Кетчупа</link></u></color>"
                }
              ]
            }
          ]
        }
      ]
    },
    {
      "id": 9015301,
      "levelList": [
        {
          "level": 1,
          "name": "Усиленный клин застывшей кровью",
          "desc": "",
          "coinlist": [
            {
              "coindescs": [
                {
                  "desc": "[OnSucceedAttack] Повышает счетчик <sprite name=\"Laceration\"><color=#e30000><u><link=\"Laceration\">Кетчупа</link></u></color> на 2"
                }
              ]
            }
          ]
        }
      ]
    },
    {
      "id": 9015302,
      "levelList": [
        {
          "level": 1,
          "name": "Усиленный удар застывшей кровью",
          "desc": "[WhenUse] На 10% больше урона против целей с 4 и более <sprite name=\"Laceration\"><color=#e30000><u><link=\"Laceration\">Кетчупа</link></u></color>",
          "coinlist": [
            {
              "coindescs": [
                {
                  "desc": "[OnSucceedAttack] Повышает счетчик <sprite name=\"Laceration\"><color=#e30000><u><link=\"Laceration\">Кетчупа</link></u></color> на 2"
                }
              ]
            },
            {
              "coindescs": [
                {
                  "desc": "[OnSucceedAttack] Повышает счетчик <sprite name=\"Laceration\"><color=#e30000><u><link=\"Laceration\">Кетчупа</link></u></color> на 2"
                },
                {
                  "desc": "[OnSucceedAttack] При 6 и более <sprite name=\"Laceration\"><color=#e30000><u><link=\"Laceration\">Кетчупа</link></u></color> на себе, получает 1 <sprite name=\"HardenedBlood\"><color=#f8c200><u><link=\"HardenedBlood\">Застывшую кровь</link></u></color>"
                }
              ]
            },
            {
              "coindescs": [
                {
                  "desc": "[OnSucceedAttack] Повышает счетчик <sprite name=\"Laceration\"><color=#e30000><u><link=\"Laceration\">Кетчупа</link></u></color> на 2"
                },
                {
                  "desc": "[OnSucceedAttack] Получает 8 <sprite name=\"Laceration\"><color=#e30000><u><link=\"Laceration\">Кетчупа</link></u></color> и 1 <sprite name=\"BloodScissor\"><color=#f8c200><u><link=\"BloodScissor\">Вилка для аборта</link></u></color>"
                }
              ]
            }
          ]
        }
      ]
    },
    {
      "id": 9015303,
      "levelList": [
        {
          "level": 1,
          "name": "Усиленный мощный удар застывшей кровью",
          "desc": "[WhenUse] Если на цели 6 и более <sprite name=\"Laceration\"><color=#e30000><u><link=\"Laceration\">Кетчупа</link></u></color>, Базовая сила +1\nНаносит на 5% больше урона за каждую <sprite name=\"HardenedBlood\"><color=#f8c200><u><link=\"HardenedBlood\">Застывшую кровь</link></u></color> (До 25%)\n[EndSkill] Тратит всю <sprite name=\"HardenedBlood\"><color=#f8c200><u><link=\"HardenedBlood\">Застывшую кровь</link></u></color> и <sprite name=\"BloodScissor\"><color=#f8c200><u><link=\"BloodScissor\">Вилка для аборта</link></u></color>",
          "coinlist": [
            {
              "coindescs": [
                {
                  "desc": "[OnSucceedAttack] Наносит 3 <sprite name=\"Laceration\"><color=#e30000><u><link=\"Laceration\">Кетчупа</link></u></color> и повышает его счетчик на 2"
                }
              ]
            },
            {
              "coindescs": [
                {
                  "desc": "[OnSucceedAttack] Восстанавливает (<sprite name=\"Laceration\"><color=#e30000><u><link=\"Laceration\">Кетчуп</link></u></color> на цели)% HP (До 20%)"
                }
              ]
            }
          ]
        }
      ]
    },
    {
      "id": 9015304,
      "levelList": [
        {
          "level": 1,
          "name": "Контратака",
          "desc": "[WhenUse] Базовая сила +1 за каждую <sprite name=\"HardenedBlood\"><color=#f8c200><u><link=\"HardenedBlood\">Застывшую кровь</link></u></color>",
          "coinlist": [
            {
              "coindescs": [
                {
                  "desc": "[OnSucceedAttackHead] Наносит 2 <sprite name=\"Laceration\"><color=#e30000><u><link=\"Laceration\">Кетчупа</link></u></color>"
                }
              ]
            }
          ]
        }
      ]
    },
    {
      "id": 9015401,
      "levelList": [
        {
          "level": 1,
          "name": "Это Фестиваль, Фестиваль!",
          "desc": "",
          "coinlist": [
            {
              "coindescs": [
                {
                  "desc": "[OnSucceedAttack] Наносит 3 <sprite name=\"Laceration\"><color=#e30000><u><link=\"Laceration\">Кетчупа</link></u></color>"
                }
              ]
            },
            {
              "coindescs": [
                {
                  "desc": "[OnSucceedAttack] Наносит 3 <sprite name=\"Laceration\"><color=#e30000><u><link=\"Laceration\">Кетчупа</link></u></color>"
                }
              ]
            }
          ]
        }
      ]
    },
    {
      "id": 9015402,
      "levelList": [
        {
          "level": 1,
          "name": "Примерим наряд",
          "desc": "[WhenUse] На 20% больше урона против целей с 6 и более <sprite name=\"Laceration\"><color=#e30000><u><link=\"Laceration\">Кетчупа</link></u></color>",
          "coinlist": [
            {
              "coindescs": [
                {
                  "desc": "[OnSucceedAttack] Повышает счетчик <sprite name=\"Laceration\"><color=#e30000><u><link=\"Laceration\">Кетчупа</link></u></color> на 3"
                },
                {
                  "desc": "[OnSucceedAttack] Если на цели 5 и более <sprite name=\"Laceration\"><color=#e30000><u><link=\"Laceration\">Кетчупа</link></u></color>, получает 1 <sprite name=\"HardenedBlood\"><color=#f8c200><u><link=\"HardenedBlood\">Застывшую кровь</link></u></color>"
                }
              ]
            }
          ]
        }
      ]
    },
    {
      "id": 9015403,
      "levelList": [
        {
          "level": 1,
          "name": "У нас для вас событие!",
          "desc": "[WhenUse] Поглощает до 50 <sprite name=\"BloodDinner\"><color=#9f6a3a><u><link=\"BloodDinner\">Борща</link></u></color> и получает 1 <sprite name=\"BloodScissor\"><color=#f8c200><u><link=\"BloodScissor\">Вилка для аборта</link></u></color> за каждые 10 поглощенного <sprite name=\"BloodDinner\"><color=#9f6a3a><u><link=\"BloodDinner\">Борща</link></u></color>\n- Если не удалось поглотить <sprite name=\"BloodDinner\"><color=#9f6a3a><u><link=\"BloodDinner\">Борщ</link></u></color>, получает 5 <sprite name=\"Laceration\"><color=#e30000><u><link=\"Laceration\">Кетчупа</link></u></color> и 1 <sprite name=\"HardenedBlood\"><color=#f8c200><u><link=\"HardenedBlood\">Застывшую кровь</link></u></color>\n[WhenUse] Сила монет +1 против целей с 5 и более <sprite name=\"Laceration\"><color=#e30000><u><link=\"Laceration\">Кетчупа</link></u></color>",
          "coinlist": [
            {
              "coindescs": [
                {
                  "desc": "[OnSucceedAttack] Наносит 3 <sprite name=\"Laceration\"><color=#e30000><u><link=\"Laceration\">Кетчупа</link></u></color>"
                }
              ]
            },
            {
              "coindescs": [
                {
                  "desc": "[OnSucceedAttack] Наносит 3 <sprite name=\"Laceration\"><color=#e30000><u><link=\"Laceration\">Кетчупа</link></u></color>"
                }
              ]
            }
          ]
        }
      ]
    },
    {
      "id": 9015404,
      "levelList": [
        {
          "level": 1,
          "name": "Не торопи меня",
          "desc": "[WhenUse] Сила монет +1 против целей с 5 и более <sprite name=\"Laceration\"><color=#e30000><u><link=\"Laceration\">Кетчупа</link></u></color>\n[WhenUse] Сила в столкновении +1 за каждые <sprite name=\"BloodScissor\"><color=#f8c200><u><link=\"BloodScissor\">Вилка для аборта</link></u></color> (До 3)\nНаносит на 7% больше урона за каждую <sprite name=\"HardenedBlood\"><color=#f8c200><u><link=\"HardenedBlood\">Застывшую кровь</link></u></color> (До 35%)\n[EndSkill] Тратит всю <sprite name=\"HardenedBlood\"><color=#f8c200><u><link=\"HardenedBlood\">Застывшую кровь</link></u></color>",
          "coinlist": [
            {
              "coindescs": [
                {
                  "desc": "<sprite name=\"SuperCoin\"><color=#9f6a3a><u><link=\"SuperCoin\">Вечная монета</link></u></color>"
                },
                {
                  "desc": "[OnSucceedAttackHead] Наносит 8 <sprite name=\"Laceration\"><color=#e30000><u><link=\"Laceration\">Кетчупа</link></u></color>"
                }
              ]
            },
            {},
            {
              "coindescs": [
                {
                  "desc": "[OnSucceedAttack] Тратит до 5 <sprite name=\"BloodScissor\"><color=#f8c200><u><link=\"BloodScissor\">Окровавленных лезвий ножниц</link></u></color> и наносит на (20 × потраченные <sprite name=\"BloodScissor\"><color=#f8c200><u><link=\"BloodScissor\">Вилка для аборта</link></u></color>)% больше урона (До 100%)"
                },
                {
                  "desc": "[OnSucceedAttack] Восстанавливает (<sprite name=\"Laceration\"><color=#e30000><u><link=\"Laceration\">Кетчуп</link></u></color> на цели)% HP (До 30%)"
                }
              ]
            }
          ]
        }
      ]
    },
    {
      "id": 9015405,
      "levelList": [
        {
          "level": 1,
          "name": "Контратака",
          "desc": "[WhenUse] Если есть <sprite name=\"BloodScissor\"><color=#f8c200><u><link=\"BloodScissor\">Вилка для аборта</link></u></color>, Базовая сила +1\n[WhenUse] При 3 и более <sprite name=\"HardenedBlood\"><color=#f8c200><u><link=\"HardenedBlood\">Застывшей крови</link></u></color>, Сила монет +1",
          "coinlist": [
            {
              "coindescs": [
                {
                  "desc": "[OnSucceedAttack] Наносит 2 <sprite name=\"Laceration\"><color=#e30000><u><link=\"Laceration\">Кетчупа</link></u></color>"
                }
              ]
            }
          ]
        }
      ]
    },
    {
      "id": 9015501,
      "levelList": [
        {
          "level": 1,
          "name": "Еще, еще!",
          "desc": "",
          "coinlist": [
            {
              "coindescs": [
                {
                  "desc": "[OnSucceedAttack] Повышает счетчик <sprite name=\"Laceration\"><color=#e30000><u><link=\"Laceration\">Кетчупа</link></u></color> на 2"
                }
              ]
            },
            {
              "coindescs": [
                {
                  "desc": "[OnSucceedAttack] Повышает счетчик <sprite name=\"Laceration\"><color=#e30000><u><link=\"Laceration\">Кетчупа</link></u></color> на 2"
                }
              ]
            }
          ]
        }
      ]
    },
    {
      "id": 9015502,
      "levelList": [
        {
          "level": 1,
          "name": "Мне еще добавки",
          "desc": "[WhenUse] Наносит на 10% больше урона против целей с 4 и более <sprite name=\"Laceration\"><color=#e30000><u><link=\"Laceration\">Кетчупа</link></u></color>",
          "coinlist": [
            {
              "coindescs": [
                {
                  "desc": "[OnSucceedAttack] Наносит 4 <sprite name=\"Laceration\"><color=#e30000><u><link=\"Laceration\">Кетчупа</link></u></color>"
                },
                {
                  "desc": "[OnSucceedAttack] Если на цели 5 и более <sprite name=\"Laceration\"><color=#e30000><u><link=\"Laceration\">Кетчупа</link></u></color>, получает 1 <sprite name=\"HardenedBlood\"><color=#f8c200><u><link=\"HardenedBlood\">Застывшую кровь</link></u></color>"
                }
              ]
            }
          ]
        }
      ]
    },
    {
      "id": 9015503,
      "levelList": [
        {
          "level": 1,
          "name": "Какой божественный вкус!",
          "desc": "[WhenUse] Поглощает до 50 <sprite name=\"BloodDinner\"><color=#9f6a3a><u><link=\"BloodDinner\">Борща</link></u></color> и получает 1 <sprite name=\"BloodScissor\"><color=#f8c200><u><link=\"BloodScissor\">Вилка для аборта</link></u></color> за каждые 10 поглощенного <sprite name=\"BloodDinner\"><color=#9f6a3a><u><link=\"BloodDinner\">Борща</link></u></color>\n- Если не удалось поглотить <sprite name=\"BloodDinner\"><color=#9f6a3a><u><link=\"BloodDinner\">Борщ</link></u></color>, получает 5 <sprite name=\"Laceration\"><color=#e30000><u><link=\"Laceration\">Кетчупа</link></u></color> и 1 <sprite name=\"HardenedBlood\"><color=#f8c200><u><link=\"HardenedBlood\">Застывшую кровь</link></u></color>\n[WhenUse] Сила монет +1 против целей с 5 и более <sprite name=\"Laceration\"><color=#e30000><u><link=\"Laceration\">Кетчупа</link></u></color>",
          "coinlist": [
            {
              "coindescs": [
                {
                  "desc": "[OnSucceedAttack] Наносит 3 <sprite name=\"Laceration\"><color=#e30000><u><link=\"Laceration\">Кетчупа</link></u></color>"
                }
              ]
            },
            {
              "coindescs": [
                {
                  "desc": "[OnSucceedAttack] Наносит 3 <sprite name=\"Laceration\"><color=#e30000><u><link=\"Laceration\">Кетчупа</link></u></color>"
                }
              ]
            }
          ]
        }
      ]
    },
    {
      "id": 9015504,
      "levelList": [
        {
          "level": 1,
          "name": "Ах ты крысиная морда!",
          "desc": "[WhenUse] Сила монет +1 против целей с 5 и более <sprite name=\"Laceration\"><color=#e30000><u><link=\"Laceration\">Кетчупа</link></u></color>\n[WhenUse] Сила в столкновении +1 за каждые <sprite name=\"BloodScissor\"><color=#f8c200><u><link=\"BloodScissor\">Вилка для аборта</link></u></color> (До 3)\nНаносит на 7% больше урона за каждую <sprite name=\"HardenedBlood\"><color=#f8c200><u><link=\"HardenedBlood\">Застывшую кровь</link></u></color> (До 35%)\n[EndSkill] Тратит всю <sprite name=\"HardenedBlood\"><color=#f8c200><u><link=\"HardenedBlood\">Застывшую кровь</link></u></color>",
          "coinlist": [
            {
              "coindescs": [
                {
                  "desc": "<sprite name=\"SuperCoin\"><color=#9f6a3a><u><link=\"SuperCoin\">Вечная монета</link></u></color>"
                },
                {
                  "desc": "[OnSucceedAttack] Наносит 8 <sprite name=\"Laceration\"><color=#e30000><u><link=\"Laceration\">Кетчупа</link></u></color>"
                }
              ]
            },
            {},
            {
              "coindescs": [
                {
                  "desc": "[OnSucceedAttack] Тратит до 5 <sprite name=\"BloodScissor\"><color=#f8c200><u><link=\"BloodScissor\">Окровавленных лезвий ножниц</link></u></color> и наносит на (20 × потраченные <sprite name=\"BloodScissor\"><color=#f8c200><u><link=\"BloodScissor\">Вилка для аборта</link></u></color>)% больше урона (До 100%)"
                },
                {
                  "desc": "[OnSucceedAttack] Восстанавливает (<sprite name=\"Laceration\"><color=#e30000><u><link=\"Laceration\">Кетчуп</link></u></color> на цели)% HP (До 30%)"
                }
              ]
            }
          ]
        }
      ]
    },
    {
      "id": 9015505,
      "levelList": [
        {
          "level": 1,
          "name": "Контратака",
          "desc": "[WhenUse] Если есть <sprite name=\"BloodScissor\"><color=#f8c200><u><link=\"BloodScissor\">Вилка для аборта</link></u></color>, Базовая сила +1\n[WhenUse] При 3 и более <sprite name=\"HardenedBlood\"><color=#f8c200><u><link=\"HardenedBlood\">Застывшей крови</link></u></color>, Сила монет +1",
          "coinlist": [
            {
              "coindescs": [
                {
                  "desc": "[OnSucceedAttack] Наносит 2 <sprite name=\"Laceration\"><color=#e30000><u><link=\"Laceration\">Кетчупа</link></u></color>"
                }
              ]
            }
          ]
        }
      ]
    },
    {
      "id": 9015601,
      "levelList": [
        {
          "level": 1,
          "name": "Удар",
          "desc": "Если на цели 5 и более <sprite name=\"Burst\"><color=#e30000><u><link=\"Burst\">Зеленки</link></u></color>, наносит на 10% урона",
          "coinlist": [
            {
              "coindescs": [
                {
                  "desc": "[OnSucceedAttack] Наносит 3 <sprite name=\"Burst\"><color=#e30000><u><link=\"Burst\">Зеленки</link></u></color>"
                },
                {
                  "desc": "[OnSucceedAttack] Наносит 1 <sprite name=\"DefenseDown\"><color=#e30000><u><link=\"DefenseDown\">Понижение уровня защиты</link></u></color>"
                }
              ]
            }
          ]
        }
      ]
    },
    {
      "id": 9015602,
      "levelList": [
        {
          "level": 1,
          "name": "Сокрушительные раны",
          "desc": "Если на цели 5 и более <sprite name=\"Burst\"><color=#e30000><u><link=\"Burst\">Зеленки</link></u></color>, Базовая сила +1",
          "coinlist": [
            {
              "coindescs": [
                {
                  "desc": "[OnSucceedAttack] Наносит 1 <sprite name=\"Burst\"><color=#e30000><u><link=\"Burst\">Зеленка</link></u></color>"
                }
              ]
            },
            {
              "coindescs": [
                {
                  "desc": "[OnSucceedAttack] Наносит 1 <sprite name=\"TakeHpHealReduce\"><color=#e30000><u><link=\"TakeHpHealReduce\">Понижение восстановления HP</link></u></color>"
                },
                {
                  "desc": "[OnSucceedAttack] Если на цели 5 и более <sprite name=\"Burst\"><color=#e30000><u><link=\"Burst\">Зеленки</link></u></color>, наносит еще 1 <sprite name=\"TakeHpHealReduce\"><color=#e30000><u><link=\"TakeHpHealReduce\">Понижение восстановления HP</link></u></color>"
                }
              ]
            }
          ]
        }
      ]
    },
    {
      "id": 9015603,
      "levelList": [
        {
          "level": 1,
          "name": "Безудержные взмахи",
          "desc": "[WhenUse] Если счетчик <sprite name=\"Burst\"><color=#e30000><u><link=\"Burst\">Зеленки</link></u></color> цели 10 и более, атака не тратит счетчик <sprite name=\"Burst\"><color=#e30000><u><link=\"Burst\">Зеленки</link></u></color> цели при попадании",
          "coinlist": [
            {
              "coindescs": [
                {
                  "desc": "[OnSucceedAttack] Повышает счетчик <sprite name=\"Burst\"><color=#e30000><u><link=\"Burst\">Зеленки</link></u></color> на 1"
                },
                {
                  "desc": "[OnSucceedAttack] Наносит 1 <sprite name=\"Vulnerable\"><color=#e30000><u><link=\"Vulnerable\">Уязвимость</link></u></color>"
                }
              ]
            },
            {
              "coindescs": [
                {
                  "desc": "[OnSucceedAttack] Наносит 4 <sprite name=\"Burst\"><color=#e30000><u><link=\"Burst\">Зеленки</link></u></color>"
                },
                {
                  "desc": "[OnSucceedAttack] Если на цели 10 и более <sprite name=\"Burst\"><color=#e30000><u><link=\"Burst\">Зеленки</link></u></color>, на 30% больше урона"
                }
              ]
            }
          ]
        }
      ]
    },
    {
      "id": 9015604,
      "levelList": [
        {
          "level": 1,
          "name": "Гемостаз",
          "desc": "[WhenUse] Если имеется <sprite name=\"Laceration\"><color=#e30000><u><link=\"Laceration\">Кетчуп</link></u></color>, снимает с себя 2 <sprite name=\"Laceration\"><color=#e30000><u><link=\"Laceration\">Кетчупа</link></u></color> (Не может упасть ниже 1)",
          "coinlist": [
            {
              "coindescs": [
                {
                  "desc": ""
                }
              ]
            }
          ]
        }
      ]
    },
    {
      "id": 9015701,
      "levelList": [
        {
          "level": 1,
          "name": "Удар",
          "desc": "Если счетчик <sprite name=\"Burst\"><color=#e30000><u><link=\"Burst\">Зеленки</link></u></color> цели 3 и более, наносит на 10% больше урона",
          "coinlist": [
            {
              "coindescs": [
                {
                  "desc": "[OnSucceedAttack] Повышает счетчик <sprite name=\"Burst\"><color=#e30000><u><link=\"Burst\">Зеленки</link></u></color> на 2"
                },
                {
                  "desc": "[OnSucceedAttack] Наносит 1 <sprite name=\"DefenseDown\"><color=#e30000><u><link=\"DefenseDown\">Понижение уровня защиты</link></u></color>"
                }
              ]
            }
          ]
        }
      ]
    },
    {
      "id": 9015702,
      "levelList": [
        {
          "level": 1,
          "name": "Сокрушительные раны",
          "desc": "Если счетчик <sprite name=\"Burst\"><color=#e30000><u><link=\"Burst\">Зеленки</link></u></color> цели 3 и более, Базовая сила +1",
          "coinlist": [
            {
              "coindescs": [
                {
                  "desc": "[OnSucceedAttack] Повышает счетчик <sprite name=\"Burst\"><color=#e30000><u><link=\"Burst\">Зеленки</link></u></color> на 1"
                }
              ]
            },
            {
              "coindescs": [
                {
                  "desc": "[OnSucceedAttack] Наносит 1 <sprite name=\"TakeHpHealReduce\"><color=#e30000><u><link=\"TakeHpHealReduce\">Понижение восстановления HP</link></u></color>"
                },
                {
                  "desc": "[OnSucceedAttack] Если на цели 5 и более <sprite name=\"Burst\"><color=#e30000><u><link=\"Burst\">Зеленки</link></u></color>, наносит еще 1 <sprite name=\"TakeHpHealReduce\"><color=#e30000><u><link=\"TakeHpHealReduce\">Понижение восстановления HP</link></u></color>"
                }
              ]
            }
          ]
        }
      ]
    },
    {
      "id": 9015703,
      "levelList": [
        {
          "level": 1,
          "name": "Безудержные взмахи",
          "desc": "[WhenUse] Если счетчик <sprite name=\"Burst\"><color=#e30000><u><link=\"Burst\">Зеленки</link></u></color> цели 10 и более, атака не тратит счетчик <sprite name=\"Burst\"><color=#e30000><u><link=\"Burst\">Зеленки</link></u></color> цели при попадании",
          "coinlist": [
            {
              "coindescs": [
                {
                  "desc": "[OnSucceedAttack] Повышает счетчик <sprite name=\"Burst\"><color=#e30000><u><link=\"Burst\">Зеленки</link></u></color> на 2"
                },
                {
                  "desc": "[OnSucceedAttack] Наносит 1 <sprite name=\"Vulnerable\"><color=#e30000><u><link=\"Vulnerable\">Уязвимость</link></u></color>"
                }
              ]
            },
            {
              "coindescs": [
                {
                  "desc": "[OnSucceedAttack] Наносит 3 <sprite name=\"Burst\"><color=#e30000><u><link=\"Burst\">Зеленки</link></u></color>"
                },
                {
                  "desc": "[OnSucceedAttack] Если на цели 10 и более <sprite name=\"Burst\"><color=#e30000><u><link=\"Burst\">Зеленки</link></u></color>, на 30% больше урона"
                }
              ]
            }
          ]
        }
      ]
    },
    {
      "id": 9015704,
      "levelList": [
        {
          "level": 1,
          "name": "Гемостаз",
          "desc": "[WhenUse] Если имеется <sprite name=\"Laceration\"><color=#e30000><u><link=\"Laceration\">Кетчуп</link></u></color>, снимает с себя 2 <sprite name=\"Laceration\"><color=#e30000><u><link=\"Laceration\">Кетчупа</link></u></color> (Не может упасть ниже 1)",
          "coinlist": [
            {
              "coindescs": [
                {
                  "desc": ""
                }
              ]
            }
          ]
        }
      ]
    },
    {
      "id": 9016001,
      "levelList": [
        {
          "level": 1,
          "name": "Откровенное злодейство",
          "desc": "[WhenUse] Получает 2 <sprite name=\"Breath\"><color=#f8c200><u><link=\"Breath\">Кумара</link></u></color>",
          "coinlist": [
            {
              "coindescs": [
                {
                  "desc": "[OnSucceedAttack] Наносит 1 <sprite name=\"Laceration\"><color=#e30000><u><link=\"Laceration\">Кетчуп</link></u></color>"
                }
              ]
            },
            {
              "coindescs": [
                {
                  "desc": "[OnSucceedAttack] Наносит 1 <sprite name=\"Paralysis\"><color=#e30000><u><link=\"Paralysis\">Паралич</link></u></color>"
                },
                {
                  "desc": "[CriticalOnSucceedAttack] На 20% больше урона"
                }
              ]
            }
          ]
        }
      ]
    },
    {
      "id": 9016002,
      "levelList": [
        {
          "level": 1,
          "name": "Издевательство",
          "desc": "[WhenUse] Получает 2 <sprite name=\"Breath\"><color=#f8c200><u><link=\"Breath\">Кумара</link></u></color>",
          "coinlist": [
            {
              "coindescs": [
                {
                  "desc": "[OnSucceedAttack] Наносит 1 <sprite name=\"Vulnerable\"><color=#e30000><u><link=\"Vulnerable\">Уязвимость</link></u></color>"
                }
              ]
            },
            {
              "coindescs": [
                {
                  "desc": "[OnSucceedAttack] Наносит 1 <sprite name=\"DefenseDown\"><color=#e30000><u><link=\"DefenseDown\">Понижение уровня защиты</link></u></color>"
                },
                {
                  "desc": "[CriticalOnSucceedAttack] Если у цели есть <sprite name=\"TrulyWeak\"><color=#e30000><u><link=\"TrulyWeak\">Слабость</link></u></color>, на 30% больше урона"
                }
              ]
            }
          ]
        }
      ]
    },
    {
      "id": 9016101,
      "levelList": [
        {
          "level": 1,
          "name": "\"Рррр...\"",
          "desc": "",
          "coinlist": [
            {
              "coindescs": [
                {
                  "desc": "[OnSucceedAttack] Наносит 2 <sprite name=\"Burst\"><color=#e30000><u><link=\"Burst\">Зеленки</link></u></color>"
                }
              ]
            }
          ]
        }
      ]
    },
    {
      "id": 9016102,
      "levelList": [
        {
          "level": 1,
          "name": "\"Кррр...\"",
          "desc": "На 10% больше урона против целей с 5 и более <sprite name=\"Laceration\"><color=#e30000><u><link=\"Laceration\">Кетчупа</link></u></color>",
          "coinlist": [
            {
              "coindescs": [
                {
                  "desc": "[OnSucceedAttack] Наносит 1 <sprite name=\"Burst\"><color=#e30000><u><link=\"Burst\">Зеленка</link></u></color>"
                }
              ]
            },
            {
              "coindescs": [
                {
                  "desc": "[OnSucceedAttack] Наносит 2 <sprite name=\"Laceration\"><color=#e30000><u><link=\"Laceration\">Кетчупа</link></u></color>"
                }
              ]
            }
          ]
        }
      ]
    },
    {
      "id": 9016103,
      "levelList": [
        {
          "level": 1,
          "name": "Слушай, балбес. Это— \"Грррр.\"",
          "desc": "Если на цели 5 и более <sprite name=\"Laceration\"><color=#e30000><u><link=\"Laceration\">Кетчупа</link></u></color>, Сила монет +1",
          "coinlist": [
            {
              "coindescs": [
                {
                  "desc": "[OnSucceedAttack] Наносит 1 <sprite name=\"Vulnerable\"><color=#e30000><u><link=\"Vulnerable\">Уязвимость</link></u></color>"
                }
              ]
            },
            {
              "coindescs": [
                {
                  "desc": "[OnSucceedAttack] Наносит 2 <sprite name=\"Burst\"><color=#e30000><u><link=\"Burst\">Зеленки</link></u></color>"
                }
              ]
            },
            {
              "coindescs": [
                {
                  "desc": "[OnSucceedAttack] Наносит 2 <sprite name=\"Laceration\"><color=#e30000><u><link=\"Laceration\">Кетчупа</link></u></color>"
                }
              ]
            }
          ]
        }
      ]
    },
    {
      "id": 9016104,
      "levelList": [
        {
          "level": 1,
          "name": "...",
          "desc": "[WhenUse] Получает 1 <sprite name=\"Protection\"><color=#f8c200><u><link=\"Protection\">Защищенность</link></u></color>",
          "coinlist": [
            {
              "coindescs": [
                {
                  "desc": ""
                }
              ]
            }
          ]
        }
      ]
    },
    {
      "id": 9016105,
      "levelList": [
        {
          "level": 1,
          "name": "Эй, может хватит уже?",
          "desc": "[WhenUse] Получает 1 <sprite name=\"Enhancement\"><color=#f8c200><u><link=\"Enhancement\">Повышение силы атаки</link></u></color> на следующий ход",
          "coinlist": [
            {
              "coindescs": [
                {
                  "desc": ""
                }
              ]
            }
          ]
        }
      ]
    }
  ]
}