﻿{
  "dataList": [
    {
      "id": 810001,
      "levelList": [
        {
          "level": 1,
          "name": "Всеобщее рассеяние",
          "desc": "В приоритете <sprite name=\"AaCePcBa\"><color=#e30000><u><link=\"AaCePcBa\">Помеченные</link></u></color> противники",
          "coinlist": [
            {
              "coindescs": [
                {
                  "desc": "[OnSucceedAttack] Наносит урон по SP в количестве зажженных свечей"
                }
              ]
            },
            {
              "coindescs": [
                {
                  "desc": "[OnSucceedAttack] Наносит урон по SP в количестве зажженных свечей"
                }
              ]
            }
          ]
        }
      ]
    },
    {
      "id": 810002,
      "levelList": [
        {
          "level": 1,
          "name": "Тоска...",
          "desc": "В приоритете <sprite name=\"AaCePcBa\"><color=#e30000><u><link=\"AaCePcBa\">Помеченные</link></u></color> противники",
          "coinlist": [
            {
              "coindescs": [
                {
                  "desc": "[OnSucceedAttack] Накладывает 1 <sprite name=\"CrimsonTakeDamageUp\"><color=#e30000><u><link=\"CrimsonTakeDamageUp\">Уязвимость к Гневу</link></u></color> на следующий ход"
                },
                {
                  "desc": "[OnSucceedAttack] Если на цели есть <sprite name=\"Combustion\"><color=#e30000><u><link=\"Combustion\">Изжога</link></u></color>, наносит 4 <sprite name=\"Combustion\"><color=#e30000><u><link=\"Combustion\">Изжоги</link></u></color>"
                }
              ]
            },
            {
              "coindescs": [
                {
                  "desc": "[OnSucceedAttack] Накладывает 1 <sprite name=\"CrimsonTakeDamageUp\"><color=#e30000><u><link=\"CrimsonTakeDamageUp\">Уязвимость к Гневу</link></u></color> на следующий ход"
                },
                {
                  "desc": "[OnSucceedAttack] Если на цели есть <sprite name=\"Combustion\"><color=#e30000><u><link=\"Combustion\">Изжога</link></u></color>, наносит 4 <sprite name=\"Combustion\"><color=#e30000><u><link=\"Combustion\">Изжоги</link></u></color>"
                }
              ]
            }
          ]
        }
      ]
    },
    {
      "id": 810003,
      "levelList": [
        {
          "level": 1,
          "name": "1000 - 7",
          "desc": "Гасит все Свечи в следующием ходе\nПри попадании по <sprite name=\"AaCePcBa\"><color=#e30000><u><link=\"AaCePcBa\">Помеченным</link></u></color> целям, они теряют еще 5% от максимальных HP\n[DefeatDuel] Наносит 10 <sprite name=\"Combustion\"><color=#e30000><u><link=\"Combustion\">Изжоги</link></u></color> и <sprite name=\"AaCePcBa\"><color=#e30000><u><link=\"AaCePcBa\">Помечает</link></u></color> цель в следующем ходу\n[EndBattle] Все Свечи восстанавливаются до максимальных HP",
          "coinlist": [
            {
              "coindescs": [
                {
                  "desc": "[OnSucceedAttack] Максимальные HP цели снижаются на 10%"
                },
                {
                  "desc": "[OnSucceedAttack] Наносит 5 <sprite name=\"Combustion\"><color=#e30000><u><link=\"Combustion\">Изжоги</link></u></color> и повышает его счетчик на 2"
                }
              ]
            },
            {
              "coindescs": [
                {
                  "desc": "[OnSucceedAttack] Максимальные HP цели снижаются на 10%"
                },
                {
                  "desc": "[OnSucceedAttack] Наносит 5 <sprite name=\"Combustion\"><color=#e30000><u><link=\"Combustion\">Изжоги</link></u></color> и повышает его счетчик на 2"
                }
              ]
            }
          ]
        }
      ]
    },
    {
      "id": 810004,
      "levelList": [
        {
          "level": 1,
          "name": "6:5",
          "desc": "[CantDuel]\n[CantChangeTarget]\nСам получает урон вместо цели и оглушается в следующем ходу\n<sprite name=\"AaCePcBa\"><color=#e30000><u><link=\"AaCePcBa\">Помечает</link></u></color> случайного противника без этого эффекта\n[EndBattle] Все Свечи восстанавливаются до максимальных HP",
          "coinlist": [
            {
              "coindescs": [
                {
                  "desc": "[OnSucceedAttack] Максимальные HP Пророка Кожи снижаются на 10%"
                },
                {
                  "desc": "[OnSucceedAttack] Получает 10 <sprite name=\"Combustion\"><color=#e30000><u><link=\"Combustion\">Изжоги</link></u></color>"
                }
              ]
            },
            {
              "coindescs": [
                {
                  "desc": "[OnSucceedAttack] Максимальные HP Пророка Кожи снижаются на 10%"
                },
                {
                  "desc": "[OnSucceedAttack] Получает 10 <sprite name=\"Combustion\"><color=#e30000><u><link=\"Combustion\">Изжоги</link></u></color>"
                }
              ]
            }
          ]
        }
      ]
    },
    {
      "id": 810005,
      "levelList": [
        {
          "level": 1,
          "name": "Все будет раскрыто",
          "desc": "[CantDuel]",
          "coinlist": [
            {
              "coindescs": [
                {
                  "desc": "[OnSucceedAttack] Наносит 1 <sprite name=\"CrimsonTakeDamageUp\"><color=#e30000><u><link=\"CrimsonTakeDamageUp\">Уязвимость к Гневу</link></u></color>"
                }
              ]
            }
          ]
        }
      ]
    },
    {
      "id": 810006,
      "levelList": [
        {
          "level": 1,
          "name": "Все сгорит",
          "desc": "[CantDuel]",
          "coinlist": [
            {
              "coindescs": [
                {
                  "desc": "[OnSucceedAttack] Если на цели есть <sprite name=\"Combustion\"><color=#e30000><u><link=\"Combustion\">Изжога</link></u></color>, наносит 3 <sprite name=\"Combustion\"><color=#e30000><u><link=\"Combustion\">Изжоги</link></u></color>"
                }
              ]
            }
          ]
        }
      ]
    },
    {
      "id": 810701,
      "levelList": [
        {
          "level": 1,
          "name": "Искрящееся пламя",
          "desc": "В приоритете <sprite name=\"AaCePcBa\"><color=#e30000><u><link=\"AaCePcBa\">Помеченные</link></u></color> противники",
          "coinlist": [
            {
              "coindescs": [
                {
                  "desc": "[OnSucceedAttack] Наносит 6 <sprite name=\"Combustion\"><color=#e30000><u><link=\"Combustion\">Изжоги</link></u></color> и повышает его счетчик на 2"
                }
              ]
            }
          ]
        }
      ]
    },
    {
      "id": 810702,
      "levelList": [
        {
          "level": 1,
          "name": "Чтобы все сгорело",
          "desc": "[StartBattle] Получает 20 HP щита\nГасит все свечи в следующем ходе и щит спадает",
          "coinlist": [
            {
              "coindescs": [
                {
                  "desc": "[OnSucceedAttack] Наносит 1 <sprite name=\"Combustion\"><color=#e30000><u><link=\"Combustion\">Изжога</link></u></color> и повышает его счетчик на 1"
                }
              ]
            }
          ]
        }
      ]
    },
    {
      "id": 810101,
      "levelList": [
        {
          "level": 1,
          "name": "Токсичная жидкость",
          "desc": "[StartBattle] Поглощает 1 <sprite name=\"AaCePcBh\"><color=#689f35><u><link=\"AaCePcBh\">Зеленую слизь</link></u></color>",
          "coinlist": [
            {
              "coindescs": [
                {
                  "desc": "[OnSucceedAttack] Наносит 3 <sprite name=\"Poison\"><color=#e30000><u><link=\"Poison\">Яда</link></u></color>"
                }
              ]
            },
            {
              "coindescs": [
                {
                  "desc": "[OnSucceedAttack] Наносит 3 <sprite name=\"Poison\"><color=#e30000><u><link=\"Poison\">Яда</link></u></color>"
                }
              ]
            }
          ]
        }
      ]
    },
    {
      "id": 810102,
      "levelList": [
        {
          "level": 1,
          "name": "Коррозийная жидкость",
          "desc": "[StartBattle] Поглощает 1 <sprite name=\"AaCePcBh\"><color=#689f35><u><link=\"AaCePcBh\">Зеленую слизь</link></u></color>",
          "coinlist": [
            {
              "coindescs": [
                {
                  "desc": "[OnSucceedAttack] Наносит <sprite name=\"DefenseDown\"><color=#e30000><u><link=\"DefenseDown\">Понижения уровня защиты</link></u></color> в количестве <sprite name=\"Poison\"><color=#e30000><u><link=\"Poison\">Яда</link></u></color> на цели"
                },
                {
                  "desc": "[OnSucceedAttack] Наносит 1 <sprite name=\"AaCePcBg\"><color=#e30000><u><link=\"AaCePcBg\">Личинку</link></u></color>"
                }
              ]
            },
            {
              "coindescs": [
                {
                  "desc": "[OnSucceedAttack] Наносит <sprite name=\"DefenseDown\"><color=#e30000><u><link=\"DefenseDown\">Понижения уровня защиты</link></u></color> в количестве <sprite name=\"Poison\"><color=#e30000><u><link=\"Poison\">Яда</link></u></color> на цели"
                },
                {
                  "desc": "[OnSucceedAttack] Наносит 1 <sprite name=\"AaCePcBg\"><color=#e30000><u><link=\"AaCePcBg\">Личинку</link></u></color>"
                }
              ]
            }
          ]
        }
      ]
    },
    {
      "id": 810103,
      "levelList": [
        {
          "level": 1,
          "name": "Паралитическая жидкость",
          "desc": "[StartBattle] Поглощает 1 <sprite name=\"AaCePcBh\"><color=#689f35><u><link=\"AaCePcBh\">Зеленую слизь</link></u></color>",
          "coinlist": [
            {
              "coindescs": [
                {
                  "desc": "[OnSucceedAttack] Если на цели есть <sprite name=\"Poison\"><color=#e30000><u><link=\"Poison\">Яд</link></u></color>, наносит 1 <sprite name=\"Paralysis\"><color=#e30000><u><link=\"Paralysis\">Паралич</link></u></color>"
                },
                {
                  "desc": "[OnSucceedAttack] Наносит 2 <sprite name=\"AaCePcBg\"><color=#e30000><u><link=\"AaCePcBg\">Личинки</link></u></color>"
                }
              ]
            },
            {
              "coindescs": [
                {
                  "desc": "[OnSucceedAttack] Если на цели есть <sprite name=\"Poison\"><color=#e30000><u><link=\"Poison\">Яд</link></u></color>, наносит 1 <sprite name=\"Paralysis\"><color=#e30000><u><link=\"Paralysis\">Паралич</link></u></color>"
                },
                {
                  "desc": "[OnSucceedAttack] Наносит 2 <sprite name=\"AaCePcBg\"><color=#e30000><u><link=\"AaCePcBg\">Личинки</link></u></color>"
                }
              ]
            }
          ]
        }
      ]
    },
    {
      "id": 810104,
      "levelList": [
        {
          "level": 1,
          "name": "Пожирающая жидкость",
          "desc": "[StartBattle] Поглощает 2 <sprite name=\"AaCePcBh\"><color=#689f35><u><link=\"AaCePcBh\">Зеленые слизи</link></u></color>\n[WhenUse] Наносит 3 <sprite name=\"AaCePcBg\"><color=#e30000><u><link=\"AaCePcBg\">Личинки</link></u></color>",
          "coinlist": [
            {
              "coindescs": [
                {
                  "desc": "[OnSucceedAttack] Наносит 4 <sprite name=\"Poison\"><color=#e30000><u><link=\"Poison\">Яда</link></u></color>"
                },
                {
                  "desc": "[OnSucceedAttackHead] Наносит 1 <sprite name=\"Paralysis\"><color=#e30000><u><link=\"Paralysis\">Паралич</link></u></color> в следующий ход"
                }
              ]
            },
            {
              "coindescs": [
                {
                  "desc": "[OnSucceedAttack] Наносит 4 <sprite name=\"Poison\"><color=#e30000><u><link=\"Poison\">Яда</link></u></color>"
                },
                {
                  "desc": "[OnSucceedAttackHead] Наносит 1 <sprite name=\"Paralysis\"><color=#e30000><u><link=\"Paralysis\">Паралич</link></u></color> в следующий ход"
                }
              ]
            }
          ]
        }
      ]
    },
    {
      "id": 810105,
      "levelList": [
        {
          "level": 1,
          "name": "Пузырящаяся зеленая слизь",
          "desc": "[StartBattle] Получает вес атаки в количестве <sprite name=\"AaCePcBh\"><color=#689f35><u><link=\"AaCePcBh\">Зеленой слизи</link></u></color>\n[StartBattle] Получает 10 <sprite name=\"AaCePcBh\"><color=#689f35><u><link=\"AaCePcBh\">Зеленой слизи</link></u></color>",
          "coinlist": [
            {
              "coindescs": [
                {
                  "desc": "[OnSucceedAttack] Наносит 10 <sprite name=\"Poison\"><color=#e30000><u><link=\"Poison\">Яда</link></u></color>"
                },
                {
                  "desc": "[OnSucceedAttack] Цель теряет 7 SP"
                },
                {
                  "desc": "[OnSucceedAttack] Наносит 3 <sprite name=\"AaCePcBg\"><color=#e30000><u><link=\"AaCePcBg\">Личинки</link></u></color>"
                },
                {
                  "desc": "[OnSucceedAttackHead] Наносит 1 <sprite name=\"Paralysis\"><color=#e30000><u><link=\"Paralysis\">Паралич</link></u></color> и 3 <sprite name=\"DefenseDown\"><color=#e30000><u><link=\"DefenseDown\">Понижения уровня защиты</link></u></color> на следующий ход"
                }
              ]
            }
          ]
        }
      ]
    },
    {
      "id": 810106,
      "levelList": [
        {
          "level": 1,
          "name": "Поглощение",
          "desc": "[CantDuel]\n[CantChangeTarget]\nНацеливается на Зеленую слизь и поглощает ее при атаке",
          "coinlist": [
            {
              "coindescs": [
                {
                  "desc": "[TargetKill] Получает 3 <sprite name=\"AaCePcBh\"><color=#689f35><u><link=\"AaCePcBh\">Зеленой слизи</link></u></color>"
                }
              ]
            }
          ]
        }
      ]
    },
    {
      "id": 810107,
      "levelList": [
        {
          "level": 1,
          "name": "Переполняющий яд",
          "desc": "[OnSucceedEvade] Наносит 5 <sprite name=\"Poison\"><color=#e30000><u><link=\"Poison\">Яда</link></u></color>",
          "coinlist": [
            {
              "coindescs": [
                {
                  "desc": ""
                }
              ]
            }
          ]
        }
      ]
    },
    {
      "id": 810201,
      "levelList": [
        {
          "level": 1,
          "name": "Фронтовой удар",
          "desc": "",
          "coinlist": [
            {
              "coindescs": [
                {
                  "desc": "[OnSucceedAttack] Наносит 4 <sprite name=\"Sinking\"><color=#e30000><u><link=\"Sinking\">Депрессии</link></u></color>"
                }
              ]
            }
          ]
        }
      ]
    },
    {
      "id": 810202,
      "levelList": [
        {
          "level": 1,
          "name": "Сотрясение",
          "desc": "",
          "coinlist": [
            {
              "coindescs": [
                {
                  "desc": "[OnSucceedAttack] Повышает счетчик <sprite name=\"Sinking\"><color=#e30000><u><link=\"Sinking\">Депрессии</link></u></color> на 3"
                }
              ]
            },
            {
              "coindescs": [
                {
                  "desc": "[OnSucceedAttack] Повышает счетчик <sprite name=\"Sinking\"><color=#e30000><u><link=\"Sinking\">Депрессии</link></u></color> на 3"
                }
              ]
            }
          ]
        }
      ]
    },
    {
      "id": 810203,
      "levelList": [
        {
          "level": 1,
          "name": "Сдавливание",
          "desc": "",
          "coinlist": [
            {
              "coindescs": [
                {
                  "desc": "[OnSucceedAttack] Наносит 4 <sprite name=\"Sinking\"><color=#e30000><u><link=\"Sinking\">Депрессии</link></u></color>"
                },
                {
                  "desc": "[OnSucceedAttack] Повышает счетчик <sprite name=\"Sinking\"><color=#e30000><u><link=\"Sinking\">Депрессии</link></u></color> на 2, если у цели есть <sprite name=\"AaCePcBb\"><color=#00c6b6><u><link=\"AaCePcBb\">Осколок флюоресценции</link></u></color>"
                }
              ]
            },
            {
              "coindescs": [
                {
                  "desc": "[OnSucceedAttack] Наносит 4 <sprite name=\"Sinking\"><color=#e30000><u><link=\"Sinking\">Депрессии</link></u></color>"
                },
                {
                  "desc": "[OnSucceedAttack] Повышает счетчик <sprite name=\"Sinking\"><color=#e30000><u><link=\"Sinking\">Депрессии</link></u></color> на 2, если у цели есть <sprite name=\"AaCePcBb\"><color=#00c6b6><u><link=\"AaCePcBb\">Осколок флюоресценции</link></u></color>"
                }
              ]
            }
          ]
        }
      ]
    },
    {
      "id": 810204,
      "levelList": [
        {
          "level": 1,
          "name": "Слепая одержимость",
          "desc": "[DefeatDuel] Часть «Флуоресцентные лампы» теряет 34% от максимальных HP\n[DefeatDuel] Получает 1 <sprite name=\"AaCePcBc\"><color=#298e86><u><link=\"AaCePcBc\">Слепую одержимость</link></u></color>",
          "coinlist": [
            {
              "coindescs": [
                {
                  "desc": "[OnSucceedAttack] Повышает счетчик <sprite name=\"Sinking\"><color=#e30000><u><link=\"Sinking\">Депрессии</link></u></color> на 3"
                },
                {
                  "desc": "[OnSucceedAttackHead] Наносит 4 <sprite name=\"Sinking\"><color=#e30000><u><link=\"Sinking\">Депрессии</link></u></color>"
                }
              ]
            },
            {
              "coindescs": [
                {
                  "desc": "[OnSucceedAttack] Повышает счетчик <sprite name=\"Sinking\"><color=#e30000><u><link=\"Sinking\">Депрессии</link></u></color> на 3"
                },
                {
                  "desc": "[OnSucceedAttackHead] Наносит 4 <sprite name=\"Sinking\"><color=#e30000><u><link=\"Sinking\">Депрессии</link></u></color>"
                }
              ]
            },
            {
              "coindescs": [
                {
                  "desc": "[OnSucceedAttack] Накладывает 4 <sprite name=\"Sinking\"><color=#e30000><u><link=\"Sinking\">Депрессии</link></u></color>"
                },
                {
                  "desc": "[OnSucceedAttackHead] Наносит 4 <sprite name=\"Sinking\"><color=#e30000><u><link=\"Sinking\">Депрессии</link></u></color>"
                }
              ]
            },
            {
              "coindescs": [
                {
                  "desc": "[OnSucceedAttack] Провоцирует <sprite name=\"SinkingSurge\"><color=#e30000><u><link=\"SinkingSurge\">Суицид</link></u></color>"
                }
              ]
            }
          ]
        }
      ]
    },
    {
      "id": 810205,
      "levelList": [
        {
          "level": 1,
          "name": "Обрушивающийся илистый поток",
          "desc": "[CantDuel]\n[StartBattle] Изменяет окружение",
          "coinlist": [
            {
              "coindescs": [
                {
                  "desc": "[OnSucceedAttack] Наносит 3 <sprite name=\"Sinking\"><color=#e30000><u><link=\"Sinking\">Депрессии</link></u></color> и повышает его счетчик на 2"
                },
                {
                  "desc": "[OnSucceedAttackHead] Получает -2 к <sprite name=\"MentalSystemResultDecrease_Typo\"><color=#9f6a3a><u><link=\"MentalSystemResultDecrease_Typo\">Эффективности потери SP</link></u></color> в следующем ходу"
                }
              ]
            },
            {
              "coindescs": [
                {
                  "desc": "[OnSucceedAttack] Наносит 3 <sprite name=\"Sinking\"><color=#e30000><u><link=\"Sinking\">Депрессии</link></u></color> и повышает его счетчик на 2"
                }
              ]
            }
          ]
        }
      ]
    },
    {
      "id": 810206,
      "levelList": [
        {
          "level": 1,
          "name": "Блуждающая слепая одержимость",
          "desc": "[CantDuel]\n[CantChangeTarget] Нацеливается на Расколотые обломки\n[EndSkill] Часть «Флуоресцентные лампы» теряет 34% от максимальных HP\n[EndBattle] Получает 1 <sprite name=\"AaCePcBc\"><color=#298e86><u><link=\"AaCePcBc\">Слепую одержимость</link></u></color>",
          "coinlist": [
            {
              "coindescs": [
                {
                  "desc": "[OnSucceedAttack] Уничтожает Расколотые обломки"
                }
              ]
            }
          ]
        }
      ]
    },
    {
      "id": 810207,
      "levelList": [
        {
          "level": 1,
          "name": "Холодный поток",
          "desc": "[EndBattle] На поле боя появляются Дрейфующие обломки",
          "coinlist": [
            {
              "coindescs": [
                {
                  "desc": "[OnSucceedAttack] Наносит 4 <sprite name=\"Sinking\"><color=#e30000><u><link=\"Sinking\">Депрессии</link></u></color>"
                },
                {
                  "desc": "[OnSucceedAttack] Повышает счетчик <sprite name=\"Sinking\"><color=#e30000><u><link=\"Sinking\">Депрессии</link></u></color> на 2, если у цели есть <sprite name=\"AaCePcBb\"><color=#00c6b6><u><link=\"AaCePcBb\">Осколок флюоресценции</link></u></color>"
                }
              ]
            },
            {
              "coindescs": [
                {
                  "desc": "[OnSucceedAttack] Наносит 4 <sprite name=\"Sinking\"><color=#e30000><u><link=\"Sinking\">Депрессии</link></u></color>"
                },
                {
                  "desc": "[OnSucceedAttack] Повышает счетчик <sprite name=\"Sinking\"><color=#e30000><u><link=\"Sinking\">Депрессии</link></u></color> на 2, если у цели есть <sprite name=\"AaCePcBb\"><color=#00c6b6><u><link=\"AaCePcBb\">Осколок флюоресценции</link></u></color>"
                }
              ]
            }
          ]
        }
      ]
    },
    {
      "id": 810208,
      "levelList": [
        {
          "level": 1,
          "name": "Холодный поток",
          "desc": "[StartBattle] Теряет всю <sprite name=\"AaCePcBc\"><color=#298e86><u><link=\"AaCePcBc\">Слепую одержимость</link></u></color>\n[StartBattle] Уничтожает все Дрейфующие и Расколотые обломки",
          "coinlist": [
            {
              "coindescs": [
                {
                  "desc": "[OnSucceedAttack] Наносит 4 <sprite name=\"Sinking\"><color=#e30000><u><link=\"Sinking\">Депрессии</link></u></color>"
                }
              ]
            }
          ]
        }
      ]
    },
    {
      "id": 811001,
      "levelList": [
        {
          "level": 1,
          "name": "Прокол",
          "desc": "",
          "coinlist": [
            {
              "coindescs": [
                {
                  "desc": "[OnSucceedAttackHead] Наносит 4 <sprite name=\"Laceration\"><color=#e30000><u><link=\"Laceration\">Кетчупа</link></u></color>"
                }
              ]
            }
          ]
        }
      ]
    },
    {
      "id": 811002,
      "levelList": [
        {
          "level": 1,
          "name": "Усугубление раны",
          "desc": "[WinDuel] Восстанавливает 5 SP\nНаносит на 5% больше урона за каждое <sprite name=\"Laceration\"><color=#e30000><u><link=\"Laceration\">Кетчуп</link></u></color> на цели",
          "coinlist": [
            {
              "coindescs": [
                {
                  "desc": "[OnSucceedAttack] Наносит 2 <sprite name=\"Laceration\"><color=#e30000><u><link=\"Laceration\">Кетчупа</link></u></color>"
                }
              ]
            },
            {
              "coindescs": [
                {
                  "desc": "[OnSucceedAttack] Наносит 2 <sprite name=\"Laceration\"><color=#e30000><u><link=\"Laceration\">Кетчупа</link></u></color>"
                }
              ]
            },
            {
              "coindescs": [
                {
                  "desc": "[OnSucceedAttack] Наносит 2 <sprite name=\"Laceration\"><color=#e30000><u><link=\"Laceration\">Кетчупа</link></u></color>"
                }
              ]
            }
          ]
        }
      ]
    },
    {
      "id": 811003,
      "levelList": [
        {
          "level": 1,
          "name": "Защищать город!",
          "desc": "[WhenUse] Получает 5 <sprite name=\"Breath\"><color=#f8c200><u><link=\"Breath\">Кумара</link></u></color>",
          "coinlist": [
            {
              "coindescs": [
                {
                  "desc": "[OnSucceedAttack] Повышает свой счетчик <sprite name=\"Breath\"><color=#f8c200><u><link=\"Breath\">Кумара</link></u></color> на 1"
                },
                {
                  "desc": "[OnSucceedAttack] Восстанавливает 4 SP"
                }
              ]
            },
            {
              "coindescs": [
                {
                  "desc": "[OnSucceedAttack] Повышает свой счетчик <sprite name=\"Breath\"><color=#f8c200><u><link=\"Breath\">Кумара</link></u></color> на 1"
                },
                {
                  "desc": "[OnSucceedAttack] Восстанавливает 4 SP"
                }
              ]
            },
            {
              "coindescs": [
                {
                  "desc": "[OnSucceedAttack] Повышает свой счетчик <sprite name=\"Breath\"><color=#f8c200><u><link=\"Breath\">Кумара</link></u></color> на 1"
                },
                {
                  "desc": "[OnSucceedAttack] Восстанавливает 4 SP"
                }
              ]
            },
            {
              "coindescs": [
                {
                  "desc": "[OnSucceedAttack] Повышает свой счетчик <sprite name=\"Breath\"><color=#f8c200><u><link=\"Breath\">Кумара</link></u></color> на 1"
                },
                {
                  "desc": "[OnSucceedAttack] Восстанавливает 4 SP"
                }
              ]
            }
          ]
        }
      ]
    },
    {
      "id": 811004,
      "levelList": [
        {
          "level": 1,
          "name": "Опутывающее копье",
          "desc": "[WhenUse] Получает 5 <sprite name=\"Breath\"><color=#f8c200><u><link=\"Breath\">Кумара</link></u></color> и повышает его счетчик на 2",
          "coinlist": [
            {
              "coindescs": [
                {
                  "desc": "[OnSucceedAttack] Наносит <sprite name=\"AaCePcBk\"><color=#e30000><u><link=\"AaCePcBk\">Опутывание</link></u></color>"
                },
                {
                  "desc": "[OnSucceedAttack] Наносит 2 <sprite name=\"Binding\"><color=#e30000><u><link=\"Binding\">Поноса</link></u></color> на следующий ход"
                }
              ]
            }
          ]
        }
      ]
    },
    {
      "id": 811005,
      "levelList": [
        {
          "level": 1,
          "name": "Блок",
          "desc": "При получении урона, пока имеется щит, получает 1 <sprite name=\"AttackUp\"><color=#f8c200><u><link=\"AttackUp\">Повышение уровня атаки</link></u></color> на следующий ход",
          "coinlist": [
            {
              "coindescs": [
                {
                  "desc": ""
                }
              ]
            }
          ]
        }
      ]
    },
    {
      "id": 811101,
      "levelList": [
        {
          "level": 1,
          "name": "Быстрые уколы",
          "desc": "",
          "coinlist": [
            {
              "coindescs": [
                {
                  "desc": "[OnSucceedAttackHead] Повышает счетчик <sprite name=\"Laceration\"><color=#e30000><u><link=\"Laceration\">Кетчупа</link></u></color> на 2"
                }
              ]
            },
            {
              "coindescs": [
                {
                  "desc": "[OnSucceedAttackHead] Повышает счетчик <sprite name=\"Laceration\"><color=#e30000><u><link=\"Laceration\">Кетчупа</link></u></color> на 1"
                }
              ]
            }
          ]
        }
      ]
    },
    {
      "id": 811102,
      "levelList": [
        {
          "level": 1,
          "name": "Вырезание раны",
          "desc": "[WinDuel] Восстанавливает 5 SP\nНаносит на 5% больше урона за каждое <sprite name=\"Laceration\"><color=#e30000><u><link=\"Laceration\">Кетчуп</link></u></color> на цели",
          "coinlist": [
            {
              "coindescs": [
                {
                  "desc": "[OnSucceedAttack] Повышает счетчик <sprite name=\"Laceration\"><color=#e30000><u><link=\"Laceration\">Кетчупа</link></u></color> на 1"
                }
              ]
            },
            {
              "coindescs": [
                {
                  "desc": "[OnSucceedAttack] Повышает счетчик <sprite name=\"Laceration\"><color=#e30000><u><link=\"Laceration\">Кетчупа</link></u></color> на 1"
                }
              ]
            },
            {
              "coindescs": [
                {
                  "desc": "[OnSucceedAttack] Повышает счетчик <sprite name=\"Laceration\"><color=#e30000><u><link=\"Laceration\">Кетчупа</link></u></color> на 1"
                }
              ]
            },
            {
              "coindescs": [
                {
                  "desc": "[OnSucceedAttack] Повышает счетчик <sprite name=\"Laceration\"><color=#e30000><u><link=\"Laceration\">Кетчупа</link></u></color> на 1"
                }
              ]
            }
          ]
        }
      ]
    },
    {
      "id": 811103,
      "levelList": [
        {
          "level": 1,
          "name": "Защитим город!",
          "desc": "[WhenUse] Получает 5 <sprite name=\"Breath\"><color=#f8c200><u><link=\"Breath\">Кумара</link></u></color>",
          "coinlist": [
            {
              "coindescs": [
                {
                  "desc": "[OnSucceedAttack] Повышает свой счетчик <sprite name=\"Breath\"><color=#f8c200><u><link=\"Breath\">Кумара</link></u></color> на 1"
                },
                {
                  "desc": "[OnSucceedAttack] Восстанавливает 4 SP"
                }
              ]
            },
            {
              "coindescs": [
                {
                  "desc": "[OnSucceedAttack] Повышает свой счетчик <sprite name=\"Breath\"><color=#f8c200><u><link=\"Breath\">Кумара</link></u></color> на 1"
                },
                {
                  "desc": "[OnSucceedAttack] Восстанавливает 4 SP"
                }
              ]
            },
            {
              "coindescs": [
                {
                  "desc": "[OnSucceedAttack] Повышает свой счетчик <sprite name=\"Breath\"><color=#f8c200><u><link=\"Breath\">Кумара</link></u></color> на 1"
                },
                {
                  "desc": "[OnSucceedAttack] Восстанавливает 4 SP"
                }
              ]
            },
            {
              "coindescs": [
                {
                  "desc": "[OnSucceedAttack] Повышает свой счетчик <sprite name=\"Breath\"><color=#f8c200><u><link=\"Breath\">Кумара</link></u></color> на 1"
                },
                {
                  "desc": "[OnSucceedAttack] Восстанавливает 4 SP"
                }
              ]
            }
          ]
        }
      ]
    },
    {
      "id": 811104,
      "levelList": [
        {
          "level": 1,
          "name": "Копье захвата",
          "desc": "[WhenUse] Получает 5 <sprite name=\"Breath\"><color=#f8c200><u><link=\"Breath\">Кумара</link></u></color> и повышает его счетчик на 2",
          "coinlist": [
            {
              "coindescs": [
                {
                  "desc": "[OnSucceedAttack] Наносит <sprite name=\"AaCePcBl\"><color=#e30000><u><link=\"AaCePcBl\">Захват</link></u></color>"
                },
                {
                  "desc": "[OnSucceedAttack] Наносит 2 <sprite name=\"Binding\"><color=#e30000><u><link=\"Binding\">Поноса</link></u></color> на следующий ход"
                }
              ]
            }
          ]
        }
      ]
    },
    {
      "id": 811105,
      "levelList": [
        {
          "level": 1,
          "name": "Уворот",
          "desc": "[OnSucceedEvade] Получает 1 <sprite name=\"AttackUp\"><color=#f8c200><u><link=\"AttackUp\">Повышение уровня атаки</link></u></color> на следующий ход (До 3)",
          "coinlist": [
            {
              "coindescs": [
                {
                  "desc": ""
                }
              ]
            }
          ]
        }
      ]
    },
    {
      "id": 810301,
      "levelList": [
        {
          "level": 1,
          "name": "Начало охоты",
          "desc": "[StartBattle] Призывает 4 союзника в следующем ходе\n[WhenUse] Накладывает <sprite name=\"AaCePcBj\"><color=#e30000><u><link=\"AaCePcBj\">Метку добычи</link></u></color> на следующий ход",
          "coinlist": [
            {
              "coindescs": [
                {
                  "desc": "[OnSucceedAttack] Наносит 2 <sprite name=\"Laceration\"><color=#e30000><u><link=\"Laceration\">Кетчупа</link></u></color>"
                }
              ]
            }
          ]
        }
      ]
    },
    {
      "id": 810302,
      "levelList": [
        {
          "level": 1,
          "name": "Гарпунирование",
          "desc": "",
          "coinlist": [
            {
              "coindescs": [
                {
                  "desc": "[OnSucceedAttack] Наносит 2 <sprite name=\"Laceration\"><color=#e30000><u><link=\"Laceration\">Кетчупа</link></u></color>"
                }
              ]
            }
          ]
        }
      ]
    },
    {
      "id": 810303,
      "levelList": [
        {
          "level": 1,
          "name": "Пронзающий гарпун",
          "desc": "",
          "coinlist": [
            {},
            {
              "coindescs": [
                {
                  "desc": "[OnSucceedAttack] Наносит 3 <sprite name=\"AttackDown\"><color=#e30000><u><link=\"AttackDown\">Понижения уровня атаки</link></u></color>"
                },
                {
                  "desc": "[OnSucceedAttack] Наносит 2 <sprite name=\"Binding\"><color=#e30000><u><link=\"Binding\">Поноса</link></u></color> на следующий ход"
                }
              ]
            },
            {
              "coindescs": [
                {
                  "desc": "[OnSucceedAttack] Наносит 4 <sprite name=\"Laceration\"><color=#e30000><u><link=\"Laceration\">Кетчупа</link></u></color>"
                }
              ]
            }
          ]
        }
      ]
    },
    {
      "id": 810304,
      "levelList": [
        {
          "level": 1,
          "name": "Глубокий вдох",
          "desc": "[StartBattle] Получает 10 <sprite name=\"Breath\"><color=#f8c200><u><link=\"Breath\">Кумара</link></u></color> и повышает его счетчик на 10\nРаскумары этого навыка не расходуют счетчик <sprite name=\"Breath\"><color=#f8c200><u><link=\"Breath\">Кумара</link></u></color>\n[EndBattle] Получает 1 <sprite name=\"PlusCoinValueUp\"><color=#f8c200><u><link=\"PlusCoinValueUp\">Усиление положительной монеты</link></u></color> на следующий ход за каждого живого союзника",
          "coinlist": [
            {
              "coindescs": [
                {}
              ]
            }
          ]
        }
      ]
    },
    {
      "id": 810305,
      "levelList": [
        {
          "level": 1,
          "name": "Контратака",
          "desc": "Раскумары навыка не расходуют счетчик <sprite name=\"Breath\"><color=#f8c200><u><link=\"Breath\">Кумара</link></u></color>",
          "coinlist": [
            {
              "coindescs": [
                {
                  "desc": "[OnSucceedAttack] Повышает счетчик <sprite name=\"Laceration\"><color=#e30000><u><link=\"Laceration\">Кетчупа</link></u></color> на 2"
                }
              ]
            }
          ]
        }
      ]
    },
    {
      "id": 810306,
      "levelList": [
        {
          "level": 1,
          "name": "Выслеживание добычи",
          "desc": "Наносит на 30% больше урона при раскумаре",
          "coinlist": [
            {
              "coindescs": [
                {
                  "desc": "[OnSucceedAttack] Наносит 1 <sprite name=\"Laceration\"><color=#e30000><u><link=\"Laceration\">Кетчуп</link></u></color>"
                }
              ]
            },
            {
              "coindescs": [
                {
                  "desc": "[OnSucceedAttack] Наносит 1 <sprite name=\"Laceration\"><color=#e30000><u><link=\"Laceration\">Кетчуп</link></u></color>"
                },
                {
                  "desc": "[CriticalOnSucceedAttack] Повышает первую границу выносливости цели на 50% от нанесенного урона"
                }
              ]
            },
            {
              "coindescs": [
                {
                  "desc": "[OnSucceedAttack] Наносит 5 <sprite name=\"Laceration\"><color=#e30000><u><link=\"Laceration\">Кетчупа</link></u></color>"
                }
              ]
            }
          ]
        }
      ]
    },
    {
      "id": 810307,
      "levelList": [
        {
          "level": 1,
          "name": "Перерезать горло",
          "desc": "Раскумары навыка не расходуют счетчик <sprite name=\"Breath\"><color=#f8c200><u><link=\"Breath\">Кумара</link></u></color>\nНаносит на 5% больше урона за каждое <sprite name=\"Laceration\"><color=#e30000><u><link=\"Laceration\">Кетчуп</link></u></color> на цели\n[WhenUse] Оглушается в конце хода, если не останется<sprite name=\"Breath\"><color=#f8c200><u><link=\"Breath\">Кумара</link></u></color>",
          "coinlist": [
            {
              "coindescs": [
                {
                  "desc": "На 50% больше урона при раскумаре"
                },
                {
                  "desc": "[OnSucceedAttack] Оглушает цель на следующий ход"
                }
              ]
            }
          ]
        }
      ]
    },
    {
      "id": 810308,
      "levelList": [
        {
          "level": 1,
          "name": "Глубокый кумар",
          "desc": "[StartBattle] Получает 3 <sprite name=\"Breath\"><color=#f8c200><u><link=\"Breath\">Кумара</link></u></color> и повышает его счетчик на 5\nВ этот ход получает Итоговую силу, равную своему <sprite name=\"Breath\"><color=#f8c200><u><link=\"Breath\">Кумару</link></u></color>\nВ этот ход теряет 1 счетчик <sprite name=\"Breath\"><color=#f8c200><u><link=\"Breath\">Кумара</link></u></color> при получении атаки",
          "coinlist": [
            {
              "coindescs": [
                {}
              ]
            }
          ]
        }
      ]
    },
    {
      "id": 810309,
      "levelList": [
        {
          "level": 1,
          "name": "Чтобы выжить",
          "desc": "Наносит на 30% больше урона при раскумаре",
          "coinlist": [
            {
              "coindescs": [
                {
                  "desc": "[OnSucceedAttack] Восстанавливает HP Ядра и Частей на 50% от нанесенного урона"
                }
              ]
            },
            {
              "coindescs": [
                {
                  "desc": "[OnSucceedAttack] Восстанавливает HP Ядра и Частей на 50% от нанесенного урона"
                }
              ]
            },
            {
              "coindescs": [
                {
                  "desc": "[OnSucceedAttack] Восстанавливает HP Ядра и Частей на 50% от нанесенного урона"
                }
              ]
            }
          ]
        }
      ]
    },
    {
      "id": 810310,
      "levelList": [
        {
          "level": 1,
          "name": "Должна... защитить",
          "desc": "[TurnStartBattle] При использовании этого Навыка, если больше 0 <sprite name=\"AaCePcBr\"><color=#9f6a3a><u><link=\"AaCePcBr\">Барьера поддержки</link></u></color>, активирует <sprite name=\"AaCePcBs\"><color=#9f6a3a><u><link=\"AaCePcBs\">Защитную поддержку</link></u></color>.\n[StartBattle] Получает 10% от макс. HP в виде <sprite name=\"AaCePcBr\"><color=#9f6a3a><u><link=\"AaCePcBr\">Барьера поддержки</link></u></color>",
          "coinlist": [
            {
              "coindescs": [
                {}
              ]
            }
          ]
        }
      ]
    },
    {
      "id": 810311,
      "levelList": [
        {
          "level": 1,
          "name": "Упорный гарпун",
          "desc": "Итоговая сила +1 при атаке той же цели, что и Старбак",
          "coinlist": [
            {
              "coindescs": [
                {
                  "desc": "[OnSucceedAttack] Восстанавливает HP Ядра и Частей на 50% от нанесенного урона"
                }
              ]
            },
            {
              "coindescs": [
                {
                  "desc": "[OnSucceedAttack] Наносит <sprite name=\"AaCePcBk\"><color=#e30000><u><link=\"AaCePcBk\">Опутывание</link></u></color>"
                },
                {
                  "desc": "[OnSucceedAttack] Восстанавливает HP Ядра и Частей на 50% от нанесенного урона"
                }
              ]
            }
          ]
        }
      ]
    },
    {
      "id": 810312,
      "levelList": [
        {
          "level": 1,
          "name": "Охота должна завершиться...",
          "desc": "Раскумары навыка не расходуют счетчик <sprite name=\"Breath\"><color=#f8c200><u><link=\"Breath\">Кумара</link></u></color>\nНаносит на 5% больше урона за каждое <sprite name=\"Laceration\"><color=#e30000><u><link=\"Laceration\">Кетчуп</link></u></color> на цели",
          "coinlist": [
            {
              "coindescs": [
                {
                  "desc": "На 50% больше урона при раскумаре"
                },
                {
                  "desc": "[OnSucceedAttack] Оглушает цель на следующий ход"
                }
              ]
            }
          ]
        }
      ]
    },
    {
      "id": 810401,
      "levelList": [
        {
          "level": 1,
          "name": "Пронзание",
          "desc": "[WhenUse] Повышает счетчик <sprite name=\"Breath\"><color=#f8c200><u><link=\"Breath\">Кумара</link></u></color> на 3",
          "coinlist": [
            {
              "coindescs": [
                {
                  "desc": "[OnSucceedAttack] Повышает счетчик <sprite name=\"Laceration\"><color=#e30000><u><link=\"Laceration\">Кетчупа</link></u></color> на 1"
                }
              ]
            },
            {
              "coindescs": [
                {
                  "desc": "[OnSucceedAttack] Повышает счетчик <sprite name=\"Laceration\"><color=#e30000><u><link=\"Laceration\">Кетчупа</link></u></color> на 1"
                }
              ]
            },
            {
              "coindescs": [
                {
                  "desc": "[OnSucceedAttack] Повышает счетчик <sprite name=\"Laceration\"><color=#e30000><u><link=\"Laceration\">Кетчупа</link></u></color> на 1"
                }
              ]
            }
          ]
        }
      ]
    },
    {
      "id": 810402,
      "levelList": [
        {
          "level": 1,
          "name": "Пронзание",
          "desc": "[WhenUse] Получает 5 <sprite name=\"Breath\"><color=#f8c200><u><link=\"Breath\">Кумара</link></u></color>",
          "coinlist": [
            {
              "coindescs": [
                {
                  "desc": "[OnSucceedAttack] Наносит 1 <sprite name=\"Vulnerable\"><color=#e30000><u><link=\"Vulnerable\">Уязвимость</link></u></color> на следующий ход"
                }
              ]
            },
            {
              "coindescs": [
                {
                  "desc": "[OnSucceedAttack] Наносит 2 <sprite name=\"DefenseDown\"><color=#e30000><u><link=\"DefenseDown\">Понижения уровня защиты</link></u></color> на следующий ход"
                },
                {
                  "desc": "[OnSucceedAttackHead] Заново подкидывает монету (До 3)"
                }
              ]
            }
          ]
        }
      ]
    },
    {
      "id": 810403,
      "levelList": [
        {
          "level": 1,
          "name": "Я следую приказам...",
          "desc": "[TurnStartBattle] Если <sprite name=\"AaCePcBr\"><color=#9f6a3a><u><link=\"AaCePcBr\">Барьера поддержки</link></u></color> Квиквег больше нуля, активирует <sprite name=\"CoverAttack\"><color=#9f6a3a><u><link=\"CoverAttack\">Вспомогательную атаку</link></u></color>",
          "coinlist": [
            {
              "coindescs": [
                {
                  "desc": "[OnSucceedAttack] Повышает счетчик <sprite name=\"Laceration\"><color=#e30000><u><link=\"Laceration\">Кетчупа</link></u></color> на 1"
                }
              ]
            }
          ]
        }
      ]
    },
    {
      "id": 810404,
      "levelList": [
        {
          "level": 1,
          "name": "Засада",
          "desc": "Наносит на 50% больше урона при раскумаре\n- Еще на 5% больше урона за каждое <sprite name=\"Laceration\"><color=#e30000><u><link=\"Laceration\">Кетчуп</link></u></color> на цели",
          "coinlist": [
            {
              "coindescs": [
                {
                  "desc": "[OnSucceedAttack] Повышает счетчик <sprite name=\"Laceration\"><color=#e30000><u><link=\"Laceration\">Кетчупа</link></u></color> на 3"
                },
                {
                  "desc": "[CriticalOnSucceedAttack] Повышает первую границу выносливости цели на 50% от нанесенного урона"
                }
              ]
            }
          ]
        }
      ]
    },
    {
      "id": 810405,
      "levelList": [
        {
          "level": 1,
          "name": "Испуганный вздох",
          "desc": "[WhenUse] Повышает счетчик <sprite name=\"Breath\"><color=#f8c200><u><link=\"Breath\">Кумара</link></u></color> на 6",
          "coinlist": [
            {
              "coindescs": [
                {
                  "desc": "[OnSucceedAttack] Повышает счетчик <sprite name=\"Laceration\"><color=#e30000><u><link=\"Laceration\">Кетчупа</link></u></color> на 1"
                }
              ]
            },
            {
              "coindescs": [
                {
                  "desc": "[OnSucceedAttack] Повышает счетчик <sprite name=\"Laceration\"><color=#e30000><u><link=\"Laceration\">Кетчупа</link></u></color> на 1"
                }
              ]
            },
            {
              "coindescs": [
                {
                  "desc": "[OnSucceedAttack] Повышает счетчик <sprite name=\"Laceration\"><color=#e30000><u><link=\"Laceration\">Кетчупа</link></u></color> на 1"
                }
              ]
            }
          ]
        }
      ]
    },
    {
      "id": 810406,
      "levelList": [
        {
          "level": 1,
          "name": "Решительный гарпун",
          "desc": "Итоговая сила +2 при атаке той же цели, что и Квиквег",
          "coinlist": [
            {
              "coindescs": [
                {
                  "desc": "[OnSucceedAttack] Наносит <sprite name=\"AaCePcBl\"><color=#e30000><u><link=\"AaCePcBl\">Захват</link></u></color>"
                },
                {
                  "desc": "[OnSucceedAttack] Наносит 5 <sprite name=\"DefenseDown\"><color=#e30000><u><link=\"DefenseDown\">Понижений уровня защиты</link></u></color> на следующий ход"
                }
              ]
            },
            {
              "coindescs": [
                {
                  "desc": "[OnSucceedAttack] Наносит 1 <sprite name=\"Vulnerable\"><color=#e30000><u><link=\"Vulnerable\">Уязвимость</link></u></color> на следующий ход"
                },
                {
                  "desc": "[OnSucceedAttackTail] Заново подкидывает монету (До 3)"
                }
              ]
            }
          ]
        }
      ]
    },
    {
      "id": 810407,
      "levelList": [
        {
          "level": 1,
          "name": "Спастись...",
          "desc": "На 100% больше урона при раскумаре\n- Еще на 5% больше урона за каждое <sprite name=\"Laceration\"><color=#e30000><u><link=\"Laceration\">Кетчуп</link></u></color> на цели",
          "coinlist": [
            {
              "coindescs": [
                {
                  "desc": "[OnSucceedAttack] Повышает счетчик <sprite name=\"Laceration\"><color=#e30000><u><link=\"Laceration\">Кетчупа</link></u></color> на 3"
                },
                {
                  "desc": "[CriticalOnSucceedAttack] Повышает первую границу выносливости цели на 50% от нанесенного урона"
                }
              ]
            }
          ]
        }
      ]
    },
    {
      "id": 810501,
      "levelList": [
        {
          "level": 1,
          "name": "Подчинись моим приказам",
          "desc": "[WhenUse] Восстанавливает 10 SP себе и союзнику с наименьшей SP",
          "coinlist": [
            {
              "coindescs": [
                {}
              ]
            }
          ]
        }
      ]
    },
    {
      "id": 810502,
      "levelList": [
        {
          "level": 1,
          "name": "Ко мне!",
          "desc": "[StartBattle] Приказывает Квиквег активировать <sprite name=\"AaCePcBs\"><color=#9f6a3a><u><link=\"AaCePcBs\">Защитную поддержку</link></u></color> в следующем ходу (Приказ отменяется, если Ахав в оглушении)",
          "coinlist": [
            {
              "coindescs": [
                {}
              ]
            }
          ]
        }
      ]
    },
    {
      "id": 810503,
      "levelList": [
        {
          "level": 1,
          "name": "Выследить их до конца!",
          "desc": "[StartBattle] Приказывает Старбаку активировать <sprite name=\"CoverAttack\"><color=#9f6a3a><u><link=\"CoverAttack\">Вспомогательную атаку</link></u></color> в следующем ходу (Приказ отменяется, если Ахав в оглушении)\n[WhenUse] Накладывает <sprite name=\"AaCePcBj\"><color=#e30000><u><link=\"AaCePcBj\">Метку добычи</link></u></color> на следующий ход",
          "coinlist": [
            {
              "coindescs": [
                {}
              ]
            }
          ]
        }
      ]
    },
    {
      "id": 810504,
      "levelList": [
        {
          "level": 1,
          "name": "Гарпун ветерана",
          "desc": "",
          "coinlist": [
            {
              "coindescs": [
                {
                  "desc": "[OnSucceedAttack] Наносит 2 <sprite name=\"Laceration\"><color=#e30000><u><link=\"Laceration\">Кетчупа</link></u></color>"
                }
              ]
            },
            {
              "coindescs": [
                {
                  "desc": "[OnSucceedAttack] Наносит 2 <sprite name=\"Laceration\"><color=#e30000><u><link=\"Laceration\">Кетчупа</link></u></color>"
                }
              ]
            }
          ]
        }
      ]
    },
    {
      "id": 810505,
      "levelList": [
        {
          "level": 1,
          "name": "Пылающий гарпун",
          "desc": "Итоговая сила +1 за каждый отрицательный эффект на главной цели (До 5)\nНаносит на 5% больше урона за каждое <sprite name=\"Laceration\"><color=#e30000><u><link=\"Laceration\">Кетчуп</link></u></color> на цели",
          "coinlist": [
            {
              "coindescs": [
                {
                  "desc": "[OnSucceedAttack] Наносит 3 <sprite name=\"Laceration\"><color=#e30000><u><link=\"Laceration\">Кетчупа</link></u></color>"
                }
              ]
            },
            {
              "coindescs": [
                {
                  "desc": "[OnSucceedAttack] Наносит 3 <sprite name=\"Laceration\"><color=#e30000><u><link=\"Laceration\">Кетчупа</link></u></color>"
                }
              ]
            },
            {
              "coindescs": [
                {
                  "desc": "[OnSucceedAttack] Наносит <sprite name=\"Combustion\"><color=#e30000><u><link=\"Combustion\">Изжога</link></u></color> в количестве <sprite name=\"Laceration\"><color=#e30000><u><link=\"Laceration\">Кетчупа</link></u></color> на цели"
                }
              ]
            }
          ]
        }
      ]
    },
    {
      "id": 810506,
      "levelList": [
        {
          "level": 1,
          "name": "Безрассудство!",
          "desc": "[WhenUse] Восстанавливает 5 SP\n[OnSucceedEvade] Цель теряет 5 SP",
          "coinlist": [
            {
              "coindescs": [
                {}
              ]
            }
          ]
        }
      ]
    },
    {
      "id": 810507,
      "levelList": [
        {
          "level": 1,
          "name": "Выдох!",
          "desc": "[WhenUse] Накладывает <sprite name=\"AaCePcBj\"><color=#e30000><u><link=\"AaCePcBj\">Метку добычи</link></u></color> на следующий ход\n[WinDuel] Получает 4 <sprite name=\"Breath\"><color=#f8c200><u><link=\"Breath\">Кумара</link></u></color>",
          "coinlist": [
            {
              "coindescs": [
                {
                  "desc": "[OnSucceedAttack] Дает 4 <sprite name=\"Breath\"><color=#f8c200><u><link=\"Breath\">Кумара</link></u></color> союзникам\nЕсли других союзников нет, вместо этого повышает свой счетчик <sprite name=\"Breath\"><color=#f8c200><u><link=\"Breath\">Кумара</link></u></color> на 2"
                }
              ]
            }
          ]
        }
      ]
    },
    {
      "id": 810508,
      "levelList": [
        {
          "level": 1,
          "name": "Будь бесстрашным!",
          "desc": "[WhenUse] Восстанавливает 10 SP себе, другой союзник с наибольшей SP теряет 10 SP",
          "coinlist": [
            {
              "coindescs": [
                {
                  "desc": "[OnSucceedAttack] Повышает счетчик <sprite name=\"Combustion\"><color=#e30000><u><link=\"Combustion\">Изжоги</link></u></color> на 1"
                },
                {
                  "desc": "[OnSucceedAttack] Наносит 1 <sprite name=\"Paralysis\"><color=#e30000><u><link=\"Paralysis\">Паралич</link></u></color> одному из союзников на следующий ход"
                }
              ]
            },
            {
              "coindescs": [
                {
                  "desc": "[OnSucceedAttack] Повышает счетчик <sprite name=\"Combustion\"><color=#e30000><u><link=\"Combustion\">Изжоги</link></u></color> на 1"
                },
                {
                  "desc": "[OnSucceedAttack] Наносит 1 <sprite name=\"Paralysis\"><color=#e30000><u><link=\"Paralysis\">Паралич</link></u></color> одному из союзников на следующий ход"
                }
              ]
            },
            {
              "coindescs": [
                {
                  "desc": "[OnSucceedAttack] Повышает счетчик <sprite name=\"Combustion\"><color=#e30000><u><link=\"Combustion\">Изжоги</link></u></color> на 1"
                },
                {
                  "desc": "[OnSucceedAttack] Наносит 1 <sprite name=\"Paralysis\"><color=#e30000><u><link=\"Paralysis\">Паралич</link></u></color> одному из союзников на следующий ход"
                }
              ]
            }
          ]
        }
      ]
    },
    {
      "id": 810509,
      "levelList": [
        {
          "level": 1,
          "name": "Смертельная закалка",
          "desc": "[WhenUse] Отдает <sprite name=\"AaCePcBn\"><color=#d61c00><u><link=\"AaCePcBn\">Неоспоримый приказ</link></u></color> союзнику с наименьшей SP\n[DefeatDuel] Повышает гранцу выносливости на 20 союзнику с наименьшей SP",
          "coinlist": [
            {
              "coindescs": [
                {
                  "desc": "[OnSucceedAttack] Наносит 2 <sprite name=\"Vulnerable\"><color=#e30000><u><link=\"Vulnerable\">Уязвимости</link></u></color>"
                }
              ]
            }
          ]
        }
      ]
    },
    {
      "id": 810601,
      "levelList": [
        {
          "level": 1,
          "name": "Сокрушительный раскол!",
          "desc": "",
          "coinlist": [
            {
              "coindescs": [
                {
                  "desc": "[OnSucceedAttack] Наносит 3 <sprite name=\"Laceration\"><color=#e30000><u><link=\"Laceration\">Кетчупа</link></u></color>"
                },
                {
                  "desc": "[OnSucceedAttack] Повышает счетчик <sprite name=\"Laceration\"><color=#e30000><u><link=\"Laceration\">Кетчупа</link></u></color> на 3"
                }
              ]
            },
            {
              "coindescs": [
                {
                  "desc": "[OnSucceedAttack] Наносит 3 <sprite name=\"Laceration\"><color=#e30000><u><link=\"Laceration\">Кетчупа</link></u></color>"
                },
                {
                  "desc": "[OnSucceedAttack] Повышает счетчик <sprite name=\"Laceration\"><color=#e30000><u><link=\"Laceration\">Кетчупа</link></u></color> на 3"
                }
              ]
            }
          ]
        }
      ]
    },
    {
      "id": 810602,
      "levelList": [
        {
          "level": 1,
          "name": "Смертельный удар",
          "desc": "Нацеливается на противника с наименьшими максимальными HP",
          "coinlist": [
            {
              "coindescs": [
                {
                  "desc": "[OnSucceedAttack] Наносит 6 <sprite name=\"AttackDown\"><color=#e30000><u><link=\"AttackDown\">Понижений уровня атаки</link></u></color>"
                }
              ]
            },
            {
              "coindescs": [
                {
                  "desc": "[OnSucceedAttack] Повышает счетчик <sprite name=\"Laceration\"><color=#e30000><u><link=\"Laceration\">Кетчупа</link></u></color> на 3"
                }
              ]
            }
          ]
        }
      ]
    },
    {
      "id": 810603,
      "levelList": [
        {
          "level": 1,
          "name": "Бессмертная душа",
          "desc": "Заново использует уворот при неудачном увороте (До 2 раз)\n[OnDefeatEvade] Теряет 2 <sprite name=\"AaCePcBo\"><color=#d1dbdc><u><link=\"AaCePcBo\">Эго Пипа</link></u></color>",
          "coinlist": [
            {}
          ]
        }
      ]
    },
    {
      "id": 810604,
      "levelList": [
        {
          "level": 1,
          "name": "Мутная невинность",
          "desc": "[DefeatDuel] Получает 2 <sprite name=\"Disarming\"><color=#e30000><u><link=\"Disarming\">Понижения силы защиты</link></u></color> и теряет 10 SP",
          "coinlist": [
            {
              "coindescs": [
                {
                  "desc": "[OnSucceedAttackHead] Наносит 1 <sprite name=\"AaCePbBa\"><color=#e30000><u><link=\"AaCePbBa\">Бледный шум</link></u></color>"
                },
                {
                  "desc": "[OnSucceedAttack] Наносит 1 <sprite name=\"Paralysis\"><color=#e30000><u><link=\"Paralysis\">Паралич</link></u></color>"
                }
              ]
            },
            {
              "coindescs": [
                {
                  "desc": "[OnSucceedAttackHead] Наносит 1 <sprite name=\"AaCePbBa\"><color=#e30000><u><link=\"AaCePbBa\">Бледный шум</link></u></color>"
                },
                {
                  "desc": "[OnSucceedAttack] Наносит 1 <sprite name=\"Binding\"><color=#e30000><u><link=\"Binding\">Понос</link></u></color> на следующий ход"
                }
              ]
            }
          ]
        }
      ]
    },
    {
      "id": 810605,
      "levelList": [
        {
          "level": 1,
          "name": "Тяжесть вины",
          "desc": "Нацеливается на 3 противника с наименьшими максимальными HP\n[StartBattle] Базовая сила +2 и Вес атаки +1 за каждые 5 <sprite name=\"AaCePcBo\"><color=#d1dbdc><u><link=\"AaCePcBo\">Эго Пипа</link></u></color>\n[WhenUse] Теряет 3 <sprite name=\"AaCePcBo\"><color=#d1dbdc><u><link=\"AaCePcBo\">Эго Пипа</link></u></color>",
          "coinlist": [
            {
              "coindescs": [
                {
                  "desc": "[OnSucceedAttack] Наносит 1 <sprite name=\"AaCePbBa\"><color=#e30000><u><link=\"AaCePbBa\">Бледный шум</link></u></color>"
                },
                {
                  "desc": "[OnSucceedAttack] Повышает границу выносливости цели на 30"
                },
                {
                  "desc": "[OnSucceedAttackHead] Цель теряет 10 SP"
                }
              ]
            }
          ]
        }
      ]
    },
    {
      "id": 810606,
      "levelList": [
        {
          "level": 1,
          "name": "사용하지않는스킬(번역x)",
          "desc": "",
          "coinlist": [
            {},
            {}
          ]
        }
      ]
    },
    {
      "id": 810607,
      "levelList": [
        {
          "level": 1,
          "name": "Окутанный страх",
          "desc": "[WhenUse] Накладывает <sprite name=\"AaCePcBj\"><color=#e30000><u><link=\"AaCePcBj\">Метку добычи</link></u></color> на следующий ход",
          "coinlist": [
            {
              "coindescs": [
                {
                  "desc": "[OnSucceedAttackHead] Наносит 1 <sprite name=\"AaCePbBa\"><color=#e30000><u><link=\"AaCePbBa\">Бледный шум</link></u></color>"
                },
                {
                  "desc": "[OnSucceedAttack] Наносит 3 <sprite name=\"Laceration\"><color=#e30000><u><link=\"Laceration\">Кетчупа</link></u></color> и повышает его счетчик на 4"
                }
              ]
            }
          ]
        }
      ]
    },
    {
      "id": 810608,
      "levelList": [
        {
          "level": 1,
          "name": "Проколотая слабость",
          "desc": "[WhenUse] Накладывает <sprite name=\"AaCePcBj\"><color=#e30000><u><link=\"AaCePcBj\">Метку добычи</link></u></color> на следующий ход",
          "coinlist": [
            {
              "coindescs": [
                {
                  "desc": "[OnSucceedAttackHead] Наносит 1 <sprite name=\"AaCePbBa\"><color=#e30000><u><link=\"AaCePbBa\">Бледный шум</link></u></color>"
                },
                {
                  "desc": "[OnSucceedAttack] Наносит 3 <sprite name=\"AttackDown\"><color=#e30000><u><link=\"AttackDown\">Понижения уровня атаки</link></u></color> на следующий ход"
                }
              ]
            }
          ]
        }
      ]
    },
    {
      "id": 810609,
      "levelList": [
        {
          "level": 1,
          "name": "Эхо крика",
          "desc": "Наносит на 5% больше урона за каждое <sprite name=\"Laceration\"><color=#e30000><u><link=\"Laceration\">Кетчуп</link></u></color> на цели\nСила монет +1, если у цели нет <sprite name=\"AaCePcBj\"><color=#e30000><u><link=\"AaCePcBj\">Метки добычи</link></u></color>\n[DefeatDuel] Теряет 5 SP",
          "coinlist": [
            {
              "coindescs": [
                {
                  "desc": "[OnSucceedAttack] Наносит 1 <sprite name=\"Laceration\"><color=#e30000><u><link=\"Laceration\">Кетчуп</link></u></color>"
                },
                {
                  "desc": "[OnSucceedAttack] 3 случайных противника теряют 3 SP"
                }
              ]
            },
            {
              "coindescs": [
                {
                  "desc": "[OnSucceedAttack] Наносит 1 <sprite name=\"Laceration\"><color=#e30000><u><link=\"Laceration\">Кетчуп</link></u></color>"
                },
                {
                  "desc": "[OnSucceedAttack] 3 случайных противника теряют 3 SP"
                }
              ]
            },
            {
              "coindescs": [
                {
                  "desc": "[OnSucceedAttack] Наносит 1 <sprite name=\"Laceration\"><color=#e30000><u><link=\"Laceration\">Кетчуп</link></u></color>"
                },
                {
                  "desc": "[OnSucceedAttack] 3 случайных противника теряют 3 SP"
                }
              ]
            },
            {
              "coindescs": [
                {
                  "desc": "[OnSucceedAttack] Наносит 1 <sprite name=\"Laceration\"><color=#e30000><u><link=\"Laceration\">Кетчуп</link></u></color>"
                },
                {
                  "desc": "[OnSucceedAttack] 3 случайных противника теряют 3 SP"
                }
              ]
            },
            {
              "coindescs": [
                {
                  "desc": "[OnSucceedAttack] Наносит 1 <sprite name=\"Laceration\"><color=#e30000><u><link=\"Laceration\">Кетчуп</link></u></color>"
                },
                {
                  "desc": "[OnSucceedAttack] 3 случайных противника теряют 3 SP"
                },
                {
                  "desc": "[OnSucceedAttack] Снова подкидывает последнюю монету за каждые 10 <sprite name=\"AaCePcBp\"><color=#d0e0cc><u><link=\"AaCePcBp\">Эго Старбакс</link></u></color>"
                }
              ]
            }
          ]
        }
      ]
    },
    {
      "id": 810610,
      "levelList": [
        {
          "level": 1,
          "name": "Затуманенный путь",
          "desc": "[WhenUse] Накладывает <sprite name=\"AaCePcBj\"><color=#e30000><u><link=\"AaCePcBj\">Метку добычи</link></u></color> на следующий ход",
          "coinlist": [
            {
              "coindescs": [
                {
                  "desc": "[OnSucceedAttack] Наносит 2 <sprite name=\"AttackDmgDown\"><color=#e30000><u><link=\"AttackDmgDown\">Понижения урона</link></u></color>"
                }
              ]
            },
            {
              "coindescs": [
                {
                  "desc": "[OnSucceedAttack] Повышает счетчик <sprite name=\"Laceration\"><color=#e30000><u><link=\"Laceration\">Кетчупа</link></u></color> на 3"
                }
              ]
            },
            {
              "coindescs": [
                {
                  "desc": "[OnSucceedAttackHead] Наносит 1 <sprite name=\"AaCePbBa\"><color=#e30000><u><link=\"AaCePbBa\">Бледный шум</link></u></color>"
                },
                {
                  "desc": "[OnSucceedAttack] Наносит 5 <sprite name=\"Laceration\"><color=#e30000><u><link=\"Laceration\">Кетчупа</link></u></color>"
                }
              ]
            }
          ]
        }
      ]
    },
    {
      "id": 810611,
      "levelList": [
        {
          "level": 1,
          "name": "Бледное искупление",
          "desc": "[WhenUse] Теряет 5 <sprite name=\"AaCePcBq\"><color=#d9d1e0><u><link=\"AaCePcBq\">Эго Квикег</link></u></color>\n[WinDuel] Получает 6 <sprite name=\"DefenseUp\"><color=#f8c200><u><link=\"DefenseUp\">Повышений уровня защиты</link></u></color>\n[DefeatDuel] Теряет 5 SP",
          "coinlist": [
            {
              "coindescs": [
                {
                  "desc": "[OnSucceedAttack] Наносит 2 <sprite name=\"AaCePbBa\"><color=#e30000><u><link=\"AaCePbBa\">Бледных шума</link></u></color>"
                },
                {
                  "desc": "[OnSucceedAttack] Оглушает цель"
                }
              ]
            }
          ]
        }
      ]
    },
    {
      "id": 810612,
      "levelList": [
        {
          "level": 1,
          "name": "Коварное обледенение",
          "desc": "[StartBattle] Получает щит, равный 10% от максимальных HP; за каждое <sprite name=\"AaCePcBq\"><color=#d9d1e0><u><link=\"AaCePcBq\">Эго Квикег</link></u></color> получает дополнительные 0.5% от максимальных HP в качестве щита\nПри получении атаки по щиту, атакующий теряет 5 SP\nПри получении атаки, использует контратаку один раз за каждые 10 <sprite name=\"AaCePcBq\"><color=#d9d1e0><u><link=\"AaCePcBq\">Эго Квикег</link></u></color>",
          "coinlist": [
            {
              "coindescs": [
                {
                  "desc": "[OnSucceedAttack] Наносит 1 <sprite name=\"Laceration\"><color=#e30000><u><link=\"Laceration\">Кетчуп</link></u></color>"
                }
              ]
            },
            {
              "coindescs": [
                {
                  "desc": "[OnSucceedAttack] Наносит 1 <sprite name=\"Laceration\"><color=#e30000><u><link=\"Laceration\">Кетчуп</link></u></color>"
                }
              ]
            }
          ]
        }
      ]
    },
    {
      "id": 810007,
      "levelList": [
        {
          "level": 1,
          "name": "Не пренебрегай пророчеством",
          "desc": "",
          "coinlist": [
            {
              "coindescs": [
                {
                  "desc": "[OnSucceedAttack] Наносит 5 <sprite name=\"Combustion\"><color=#e30000><u><link=\"Combustion\">Изжоги</link></u></color> и повышает его счетчик на 2"
                }
              ]
            }
          ]
        }
      ]
    }
  ]
}