﻿{
  "dataList": [
    {
      "id": 10635,
      "title": "Тикающие звуки"
    },
    {
      "id": 10636,
      "title": "Изабелла"
    },
    {
      "id": 10637,
      "title": "Громоотвод"
    },
    {
      "id": 10638,
      "title": "Дикая Охота"
    },
    {
      "id": 10639,
      "title": "Дикая Охота 2"
    },
    {
      "id": 10640,
      "title": "Дикая Охота 3"
    },
    {
      "id": 10641,
      "title": "Непроходимый путь"
    },
    {
      "id": 10642,
      "title": "На Крышу"
    },
    {
      "id": 10643,
      "title": "Золотая Ветвь"
    },
    {
      "id": 10644,
      "title": "Эрлкинг"
    },
    {
      "id": 10645,
      "title": "Жизнь, Украдена"
    },
    {
      "id": 10646,
      "title": "Выражение Любви"
    },
    {
      "id": 10647,
      "title": "Несломленные Сердца"
    },
    {
      "id": 10648,
      "title": "Каждый Мир"
    }
  ]
}