{
  "dataList": [
    {
      "id": "chapter_d_100",
      "company": "Корп. D",
      "area": "4-й Район",
      "chapter": "Пролог",
      "chapterNumber": "00",
      "chaptertitle": "Первое правило леса...",
      "timeline": "984/01"
    },
    {
      "id": "chapter_d_101",
      "company": "Корп. D",
      "area": "4-й Район",
      "chapter": "Песнь I",
      "chapterNumber": "01",
      "chaptertitle": "Школьные талканы",
      "timeline": "984/01"
    },
    {
      "id": "chapter_j_102",
      "company": "Корп. J",
      "area": "10-й Район",
      "chapter": "Песнь II",
      "chapterNumber": "02",
      "chaptertitle": "Сука кто открыл окно зимой",
      "timeline": "984/01"
    },
    {
      "id": "chapter_k_103",
      "company": "Корп. К",
      "area": "11-й Район",
      "chapter": "Песнь III",
      "chapterNumber": "03",
      "chaptertitle": "Сирота и пдфайл",
      "timeline": "984/02"
    },
    {
      "id": "chapter_k_9103",
      "company": "Корп. К",
      "area": "11-й Район",
      "chapter": "Антракт I",
      "chapterNumber": "3.5",
      "chaptertitle": "Адская куря",
      "timeline": "984/03"
    },
    {
      "id": "chapter_k_104",
      "company": "Корп. К",
      "area": "11-й Район",
      "chapter": "Песнь IV",
      "chapterNumber": "04",
      "chaptertitle": "Fly, my cow...",
      "timeline": "984/05"
    },
    {
      "id": "chapter_u_9104",
      "company": "Корп. U",
      "area": "21-й Район",
      "chapter": "Антракт II",
      "chapterNumber": "4.5",
      "chaptertitle": "Анапа 2025",
      "timeline": "984/05"
    },
    {
      "id": "chapter_u_105",
      "company": "Корп. U",
      "area": "21-й Район",
      "chapter": "Песнь V",
      "chapterNumber": "5",
      "chaptertitle": "Плыли мы по морю...",
      "timeline": "984/07"
    },
    {
      "id": "chapter_u_9105",
      "company": "Корп. U",
      "area": "21-й Район",
      "chapter": "Антракт III-1",
      "chapterNumber": "5.5",
      "chaptertitle": "Чудо в Саратове",
      "timeline": "984/08"
    },
    {
      "id": "chapter_u_9106",
      "company": "Корп. U",
      "area": "",
      "chapter": "",
      "chapterNumber": "",
      "chaptertitle": "2-я ночь депа",
      "timeline": "984/09"
    },
    {
      "id": "chapter_t_9107",
      "company": "Корп. T",
      "area": "20-й Район",
      "chapter": "Антракт III-2",
      "chapterNumber": "5.5",
      "chaptertitle": "Я спиздил твои кости. Вопросы?",
      "timeline": "984/10"
    },
    {
      "id": "chapter_t_106",
      "company": "Корп. T",
      "area": "20-й Район",
      "chapter": "Песнь VI",
      "chapterNumber": "06",
      "chaptertitle": "Разлитое пиво",
      "timeline": "984/11"
    },
    {
      "id": "chapter_t_9108",
      "company": "Корп. T",
      "area": "20-й Район",
      "chapter": "",
      "chapterNumber": "",
      "chaptertitle": "3-я ночь депа",
      "timeline": "984/11"
    },
    {
      "id": "chapter_t_9109",
      "company": "Корп. T",
      "area": "20-й Район",
      "chapter": "Антракт IV",
      "chapterNumber": "6.5",
      "chaptertitle": "[вставьте шутку про часы сюда]",
      "timeline": "984/11"
    },
    {
      "id": "chapter_t_9110",
      "company": "Корп. Т",
      "area": "20-й Район",
      "chapter": "Антракт IV",
      "chapterNumber": "6.5",
      "chaptertitle": "Мы не говорим про Love Town.",
      "timeline": "984/12"
    },
    {
      "id": "chapter_p_9111",
      "company": "Корп. P",
      "area": "16-й Район",
      "chapter": "",
      "chapterNumber": "",
      "chaptertitle": "4-я ночь депа",
      "timeline": "984/12"
    },
    {
      "id": "chapter_p_9019",
      "company": "Корп. P",
      "area": "16-й Район",
      "chapter": "",
      "chapterNumber": "",
      "chaptertitle": "5-я ночь депа",
      "timeline": "984-12"
    },
    {
      "id": "chapter_p_9114",
      "company": "Корп. P",
      "area": "16-й Район",
      "chapter": "Антракт V",
      "chapterNumber": "7.5",
      "chaptertitle": "Балбесы в Кащенко",
      "timeline": "984-12"
    },
    {
      "id": "chapter_h_9116",
      "company": "Корп. H",
      "area": "8-й Район",
      "chapter": "Антракт V",
      "chapterNumber": "7.5",
      "chaptertitle": "Ненавижу этих 41230 в либре",
      "timeline": "985-01"
    },
    {
      "id": "chapter_h_108",
      "company": "Корп. H",
      "area": "8-й Район",
      "chapter": "Антракт VIII",
      "chapterNumber": "08",
      "chaptertitle": "Ванная для старейшин",
      "timeline": "985-01"
    },
    {
      "id": "chapter_p_9020",
      "company": "H Corp.",
      "area": "District 8",
      "chapter": "",
      "chapterNumber": "",
      "chaptertitle": "6-я ночь депа",
      "timeline": "985-01"
    },
    {
      "id": "chapter_h_9119",
      "company": "H Corp.",
      "area": "District 8",
      "chapter": "Intervallo VI",
      "chapterNumber": "8.5",
      "chaptertitle": "Весенний трип в Израиль",
      "timeline": "985-01"
    }
  ]
}