﻿{
  "dataList": [
    {
      "id": 910301,
      "title": "Курица атакует",
      "place": "Оживлённый переулок Корп. K",
      "desc": "Ради следующей миссии мы приехали на одну из улочек Гнезда K.\nНо когда аппетитный запах начал дурманить грешников, окуная тех в воспоминания,\nходячие цыплята напали на нас.\nНеужели началась революция против поедания курицы…?"
    },
    {
      "id": 910302,
      "title": "Курица атакует 2",
      "place": "Оживлённый переулок Корп. K",
      "desc": "Ради следующей миссии мы приехали на одну из улочек Гнезда K.\nНо когда аппетитный запах начал дурманить грешников, окуная тех в воспоминания,\nходячие цыплята напали на нас.\nНеужели началась революция против поедания курицы…?"
    },
    {
      "id": 910303,
      "title": "Адская куря",
      "place": "Перед баром \"У Ынбон\"",
      "desc": "Похоже, мы можем решить проблему с Искажением…\nЕсли приготовим \"куриное блюдо\", что тронет Искажение до глубины души.\nГрешники самоуверенно закатывают рукава, готовясь приготовить шедевр…\nНо разве не стоит хотя бы потушить сигареты?"
    },
    {
      "id": 910304,
      "title": "Адская куря 2",
      "place": "Перед баром \"У Ынбон\"",
      "desc": "Похоже, мы можем решить проблему с Искажением…\nЕсли приготовим \"куриное блюдо\", что тронет Искажение до глубины души.\nГрешники самоуверенно закатывают рукава, готовясь приготовить шедевр…\nНо разве не стоит хотя бы потушить сигареты?"
    },
    {
      "id": 910305,
      "title": "Курицу, пожалуйста",
      "place": "На кухне бара \"У Ынбон\"",
      "desc": "Грешники разделились на группы и один за другим начали презентовать свои блюда.\nВсё ещё ума не приложу, как это выросло в полноценное соревнование…\nНо, похоже, путь к сердцу Искажения лежит не просто через набитый желудок.\nЧто же, вряд ли это блюда, что придутся всем по душе…"
    },
    {
      "id": 910306,
      "title": "Курицу, пожалуйста 2",
      "place": "На кухне бара \"У Ынбон\"",
      "desc": "Грешники разделились на группы и один за другим начали презентовать свои блюда.\nВсё ещё ума не приложу, как это выросло в полноценное соревнование…\nНо, похоже, путь к сердцу Искажения лежит не просто через набитый желудок.\nЧто же, вряд ли это блюда, что придутся всем по душе…"
    },
    {
      "id": 910307,
      "title": "Куриный мастер-шеф",
      "place": "На кухне бара \"У Ынбон\"",
      "desc": "Реакция владельца бара оказалась катастрофичной.\nКажется, у нас кончаются попытки.\nПохоже, у нас нет выбора, кроме как дать самым обыденным из грешников проявить себя…?"
    },
    {
      "id": 910308,
      "title": "Куриный мастер-шеф",
      "place": "На кухне бара \"У Ынбон\"",
      "desc": "Реакция владельца бара оказалась катастрофичной.\nКажется, у нас кончаются попытки.\nПохоже, у нас нет выбора, кроме как дать самым обыденным из грешников проявить себя…?"
    },
    {
      "id": 910309,
      "title": "Свершения ресторатора: Мягкий",
      "place": "На кухне бара \"У Ынбон\""
    },
    {
      "id": 910310,
      "title": "Свершения ресторатора: Острый",
      "place": "На кухне бара \"У Ынбон\""
    }
  ]
}