﻿{
  "dataList": [
    {
      "id": "10001",
      "title": "Пантера, Львица и Волчица",
      "desc": "Исчез правый путь среди чёрного леса, утратил я всё, что только мог.",
      "place": "Чёрный лес"
    },
    {
      "id": "10002",
      "title": "Знакомство",
      "desc": "Когда я очнулся, оказалось, я уже был в необычном автобусе. Человек, представившийся Вергилием, познакомил меня с двенадцатью грешниками, коих мне предстоит надзирать как новоиспечённый менеджер…",
      "place": "Чёрный лес"
    },
    {
      "id": "10003",
      "title": "Отправляемся",
      "desc": "Я начинаю привыкать к постоянным стычкам между грешниками. Но привыкли ли они они к моему присутствию — уже другая история…",
      "place": "Чёрный лес"
    },
    {
      "id": "10004",
      "title": "Возможности",
      "desc": "Из глубин Зеркала можно извлечь любые возможности. Фауст говорит, что мне суждено следить за ними всеми. Кем я был в прошлом, и что я такого сотворил, чтобы оказаться здесь…?",
      "place": "Чёрный лес"
    }
  ]
}