﻿{
  "dataList": [
    {
      "id": 10701,
      "title": "В КОТОРОЙ ПОВЕСТВУЕТСЯ О ЖИЗНИ И КОНТРАКТАХ НЕ СТОЛЬ ИЗВЕСТНОЙ, НО ДОБЛЕСТНОЙ ДОН КИХОТ"
    },
    {
      "id": 10702,
      "title": "В КОТОРОЙ ИССЛЕДУЕТСЯ НЕ СОВСЕМ ПЕРВЫЙ АЛЬЯНС КОМПАНИИ ЛИМБУС С КРЫЛОМ"
    },
    {
      "id": 10703,
      "title": "В КОТОРОЙ ГРЕШНИКИ ПРИНИМАЮТСЯ И УВАЖАЮТСЯ КОРРЕКТИРОВЩИКАМИ ПО ЗАКОНАМ ГОРОДА"
    },
    {
      "id": 10704,
      "title": "О ТОМ, ЧТО СЛУЧИЛОСЬ С НАШЕЙ КОМПАНИЕЙ ПОСЛЕ УХОДА ИЗ РУК КРАСНОГО ВЗОРА"
    },
    {
      "id": 10705,
      "title": "В КОТОРОЙ РАСКРЫВАЕТСЯ ИСТОРИЯ НАШЕГО ЮНОГО ГОСПОДИНА"
    },
    {
      "id": 10706,
      "title": "О НЕВЕРОЯТНО РАЗРУШИТЕЛЬНОЙ ДУЭЛИ В СРАЖЕНИИ МЕЖДУ НАШИМ КОРРЕКТИРОВЩИКОМ И ДУЭЛЯНТОМ СЭНК"
    },
    {
      "id": 10707,
      "title": "О ПРЕВОСХОДНОМ ДИАЛОГЕ, В КОТОРОМ НАШ ИСКЛЮЧИТЕЛЬНЫЙ ИНФОРМАТОР ОТДЕЛА LCD ПЕРЕДАЛ НАМ РАЗВЕДДАННЫЕ ВО ВРЕМЯ ВТОРОЙ СВЯЗИ"
    },
    {
      "id": 10708,
      "title": "В КОТОРОЙ ОБСУЖДАЕТСЯ РАДОСТНАЯ КЛЯТВА ВОДИТЕЛЯ АВТОБУСА И УПРАВЛЯЮЩЕГО КАСАТЕЛЬНО ПАРКОВ РАЗВЛЕЧЕНИЙ"
    },
    {
      "id": 10709,
      "title": "В КОТОРОЙ ЗАКЛЮЧАЕТСЯ МЕТОД ПРОВЕДЕНИЯ МИССИИ ПО УНИЧТОЖЕНИЮ КОРРЕКТИРОВЩИКОВ, ХРАБРЫХ И ОТВАЖНЫХ, ЧТО ИСПОЛНЯТ ЕЁ"
    },
    {
      "id": 10710,
      "title": "ОБ ОПАСНОСТИ, ПОСТИГШЕЙ НАС В СЛУЧАЕ С ЛА-МАНЧАЛЭНДОМ И НАШЕЙ ВСТРЕЧЕ С КРОВОЖАДАМИ"
    },
    {
      "id": 10711,
      "title": "В КОТОРОЙ РАССКАЗЫВАЕТСЯ О БИТВЕ НАСТИГШЕЙ КОМПАНИЮ ЛИМБУС И ДОН КИХОТ"
    },
    {
      "id": 10712,
      "title": "О ИСТОРИИ, КОТОРУЮ ПАВШИЕ КРОВОЖАДЫ НЕ СМОГЛИ РАССКАЗАТЬ, НЕСМОТРЯ НА ВСЕ СВОИ СТАРАНИЯ"
    },
    {
      "id": 10713,
      "title": "В КОТОРОЙ ПРОДОЛЖАЕТСЯ ПОВЕСТВОВАНИЕ АТТРАКЦИОНА И ЕГО ЗАГАДКИ"
    },
    {
      "id": 10714,
      "title": "В КОТОРОЙ ПОЗНАЮТСЯ НЕОЖИДАННЫЕ ИСТИНЫ О КРОВОЖАДАХ"
    },
    {
      "id": 10715,
      "title": "В КОТОРОЙ ГРЕШНИКИ ДЕЛЯТСЯ СВОИМИ ВПЕЧАТЛЕНИЯМИ О ЛА-МАНЧАЛЭНДЕ"
    },
    {
      "id": 10716,
      "title": "В КОТОРОЙ ОБСУЖДАЮТСЯ ДЕЯНИЯ КОРРЕТИРОВЩИКА, КОТОРОГО ДОН КИХОТ СЧИТАЛА ДРУГОМ"
    },
    {
      "id": 10717,
      "title": "В КОТОРОЙ ПЕРЕСКАЗЫВАЮТСЯ МНОГОЧИСЛЕННЫЕ ИСТОРИИ О ПРИКЛЮЧЕНИЯХ ДОН КИХОТ"
    },
    {
      "id": 10718,
      "title": "О ПРИКЛЮЧЕНИИ ПО ЗАВЛАДЕНИЮ ШЛЕМОМ МАМБРИНО И РАСПРЕДЕЛЁННЫХ РОЛЯХ"
    },
    {
      "id": 10719,
      "title": "О ВЕСЬМА ПРИЯТНОЙ БЕСЕДЕ, СОСТОЯВШЕЙСЯ МЕЖДУ МЕНЕДЖЕРОМ И ВОЛШЕБНИКОМ"
    }
  ]
}