﻿{
  "dataList": [
    {
      "id": 1,
      "personalityid": 11101,
      "voiceFile": 0,
      "teller": "Outis",
      "dialog": "Victory is all but guaranteed. Your strategy is truly commendable.",
      "usage": "(800101, VERY_HIGH), (800102, VERY_HIGH), (800104, VERY_HIGH), (800105, VERY_HIGH)"
    },
    {
      "id": 2,
      "personalityid": 11101,
      "voiceFile": 0,
      "teller": "Outis",
      "dialog": "The tide is in our favor. Please leave this to me.",
      "usage": "(800101, HIGH), (800102, HIGH), (800104, HIGH), (800105, HIGH) "
    },
    {
      "id": 3,
      "personalityid": 11101,
      "voiceFile": 0,
      "teller": "Outis",
      "dialog": "I won’t disappoint you if you so choose to send me.",
      "usage": "(800101, NORMAL), (800102, NORMAL), (800104, NORMAL), (800105, NORMAL)"
    },
    {
      "id": 4,
      "personalityid": 11101,
      "voiceFile": 0,
      "teller": "Outis",
      "dialog": "While the plan is sound, I fear that my capabilities might be insufficient for it.",
      "usage": "(800101, LOW), (800102, LOW), (800104, LOW), (800105, LOW)"
    },
    {
      "id": 5,
      "personalityid": 11101,
      "voiceFile": 0,
      "teller": "Outis",
      "dialog": "Who comes up with such a crap— Ah, it was a joke, was it not?",
      "usage": "(800101, VERY_LOW), (800102, VERY_LOW), (800104, VERY_LOW), (800105, VERY_LOW) "
    },
    {
      "id": 6,
      "personalityid": 11101,
      "voiceFile": 0,
      "teller": "Outis",
      "dialog": "This victory can only be attributed to your excellent planning.",
      "usage": "(800101, SUCCESS), (800102, SUCCESS), (800104, SUCCESS), (800105, SUCCESS)"
    },
    {
      "id": 7,
      "personalityid": 11101,
      "voiceFile": 0,
      "teller": "Outis",
      "dialog": "The fault is mine…",
      "usage": "(800101, FAILURE), (800102, FAILURE), (800104, FAILURE), (800105, FAILURE)"
    },
    {
      "id": 8,
      "personalityid": 11102,
      "voiceFile": 0,
      "teller": "Blade Lineage Outis",
      "dialog": "",
      "usage": "(800101, VERY_HIGH), (800102, VERY_HIGH), (800104, VERY_HIGH), (800105, VERY_HIGH)"
    },
    {
      "id": 9,
      "personalityid": 11102,
      "voiceFile": 0,
      "teller": "Blade Lineage Outis",
      "dialog": "",
      "usage": "(800101, HIGH), (800102, HIGH), (800104, HIGH), (800105, HIGH) "
    },
    {
      "id": 10,
      "personalityid": 11102,
      "voiceFile": 0,
      "teller": "Blade Lineage Outis",
      "dialog": "",
      "usage": "(800101, NORMAL), (800102, NORMAL), (800104, NORMAL), (800105, NORMAL)"
    },
    {
      "id": 11,
      "personalityid": 11102,
      "voiceFile": 0,
      "teller": "Blade Lineage Outis",
      "dialog": "",
      "usage": "(800101, LOW), (800102, LOW), (800104, LOW), (800105, LOW)"
    },
    {
      "id": 12,
      "personalityid": 11102,
      "voiceFile": 0,
      "teller": "Blade Lineage Outis",
      "dialog": "",
      "usage": "(800101, VERY_LOW), (800102, VERY_LOW), (800104, VERY_LOW), (800105, VERY_LOW) "
    },
    {
      "id": 13,
      "personalityid": 11102,
      "voiceFile": 0,
      "teller": "Blade Lineage Outis",
      "dialog": "",
      "usage": "(800101, SUCCESS), (800102, SUCCESS), (800104, SUCCESS), (800105, SUCCESS)"
    },
    {
      "id": 14,
      "personalityid": 11102,
      "voiceFile": 0,
      "teller": "Blade Lineage Outis",
      "dialog": "",
      "usage": "(800101, FAILURE), (800102, FAILURE), (800104, FAILURE), (800105, FAILURE)"
    }
  ]
}