﻿{
  "dataList": [
    {
      "id": 36,
      "personalityid": 10301,
      "voicefile": 0,
      "teller": "Don Quixote",
      "dialog": "Давааай! Я должна поднять знамя Гойды во имя справедливости!",
      "usage": "(800101, VERY_HIGH), (800102, VERY_HIGH), (800104, VERY_HIGH), (800105, VERY_HIGH)"
    },
    {
      "id": 37,
      "personalityid": 10301,
      "voicefile": 0,
      "teller": "Don Quixote",
      "dialog": "Не ссы компотом. Как нехуй делать!",
      "usage": "(800101, HIGH), (800102, HIGH), (800104, HIGH), (800105, HIGH) "
    },
    {
      "id": 38,
      "personalityid": 10301,
      "voicefile": 0,
      "teller": "Don Quixote",
      "dialog": "Я смогу! Должен быть всяк, желающий сделать шаг вперед!",
      "usage": "(800101, NORMAL), (800102, NORMAL), (800104, NORMAL), (800105, NORMAL)"
    },
    {
      "id": 39,
      "personalityid": 10301,
      "voicefile": 0,
      "teller": "Don Quixote",
      "dialog": "Посвящю этому всю себя! Геройствам, что я совершу!",
      "usage": "(800101, LOW), (800102, LOW), (800104, LOW), (800105, LOW)"
    },
    {
      "id": 40,
      "personalityid": 10301,
      "voicefile": 0,
      "teller": "Don Quixote",
      "dialog": "…Идти вперед, не обращая внимания на опасности - вот путь героя!",
      "usage": "(800101, VERY_LOW), (800102, VERY_LOW), (800104, VERY_LOW), (800105, VERY_LOW) "
    },
    {
      "id": 41,
      "personalityid": 10301,
      "voicefile": 0,
      "teller": "Don Quixote",
      "dialog": "Не буду сама купаться в славе! Это за меня сделает история!",
      "usage": "(800101, SUCCESS), (800102, SUCCESS), (800104, SUCCESS), (800105, SUCCESS)"
    },
    {
      "id": 42,
      "personalityid": 10301,
      "voicefile": 0,
      "teller": "Don Quixote",
      "dialog": "Настоящий герой должен уметь преодолевать трудности. Давай по новой миша, все хуйня!",
      "usage": "(800101, FAILURE), (800102, FAILURE), (800104, FAILURE), (800105, FAILURE)"
    },
    {
      "id": 43,
      "personalityid": 10301,
      "voicefile": 0,
      "teller": "Don Quixote",
      "dialog": "Давааай! Я должна поднять знамя Гойды во имя справедливости!",
      "usage": "(800101, VERY_HIGH), (800102, VERY_HIGH), (800104, VERY_HIGH), (800105, VERY_HIGH)"
    },
    {
      "id": 44,
      "personalityid": 10301,
      "voicefile": 0,
      "teller": "Don Quixote",
      "dialog": "Не ссы компотом. Как нехуй делать!",
      "usage": "(800101, HIGH), (800102, HIGH), (800104, HIGH), (800105, HIGH) "
    },
    {
      "id": 45,
      "personalityid": 10301,
      "voicefile": 0,
      "teller": "Don Quixote",
      "dialog": "Я смогу! Должен быть всяк, желающий сделать шаг вперед!",
      "usage": "(800101, NORMAL), (800102, NORMAL), (800104, NORMAL), (800105, NORMAL)"
    },
    {
      "id": 46,
      "personalityid": 10301,
      "voicefile": 0,
      "teller": "Don Quixote",
      "dialog": "Не ссы компотом. Как нехуй делать!",
      "usage": "(800101, LOW), (800102, LOW), (800104, LOW), (800105, LOW)"
    },
    {
      "id": 47,
      "personalityid": 10302,
      "voicefile": 0,
      "teller": "Don Quixote",
      "dialog": "Я смогу! Должен быть всяк, желающий сделать шаг вперед!",
      "usage": "(800101, VERY_LOW), (800102, VERY_LOW), (800104, VERY_LOW), (800105, VERY_LOW) "
    },
    {
      "id": 48,
      "personalityid": 10301,
      "voicefile": 0,
      "teller": "Don Quixote",
      "dialog": "Не буду сама купаться в славе! Это за меня сделает история!",
      "usage": "(800101, SUCCESS), (800102, SUCCESS), (800104, SUCCESS), (800105, SUCCESS)"
    },
    {
      "id": 49,
      "personalityid": 10301,
      "voicefile": 0,
      "teller": "Don Quixote",
      "dialog": "…Идти вперед, необращая внимания на опасности - вот путь героя!",
      "usage": "(800101, FAILURE), (800102, FAILURE), (800104, FAILURE), (800105, FAILURE)"
    },
    {
      "id": 50,
      "personalityid": 10301,
      "voicefile": 0,
      "teller": "Don Quixote",
      "dialog": "Настоящий герой должен уметь преодолевать трудности. Давай по новой миша, все хуйня!",
      "usage": "(800101, FAILURE), (800102, FAILURE), (800104, FAILURE), (800105, FAILURE)"
    }
  ]
}