﻿{
  "dataList": [
    {
      "id": 863001,
      "title": "Роковая пуля",
      "eventDesc": "'Остановись.'\n\n'Я даже не помню. Я даже не могу вспомнить, были ли они вообще реальны.'\n\n'Но вы... вы всё ещё помните своих близких.'\n\n'Я разнесу ваши черепа. Каждого из вас.'\n\nНа шее стрелка висит старинный кулон.\n\nВозможно, это может стать ключом к решению этой битвы.",
      "behaveDesc": "Кто укажет на кулон?",
      "successDesc": [
        "{0} говорит стрелку, чтобы тот открыл кулон, висящий у него на шее.\n\nСтрелок хватает кулон и открывает его, словно притянутый какой-то невидимой силой... затем кричит, крепко вцепившись в своё ружьё.\n\n'Нет...! Я не хочу их вспоминать! Я не... Я не хочу помнить тех, кого люблю!'\n\n'Ах... пожалуйста.... перестань улыбаться. Я сказал перестань улыбаться!'\n\n'Отойди от меня! Заткнись!'\n\nСтрелок нажимает на курок, в его голосе слышится страдание...\n\nНо сила, стоящая за пулями, уже значительно ослабла."
      ],
      "failureDesc": [
        "{0} говорит стрелку, чтобы тот открыл кулон, висящий у него на шее.\n\nОднако вместо этого стрелок хватает кулон и прячет его в кулаке. Он направляет ствол ружья в нашу сторону и ухмыляется.\n\n'…….'\n\nОт отдачи кулон сотрясается.\n\nНо стрелок продолжает нажимать на курок. Ничего не изменилось."
      ]
    },
    {
      "id": 863301,
      "title": "Четыреста роз",
      "prevDesc": "Роза требует больше крови.",
      "eventDesc": "",
      "behaveDesc": "",
      "successDesc": [],
      "failureDesc": []
    }
  ]
}