﻿{
  "dataList": [
    {
      "id": 97103801,
      "title": "",
      "prevDesc": "",
      "eventDesc": "",
      "behaveDesc": "Кто подойдёт?",
      "successDesc": [
        "«Хм. Подозрительно? Как освежающе.»\n«Хорошо. Тогда позволь мне изменить предложение. Я дам тебе дополнительный выстрел, бесплатно.»"
      ],
      "failureDesc": [
        "Он на мгновение замолчал, словно счёл это предложение довольно оскорбительным, прежде чем направить ствол прямо на {0}.\n\nИ нажал на курок.\n\n{0} быстро попытался укрыться, но пуля всё равно пронзила его.\n\n«Разве ты не помнишь?»\n\n«Это магическая пуля, которая никогда не промахивается, несмотря ни на что.»"
      ]
    },
    {
      "id": 97103802,
      "title": "",
      "prevDesc": "",
      "eventDesc": "",
      "behaveDesc": "Кто воспользуется?",
      "successDesc": [
        "«Хочешь выстрелить сам, зная, что делает последняя пуля?»\n\n«Нахожу это отношение весьма похвальным, но... слишком рано.»\n\n«Позволь мне одолжить тебе вот это взамен.»"
      ],
      "failureDesc": [
        "«Хочешь выстрелить сам, зная, что делает последняя пуля?»\n\n«Действительно, возможно, ты будешь следующим.»\n\n«Если ты действительно хочешь владеть этой винтовкой, то... тебе будет гораздо лучше без этих обременительных попутчиков.»\n\nОн тут же нажал на курок, пронзив всех Грешников, кроме {0}."
      ]
    },
    {
      "id": 97103901,
      "title": "",
      "prevDesc": "",
      "eventDesc": "",
      "behaveDesc": "Кто сядет?",
      "successDesc": [
        "{0} заметил шестерёнку, прикреплённую к стулу, которая всё ещё вращалась.\n\n{0} протянул руку и снял шестерёнку, и стул внезапно завибрировал.\n\nВскоре стул развалился на куски, потеряв свою форму."
      ],
      "failureDesc": [
        "{0} заметил шестерёнку, прикреплённую к стулу, которая всё ещё вращалась.\n\n{0} сел на стул, несмотря на подозрения...\n\nИ шестерёнка немедленно начала перемалывать его мозг в кашу.\n\nДругие Грешники быстро сняли {0} со стула, но было уже слишком поздно."
      ]
    },
    {
      "id": 97104001,
      "title": "",
      "prevDesc": "",
      "eventDesc": "На столе остались какие-то предметы.",
      "behaveDesc": "Кто осмотрит?",
      "successDesc": [
        "{0} наткнулся на что-то похожее на огнестрельное оружие на столе.\n\nПоскольку им это оружие не нужно было даже в качестве запасного, возможно, в наших руках оно найдёт лучшее применение."
      ],
      "failureDesc": [
        "На столе, кажется, нет ничего полезного.\n\n{0} показал нам некоторые найденные предметы, но все они показались нам слишком сложными, чтобы быть полезными."
      ]
    },
    {
      "id": 97104101,
      "title": "",
      "prevDesc": "",
      "eventDesc": "",
      "behaveDesc": "Кто попытается изучить основы ближнего боя?",
      "successDesc": [
        "{0} внимательно слушал лекцию.\n\nМы, конечно, большую часть знали, но были и некоторые техники, о которых мы раньше не подозревали.\n\nВозможно, они сочли преданность {0} восхитительной.\n\nНекто, похожий на инструктора по строевой подготовке, подошёл к {0} и вручил ему что-то вроде учебного пособия."
      ],
      "failureDesc": [
        "Материал, должно быть, оказался сложнее, чем ожидалось.\n\n{0} уже сладко спал посреди занятия."
      ]
    },
    {
      "id": 97104102,
      "title": "",
      "prevDesc": "",
      "eventDesc": "",
      "behaveDesc": "Кто будет изучать военное искусство?",
      "successDesc": [
        "Содержание лекции было, на самом деле, довольно элементарным.\n\n{0}, видимо, был согласен, так как, казалось, едва обращал внимание на занятие."
      ],
      "failureDesc": [
        "Содержание лекции было, на самом деле, довольно элементарным.\n\nОднако {0}, должно быть, нашёл его довольно унылым.\n\nНекто, похожий на инструктора по строевой подготовке, подошёл к {0}, заметив его невнимательность.\n\nИнструктор вручил {0} какое-то устройство связи, предложив начать с основ заново."
      ]
    }
  ]
}