﻿{
  "dataList": [
    {
      "id": "816601_success_1",
      "content": "<color=#ebcaa2>[{0}]</color> получает %{2} [{1}]/%"
    },
    {
      "id": "816601_success_2",
      "content": "<color=#ebcaa2>[{0}]</color> получает %{2} [{1}]/% в следующий ход"
    },
    {
      "id": "816601_failure_1",
      "content": "<color=#ebcaa2>[{0}]</color> получает %{2} [{1}]/% в следующий ход"
    },
    {
      "id": "816601_failure_2",
      "content": "<color=#ebcaa2>[{0}]</color> получает {1} урона СД"
    },
    {
      "id": "816602_success_1",
      "content": "<color=#ebcaa2>[{0}]</color> получает %{2} [{1}]/%"
    },
    {
      "id": "816602_success_2",
      "content": "<color=#ebcaa2>[{0}]</color> восстанавливает {1} ОЗ и {2} СД"
    },
    {
      "id": "816602_failure_1",
      "content": "<color=#ebcaa2>[{0}]</color> восстанавливает {1} ОЗ к телу и частям"
    },
    {
      "id": "816602_failure_2",
      "content": "<color=#ebcaa2>[{0}]</color> получает {1} урона СД"
    },
    {
      "id": "817101_log_1_1",
      "content": "<color=#ebcaa2>[{0}]</color> получает %{2} [{1}]/%"
    },
    {
      "id": "817101_log_1_2",
      "content": "<color=#ebcaa2>[{0}]</color> получает %{2} [{1}]/% в следующий ход"
    },
    {
      "id": "817302_success_1",
      "content": "<color=#ebcaa2>Все Грешники</color> восстанавливают {0} СД"
    },
    {
      "id": "817302_success_2",
      "content": "<color=#ebcaa2>[{0}]</color> получает %{2} {1}/% до конца Сражения"
    },
    {
      "id": "817302_success_3",
      "content": "<color=#ebcaa2>Все Грешники получают</color> %{1} {0}/% до конца Сражения"
    },
    {
      "id": "817302_failure_1",
      "content": "<color=#ebcaa2>[{0}]</color> получает %{2} {1}/% до конца Сражения"
    },
    {
      "id": "817302_failure_2",
      "content": "<color=#ebcaa2>Все Грешники получают</color> {1} {0} до конца Сражения"
    },
    {
      "id": "817304_success_1",
      "content": "<color=#ebcaa2>[{0}]</color> восстанавливает {1} СД"
    },
    {
      "id": "817304_success_2",
      "content": "[{0}] получает %{3} {2}/% на {1} ход(а)"
    },
    {
      "id": "817304_success_3",
      "content": "Каждая рука Кэтрин получает %{2} {1}/% на {0} ход(а)"
    },
    {
      "id": "817304_success_4",
      "content": "Каждая рука Кэтрин получает %{2} {1}/% на {0} ход(а)"
    },
    {
      "id": "817304_failure_2",
      "content": "Каждая рука Кэтрин получает %{2} {1}/% на {0} ход(а)"
    },
    {
      "id": "817304_failure_1",
      "content": "[{0}] получает %{3} {2}/% на {1} ход(а)"
    },
    {
      "id": "817305_1",
      "content": "[{0}] <color=#80c9ff>полностью восстанавливает СД</color>"
    },
    {
      "id": "817305_2",
      "content": "<color=#ebcaa2>Все Грешники</color> <color=#80c9ff>восстанавливают {0} СД.</color>"
    },
    {
      "id": "817305_3",
      "content": "[{0}]'s {1} изменяется на {2}"
    }
  ]
}