﻿{
  "dataList": [
    {
      "id": 1080101,
      "title": "Заблокированный путь: Устройство",
      "eventDesc": "",
      "behaveDesc": "Кто будет взаимодействовать с циферблатом?",
      "successDesc": [
        "{0} немного возится с циферблатом, затем с громким скрежетом камня о камень устройство активируется.\n\n«Авторизация предоставлена. Печать карты авторизации входа...»\n\nИз машины выскользнула входная карта.\nЭто должно открыть нам новый путь... наверное."
      ],
      "failureDesc": [
        "{0} довольно долго возится с циферблатом, но ничего не происходит.\n\nМы решаем развернуться; похоже, для нас это тупик."
      ]
    },
    {
      "id": 1080601,
      "title": "Вызов: Пропасть",
      "eventDesc": "Нам нужна каждая монета, чтобы занять второе место.\nЭто выглядит опасно, но... мы должны рискнуть.",
      "behaveDesc": "Кому мы можем доверить спуститься и безопасно вернуться?",
      "successDesc": [
        "{0} пробегает мимо других кланов и начинает быстро спускаться.\n\n«Хорошо, похоже, все рвутся вперёд!»\n«Посмотрим, кому из участников удастся схватить монеты!»\n\nИз темноты доносятся громкие звуки.\nЗатем что-то большое рушится; мы слышим только крики участников.\n\nНеужели... там что-то пошло не так?\nКак только я начинаю беспокоиться, {0} выбирается из дыры в одиночку.\nДругие кандидаты не справились.\nМы забираем монеты, которые {0} подобрал(а) в дыре, и продолжаем путь."
      ],
      "failureDesc": [
        "{0} пробегает мимо других кланов и начинает быстро спускаться.\n\n«Хорошо, похоже, все рвутся вперёд!»\n«Посмотрим, кому из участников удастся схватить монеты!»\n\nИз темноты доносятся громкие звуки.\nЗатем что-то большое рушится; мы слышим только крики участников.\n\nНеужели... там что-то пошло не так?\nКак только я начинаю беспокоиться, из дыры в одиночку выбирается кандидат.\n{0} не вернулся(лась)...\nНам нужно найти его/её останки и повернуть часы...\n...Поэтому мы спешно спускаемся в дыру на поиски тела {0}."
      ]
    },
    {
      "id": 1080701,
      "title": "Наказание грешника: Этап 1",
      "eventDesc": "Нам нужно собрать как можно больше монет, чего бы это ни стоило.\nМне жаль заключённого, но...\n... Я всё равно прошу Грешников наказать его.",
      "behaveDesc": "Кто накажет осуждённого?",
      "successDesc": [
        "{0} изо всех сил машет своим оружием.\nНекоторые Грешники закрывают уши руками, пытаясь заглушить мучительные рыдания заключённого.\n\n«Отличная работа!»\n«Вот это я называю настоящим наказанием. Вот вам дополнительная монета!»\n\nМы подбираем монету, но...\n{0} не выглядит очень довольной этим.\n\n«Он может быть грешником, совершившим зло, но это... не правосудие».\n«...Да. Это совсем нехорошо»."
      ],
      "failureDesc": [
        "{0} машет своим оружием, но, кажется, не может вложить в удар много силы.\n{0} опускает оружие, не желая продолжать наказывать осуждённого. Мы получаем небольшую горсть монет в качестве награды.\n\nМы приняли это, но...\n{0} не выглядит очень довольной этим.\n\n«Он может быть грешником, совершившим зло, но это... не правосудие».\n«...Да. Это совсем нехорошо»."
      ]
    },
    {
      "id": 1080702,
      "title": "Наказание грешника: Этап 2",
      "eventDesc": "«Ого, но мы на этом не остановимся!»\n«Этот заключённый совершил очень, очень серьёзное преступление! Он заслуживает большего наказания, больше!»\n«Готовы?!»",
      "behaveDesc": "Кто накажет осуждённого?",
      "successDesc": [
        "{0} изо всех сил машет своим оружием.\nНекоторые Грешники закрывают уши руками, пытаясь заглушить мучительные рыдания заключённого.\n\n«Отличная работа!»\n«Вот это я называю настоящим наказанием. Вот вам дополнительная монета!»\n\nМы подбираем монету, но...\n{0} не выглядит очень довольной этим.\n\n«Прекрати... прекрати это, умоляю тебя. Я не хочу оставаться в этой комнате ни на мгновение дольше».\n«Эти ублюдки, наблюдающие за нами сверху... Я забью их до смерти, если когда-нибудь наткнусь на них».\n\nОсуждённый падает на землю. Он больше не двигается.\n... Пойдём дальше."
      ],
      "failureDesc": [
        "{0} машет своим оружием, но, кажется, не может вложить в удар много силы.\n{0} опускает оружие, не желая продолжать наказывать осуждённого. Мы получаем небольшую горсть монет в качестве награды.\n\nМы подбираем монету, но...\n{0} не выглядит очень довольной этим.\n\n«Остановись... остановись, умоляю тебя. Я не хочу оставаться в этой комнате ни на мгновение дольше».\n«Эти ублюдки, наблюдающие за нами сверху... Я забью их до смерти, если когда-нибудь наткнусь на них».\n\nЗаключённый падает на землю. Он больше не двигается.\n... Пойдём дальше."
      ]
    },
    {
      "id": 1080801,
      "title": "Осмотр кувшина",
      "eventDesc": "Мы осторожно приближаемся к кувшину, чтобы осмотреть, что внутри...\nИз отверстия сочится мощная, зловещая энергия.\nЧем ближе мы подходим, тем громче становится жуткий шум, выползающий из глубин кувшина.",
      "behaveDesc": "Кто заглянет в кувшин?",
      "successDesc": [
        "{0} заглядывает в кувшин.\n\n«…!»\n«…….»\n«…?»\n\n{0} начинает неразборчиво бормотать.\nЯ не думаю, что внутри кувшина есть человек, и это хорошо, но...\n... что бы это ни было, слишком долго смотреть на это явно опасно.\n\nС некоторым усилием нам удаётся оттащить {0} от кувшина.\n{0} держит старый, потрёпанный свиток.\nОн может оказаться полезным в предстоящих битвах, поэтому я решаю взять его с собой."
      ],
      "failureDesc": [
        "{0} заглядывает в кувшин.\n\n«!?#*$!»\n«…*!&@^?!»\n«@%#&…»\n\n{0} начинает неразборчиво бормотать.\nЯ не думаю, что внутри кувшина есть человек, и это хорошо, но...\n... что бы это ни было, слишком долго смотреть на это явно опасно.\n\nС некоторым усилием нам едва удаётся остановить {0} от попытки залезть в кувшин.\n{0} держит старый, потрёпанный свиток.\nОн может пригодиться в предстоящих битвах, поэтому я решаю взять его с собой."
      ]
    },
    {
      "id": 1081001,
      "title": "Испытание страхом",
      "eventDesc": "",
      "behaveDesc": "У кого самая высокая сопротивляемость страху?",
      "successDesc": [
        "{0} и члены кланов некоторых других кандидатов залезают в кувшины.\nУстройство активируется, и из него в кувшин сыплются всевозможные жуткие, ползучие насекомые.\n{0} удаётся остаться внутри, несмотря на ужас...\n... но все остальные выпрыгивают из кувшинов с криками.\n\n«Похоже, нашей дорогой публике это очень понравилось».\n«Что ж... Очень жаль, но монеты достанутся только тем смельчакам, которым удалось остаться в кувшине!»\n\nРядом с динамиком выпадают монеты.\n{0} тоже выбирается из кувшина с выражением лица, которое никак нельзя назвать положительным."
      ],
      "failureDesc": [
        "{0} и члены кланов некоторых других кандидатов залезают в кувшины.\nУстройство активируется, и из него в кувшин сыплются всевозможные жуткие, ползучие насекомые.\n{0} выпрыгивает из кувшина, не в силах вынести ощущения ползающих насекомых.\n\n«Похоже, нашей дорогой публике это очень понравилось».\n«Что ж... Очень жаль, но монеты достанутся только тем смельчакам, которым удалось остаться в кувшине!»\n\nРядом с динамиком выпадают монеты, но их подбирает другой кандидат."
      ]
    },
    {
      "id": 1081301,
      "title": "Финальная ставка (Бонус)",
      "eventDesc": "«Ах, значит, между двумя кандидатами есть взаимное согласие! Тогда это будет <i>ставка</i>!»\n\n«Очень хорошо! Положите пять своих монет перед собой, и...»\n\n«...отправьте члена своего клана, и пусть он выступит с презентацией о том, почему их „кандидат“ более достоин места Главы Семьи!»\n\n«Опровергните аргументы вашего оппонента, одновременно подкрепляя свои, и... наша дорогая публика выберет победителя».\n\n«Хорошо, тогда! Отправляйте своих самых красноречивых и убедительных представителей!»",
      "behaveDesc": "Кто из нас лучший в дебатах?",
      "successDesc": [
        "{0} с лёгкостью разбивает аргументы оппонента.\n\nПредставитель противоборствующего кандидата падает на колени, явно опустошённый своим поражением.\n\n«Поздравляем победителя!»\n\n{0} собирает все монеты с земли."
      ],
      "failureDesc": [
        "Представитель оппонента с лёгкостью разбивает аргументы {0}...\n\nОни торжественно подходят к нам, чтобы забрать монеты, которые мы положили на землю, пока {0} просто стоит там, подавленный(ая).\n\n...Что нам делать?"
      ]
    }
  ]
}