﻿{
  "dataList": [
    {
      "id": "837901",
      "content": "<color=#ebcaa2>Все Грешники</color> <color=#fe4b48>получают {0} урона СД</color>"
    },
    {
      "id": "837902_1",
      "content": "<color=#ebcaa2>[{0}]</color> <color=#e30000>получает {1} урона ОЗ</color>, и <color=#80c9ff>восстанавливает {2} СД</color>"
    },
    {
      "id": "837902_2",
      "content": "<color=#ebcaa2>[{0}]</color> получает %{2} [{1}]/% каждый ход"
    },
    {
      "id": "837601_success_1_1",
      "content": "Охотник за Розами получает <color=#e30000>3 Понижения уровня атаки и 3 Понижения уровня защиты</color>"
    },
    {
      "id": "837601_success_1_2",
      "content": "Охотник за Розами получает <color=#e30000>3 Понижения уровня атаки и 3 Понижения уровня защиты</color>"
    },
    {
      "id": "837601_failure_1_1",
      "content": "{0} получает <color=#e30000>урон равный 15% от их максимального значения ОЗ</color>"
    },
    {
      "id": "837601_failure_1_2",
      "content": "Охотник за Розами получает <color=#f8c200>3 Понижения уровня атаки и 3 Понижения уровня защиты</color>"
    }
  ]
}