﻿{
  "dataList": [
    {
      "id": 853901,
      "title": "Бродячий Лис",
      "prevDesc": "Неужели эти рваные зонты могли по-настоящему защитить лиса?",
      "eventDesc": "Старые зонты выстроены вокруг Бродячего Лиса.\n\nСтарые, потрёпанные, дырявые зонты.\n\nЗонты выглядят так, будто стояли там, кто знает сколько времени, пытаясь защитить лиса, но, похоже, у них это не очень получалось.\n\n«……»\n\nЗатем Грешник медленно подошёл к нему.\n\nЛис заметил приближение Грешника, но не рычал и не расслаблялся радостно.\n\nОн оставался неподвижным, сохраняя своё неизменное место.",
      "behaveDesc": "Кто подошёл к лису?",
      "successDesc": [
        "[{0}] подошёл к лису и встал под потрёпанный зонт.\n\nНесмотря на то, что это зонт, сквозь него просачивалось множество капель дождя.\n\nПронизывающий ветер и влажный воздух касались Грешника под зонтом.\n\n«……»\n\nНо [{0}] поднял голову, чтобы посмотреть на небо, и многозначительно улыбнулся.\n\nСловно Грешник знал, что дождь когда-нибудь прекратится."
      ],
      "failureDesc": [
        "[{0}] подошёл к лису и встал под потрёпанный зонт.\n\nНесмотря на то, что это зонт, сквозь него просачивалось множество капель дождя.\n\nПронизывающий ветер и влажный воздух касались Грешника под зонтом.\n\n«…Хаах.»\n\n[{0}] поник с тяжёлым вздохом.\n\nИздалека это могло быть незаметно,\n\nно, должно быть, это было следствием накопившегося уныния и сырости, которые чувствовал человек под зонтом."
      ]
    },
    {
      "id": 854101,
      "title": "Шокирующая Многоножка",
      "prevDesc": "Многоножка извивается, словно собираясь свернуться.",
      "eventDesc": "Тело Шокирующей Многоножки начинает сворачиваться в одном месте.\n«Кажется, собирается электричество».\nКак и указал Грешник, из центра её свёрнутого тела летят искры.\nВозможно, стоит её остановить.",
      "behaveDesc": "Кто сможет её остановить?",
      "successDesc": [
        "[{0}] нанёс удар по панцирю Шокирующей Многоножки.\n\n«Ооо!..»\n\nНа её прочной броне появилась трещина.\n\nНеужели это действительно остановило многоножку?\n\nЭто должна быть редкая возможность."
      ],
      "failureDesc": [
        "[{0}] нанёс удар по панцирю Шокирующей Многоножки.\n\nУвы...\n\nМожет, накопленная сила вырвалась наружу?\n\nОгромные потоки искр вырвались из центра Многоножки вместе с оглушительным грохотом.\n\nЕстественно, [{0}] был отброшен ударной волной.\n\nК счастью, Грешника лишь оттолкнуло, и он почти не пострадал...\n\nНо Многоножка выглядит весьма разгневанной.\n\nНадо бы приготовиться, верно?"
      ]
    },
    {
      "id": 854201,
      "title": "Фея-Джентльмен",
      "prevDesc": "Пьянящий запах наполняет воздух, от него почти можно опьянеть.",
      "eventDesc": "Фея-Джентльмен заговорил с весёлым смехом.\n\n«Хуху... Не думал, что столько будет выпито».\n\nТакже послышалась короткая икота.\n\n«Признаю, это застало меня немного врасплох... Совсем чуть-чуть».\n\nЗатем фей поднёс чашу в руке ко рту.\n\n«Эй! Эта штука пытается протрезветь?»\n\n«Мы должны держать этого негодяя дезориентированным!»\n\n…Похоже, фею нужно помешать выпить из чаши.",
      "behaveDesc": "Кто заберёт чашу у джентльмена?",
      "successDesc": [
        "[{0}] встал перед гораподобным брюхом джентльмена.\n\n«Ах, я не мог бы поделиться этим с вами, даже если вы особый гость».\n\nВместо того чтобы требовать, [{0}] просто пристально смотрел на фея.\n\n«...Кхм.»\n\nСовершенно неподвижно, не двигаясь ни единым мускулом.\n\n«...Л-ладно, ладно! Я могу дать вам... немного».\n\n[{0}] покачал головой.\n\n«Вы... говорите мне отдать всё?»\n\nГрешник кивнул.\n\n«Вы...»\n\n«Фуу, хаха. Хорошо, я проиграл. Можете забрать это».\n\n[{0}] наконец-то слегка улыбнулся, забирая чашу."
      ],
      "failureDesc": [
        "[{0}] встал перед гораподобным брюхом джентльмена.\n\n«Ах, я не мог бы поделиться этим с вами, даже если вы особый гость».\n\nВместо того чтобы требовать, [{0}] просто пристально смотрел на фея.\n\n«...Кхм.»\n\nСовершенно неподвижно, не двигаясь ни единым мускулом.\n\n«...То, что вы так стоите, не изменит моего ответа, знаете ли?»\n\nПосле раскатистого смеха фей залпом осушил содержимое чаши.\n\n«Как бы я ни заботился о вас, я не мог бы отдать вам всё, что у меня есть, не так ли? Хаха».\n\nПобеждённый, [{0}] вернулся."
      ]
    },
    {
      "id": 854401,
      "title": "Чтобы Никто Не Плакал",
      "prevDesc": "Проклятая деревянная кукла перестала двигаться.\nЧто могло случиться?",
      "eventDesc": "Деревянная кукла замерла на месте, будто ничего не происходило.\n\nЕё голова была слегка наклонена вниз, словно она разглядывала свои талисманы...\n\nИли, возможно, она смотрела на талисманы Грешников.\n\n«……»\n\nСловно одержимые, Грешники начали подходить к деревянной кукле.\n\nБудто они забыли, что всего мгновение назад сражались.\n\nИ они начали снимать талисманы, запутавшиеся на их телах.\n\nЧто же могло происходить?",
      "behaveDesc": "Кто соберёт талисманы и вернёт их?",
      "successDesc": [
        "[{0}] собрал откреплённые талисманы и встал перед деревянной куклой.\n\nКажется, она молчаливо взирает.\n\nИли, может быть, это просто совесть Грешника заставляла так думать.\n\nЖелание вернуть талисманы туда, где они были.\n\n[{0}] протянул руку, чтобы передать стопку талисманов...\n\nСловно магнитом притянутые, талисманы полетели к кукле.\n\n«Чтобы никто не плакал...»\n\nПробормотав эту фразу, [{0}] вернулся на свою позицию."
      ],
      "failureDesc": [
        "[{0}] собрал откреплённые талисманы и встал перед деревянной куклой.\n\n«……»\n\nОна немного скрипнула, затем протянула руку к [{0}].\n\nДумая, что она хочет забрать талисманы, [{0}] передал стопку,\n\n«Ах!»\n\nДеревянная рука изменила траекторию и коснулась тела Грешника.\n\nВ этот момент все талисманы на [{0}] начали извиваться, прежде чем растаять в липкую кровь.\n\n…Это не сулит ничего хорошего, не так ли?"
      ]
    },
    {
      "id": 854501,
      "title": "Фея-длинноножка",
      "prevDesc": "Небо снова будто затянуло. Почему оно продолжает отбрасывать эту тень?",
      "eventDesc": "Гигантское растение, которое вырастил фей, было настолько же толстым, насколько высоким.\n\nУ этого были свои преимущества.\n\nСпрятавшись за колонной здания, один Грешник сумел скрыться от взгляда фея.\n\nЗатем Грешник осторожно ударил по стеблю.",
      "behaveDesc": "Кто ударил по стеблю?",
      "successDesc": [
        "Ударив по стеблю, [{0}] взобрался на растение, перебирая руками и ногами.\n\nГрешник забрался так высоко, что остальные и фей казались крошечными точками.\n\nРастение казалось бесконечно высоким, но у него был конец.\n\nНаконец, [{0}] взобрался на огромный лист на вершине.\n\nЗатем Грешник осторожно подошёл к краю...\n\nИ проделал дыру в листе, из-за чего скопившаяся вода обрушилась на голову фея.\n\nФей поднял немалую суету, выглядя удивлённым."
      ],
      "failureDesc": [
        "Ударив по стеблю, [{0}] взобрался на растение, перебирая руками и ногами.\n\nГрешник забрался так высоко, что остальные и фей казались крошечными точками.\n\nРастение казалось бесконечно высоким, но у него был конец.\n\nНаконец, [{0}] взобрался на огромный лист на вершине.\n\nНо, возможно, Грешник не учёл количество воды, скопившейся на листе...\n\nКак только [{0}] ступил на лист, он поскользнулся и упал прямо на землю.\n\n...Возможно, повезло, что Грешник не погиб."
      ]
    },
    {
      "id": 854901,
      "title": "Фонарь фей",
      "prevDesc": "Бирюзовая фея снова появилась на кончике ветки.",
      "eventDesc": "Атака на эту фею снова раскроет её истинную форму.\n\nВы уже не в первый раз сталкиваетесь с этой сущностью. Это будет не так сложно, как в первый раз.\n\nГрешники, кажется, согласны.\n\nФея просто сидела там в почти полной неподвижности, нарушаемой лишь периодически вибрирующими крылышками. Словно фея знала, что вы придёте.",
      "behaveDesc": "Кто откликнется на приманку?",
      "successDesc": [
        "[{0}] ринулся к фее.\n\nСлегка подпрыгнув в воздух, Грешник замахнулся оружием на фею.\n\n«!!!»\n\nФея, казалось, вскрикнула, но из её рта не вырвалось ни звука.\n\nМожет, она вовсе и не кричала. Возможно, это было просто колыхание ветвей.\n\n«Глаза появляются…»\n\n«Убирайся оттуда! Опять начинается».\n\nМножество глаз открываются один за другим, сверкая из тени.\n\nОни колеблются так, словно вот-вот выпрыгнут на нас.\n\nТак… Что теперь?"
      ],
      "failureDesc": [
        "[{0}] ринулся к фее.\n\nСлегка подпрыгнув в воздух, Грешник замахнулся оружием на фею.\n\nНо…\n\n«Эта тварь может уворачиваться?!»\n\nКонечно, это не могло быть так просто. Предполагать, что приманка останется неподвижной — самонадеянная мысль.\n\nФея тоже слегка взлетела в воздух и свирепо посмотрела на Грешника, посмевшего её атаковать.\n\n«У-убирайся оттуда! Оно снова начинает двигаться!»\n\n[{0}] попытался уйти, но основное тело уже обвилось вокруг ног Грешника.\n\nТак… Что теперь?"
      ]
    },
    {
      "id": 855001,
      "title": "Заблудший Пассажир",
      "prevDesc": "Он снова прячется в другом измерении?",
      "eventDesc": "Судя по тому, как проходил этот бой, он скоро появится из одного из пространственных разломов.\n\nЕсли мы сможем предугадать его следующую точку появления, возможно, мы сможем нанести ему смертельный удар, прежде чем он полностью выйдет из пространственного разлома.",
      "behaveDesc": "Кто сможет предугадать его следующую точку появления?",
      "successDesc": [
        "Вскоре сущность начала выползать из пространственного разлома, который выбрал [{0}].\n\n«!»\n\nХотя она почувствовала присутствие Грешника ещё до появления,\n\nУ неё не хватило времени среагировать, прежде чем [{0}] замахнулся на неё оружием.\n\nСущность поспешно закрыла пространственный разлом, скрывшись обратно в безопасное место. Похоже, это дестабилизировало разлом.\n\nВозможность."
      ],
      "failureDesc": [
        "Вскоре сущность начала выползать из пространственного разлома.\n\n… К сожалению, из разлома, противоположного тому, что выбрал [{0}].\n\n[{0}] быстро обернулся, взмахнув оружием… но сущность была быстрее.\n\nСамо собой разумеется, мощная атака вскоре поразила Грешника."
      ]
    },
    {
      "id": 855501,
      "title": "Паровая Транспортная Машина",
      "prevDesc": "Свет смывает осадок прошлого.",
      "eventDesc": "Вакуумные трубки в центре торса Паровой Транспортной Машины светятся.\n\nМедленно или быстро, цифры, отображаемые в вакуумных трубках, уменьшались…\n\nИ её сломанное, ржавое шасси начало восстанавливаться.\n\nНеужели Паровая Транспортная Машина вернулась ко времени своего создания?\n\nОставив позади всё, через что она прошла.\n\nЧем старше машина, тем большую часть себя ей придётся восстановить.\n\nВозможно, Паровую Транспортную Машину можно остановить… если кто-то сможет дотянуться до её вакуумных трубок?",
      "behaveDesc": "Кто дотянется до вакуумных трубок?",
      "successDesc": [
        "[{0}] подошёл к Паровой Транспортной Машине.\n\nКазалось, что Паровая Транспортная Машина была в глубокой концентрации. Машина стояла совершенно неподвижно, как бы близко ни подходил Грешник.\n\n[{0}] без колебаний дотянулся до вакуумных трубок.\n\n«Ооо!!»\n\n«Цифры…!»\n\nПохоже, [{0}] проявил изобретательность и поменял один из электродов, подключённых к вакуумным трубкам.\n\nКажется, это сработало; цифры перестали уменьшаться.\n\nПаровая Транспортная Машина снова начала со скрипом приходить в движение, словно только что осознав, что произошло, но виновник уже давно исчез."
      ],
      "failureDesc": [
        "[{0}] подошёл к Паровой Транспортной Машине.\n\nКазалось, что Паровая Транспортная Машина была в глубокой концентрации. Машина стояла совершенно неподвижно, как бы близко ни подходил Грешник.\n\n[{0}] без колебаний дотянулся до вакуумных трубок.\n\n«Стой, осторожно—!»\n\nВозможно, нас обманула Паровая Транспортная Машина. Возможно, она закончила восстанавливаться как раз вовремя.\n\nКак бы то ни было, машина схватила [{0}] за запястье…\n\nИ обдала обжигающим паром.\n\n… [{0}] потребуется время, чтобы оправиться."
      ]
    },
    {
      "id": 85560101,
      "title": "Знак Роз",
      "prevDesc": "",
      "eventDesc": "",
      "behaveDesc": "В какой цвет вы бы хотели окрасить лепестки?",
      "successDesc": [
        "«Ах, как красиво».\n\n«И так ярко!»\n\n«Твой грех был такого прекрасного оттенка {0}».\n\n«Ты действительно стал прекрасным дополнением к саду».\n\n«Цвет {0}?! Я посажу его прямо рядом со мной».\n\n«Тогда… Поиграем ещё?»\n\n«Этот сад станет ужасно красивым с новыми греховными цветами, которые мы распустим!»"
      ],
      "failureDesc": [
        "«Мм, всё ещё слишком бледный».\n\n«Нам не нужны такие безвкусные цветы, как твой».\n\n«Какое разочарование~»\n\nС этими словами они замолчали.\n\nВероятно, им это не очень понравилось."
      ]
    }
  ]
}