﻿{
  "dataList": [
    {
      "id": 857701,
      "title": "Мотылёк алых лепестков",
      "prevDesc": "Тёмная тень затаилась среди лижущих языков алого пламени.",
      "eventDesc": "Тёмная тень затаилась в центре пылающего мотылька.\n\nЕё форма была расплывчатой и изменчивой, но... каким-то образом можно понять, что тень — это самое ядро мотылька.\n\nЕсли бы эту тень можно было отделить от пламени, возможно, его жар на мгновение утих бы.",
      "behaveDesc": "Кто дотянется до тени?",
      "successDesc": [
        "[{0}] протянул руку к пламени, выдерживая обжигающий огонь.\n\nЕго кончики пальцев начали покрываться волдырями и пузыриться, но, возможно, страсть [{0}] горела жарче самого пламени.\n\nПрежде чем мотылёк успел что-либо сделать, [{0}] вырвал тёмную сущность из огня и отбросил её подальше.\n\nОгонь и угли как на мотыльке, так и на Грешниках немедленно утихли.\n\nСловно пламени никогда и не было."
      ],
      "failureDesc": [
        "[{0}] протянул руку к пламени, выдерживая обжигающий огонь.\n\nНо боль от кожи, покрывающейся волдырями и пузырящейся от жара, была слишком сильной, чтобы её вынести. [{0}] отдёрнул руку от пламени, прежде чем дотянулся до тени.\n\nЦена упущенной возможности была разрушительной.\n\nМотылёк начал бить крыльями быстрее и с невиданной силой; и пламя в ответ начало подниматься всё выше и выше.\n\nСамо собой разумеется, что вскоре на Грешников обрушился огненный мир."
      ]
    },
    {
      "id": 857801,
      "title": "Насыщенный Госсипиум",
      "prevDesc": "Кровожадные лозы пронзают Грешников. Что вы будете делать?",
      "eventDesc": "По мере затягивания боя всё больше и больше лоз Госсипиума начинают пронзать Грешников.\n\nЛозы продолжают высасывать из них кровь, и красное пятно на белой хлопковой части Госсипиума растёт.\n\nКак можно отделить эти лозы от Грешников?",
      "behaveDesc": "Кто выйдет вперёд?",
      "successDesc": [
        "Эти лозы нельзя порвать или перерезать.\n\nХоть это и может быть болезненно, единственное возможное решение — чтобы кто-то другой вытащил лозы из Грешников.\n\nПока Госсипиум занят борьбой с другими Грешниками, [{0}] бросается вперёд, чтобы ловко выдернуть лозы.\n\nКонечно, это оставило их плоть и мышцы разорванными и кровоточащими...\n\n...но, по крайней мере, эта кровь не достанется Госсипиуму."
      ],
      "failureDesc": [
        "Эти лозы нельзя порвать или перерезать.\n\nХоть это и может быть болезненно, единственное возможное решение — чтобы кто-то другой вытащил лозы из Грешников.\n\nПока Госсипиум занят борьбой с другими Грешниками, [{0}] бросается вперёд, чтобы выдернуть лозы.\n\n...Словно Госсипиум точно знал, что он собирается сделать. Лозы вцепились в руку [{0}] и немедленно впились под кожу.\n\nВозможно, было бы лучше вообще ничего не делать."
      ]
    },
    {
      "id": 858501,
      "prevDesc": "Пронзительный взгляд оценивает нас. Кажется, будто взгляд видит нас насквозь."
    },
    {
      "id": 85850101,
      "title": "Спираль Презрения",
      "prevDesc": "",
      "eventDesc": "Взгляд, что рассекает всё, может рассечь даже Спираль Презрения.",
      "behaveDesc": "Кто передаст этот взгляд Спирали Презрения?",
      "successDesc": [
        "[{0}] передал Спирали Презрения взгляд, который однажды ощутил всем своим телом."
      ],
      "failureDesc": [
        "[{0}] попытался передать Спирали Презрения взгляд, который однажды ощутил, но она презрела и это."
      ]
    },
    {
      "id": 85850102,
      "title": "Спираль Презрения",
      "prevDesc": "",
      "eventDesc": "Взгляд, что пронзает всё, может пронзить даже Спираль Презрения.",
      "behaveDesc": "Кто передаст этот взгляд Спирали Презрения?",
      "successDesc": [
        "[{0}] передал Спирали Презрения взгляд, который однажды ощутил всем своим телом."
      ],
      "failureDesc": [
        "[{0}] попытался передать Спирали Презрения взгляд, который однажды ощутил, но она презрела и это."
      ]
    },
    {
      "id": 85850103,
      "title": "Спираль Презрения",
      "prevDesc": "",
      "eventDesc": "Взгляд, что сокрушает всё, может сокрушить даже Спираль Презрения.",
      "behaveDesc": "Кто передаст этот взгляд Спирали Презрения?",
      "successDesc": [
        "[{0}] передал Спирали Презрения взгляд, который однажды ощутил всем своим телом."
      ],
      "failureDesc": [
        "[{0}] попытался передать Спирали Презрения взгляд, который однажды ощутил, но она презрела и это."
      ]
    },
    {
      "id": 85850201,
      "title": "Спираль Презрения",
      "prevDesc": "",
      "eventDesc": "Взгляд, что сжигает всё, может сжечь даже Спираль Презрения.",
      "behaveDesc": "Кто передаст этот взгляд Спирали Презрения?",
      "successDesc": [
        "[{0}] передал Спирали Презрения взгляд, который однажды ощутил всем своим телом."
      ],
      "failureDesc": [
        "[{0}] попытался передать Спирали Презрения взгляд, который однажды ощутил, но она презрела и это."
      ]
    },
    {
      "id": 85850202,
      "title": "Спираль Презрения",
      "prevDesc": "",
      "eventDesc": "Взгляд, что ранит всё, может ранить даже Спираль Презрения.",
      "behaveDesc": "Кто передаст этот взгляд Спирали Презрения?",
      "successDesc": [
        "[{0}] передал Спирали Презрения взгляд, который однажды ощутил всем своим телом."
      ],
      "failureDesc": [
        "[{0}] попытался передать Спирали Презрения взгляд, который однажды ощутил, но она презрела и это."
      ]
    },
    {
      "id": 85850203,
      "title": "Спираль Презрения",
      "prevDesc": "",
      "eventDesc": "Взгляд, что созерцает всё, может заставить созерцать даже Спираль Презрения.",
      "behaveDesc": "Кто передаст этот взгляд Спирали Презрения?",
      "successDesc": [
        "[{0}] передал Спирали Презрения взгляд, который однажды ощутил всем своим телом."
      ],
      "failureDesc": [
        "[{0}] попытался передать Спирали Презрения взгляд, который однажды ощутил, но она презрела и это."
      ]
    },
    {
      "id": 85850204,
      "title": "Спираль Презрения",
      "prevDesc": "",
      "eventDesc": "Взгляд, что пожирает всё, может пожрать даже Спираль Презрения.",
      "behaveDesc": "Кто передаст этот взгляд Спирали Презрения?",
      "successDesc": [
        "[{0}] передал Спирали Презрения взгляд, который однажды ощутил всем своим телом."
      ],
      "failureDesc": [
        "[{0}] попытался передать Спирали Презрения взгляд, который однажды ощутил, но она презрела и это."
      ]
    },
    {
      "id": 85850205,
      "title": "Спираль Презрения",
      "prevDesc": "",
      "eventDesc": "Взгляд, что омрачает всё, может омрачить даже Спираль Презрения.",
      "behaveDesc": "Кто передаст этот взгляд Спирали Презрения?",
      "successDesc": [
        "[{0}] передал Спирали Презрения взгляд, который однажды ощутил всем своим телом."
      ],
      "failureDesc": [
        "[{0}] попытался передать Спирали Презрения взгляд, который однажды ощутил, но она презрела и это."
      ]
    },
    {
      "id": 85850206,
      "title": "Спираль Презрения",
      "prevDesc": "",
      "eventDesc": "Взгляд, исполненный презрения ко всему, может презреть даже Спираль Презрения.",
      "behaveDesc": "Кто передаст этот взгляд Спирали Презрения?",
      "successDesc": [
        "[{0}] передал Спирали Презрения взгляд, который однажды ощутил всем своим телом."
      ],
      "failureDesc": [
        "[{0}] попытался передать Спирали Презрения взгляд, который однажды ощутил, но она презрела и это."
      ]
    },
    {
      "id": 85850207,
      "title": "Спираль Презрения",
      "prevDesc": "",
      "eventDesc": "Взгляд, исполненный зависти ко всему, может завидовать даже Спирали Презрения.",
      "behaveDesc": "Кто передаст этот взгляд Спирали Презрения?",
      "successDesc": [
        "[{0}] передал Спирали Презрения взгляд, который однажды ощутил всем своим телом."
      ],
      "failureDesc": [
        "[{0}] попытался передать Спирали Презрения взгляд, который однажды ощутил, но она презрела и это."
      ]
    }
  ]
}