﻿{
  "dataList": [
    {
      "id": "8630_BUFF",
      "content": "<color=#ebcaa2>{0}</color> <color=#ebcaa2>получает</color> %{2} {1}/%"
    },
    {
      "id": "8630_SHIELD",
      "content": "<color=#ebcaa2>{0} получает {1} ОЗ Щита</color>"
    },
    {
      "id": "863201_1_1",
      "content": "<color=#ebcaa2>{0} становится более уязвим к физическим атакам\n- Сопротивление к Рубящим, Пронзающим и Дробящим атакам ослабляется на 0.3</color>"
    },
    {
      "id": "863201_1_2",
      "content": "<color=#ebcaa2>{0} наносит на 100% больше урона при критических попаданиях на протяжении этого хода</color>"
    },
    {
      "id": "863201_2_1",
      "content": "<color=#ebcaa2>Все союзники</color> получают %{1} {0}/% на протяжении этого хода"
    },
    {
      "id": "863301_1_1",
      "content": "<color=#ebcaa2>{0}</color> <color=#ebcaa2>получает</color> %{2} {1} и {4} {3}/% на протяжении трёх ходов"
    },
    {
      "id": "863301_2_1",
      "content": "<color=#ebcaa2>Все грешники</color> <color=#fe4b48>теряют 10% ОЗ</color>"
    },
    {
      "id": "863301_2_2",
      "content": "<color=#ebcaa2>{0}</color> <color=#ebcaa2>получает</color> %{2} {1} и {4} {3}/% на протяжении трёх ходов"
    },
    {
      "id": "863301_3_1",
      "content": "<color=#ebcaa2>Все грешники</color> <color=#fe4b48>теряют 15% ОЗ</color>"
    },
    {
      "id": "863301_3_2",
      "content": "<color=#ebcaa2>{0}</color> <color=#ebcaa2>получает</color> %{2} {1} и {4} {3}/% на протяжении трёх ходов"
    },
    {
      "id": "863301_4_1",
      "content": "<color=#fe4b48>Кровавое пиршество уменьшается вдвое</color> <color=#ebcaa2>в этой битве</color>"
    },
    {
      "id": "863301_4_2",
      "content": "<color=#ebcaa2>{0}</color> <color=#ebcaa2>получает</color> %{2} {1}, и {4} {3}/% на протяжении трёх ходов"
    }
  ]
}