﻿{
  "dataList": [
    {
      "id": "857701_abm_success_1_1",
      "content": "<color=#ebcaa2>Все Грешники</color> теряют %{0}/%."
    },
    {
      "id": "857701_abm_success_1_2",
      "content": "<color=#ebcaa2>{0}</color> теряет %{2} {1}/%"
    },
    {
      "id": "857701_abm_failure_1_1",
      "content": "Добавляет <color=#ebcaa2>{0} и счётчика {0}</color> соответственно, на <color=#ebcaa2>всех Грешников</color>, затем делит сумму на число Грешников. Накладывает получившийся результат <color=#e30000>{0} и счётчика {0} </color> на всех Грешников. (Минимум 1)"
    },
    {
      "id": "857801_success_1_1",
      "content": "<color=#ebcaa2>Все Грешники</color> теряют %{0}/%."
    },
    {
      "id": "857801_success_1_2",
      "content": "<color=#ebcaa2>Все Грешники</color> <color=#80c9ff>восстанавливают {0} СД.</color>"
    },
    {
      "id": "857801_success_1_3",
      "content": "<color=#ebcaa2>{0}</color> <color=#ebcaa2>получает</color> %{2} [{1}]/% на следующий ход."
    },
    {
      "id": "857801_failure_1_1",
      "content": "<color=#ebcaa2>[{0}]</color> <color=#ebcaa2>получает</color> %{2} [{1}]/%"
    },
    {
      "id": "857801_failure_1_2",
      "content": "<color=#ebcaa2>{0}</color> <color=#fe4b48>теряет {1} СД</color>"
    },
    {
      "id": "857801_failure_1_3",
      "content": "<color=#ebcaa2>{0}</color> <color=#e30000>теряет {1} ОЗ</color>"
    },
    {
      "id": "857101_skinPredector_success_1_2",
      "content": "<color=#ebcaa2>{0}</color> <color=#ebcaa2>получает</color> %{2} {1}/% <color=#ebcaa2>на всю Схватку.</color>"
    },
    {
      "id": "857101_skinPredector_success_1_3",
      "content": "<color=#ebcaa2>{0}</color> <color=#ebcaa2>получает</color> %{2} {1}/% и %{4} {3}/% <color=#ebcaa2>на всю Схватку.</color>"
    },
    {
      "id": "857101_skinPredector_failure_1_1",
      "content": "<color=#ebcaa2>{0}</color> <color=#ebcaa2>получает</color> %{2} {1}/% и %{4} {3}/% <color=#ebcaa2>на всю Схватку.</color>"
    },
    {
      "id": "857101_skinPredector_failure_1_2",
      "content": "<color=#ebcaa2>Все Грешники</color> <color=#ebcaa2>получают</color> %{1} {0}/% и %{3} {2}/%."
    },
    {
      "id": "858501_soc_success_1_1",
      "content": "<color=#ebcaa2>{0} {1}</color> <color=#ebcaa2>уровень Сопротивления становится 1.5</color>"
    },
    {
      "id": "858501_soc_failure_1_1",
      "content": "<color=#ebcaa2>[{0}]</color> <color=#e30000> получает {1} урона ОЗ</color>"
    },
    {
      "id": "858501_soc_failure_1_2",
      "content": "<color=#ebcaa2>{0}</color> <color=#fe4b48>получает {1} урона СД</color>"
    },
    {
      "id": "858502_soc_success_1_1",
      "content": "<color=#ebcaa2>{0} {1}</color> <color=#ebcaa2>уровень Сопротивления становится 1.5</color>"
    },
    {
      "id": "858502_soc_failure_1_1",
      "content": "<color=#ebcaa2>[{0}]</color> <color=#e30000> получает {1} урона ОЗ</color>"
    },
    {
      "id": "858502_soc_failure_1_2",
      "content": "<color=#ebcaa2>{0}</color> <color=#fe4b48>получает {1} урона СД</color>"
    },
    {
      "id": "858502_soc_failure_1_3",
      "content": "<color=#ebcaa2>[{0}]</color> <color=#ebcaa2>получает</color> %{2} {1}/%"
    }
  ]
}