﻿{
  "dataList": [
    {
      "id": 901054,
      "name": "",
      "subDesc": "",
      "desc": "Вжик-щелк. Вжик-щелк.\n\nРаздаются звуки липкого, маслянистого часового механизма.\n\nЭто звук зацепляющихся друг за друга зубцов шестеренок. Это звук сливающихся потоков воды.\n\nПеред вами стоит усталая, понурая утка.\n\nЧасовой механизм энергично жужжит, но кролик выглядит изможденным.\n\n... Нет, возможно, это утка.\n\nКролик спрашивает.\n\n«Кто я в твоих глазах?»",
      "options": [
        {
          "message": "Утка.",
          "result": [
            ""
          ]
        },
        {
          "message": "Кролик.",
          "messageDesc": "Проверка Лености и Зависти. При успехе получить ЭГО Дар Утопания.",
          "result": [
            ""
          ]
        }
      ]
    },
    {
      "id": 901058,
      "name": "",
      "subDesc": "",
      "desc": "«Что ты думаешь?»\n\nСпрашивает осколок, парящий в воздухе.\n\n«Эти штуки, вращающиеся по орбите».\n\n«Они связаны невидимой силой, не так ли?»\n\nОсколок окружен двумя разными типами орбит. Некоторые вращаются дико, другие — плавно.\n\n«Но я держу их здесь не потому, что хочу».\n\n«Они прилипли ко мне, понимаешь ли».\n\n«Что ты думаешь?»",
      "options": [
        {
          "message": "Мне жаль тех, кто связан.",
          "messageDesc": "Проверка Чревоугодия и Гнева. При успехе повышает уровень развернутых Идентичностей.",
          "result": [
            ""
          ]
        },
        {
          "message": "Мне жаль того, кто связывает.",
          "messageDesc": "Проверка Чревоугодия и Зависти. При успехе получить ЭГО Дар без ключевых эффектов.",
          "result": [
            ""
          ]
        }
      ]
    },
    {
      "id": 901061,
      "name": "",
      "subDesc": "",
      "desc": "Это место похоже на гигантскую свалку.\n\nВсевозможные отходы попадают сюда, только чтобы быть сожженными.\n\nРазница в том, что на этой свалке собирают только кости.\n\nЧеловеческие кости, кости зверей и кости чего-то, что не является ни человеком, ни зверем.\n\nВсевозможные кости находят свой путь сюда.\n\nИз кучи доносится слабый голос, но он слишком слаб, чтобы его можно было разобрать.",
      "options": [
        {
          "message": "Искать, откуда доносится голос.",
          "messageDesc": "Проверка Уныния и Чревоугодия. При успехе получить ЭГО Дар Утопания.",
          "result": [
            ""
          ]
        },
        {
          "message": "Игнорировать голос. Идти дальше.",
          "result": [
            ""
          ]
        }
      ]
    },
    {
      "id": 901066,
      "name": "",
      "subDesc": "",
      "desc": "Шшшш-чк.\n\nШшшш-чк.\n\nТам скелет, издающий зловещие, натужные звуки.\n\nВ его позвоночнике — тень кого-то.\n\nДышит ли эта тень, остается только гадать.",
      "options": [
        {
          "message": "Подобрать респиратор и вставить ему в рот.",
          "messageDesc": "Проверка Гордыни и Уныния. При успехе получить ЭГО Дар Дыхания.",
          "result": [
            ""
          ]
        },
        {
          "message": "Наблюдать.",
          "result": [
            "Тень в черепе была всего лишь затянувшимся чувством.\n\nОбида. Раскаяние. Все это напрасно. Так что она исчезает в тишине.\n\nВсе, что остается — пустой череп."
          ]
        }
      ]
    },
    {
      "id": 901068,
      "name": "",
      "subDesc": "",
      "desc": "Сущность привязана к богато украшенному креслу.\n\nПохоже, сущность бросает сюда суровый взгляд.\n\nОна пытается что-то сказать... но ее рот связан.\n\nКороль на троне извивается и бьется, пытаясь приблизиться... но то, что связывает, тащит его прочь.\n\nКрасивые, но жестокие багровые полосы ткани. Они тянут безжалостно. Это...",
      "options": [
        {
          "message": "... Бинты.",
          "messageDesc": "Проверка Гордыни и Гнева. При успехе получить ЭГО Дар без ключевых эффектов.",
          "result": [
            ""
          ]
        },
        {
          "message": "... Цепи.",
          "messageDesc": "Проверка Гордыни и Зависти. При успехе повышает уровень развернутых Идентичностей.",
          "result": [
            ""
          ]
        }
      ]
    },
    {
      "id": 901069,
      "name": "",
      "subDesc": "",
      "desc": "Звуки тяжелых камней, скребущих друг о друга.\n\nТо, что выглядело как ладони, сделано из черных камней.\n\nНа кончиках пальцев, прикрепленных к ладоням, — меньшие ладони и меньшие пальцы.\n\nОно протягивает руку руки.",
      "options": [
        {
          "message": "Пожать руку.",
          "result": [
            ""
          ]
        },
        {
          "message": "Оттолкнуть руку.",
          "messageDesc": "Проверка Гордыни и Зависти. При успехе получить ЭГО Дар Заряда.",
          "result": [
            ""
          ]
        }
      ]
    },
    {
      "id": 901073,
      "name": "",
      "subDesc": "",
      "desc": "Голос говорит.\n\n«Да. Глубокое море — темное место».\n\n«Но в конце этого темного пути есть свет».\n\n«Потому что там есть вещи, которые сияют в темноте».\n\n«Пойдем туда».\n\n«И мы будем сиять ярче всего в этом темном месте».\n\n«Нас всех бросили, да. Но у нас у всех были мечты. Помнишь?»\n\n«Ну, давай осуществим наши мечты. Давай погрузимся вместе в глубины».\n\nТусклые люминесцентные лампы, пронзающие спину сущности, мерцают.",
      "options": [
        {
          "message": "Сказать, что вы погрузитесь вместе.",
          "messageDesc": "Проверка Лености и Уныния. При успехе получить ЭГО Дар Разрыва.",
          "result": [
            ""
          ]
        },
        {
          "message": "Починить мерцающие люминесцентные лампы сущности.",
          "messageDesc": "Проверка Лености и Зависти. При успехе получить ЭГО Дар Дыхания.",
          "result": [
            ""
          ]
        },
        {
          "message": "Выдернуть люминесцентные лампы.",
          "messageDesc": "Победите в битве, чтобы получить ЭГО Дар Разрыва и ЭГО Дар Дыхания.",
          "result": [
            "«Нет. Мы еще не там».\n«Они все еще могут мерцать».\n«Оно должно сиять и блестать до последнего проблеска».\n«Верни их»."
          ]
        }
      ]
    },
    {
      "id": 901074,
      "name": "",
      "subDesc": "",
      "desc": "Это коридор большого деревянного особняка. Его половицы древние.\n\nИздалека доносятся скрипящие звуки. Что-то идет в нашем направлении.\n\n«У моего хозяина была очень несчастная жизнь».\n\n«Я дворецкий этого дома».\n\n«Здесь происходили печальные, печальные вещи. Много печальных вещей».\n\n«Я все еще ношу с собой портрет моего хозяина, потому что никто больше их не помнит».\n\n«Как он? Тебе хорошо видно?»",
      "options": [
        {
          "message": "Сказать, что плохо видно.",
          "messageDesc": "Проверка Зависти и Гордыни. При успехе получить ЭГО Дар Утопания.",
          "result": [
            ""
          ]
        },
        {
          "message": "Сказать, что хорошо видно.",
          "messageDesc": "Проверка Зависти и Лености. При успехе повышает уровень развернутых Идентичностей.",
          "result": [
            ""
          ]
        },
        {
          "message": "Сказать, что слишком пыльно, чтобы разобрать.",
          "messageDesc": "Проверка Уныния и Лености. При успехе получить ЭГО Дар Дыхания.",
          "result": [
            ""
          ]
        }
      ]
    },
    {
      "id": 901084,
      "name": "",
      "subDesc": "",
      "desc": "Там массивная крылатая мраморная статуя.\n\nОднако ее руки и голова сделаны не из камня.\n\nВместо этого там мерцает полупрозрачный и твердый свет.\n\nМерцающая, похожая на мираж голова трубит в трубу. Одна из ее рук держит клинок.\n\nЧто может увековечивать эта статуя?",
      "options": [
        {
          "message": "Помолиться перед статуей.",
          "messageDesc": "Проверка Чревоугодия и Похоти. При успехе получить ЭГО Дар. Рубящего типа.",
          "result": [
            ""
          ]
        },
        {
          "message": "Уйти.",
          "messageDesc": "Проверка Чревоугодия и Гнева. При успехе получить ЭГО Дар без ключевых эффектов.",
          "result": [
            ""
          ]
        }
      ]
    },
    {
      "id": 901085,
      "name": "",
      "subDesc": "",
      "desc": "Кто-то дышит тяжело и сердито.\n\nБольшая, возвышающаяся фигура подрагивает. Ее дыхание затруднено.\n\nНеясно, было ли это от гнева или печали.\n\n«Ты! Кто там?!»\n\nФигура обращается к вам.\n\n«Посмотри на это. Что, черт возьми, здесь написано?»\n\nФигура, сующая вам под нос листок бумаги, кажется слепой.\n\nНа бумаге написано, что секрет о... чем-то... должен быть сохранен.\n\nЭто запись о некоем пациенте.\n\n«Скажи мне. Что написано на бумаге?»",
      "options": [
        {
          "message": "Сказать правду.",
          "messageDesc": "Проверка Уныния и Похоти. При успехе получить ЭГО Дар без ключевых эффектов.",
          "result": [
            ""
          ]
        },
        {
          "message": "Сказать фигуре, что там ничего нет.",
          "messageDesc": "Проверка Уныния и Лености. При успехе получить ЭГО Дар Дробящего типа.",
          "result": [
            ""
          ]
        }
      ]
    },
    {
      "id": 901091,
      "name": "",
      "subDesc": "",
      "desc": "Колокол звонит.\n\nОн скрипит несколько раз...\n\nИ звонит снова.\n\nКолокол звонит, чтобы сообщить время. Он откатывается до упора назад, словно вот-вот опрокинется... затем снова балансирует.\n\nКаждый раз, когда он балансирует, раздается звон разбитого колокола.\n\nКолокол снова опасно откатывается назад.",
      "options": [
        {
          "message": "Помочь колоколу найти равновесие.",
          "messageDesc": "Проверка Зависти и Чревоугодия. При успехе повышает уровень развернутых Идентичностей.",
          "result": [
            ""
          ]
        },
        {
          "message": "Толкнуть его дальше.",
          "messageDesc": "Проверка Зависти и Лености. При успехе получить ЭГО Дар Тремора.",
          "result": [
            ""
          ]
        }
      ]
    },
    {
      "id": 901095,
      "name": "",
      "subDesc": "",
      "desc": "Одинокий указатель стоит на вершине заснеженной горы.\n\nПри ближайшем рассмотрении оказалось, что это, на самом деле, не указатель.\n\nИ все же он функционирует как указатель.\n\nОкоченевшие трупы указывают замерзшими руками в разные стороны.\n\nЧто ждет в конце путей, на которые указывают эти пальцы?",
      "options": [
        {
          "message": "На север, куда указывает разорванная рука.",
          "result": [
            "В конце пути — пепельная деревня, сожженная дотла.\n\nБольшинство зданий разрушено, как будто эта деревня когда-то была эпицентром большого взрыва.\n\nСнежная буря несет с собой запах гари.\n\nСреди этих пепельных руин, погребенных под пеплом и снегом, выделяется хижина."
          ]
        },
        {
          "message": "На восток, куда указывает предостерегающая рука.",
          "messageDesc": "Получить ЭГО Дар Утопания в зависимости от результата следующего выбора.",
          "result": [
            "Там темная пещера.\n\nИз пещеры доносятся ужасающие вопли. Какофония ужасных криков."
          ]
        },
        {
          "message": "На запад, куда указывает сломанная рука.",
          "result": [
            "За снежной бурей появляется клумба. Она выглядит довольно неуместно.\n\nМожет быть, это место для передышки."
          ]
        },
        {
          "message": "Повернуть назад.",
          "result": [
            "Мы решили проигнорировать указатель из рук и пройти мимо него."
          ]
        }
      ]
    },
    {
      "id": 90109505,
      "name": "",
      "subDesc": "",
      "desc": "Что здесь произошло?",
      "options": [
        {
          "message": "Исследовать.",
          "result": [
            "Вы находите кипящий котел внутри хижины.\n\nМногие, должно быть, погибли от холода, не сумев найти эту хижину."
          ]
        },
        {
          "message": "Пройти мимо.",
          "result": [
            "Хижина полностью погребена под лавиной.\n\nХижина, которая была единственным узнаваемым строением в этой деревне, полностью исчезла из виду."
          ]
        }
      ]
    },
    {
      "id": 90109506,
      "name": "",
      "subDesc": "",
      "desc": "Что здесь произошло?",
      "options": [
        {
          "message": "Исследовать.",
          "messageDesc": "Выберите, чтобы получить ЭГО Дар Утопания",
          "result": [
            "Там компас, который продолжает вращаться, не в силах найти направление.\n\nКрики прекращаются, как только вы подбираете компас."
          ]
        },
        {
          "message": "Пройти мимо.",
          "result": [
            "Крики заблудших продолжают эхом разноситься.\n\nМожно предположить, что они знают дорогу... но в этом бесконечном снежном поле невозможно определить направление."
          ]
        }
      ]
    },
    {
      "id": 90109507,
      "name": "",
      "subDesc": "",
      "desc": "Может, немного отдохнем?",
      "options": [
        {
          "message": "Немного отдохнуть.",
          "result": [
            "После краткой передышки вы замечаете, что мороз несколько ослаб.\n\nПуть вперед неясен... но давайте все равно продолжим двигаться."
          ]
        },
        {
          "message": "Пройти мимо.",
          "result": [
            "Впереди — бесконечная метель.\n\nПередышку, подобную той, что вы видели ранее, будет нелегко найти."
          ]
        }
      ]
    },
    {
      "id": 901099,
      "name": "",
      "subDesc": "",
      "desc": "Добро пожаловать. Это город мира, Метрополярис.\n\nЗдесь, в Метрополярисе, никто не может быть ранен.\n\nСущность назвала это городом... но здесь ничего нет.\n\nЕдинственное узнаваемое существо здесь — это сущность, которая приветствует вас, даже не глядя в вашу сторону.",
      "options": [
        {
          "message": "Спросить, есть ли другие граждане.",
          "result": [
            "«Есть. Где-то».\n\n«Но ты не можешь их встретить».\n\n«Граждане этого города никогда не могут видеть или касаться друг друга. Такова наша революционная политика».\n\n«Если никто не может коснуться другого...»\n\nСущность добавляет с оттенком гордости в голосе.\n\n«...тогда никто не может навредить другому»."
          ]
        },
        {
          "message": "Попросить пожать руку.",
          "messageDesc": "Получить ЭГО Дар Заряда в зависимости от результата следующего выбора.",
          "result": [
            "«Что ты делаешь?»\n\n«Протягивать руки... касаться — это табу».\n\n«Если наши руки соприкоснутся, мне будет больно. Тебе тоже будет больно».\n\n«И однажды... всем будет больно»."
          ]
        }
      ]
    },
    {
      "id": 90109903,
      "name": "",
      "subDesc": "",
      "desc": "Что вы будете делать?",
      "options": [
        {
          "message": "Пройти мимо города.",
          "result": [
            "«Делай, как хочешь».\n\n«Время не лечит все раны. Оно лишь превращает их в шрамы».\n\n«Однажды ты вспомнишь нас и будешь скучать по нам. Ты будешь скучать по нашему миру, где никто не может навредить или быть раненым кем-либо»."
          ]
        },
        {
          "message": "Прогуляться по этому городу, где никого нет и некого встретить.",
          "result": [
            "Город был бесконечно огромен, и никто даже не смел дышать, пока мы шли.\n\nИ его граждане вечно пребывают в мире."
          ]
        }
      ]
    },
    {
      "id": 90109904,
      "name": "",
      "subDesc": "",
      "desc": "Что вы будете делать?",
      "options": [
        {
          "message": "Все равно попытаться пожать ей руку.",
          "messageDesc": "Выберите, чтобы получить ЭГО Дар Заряда",
          "result": [
            "«НЕТ НЕТ НЕТ НЕТ НЕТ НЕТ!»\n\n«НИЧТО НЕ МОЖЕТ МНЕ НАВРЕДИТЬ. НЕ СМОТРИ НА МЕНЯ. НЕ ДАВАЙ МНЕ РУКУ. НЕ ПРИЧИНЯЙ МНЕ БОЛИ».\n\nСущность кричит, исчезая. Она оставляет что-то после себя."
          ]
        },
        {
          "message": "Отступить и убрать руку.",
          "result": [
            "У нее даже не было руки, чтобы пожать нашу.\n\nВы опускаете свою растерянную, потерянную руку."
          ]
        }
      ]
    }
  ]
}