﻿{
  "dataList": [
    {
      "id": 971001,
      "name": "Куриная Разборка",
      "desc": "Какие-то люди преграждают путь.\nОни сидят на настиле и кричат друг на друга.\n«Посмотри на этот сочный кусок! Насыщенный сок стекает по волокнам роскошного мяса… Вот что такое курица!»\n«Неправда. У этого куска чистый вкус, ни капли жира не пачкает язык. Вот это настоящее дело.»\nОба одновременно поворачиваются к вам.\n«Эй, ты! Скажи нам, что лучше!»",
      "options": [
        {
          "message": "Курица — это курица, очевидно же.",
          "messageDesc": "Выберите, чтобы получить ЭГО Дар Огня и ЭГО Дар Разрыва",
          "result": [
            "«Это… правда.»\n«Неопровержимый аргумент.»\nОни опустили руки и успокоились.\n«Из-за какой странной вещи мы спорили.»\n«Они правы… Единственная истина в том, что курица всегда права.»\nПосле страстного рукопожатия двое отдали вам свое ведро с курицей.\n«Такой мудрый гурман, как вы, заслуживает оба куска. Пожалуйста, возьмите, мы настаиваем.»"
          ]
        },
        {
          "message": "Должны быть ножки, такие насыщенные и сочные.",
          "messageDesc": "Выберите, чтобы получить ЭГО Дар Огня",
          "result": [
            "«Вот видишь! Ножки лучше!»\n«Ты не разбираешься в хорошем вкусе.»\nЧеловек с куриной грудкой издал недоуменный вздох.\n«Эй! Вот твоя награда. Ты заслуживаешь свою собственную ножку.»\nУдовлетворенный, тот, что с ножкой, протянул вам еще одну из ведра.\n«Я рассчитываю на тебя, держи эту ножку!»\nНеуверенные в том, что вам доверили, вы покинули стол с ножкой."
          ]
        },
        {
          "message": "Грудка, конечно, незапятнанная и безупречная.",
          "messageDesc": "Выберите, чтобы получить ЭГО Дар Разрыва",
          "result": [
            "«Да быть не может! Ты бы отказался от этого пиршества сочности…?»\n«Это жир, а не просто сок. Грудка здоровая, легкая, подается большими порциями и ее легко есть — это очевидно разумный выбор.»\nПриятно заметил человек с куском куриной грудки.\n«Вот, награда для тебя. Возьми эту грудку.»\nИз ведра достали внушительный кусок.\n«Желаю тебе удачи в твоих свершениях. Надеюсь, ты останешься здоровым.»\nНеуверенные в том, что вы должны 'свершать', вы покинули стол с куриной грудкой."
          ]
        }
      ]
    },
    {
      "id": 971003,
      "name": "Танго Птичьей Страсти",
      "desc": "Яркий прожектор освещает часть шумной зоны.\nКажется, куры посещают… бал.\n«Это танго.»\nГлядя на их движения, которые могут быть танцем или потасовкой, вы замечаете, что из одной из них вытекает соус.\nПохоже, она этого не осознает…",
      "options": [
        {
          "message": "Честно предупредить её.",
          "messageDesc": "Получить ЭГО Дар Кровотечения в зависимости от результата следующего выбора.",
          "result": [
            "«Внемли!!!!! Соус вытекает из твоего тела!!!!!!»\n«Не кричи так громко, дурочка…»\nУведомленная о своей утечке, курица быстро провела крыльями по спине — или тому, что казалось ее спиной.\nК сожалению, узел на ее шве ослаб.\n«Кииигх, кииирг…»\nЗначит ли это, что она не может сделать это сама? Приближаясь со следом капающего соуса позади, она держала нитку и иголку в своих рука... э-э, крыльях.\nОна хочет, чтобы вы зашили ей спину?"
          ]
        },
        {
          "message": "Вы ничего не видели.",
          "messageDesc": "Выберите, чтобы получить ЭГО Дар без ключевых эффектов",
          "result": [
            "«Разве мы не должны их проинформировать?»\n«Да, но~ Они сейчас выглядят довольно счастливыми, не так ли? Не повредит посидеть и посмотреть еще немного, верно?»\n«Что с ней станет, когда она потеряет весь свой соус?»\n«Может, просто станет недосоленной курицей.»\nСо временем утечка прекратилась.\n«Киегх!»\nМожет, она заметила, что стала легче? Она внезапно выполнила очень техничное движение.\n«Поразительно.»\nКуры вокруг прекратили свои танцы и завороженно наблюдали за ее выступлением. Вскоре они подошли к исполнительнице, издавая крики, похожие на аплодисменты.\nОни вышли из света, подбрасывая особенную куру в знак празднования.\nВсе, что осталось… был пролитый соус."
          ]
        },
        {
          "message": "Дать несколько тонких намеков.",
          "messageDesc": "Выберите для 50% шанса получить ЭГО Дар без ключевых эффектов.",
          "result": [
            "«Мм-ммм~ Ого, я чую что-то вкусненькое! Интересно, откуда этот запаааах~?!»\n«…Полагаю, было бы глупо ожидать от меня более правдоподобной игры.»\nГолос Грешника заставил кур немедленно прекратить их страстный танец.\nОсмотрев спины друг друга, они вскоре нашли источник утечки.\n«Киех, киерг.»\n«Гииегх.»\nНе паникуя, они принесли нитку и иголку, чтобы зашить ее спину — или то, что кажется спиной.\nОни были безупречны в своем мастерстве.\nКак только шитье было закончено, они устремились в темноту.\nВсе, что осталось — это нитка и иголка, которые они использовали."
          ]
        }
      ]
    },
    {
      "id": 971012,
      "name": "Выбор Черного Дневника",
      "subDesc": "",
      "desc": "«Отсюда начинается территория Клана Курокумо.»\n\n«Тебе так трудно понять, что нужно платить пошлину, чтобы пользоваться нашей дорогой? А?»\n\nЛюди в одежде Клана Курокумо преграждают путь безоружным гражданским, угрожая им.\n\n«...Полагаю, этого предлога им хватило, чтобы ступить и на нашу территорию.»\n\nЭнду не скрывает своего негодования. Она скрипит зубами.\n\nЧто нам с ними делать?",
      "options": [
        {
          "message": "Спасти гражданских.",
          "messageDesc": "Получить ЭГО Дар без ключевых эффектов в зависимости от результата следующего выбора."
        },
        {
          "message": "Закрыть глаза на разборки.",
          "result": [
            "«Еще один день, еще одно ограбление в Городе.»\n\nБормочет один из Грешников со вздохом.\n\n«......»\n\nЭнду стоит там с глазами, умоляющими нас что-то сделать, но не делает шага вперед.\n\nНам следует избегать ненужных сражений...\n\n... если мы хотим выжить в предстоящих испытаниях и встретиться с Искаженным Кимом в Бамбуковой Шляпе, который ждет нас в конце этого пути.\n\nЭто оставило неприятный привкус во рту, когда мы проигнорировали суматоху и ушли."
          ]
        }
      ]
    },
    {
      "id": 97101202,
      "name": "Выбор Черного Дневника #2",
      "subDesc": "",
      "desc": "«Спасибо, спасибо вам большое...»\n\nГражданские, освобожденные от угрозы Клана Курокумо, кланяются и благодарят нас.\n\n«Но... Вы одеты не как местные.»\n\n«Если не возражаете против нашего любопытства... кем вы будете?»",
      "options": [
        {
          "message": "Сказать, что просто проходите мимо.",
          "result": [
            "«Хаа...?»\n\nГражданские кажутся озадаченными.\n\n«Вы просто... 'проходите мимо' с таким количеством людей за спиной?»\n\nМожет, стоило подумать над ответом, прежде чем отвечать...\n\n«Зачем вы нам помогли, если не имеете никакого отношения к Клану Курокумо...?»\n\nОни посмотрели друг на друга, явно недоумевая.\n\n«В-в любом случае, спасибо.»\n\n«Б-безопасного вам пути!»\n\nС этими словами они поспешно покинули место происшествия."
          ]
        },
        {
          "message": "Сказать, что вы из Родословной Клинка.",
          "messageDesc": "Проверка Гордыни. При успехе получить ЭГО Дар без ключевых эффектов."
        }
      ]
    },
    {
      "id": 971013,
      "name": "Выбор Ржавой Рукояти",
      "subDesc": "",
      "desc": "«Это, должно быть, таверна...»\n\nЭтот бар или трактир кипит жизнью, и его посетители энергично болтают. Кажется, все они в довольно хорошем настроении.\n\nТрио в толпе довольно шумно спорят и указывает пальцами друг на друга.\n\n«Нет, НЕТ! Я не понимаю, почему это вообще предмет спора! Клинок — это оружие, созданное для резки, и 'правильный' способ использовать клинок — это рубить им.»\n\n«Ты не знаешь, о чем говоришь! Ударь в одну точку изо всех сил, и твой враг наверняка падет!»\n\n«... Вы оба неправы. Ваши полусерьезные порезы и уколы только разозлят их. Они сразу же встанут на ноги!»\n\n«Ударь их по черепам тупым концом — рукоятью или ножнами, и сбей их с ног навсегда! Сделай так, чтобы они были слишком ошеломлены, чтобы встать!»\n\nТрио, похоже, говорило о чем-то довольно серьезном, поэтому мы остановились послушать их дебаты...\n\nОни внезапно повернулись в нашу сторону и позвали нас.\n\n«Эй, ты! Твоя группа явно умеет обращаться с оружием, я не прав?»\n\n«Ответь нам. Как лучше всего владеть мечом?»\n\n«Конечно, рубить — лучший способ использовать клинок, не так ли?»\n\nЧто мне на это ответить?",
      "options": [
        {
          "message": "Верно. Рубящие удары — это то, что нужно при владении клинком.",
          "messageDesc": "Проверка Похоти и Гордыни. При успехе получить ЭГО Дар Режущего типа."
        },
        {
          "message": "Неправда. Рубящие, Пронзающие и Дробящие атаки — все имеют свое применение.",
          "result": [
            "«Хм.»\n\nВсе трое внезапно чувствуют очень явную неловкость.\n\n«Это правильный ответ, не так ли?»\n\n«Это, безусловно, ответ как по учебнику.»\n\n«Не то чтобы мы не знали правильного ответа...»\n\nВсе они разочарованно отхлебывают из своих кружек.\n\n«Что, ты думаешь, мы сидим здесь и рассуждаем об оружии, как генералы, готовящиеся к войне?»\n\n«Это просто забавная тема для спора с выпивкой в руке. Какой способ убить настроение этим пресным ответом...»\n\n«Ах, забудь. Иди своей дорогой!»\n\nОни отвернулись от нас и вернулись к выпивке, явно потеряв к нам интерес."
          ]
        }
      ]
    },
    {
      "id": 971014,
      "name": "Выбор Расколотого и Сломанного Клинка",
      "subDesc": "",
      "desc": "«Это странно... этот туман...»\n\nНе знаю, когда это случилось, но густой слой тумана опустился вокруг нас.\n\n«Я слышал рассказ об одной такой ночной прогулке. В этом рассказе невежественный путник безрассудно бредет в туманную дымку и оказывается перед потусторонним существом—»\n\n«ААААГХ! Прекрати, прекрати!»\n\nКак раз когда Грешники начали громко препираться друг с другом, я понял, что на нашем пути стоит нечто туманное.\n\n«Эта штука... танцует?»\n\nЗагадочная фигура, одетая в белое, грациозно танцевала перед нами с большим клинком в руке.\n\nКогда она встретила мой взгляд... или, когда я подумал, что встретила...\n\n... в моей руке материализовался клинок в ножнах.\n\nЧто она хочет, чтобы я с ним сделал?",
      "options": [
        {
          "message": "Принять стойку, как будто собираюсь обнажить меч.",
          "messageDesc": "Проверка Похоти и Уныния. При успехе получить ЭГО Дар Кровотечения."
        },
        {
          "message": "Обнажить меч и держать его сбоку.",
          "messageDesc": "Проверка Гордыни и Гнева. При успехе получить ЭГО Дар Дыхания."
        },
        {
          "message": "Оставить меч, уходим.",
          "result": [
            "Это не Аномалия, с которой нам нужно разбираться, и компания никогда не говорила, что мы должны вступать с ними в бой.\n\nЯ всегда должен избегать сражений с неизвестными сущностями.\n\nЯ бросил меч на землю, прежде чем сбежать с места происшествия с Грешниками.\n\nПлачущий смех, казалось, преследовал меня всю дорогу назад."
          ]
        }
      ]
    },
    {
      "id": 971016,
      "name": "Выбор Красной Кисточки",
      "subDesc": "",
      "desc": "Мы слышим пару голосов, идя вдоль каменного забора. Оба путника несут клинки.\n\n«Мне жаль здешних людей...»\n\n«Ну, решение Крыла абсолютно для его перьев. Они мало что могут с этим поделать.»\n\nОдин из них выделяется — его одежда отличает его от местных. Может быть, он не отсюда.\n\n«И все же, позволить Клану Курокумо пробраться сюда? Это уже слишком.»\n\n«Крыло не заботится ни о чем, кроме как о взмахах своих крыльев. Все остальное становится незначительным.»\n\nПохоже, они говорят о текущей Корпорации S.\n\n«Еще чужаки, погляжу. Как удобно.»\n\nПара останавливается на месте, затем поворачивается к нам лицом.\n\n«Клан Курокумо... нет. Вы не носите их одежду. Вы не похожи на крестьян, стремящихся заработать немного денег в хаосе Подворотен, тоже...»\n\n«Ну что ж. Что вы, чужаки, думаете о текущем климате?»\n\nКак мне на это ответить?",
      "options": [
        {
          "message": "Это Город. Просто такое случается с мелкой рыбешкой, попавшей в крупномасштабные конфликты.",
          "messageDesc": "Проверка Уныния и Гордыни. При успехе получить ЭГО Дар Режущего типа."
        },
        {
          "message": "У меня нет мыслей по этому поводу. Жаль, однако.",
          "result": [
            "«Жаль, говоришь...»\n\nЧеловек с мечом скрещивает руки, затем вздыхает.\n\n«Конечно, полагаю, это один из способов взглянуть на ситуацию. Мысли должны оставаться свободными, действительно.»\n\n«Тем не менее, если у тебя нет мыслей по этому поводу, пойми, что чувствовать жалость может быть грехом само по себе.»\n\nПара уходит. У обоих мрачное выражение лица."
          ]
        }
      ]
    },
    {
      "id": 971017,
      "name": "Выбор Бамбуковой Шляпы и Допо",
      "subDesc": "",
      "desc": "Перед вами парят мерцающие синие буквы.\n\nТо, как упорядочены эти похожие слова, затрудняет понимание того, что они пытаются сказать.\n\nСказать, что правое — право, а неправое — неправо, не есть право,\n\nно это не значит, что сказать, что неправое — право, а правое — неправо, есть неправо.\n\nСказать, что неправое — право, а правое — неправо, не есть неправо,\n\nи сказать, что правое — право, а неправое — неправо, в свою очередь, значит сказать, что это неправо есть право.\n\n... Оно хочет моего мнения об этих словах?\n\nО чем оно говорит?",
      "options": [
        {
          "message": "Что 'право' и что 'неправо'... так ли важно различать, что есть что? Сказать, что действительно важно нечто другое.",
          "messageDesc": "Проверка Похоти и Гордыни. При успехе получить ЭГО Дар Дыхания."
        },
        {
          "message": "И все же, надо сказать, что то, что право, — право.",
          "messageDesc": "Проверка Уныния и Гордыни. При успехе получить ЭГО Дар Режущего типа."
        }
      ]
    },
    {
      "id": 971021,
      "name": "Фабричный Рабочий",
      "subDesc": "",
      "desc": "Просто еще одна оживленная, оживленная часовая фабрика.\n\n«!@#$!#$#!$@#$!$#@$.»\n\nМужчина в блестящих туфлях и чистом костюме, явно владелец фабрики, кричит на своих сотрудников в грязной, промасленной рабочей одежде.\n\nЧто-то, кажется, привлекает его внимание, заставляя его свирепо посмотреть на одного из сотрудников и закричать от гнева.\n\nСотрудник, уже занятый своей работой, приходит в замешательство и пытается что-то сказать. Но ему требуется вечность, чтобы даже открыть рот.\n\nВладелец достает диктофон в отчаянной попытке общаться, но это не помогает.\n\n«Я только что проверил камеру наблюдения. Ты спал целых два часа! Объяснись.»\n\n«Ф… … … а… … …»\n\n«… … к… … … т…»\n\n«Ты не можешь говорить быстрее, мужик?!»\n\nМожет быть, здесь есть что-то, что поможет разрешить эту ситуацию?",
      "options": [
        {
          "message": "Осмотреться на фабрике.",
          "messageDesc": "Проверка Чревоугодия и Гордыни. При успехе получить ЭГО Дар Тремора."
        },
        {
          "message": "Хорошенько рассмотреть владельца фабрики и сотрудника.",
          "messageDesc": "Проверка Уныния и Лености. При успехе получить ЭГО Дар Тремора."
        }
      ]
    },
    {
      "id": 971022,
      "name": "Сбор Налогов Корпорации T",
      "subDesc": "",
      "desc": "Случайная улица Корпорации T. Сборщик собирает налоги с кого-то.\n\n«Вы будете платить временем или наличными?»\n\n«Как я уже сказал, мы уже полностью оплатили наши Временные налоги! Кроме того, триста миллионов Ан? Это абсурд...!»\n\n«Записи указывают, что у вас накопились дополнительные обязательства по Налогу Времени из-за налога на подаренное время.»\n\n«Не может быть. Это потому, что я отдал свое время тем детям в Подворотнях?»\n\n«Я дал им всего триста часов, так как, черт возьми, это превратилось в триста миллионов Ан налогов?! Это не имеет никакого смысла!»\n\n«Налоговые расчеты в Корпорации T всегда исключительно точны.»\n\nСборщик Времени шагает к гражданину, чтобы нейтрализовать его.",
      "options": [
        {
          "message": "Поговорить с ними.",
          "messageDesc": "Проверка Уныния и Лености. При успехе получить ЭГО Дар без ключевых эффектов."
        },
        {
          "message": "Уйти.",
          "result": [
            "Похоже, ему придется как-то защищаться в Офисе Сбора.\n\nНе то чтобы ты мог что-то изменить, вмешавшись.\n\n... Ты внезапно осознаешь, что именно такие мысли превратили Корпорацию T в такое место. Ты резко оборачиваешься и пытаешься вмешаться...\n\n... Но Сборщик Времени уже извлек время из гражданина, замедлив его до передвижения ползком."
          ]
        }
      ]
    },
    {
      "id": 971023,
      "name": "Улицы Корпорации T",
      "subDesc": "",
      "desc": "Люди из всех слоев общества, все с разным количеством часов, которые можно потратить за день, говорят и двигаются с разной скоростью.\n\nЗвук, исходящий от этого странного неравенства, наполняет улицу несоответствием.\n\nДва человека привлекают ваше внимание в этом хаосе.\n\nБогато выглядящий юноша, несмотря на свое очевидное временное изобилие, быстрым шагом идет к улицам...\n\n... и бедно выглядящий старик, несмотря на свою очевидную временную бедность, медленно идет в переулок с неторопливым видом.\n\nЗа кем последовать?",
      "options": [
        {
          "message": "Последовать за юношей.",
          "messageDesc": "Проверка Гордыни и Чревоугодия. При успехе получить ЭГО Дар Тремора."
        },
        {
          "message": "Последовать за стариком.",
          "messageDesc": "Проверка Лености и Похоти. При успехе получить ЭГО Дар Тремора."
        },
        {
          "message": "Ни за кем не следовать.",
          "result": [
            "Это просто два человека, занимающиеся своими делами, тратящие свое время по своему усмотрению.\n\nЗачем идти за ними? Давайте просто потратим наше время так, как считаем нужным.\n\nВы продолжаете идти по улице, ваша голова полна мыслей о временном неравенстве."
          ]
        }
      ]
    },
    {
      "id": 971024,
      "name": "Убежище Юродивых",
      "subDesc": "",
      "desc": "Секретное убежище Юродивых. Юродивый пылко декламирует тексты, данные им Святым.\n\n«Мы стали не чем иным, как винтиками в машине, существующей исключительно для промышленников, буржуазии и Крыльев.»\n\n«Что еще, какие еще человеческие отношения остаются среди Граждан кроме узкого личного интереса и бессердечных уз, созданных капиталом?»\n\n«Таким образом, мы отбросим холодный, бесчувственный металл, который мы называем монетой; вместо этого мы будем обмениваться нашим теплом друг с другом в соответствии с нашими потребностями!»\n\n«Для имущих законы Гнезд — это щиты, защищающие их привилегии; но для неимущих они — цепи, сковывающие нас!»\n\n«Тогда мы бросим вызов законам Гнезда! Мы покажем им гнев неимущих!»\n\n«Все, что Юродивым есть терять — это наши цепи; все, что мы можем обрести — это мир без голода!»\n\nЮродивый внезапно указывает в нашу сторону.\n\nПохоже, нам придется что-то сказать.",
      "options": [
        {
          "message": "Ю-Юродивые Города, Объединяйтесь!",
          "messageDesc": "Проверка Гнева, Зависти и Чревоугодия. При успехе получить ЭГО Дар Тремора."
        },
        {
          "message": "Мне нравится идея, но это точно не сработает.",
          "result": [
            "Как только Грешник заканчивает говорить, в комнате немедленно становится холодно и тихо.\n\nЮродивый, который, кажется, их лидер, указывает на дверь и жестом приказывает вам уйти.\n\nВы покидаете это место, прежде чем что-то случится."
          ]
        }
      ]
    },
    {
      "id": 971025,
      "name": "Сцена Убийства Времени",
      "subDesc": "",
      "desc": "Вы видите жертву Потрошителя Времени.\n\nВы даже не можете прикоснуться к ним из-за феномена пространственно-временного смещения-суперпозиции.\n\nМожно ли здесь что-нибудь сделать, чтобы помочь?",
      "options": [
        {
          "message": "Попытаться помочь.",
          "messageDesc": "Проверка Лености, Чревоугодия и Гордыни. При успехе получить ЭГО Дар без ключевых эффектов."
        },
        {
          "message": "Проигнорировать и идти дальше.",
          "result": [
            "Вам нужно преследовать Потрошителя Времени.\n\nНельзя терять ни секунды."
          ]
        }
      ]
    }
  ]
}