﻿{
  "dataList": [
    {
      "id": 971068,
      "name": "Наказать Хэйшоу ветви Ю.",
      "desc": "«Эй, вы как раз вовремя. Слушайте, мне нужен ваш совет».\n\nМы вошли в комнату, где двое Хэйшоу сверлили друг друга взглядами, их выпученные глаза были налиты кровью и явно выражали гнев.\n\nМне объяснили, что Хэйшоу ветви Ю, состоящий на службе у Сичунь, ввязался в потасовку с другим Хэйшоу.\n\n«...В общем, вот в чём суть. Хорошо, что они оба из моих ветвей. Иначе простого наказания было бы недостаточно».\n\nКак и сказала Сичунь, похоже, было решено наказать Хэйшоу ветви Ю, который и начал драку.\n\n«Как мне поступить?»",
      "options": [
        {
          "message": "Забрать у Хэйшоу ветви Ю его коготь — Клинок Сюэянь.",
          "messageDesc": "Проверка греха Гнева и Чревоугодия. При успехе вы получите дар ЭГО Огня.",
          "result": [
            ""
          ]
        },
        {
          "message": "Приговорить Хэйшоу к недельному заключению в узах.",
          "messageDesc": "",
          "result": [
            "«...Хм, да. Я тоже об этом думала».\n\nСичунь приговорила Хэйшоу к заключению.\n\n«Ваша воля — для меня закон. Обещаю, подобное больше никогда не повторится».\n\nХэйшоу ветви Ю с радостью связал себе руки.\n\n...Сичунь, похоже, не считает такое решение удовлетворительным."
          ]
        }
      ]
    },
    {
      "id": 971069,
      "name": "Подозрительная красная ткань",
      "desc": "Однажды после занятий.\n\nСичунь пригласила Грешников в свой кабинет.\n\nОдин из Грешников замечает на полу кусок красной ткани и спрашивает о нём, но она лишь с любопытством склоняет голову.\n\n«Это не моё. Странно... Я думала, что вынесла все вещи бывшей Цзя Му...»\n\nКрасная ткань была пропитана чем-то, похожим на зловещую, запёкшуюся кровь.",
      "options": [
        {
          "message": "Предложить забрать её с собой, если она ей не нужна.",
          "messageDesc": "Проверка греха Гордыни и Чревоугодия. При успехе вы получите дар ЭГО Рубящего типа.",
          "result": [
            ""
          ]
        },
        {
          "message": "Сказать ей, что она нам не нужна.",
          "messageDesc": "",
          "result": [
            "«Понятно. Тогда давайте избавимся от этой штуки».\n\nЦзя Сичунь, обеспокоенная присутствием красной ткани, призывает слугу, чтобы тот унёс и сжёг её.\n\nПо её просьбе слуга делает странное лицо... но, вероятно, это не имеет значения."
          ]
        }
      ]
    },
    {
      "id": 971070,
      "name": "Консультация для Цзя Сичунь",
      "desc": "Ещё один учебный день для Цзя Сичунь, которая изо всех сил старается доказать своё право быть Главой Семьи.\n\nПосле занятий...\n\n...Цзя Сичунь пришла навестить Грешников, которые вели сегодняшние уроки.\n\n«Ребята, у вас сейчас консультация? Я кое-что не поняла из сегодняшнего урока...»\n\nГрешники... вернее, учителя, обратили внимание на вопросы Цзя Сичунь.",
      "options": [
        {
          "message": "Объяснить Чжи — Мудрость (智).",
          "messageDesc": "Выберите, чтобы получить дар ЭГО, связанный с Чжи (智).",
          "result": [
            "«Чтобы понять закономерности и исключения, по которым движущиеся комнаты работают в дни реструктуризации...»\n\n«Следуя зову сердца, а не полагаясь исключительно на зрение...»\n\n«И именно поэтому психологический шок — гораздо более превосходный метод, чем физическая боль...»\n\nНекоторые Грешники, специализирующиеся на «Чжи», вышли вперёд, чтобы ответить на её вопросы.\n\nПосле недолгого обмена мнениями Сичунь уверенно кивает нам.\n\n«Спасибо. Я вернусь, если ещё что-нибудь не пойму»."
          ]
        },
        {
          "message": "Объяснить Юн — Храбрость (勇).",
          "messageDesc": "Выберите, чтобы получить дар ЭГО, связанный с Юн (勇).",
          "result": [
            "«Первый шаг — глубоко вдохнуть и осмотреться. Где-то рядом должна быть подсказка, и удачный бросок костей может... Ах, я имею в виду...»\n\n«Всё дело в уверенности, понятненько? Сохраняй эту сияющую улыбку, даже если тебе сдали ужасные карты...»\n\n«Точно, девчонка! Помни, всё дело во взгляде...»\n\nНекоторые Грешники, специализирующиеся на «Юн», вышли вперёд, чтобы ответить на её вопросы.\n\nПосле недолгого обмена мнениями Сичунь уверенно кивает нам.\n\n«Спасибо. Я вернусь, если ещё что-нибудь не пойму»."
          ]
        },
        {
          "message": "Объяснить Жэнь — Человечность (仁).",
          "messageDesc": "Выберите, чтобы получить дар ЭГО, связанный с Жэнь (仁).",
          "result": [
            "«Левша в зеркале — это левша, которая знает, что не нужно пожимать тебе руку...»\n\n«Если говорить о достопочтенном Корректировщике Юэ Фэе, то, воистину, можно сказать, что он гордился самой преданной связью со своими соотечественниками...»\n\n«Так что нужно смотреть сквозь Д.О., чтобы П.Д.»\n\n«...Она говорит, нужно смотреть сквозь детские очки, чтобы понять детей».\n\nНекоторые Грешники, специализирующиеся на «Жэнь», вышли вперёд, чтобы ответить на её вопросы.\n\nПосле недолгого обмена мнениями Сичунь уверенно кивает нам.\n\n«Спасибо. Я вернусь, если ещё что-нибудь не пойму»."
          ]
        }
      ]
    },
    {
      "id": 971071,
      "name": "Консультация для Цзя Сичунь",
      "desc": "Ещё один учебный день для Цзя Сичунь, которая изо всех сил старается доказать своё право быть Главой Семьи.\n\nПосле занятий...\n\n...Цзя Сичунь пришла навестить Грешников, которые вели сегодняшние уроки.\n\n«Ребята, у вас сейчас консультация? Я кое-что не поняла из сегодняшнего урока...»\n\nГрешники... вернее, учителя, обратили внимание на вопросы Цзя Сичунь.",
      "options": [
        {
          "message": "Объяснить Чжи — Мудрость (智).",
          "messageDesc": "Выберите, чтобы получить дар ЭГО, связанный с Чжи (智).",
          "result": [
            "«Чтобы понять закономерности и исключения, по которым движущиеся комнаты работают в дни реструктуризации...»\n\n«Следуя зову сердца, а не полагаясь исключительно на зрение...»\n\n«И именно поэтому психологический шок — гораздо более превосходный метод, чем физическая боль...»\n\nНекоторые Грешники, специализирующиеся на «Чжи», вышли вперёд, чтобы ответить на её вопросы.\n\nПосле недолгого обмена мнениями Сичунь уверенно кивает нам.\n\n«Спасибо. Я вернусь, если ещё что-нибудь не пойму»."
          ]
        },
        {
          "message": "Объяснить Юн — Храбрость (勇).",
          "messageDesc": "Выберите, чтобы получить дар ЭГО, связанный с Юн (勇).",
          "result": [
            "«Первый шаг — глубоко вдохнуть и осмотреться. Где-то рядом должна быть подсказка, и удачный бросок костей может... Ах, я имею в виду...»\n\n«Всё дело в уверенности, понятненько? Сохраняй эту сияющую улыбку, даже если тебе сдали ужасные карты...»\n\n«Точно, девчонка! Помни, всё дело во взгляде...»\n\nНекоторые Грешники, специализирующиеся на «Юн», вышли вперёд, чтобы ответить на её вопросы.\n\nПосле недолгого обмена мнениями Сичунь уверенно кивает нам.\n\n«Спасибо. Я вернусь, если ещё что-нибудь не пойму»."
          ]
        },
        {
          "message": "Объяснить Жэнь — Человечность (仁).",
          "messageDesc": "Выберите, чтобы получить дар ЭГО, связанный с Жэнь (仁).",
          "result": [
            "«Левша в зеркале — это левша, которая знает, что не нужно пожимать тебе руку...»\n\n«Если говорить о достопочтенном Корректировщике Юэ Фэе, то, воистину, можно сказать, что он гордился самой преданной связью со своими соотечественниками...»\n\n«Так что нужно смотреть сквозь Д.О., чтобы П.Д.»\n\n«...Она говорит, нужно смотреть сквозь детские очки, чтобы понять детей».\n\nНекоторые Грешники, специализирующиеся на «Жэнь», вышли вперёд, чтобы ответить на её вопросы.\n\nПосле недолгого обмена мнениями Сичунь уверенно кивает нам.\n\n«Спасибо. Я вернусь, если ещё что-нибудь не пойму»."
          ]
        }
      ]
    },
    {
      "id": 971072,
      "name": "Консультация для Цзя Сичунь",
      "desc": "Ещё один учебный день для Цзя Сичунь, которая изо всех сил старается доказать своё право быть Главой Семьи.\n\nПосле занятий...\n\n...Цзя Сичунь пришла навестить Грешников, которые вели сегодняшние уроки.\n\n«Ребята, у вас сейчас консультация? Я кое-что не поняла из сегодняшнего урока...»\n\nГрешники... вернее, учителя, обратили внимание на вопросы Цзя Сичунь.",
      "options": [
        {
          "message": "Объяснить Чжи — Мудрость (智).",
          "messageDesc": "Выберите, чтобы получить дар ЭГО, связанный с Чжи (智).",
          "result": [
            "«Чтобы понять закономерности и исключения, по которым движущиеся комнаты работают в дни реструктуризации...»\n\n«Следуя зову сердца, а не полагаясь исключительно на зрение...»\n\n«И именно поэтому психологический шок — гораздо более превосходный метод, чем физическая боль...»\n\nНекоторые Грешники, специализирующиеся на «Чжи», вышли вперёд, чтобы ответить на её вопросы.\n\nПосле недолгого обмена мнениями Сичунь уверенно кивает нам.\n\n«Спасибо. Я вернусь, если ещё что-нибудь не пойму»."
          ]
        },
        {
          "message": "Объяснить Юн — Храбрость (勇).",
          "messageDesc": "Выберите, чтобы получить дар ЭГО, связанный с Юн (勇).",
          "result": [
            "«Первый шаг — глубоко вдохнуть и осмотреться. Где-то рядом должна быть подсказка, и удачный бросок костей может... Ах, я имею в виду...»\n\n«Всё дело в уверенности, понятненько? Сохраняй эту сияющую улыбку, даже если тебе сдали ужасные карты...»\n\n«Точно, девчонка! Помни, всё дело во взгляде...»\n\nНекоторые Грешники, специализирующиеся на «Юн», вышли вперёд, чтобы ответить на её вопросы.\n\nПосле недолгого обмена мнениями Сичунь уверенно кивает нам.\n\n«Спасибо. Я вернусь, если ещё что-нибудь не пойму»."
          ]
        },
        {
          "message": "Объяснить Жэнь — Человечность (仁).",
          "messageDesc": "Выберите, чтобы получить дар ЭГО, связанный с Жэнь (仁).",
          "result": [
            "«Левша в зеркале — это левша, которая знает, что не нужно пожимать тебе руку...»\n\n«Если говорить о достопочтенном Корректировщике Юэ Фэе, то, воистину, можно сказать, что он гордился самой преданной связью со своими соотечественниками...»\n\n«Так что нужно смотреть сквозь Д.О., чтобы П.Д.»\n\n«...Она говорит, нужно смотреть сквозь детские очки, чтобы понять детей».\n\nНекоторые Грешники, специализирующиеся на «Жэнь», вышли вперёд, чтобы ответить на её вопросы.\n\nПосле недолгого обмена мнениями Сичунь уверенно кивает нам.\n\n«Спасибо. Я вернусь, если ещё что-нибудь не пойму»."
          ]
        }
      ]
    },
    {
      "id": 971073,
      "name": "Кто-то сбыл снаряжение отряда Хэйшоу ветви У",
      "desc": "Чёрный рынок Подворотен 8-го Района был полон интересных, но опасных предметов.\n\nБолюсы, которые делают тебя умнее ценой выпадения волос.\n\nАнамночервь того, кто отведал всевозможные изысканные блюда.\n\nНо то, что привлекло наше внимание, было...\n\n«...? Что это здесь делает?»\n\n«Данте, эту штуку явно сбыли с рук. Может, мы сможем... „цапнуть“ её, если ты понимаешь, о чём я?»",
      "options": [
        {
          "message": "Пристыдить торговца, заявив, что снаряжение украли у нас.",
          "messageDesc": "Проверка греха Лени и Чревоугодия. При успехе вы получите дар ЭГО Тремора.",
          "result": [
            ""
          ]
        },
        {
          "message": "Заплатить за снаряжение.",
          "messageDesc": "Выберите, чтобы получить дар ЭГО Дрожи.",
          "result": [
            "Лучше заплатить за него, не поднимая лишнего шума о том, что это сбытое с рук снаряжение и всё такое.\n\n«У вас намётанный глаз, господа и дамы».\n\nТорговец продал снаряжение за бесценок, явно желая как можно скорее от него избавиться.\n\n«Это... согласно подтверждённой информации, похоже на снаряжение ветви «У».\n\nПохоже, мы только что раздобыли утерянное снаряжение отряда Хэйшоу ветви У."
          ]
        }
      ]
    }
  ]
}