﻿{
  "dataList": [
    {
      "id": 855601,
      "name": "Знак Роз",
      "subDesc": "НЕИСПОЛЬЗУЕМЫЙ ТЕКСТ",
      "desc": "«Чего вы желаете?»\n\nЗнак спрашивает грешников.\n\n«Роза может расцвести только тогда, когда вы ясно чего-то желаете.»\n\n«Чем тяжелее ваши грехи, тем глубже будет цвет лепестков.\n\n«Видите? Желайте, желайте этого. Зная, что это грех. Только тогда вы сможете вырастить такие красочные розы.»\n\n«Вы должны вырастить розы. Вы ведь хотите сбежать из этого сада, не так ли?»\n\n«Позвольте нам... позвольте мне помочь вам.»\n\n«Наше единственное желание — чтобы наш сад расцвел цветами.»\n\n«Теперь, что вы будете делать?»",
      "options": [
        {
          "message": "Отказаться.",
          "result": [
            "«Глупцы.»\n\n«У всех есть желания. Отрицать их — значит отрицать себя.»\n\n«Я вижу, насколько... ярки ваши семена. Не позволять им расцвести несправедливо.»\n\n«Ну что ж… Очень жаль.»\n\n«Если у вас нет желаний, то оставайтесь здесь навечно.»\n\n«Пока не поймете, что без принятия нет движения вперед.»\n\n«Будьте с нами. Со мной.»"
          ]
        },
        {
          "message": "Принять.",
          "result": [
            ""
          ]
        }
      ]
    }
  ]
}