{
  "dataList": [
    {
      "id": "Danger",
      "content": "Опасность"
    },
    {
      "id": "SpecialSkill",
      "content": "Предупреждение о мощном навыке врага"
    },
    {
      "id": "SpecialGimmick",
      "content": "Предупреждение о вражеской механике"
    },
    {
      "id": "AllyDebuff",
      "content": "Союзники ослаблены"
    },
    {
      "id": "AllyBuff",
      "content": "Союзники усилены"
    },
    {
      "id": "SpecialCheer",
      "content": "Ситуативная поддержка"
    },
    {
      "id": "EnemyAdv",
      "content": "Преимущество врага"
    },
    {
      "id": "AllyDead",
      "content": "Смерть союзника"
    },
    {
      "id": "AllyBigDamage_Round",
      "content": "Начало хода после получения сокрушительного урона"
    },
    {
      "id": "AllyAdvEx",
      "content": "Переломный момент для союзников"
    },
    {
      "id": "AllyAdv",
      "content": "Преимущество союзников"
    },
    {
      "id": "AllyBreak",
      "content": "Союзник оглушен"
    },
    {
      "id": "KillEnemy",
      "content": "Убийство врага"
    },
    {
      "id": "EnemyDestroy_RoundStart",
      "content": "Начало хода после уничтожения части врага"
    },
    {
      "id": "EnemyBigDamage_Round",
      "content": "Начало хода после нанесения сокрушительного урона"
    },
    {
      "id": "EnemyBreak",
      "content": "Враг оглушен"
    },
    {
      "id": "Cheer",
      "content": "Поддержка"
    },
    {
      "id": "AllyBigDamage",
      "content": "Получение сокрушительного урона"
    },
    {
      "id": "EnemyBigDamage",
      "content": "Нанесение сокрушительного урона"
    },
    {
      "id": "EnemyDestroy_Battle",
      "content": "Уничтожение части врага"
    },
    {
      "id": "MultiKillEnemy",
      "content": "Серия убийств союзника"
    },
    {
      "id": "Equip",
      "content": "Выбор комментатора"
    },
    {
      "id": "PhysicalAdv",
      "content": "Выгодный тип атаки"
    },
    {
      "id": "AttrAdv",
      "content": "Выгодный тип греха"
    },
    {
      "id": "PhysicalDisadv",
      "content": "Невыгодный тип атаки"
    },
    {
      "id": "AttrDisadv",
      "content": "Невыгодный тип греха"
    },
    {
      "id": "EnemyBuff",
      "content": "Враги усилены"
    },
    {
      "id": "EnemyDebuff",
      "content": "Враги ослаблены"
    },
    {
      "id": "Neglect",
      "content": "Длительное бездействие"
    },
    {
      "id": "MultiKillAlly",
      "content": "Гибель нескольких союзников"
    },
    {
      "id": "Win",
      "content": "Победный обсёр"
    },
    {
      "id": "Defeat",
      "content": "Грустный поражение.mp3"
    }
  ]
}