{
  "dataList": [
    {
      "id": 1,
      "name": "Часоголовый"
    },
    {
      "id": 2,
      "name": "Таракан"
    },
    {
      "id": 3,
      "name": "Чарончик"
    },
    {
      "id": 4,
      "name": "Фембойчик"
    },
    {
      "id": 5,
      "name": "Родя \nДодеповна"
    },
    {
      "id": 6,
      "name": "Саня"
    },
    {
      "id": 7,
      "name": "Отряд самоубийц"
    },
    {
      "id": 8,
      "name": "Фишмаель"
    },
    {
      "id": 9,
      "name": "Яой"
    },
    {
      "id": 10,
      "name": "<style=\"den_CP6_1\">▇▅▆▇▆▅▅█</style>"
    },
    {
      "id": 11,
      "name": "Поварята говнята"
    },
    {
      "id": 12,
      "name": "Машина"
    },
    {
      "id": 13,
      "name": "Шлюха"
    },
    {
      "id": 14,
      "name": "Цыган"
    },
    {
      "id": 15,
      "name": "Самджо"
    },
    {
      "id": 16,
      "name": "Заглот"
    },
    {
      "id": 17,
      "name": "Офис сисек"
    },
    {
      "id": 18,
      "name": "Порно2"
    },
    {
      "id": 19,
      "name": "Офис даунов"
    },
    {
      "id": 20,
      "name": "Санчоус"
    },
    {
      "id": 21,
      "name": "Член Кихот"
    },
    {
      "id": 22,
      "name": "Вампиры\nмочаленда"
    },
    {
      "id": 23,
      "name": "Чилипиздрики"
    },
    {
      "id": 24,
      "name": "Алкаш"
    },
    {
      "id": 25,
      "name": "Офис остановки\nразвития"
    },
    {
      "id": 26,
      "name": "Пушечное мясо1"
    },
    {
      "id": 27,
      "name": "Пушечное мясо2"
    },
    {
      "id": 28,
      "name": "Вергилиус"
    },
    {
      "id": 29,
      "name": "Лучший мужчина"
    },
    {
      "id": 90001,
      "name": "Хохенхейм"
    },
    {
      "id": 30,
      "name": "Зилу/Жидонг"
    },
    {
      "id": 31,
      "name": "Хуй Ло"
    },
    {
      "id": 32,
      "name": "Королева минетов"
    },
    {
      "id": 33,
      "name": "Ты педофил"
    },
    {
      "id": 34,
      "name": "Хуеверт"
    },
    {
      "id": 35,
      "name": "Тех. Поддержка\nТ-Банка"
    },
    {
      "id": 36,
      "name": "Цзя Писюн/Вэй"
    }
  ]
}