﻿{
  "dataList": [
    {
      "id": "total_consumed_enkephalin",
      "content": "Всего героина введено в вену"
    },
    {
      "id": "enkephalin_consumption_encourage",
      "content": "Эй! Иди работай, сука! Тебе еще детей кормить!"
    },
    {
      "id": "attendance_rewards_description_0",
      "content": "Героин использованный во время события будет засчитан."
    },
    {
      "id": "attendance_rewards_description_1",
      "content": "Использование пачки герыча считается как поглощение 20 героина."
    },
    {
      "id": "attendance_rewards_description_2",
      "content": "Бесплатный ежедневный вход в миррорку не засчитывается."
    },
    {
      "id": "april_event_story_popup_title",
      "content": "Пересмотреть историю"
    },
    {
      "id": "april_event_story_popup_content",
      "content": "Пересмотреть “Сон летней ночи”?"
    }
  ]
}