﻿{
  "dataList": [
    {
      "id": "CLEAR_STAGE",
      "content": "Сразиться в битвах {0} раз(а)"
    },
    {
      "id": "KILL_ENEMY_ANY",
      "content": "Победить {0} противников"
    },
    {
      "id": "KILL_ENEMY_ABNORMALITY",
      "content": "Усмирить {0} аномалий"
    },
    {
      "id": "SOMEONE_PARTICIPATED_IN_BATTLE",
      "content": "Взять в битву {1} {0} раз"
    },
    {
      "id": "MIRROR_DUNGEON_TRY",
      "content": "Войти в Зеркальное подземелье {0} раз"
    },
    {
      "id": "MIRROR_DUNGEON_CLEAR",
      "content": "Пройти Зеркальное подземелье {0} раз"
    },
    {
      "id": "BATTLEPASS_LEVELUP",
      "content": "Достигнуть {0} уровня в Баттл Пассе"
    },
    {
      "id": "USE_EGO_20402",
      "content": "Использовать \"Пламя четвертой спички\" Решу {0} раз"
    },
    {
      "id": "USE_ANNOUNCER_2",
      "content": "Взять Грегора комментатором {0} раз"
    },
    {
      "id": "LOGIN_ONCE",
      "content": "Зайти в игру {0} раз"
    },
    {
      "id": "LOGIN_MULTIPLE",
      "content": "Зайти в игру {0} раз"
    },
    {
      "id": "EXPDUNGEON_CLEAR",
      "content": "Пройти Светодобычу опыта {0} раз"
    },
    {
      "id": "THREADDENGEON_CLEAR",
      "content": "Пройти Светодобычу светяшек {0} раз"
    },
    {
      "id": "PURCHASE_ENKEPHALIN_MODULE",
      "content": "Собрать закладку героина {0} раз"
    }
  ]
}