﻿{
  "dataList": [
    {
      "id": "1",
      "content": "Раньше я любил работать на пилораме, а потом как отрезало."
    },
    {
      "id": "2",
      "content": "Девочка, у которой всю жизнь были рыбки, плакала, когда пельмени всплывали."
    },
    {
      "id": "3",
      "content": "В ходе очередного эксперимента на большом адронном коллайдере, ученым удалось получить очень четкий снимок ж0пы Быстрого Гонзалеса."
    },
    {
      "id": "4",
      "content": "Геншин уже заждался тебя"
    },
    {
      "id": "5",
      "content": "хахаха какой слабак"
    },
    {
      "id": "6",
      "content": "земля тебе пухом родной"
    },
    {
      "id": "7",
      "content": "ЧЕ СЛОЖНОГО? ПЕРВЫЙ СКИЛЛ И ТРЕТИЙ ПЕРВЫЙ СКИЛЛ И ТРЕТИЙ"
    },
    {
      "id": "8",
      "content": "Ты проиграл. Хахаха, уноси готовенького."
    },
    {
      "id": "9",
      "content": "Я ЖЕ ГОВОРИЛ ЧТО ОТСОСЁШЬ"
    },
    {
      "id": "10",
      "content": "Выход вон там."
    }
  ]
}