﻿{
  "dataList": [
    {
      "id": "Bloodthirst",
      "name": "Тоска по крови",
      "desc": "· Уровень атаки снижен на 35\n· Уровень защиты снижен на 35",
      "summary": "",
      "undefined": "-"
    },
    {
      "id": "ObservedPerson",
      "name": "Объект наблюдения",
      "desc": "Максимальное значение: 30\n· В начале хода повышается на 3 (Начиная с хода получения эффекта)\n· Повышается на 1 каждый раз, когда тот, на кого наложен этот эффект, получает или наносит урон эффектами атакующих навыков Искаженному Хохенхайму\n· Получает на (Значение × 4)% больше урона от противников\n· Наносит на (Значение × 2)% больше урона, но так же получает (Значение / 2)% нанесенного при ударе урона в качестве урона по ОЗ (Не может оглушить)",
      "summary": "",
      "undefined": "-"
    }
  ]
}