﻿{
  "dataList": [
    {
      "id": "A1c971a",
      "name": "Кипящий Гнев",
      "desc": "· В начале каждого хода получает <sprite name=\"Combustion\"><color=#e30000><u><link=\"Combustion\">Изжога</link></u></color> в количестве прошедших ходов",
      "summary": "",
      "undefined": "-"
    },
    {
      "id": "A1c971b",
      "name": "Растекающееся Уныние",
      "desc": "· Если к концу хода значение опускается до 1, наносит противнику с наименьшими HP урон, равный своим текущим HP, после чего взрывается\n· Понижается на 1 в конце хода",
      "summary": "",
      "undefined": "-"
    },
    {
      "id": "A1c971c",
      "name": "Неостанавливающееся Чревоугодие",
      "desc": "· Каждые 2 хода получает 1 <sprite name=\"TakeHpHealIncrease\"><color=#f8c200><u><link=\"TakeHpHealIncrease\">Повышение восстановления HP</link></u></color> (До 5)\n· Получает 1 <sprite name=\"AttackDmgUp\"><color=#f8c200><u><link=\"AttackDmgUp\">Повышение урона</link></u></color> и 1 <sprite name=\"ParryingResultUp\"><color=#f8c200><u><link=\"ParryingResultUp\">Повышение силы в столкновении</link></u></color> за каждые 10 восстановленных HP (До 5)\n\nВосстановлено HP: {0}",
      "summary": "",
      "undefined": "-"
    },
    {
      "id": "A1c971d",
      "name": "Прерывистый кумар",
      "desc": "Получает еще 3 <sprite name=\"Breath\"><color=#f8c200><u><link=\"Breath\">Кумара</link></u></color> или его счетчик повышается на 2 при обычном получении <sprite name=\"Breath\"><color=#f8c200><u><link=\"Breath\">Кумара</link></u></color>",
      "summary": "",
      "undefined": "-"
    },
    {
      "id": "A1c971e",
      "name": "Рана на ране",
      "desc": "При ударе наносит еще 2 <sprite name=\"Laceration\"><color=#e30000><u><link=\"Laceration\">Кетчупа</link></u></color> или 1 его счетчик",
      "summary": "",
      "undefined": "-"
    },
    {
      "id": "A1c971f",
      "name": "Неспешная Леность",
      "desc": "· Понижается на 1 в конце хода\n· Особое условие не срабатывает, когда значение падает до 0",
      "summary": "",
      "undefined": "-"
    }
  ]
}