{
  "dataList": [
    {
      "id": "ColdBlackTear",
      "name": "Холодные и черные слезы",
      "desc": "Максимальное значение: 5\n· Начало хода: получает 1 <sprite name=\"ParryingResultDown\"><color=#e30000><u><link=\"ParryingResultDown\">Понижение силы в столкновении</link></u></color>\n· При получении удара теряет (Значение эффекта × 2) SP (Единожды за ход; не опускает SP ниже -40; не активируется при получении удара от расколотой <sprite name=\"SuperCoin\"><color=#9f6a3a><u><link=\"SuperCoin\">Вечной монеты</link></u></color>)\n· Грешник восстанавливает 5 SP, если Королева ненависти снимает этот эффект",
      "summary": ""
    },
    {
      "id": "HelplessTear",
      "name": "Беспомощный плач",
      "desc": "· Получает 3 Уровня атаки\n· Теряет 6 Уровней защиты\n· Количество целей всех навыков повышается на 1\n· Монеты всех своих атак становятся <sprite name=\"SuperCoin\"><color=#9f6a3a><u><link=\"SuperCoin\">Вечными</link></u></color>\n· Наносит на 1 <sprite name=\"Sinking\"><color=#e30000><u><link=\"Sinking\">Утопание</link></u></color> и его счетчик больше",
      "summary": ""
    },
    {
      "id": "WornOutKnight",
      "name": "Изнеможденный рыцарь",
      "desc": "Получает на 100% больше урона в этом ходе\n\n<color=#2e72b9><i>Рыцарь, хотевшая искупить свою вину, спасая других, ныне была уничижительно прозвана Рыцарем Отчаяния. Она была стерта в памяти людей, как и другие.</i></color>",
      "summary": ""
    },
    {
      "id": "SignOfDespair",
      "name": "Благославление отчаяния",
      "desc": "· После атаки: если на целях есть <sprite name=\"ColdBlackTear\"><color=#9f6a3a><u><link=\"ColdBlackTear\">Холодными и черными слезами</link></u></color>, этот эффект исчезает в следующем ходе\n· Получает 1 <sprite name=\"ParryingResultUp\"><color=#f8c200><u><link=\"ParryingResultUp\">Повышение силы в столкновении</link></u></color> и 1 <sprite name=\"AttackDmgUp\"><color=#f8c200><u><link=\"AttackDmgUp\">Повышение урона</link></u></color>\n· Наносит на 1 <sprite name=\"ColdBlackTear\"><color=#9f6a3a><u><link=\"ColdBlackTear\">Холодные и черные слезы</link></u></color> больше",
      "summary": ""
    },
    {
      "id": "CollapsedPride",
      "name": "Разбитая гордость",
      "desc": "<i><color=#2e72b9>Все, что осталось — это пустая гордость рыцаря.</color></i>",
      "summary": ""
    },
    {
      "id": "FailedToAssistQueen",
      "name": "Какая польза... от меня...?",
      "desc": "Теряет 3 Уровня атаки и защиты",
      "summary": ""
    },
    {
      "id": "UsedTooMuchPower",
      "name": "Я использовала слишком много сил",
      "desc": "Отступает с поля боя\n\n<i><color=#ff3d8f>Истощена и неспособна сражаться.</color></i>",
      "summary": ""
    },
    {
      "id": "ChasingArcana",
      "name": "Заклинение — Рабыня магии",
      "desc": "Максимальное значение: 3\n· Повышается на 1 в конце хода\n· Когда значение достигает 3: использует мощную атаку в следующем ходе, повышая свою скорость на 20",
      "summary": ""
    },
    {
      "id": "PowerOfLoveAndJustice",
      "name": "Любовь и справедливость",
      "desc": "Наносит на 1 <sprite name=\"Burst\"><color=#e30000><u><link=\"Burst\">Зеленка</link></u></color> больше за каждую единицу значения",
      "summary": ""
    },
    {
      "id": "CentralCommandTeamCaptain",
      "name": "Капитан Центральной команды контроля",
      "desc": "· Количество слотов навыков +1\n· Изменяет количество копий навыков: \n  - Третий навык +1, Первый навык -1\n· Увеличививает наносимые <sprite name=\"Combustion\"><color=#e30000><u><link=\"Combustion\">Изжога</link></u></color>, <sprite name=\"Laceration\"><color=#e30000><u><link=\"Laceration\">Кетчуп</link></u></color>, <sprite name=\"Burst\"><color=#e30000><u><link=\"Burst\">Зеленка</link></u></color>, <sprite name=\"Sinking\"><color=#e30000><u><link=\"Sinking\">Утопание</link></u></color> и <sprite name=\"Vibration\"><color=#e30000><u><link=\"Vibration\">Тремор</link></u></color> на 1 (Включая Особые)\n· Увеличивает получаемую силу <sprite name=\"Breath\"><color=#f8c200><u><link=\"Breath\">Дыхания</link></u></color> или счетчик <sprite name=\"Charge\"><color=#f8c200><u><link=\"Charge\">Заряда</link></u></color> на 1 (Включая Особые)\n· Вместо паники или <sprite name=\"EgoErode\"><color=#9f6a3a><u><link=\"EgoErode\">Коррозии ЭГО</link></u></color> сбрасывает SP до 0 в начале следующего хода (Единожды за битву)\n· Базовые атакующие навыки с 2 и более целями наносят на 30% больше урона\n· При убийстве добавляет 2 ЭГО Ресурса к греху использованного навыка и по 1 ЭГО Ресурсу ко всем остальным грехам",
      "summary": ""
    },
    {
      "id": "BestWelfareTeamMember",
      "name": "Сотрудник команды Благосостояния",
      "desc": "· Увеличививает наносимые <sprite name=\"Combustion\"><color=#e30000><u><link=\"Combustion\">Изжога</link></u></color>, <sprite name=\"Laceration\"><color=#e30000><u><link=\"Laceration\">Кетчуп</link></u></color>, <sprite name=\"Burst\"><color=#e30000><u><link=\"Burst\">Зеленка</link></u></color>, <sprite name=\"Sinking\"><color=#e30000><u><link=\"Sinking\">Утопание</link></u></color> и <sprite name=\"Vibration\"><color=#e30000><u><link=\"Vibration\">Тремор</link></u></color> на 1 (Включая Особые)\n· Вместо паники или <sprite name=\"EgoErode\"><color=#9f6a3a><u><link=\"EgoErode\">Коррозии ЭГО</link></u></color> сбрасывает SP до 0 в начале следующего хода (Единожды за битву)\n\nЕсли этот эффект применен к Идентичности Роди 「Э.Г.О. «Лоботомии»::  Меч, заточенный слезами」, она получает 1 <sprite name=\"PenetrateDamageUp\"><color=#f8c200><u><link=\"PenetrateDamageUp\">Повышение Пронзающего урона</link></u></color>",
      "summary": ""
    },
    {
      "id": "ChasingArcanahard",
      "name": "Заклинение — Рабыня магии",
      "desc": "Максимальное значение: 3\n· Повышается на 1 в конце хода\n· Когда значение достигает 3: получает 20 <sprite name=\"Binding\"><color=#e30000><u><link=\"Binding\">Поноса</link></u></color> использует мощную атаку в следующем ходе",
      "summary": ""
    },
    {
      "id": "HystericGauge",
      "name": "Истерия",
      "desc": "Базовое значение: 0\nМаксимальное значение: 3\n· Конец хода: если SP выше или равна 0, значение эффекта понижается на 1\n· Конец хода: если SP ниже 0, значение эффекта повышается на 1",
      "summary": ""
    },
    {
      "id": "MagicalGirlAppear",
      "name": "На сцену выходит Королева минетов!",
      "desc": "Навыки сменяются на версии с положительными монетами\n· Базовые атакующие навыки наносят на (Сила <sprite name=\"ThePowerOfLoveAndHate\"><color=#f8c200><u><link=\"ThePowerOfLoveAndHate\">Любви и ненависти</link></u></color> × 3)% больше урона (До 15%)",
      "summary": ""
    },
    {
      "id": "NoVillain",
      "name": "Регрессивная трансформация",
      "desc": "Навыки сменяются на версии с отрицательными монетами",
      "summary": ""
    },
    {
      "id": "VillainMark",
      "name": "Метка злодейства",
      "desc": "· Получает на 10% больше урона от Дон Кихот\n· Эффект может быть применен только к одной цели в каждом ходе",
      "summary": ""
    },
    {
      "id": "ArcanaQueenOfHate",
      "name": "Магические таинства",
      "desc": "Максимальное значение: 3\n· Базовые атакующие навыки наносят на (Значение эффекта × 5)% больше урона\n· Конец хода: если значение эффекта достигло 3 и своя SP выше -25, то она падает до -25",
      "summary": ""
    },
    {
      "id": "ThePowerOfLoveAndHate",
      "name": "Любовь и ненависть",
      "desc": "<u>Особые <sprite name=\"Charge\"><color=#f8c200><u><link=\"Charge\">Соли</link></u></color></u>\nИспользуется определенными навыками 「Э.Г.О. «Лоботомии»::  Во имя Любви и Ненависти」 Дон Кихот для дополнительных эффектов\n· Максимальный счетчик: 20\n· Счетчик или сила не могут быть повышены внешними факторами\n· Счетчик в конце хода понижается на 1\n\n<color=#ea41ab>Всего потрачено счетчика: {2}</color>",
      "summary": ""
    },
    {
      "id": "MagicalGirlResponse",
      "name": "Песнопение волшебной девочки",
      "desc": "Максимальное значение: 2\n· Дает 1 <sprite name=\"Enhancement\"><color=#f8c200><u><link=\"Enhancement\">Повышение силы атаки</link></u></color> и 1 <sprite name=\"AttackDmgUp\"><color=#f8c200><u><link=\"AttackDmgUp\">Повышение урона</link></u></color> при получении этого эффекта\n· Атакующие навыки, которые повышают или тратят свой счетчик <sprite name=\"Charge\"><color=#f8c200><u><link=\"Charge\">Заряда</link></u></color>, получают +1 к Итоговой силе и наносят на 10% больше урона\n· В конце хода понижается на 1",
      "summary": ""
    },
    {
      "id": "BlessingAlly",
      "name": "Благославление",
      "desc": "Использует навыки с положительными монетами\n\n· Начало хода: получает 1 <sprite name=\"ProtectiveSword\"><color=#f8c200><u><link=\"ProtectiveSword\">Защищающий меч</link></u></color> за каждые 8 положительной SP (До 5)\n· Когда столкновение заканчивается, наносит 2 <sprite name=\"Sinking\"><color=#e30000><u><link=\"Sinking\">Утопания</link></u></color> на цель (Единожды за ход)\n· При получении удара наносит 2 <sprite name=\"Sinking\"><color=#e30000><u><link=\"Sinking\">Утопания</link></u></color> на атаковавшего (Единожды за ход)\n· За каждые 20 положительной SP эти эффекты наносят на 1 <sprite name=\"Sinking\"><color=#e30000><u><link=\"Sinking\">Утопание</link></u></color> больше (До 2)",
      "summary": ""
    },
    {
      "id": "ProtectiveSword",
      "name": "Защищающий меч",
      "desc": "Максимальное значение: 5\n· Начало хода: получает <sprite name=\"DefenseUp\"><color=#f8c200><u><link=\"DefenseUp\">Повышение уровня защиты</link></u></color> в количестве, равном значению этого эффекта (До 5)\n· Начало хода: <sprite name=\"Aggro\"><color=#9f6a3a><u><link=\"Aggro\">Провокация</link></u></color> своего самого левого слота навыков повышается на (Значение эффекта × 3) (До 15)\n· Исчезает в конце хода",
      "summary": ""
    },
    {
      "id": "DespairAlly",
      "name": "Отчаяние",
      "desc": "Использует навыки с отрицательными монетами\n\n· Начало хода: получает 1 <sprite name=\"PenetratingSword\"><color=#f8c200><u><link=\"PenetratingSword\">Пронзающий меч</link></u></color> за каждые 8 отрицательной SP (До 5)\n· Когда столкновение заканчивается, повышает счетчик <sprite name=\"Sinking\"><color=#e30000><u><link=\"Sinking\">Утопания</link></u></color> цели на 2 (Единожды за ход)\n· При попадании первой монетой базовых атакующих навыков повышает счетчик <sprite name=\"Sinking\"><color=#e30000><u><link=\"Sinking\">Утопания</link></u></color> цели на 1 (Единожды за ход)\n· За каждые 20 отрицательной SP эти эффекты наносят на 1 единицу счетчика <sprite name=\"Sinking\"><color=#e30000><u><link=\"Sinking\">Утопания</link></u></color> больше\n(До 2)",
      "summary": ""
    },
    {
      "id": "PenetratingSword",
      "name": "Пронзающий меч",
      "desc": "Максимальное значение: 5\n· Начало хода: получает <sprite name=\"AttackUp\"><color=#f8c200><u><link=\"AttackUp\">Повышение уровня атаки</link></u></color> в количестве, равном значению этого эффекта (До 5)\n· Начало хода: <sprite name=\"Aggro\"><color=#9f6a3a><u><link=\"Aggro\">Провокация</link></u></color> всех своих слотов навыков снижается от 1 на (Значение эффекта × 0.15)\n(До 0.25 в итоге)\n· Исчезает в конце хода",
      "summary": ""
    },
    {
      "id": "SwordCutwithTear",
      "name": "Терзание слезами",
      "desc": "Максимальное значение: 3\n· Начало хода: получает 5 <sprite name=\"BlackTearsAlly\"><color=#f8c200><u><link=\"BlackTearsAlly\">Глубокий отсос</link></u></color>\n  - Если значение эффекта достигло 3, получает еще 5 <sprite name=\"BlackTearsAlly\"><color=#f8c200><u><link=\"BlackTearsAlly\">Горьких слез</link></u></color>\n· Конец хода: теряет (Значение эффекта × 15) SP\n· Базовые атакующие навыки наносят на (Значение эффекта × 10)% больше урона (До 30%)\n· Если имеется <sprite name=\"BlessingAlly\"><color=#f8c200><u><link=\"BlessingAlly\">Благославление</link></u></color>, получает <sprite name=\"ParryingResultUp\"><color=#f8c200><u><link=\"ParryingResultUp\">Повышение силы в столкновении</link></u></color> в количестве, равном значению этого эффекта\n· Если имеется  <sprite name=\"DespairAlly\"><color=#f8c200><u><link=\"DespairAlly\">Отчаяние</link></u></color>, получает <sprite name=\"PenetrateResultUp\"><color=#f8c200><u><link=\"PenetrateResultUp\">Повышение силы Пронзающих атак</link></u></color> в количестве, равном значению этого эффекта",
      "summary": ""
    },
    {
      "id": "BlackTearsAlly",
      "name": "Глубокий отсос",
      "desc": "<u>Особые <sprite name=\"Charge\"><color=#f8c200><u><link=\"Charge\">Соли</link></u></color></u> (Фиксированная сила)\nМаксимальное значение: 20\n· Используется навыками Идентичности Роди 「Э.Г.О. «Лоботомии»::  Меч, заточенный спермой」",
      "summary": ""
    },
    {
      "id": "KnightBless",
      "name": "Благославление",
      "desc": "· Начало хода: дает 2 <sprite name=\"Protection\"><color=#f8c200><u><link=\"Protection\">Защищенности</link></u></color>\n· Все сопротивления к физическим типам урона не могут превысить x1.0 (За исключением оглушения)",
      "summary": ""
    },
    {
      "id": "TraumaShield",
      "name": "Ментальный барьер",
      "desc": "· Уменьшает получаемый урон по SP от противников на 80%\n· Уменьшает получаемый от <sprite name=\"Sinking\"><color=#e30000><u><link=\"Sinking\">Утопания</link></u></color> урон на 80%\n· Понижается на 1 в конце хода",
      "summary": ""
    }
  ]
}