﻿{
  "dataList": [
    {
      "id": "TipsinessRail",
      "name": "Опьянение",
      "desc": "Теряет силу столкновения на счетчик этого эффекта (До 5)",
      "summary": "Теряет силу столкновения на кол-во счетчиков этого эффекта"
    },
    {
      "id": "PassedPortal_Red",
      "name": "Кровоточащее измерение",
      "desc": "Повышение урона на 10%",
      "summary": "Повышение урона на +10%"
    },
    {
      "id": "PassedPortal_Green",
      "name": "Отравляющее измерение",
      "desc": "Максимальные ОЗ +20%",
      "summary": "Максимальные ОЗ +20%"
    },
    {
      "id": "PassedPortal_Yellow",
      "name": "Содрогающееся измерение",
      "desc": "Повышает скорость на 1",
      "summary": "Повышает скорость на 1"
    },
    {
      "id": "PassedPortal_Blue",
      "name": "Электризующее измерение",
      "desc": "Сила монет +1",
      "summary": "Сила монет +1"
    },
    {
      "id": "FairyCharm",
      "name": "Зачарованный",
      "desc": "- Фиксированная скорость 1.\n- Весь урон, наносимый Фее, понижается до 0.\n- Теряет силу, когда Фея умирает.",
      "summary": "Фикс. скорость 1\nФикс. урон 0"
    },
    {
      "id": "DecoyRegenerated",
      "name": "Регенерация",
      "desc": "Повышается на 1 каждый раз, как восстанавливается часть",
      "summary": ""
    },
    {
      "id": "WaveFoxUmbrella",
      "name": "Защитный зонт",
      "desc": "Все части получают Защищенность, равную кол-ву эффекта\nПри использовании навыка Ожидание призывает Старые зонты в количестве эффекта\nТратит 1 единиц каждый раз, как поврежден Зонт."
    },
    {
      "id": "InterlockingTime_Re",
      "name": "Остановка времени",
      "desc": "Уменьшает конечный урон на 30% и сохраняет его. При 3-х счетчиках получает фиксированный урон, равный двойному сохраненному урону, а также получает 3 Поноса на следующий ход.",
      "summary": "Уменьшает конечный урон на 30% и сохраняет его. При 3-х счетчиках получает фиксированный урон, равный двойному сохраненному урону, а также получает 3 Поноса на следующий ход."
    },
    {
      "id": "TimeRental_Re",
      "name": "Одолженное время",
      "desc": "Конец хода: Получает 3 Спешки, 2 Повышения урона и 2 Повышения уровня атаки; Если в конце хода остается только 1 счетчик эффекта, получает 3 Поноса, 1 Понижение силы атаки и 2 Слабости на следующий ход",
      "summary": "Конец хода: Получает 3 Спешки, 2 Повышения урона и 2 Повышения уровня атаки; Если в конце хода остается только 1 счетчик эффекта, получает 3 Поноса, 1 Понижение силы атаки и 2 Слабости на следующий ход"
    },
    {
      "id": "ReattachedCurseTag_Re",
      "name": "Переклеенный оберег проклятия",
      "desc": "При 9+ счетчиках получает 5 Связываний в конце хода в конце хода.\nПри 12+ счетчиках получает 5 Понижений силы атаки в конце хода. (До 12)",
      "summary": "При 9+ счетчиках получает 5 Связываний в конце хода в конце хода.\nПри 12+ счетчиках получает 5 Понижений силы атаки в конце хода."
    },
    {
      "id": "WrappedCurseTagRe",
      "name": "Приклеенный оберег проклятия",
      "desc": "Наносит на 1% больше урона за каждый счетчик\nПри счетчике 9+ получает 2 Понижения силы атаки в начале хода (До 9)",
      "summary": "Наносит на 1% больше урона за каждый счетчик; при счетчике 9+ получает 2 Понижения силы атаки в начале хода"
    },
    {
      "id": "AccumulatedPast",
      "name": "Накопленное прошлое",
      "desc": "Показывает текущие ходы в Железной дороге преломления.\nКол-во повышается на 1 в конце хода.\nПолностью расходуется, когда тело повреждено.",
      "summary": ""
    },
    {
      "id": "PrepareSinRose",
      "name": "Терновый венец",
      "desc": "Призывает Розу, наполненную тем грехом, которого больше всего у цели с этим эффектом.",
      "summary": ""
    },
    {
      "id": "BloomingRose",
      "name": "Цветущий грех",
      "desc": "В конце хода:\n- Получает 1 счетчик.\n- Опутанная айдишка теряет ОЗ, равные 25% от максимальных ОЗ.\n- Теряет 10% ЭГО ресурсов греха, наполняющего Розу.\n- Знак с розами восстанавливает 5% от своих макс. ОЗ.\n\nПри 4-х счетчиках:\n- Опутанная айдишка умирает.\n- Теряет все ЭГО ресурсы греха, наполняющего Розу.",
      "summary": ""
    },
    {
      "id": "EatingSin",
      "name": "Впитанный грех",
      "desc": "Максимальные ОЗ повышаются на (Опустошенный ЭГО ресурс)%\n\nПри смерти:\n- Восстанавливает ЭГО ресурсы, которые были опустошены.\n- Восстанавливает ОЗ Опутанной айдишки на (25% от максимальных ОЗ айдишки * счетчик Цветущего греха).",
      "summary": ""
    },
    {
      "id": "EnhanceRose",
      "name": "Усиленное состояние",
      "desc": "Активация пассивного навыка Усиленное состояние",
      "summary": ""
    },
    {
      "id": "FullBloomRose_Crimson",
      "name": "Расцветшая роза",
      "desc": "Повышает наносимый и получаемый урон с помощью Гнева айдишки",
      "summary": ""
    },
    {
      "id": "FullBloomRose_Scarlet",
      "name": "Расцветшая роза",
      "desc": "Повышает наносимый и получаемый урон с помощью Похоти айдишки",
      "summary": ""
    },
    {
      "id": "FullBloomRose_Amber",
      "name": "Расцветшая роза",
      "desc": "Повышает наносимый и получаемый урон с помощью Лености айдишки",
      "summary": ""
    },
    {
      "id": "FullBloomRose_Shamrock",
      "name": "Расцветшая роза",
      "desc": "Повышает наносимый и получаемый урон с помощью Чревоугодия айдишки",
      "summary": ""
    },
    {
      "id": "FullBloomRose_Azure",
      "name": "Расцветшая роза",
      "desc": "Повышает наносимый и получаемый урон с помощью Уныния айдишки",
      "summary": ""
    },
    {
      "id": "FullBloomRose_Indigo",
      "name": "Расцветшая роза",
      "desc": "Повышает наносимый и получаемый урон с помощью Гордыни айдишки",
      "summary": ""
    },
    {
      "id": "FullBloomRose_Violet",
      "name": "Расцветшая роза",
      "desc": "Повышает наносимый и получаемый урон с помощью Зависти айдишки",
      "summary": ""
    },
    {
      "id": "KalpaVine",
      "name": "Лозы вечности",
      "desc": "Все персонажи наносят меньше урона\nВсе персонажи получают меньше урона",
      "summary": ""
    }
  ]
}