﻿{
  "dataList": [
    {
      "id": "AaCfPbBe",
      "name": "Меченая добыча",
      "desc": "Максимальное значение: 1\n· При получении удара так же получает 10% от этого урона в виде Рубящего, а эффект исчезает в конце хода\n· Если не было получено урона в течение хода, при ударе наносит 1 <sprite name=\"AaCfPbBf\"><color=#e30000><u><link=\"AaCfPbBf\">Комплекс неполноценности</link></u></color> после атаки, а сам эффект исчезает",
      "summary": "Получает дополнительный Рубящий урон, равный 10% от полученного урона по HP",
      "undefined": "-"
    },
    {
      "id": "AaCfPbBf",
      "name": "Комплекс неполноценности",
      "desc": "Максимальное значение: 5\n· При каждом полученном ударе, получает дополнительный урон, равный ((20% от полученного урона по HP) × значение)",
      "summary": "Получает урон, равный ((20% от полученного урона по HP) × Значение)",
      "undefined": "-"
    },
    {
      "id": "AaCfPbBa",
      "name": "Взрывное Уныние",
      "desc": "· Сопротивление к греху Уныния ослабляется на 0.3\n· Сопротивление остальным грехам усиливается на 0.5\n· При получении удара наносит 3 урона по SP атакующему, получает 1 счетчик <sprite name=\"Sinking\"><color=#e30000><u><link=\"Sinking\">Депрессии</link></u></color>, а так же 1 <sprite name=\"AttackUp\"><color=#f8c200><u><link=\"AttackUp\">Повышение уровня атаки</link></u></color> на следующий ход (До 9 раз за ход)",
      "undefined": "-"
    },
    {
      "id": "AaCfPbBb",
      "name": "Взрывная Зависть",
      "desc": "· Сопротивление к греху Зависти ослабляется на 0.3\n· Сопротивление остальным грехам усиливается на 0.5\n· При получении удара накладывает на атаковавшего 1 <sprite name=\"AttackUp\"><color=#f8c200><u><link=\"AttackUp\">Повышение уровня атаки</link></u></color>, 2 <sprite name=\"Laceration\"><color=#e30000><u><link=\"Laceration\">Кетчупа</link></u></color> и повышает его счетчик на 2, а так же сам получает 1 <sprite name=\"DefenseDown\"><color=#e30000><u><link=\"DefenseDown\">Понижение уровня защиты</link></u></color> (До 9 раз за ход)",
      "undefined": "-"
    },
    {
      "id": "AaCfPbBc",
      "name": "Взрывной Гнев",
      "desc": "· Сопротивление к греху Гнева ослабляется на 0.3\n· Сопротивление остальным грехам усиливается на 0.5\n· При получении удара получает 1 <sprite name=\"AttackUp\"><color=#f8c200><u><link=\"AttackUp\">Повышение уровня атаки</link></u></color> и 1 <sprite name=\"DefenseDown\"><color=#e30000><u><link=\"DefenseDown\">Понижение уровня защиты</link></u></color> на следующий ход (До 9 раз за ход)",
      "undefined": "-"
    },
    {
      "id": "AaCfPbBd",
      "name": "Глубокая Скорбь",
      "desc": "В начале хода теряет 5 скорости и получает 5 <sprite name=\"DefenseDown\"><color=#e30000><u><link=\"DefenseDown\">Понижений уровня защиты</link></u></color>",
      "undefined": "-"
    }
  ]
}