﻿{
  "dataList": [
    {
      "id": "KeptBlood",
      "name": "Запас крови",
      "desc": "Максимальное значение: 10\n· Понижается на 1 при потере 5% от максимальных ОЗ\n· При ударе восстанавливает 1% от максимальных ОЗ",
      "summary": "",
      "undefined": "-"
    },
    {
      "id": "BloodyCrave",
      "name": "Кровавая жажда",
      "desc": "· В начале каждого хода получает 1 <sprite name=\"ParryingResultUp\"><color=#f8c200><u><link=\"ParryingResultUp\">Повышение силы в столкновении</link></u></color> и 1 <sprite name=\"AttackDmgUp\"><color=#f8c200><u><link=\"AttackDmgUp\">Повышение урона</link></u></color>\n· При ударе получает 1 <sprite name=\"KeptBlood\"><color=#f8c200><u><link=\"KeptBlood\">Запас крови</link></u></color>\n· Если не удалось получить <sprite name=\"KeptBlood\"><color=#f8c200><u><link=\"KeptBlood\">Запас крови</link></u></color> в течение хода, получает 2 <sprite name=\"Vulnerable\"><color=#e30000><u><link=\"Vulnerable\">Уязвимости</link></u></color>, 1 <sprite name=\"Agility\"><color=#f8c200><u><link=\"Agility\">Спешку</link></u></color> и 4 <sprite name=\"AttackUp\"><color=#f8c200><u><link=\"AttackUp\">Повышения уровня атаки</link></u></color> на следующий ход",
      "summary": "",
      "undefined": "-"
    },
    {
      "id": "BloodPocket_LowMorale",
      "name": "Гнетущая жажда крови (Низкий дух)",
      "desc": "В начале хода получает 1 <sprite name=\"Vulnerable\"><color=#e30000><u><link=\"Vulnerable\">Уязвимость</link></u></color> и 1 <sprite name=\"AttackDmgUp\"><color=#f8c200><u><link=\"AttackDmgUp\">Повышение урона</link></u></color>",
      "summary": "",
      "undefined": "-"
    },
    {
      "id": "BloodPocket_Panic",
      "name": "Гнетущая жажда крови (Ахуй)",
      "desc": "В начале хода получает 2 <sprite name=\"Vulnerable\"><color=#e30000><u><link=\"Vulnerable\">Уязвимости</link></u></color> и 2 <sprite name=\"AttackDmgUp\"><color=#f8c200><u><link=\"AttackDmgUp\">Повышения урона</link></u></color>",
      "summary": "",
      "undefined": "-"
    },
    {
      "id": "HardenedBlood",
      "name": "Застывшая кровь",
      "desc": "Уровни атаки и защиты повышаются на количество этого эффекта (До 5)",
      "summary": "",
      "undefined": "-"
    }
  ]
}