﻿{
  "dataList": [
    {
      "id": "Smoke",
      "name": "Дым",
      "desc": "Максимальная сила: 10\nМаксимальный счетчик: 5\n· При 9+ силы, Итоговая сила навыков +1\n· На 5% больше получаемого урона за каждую еденицу силы\n· Теряет 1 счетчик в конце хода",
      "summary": "",
      "undefined": "-"
    },
    {
      "id": "Church_LowMorale",
      "name": "Церковь (Низкий дух)",
      "desc": "· Получает еще 1 <sprite name=\"Smoke\"><color=#e30000><u><link=\"Smoke\">Дым</link></u></color> или его счетчик при его получении\n· В начале хода получает 3 <sprite name=\"Vulnerable\"><color=#e30000><u><link=\"Vulnerable\">Уязвимости</link></u></color>, 2 <sprite name=\"AttackDmgUp\"><color=#f8c200><u><link=\"AttackDmgUp\">Повышения урона</link></u></color> и 1 <sprite name=\"Endurance\"><color=#f8c200><u><link=\"Endurance\">Повышение силы защиты</link></u></color>",
      "summary": "",
      "undefined": "-"
    },
    {
      "id": "Church_Panic",
      "name": "Церковь (Ахуй)",
      "desc": "· Получает еще 2 <sprite name=\"Smoke\"><color=#e30000><u><link=\"Smoke\">Дыма</link></u></color> или его счетчика при его получении\n· В начале хода получает 3 <sprite name=\"Vulnerable\"><color=#e30000><u><link=\"Vulnerable\">Уязвимости</link></u></color>, 4 <sprite name=\"AttackDmgUp\"><color=#f8c200><u><link=\"AttackDmgUp\">Повышения урона</link></u></color> и 2 <sprite name=\"Endurance\"><color=#f8c200><u><link=\"Endurance\">Повышения силы защиты</link></u></color>",
      "summary": "",
      "undefined": "-"
    },
    {
      "id": "MeatGearForce",
      "name": "Шестерня плоти: Принуждение",
      "desc": "· HP не опускаются ниже 1 в течение боевой фазы\n· Умирает, если осталось 1 HP к концу хода",
      "summary": "",
      "undefined": "-"
    },
    {
      "id": "AllSetForShooting",
      "name": "Готовность к изжоге",
      "desc": "· Получает еще 1 слот навыков\n· Число 3-ей Атаки +1, но число 1-ых Атак -1\n· На 10% больше урона за каждую пулю, которую тратят базовые атакующие навыки\n· Атакующие навыки, которые получают тампоны, наносят на 10% больше урона за каждую имеющуюся пулю любого типа\n· При убийстве атакующиим навыком: восстанавливает 25 SP двум союзникам (Включая себя) с наименьшей SP, а так же дает +2 ЭГО ресурса использованного навыка и +1 к остальным ЭГО ресурсам",
      "summary": "",
      "undefined": "-"
    }
  ]
}