﻿{
  "dataList": [
    {
      "id": "RedEyeFirst",
      "name": "Красные глаза",
      "desc": "<u>Особые Соли</u> (Фиксированный потенциал)\nМаксимальное значение: 20\n· Монеты базовых навыков наносят на 1 <sprite name=\"Laceration\"><color=#e30000><u><link=\"Laceration\">Кетчуп</link></u></color> больше\n· Имеет разные фазы в зависимости от значения:\n  - Фаза 1 (1~7) : <sprite name=\"RedEyeFirst\"><color=#f8c200><u><link=\"RedEyeFirst\">Красные глаза</link></u></color>\n  - Фаза 2 (8~15) : <sprite name=\"RedEyeSecond\"><color=#f8c200><u><link=\"RedEyeSecond\">Красные глаза - Бдительность</link></u></color>\n  - Фаза 3 (16~20) : <sprite name=\"RedEyeThird\"><color=#f8c200><u><link=\"RedEyeThird\">Красные глаза - Насыщение</link></u></color>\n· Наносит дополнительное <sprite name=\"Laceration\"><color=#e30000><u><link=\"Laceration\">Кетчуп</link></u></color> в количестве, равном фазе эффекта",
      "summary": ""
    },
    {
      "id": "RedEyeSecond",
      "name": "Красные глаза — Бдительность",
      "desc": "<u>Особые Соли</u> (Фиксированный потенциал)\nМаксимальное значение: 20\n· Монеты базовых навыков наносят на <u>2</u> <sprite name=\"Laceration\"><color=#e30000><u><link=\"Laceration\">Кетчупа</link></u></color> больше\n· Имеет разные фазы в зависимости от значения:\n  - Фаза 1 (1~7) : <sprite name=\"RedEyeFirst\"><color=#f8c200><u><link=\"RedEyeFirst\">Красные глаза</link></u></color>\n  - Фаза 2 (8~15) : <sprite name=\"RedEyeSecond\"><color=#f8c200><u><link=\"RedEyeSecond\">Красные глаза - Бдительность</link></u></color>\n  - Фаза 3 (16~20) : <sprite name=\"RedEyeThird\"><color=#f8c200><u><link=\"RedEyeThird\">Красные глаза - Насыщение</link></u></color>\n· Наносит дополнительное <sprite name=\"Laceration\"><color=#e30000><u><link=\"Laceration\">Кетчуп</link></u></color> в количестве, равном фазе эффекта",
      "summary": ""
    },
    {
      "id": "RedEyeThird",
      "name": "Красные глаза — Насыщение",
      "desc": "<u>Особые Соли</u> (Фиксированный потенциал)\nМаксимальное значение: 20\n· Монеты базовых навыков наносят на <u>3</u> <sprite name=\"Laceration\"><color=#e30000><u><link=\"Laceration\">Кетчупа</link></u></color> больше\n· Имеет разные фазы в зависимости от значения:\n  - Фаза 1 (1~7) : <sprite name=\"RedEyeFirst\"><color=#f8c200><u><link=\"RedEyeFirst\">Красные глаза</link></u></color>\n  - Фаза 2 (8~15) : <sprite name=\"RedEyeSecond\"><color=#f8c200><u><link=\"RedEyeSecond\">Красные глаза - Бдительность</link></u></color>\n  - Фаза 3 (16~20) : <sprite name=\"RedEyeThird\"><color=#f8c200><u><link=\"RedEyeThird\">Красные глаза - Насыщение</link></u></color>\n· Наносит дополнительное <sprite name=\"Laceration\"><color=#e30000><u><link=\"Laceration\">Кетчуп</link></u></color> в количестве, равном фазе эффекта",
      "summary": ""
    },
    {
      "id": "PenanceFirst",
      "name": "Раскаяние",
      "desc": "<u>Особые Соли</u> (Фиксированный потенциал)\nМаксимальное значение: 20\n· Восстанавливает 2 SP при ударе монетами, которые получают <sprite name=\"PenanceFirst\"><color=#f8c200><u><link=\"PenanceFirst\">Раскаяние</link></u></color>\n· В начале хода получает щит на (Значение эффекта)% от максимальных HP\n· Имеет разные фазы в зависимости от значения:\n  - Фаза 1 (1~7) : <sprite name=\"PenanceFirst\"><color=#f8c200><u><link=\"PenanceFirst\">Раскаяние</link></u></color>\n  - Фаза 2 (8~15) : <sprite name=\"PenanceSecond\"><color=#f8c200><u><link=\"PenanceSecond\">Раскаяние — Грань</link></u></color>\n  - Фаза 3 (16~20) : <sprite name=\"PenanceThird\"><color=#f8c200><u><link=\"PenanceThird\">Красные глаза - Насыщение</link></u></color>\n· Восстанавливаемая этим эффектом SP увеличивается на (Фаза × 2)",
      "summary": ""
    },
    {
      "id": "PenanceSecond",
      "name": "Раскаяние — Грань",
      "desc": "<u>Особые Соли</u> (Фиксированный потенциал)\nМаксимальное значение: 20\n· Восстанавливает <u>4</u> SP при ударе монетами, которые получают <sprite name=\"PenanceFirst\"><color=#f8c200><u><link=\"PenanceFirst\">Раскаяние</link></u></color>\n· В начале хода получает щит на (Значение эффекта)% от максимальных HP\n· Имеет разные фазы в зависимости от значения:\n  - Фаза 1 (1~7) : <sprite name=\"PenanceFirst\"><color=#f8c200><u><link=\"PenanceFirst\">Раскаяние</link></u></color>\n  - Фаза 2 (8~15) : <sprite name=\"PenanceSecond\"><color=#f8c200><u><link=\"PenanceSecond\">Раскаяние — Грань</link></u></color>\n  - Фаза 3 (16~20) : <sprite name=\"PenanceThird\"><color=#f8c200><u><link=\"PenanceThird\">Красные глаза - Насыщение</link></u></color>\n· Восстанавливаемая этим эффектом SP увеличивается на (Фаза × 2)",
      "summary": ""
    },
    {
      "id": "PenanceThird",
      "name": "Раскаяние — Исповедь",
      "desc": "<u>Особые Соли</u> (Фиксированный потенциал)\nМаксимальное значение: 20\n· Восстанавливает <u>6</u> SP при ударе монетами, которые получают <sprite name=\"PenanceFirst\"><color=#f8c200><u><link=\"PenanceFirst\">Раскаяние</link></u></color>\n· В начале хода получает щит на (Значение эффекта)% от максимальных HP\n· Имеет разные фазы в зависимости от значения:\n  - Фаза 1 (1~7) : <sprite name=\"PenanceFirst\"><color=#f8c200><u><link=\"PenanceFirst\">Раскаяние</link></u></color>\n  - Фаза 2 (8~15) : <sprite name=\"PenanceSecond\"><color=#f8c200><u><link=\"PenanceSecond\">Раскаяние — Грань</link></u></color>\n  - Фаза 3 (16~20) : <sprite name=\"PenanceThird\"><color=#f8c200><u><link=\"PenanceThird\">Красные глаза - Насыщение</link></u></color>\n· Восстанавливаемая этим эффектом SP увеличивается на (Фаза × 2)",
      "summary": ""
    },
    {
      "id": "Emptiness",
      "name": "Выжженные дотла",
      "desc": "· Не может сохранить значение получаемых <sprite name=\"RedEyeFirst\"><color=#f8c200><u><link=\"RedEyeFirst\">Красных глаз</link></u></color> и <sprite name=\"PenanceFirst\"><color=#f8c200><u><link=\"PenanceFirst\">Раскаяния</link></u></color>\n· При получении <sprite name=\"RedEyeFirst\"><color=#f8c200><u><link=\"RedEyeFirst\">Красных глаз</link></u></color> с помощью эффектов базовых навыков восстанавливает HP себе и союзнику с наименьшим процентом HP на (Полученные <sprite name=\"RedEyeFirst\"><color=#f8c200><u><link=\"RedEyeFirst\">Красные глаза</link></u></color>)% от максимальных HP (Дважды за ход)\n· При получении <sprite name=\"PenanceFirst\"><color=#f8c200><u><link=\"PenanceFirst\">Раскаяния</link></u></color> с помощью эффектов базовых навыков восстанавливает (Полученное <sprite name=\"PenanceFirst\"><color=#f8c200><u><link=\"PenanceFirst\">Раскаяние</link></u></color>) SP себе и союзнику с наименьшей SP (Дважды за ход)\n· В конце хода эффект прекращает свое действие",
      "summary": ""
    },
    {
      "id": "SinkingWhite",
      "name": "Бабочки",
      "desc": "<u>Особая Депрессия</u>\nБазовое значение: 0\nМаксимальное значение: 15\n· Живущие определяют потенциал, пока Почившие — счетчик этого эффекта\n· При получении удара восстанавливает (Живущие / 4) SP атакующему (Не менее 1)\n· Если при получении урона своя SP равна или менее 0, за каждую Почившую бабочку получает (Сила своего <sprite name=\"Sinking\"><color=#e30000><u><link=\"Sinking\">Депрессии</link></u></color> / 5) урона Унынием (До 30; если нет силы духа, получает лишь половину урона)\n· В конце хода значение Почивших сбрасываются до 0 и наносится <sprite name=\"Sinking\"><color=#e30000><u><link=\"Sinking\">Депрессия</link></u></color>, равное числу Живущих, затем все Живущие бабочки становятся Почившими\n· На наносимое значение эффекта не могут повлиять внешние факторы, вместо этого будет наноситься обычное дополнительную <sprite name=\"Sinking\"><color=#e30000><u><link=\"Sinking\">Депрессию</link></u></color>",
      "summary": ""
    },
    {
      "id": "SinkingBlack",
      "name": "Устаревший эффект :pensive:",
      "desc": "",
      "summary": ""
    },
    {
      "id": "BulletLament",
      "name": "Живущие и Почившие",
      "desc": "<u>Особые Тампоны</u>\nМаксимальное число для суммы Живых (потенциала) и Почивших (счетчика): 20\n· Тратится при использовании определенных навыков\n· При использовании определенных навыков случайно тратятся бабочки Живущие (потенциал) или Почивше (счетчик)\n· Некоторые монеты не могут быть использованы при отсутствии <sprite name=\"BulletLament\"><color=#9f6a3a><u><link=\"BulletLament\">Живущих и Почивших</link></u></color>",
      "summary": ""
    },
    {
      "id": "TrainTeamCaptain",
      "name": "Капитан Тренировочной команды",
      "desc": "Балбес с этой повязкой получает +1 слот навыков.\nЧисло 3-ей Атаки +1, но число 1-ых Атак -1.\nВ начале хода восстанавливает 15 SP.\nТакже Балбес с этой повязкой своими навыками наносит +1 дополнительную Изжогу, Кетчуп, Зеленку, Депрессию или Тряску (включая их особые вариации).\nТакже Балбес с этой повязкой получает +1 дополнительный кумар, Соль (или его особую вариацию) с помощью своих навыков.\nПри убийстве цели +2 ЭГО ресурса использованного навыка и +1 к остальным ЭГО ресурсам.",
      "summary": ""
    },
    {
      "id": "VioletUnderstand",
      "name": "Понимание",
      "desc": "Максимальное значение: 5\n· На 5% больше получаемого и наносимого урона за каждое значение",
      "summary": ""
    },
    {
      "id": "MentalCrack",
      "name": "Душевный разлом",
      "desc": "· +1 к <sprite name=\"MentalSystemResultDecrease_Typo\"><color=#9f6a3a><u><link=\"MentalSystemResultDecrease_Typo\">Эффективность потери SP</link></u></color> за каждое значение (До 5)\n· Когда значение достигает 5, наносит 10 урона по SP и прекращает свое действие\n· В конце хода понижается на 1",
      "summary": ""
    },
    {
      "id": "ImpendingCollapse",
      "name": "Грядущее разложение",
      "desc": "· В конце хода понижается на 1\n· Если в начале хода значение равно или менее 1, использует особую атаку",
      "summary": ""
    },
    {
      "id": "ReloadLament",
      "name": "Перезарядка",
      "desc": "Этот эффект относится к особым тампонам 「<sprite name=\"BulletLament\"><color=#9f6a3a><u><link=\"BulletLament\">Живущие и Почившие</link></u></color>」\n· И Сан теряет ((30 - сумма Живущих и Почивших на руках) / 2) SP\n· Далее Живущие и Почившие сбрасываются до 0, после чего их значение обновляется по вероятности, описанной в пассивном умении 「ЯВижуУмирающуюБабочку」\n· Во время пересольки И Сан не может получить менее 1 бабочки Живущей и бабочки Почившей",
      "summary": ""
    }
  ]
}