{
  "dataList": [
    {
      "id": "LegStrengthHorse",
      "name": "Стремительность【У】",
      "desc": "Максимальное значение: 3\n· Конец хода: получает на следующий ход 2 <sprite name=\"Agility\"><color=#f8c200><u><link=\"Agility\">Спешки</link></u></color> и (Значение эффекта × 2) <sprite name=\"DefenseUp\"><color=#f8c200><u><link=\"DefenseUp\">Повышений уровня защиты</link></u></color>\n· Наносит при ударе дополнительный <sprite name=\"Vibration\"><color=#e30000><u><link=\"Vibration\">Тремор</link></u></color> в количестве значения этого Эффекта (До 6 за ход)",
      "summary": ""
    },
    {
      "id": "ConcussionWei",
      "name": "Сотрясение",
      "desc": "Максимальное значение: 3\n· На 30% больше получаемого урона за каждую единицу значения (До 90%)\n· Увеличивает повышение собственной границы выносливости от получаемой <sprite name=\"VibrationExplosion\"><color=#e30000><u><link=\"VibrationExplosion\">Провокации Тремора</link></u></color> или урона <sprite name=\"Burst\"><color=#e30000><u><link=\"Burst\">Разрывом</link></u></color> в 1.5 раз (Округляется вниз)\n· При максимальном значении оглушает в следующем ходе, а эффект исчезает",
      "summary": ""
    },
    {
      "id": "SweptAwayWei",
      "name": "Ошеломление",
      "desc": "Максимальное значение: 10\n· Удваивает повышение собственной границы выносливости от получаемой <sprite name=\"VibrationExplosion\"><color=#e30000><u><link=\"VibrationExplosion\">Провокации Тремора</link></u></color>\n· Понижается на 1 в конце хода",
      "summary": ""
    },
    {
      "id": "ReboundWei",
      "name": "Отдача",
      "desc": "Максимальное значение: 5\n<i><color=#a16a3b><margin=2em>Спровоцировал Тремор на неправильной цели. В конце концов, каждое действие имеет равную и противоположную реакцию.</color></i>",
      "summary": ""
    },
    {
      "id": "SipOfAlcoholJin",
      "name": "Глоток алкоголя【眞】",
      "desc": "Максимальное значение: 5\n· Конец хода: получает на следующий ход (Значение эффекта × 2) <sprite name=\"Breath\"><color=#f8c200><u><link=\"Breath\">Дыхания</link></u></color> и (Значение эффекта / 2) <sprite name=\"Agility\"><color=#f8c200><u><link=\"Agility\">Спешки</link></u></color> (Округляется вниз)\n· Конец хода: если значение достигло 3 и более, восстанавливает 1.5% ОЗ Ядра и Части",
      "summary": ""
    },
    {
      "id": "DrunkBlood",
      "name": "Кровопролитие【血注】",
      "desc": "<u>Особое Кровотечение</u>\nМаксимальное значение: 5\n· При подбрасывании монет атакующих навыков получает фиксированный урон в количестве значения этого эффекта",
      "summary": ""
    },
    {
      "id": "DrunkAwakening",
      "name": "Ментальное пробуждение",
      "desc": "· Итоговая сила +4\n· Наносит на 2 <sprite name=\"Laceration\"><color=#e30000><u><link=\"Laceration\">Кровотечения</link></u></color> больше монетами, которые наносят силу <sprite name=\"Laceration\"><color=#e30000><u><link=\"Laceration\">Кровотечения</link></u></color> (До 10 за ход)\n· Получает на 30% больше урона\n· Наносит на 50% больше критического урона",
      "summary": ""
    },
    {
      "id": "NightDrifterGuilty",
      "name": "Тусклое чувство вины",
      "desc": "· Уровень атаки -15\n· Уровень защиты -15",
      "summary": ""
    },
    {
      "id": "StudyStatSinclair",
      "name": "Бьющийся до вылупления",
      "desc": "· Усиливает Синклера в зависимости от суммы полученных Чжи, Юн и Жэнь с занятий",
      "summary": ""
    },
    {
      "id": "StudyStatSinclair_A",
      "name": "Бьющийся до вылупления Ⅰ",
      "desc": "· Восстанавливает 3 СД каждый ход\n· Максимальная и минимальная скорость повышается на 1\n· Получает 2 Уровня атаки и защиты",
      "summary": ""
    },
    {
      "id": "StudyStatSinclair_B",
      "name": "Бьющийся до вылупления ⅠⅠ",
      "desc": "· Восстанавливает 5 СД каждый ход\n· Максимальная и минимальная скорость повышается на 1\n· Получает 1 <sprite name=\"Enhancement\"><color=#f8c200><u><link=\"Enhancement\">Повышение силы атаки</link></u></color> и 1 <sprite name=\"Protection\"><color=#f8c200><u><link=\"Protection\">Защищённость</link></u></color>\n· Получает 2 Уровня атаки и защиты",
      "summary": ""
    },
    {
      "id": "StudyStatSinclair_C",
      "name": "Бьющийся до вылупления ⅠⅠⅠ",
      "desc": "· Восстанавливает 5 СД каждый ход\n· Максимальная и минимальная скорость повышается на 1\n· Получает 1 <sprite name=\"Enhancement\"><color=#f8c200><u><link=\"Enhancement\">Повышение силы атаки</link></u></color> и 1 <sprite name=\"Protection\"><color=#f8c200><u><link=\"Protection\">Защищённость</link></u></color>\n· Свои базовые навыки получают +1 к Силе в столкновении\n· Получает 3 Уровня атаки и защиты",
      "summary": ""
    },
    {
      "id": "StudyStatSinclair_D",
      "name": "Бьющийся до вылупления ⅠⅤ",
      "desc": "· Восстанавливает 10 СД каждый ход\n· Максимальная и минимальная скорость повышается на 1\n· Получает 1 <sprite name=\"Enhancement\"><color=#f8c200><u><link=\"Enhancement\">Повышение силы атаки</link></u></color> и 1 <sprite name=\"Protection\"><color=#f8c200><u><link=\"Protection\">Защищённость</link></u></color>\n· Свои базовые навыки получают +1 к Силе в столкновении\n· Получает 4 Уровня атаки и защиты",
      "summary": ""
    },
    {
      "id": "StudyStatSinclair_E",
      "name": "Бьющийся до вылупления Ⅴ",
      "desc": "· Восстанавливает 15 СД каждый ход\n· Максимальная и минимальная скорость повышается на 2\n· Получает 1 <sprite name=\"Enhancement\"><color=#f8c200><u><link=\"Enhancement\">Повышение силы атаки</link></u></color> и 1 <sprite name=\"Protection\"><color=#f8c200><u><link=\"Protection\">Защищённость</link></u></color>\n· Свои базовые навыки получают +1 к Силе в столкновении и +1 к Силе монет\n· Получает 5 Уровней атаки и защиты",
      "summary": ""
    },
    {
      "id": "StudySignSinclair",
      "name": "Печать",
      "desc": "· Восстанавливает 30 СД в начале следующего хода\n· Исчезает в конце этого хода\n<i><color=#2e72b9><margin=2em>Тот, кто хочет родиться, должен сначала разрушить мир.</color></i>",
      "summary": ""
    },
    {
      "id": "CrazyWei",
      "name": "Неистовство",
      "desc": "Теряет 15 Уровней атаки и защиты\n\n· Конец хода: вместо получения <sprite name=\"DefenseUp\"><color=#f8c200><u><link=\"DefenseUp\">Повышения уровня защиты</link></u></color> от <sprite name=\"LegStrengthHorse\"><color=#9f6a3a><u><link=\"LegStrengthHorse\">Стремительности 【У】</link></u></color> получает <sprite name=\"AttackUp\"><color=#f8c200><u><link=\"AttackUp\">Повышение уровня атаки</link></u></color> в количестве его значения\n\n<i><color=#a16a3b><margin=2em>\"Я растопчу любого, кто посмеет причинить боль моей госпоже... Я затопчу их до смерти...\"</color></i>",
      "summary": ""
    },
    {
      "id": "SnakePoisonJinWeak",
      "name": "Змеиный яд",
      "desc": "Теряет 1 Уровень атаки и защиты",
      "summary": ""
    },
    {
      "id": "SnakePoisonJin",
      "name": "Распространяющийся змеиный яд",
      "desc": "· Теряет 7 Уровней атаки и защиты\n· Теряет 1% от максимальных ОЗ с каждым комбо в столкновениях",
      "summary": ""
    },
    {
      "id": "RunawayHorseWei_LowMorale",
      "name": "Unbridled Steed",
      "desc": "- Low Morale\n- Turn Start: Gain 2 Offense Level Up and 1 Fragile",
      "summary": ""
    },
    {
      "id": "RunawayHorseWei_Panic",
      "name": "Unbridled Steed",
      "desc": "- Panic\n- Gain 1 Max Speed, 2 Offense Level Up, and 2 Fragile",
      "summary": ""
    },
    {
      "id": "DrunkDrifter_LowMorale",
      "name": "Night Drifter of the Drunken Palm",
      "desc": "- Low Morale\n- Take +10% damage from Jia Xichun; deal +30% damage with Counterattacks",
      "summary": ""
    },
    {
      "id": "DrunkDrifter_Panic",
      "name": "Night Drifter of the Drunken Palm",
      "desc": "- Panic\n- Final Power +1; take +20% damage from Jia Xichun; deal +50% damage with Counterattacks",
      "summary": ""
    },
    {
      "id": "DarkBeastSnake_LowMorale",
      "name": "Shadow Arm",
      "desc": "- Low Morale\n- Clash Power -1; take -10% damage",
      "summary": ""
    },
    {
      "id": "DarkBeastSnake_Panic",
      "name": "Shadow Arm",
      "desc": "- Panic\n- Clash Power -2; take -20% damage",
      "summary": ""
    }
  ]
}