﻿{
  "dataList": [
    {
      "id": "Vengeance_LowMorale",
      "name": "Отмщение (Низкий дух)",
      "desc": "Получает 3 <sprite name=\"DefenseDown\"><color=#e30000><u><link=\"DefenseDown\">Понижения уровня защиты</link></u></color> и 3 <sprite name=\"AttackDmgUp\"><color=#f8c200><u><link=\"AttackDmgUp\">Повышения урона</link></u></color>",
      "summary": "",
      "undefined": "-"
    },
    {
      "id": "Vengeance_Panic",
      "name": "Отмщение (Ахуй)",
      "desc": "Получает 6 <sprite name=\"DefenseDown\"><color=#e30000><u><link=\"DefenseDown\">Понижений уровня защиты</link></u></color> и 5 <sprite name=\"AttackDmgUp\"><color=#f8c200><u><link=\"AttackDmgUp\">Повышений урона</link></u></color>",
      "summary": "",
      "undefined": "-"
    },
    {
      "id": "AaCfPbBe",
      "name": "Меченая добыча",
      "desc": "Максимальное значение: 1\n· При получении удара так же получает 10% от этого урона в виде Рубящего, а эффект исчезает в конце хода\n· Если не было получено урона в течение хода, при ударе наносит 1 <sprite name=\"AaCfPbBf\"><color=#e30000><u><link=\"AaCfPbBf\">Комплекс неполноценности</link></u></color> после атаки, а сам эффект исчезает",
      "summary": "Получает дополнительный Рубящий урон, равный 10% от полученного урона по HP",
      "undefined": "-"
    },
    {
      "id": "AaCfPbBf",
      "name": "Комплекс неполноценности",
      "desc": "Максимальное значение: 5\n· При каждом полученном ударе, получает дополнительный урон, равный ((20% от полученного урона по HP) × {0})\n",
      "summary": "Получает урон, равный ((20% от полученного урона по HP) × {0})",
      "undefined": "-"
    },
    {
      "id": "AaCfPbBa",
      "name": "Взрывное Уныние",
      "desc": "· Сопротивление к греху Уныния ослабляется на 0.3\n· Сопротивление остальным грехам усиливается на 0.5\n· При получении удара наносит 3 урона по SP атакующему, получает 1 счетчик <sprite name=\"Sinking\"><color=#e30000><u><link=\"Sinking\">Депрессии</link></u></color>, а так же 1 <sprite name=\"AttackUp\"><color=#f8c200><u><link=\"AttackUp\">Повышение уровня атаки</link></u></color> на следующий ход (До 9 раз за ход)",
      "summary": "",
      "undefined": "-"
    },
    {
      "id": "AaCfPbBb",
      "name": "Взрывная Зависть",
      "desc": "· Сопротивление к греху Зависти ослабляется на 0.3\n· Сопротивление остальным грехам усиливается на 0.5\n· При получении удара накладывает на атаковавшего 1 <sprite name=\"AttackUp\"><color=#f8c200><u><link=\"AttackUp\">Повышение уровня атаки</link></u></color>, 2 <sprite name=\"Laceration\"><color=#e30000><u><link=\"Laceration\">Кетчупа</link></u></color> и повышает его счетчик на 2, а так же сам получает 1 <sprite name=\"DefenseDown\"><color=#e30000><u><link=\"DefenseDown\">Понижение уровня защиты</link></u></color> (До 9 раз за ход)",
      "summary": "",
      "undefined": "-"
    },
    {
      "id": "AaCfPbBc",
      "name": "Взрывной Гнев",
      "desc": "· Сопротивление к греху Гнева ослабляется на 0.3\n· Сопротивление остальным грехам усиливается на 0.5\n· При получении удара получает 1 <sprite name=\"AttackUp\"><color=#f8c200><u><link=\"AttackUp\">Повышение уровня атаки</link></u></color> и 1 <sprite name=\"DefenseDown\"><color=#e30000><u><link=\"DefenseDown\">Понижение уровня защиты</link></u></color> на следующий ход (До 9 раз за ход)",
      "summary": "",
      "undefined": "-"
    },
    {
      "id": "AaCfPbBd",
      "name": "Глубокая Скорбь",
      "desc": "В начале хода теряет 5 скорости и получает 5 <sprite name=\"DefenseDown\"><color=#e30000><u><link=\"DefenseDown\">Понижений уровня защиты</link></u></color>",
      "undefined": "-"
    },
    {
      "id": "AaCfPbBg",
      "name": "Искаженная картина (Низкий дух)",
      "desc": "Получает 1 <sprite name=\"Enhancement\"><color=#f8c200><u><link=\"Enhancement\">Повышение силы атаки</link></u></color> и 1 <sprite name=\"Vulnerable\"><color=#e30000><u><link=\"Vulnerable\">Уязвимость</link></u></color>",
      "undefined": "-"
    },
    {
      "id": "AaCfPbBh",
      "name": "Искаженная картина (Срыв)",
      "desc": "Получает 1 <sprite name=\"PlusCoinValueUp\"><color=#f8c200><u><link=\"PlusCoinValueUp\">Усиление положительной монеты</link></u></color> и 3 <sprite name=\"Vulnerable\"><color=#e30000><u><link=\"Vulnerable\">Уязвимости</link></u></color>",
      "undefined": "-"
    },
    {
      "id": "AaCfPbBi",
      "name": "Ненависть (Низкий дух)",
      "desc": "· При победе в столкновении получает 1 <sprite name=\"AttackUp\"><color=#f8c200><u><link=\"AttackUp\">Повышение уровня атаки</link></u></color> на следующий ход (До 3 раз за ход)\n· При проигрыше в столкновении получает 1 <sprite name=\"DefenseUp\"><color=#f8c200><u><link=\"DefenseUp\">Повышение уровня защиты</link></u></color> (До 3 раз за ход)",
      "undefined": "-"
    },
    {
      "id": "AaCfPbBj",
      "name": "Ненависть (Ахуй)",
      "desc": "· При победе в столкновении получает 1 <sprite name=\"AttackUp\"><color=#f8c200><u><link=\"AttackUp\">Повышение уровня атаки</link></u></color> на этот и следующий ход (До 3 раз за ход)\n· При проигрыше в столкновении получает 1 <sprite name=\"DefenseUp\"><color=#f8c200><u><link=\"DefenseUp\">Повышение уровня защиты</link></u></color> (До 3 раз за ход)\nВ конце хода получает 2 <sprite name=\"Agility\"><color=#f8c200><u><link=\"Agility\">Спешки</link></u></color> на следующий ход",
      "undefined": "-"
    }
  ]
}