﻿{
  "dataList": [
    {
      "id": "BloodyHand",
      "name": "Окровавленная рука",
      "desc": "Максимальное значение: 10\n· Когда значение достигает 10: наносит еше 1 <sprite name=\"Burst\"><color=#e30000><u><link=\"Burst\">Зеленка</link></u></color> при ударе",
      "summary": "",
      "undefined": "-"
    },
    {
      "id": "BloomingThorns",
      "name": "Цветущий шип",
      "desc": "Максимальное значение: 10\n· При получении урона от навыков, наносит атаковавшему <sprite name=\"Laceration\"><color=#e30000><u><link=\"Laceration\">Кетчуп</link></u></color> в количестве половины значения этого эффекта",
      "summary": "Наносит Кетчуп атакующему равное накопленному эффекту",
      "undefined": "-"
    },
    {
      "id": "BloomingThorns_2nd",
      "name": "Кровотканый шип",
      "desc": "Считается <sprite name=\"BloomingThorns\"><color=#f8c200><u><link=\"BloomingThorns\">Цветущим шипом</link></u></color>\n· Максимальное значение: 10\n· В начале хода получает 1 <sprite name=\"AttackUp\"><color=#f8c200><u><link=\"AttackUp\">Повышение уровня атаки</link></u></color> за каждые 3 накопленного значения (До 3)\n· При получении урона от навыков, наносит атаковавшему <sprite name=\"Laceration\"><color=#e30000><u><link=\"Laceration\">Кетчуп</link></u></color> в количестве значения этого эффекта, затем значение эффекта понижается на 1\n· При ударе наносит еще 1 <sprite name=\"Laceration\"><color=#e30000><u><link=\"Laceration\">Кетчуп</link></u></color> или его счетчик эффектами навыков\n· При накладывании на союзников <sprite name=\"AttackUp\"><color=#f8c200><u><link=\"AttackUp\">Повышения уровня атаки</link></u></color> и <sprite name=\"DefenseUp\"><color=#f8c200><u><link=\"DefenseUp\">Повышения уровня защиты</link></u></color> так же дает им 1 <sprite name=\"ParryingResultUp\"><color=#f8c200><u><link=\"ParryingResultUp\">Повышение силы в столкновении</link></u></color> на следующий ход\n· Все атаки, которые поглощают <sprite name=\"BloodDinner\"><color=#9f6a3a><u><link=\"BloodDinner\">Борщ</link></u></color>, получают +1 к Силе монет",
      "summary": "Наносит Кетчуп атакующему равное накопленному эффекту\nНаносит +1 дополнительное Кетчуп и Длительность\nДает 1 Повышение силы в поединке союзникам\nЕсли Умение потребляет Кровавый пир, +1 к силе Монеты",
      "undefined": "-"
    },
    {
      "id": "BloomingThorns_3rd",
      "name": "Кровавый литой шип",
      "desc": "Считается <sprite name=\"BloomingThorns\"><color=#f8c200><u><link=\"BloomingThorns\">Цветущим шипом</link></u></color>\n· Максимальное значение: 10\n· В начале хода получает 1 <sprite name=\"AttackUp\"><color=#f8c200><u><link=\"AttackUp\">Повышение уровня атаки</link></u></color> за каждые 2 накопленного значения (До 5)\n· При получении урона от навыков, наносит атаковавшему <sprite name=\"Laceration\"><color=#e30000><u><link=\"Laceration\">Кетчуп</link></u></color> в количестве значения этого эффекта, затем значение эффекта понижается на 1\n· При ударе наносит еще 2 <sprite name=\"Laceration\"><color=#e30000><u><link=\"Laceration\">Кетчупа</link></u></color> или его счетчика эффектами навыков\n· При накладывании на союзников <sprite name=\"AttackUp\"><color=#f8c200><u><link=\"AttackUp\">Повышения уровня атаки</link></u></color> и <sprite name=\"DefenseUp\"><color=#f8c200><u><link=\"DefenseUp\">Повышения уровня защиты</link></u></color> так же дает им 2 <sprite name=\"ParryingResultUp\"><color=#f8c200><u><link=\"ParryingResultUp\">Повышения силы в столкновении</link></u></color> на следующий ход\n· Все атаки, которые поглощают <sprite name=\"BloodDinner\"><color=#9f6a3a><u><link=\"BloodDinner\">Борщ</link></u></color>, получают +1 к Силе монет и наносят на 50% больше урона\n· При использовании атаки 「Парад длится вечно」, вместо восстановления HP, восстанавливает такое же количество SP",
      "summary": "Наносит Кетчуп равное накопленному эффекту атакующему\nНаносит +2 дополнительное Кетчуп и Длительность\nПрименяет 2 Повышение силы в поединке к союзникам\nЕсли Умение потребляет Кровавый пир, +2 к силе Монеты и наносит +50% урона",
      "undefined": "-"
    },
    {
      "id": "FestivalFever",
      "name": "Праздничная горячка",
      "desc": "· Максимальное значение: 10\n· В начале хода получает 1 <sprite name=\"AttackUp\"><color=#f8c200><u><link=\"AttackUp\">Повышение уровня атаки</link></u></color> за каждые 3 накопленного значения (До 3)\n· Используется для особых атак",
      "summary": "",
      "undefined": "-"
    },
    {
      "id": "IncompleteParade",
      "name": "Несовершенный парад",
      "desc": "· Максимальное значение: 50\n· Увеличивается на 2 при смерти Кровососа\n· Увеличивается на 3 при смерти Кровожада\n· В начале хода получает 1 <sprite name=\"Vulnerable\"><color=#e30000><u><link=\"Vulnerable\">Уязвимость</link></u></color> за каждые 5 потраченного значения\n\nВсего потрачено: {0}",
      "summary": "",
      "undefined": "-"
    },
    {
      "id": "FamineBloodDolci_LowMorale",
      "name": "Узда Небытия (Низкий дух)",
      "desc": "· В начале хода получает 1 <sprite name=\"ResultEnhancement\"><color=#f8c200><u><link=\"ResultEnhancement\">Повышение силы</link></u></color> и 3 <sprite name=\"DefenseDown\"><color=#e30000><u><link=\"DefenseDown\">Понижения уровня защиты</link></u></color>\n· В конце хода теряет 5 SP",
      "summary": "Получает 1 Повышение силы атаки и 3 Понижения уровня защиты",
      "undefined": "-"
    },
    {
      "id": "FamineBloodDolci_Panic",
      "name": "Узда Небытия Ахуй",
      "desc": "· В начале хода получает 2 <sprite name=\"ResultEnhancement\"><color=#f8c200><u><link=\"ResultEnhancement\">Повышения силы</link></u></color> и 6 <sprite name=\"DefenseDown\"><color=#e30000><u><link=\"DefenseDown\">Понижений уровня защиты</link></u></color>\n· В конце хода восстанавливает 10 SP",
      "summary": "Получает 2 Повышения силы атаки и 6 Понижений уровня защиты",
      "undefined": "-"
    },
    {
      "id": "StarvingDolcineaOne",
      "name": "Иссохший",
      "desc": "<i>Изголодавшийся по крови очень, очень давно</i>\n· Уровень атаки снижен на 35\n· Уровень защиты снижен на 35",
      "summary": "",
      "undefined": "-"
    },
    {
      "id": "StarvingDolcineaServant",
      "name": "Иссохший",
      "desc": "<i>Изголодавшийся по крови очень, очень давно</i>\n· Уровень атаки снижен на 15\n· Уровень защиты снижен на 15",
      "summary": "",
      "undefined": "-"
    },
    {
      "id": "ThornyFall_LowMorale",
      "name": "Шипы (Низкий дух)",
      "desc": "При победе в столкновении получает 1 <sprite name=\"AttackDmgUp\"><color=#f8c200><u><link=\"AttackDmgUp\">Повышение урона</link></u></color>",
      "summary": "Победа в поединке: получает 1 Усиление урона",
      "undefined": "-"
    },
    {
      "id": "ThornyFall_Panic",
      "name": "Шипы Ахуй",
      "desc": "· При победе в столкновении получает 1 <sprite name=\"AttackDmgUp\"><color=#f8c200><u><link=\"AttackDmgUp\">Повышение урона</link></u></color>\n· В конце хода получает 2 <sprite name=\"ParryingResultUp\"><color=#f8c200><u><link=\"ParryingResultUp\">Повышения силы в столкновении</link></u></color> на следующий ход",
      "summary": "Победа в поединке: получает 1 Усиление урона",
      "undefined": "-"
    },
    {
      "id": "HonorableDuel_Don",
      "name": "Почетная дуэль",
      "desc": "<i>Отголосок воспоминаний о приключениях</i>\nСтановится невероятно сильной",
      "summary": "",
      "undefined": "-"
    },
    {
      "id": "HonorableDuel_Knight",
      "name": "Почетная дуэль",
      "desc": "<i>Отголосок воспоминаний о приключениях</i>",
      "summary": "",
      "undefined": "-"
    },
    {
      "id": "StarvingPriestOne",
      "name": "Иссохший",
      "desc": "<i>Изголодавшийся по крови очень, очень давно</i>\n· Уровень атаки снижен на 15\n· Уровень защиты снижен на 15",
      "summary": "",
      "undefined": "-"
    },
    {
      "id": "FamineBloodPriestServant_LowMorale",
      "name": "Голод (Низкий дух)",
      "desc": "· В начале хода получает 1 <sprite name=\"ParryingResultUp\"><color=#f8c200><u><link=\"ParryingResultUp\">Повышение силы в столкновении</link></u></color> и 3 <sprite name=\"DefenseDown\"><color=#e30000><u><link=\"DefenseDown\">Понижения уровня защиты</link></u></color>\n· В конце хода теряет 5 SP",
      "summary": "",
      "undefined": "-"
    },
    {
      "id": "FamineBloodPriestServant_Panic",
      "name": "Голод Ахуй",
      "desc": "· В начале хода получает 2 <sprite name=\"ParryingResultUp\"><color=#f8c200><u><link=\"ParryingResultUp\">Повышения силы в столкновении</link></u></color> и 6 <sprite name=\"DefenseDown\"><color=#e30000><u><link=\"DefenseDown\">Понижений уровня защиты</link></u></color>\n· В конце хода восстанавливает 10 SP",
      "summary": "",
      "undefined": "-"
    },
    {
      "id": "UnstoppableFunny",
      "name": "Безудержное блаженство",
      "desc": "После смерти:\n· Добавляет 1 к трем наименее имеющимся ЭГО ресурсам\n· Повышает счетчик <sprite name=\"Laceration\"><color=#e30000><u><link=\"Laceration\">Кетчупа</link></u></color> атакующему или случайному противнику на 3\n· Все союзники с 5 и более <sprite name=\"FestivalFeverRodion\"><color=#f8c200><u><link=\"FestivalFeverRodion\">Праздничной горячки</link></u></color> получают 1 <sprite name=\"Agility\"><color=#f8c200><u><link=\"Agility\">Спешку</link></u></color> на следующий ход\n· Все союзники без  <sprite name=\"FestivalFeverRodion\"><color=#f8c200><u><link=\"FestivalFeverRodion\">Праздничной горячки</link></u></color> получают 1 <sprite name=\"ParryingResultUp\"><color=#f8c200><u><link=\"ParryingResultUp\">Повышение силы в столкновении</link></u></color>",
      "summary": "Получает по 1 из 3 ЭГО ресурсов\nНакладывает +3 Кетчупа",
      "undefined": "-"
    }
  ]
}