﻿{
  "dataList": [
    {
      "id": "UninvitedGuest",
      "name": "Незваный гость",
      "desc": "Когда Айдишка с этим эффектом побеждена, перемещается на другую Айдишки без него",
      "summary": ""
    },
    {
      "id": "ConnectedPlug",
      "name": "Подключение",
      "desc": "Максимальное значение: 3\n· Когда значение достигает 3 к концу хода, оглушается на следующем ходу и теряет весь свой <sprite name=\"Charge\"><color=#f8c200><u><link=\"Charge\">Соль</link></u></color>",
      "summary": ""
    },
    {
      "id": "AntiSheepGround",
      "name": "Антиовечий заземляющий штекер",
      "desc": "Максимальное значение: 1\n· При победе в столкновении против атаки 「Отказ от заземления」 Снящаейся электроовцы, происходит <sprite name=\"ConnectedPlug\"><color=#e30000><u><link=\"ConnectedPlug\">Подключение заземления</link></u></color> к ней\n· Уменьшает счетчик <sprite name=\"Charge\"><color=#f8c200><u><link=\"Charge\">Солей</link></u></color> цели вдвое\n· Прекращает действие на следующем ходу\n\n「<sprite name=\"ConnectedPlug\"><color=#e30000><u><link=\"ConnectedPlug\">Подключение</link></u></color>:\nМаксимальное значение: 3\n· Когда значение достигает 3 к концу хода, оглушается на следующем ходу и теряет весь свой <sprite name=\"Charge\"><color=#f8c200><u><link=\"Charge\">Соль</link></u></color>」",
      "summary": ""
    },
    {
      "id": "ThundercloudFormation",
      "name": "Грозовое облако",
      "desc": "Максимальное значение: 5\n· Использует мощную атаку, когда значение падает до 1\n· В конце хода значение понижается на 1, а повышается при оглушении",
      "summary": ""
    },
    {
      "id": "Refraction4A",
      "name": "Эффект развертывания №1",
      "desc": "Уровень Айдишки +2",
      "summary": ""
    },
    {
      "id": "Refraction4B",
      "name": "Эффект развертывания №2",
      "desc": "Эффективность восстановления СД +3, начальная СД +10",
      "summary": ""
    },
    {
      "id": "Refraction4C",
      "name": "Эффект развертывания №3",
      "desc": "Уровень атаки +2",
      "summary": ""
    },
    {
      "id": "Refraction4D",
      "name": "Эффект развертывания №4",
      "desc": "Уровень защиты +2",
      "summary": ""
    },
    {
      "id": "Refraction4E",
      "name": "Эффект развертывания №5",
      "desc": "Макс. скорость +2",
      "summary": ""
    },
    {
      "id": "Refraction4F",
      "name": "Эффект развертывания №6",
      "desc": "Макс. ОЗ +5%",
      "summary": ""
    },
    {
      "id": "Refraction4G",
      "name": "Эффект развертывания №7",
      "desc": "Сила в столкновении +1, начальная СД +15",
      "summary": ""
    },
    {
      "id": "Refraction4H",
      "name": "Эффект развертывания №8",
      "desc": "Получаемый урон -10%, начальная СД +15",
      "summary": ""
    },
    {
      "id": "Refraction4I",
      "name": "Эффект развертывания №9",
      "desc": "<sprite name=\"Aggro\"><color=#9f6a3a><u><link=\"Aggro\">Провокация</link></u></color> +5, начальная СД +20",
      "summary": ""
    },
    {
      "id": "Refraction4J",
      "name": "Эффект развертывания №10",
      "desc": "Наносимый урон +10%, начальная СД +20",
      "summary": ""
    },
    {
      "id": "Refraction4K",
      "name": "Эффект развертывания №11",
      "desc": "Итоговая сила +1, начальная СД +30",
      "summary": ""
    },
    {
      "id": "Refraction4L",
      "name": "Эффект развертывания №12",
      "desc": "Уровень Идентичности +3, начальная СД +30",
      "summary": ""
    },
    {
      "id": "BandageOfTheBoundKing",
      "name": "Узы Связанного короля",
      "desc": "· При своем поражении наносит 2 <sprite name=\"Sinking\"><color=#e30000><u><link=\"Sinking\">Депрессии</link></u></color> и повышает его счетчик на 1 всем противникам, а так сам эффект переносится на атаковавшего (Или случайного противника, если этот эффект уже имеется)",
      "summary": ""
    },
    {
      "id": "ComeForwardToTheKing",
      "name": "Момент аудиенции",
      "desc": "· Количество целей +{0}\n· При поражении в столкновении получает 2 <sprite name=\"Vulnerable\"><color=#e30000><u><link=\"Vulnerable\">Уязвимости</link></u></color> на следующий ход",
      "summary": ""
    },
    {
      "id": "RefractedWill",
      "name": "Преломленная решимость",
      "desc": "· Уменьшает вдвое количество теряемой СД при поражении союзника",
      "summary": ""
    },
    {
      "id": "VioletPeccatulumTwo",
      "name": "Пеккатула зависти?",
      "desc": "· Наносимый урон +15%\n· Получаемый урон -15%\n· Носители этого эффекта отмечены аурой Пеккатулы Зависти (Класс 2)",
      "summary": ""
    },
    {
      "id": "BigWelcome",
      "name": "Грандиозный прием",
      "desc": "Если цель оглушена или убита после атаки, добавляет 1 ЭГО ресурс Гордыни и 1 ЭГО ресурс для 1 другого случайного греха (3 раза за ход)",
      "summary": ""
    },
    {
      "id": "BreathSupport",
      "name": "Решающая схватка",
      "desc": "Начало волны: получает 4 <sprite name=\"Breath\"><color=#f8c200><u><link=\"Breath\">Кумара</link></u></color> и его счетчик повышается на 4",
      "summary": ""
    },
    {
      "id": "FirmWill",
      "name": "Стойкая решимость",
      "desc": "Не теряет СД при поражении союзника",
      "summary": ""
    }
  ]
}