﻿{
  "dataList": [
    {
      "id": "AaCePbBa",
      "name": "Бледный шум",
      "desc": "· Потеря СД +2\n· При -45 СД и наличии этого эффекта, получает <sprite name=\"AaCePbBb\"><color=#e30000><u><link=\"AaCePbBb\">Шумовую панику</link></u></color> на следующем ходе\n· В конце хода понижается на 1",
      "summary": "Потеря СД +2",
      "undefined": "-"
    },
    {
      "id": "AaCePbBb",
      "name": "Шумовая паника",
      "desc": "· Каждая монета выпадает решкой\n· Прекращает действие в конце хода",
      "summary": "На каждой монете выпадает решка",
      "undefined": "-"
    },
    {
      "id": "AaCePbBc",
      "name": "Загрязнение (Низкий дух)",
      "desc": "· Получает 1 <sprite name=\"Vulnerable\"><color=#e30000><u><link=\"Vulnerable\">Уязвимость</link></u></color>\n· При поражении в столкновении цель теряет 2 СД",
      "summary": "Цель теряет 2 СД при проигрыше в столкновении",
      "undefined": "-"
    },
    {
      "id": "AaCePbBd",
      "name": "Загрязнение (Срыв)",
      "desc": "· Получает 2 <sprite name=\"Vulnerable\"><color=#e30000><u><link=\"Vulnerable\">Уязвимости</link></u></color>\n· При поражении в столкновении цель теряет 5 СД",
      "summary": "Цель теряет 5 СД при проигрыше в столкновении",
      "undefined": "-"
    },
    {
      "id": "AaCePbBi",
      "name": "Тест Старшего брата",
      "desc": "· Пока этот эффект активен, получает двойной урон от навыков\n· Границы выносливости повышаются вдвое больше при <sprite name=\"VibrationExplosion\"><color=#e30000><u><link=\"VibrationExplosion\">Потрясения сучки</link></u></color>\n· Перестает действовать в состоянии оглушения\n· Если не оглушен по истечению этого эффекта, получает 5 <sprite name=\"AttackDmgUp\"><color=#f8c200><u><link=\"AttackDmgUp\">Повышений урона</link></u></color> в начале следующего хода\n· В конце хода понижается на 1",
      "summary": "",
      "undefined": "-"
    },
    {
      "id": "AaCePbBe",
      "name": "Возмездие (Низкий дух)",
      "desc": "В начале хода получает 1 <sprite name=\"ResultEnhancement\"><color=#f8c200><u><link=\"ResultEnhancement\">Повышение силы</link></u></color> и 3 <sprite name=\"DefenseDown\"><color=#e30000><u><link=\"DefenseDown\">Понижения уровня защиты</link></u></color>, а так же <sprite name=\"AttackDmgUp\"><color=#f8c200><u><link=\"AttackDmgUp\">Повышения урона</link></u></color> в зависимости от полученного на прошлом ходу урона (1 за каждые 3% потерянных ОЗ)",
      "summary": "Получает <sprite name=\"AttackDmgUp\"><color=#f8c200><u><link=\"AttackDmgUp\">Повышения урона</link></u></color> в зависимости от полученного урона на прошлом ходу",
      "undefined": "-"
    },
    {
      "id": "AaCePbBf",
      "name": "Возмездие Ахуй",
      "desc": "В начале хода получает 2 <sprite name=\"ResultEnhancement\"><color=#f8c200><u><link=\"ResultEnhancement\">Повышения силы</link></u></color> и 6 <sprite name=\"DefenseDown\"><color=#e30000><u><link=\"DefenseDown\">Понижений уровня защиты</link></u></color>, а так же <sprite name=\"AttackDmgUp\"><color=#f8c200><u><link=\"AttackDmgUp\">Повышения урона</link></u></color> в зависимости от полученного на прошлом ходу урона (1 за каждые 3% потерянных ОЗ)",
      "summary": "Получает <sprite name=\"AttackDmgUp\"><color=#f8c200><u><link=\"AttackDmgUp\">Повышения урона</link></u></color> в зависимости от полученного урона на прошлом ходу",
      "undefined": "-"
    }
  ]
}