﻿{
  "dataList": [
    {
      "id": "TipsinessRail",
      "name": "Опьянение",
      "desc": "Сила столкновения -{0} (До 5)",
      "summary": "Теряет силу столкновения на количество счетчиков этого эффекта"
    },
    {
      "id": "PassedPortal_Red",
      "name": "Кровоточащее измерение",
      "desc": "Проходит через Пространственный разлом и наносит на {0}0% больше урона"
    },
    {
      "id": "PassedPortal_Green",
      "name": "Отравляющее измерение",
      "desc": "Проходит через Пространственный разлом и увеличивает максимальные ОЗ на 20%"
    },
    {
      "id": "PassedPortal_Yellow",
      "name": "Содрогающееся измерение",
      "desc": "Проходит через Пространственный разлом и получает {0} скорости"
    },
    {
      "id": "PassedPortal_Blue",
      "name": "Электризующее измерение",
      "desc": "Проходит через Пространственный разлом и повышает силу монет на {0}"
    },
    {
      "id": "FairyCharm",
      "name": "Зачарованный",
      "desc": "- Фиксированная скорость 1.\n- Весь урон, наносимый Фее, понижается до 0.\n- Теряет силу, когда Фея умирает.",
      "summary": "Фикс. скорость 1\nФикс. урон 0"
    },
    {
      "id": "DecoyRegenerated",
      "name": "Регенерация",
      "desc": "Количество Зачарованных персонажей +1 каждый раз, как восстанавливается часть",
      "summary": ""
    },
    {
      "id": "WaveFoxUmbrella",
      "name": "Защитный зонт",
      "desc": "Все части получают Защищенность, равную {0}\nПри использовании навыка Ожидание призывает {0} Старых зонтов\nТратит 1 единицу каждый раз, как поврежден Зонт."
    },
    {
      "id": "InterlockingTime_Re",
      "name": "Остановка времени",
      "desc": "Уменьшает конечный урон на 30% и сохраняет его. При 3-х счетчиках получает фиксированный урон, равный двойному сохраненному урону, а также получает 3 Поноса на следующий ход.",
      "summary": "Уменьшает конечный урон на 30% и сохраняет его. При 3-х счетчиках получает фиксированный урон, равный двойному сохраненному урону, а также получает 3 Поноса на следующий ход."
    },
    {
      "id": "TimeRental_Re",
      "name": "Одолженное время",
      "desc": "Конец хода: Получает 3 Спешки, 2 Повышения урона и 2 Повышения уровня атаки; Если в конце хода остается только 1 счетчик эффекта, получает 3 Поноса, 1 Понижение силы атаки и 2 Слабости на следующий ход",
      "summary": "Конец хода: Получает 3 Спешки, 2 Повышения урона и 2 Повышения уровня атаки; Если в конце хода остается только 1 счетчик эффекта, получает 3 Поноса, 1 Понижение силы атаки и 2 Слабости на следующий ход"
    },
    {
      "id": "ReattachedCurseTag_Re",
      "name": "Переклеенный оберег проклятия",
      "desc": "При 9+ счетчиках получает 5 Связываний в конце хода в конце хода.\nПри 12+ счетчиках получает 5 Понижений силы атаки в конце хода. (До 12)",
      "summary": "При 9+ счетчиках получает 5 Связываний в конце хода в конце хода.\nПри 12+ счетчиках получает 5 Понижений силы атаки в конце хода."
    },
    {
      "id": "WrappedCurseTagRe",
      "name": "Приклеенный оберег проклятия",
      "desc": "Наносит на 1% больше урона за каждый счетчик\nПри счетчике 9+ получает 2 Понижения силы атаки в начале хода (До 9)",
      "summary": " "
    },
    {
      "id": "AccumulatedPast",
      "name": "Накопленное прошлое",
      "desc": "Показывает текущие ходы в Железной дороге преломления.\nКоличество повышается на 1 в конце хода.\nПолностью расходуется, когда тело повреждено.",
      "summary": ""
    },
    {
      "id": "PrepareSinRose",
      "name": "Терновая корона",
      "desc": "Призывает Розу того греха, которого больше всего у цели с этим эффектом",
      "summary": ""
    },
    {
      "id": "BloomingRose",
      "name": "Цветущий грех",
      "desc": "В конце хода:\n- Получает 1 счетчик.\n- {2} теряет ОЗ, равные 25% от макс. ОЗ.\n- Теряет 10% от {1} ЭГО ресурса.\n- Знак с розами восстанавливает 5% от макс. ОЗ.\n\nПри 4-х счетчиках\n- {2} умирает.\n- Теряет все {1} ЭГО ресурсы.",
      "summary": ""
    },
    {
      "id": "EatingSin",
      "name": "Впитанный грех",
      "desc": "Получает максимальные ОЗ, равные {0}%(от опустошенного ЭГО ресурса).\n\nПри смерти:\n- Восстанавливает {0} от ЭГО ресурса {1}.\n- {2} восстанавливает ОЗ, равные (25% от макс. ОЗ айдишки × счетчик Цветущего греха при смерти).",
      "summary": ""
    },
    {
      "id": "EnhanceRose",
      "name": "Усиленное состояние",
      "desc": "Активация пассивного навыка Усиленное состояние",
      "summary": ""
    },
    {
      "id": "RailLine2Buff",
      "name": "Зеркальное преломление",
      "summary": ""
    },
    {
      "id": "FullBloomRose",
      "name": "Расцветшая роза",
      "summary": ""
    },
    {
      "id": "KalpaVine",
      "name": "Лозы вечности",
      "desc": "Все персонажи наносят на {0}0% меньше урона\nВсе персонажи получают на {0}0% меньше урона",
      "summary": ""
    }
  ]
}