{
  "dataList": [
    {
      "id": "AccumulatedPastSinner",
      "name": "Накопленное прошлое",
      "desc": "Максимальное значение: 12\n· Начало хода: дает 1 <sprite name=\"ParryingResultUp\"><color=#f8c200><u><link=\"ParryingResultUp\">Повышение силы в столкновении</link></u></color> и 1 <sprite name=\"AttackUp\"><color=#f8c200><u><link=\"AttackUp\">Повышение уровня атаки</link></u></color> за каждые 3 <sprite name=\"AccumulatedPastSinner\"><color=#9f6a3a><u><link=\"AccumulatedPastSinner\">Накопленного прошлого</link></u></color>",
      "summary": ""
    },
    {
      "id": "OutisNoHat",
      "name": "Насильственные взыскания",
      "desc": "· Пока имеется <sprite name=\"Agility\"><color=#f8c200><u><link=\"Agility\">Спешка</link></u></color>, получает на 1 единицу счетчика <sprite name=\"Vibration\"><color=#e30000><u><link=\"Vibration\">Тремора</link></u></color> больше от своих базовых навыков\n· Если быстрее цели, наносит ей (Разница в скорости × 3)% больше урона (До 15%)",
      "summary": ""
    }
  ]
}