﻿{
  "dataList": [
    {
      "id": "CleanUp_LowMorale",
      "name": "Одержимость уборкой (Низкий дух)",
      "desc": "· Теряет 5 СД при поражении в столкновении\n· Получает 1 <sprite name=\"Agility\"><color=#f8c200><u><link=\"Agility\">Спешку</link></u></color> на следующий ход при получении удара (До 2)",
      "summary": "Получает 1 <sprite name=\"Agility\"><color=#f8c200><u><link=\"Agility\">Спешку</link></u></color> на следующий ход при получении удара",
      "undefined": "-"
    },
    {
      "id": "CleanUp_Panic",
      "name": "Одержимость уборкой Ахуй",
      "desc": "· Получает 2 <sprite name=\"Vulnerable\"><color=#e30000><u><link=\"Vulnerable\">Уязвимости</link></u></color>\n· Получает 1 <sprite name=\"Agility\"><color=#f8c200><u><link=\"Agility\">Спешку</link></u></color> на следующий ход при получении удара (До 3)",
      "summary": "Получает 1 <sprite name=\"Agility\"><color=#f8c200><u><link=\"Agility\">Спешку</link></u></color> на следующий ход при получении удара",
      "undefined": "-"
    },
    {
      "id": "Acclamation_LowMorale",
      "name": "Эхо особняка (Низкий дух)",
      "desc": "· Сила в столкновении -1\n· При выпадении орла наносит на 10% больше урона",
      "summary": "Сила в столкновении -1",
      "undefined": "-"
    },
    {
      "id": "Acclamation_Panic",
      "name": "Эхо особняка Ахуй",
      "desc": "· Сила в столкновении -2\n· Получает 2 <sprite name=\"AttackDmgUp\"><color=#f8c200><u><link=\"AttackDmgUp\">Повышения урона</link></u></color>",
      "summary": "Сила в столкновении -2",
      "undefined": "-"
    },
    {
      "id": "Unstable_LowMorale",
      "name": "Раскол (Низкий дух)",
      "desc": "· Теряет 2 ОЗ при каждом столкновении\n· В начале хода получает 1 <sprite name=\"AttackUp\"><color=#f8c200><u><link=\"AttackUp\">Повышение уровня атаки</link></u></color>",
      "summary": "Теряет 2 ОЗ при каждом столкновении",
      "undefined": "-"
    },
    {
      "id": "Unstable_Panic",
      "name": "Раскол Ахуй",
      "desc": "· Теряет 3 ОЗ при каждом столкновении\n· В начале хода получает 2 <sprite name=\"AttackUp\"><color=#f8c200><u><link=\"AttackUp\">Повышения уровня атаки</link></u></color>",
      "summary": "Теряет 3 ОЗ при каждом столкновении",
      "undefined": "-"
    },
    {
      "id": "AaCfPaBa",
      "name": "Скорбь",
      "desc": "· Конец хода: теряет 10 СД, если СД выше -15\n· При получении удара теряет 2 СД и получает 1 <sprite name=\"AttackUp\"><color=#f8c200><u><link=\"AttackUp\">Повышение уровня атаки</link></u></color> на следующий ход (До 3 раз за ход)\n· При менее 0 СД в начале хода получает 3 <sprite name=\"Enhancement\"><color=#f8c200><u><link=\"Enhancement\">Повышения силы атаки</link></u></color>",
      "summary": "При получении урона теряет СД и получает 1 Повышение уровня атаки на следующий ход.\nПри менее 0 СД в начале хода получает 3 Повышения силы атаки.",
      "undefined": "-"
    }
  ]
}