{
  "dataList": [
    {
      "id": 1,
      "name": "Саня"
    },
    {
      "id": 2,
      "name": "Фауст"
    },
    {
      "id": 3,
      "name": "Член Кихот"
    },
    {
      "id": 4,
      "name": "Р.Ё.Ш.У."
    },
    {
      "id": 5,
      "name": "Мерседес"
    },
    {
      "id": 6,
      "name": "Хуй Ло"
    },
    {
      "id": 7,
      "name": "Цыган"
    },
    {
      "id": 8,
      "name": "Фишмаель"
    },
    {
      "id": 9,
      "name": "Родя Додеповна"
    },
    {
      "id": 10,
      "name": "Фембойчик"
    },
    {
      "id": 11,
      "name": "Утис"
    },
    {
      "id": 12,
      "name": "Таракан"
    },
    {
      "id": 400005,
      "name": "Jia Xichun"
    }
  ]
}