﻿{
  "dataList": [
    {
      "id": "event_judgement_above",
      "content": "<color=#f8c200>Высокий шанс</color>"
    },
    {
      "id": "event_judgement_below",
      "content": "<color=#f8c200>Низкий шанс</color>"
    },
    {
      "id": "event_select_personality_to_proceed_judgement",
      "content": "Выберите айдишку, чтобы пройти проверку:"
    },
    {
      "id": "event_expected_success_rate_format",
      "content": "Вероятность: {0}"
    },
    {
      "id": "all_attribute",
      "content": "Все Грехи"
    }
  ]
}