{
  "dataList": [
    {
      "id": "Empty",
      "content": ""
    },
    {
      "id": "Nothing",
      "content": "<color=#ebcaa2>Ничего не произошло.</color>"
    },
    {
      "id": "LevelupPersonality",
      "content": "<color=#ebcaa2>Вы можете усилить Айдишки!</color>"
    },
    {
      "id": "GetEgogift",
      "content": "<color=#ebcaa2>Вы получаете случайный ЭГО Дар!</color>"
    },
    {
      "id": "GetCharacter",
      "content": "<color=#ebcaa2>Вы можете взять еще одного Балбеса в команду!</color>"
    },
    {
      "id": "LevelupPersonalityOnWinBattle",
      "content": "<color=#ebcaa2>Вы можете усилить Айдишки после победы в битве!</color>"
    },
    {
      "id": "GetConfirmedEgogiftOnWinBattle",
      "content": "<color=#ebcaa2>Получите {reward} после победы в битве!</color>"
    },
    {
      "id": "StartBattle",
      "content": "<color=#ff0000>На вас напали!</color>"
    },
    {
      "id": "StartBattle_Normal",
      "content": "<color=#ff0000>Началась обычная битва!</color>"
    },
    {
      "id": "StartBattle_Danger",
      "content": "<color=#ff0000>Началась рискованная битва!</color>"
    },
    {
      "id": "StartBattle_Abnormality",
      "content": "<color=#ff0000>Началась битва с чуркой!</color>"
    },
    {
      "id": "StartBattle_FloorBoss",
      "content": "<color=#ff0000>Началась битва с боссом!</color>"
    },
    {
      "id": "RecoverHpOnly",
      "content": "<color=#ebcaa2>{targets} {conditions}восстанавливает</color> <color=#00ff9c>{amount} HP</color><color=#ebcaa2>.</color>"
    },
    {
      "id": "RecoverMpOnly",
      "content": "<color=#ebcaa2>{targets} {conditions}восстанавливает</color> <color=#80c9ff>{amount} SP</color><color=#ebcaa2>.</color>"
    },
    {
      "id": "RecoverHpOnlyUntilMax",
      "content": "<color=#ebcaa2>{targets} {conditions}</color><color=#00ff9c>полностью восстанавливает очки Здоровья</color><color=#ebcaa2>.</color>"
    },
    {
      "id": "RecoverMpOnlyUntilMax",
      "content": "<color=#ebcaa2>{targets} {conditions}</color><color=#80c9ff>полностью восстанавливает Силу духа</color><color=#ebcaa2>.</color>"
    },
    {
      "id": "LoseHpOnly",
      "content": "<color=#ebcaa2>{targets} {conditions}теряет</color> <color=#e30000>{amount} HP</color><color=#ebcaa2>!</color>"
    },
    {
      "id": "LoseMpOnly",
      "content": "<color=#ebcaa2>{targets} {conditions}теряет</color> <color=#fe4b48>{amount} SP</color><color=#ebcaa2>!</color>"
    },
    {
      "id": "RecoverHpMpSameAmount",
      "content": "<color=#ebcaa2>{targets} {conditions}восстанавливает</color> <color=#00ff9c>{amount} HP</color> <color=#ebcaa2>и</color> <color=#80c9ff>SP</color><color=#ebcaa2>.</color>"
    },
    {
      "id": "RecoverHpMpDifferentAmount",
      "content": "<color=#ebcaa2>{targets} {conditions}восстанавливает</color> <color=#00ff9c>{amount} HP</color> <color=#ebcaa2>и</color> <color=#80c9ff>{amount} SP</color><color=#ebcaa2>.</color>"
    },
    {
      "id": "LoseHpMpSameAmount",
      "content": "<color=#ebcaa2>{targets} {conditions}теряет</color> <color=#e30000>{amount} HP</color> <color=#ebcaa2>и</color> <color=#fe4b48>SP</color><color=#ebcaa2>!</color>"
    },
    {
      "id": "LoseHpMpDifferentAmount",
      "content": "<color=#ebcaa2>{targets} {conditions}теряет</color> <color=#e30000>{amount} HP</color> <color=#ebcaa2>и</color> <color=#fe4b48>{amount} SP</color><color=#ebcaa2>!</color>"
    },
    {
      "id": "GetConfirmedEgogift",
      "content": "<color=#ebcaa2>Вы получили {reward}!</color>"
    },
    {
      "id": "GetBuff_OnStageStart",
      "content": "<color=#ebcaa2> {target} {conditional} получает {stack} {buffName} в начале следующего боя.</color>"
    },
    {
      "id": "UnlockHiddenRoute",
      "content": "<color=#ebcaa2>Новый проход добавлен на карту!</color>"
    },
    {
      "id": "ReduceEnemyWave",
      "content": "<color=#ebcaa2>В следующей битве будет на {waveNum} волны меньше.</color>"
    },
    {
      "id": "DestroyEgogift",
      "content": "<color=#ebcaa2>{reward}</color> <color=#e30000>израсходован!</color>"
    },
    {
      "id": "Choice_90103301",
      "content": "<color=#f8c200>Скорость +1</color><color=#ebcaa2>в следующей битве.</color>"
    },
    {
      "id": "Choice_901001",
      "content": "<color=#ebcaa2>В начале битвы,</color> союзники без <color=#a0392b>греха Гнева</color> <color=#ebcaa2>получают</color> <color=#e30000>5 Изжоги.</color>"
    },
    {
      "id": "Choice_901007",
      "content": "<color=#ebcaa2>В начале хода,</color> </color=#ebcaa2>восстанавливает</color> <color=#00ff9c>10 HP</color> и <color=#80c9ff>10 SP.</color>"
    },
    {
      "id": "Choice_901009",
      "content": "<color=#e30000>Финальная сила навыка -1</color> <color=#ebcaa2>в начале битвы.</color>"
    },
    {
      "id": "Choice_901010",
      "content": "<color=#ebcaa2>В начале следующей битвы,</color> <color=#ebcaa2>союзники без</color> <color=#bb521f>греха Похоти</color> <color=#ebcaa2>оглушаются.</color> "
    },
    {
      "id": "Choice_901019",
      "content": "<color=#ebcaa2>В начале битвы</color> <color=#e30000>Скорость -2</color><color=#ebcaa2>.</color>"
    },
    {
      "id": "Choice_90103402",
      "content": "<color=#ebcaa2>В начале этой битвы</color> <color=#f8c200>Скорость +2</color><color=#ebcaa2>.</color>"
    },
    {
      "id": "Choice_1030301",
      "content": "<color=#ebcaa2>В начале следующей битвы, все союзники</color> <color=#ebcaa2>получают</color> <color=#f8c200>3 Повышения силы атаки</color><color=#ebcaa2>.</color>"
    },
    {
      "id": "Choice_1030501",
      "content": "<color=#ff0000>На вас напали!</color>\n<color=#ebcaa2>Все противники</color> <color=#ebcaa2>получают</color> <color=#e30000>5 Понижения силы атаки</color><color=#ebcaa2>!</color>"
    },
    {
      "id": "Choice_1031001",
      "content": "<color=#ebcaa2>Выбранный Балбес</color> <color=#ebcaa2>получает</color> <color=#e30000>3 Понижения урона</color> <color=#ebcaa2>на следующие 2 битвы.</color>"
    },
    {
      "id": "Choice_90100201",
      "content": "<color=#ebcaa2>Балбес, проваливший проверку, теряет</color> <color=#e30000>25 HP</color> <color=#ebcaa2>и</color> <color=#fe4b48>15 SP</color><color=#ebcaa2>!</color>"
    },
    {
      "id": "Choice_90100502",
      "content": "<color=#ebcaa2>Балбес, проваливший проверку, теряет</color> <color=#e30000>15 HP</color> <color=#ebcaa2>и</color> <color=#fe4b48>12 SP</color><color=#ebcaa2>!</color>"
    },
    {
      "id": "Choice_90101001",
      "content": "<color=#ebcaa2>Айдишки без</color> <color=#bb521f>греха Похоти</color> <color=#ebcaa2>теряют</color> <color=#fe4b48>10 SP</color><color=#ebcaa2>!</color>"
    },
    {
      "id": "Choice_90101101",
      "content": "<color=#ebcaa2>Балбес, проваливший проверку, теряет</color> <color=#fe4b48>15 SP</color><color=#ebcaa2>!</color>"
    },
    {
      "id": "Choice_90101701",
      "content": "<color=#ebcaa2>Балбес, прошедший проверку, теряет</color> <color=#fe4b48>10 SP</color><color=#ebcaa2>!</color>"
    },
    {
      "id": "Choice_90101702",
      "content": "<color=#ebcaa2>Балбес, проваливший проверку, теряет</color> <color=#fe4b48>25 SP</color><color=#ebcaa2>!</color>"
    },
    {
      "id": "Choice_90101801",
      "content": "<color=#ebcaa2>Балбес, проваливший проверку, теряет</color> <color=#fe4b48>12 SP</color><color=#ebcaa2>!</color>"
    },
    {
      "id": "Choice_90101901",
      "content": "<color=#ebcaa2>Балбес, проваливший проверку, теряет</color> <color=#fe4b48>10 SP</color><color=#ebcaa2>!</color>"
    },
    {
      "id": "Choice_90102001",
      "content": "<color=#ebcaa2>Айдишки без</color> <color=#61822b>греха Чревоугодия</color> <color=#ebcaa2>теряют</color> <color=#fe4b48>5 HP</color><color=#ebcaa2>!</color>"
    },
    {
      "id": "Choice_90102002",
      "content": "<color=#ebcaa2>Айдишки без</color> <color=#61822b>греха Чревоугодия</color> <color=#ebcaa2>теряют</color> <color=#fe4b48>10 HP</color><color=#ebcaa2>!</color>"
    },
    {
      "id": "Choice_90102201",
      "content": "<color=#ebcaa2>Айдишки без</color> <color=#306471>греха Уныния</color> <color=#ebcaa2>теряют</color> <color=#fe4b48>13 HP</color><color=#ebcaa2>!</color>"
    },
    {
      "id": "Choice_90103302",
      "content": "<color=#ebcaa2>Айдишки без</color> <color=#7d4e94>греха Зависти</color> <color=#fe4b48>теряют</color> <color=#e30000>15 HP</color> <color=#ebcaa2>и</color> <color=#fe4b48>15 SP</color><color=#ebcaa2>!</color>"
    },
    {
      "id": "Choice_90100101",
      "content": "<color=#ebcaa2>Айдишки без</color> <color=#a0392b>греха Гнева</color> <color=#ebcaa2>теряют</color> <color=#fe4b48>16 HP</color><color=#ebcaa2>!</color>"
    },
    {
      "id": "Choice_901004",
      "content": "<color=#ebcaa2>Айдишки с</color> <color=#a0392b>грехом Гнева</color> <color=#ebcaa2>восстанавливают</color> <color=#fe4b48>15 HP</color><color=#ebcaa2>.</color>"
    },
    {
      "id": "Choice_90100701",
      "content": "<color=#ebcaa2>Айдишки с</color> <color=#bb521f>грехом Похоти</color> </color=#ebcaa2>восстанавливают</color> <color=#80c9ff>SP</color><color=#ebcaa2>.</color>"
    },
    {
      "id": "Choice_901008",
      "content": "<color=#ebcaa2>Айдишки с</color> <color=#bb521f>грехом Похоти</color> <color=#ebcaa2>восстанавливают</color> <color=#fe4b48>10 HP</color><color=#ebcaa2>.</color>"
    },
    {
      "id": "Choice_90100901",
      "content": "<color=#ebcaa2>Айдишки без</color> <color=#bb521f>греха Похоти</color> <color=#ebcaa2>теряют</color> <color=#fe4b48>20 SP</color><color=#ebcaa2>!</color>"
    },
    {
      "id": "Choice_901014",
      "content": "<color=#ebcaa2>Айдишки без</color> <color=#e48801>греха Лености</color> <color=#ebcaa2>теряют</color> <color=#fe4b48>20 HP</color><color=#ebcaa2>!</color>"
    },
    {
      "id": "Choice_90101401",
      "content": "<color=#ebcaa2>Айдишки без</color> <color=#e48801>греха Лености</color> <color=#ebcaa2>теряют</color> <color=#fe4b48>15 HP</color><color=#ebcaa2>!</color>"
    },
    {
      "id": "Choice_90101601",
      "content": "<color=#ebcaa2>Айдишки с</color> <color=#61822b>грехом Чревоугодия</color> </color=#ebcaa2>восстанавливают</color> <color=#80c9ff>SP</color><color=#ebcaa2>.</color>"
    },
    {
      "id": "Choice_901018",
      "content": "<color=#ebcaa2>Случайная Айдишка без</color> <color=#a0392b>греха Гнева</color> <color=#ebcaa2>теряет</color> <color=#fe4b48>10 HP</color><color=#ebcaa2>!</color>"
    },
    {
      "id": "Choice_901021",
      "content": "<color=#ebcaa2>Айдишки без</color> <color=#306471>греха Уныния</color> <color=#ebcaa2>теряют</color> <color=#fe4b48>10 HP</color><color=#ebcaa2>!</color>"
    },
    {
      "id": "Choice_901023",
      "content": "<color=#ebcaa2>Айдишки без</color> <color=#306471>греха Уныния</color> <color=#ebcaa2>теряют</color> <color=#fe4b48>9 SP</color><color=#ebcaa2>!</color>"
    },
    {
      "id": "Choice_90102301",
      "content": "<color=#ebcaa2>Случайная Айдишка с</color> <color=#306471>грехом Уныния</color> <color=#ebcaa2>теряет</color> <color=#fe4b48>10 SP</color><color=#ebcaa2>!</color>"
    },
    {
      "id": "Choice_901024",
      "content": "<color=#ebcaa2>Айдишка с самой низкой SP, имеющая</color> <color=#306471>грех Уныния</color> </color=#ebcaa2>полностью восстанавливает</color> <color=#fe4b48>очки Здоровья</color><color=#ebcaa2>.</color>"
    },
    {
      "id": "Choice_901025",
      "content": "<color=#ebcaa2>Айдишки без</color> <color=#306471>греха Уныния</color> <color=#ebcaa2>теряют</color> <color=#fe4b48>20 HP</color><color=#ebcaa2>!</color>"
    },
    {
      "id": "Choice_90102501",
      "content": "<color=#ebcaa2>Айдишки с</color> <color=#306471>грехом Уныния</color> <color=#ebcaa2>восстанавливают</color> <color=#fe4b48>20 HP</color><color=#ebcaa2>.</color>"
    },
    {
      "id": "Choice_901026",
      "content": "<color=#ebcaa2>Айдишки без</color> <color=#185188>греха Гордыни</color> <color=#ebcaa2>теряют</color> <color=#fe4b48>10 HP</color><color=#ebcaa2>!</color>"
    },
    {
      "id": "Choice_90102601",
      "content": "<color=#ebcaa2>Айдишки с</color> <color=#185188>грехом Гордыни</color> <color=#ebcaa2>восстанавливают</color> <color=#fe4b48>10 HP</color><color=#ebcaa2>.</color>"
    },
    {
      "id": "Choice_901027",
      "content": "<color=#ebcaa2>Айдишки без</color> <color=#185188>греха Гордыни</color> <color=#ebcaa2>теряют</color> <color=#fe4b48>25 HP</color><color=#ebcaa2>!</color>"
    },
    {
      "id": "Choice_90102701",
      "content": "<color=#ebcaa2>Айдишки без</color> <color=#185188>греха Гордыни</color> <color=#ebcaa2>теряют</color> <color=#fe4b48>25 HP</color><color=#ebcaa2>!</color>"
    },
    {
      "id": "Choice_901028",
      "content": "<color=#ebcaa2>Айдишки без</color> <color=#185188>греха Гордыни</color> <color=#ebcaa2>теряют</color> <color=#fe4b48>5 HP</color><color=#ebcaa2>!</color>"
    },
    {
      "id": "Choice_90102801",
      "content": "<color=#ebcaa2>Айдишки с</color> <color=#185188>грехом Гордыни</color> <color=#ebcaa2>восстанавливают</color> <color=#fe4b48>15 HP</color><color=#ebcaa2>.</color>"
    },
    {
      "id": "Choice_901032",
      "content": "<color=#ebcaa2>Айдишки без</color> <color=#7d4e94>греха Зависти</color> <color=#ebcaa2>теряют</color> <color=#fe4b48>20 SP</color><color=#ebcaa2>!</color>"
    },
    {
      "id": "Choice_901034",
      "content": "<color=#ebcaa2>Айдишки без</color> <color=#7d4e94>греха Зависти</color> <color=#fe4b48>теряют</color> <color=#e30000>15 HP</color> <color=#ebcaa2>и</color> <color=#fe4b48>15 SP</color><color=#ebcaa2>!</color>"
    },
    {
      "id": "Choice_901035",
      "content": "<color=#ebcaa2>Айдишки без</color> <color=#7d4e94>греха Зависти</color> <color=#ebcaa2>теряют</color> <color=#fe4b48>12 HP</color><color=#ebcaa2>!</color>"
    },
    {
      "id": "Choice_90103501",
      "content": "<color=#ebcaa2>Айдишки с</color> <color=#7d4e94>грехом Зависти</color> <color=#ebcaa2>восстанавливают</color> <color=#fe4b48>15 HP</color><color=#ebcaa2>.</color>"
    },
    {
      "id": "Choice_1040301",
      "content": "<color=#ebcaa2>Выбранный Балбес</color> <color=#ebcaa2>получает</color> <color=#e30000>10 Зеленок</color> <color=#ebcaa2>в течение 1 хода во время следующей битвы.</color>"
    },
    {
      "id": "MirrorDungeonAcquireCost",
      "content": "<color=#ebcaa2>Получено {amount} Стоимости.</color>"
    },
    {
      "id": "MirrorDungeonLossCost",
      "content": "<color=#ebcaa2>Потеряно {amount} Стоимости.</color>"
    },
    {
      "id": "Choice_90104001",
      "content": "<color=#ebcaa2>Начните следующую битву с</color> <color=#f8c200>+2</color> <color=#ebcaa2>ко всем эго ресурсам.</color>"
    },
    {
      "id": "Choice_9010400101",
      "content": "<color=#ebcaa2>Все союзники получают</color> <color=#f8c200>+2 к итоговой силе навыка</color> <color=#ebcaa2>на время следующей битвы.</color>"
    },
    {
      "id": "Choice_90104002",
      "content": "<color=#ebcaa2>Все союзники получают</color> <color=#f8c200>+1 к силе навыка</color> <color=#ebcaa2>на время следующей битвы.</color>"
    },
    {
      "id": "ChangeEventIllust",
      "content": ""
    },
    {
      "id": "Choice_90105801",
      "content": "Все Айдишки в команде повышают свой уровень на 2"
    },
    {
      "id": "Choice_90106802",
      "content": "Все Айдишки в команде повышают свой уровень на 3"
    },
    {
      "id": "Choice_90107402",
      "content": "Все Айдишки в команде повышают свой уровень на 2"
    },
    {
      "id": "Choice_90109101",
      "content": "Все Айдишки в команде повышают свой уровень на 2"
    },
    {
      "id": "Choice_90200502",
      "content": "<color=#ebcaa2>Проваливший проверку Балбес теряет</color> <color=#e30000>15 HP</color> <color=#ebcaa2>и</color> <color=#fe4b48>12 SP</color><color=#ebcaa2>!</color>"
    },
    {
      "id": "Choice_LoseBattle",
      "content": "<color=#ff0000>Вы не получите награду при поражении.</color>"
    },
    {
      "id": "Choice_EGO901001",
      "content": "Win the battle to gain E.G.O Gifts \"Hellterfly's Dream\" & \"Ardent Flower\""
    },
    {
      "id": "Choice_EGO901002",
      "content": "Win the battle to gain E.G.O Gifts \"Perversion\" & \"Awe\""
    },
    {
      "id": "Choice_EGO901009",
      "content": "Win the battle to gain E.G.O Gifts \"Fiery Dawn\" & \"Melted Paraffin\""
    },
    {
      "id": "Choice_EGO901010",
      "content": "Win the battle to gain E.G.O Gifts \"Bloody Gadget\" & \"Grandeur\""
    },
    {
      "id": "Choice_EGO901011",
      "content": "Win the battle to gain E.G.O Gifts \"Sunshower\" & \"Ragged Umbrella\""
    },
    {
      "id": "Choice_EGO901013",
      "content": "Win the battle to gain E.G.O Gifts \"Talisman Bundle\" & \"Old Wooden Doll\""
    },
    {
      "id": "Choice_EGO901014",
      "content": "Win the battle to gain E.G.O Gifts \"Rusty Commemorative Coin\" & \"Pain of Stifled Rage\""
    },
    {
      "id": "Choice_EGO901016",
      "content": "Win the battle to gain E.G.O Gifts \"Green Spirit\" & \"Sour Liquor Aroma\""
    },
    {
      "id": "Choice_EGO901018",
      "content": "Win the battle to gain E.G.O Gifts \"Crown of Roses\" & \"Respite\""
    },
    {
      "id": "Choice_EGO901019",
      "content": "Win the battle to gain E.G.O Gifts \"Sticky Muck\" & \"Bio-venom Vial\""
    },
    {
      "id": "Choice_EGO901020",
      "content": "Win the battle to gain E.G.O Gifts \"White Gossypium\" & \"Tangled Bundle\""
    },
    {
      "id": "Choice_EGO901021",
      "content": "Win the battle to gain E.G.O Gifts \"Blue Zippo Lighter\" & \"Patrolling Flashlight\""
    },
    {
      "id": "Choice_EGO901024",
      "content": "Win the battle to gain E.G.O Gifts \"Melted Eyeball\" & \"Venomous Skin\""
    },
    {
      "id": "Choice_EGO901031",
      "content": "Win the battle to gain E.G.O Gifts \"Nixie Divergence\" & \"Clockwork Spring\""
    },
    {
      "id": "Choice_EGO901033",
      "content": "Win the battle to gain E.G.O Gifts \"Standard-duty Battery\" & \"Uncapped Defibrilator\""
    },
    {
      "id": "Choice_EGO901034",
      "content": "Win the battle to gain E.G.O Gifts \"Pinpoint Logic Circuit\" & \"UPS System\""
    },
    {
      "id": "Choice_EGO901056",
      "content": "Win the battle to gain E.G.O Gifts \"Four-leaf Clover\" & \"Emerald Elytra\""
    },
    {
      "id": "Choice_EGO901059",
      "content": "Win the battle to gain E.G.O Gifts \"Midwinter Nightmare\" & \"Eldtree Snare\""
    },
    {
      "id": "Choice_EGO901073",
      "content": "Win the battle to gain E.G.O Gifts \"Endorphin Kit\" & \"Fluorescent Lamp\""
    },
    {
      "id": "Choice_EGO971029",
      "content": "Win the battle to gain E.G.O Gifts \"E-Type Dimensional Dagger\" & \"Portable Barrier Battery\""
    },
    {
      "id": "GetImmediateConfirmedEgogifts",
      "content": "<color=#ebcaa2>{reward} obtained!</color>"
    },
    {
      "id": "Choice_EGO901101",
      "content": "Win the battle to gain E.G.O Gifts \"Miniature Telepole\""
    },
    {
      "id": "Choice_EGO901104",
      "content": "Win the battle to earn the E.G.O Gift \"Ruptured Blood Sac\""
    },
    {
      "id": "Choice_EGO971054",
      "content": "Win the battle to gain E.G.O Gift \"Swishing Fuel Tank\""
    },
    {
      "id": "Choice_EGO901104",
      "content": "Win the battle to earn the E.G.O Gift \"Ruptured Blood Sac\""
    },
    {
      "id": "Choice_EGO971054",
      "content": "Win the battle to gain E.G.O Gift \"Swishing Fuel Tank\""
    },
    {
      "id": "LoseMpOnlyUntilMin",
      "content": "<color=#ebcaa2>Reduce</color> <color=#fe4b48>SP to minimum value for</color> <color=#ebcaa2>{conditions}{targets}</color>"
    },
    {
      "id": "GetConfirmedStackableEgogift",
      "content": "<color=#ebcaa2>E.G.O Gift {stack} {reward} obtained!</color>"
    },
    {
      "id": "LoseConfirmedStackableEgogift",
      "content": "<color=#ebcaa2>E.G.O Gift {stack} {reward} lost!</color>"
    }
  ]
}