﻿{
  "dataList": [
    {
      "id": 10401,
      "stageList": [
        {
          "id": 10401,
          "title": "Расцветающая Лига Девяти Литераторов",
          "desc": "Мы вошли в пространство рассыпающихся желтых лепестков, где резонирует Золотая Ветвь. Это было единственное место, где И Сан мог дышать, как он выразился. Грешникам поручено играть свои роли по сценарию, который им дан, основываясь на месте, в котором они находятся. Затем нас встречает Донбек из прошлого, сопровождаемый потрясающим фейерверком."
        },
        {
          "id": 10402,
          "title": "Расцветающая Лига Девяти Литераторов",
          "desc": "Мы вошли в пространство рассыпающихся желтых лепестков, где резонирует Золотая Ветвь. Это было единственное место, где И Сан мог дышать, как он выразился. Грешникам поручено играть свои роли по сценарию, который им дан, основываясь на месте, в котором они находятся. Затем нас встречает Донбек из прошлого, сопровождаемый потрясающим фейерверком."
        },
        {
          "id": 10403,
          "title": "Расцветающая Лига Девяти Литераторов",
          "desc": "Мы вошли в пространство рассыпающихся желтых лепестков, где резонирует Золотая Ветвь. Это было единственное место, где И Сан мог дышать, как он выразился. Грешникам поручено играть свои роли по сценарию, который им дан, основываясь на месте, в котором они находятся. Затем нас встречает Донбек из прошлого, сопровождаемый потрясающим фейерверком."
        },
        {
          "id": 10404,
          "title": "Расцветающая Лига Девяти Литераторов",
          "desc": "Мы вошли в пространство рассыпающихся желтых лепестков, где резонирует Золотая Ветвь. Это было единственное место, где И Сан мог дышать, как он выразился. Грешникам поручено играть свои роли по сценарию, который им дан, основываясь на месте, в котором они находятся. Затем нас встречает Донбек из прошлого, сопровождаемый потрясающим фейерверком."
        },
        {
          "id": 10405,
          "title": "Расцветающая Лига Девяти Литераторов",
          "desc": "Мы вошли в пространство рассыпающихся желтых лепестков, где резонирует Золотая Ветвь. Это было единственное место, где И Сан мог дышать, как он выразился. Грешникам поручено играть свои роли по сценарию, который им дан, основываясь на месте, в котором они находятся. Затем нас встречает Донбек из прошлого, сопровождаемый потрясающим фейерверком."
        },
        {
          "id": 10406,
          "title": "Расцветающая Лига Девяти Литераторов",
          "desc": "Мы вошли в пространство рассыпающихся желтых лепестков, где резонирует Золотая Ветвь. Это было единственное место, где И Сан мог дышать, как он выразился. Грешникам поручено играть свои роли по сценарию, который им дан, основываясь на месте, в котором они находятся. Затем нас встречает Донбек из прошлого, сопровождаемый потрясающим фейерверком."
        },
        {
          "id": 10407,
          "title": "Расцветающая Лига Девяти Литераторов",
          "desc": "Мы вошли в пространство рассыпающихся желтых лепестков, где резонирует Золотая Ветвь. Это было единственное место, где И Сан мог дышать, как он выразился. Грешникам поручено играть свои роли по сценарию, который им дан, основываясь на месте, в котором они находятся. Затем нас встречает Донбек из прошлого, сопровождаемый потрясающим фейерверком."
        },
        {
          "id": 10408,
          "title": "Расцветающая Лига Девяти Литераторов",
          "desc": "Грешники изо всех сил стараются играть свои роли, какими бы неловкими они ни были. Посещаемая видами цветов и чириканьем птиц, Лига Девяти была наполнена радостью и теплом, даже если она стала бесцветной."
        },
        {
          "id": 10409,
          "title": "Расцветающая Лига Девяти Литераторов",
          "desc": "Грешники изо всех сил стараются играть свои роли, какими бы неловкими они ни были. Посещаемая видами цветов и чириканьем птиц, Лига Девяти была наполнена радостью и теплом, даже если она стала бесцветной."
        },
        {
          "id": 10410,
          "title": "Расцветающая Лига Девяти Литераторов",
          "desc": "Грешники изо всех сил стараются играть свои роли, какими бы неловкими они ни были. Посещаемая видами цветов и чириканьем птиц, Лига Девяти была наполнена радостью и теплом, даже если она стала бесцветной."
        },
        {
          "id": 10411,
          "title": "Расцветающая Лига Девяти Литераторов",
          "desc": "Ён-джи продемонстрировал своим товарищам стеклянное окно, свое новое изобретение. Некоторые были удивлены, в то время как другие выразили беспокойство. Тени перемен медленно начинали падать на Лигу."
        },
        {
          "id": 10412,
          "title": "Расцветающая Лига Девяти Литераторов",
          "desc": "Ён-джи продемонстрировал своим товарищам стеклянное окно, свое новое изобретение. Некоторые были удивлены, в то время как другие выразили беспокойство. Тени перемен медленно начинали падать на Лигу."
        },
        {
          "id": 10413,
          "title": "Расцветающая Лига Девяти Литераторов",
          "desc": "Во время своего пребывания в Лиге И Сан изобрел свою реконструкцию стеклянного окна Ён-джи. В этом изобретении он встречает своего левшу."
        },
        {
          "id": 10414,
          "title": "Расцветающая Лига Девяти Литераторов",
          "desc": "Во время своего пребывания в Лиге И Сан изобрел свою реконструкцию стеклянного окна Ён-джи. В этом изобретении он встречает своего левшу."
        },
        {
          "id": 10415,
          "title": "Расцветающая Лига Девяти Литераторов",
          "desc": "На этот раз мы видим историю, которая происходит где-то далеко. В тихом уголке Окраин истории неизвестного мальчика разворачиваются, как звезды, освещающие ночное небо."
        },
        {
          "id": 10416,
          "title": "Расцветающая Лига Девяти Литераторов",
          "desc": "На этот раз мы видим историю, которая происходит где-то далеко. В тихом уголке Окраин истории неизвестного мальчика разворачиваются, как звезды, освещающие ночное небо."
        },
        {
          "id": 10417,
          "title": "Расцветающая Лига Девяти Литераторов",
          "desc": "Место снова меняется, и Грешники смотрят на улицы района Корпорации Т. Люди, лишенные цвета, сгибаются на дорогах."
        },
        {
          "id": 10418,
          "title": "Расцветающая Лига Девяти Литераторов",
          "desc": "Место снова меняется, и Грешники смотрят на улицы района Корпорации Т. Люди, лишенные цвета, сгибаются на дорогах."
        },
        {
          "id": 10419,
          "title": "Расцветающая Лига Девяти Литераторов",
          "desc": "Место снова меняется, и Грешники смотрят на улицы района Корпорации Т. Люди, лишенные цвета, сгибаются на дорогах."
        },
        {
          "id": 10421,
          "title": "Шумная Лига Девяти Литераторов",
          "desc": "Цветы опадают по мере того, как проходит время, и Лига Девяти становится шумной. В то время никто не знал, был ли это просто шум или шаг к изменениям."
        },
        {
          "id": 10422,
          "title": "Шумная Лига Девяти Литераторов",
          "desc": "Цветы опадают по мере того, как проходит время, и Лига Девяти становится шумной. В то время никто не знал, был ли это просто шум или шаг к изменениям."
        },
        {
          "id": 10423,
          "title": "Шумная Лига Девяти Литераторов",
          "desc": "По мере того, как технологии начинают оцениваться по их стоимости, среди Лиги слышны крошечные трещины."
        },
        {
          "id": 10424,
          "title": "Шумная Лига Девяти Литераторов",
          "desc": "По мере того, как технологии начинают оцениваться по их стоимости, среди Лиги слышны крошечные трещины."
        },
        {
          "id": 10425,
          "title": "Шумная Лига Девяти Литераторов",
          "desc": "Как было бы хорошо, если бы все истории рассказывали счастливые сказки."
        },
        {
          "id": 10426,
          "title": "Шумная Лига Девяти Литераторов",
          "desc": "Как было бы хорошо, если бы все истории рассказывали счастливые сказки."
        },
        {
          "id": 10427,
          "title": "Шумная Лига Девяти Литераторов",
          "desc": "Как было бы хорошо, если бы все истории рассказывали счастливые сказки."
        },
        {
          "id": 10428,
          "title": "Шумная Лига Девяти Литераторов",
          "desc": "Как было бы хорошо, если бы все истории рассказывали счастливые сказки."
        },
        {
          "id": 10429,
          "title": "Шумная Лига Девяти Литераторов",
          "desc": "В центре офиса Лиги помещен странный предмет. Вспоминая об изначальной цели группы, мысли членов начинают сталкиваться."
        },
        {
          "id": 10430,
          "title": "Шумная Лига Девяти Литераторов",
          "desc": "Незнакомые звуки заполняют Лигу. Девятка перестала быть девяткой, и то, что не считалось преступлением, превращается в обвинения."
        },
        {
          "id": 10431,
          "title": "Увядающая Лига Девяти Литераторов",
          "desc": "Незнакомые звуки заполняют Лигу. Девятка перестала быть девяткой, и то, что не считалось преступлением, превращается в обвинения."
        },
        {
          "id": 10432,
          "title": "Увядающая Лига Девяти Литераторов",
          "desc": "Незнакомые звуки заполняют Лигу. Девятка перестала быть девяткой, и то, что не считалось преступлением, превращается в обвинения."
        },
        {
          "id": 10433,
          "title": "Увядающая Лига Девяти Литераторов",
          "desc": "Незнакомые звуки заполняют Лигу. Девятка перестала быть девяткой, и то, что не считалось преступлением, превращается в обвинения."
        },
        {
          "id": 10434,
          "title": "Увядающая Лига Девяти Литераторов",
          "desc": "В то время как члены не уверены в том, что они хотели защитить, Лига видит неожиданного посетителя."
        },
        {
          "id": 10435,
          "title": "Увядающая Лига Девяти Литераторов",
          "desc": "В то время как члены не уверены в том, что они хотели защитить, Лига видит неожиданного посетителя."
        },
        {
          "id": 10436,
          "title": "Увядающая Лига Девяти Литераторов",
          "desc": "Лига Девяти Литераторов была поглощена бесцветным огнем. В момент разрушения И Сан решил остановиться; другими словами, он выбрал безразличие."
        },
        {
          "id": 10437,
          "title": "Увядающая Лига Девяти Литераторов",
          "desc": "Лига Девяти Литераторов была поглощена бесцветным огнем. В момент разрушения И Сан решил остановиться; другими словами, он выбрал безразличие."
        },
        {
          "id": 10438,
          "title": "Увядающая Лига Девяти Литераторов",
          "desc": "Со временем Стефанетта состарилась, и Корпорация К. сталкивается с новыми изменениями."
        },
        {
          "id": 10440,
          "title": "Кубическая комната Корпорации N.",
          "desc": "Взятый Губо, И Сан был доставлен в комнату, полностью окрашенную в белый цвет. Он заполнил время долгим молчанием в компании зеркала."
        },
        {
          "id": 10441,
          "title": "Кубическая комната Корпорации N.",
          "desc": "Взятый Губо, И Сан был доставлен в комнату, полностью окрашенную в белый цвет. Он заполнил время долгим молчанием в компании зеркала."
        },
        {
          "id": 10442,
          "title": "Кубическая комната Корпорации N.",
          "desc": "Взятый Губо, И Сан был доставлен в комнату, полностью окрашенную в белый цвет. Он заполнил время долгим молчанием в компании зеркала."
        },
        {
          "id": 10443,
          "title": "Кубическая комната Корпорации N.",
          "desc": "Единственными посетителями комнаты были Герман и Губо. Губо продолжает рекомендовать ему присоединиться к новой Лиге Девяти."
        },
        {
          "id": 10444,
          "title": "Кубическая комната Корпорации N.",
          "desc": "Единственными посетителями комнаты были Герман и Губо. Губо продолжает рекомендовать ему присоединиться к новой Лиге Девяти."
        },
        {
          "id": 10445,
          "title": "Кубическая комната Корпорации N.",
          "desc": "Единственными посетителями комнаты были Герман и Губо. Губо продолжает рекомендовать ему присоединиться к новой Лиге Девяти."
        },
        {
          "id": 10446,
          "title": "Кубическая комната Корпорации N.",
          "desc": "В какой-то момент Сан И начал говорить странные вещи и рассказывает И Сану о двух вариантах."
        },
        {
          "id": 10447,
          "title": "Кубическая комната Корпорации N.",
          "desc": "В какой-то момент Сан И начал говорить странные вещи и рассказывает И Сану о двух вариантах."
        },
        {
          "id": 10448,
          "title": "Кубическая комната Корпорации N.",
          "desc": "В какой-то момент Сан И начал говорить странные вещи и рассказывает И Сану о двух вариантах."
        },
        {
          "id": 10449,
          "title": "Кубическая комната Корпорации N.",
          "desc": "В какой-то момент Сан И начал говорить странные вещи и рассказывает И Сану о двух вариантах."
        },
        {
          "id": 10450,
          "title": "Кубическая комната Корпорации N.",
          "desc": "В какой-то момент Сан И начал говорить странные вещи и рассказывает И Сану о двух вариантах."
        },
        {
          "id": 10451,
          "title": "Кубическая комната Корпорации N.",
          "desc": "Покидая комнату квадратов, И Сан делает шаткие шаги куда-то. И теперь настала очередь Донрана. В этот момент в прошлом он отправился бы в Корпорацию К. и передал бы Крылу свою технологию."
        },
        {
          "id": 10452,
          "title": "Лаборатория Корпорации К.",
          "desc": "Покидая комнату квадратов, И Сан делает шаткие шаги куда-то. И теперь настала очередь Донрана. В этот момент в прошлом он отправился бы в Корпорацию К. и передал бы Крылу свою технологию."
        },
        {
          "id": 10453,
          "title": "Лаборатория Корпорации К.",
          "desc": "Смертельно раненый, Донран приближается к смерти в этой искаженной форме. Может быть, это конец? Его глаза становятся спокойными, словно он смотрит на когда-то мирное поле в своих воспоминаниях."
        },
        {
          "id": 10420,
          "title": "Шумная Лига Девяти Литераторов"
        },
        {
          "id": 10439,
          "title": "Увядающая Лига Девяти Литераторов"
        }
      ]
    }
  ]
}