﻿{
  "dataList": [
    {
      "id": 10801,
      "stageList": [
        {
          "id": 10802,
          "debugNodeId ": "DN-10802",
          "title": "Три монеты"
        },
        {
          "id": 10803,
          "debugNodeId ": "DN-10803",
          "title": "Временный союз"
        },
        {
          "id": 10804,
          "debugNodeId ": "DN-10804",
          "title": "Комната подготовки"
        },
        {
          "id": 10805,
          "debugNodeId ": "DN-10805",
          "title": "Комната подготовки"
        },
        {
          "id": 10806,
          "debugNodeId ": "DN-10806",
          "title": "Комната подготовки"
        },
        {
          "id": 10807,
          "debugNodeId ": "DN-10807",
          "title": "Комната подготовки"
        },
        {
          "id": 10808,
          "debugNodeId ": "DN-10808",
          "title": "Определённый слух"
        },
        {
          "id": 10809,
          "debugNodeId ": "DN-10809",
          "title": "Стены, сближаются"
        },
        {
          "id": 10810,
          "debugNodeId ": "DN-10810",
          "title": "Второй временный союз"
        },
        {
          "id": 10811,
          "debugNodeId ": "DN-10811",
          "title": "Камера казней"
        },
        {
          "id": 10812,
          "debugNodeId ": "DN-10812",
          "title": "Камера осуждённых"
        },
        {
          "id": 10813,
          "debugNodeId ": "DN-10813",
          "title": "Камера осуждённых"
        },
        {
          "id": 10814,
          "debugNodeId ": "DN-10814",
          "title": "Разрушенная лаборатория"
        },
        {
          "id": 10815,
          "debugNodeId ": "DN-10815",
          "title": "Разрушенная лаборатория"
        },
        {
          "id": 10816,
          "debugNodeId ": "DN-10816",
          "title": "Разрушенная лаборатория"
        },
        {
          "id": 10817,
          "debugNodeId ": "DN-10817",
          "title": "Разрушенная лаборатория"
        },
        {
          "id": 10818,
          "debugNodeId ": "DN-10818",
          "title": "Разрушенная лаборатория"
        },
        {
          "id": 10819,
          "debugNodeId ": "DN-10819",
          "title": "Разрушенная лаборатория"
        },
        {
          "id": 10820,
          "debugNodeId ": "DN-10820",
          "title": "Камера осуждённых"
        },
        {
          "id": 10821,
          "debugNodeId ": "DN-10821",
          "title": "Камера осуждённых"
        },
        {
          "id": 10822,
          "debugNodeId ": "DN-10822",
          "title": "Комната отдыха"
        },
        {
          "id": 10823,
          "debugNodeId ": "DN-10823",
          "title": "Ничего не осталось"
        },
        {
          "id": 10824,
          "debugNodeId ": "DN-10824",
          "title": "Ничего не осталось"
        },
        {
          "id": 10825,
          "debugNodeId ": "DN-10825",
          "title": "Ничего не осталось"
        },
        {
          "id": 10826,
          "debugNodeId ": "DN-10826",
          "title": "В землю греха"
        },
        {
          "id": 10827,
          "debugNodeId ": "DN-10827",
          "title": "В землю греха"
        },
        {
          "id": 10828,
          "debugNodeId ": "DN-10828",
          "title": "В землю греха"
        },
        {
          "id": 10829,
          "debugNodeId ": "DN-10829",
          "title": "В землю греха"
        },
        {
          "id": 10830,
          "debugNodeId ": "DN-10830",
          "title": "В землю греха"
        },
        {
          "id": 10831,
          "debugNodeId ": "DN-10831",
          "title": "В землю греха"
        },
        {
          "id": 10832,
          "debugNodeId ": "DN-10832",
          "title": "Разъеденная гора сердца"
        },
        {
          "id": 10833,
          "debugNodeId ": "DN-10833",
          "title": "Разъеденная гора сердца"
        },
        {
          "id": 10834,
          "debugNodeId ": "DN-10834",
          "title": "Разъеденная гора сердца"
        },
        {
          "id": 10835,
          "debugNodeId ": "DN-10835",
          "title": "Разъеденная гора сердца"
        },
        {
          "id": 10836,
          "debugNodeId ": "DN-10836",
          "title": "Разъеденная гора сердца"
        },
        {
          "id": 10837,
          "debugNodeId ": "DN-10837",
          "title": "Из затонувшей надежды"
        },
        {
          "id": 10838,
          "debugNodeId ": "DN-10838",
          "title": "Из затонувшей надежды"
        },
        {
          "id": 10839,
          "debugNodeId ": "DN-10839",
          "title": "Из затонувшей надежды"
        },
        {
          "id": 10840,
          "debugNodeId ": "DN-10840",
          "title": "Из затонувшей надежды"
        },
        {
          "id": 10841,
          "debugNodeId ": "DN-10841",
          "title": "Из затонувшей надежды"
        },
        {
          "id": 10842,
          "debugNodeId ": "DN-10842",
          "title": "Затяжной ветерок на кончиках пальцев"
        },
        {
          "id": 10843,
          "debugNodeId ": "DN-10843",
          "title": "Затяжной ветерок на кончиках пальцев"
        },
        {
          "id": 10844,
          "debugNodeId ": "DN-10844",
          "title": "Затяжной ветерок на кончиках пальцев"
        },
        {
          "id": 10845,
          "debugNodeId ": "DN-10845",
          "title": "Затяжной ветерок на кончиках пальцев"
        },
        {
          "id": 10846,
          "debugNodeId ": "DN-10846",
          "title": "Громовой клич"
        },
        {
          "id": 10847,
          "debugNodeId ": "DN-10847",
          "title": "Громовой клич"
        },
        {
          "id": 10848,
          "debugNodeId ": "DN-10848",
          "title": "Громовой клич"
        },
        {
          "id": 10849,
          "debugNodeId ": "DN-10849",
          "title": "Громовой клич"
        },
        {
          "id": 10850,
          "debugNodeId ": "DN-10850",
          "title": "Громовой клич"
        },
        {
          "id": 10851,
          "debugNodeId ": "DN-10851",
          "title": "Жгучее желание"
        },
        {
          "id": 10852,
          "debugNodeId ": "DN-10852",
          "title": "Жгучее желание"
        },
        {
          "id": 10853,
          "debugNodeId ": "DN-10853",
          "title": "Жгучее желание"
        },
        {
          "id": 10854,
          "debugNodeId ": "DN-10854",
          "title": "Жгучее желание"
        },
        {
          "id": 10855,
          "debugNodeId ": "DN-10855",
          "title": "Застойный и гниющий"
        },
        {
          "id": 10856,
          "debugNodeId ": "DN-10856",
          "title": "Застойный и гниющий"
        },
        {
          "id": 10857,
          "debugNodeId ": "DN-10857",
          "title": "Застойный и гниющий"
        },
        {
          "id": 10858,
          "debugNodeId ": "DN-10858",
          "title": "Застойный и гниющий"
        },
        {
          "id": 10859,
          "debugNodeId ": "DN-10859",
          "title": "Предназначенный для вознесения на небеса"
        },
        {
          "id": 10860,
          "debugNodeId ": "DN-10860",
          "title": "Предназначенный для вознесения на небеса"
        },
        {
          "id": 10861,
          "debugNodeId ": "DN-10861",
          "title": "Предназначенный для вознесения на небеса"
        },
        {
          "id": 10862,
          "debugNodeId ": "DN-10862",
          "title": "Следуй за светом"
        },
        {
          "id": 10863,
          "debugNodeId ": "DN-10863",
          "title": "Передышка в тени"
        },
        {
          "id": 10864,
          "debugNodeId ": "DN-10864",
          "title": "Что нужно Хунъюань"
        }
      ]
    }
  ]
}