﻿{
  "dataList": [
    {
      "id": "dungeon_1_3_0101",
      "content": "Открытые врата"
    },
    {
      "id": "dungeon_1_3_0102",
      "content": "Вход в подвал"
    },
    {
      "id": "dungeon_1_3_0103",
      "content": "Машинный зал"
    },
    {
      "id": "dungeon_1_3_0104",
      "content": "Врата №1"
    },
    {
      "id": "dungeon_1_3_0105",
      "content": "Запечатанная дверь"
    },
    {
      "id": "dungeon_1_3_0106",
      "content": "Забытый проход"
    },
    {
      "id": "dungeon_1_3_0107",
      "content": "Зона изоляции"
    },
    {
      "id": "dungeon_1_3_0108",
      "content": "Блок сущностей в коррозии"
    },
    {
      "id": "dungeon_1_3_0109",
      "content": "Центр подготовки элитных солдат"
    },
    {
      "id": "dungeon_1_3_0110",
      "content": "Тюремная зона"
    },
    {
      "id": "dungeon_1_3_0111",
      "content": "Старый склад"
    },
    {
      "id": "dungeon_1_3_0112",
      "content": "Закрытая зона"
    },
    {
      "id": "dungeon_1_3_0113",
      "content": "Часовня"
    },
    {
      "id": "dungeon_1_3_0114",
      "content": "Зал пыток"
    },
    {
      "id": "dungeon_1_3_0201",
      "content": "Подземные церковные коридоры"
    },
    {
      "id": "dungeon_1_3_0202",
      "content": "Закрытый молитвенный зал"
    },
    {
      "id": "dungeon_1_3_0203",
      "content": "Зал с эхом криков"
    },
    {
      "id": "dungeon_1_3_0204",
      "content": "Врата №2"
    },
    {
      "id": "dungeon_1_3_0205",
      "content": "Мост воспаления"
    },
    {
      "id": "dungeon_1_3_0206",
      "content": "Подземная церковь"
    },
    {
      "id": "dungeon_1_3_0207",
      "content": "Кафедра медитации"
    },
    {
      "id": "dungeon_1_3_0208",
      "content": "Церковные врата"
    },
    {
      "id": "dungeon_1_3_0209",
      "content": "Алтарь слез"
    },
    {
      "id": "dungeon_1_3_0210",
      "content": "Врата алтаря"
    },
    {
      "id": "dungeon_1_3_0211",
      "content": "Ризница"
    },
    {
      "id": "dungeon_1_3_0212",
      "content": "Центральная зона"
    },
    {
      "id": "dungeon_1_3_0213",
      "content": "Алтарь покаяния"
    },
    {
      "id": "dungeon_1_3_0214",
      "content": "Очиститель"
    },
    {
      "id": "dungeon_1_3_0215",
      "content": "Врата №3"
    },
    {
      "id": "dungeon_1_3_0216",
      "content": "Праведный суд"
    },
    {
      "id": "dungeon_1_3_0217",
      "content": "Путь к Святой земле"
    },
    {
      "id": "dungeon_1_3_0301",
      "content": "Ритуальная площадь"
    },
    {
      "id": "dungeon_1_3_0302",
      "content": "Гора трупов"
    }
  ]
}