﻿{
  "dataList": [
    {
      "id": "dungeon_1_5_0101",
      "content": "Внутренности кита"
    },
    {
      "id": "dungeon_1_5_0102",
      "content": "Город ВДВшников"
    },
    {
      "id": "dungeon_1_5_0103",
      "content": "Офис Ахаб"
    },
    {
      "id": "dungeon_1_5_0104",
      "content": "Приключение в сердце"
    },
    {
      "id": "dungeon_1_5_0201",
      "content": "Вход в Город ВДВшников"
    },
    {
      "id": "dungeon_1_5_0202",
      "content": "Правое предсердцие"
    },
    {
      "id": "dungeon_1_5_0203",
      "content": "Желудочек правого сердца"
    },
    {
      "id": "dungeon_1_5_0204",
      "content": "Мост сухожилий"
    },
    {
      "id": "dungeon_1_5_0205",
      "content": "Стук сердца"
    },
    {
      "id": "dungeon_1_5_0301",
      "content": "Зона встречи перед сердцем"
    },
    {
      "id": "dungeon_1_5_0302",
      "content": "Сердце кита"
    }
  ]
}