﻿{
  "dataList": [
    {
      "id": "dungeon_1_4_0101",
      "content": "Лаборатория Лиги Девяти Литераторов - Весна"
    },
    {
      "id": "dungeon_1_4_0102",
      "content": "Реорганизованная Лаборатория Корпорации K"
    },
    {
      "id": "dungeon_1_4_0201",
      "content": "Лаборатория Лиги Девяти Литераторов - Осень"
    },
    {
      "id": "dungeon_1_4_0202",
      "content": "Лаборатория Лиги Девяти Литераторов - Лето"
    },
    {
      "id": "dungeon_1_4_0301",
      "content": "Лаборатория Лиги Девяти Литераторов - Зима"
    },
    {
      "id": "dungeon_1_4_0302",
      "content": "Белая Комната Корпорации N"
    }
  ]
}