{
  "dataList": [
    {
      "id": "Combustion",
      "name": "Изжога"
    },
    {
      "id": "Laceration",
      "name": "Кетчуп"
    },
    {
      "id": "Vibration",
      "name": "Тряска"
    },
    {
      "id": "Burst",
      "name": "Зеленка"
    },
    {
      "id": "Sinking",
      "name": "Депрессия"
    },
    {
      "id": "Breath",
      "name": "Кумар"
    },
    {
      "id": "Charge",
      "name": "Соль"
    },
    {
      "id": "Random",
      "name": "Случайный"
    },
    {
      "id": "Slash",
      "name": "Рубящий"
    },
    {
      "id": "Penetrate",
      "name": "Пронзающий"
    },
    {
      "id": "Hit",
      "name": "Дробящий"
    },
    {
      "id": "None",
      "name": "Keywordless"
    }
  ]
}