﻿{
  "dataList": [
    {
      "id": 9156,
      "name": "Детский сад в Палестине",
      "desc": "Конец хода: противники с 3 и более счетчиками <sprite name=\"Combustion\"><color=#e30000><u><link=\"Combustion\">Изжоги</link></u></color> активируют <sprite name=\"Combustion\"><color=#e30000><u><link=\"Combustion\">Изжога</link></u></color> дважды (Снижает счетчик <sprite name=\"Combustion\"><color=#e30000><u><link=\"Combustion\">Изжоги</link></u></color> на 1).",
      "simpleDesc": [
        {
          "abilityID": 9156,
          "simpleDesc": ""
        }
      ]
    },
    {
      "id": 9158,
      "name": "Звезда в Палестине",
      "desc": "Начало столкновения: активируется при 5 или более айдишках на поле боя, чьи Аткующие навыки наносят силу <sprite name=\"Combustion\"><color=#e30000><u><link=\"Combustion\">Изжоги</link></u></color>, повышают его счетчик, или наносят Особый Изжога. (ЭГО навыки не учитываются)\n\nПри попадании навыком (ЭГО навыки учитываются): если цель имеет 3 и более счетчика <sprite name=\"Combustion\"><color=#e30000><u><link=\"Combustion\">Изжоги</link></u></color>, активирует <sprite name=\"Combustion\"><color=#e30000><u><link=\"Combustion\">Изжога</link></u></color> изжога на цели (Цель теряет 1 счетчик <sprite name=\"Combustion\"><color=#e30000><u><link=\"Combustion\">Изжоги</link></u></color>; активируется единожды за навык).\n\nКонец хода: противники с 3 и более счетчиками <sprite name=\"Combustion\"><color=#e30000><u><link=\"Combustion\">Изжоги</link></u></color> активируют <sprite name=\"Combustion\"><color=#e30000><u><link=\"Combustion\">Изжога</link></u></color> еще один раз (Тратит 1 счетчик <sprite name=\"Combustion\"><color=#e30000><u><link=\"Combustion\">Изжоги</link></u></color>).\n\nЕсли цель с <sprite name=\"Combustion\"><color=#e30000><u><link=\"Combustion\">Огнем</link></u></color> побеждена (Для чурок, когда сломано Ядро), наносит его оставшуюся силу <sprite name=\"Combustion\"><color=#e30000><u><link=\"Combustion\">Изжоги</link></u></color> одному из противников с наименьшей силой <sprite name=\"Combustion\"><color=#e30000><u><link=\"Combustion\">Изжоги</link></u></color>.\n\nНачало хода: наносит 4 <sprite name=\"AttackDown\"><color=#e30000><u><link=\"AttackDown\">Понижения уровня атаки</link></u></color> противникам с <sprite name=\"Combustion\"><color=#e30000><u><link=\"Combustion\">Огнем</link></u></color>.\n\nЕсли цель с <sprite name=\"Combustion\"><color=#e30000><u><link=\"Combustion\">Огнем</link></u></color> побеждена, в начале следующего хода, (Потенциал <sprite name=\"Combustion\"><color=#e30000><u><link=\"Combustion\">Изжоги</link></u></color> побежденного противника / 15) союзников с навыками, которые наносят <sprite name=\"Combustion\"><color=#e30000><u><link=\"Combustion\">Изжога</link></u></color>, получают 2 <sprite name=\"AttackDmgUp\"><color=#f8c200><u><link=\"AttackDmgUp\">Повышения урона</link></u></color>. (Единожды за ход)",
      "simpleDesc": [
        {
          "abilityID": 9158,
          "simpleDesc": "Активирует <sprite name=\"Combustion\"><color=#e30000><u><link=\"Combustion\">Изжога</link></u></color>"
        },
        {
          "abilityID": 91581,
          "simpleDesc": "Активирует <sprite name=\"Combustion\"><color=#e30000><u><link=\"Combustion\">Изжога</link></u></color> еще один раз"
        },
        {
          "abilityID": 91582,
          "simpleDesc": "Наносит (Потенциал <sprite name=\"Combustion\"><color=#e30000><u><link=\"Combustion\">Изжоги</link></u></color> побежденного противника / 2) потенциала <sprite name=\"Combustion\"><color=#e30000><u><link=\"Combustion\">Изжоги</link></u></color>"
        },
        {
          "abilityID": 91583,
          "simpleDesc": "Наносит 4 <sprite name=\"AttackDown\"><color=#e30000><u><link=\"AttackDown\">Понижения уровня атаки</link></u></color>"
        },
        {
          "abilityID": 91583,
          "simpleDesc": "Дает 2 <sprite name=\"AttackDmgUp\"><color=#f8c200><u><link=\"AttackDmgUp\">Повышения урона</link></u></color>"
        }
      ]
    },
    {
      "id": 9160,
      "name": "Вытекшие анализы на СПИД",
      "desc": "При победе союзника в столкновении: активирует <sprite name=\"Laceration\"><color=#e30000><u><link=\"Laceration\">Кетчуп</link></u></color> противника. (Трижды за ход)",
      "simpleDesc": [
        {
          "abilityID": 9160,
          "simpleDesc": "Активирует <sprite name=\"Laceration\"><color=#e30000><u><link=\"Laceration\">Кетчуп</link></u></color>"
        }
      ]
    },
    {
      "id": 9162,
      "name": "Мешок крови со СПИДом",
      "desc": "Начало боя: активируется при 5 или более айдишках на поле боя, чьи Аткующие навыки наносят силу <sprite name=\"Laceration\"><color=#e30000><u><link=\"Laceration\">Кетчупа</link></u></color>, повышают его счетчик, или наносят Особое Кетчуп. (ЭГО навыки не учитываются)\n\nПри победе союзника в столкновении: активирует <sprite name=\"Laceration\"><color=#e30000><u><link=\"Laceration\">Кетчуп</link></u></color> противника. (Единожды за ход на айдишку)\n\nВраги становятся оглушаемыми от урона <sprite name=\"Laceration\"><color=#e30000><u><link=\"Laceration\">Кетчупом</link></u></color>; если противник оглушается от урона <sprite name=\"Laceration\"><color=#e30000><u><link=\"Laceration\">Кетчупом</link></u></color> посреди столкновения с союзником, активирует его <sprite name=\"Laceration\"><color=#e30000><u><link=\"Laceration\">Кетчуп</link></u></color> (# оставшихся монет противника) раз.\n\nЕсли все противники имеют <sprite name=\"Laceration\"><color=#e30000><u><link=\"Laceration\">Кетчуп</link></u></color>, они теряют 2 Уровня защиты. В конце хода наносит (# активаций <sprite name=\"Laceration\"><color=#e30000><u><link=\"Laceration\">Кетчупа</link></u></color> × 2) <sprite name=\"DefenseDown\"><color=#e30000><u><link=\"DefenseDown\">Понижений уровня защиты</link></u></color>. (До 20)\n\nПри повышении счетчика или нанесении силы <sprite name=\"Laceration\"><color=#e30000><u><link=\"Laceration\">Кетчупа</link></u></color> или Особого Кетчупа, наносит 3 <sprite name=\"Laceration\"><color=#e30000><u><link=\"Laceration\">Кетчупа</link></u></color> и повышает его счетчик на 1.",
      "simpleDesc": [
        {
          "abilityID": 9162,
          "simpleDesc": "При победе в столкновении активирует <sprite name=\"Laceration\"><color=#e30000><u><link=\"Laceration\">Кетчуп</link></u></color> цели"
        },
        {
          "abilityID": 91621,
          "simpleDesc": "После столкновения, активирует <sprite name=\"Laceration\"><color=#e30000><u><link=\"Laceration\">Кетчуп</link></u></color> противника (# оставшихся монет противника) раз"
        },
        {
          "abilityID": 91622,
          "simpleDesc": "Наносит (# активаций <sprite name=\"Laceration\"><color=#e30000><u><link=\"Laceration\">Кетчупа</link></u></color> × 2) <sprite name=\"DefenseDown\"><color=#e30000><u><link=\"DefenseDown\">Понижений уровня защиты</link></u></color>. (Макс. 20)"
        },
        {
          "abilityID": 91623,
          "simpleDesc": "Наносит 3 потенциала <sprite name=\"Laceration\"><color=#e30000><u><link=\"Laceration\">Кетчупа</link></u></color> и повышает его счетчик на 1"
        }
      ]
    },
    {
      "id": 9163,
      "name": "Острый вибратор",
      "desc": "При победе в столкновении навыком, который потратил счетчик <sprite name=\"Vibration\"><color=#e30000><u><link=\"Vibration\">Тряски</link></u></color>: если цель не имеет <sprite name=\"Vibration\"><color=#e30000><u><link=\"Vibration\">Тряска</link></u></color>, повышает счетчик <sprite name=\"Vibration\"><color=#e30000><u><link=\"Vibration\">Тряски</link></u></color> на 2.\n\nПри 3+ резонансе Лености включая этот навык: повышает счетчик <sprite name=\"Vibration\"><color=#e30000><u><link=\"Vibration\">Тряски</link></u></color> на 3 вместо этого.",
      "simpleDesc": [
        {
          "abilityID": 9163,
          "simpleDesc": "При победе в столкновении навыком, который потратил счетчик <sprite name=\"Vibration\"><color=#e30000><u><link=\"Vibration\">Тряски</link></u></color>, повышает счетчик <sprite name=\"Vibration\"><color=#e30000><u><link=\"Vibration\">Тряски</link></u></color> на 2"
        },
        {
          "abilityID": 91631,
          "simpleDesc": "При победе в столкновении навыком, который потратил счетчик <sprite name=\"Vibration\"><color=#e30000><u><link=\"Vibration\">Тряски</link></u></color> и который является частью 3+ резонанса Лености: повышает счетчик <sprite name=\"Vibration\"><color=#e30000><u><link=\"Vibration\">Тряски</link></u></color> на 3"
        }
      ]
    },
    {
      "id": 9164,
      "name": "Большой вибратор",
      "desc": "Конец хода: при 8+ счетчиках <sprite name=\"Vibration\"><color=#e30000><u><link=\"Vibration\">Тряски</link></u></color> на себе: +1 к Силе в столкновении.\n\nПри победе над противником или его Оглушении навыком, который тратит свой счетчик <sprite name=\"Vibration\"><color=#e30000><u><link=\"Vibration\">Тряски</link></u></color>: повышает счетчик <sprite name=\"Vibration\"><color=#e30000><u><link=\"Vibration\">Тряски</link></u></color> цели на (Потраченный счетчик <sprite name=\"Vibration\"><color=#e30000><u><link=\"Vibration\">Тряски</link></u></color> / 4). (Единожды за навык)",
      "simpleDesc": [
        {
          "abilityID": 9164,
          "simpleDesc": "При 8+ счетчиках Тряски, Сила в столкновении +1"
        },
        {
          "abilityID": 91641,
          "simpleDesc": "При победе в столкновении навыком, который тратит счетчики <sprite name=\"Vibration\"><color=#e30000><u><link=\"Vibration\">Тряска</link></u></color>: дает счетчики <sprite name=\"Vibration\"><color=#e30000><u><link=\"Vibration\">Тряска</link></u></color>"
        }
      ]
    },
    {
      "id": 9166,
      "name": "Святой вибратор",
      "desc": "Начало столкновения: эффект активируется при наличии 5 и более айдишек на поле боя, чьи навыки наносят силу <sprite name=\"Vibration\"><color=#e30000><u><link=\"Vibration\">Тряски</link></u></color> или повышают его счетчик. (ЭГО навыки не учитываются)\n(Не распространяется на айдишек, повышающих только свой счетчик <sprite name=\"Vibration\"><color=#e30000><u><link=\"Vibration\">Тряски</link></u></color>)\n\nПри победе в столкновении навыком, повышающим счетчик <sprite name=\"Vibration\"><color=#e30000><u><link=\"Vibration\">Тряски</link></u></color> на себе: если цель не имеет <sprite name=\"Vibration\"><color=#e30000><u><link=\"Vibration\">Тряска</link></u></color>, повышает его счетчик на 3.\n\nНачало хода: +(Счетчик <sprite name=\"Vibration\"><color=#e30000><u><link=\"Vibration\">Тряски</link></u></color> на себе / 5) к Силе в столкновении. (До 3)\n\nПри использовании навыка, повышающего свой счетчик <sprite name=\"Vibration\"><color=#e30000><u><link=\"Vibration\">Тряски</link></u></color>: если цель побеждена или оглушена, повышает свой счетчик <sprite name=\"Vibration\"><color=#e30000><u><link=\"Vibration\">Тряски</link></u></color> на (Потраченный счетчик <sprite name=\"Vibration\"><color=#e30000><u><link=\"Vibration\">Тряски</link></u></color> / 2). (Единожды за навык)",
      "simpleDesc": [
        {
          "abilityID": 9166,
          "simpleDesc": "При победе в столкновении навыком, повышающим счетчик <sprite name=\"Vibration\"><color=#e30000><u><link=\"Vibration\">Тряски</link></u></color> на себе: если цель не имеет <sprite name=\"Vibration\"><color=#e30000><u><link=\"Vibration\">Тряска</link></u></color>, повышает его счетчик на 3"
        },
        {
          "abilityID": 91661,
          "simpleDesc": "Начало хода: +(Счетчик <sprite name=\"Vibration\"><color=#e30000><u><link=\"Vibration\">Тряски</link></u></color> на себе / 5) к Силе в столкновении (до 3)"
        },
        {
          "abilityID": 91662,
          "simpleDesc": "При победе в столкновении навыком, который тратит счетчик <sprite name=\"Vibration\"><color=#e30000><u><link=\"Vibration\">Тряски</link></u></color>: повышает свой счетчик <sprite name=\"Vibration\"><color=#e30000><u><link=\"Vibration\">Тряски</link></u></color>"
        }
      ]
    },
    {
      "id": 9167,
      "name": "Беспроводной вибратор",
      "desc": "Начало столкновения: эффект активируется при наличии 5 и более айдишек на поле боя, чьи навыки наносят силу <sprite name=\"Vibration\"><color=#e30000><u><link=\"Vibration\">Тряски</link></u></color> или повышают его счетчик, или наносят Особую Тряску. (ЭГО навыки не учитываются)\n(Не распространяется на айдишек, повышающих только свой счетчик <sprite name=\"Vibration\"><color=#e30000><u><link=\"Vibration\">Тряски</link></u></color>)\n\nПри победе в столкновени навыком, который повышает счетчик или наносит силу <sprite name=\"Vibration\"><color=#e30000><u><link=\"Vibration\">Тряски</link></u></color>, или же тратит свой счетчик <sprite name=\"Vibration\"><color=#e30000><u><link=\"Vibration\">Тряски</link></u></color>: наносит (# оставшихся монет) единиц потенциала <sprite name=\"Vibration\"><color=#e30000><u><link=\"Vibration\">Тряски</link></u></color> на цель; если цель не имеет <sprite name=\"Vibration\"><color=#e30000><u><link=\"Vibration\">Тряска</link></u></color>, повышает его счетчик на 3.\n\nНачало хода: дает (1 + (Счетчик <sprite name=\"Vibration\"><color=#e30000><u><link=\"Vibration\">Тряски</link></u></color> на себе / 5)) <sprite name=\"ParryingResultUp\"><color=#f8c200><u><link=\"ParryingResultUp\">Повышений силы в поединке</link></u></color>. (До 3)\n\nИспользуя навык, который тратит свой счетчик <sprite name=\"Vibration\"><color=#e30000><u><link=\"Vibration\">Тряски</link></u></color>: при победе над противником или его оглушении, повышает свой счетчик <sprite name=\"Vibration\"><color=#e30000><u><link=\"Vibration\">Тряски</link></u></color> на (Потраченный счетчик <sprite name=\"Vibration\"><color=#e30000><u><link=\"Vibration\">Тряски</link></u></color> / 2). (Единожды за навык)\n\nНавыки, которые тратят свой счетчик <sprite name=\"Vibration\"><color=#e30000><u><link=\"Vibration\">Тряски</link></u></color>, наносят на (Потраченный счетчик <sprite name=\"Vibration\"><color=#e30000><u><link=\"Vibration\">Тряски</link></u></color> на себе + сила <sprite name=\"Vibration\"><color=#e30000><u><link=\"Vibration\">Тряски</link></u></color> цели + 5)% больше урона. (ЭГО навыки не учитываются; Макс. 50%)",
      "simpleDesc": [
        {
          "abilityID": 9167,
          "simpleDesc": "При победе в столкновении: наносит тряску, равный количеству оставшихся монет. Если цель не имеет тряску, наносит тряску"
        },
        {
          "abilityID": 91671,
          "simpleDesc": "Начало хода: дает Повышение силы в поединке на основе счетчиков Тряски на себе"
        },
        {
          "abilityID": 91672,
          "simpleDesc": "При победе в столкновении навыком, который тратит счетчик <sprite name=\"Vibration\"><color=#e30000><u><link=\"Vibration\">Тряска</link></u></color> на себе: повышает свой счетчик <sprite name=\"Vibration\"><color=#e30000><u><link=\"Vibration\">Тряски</link></u></color>"
        },
        {
          "abilityID": 91673,
          "simpleDesc": "Навыки, которые тратят свой счетчик <sprite name=\"Vibration\"><color=#e30000><u><link=\"Vibration\">Тряски</link></u></color> наносят больше урона"
        }
      ]
    },
    {
      "id": 9168,
      "name": "Почечные камни",
      "desc": "Если цель имеет менее 15 <sprite name=\"Burst\"><color=#e30000><u><link=\"Burst\">Зеленок</link></u></color>, наносит 1 дополниельный <sprite name=\"Burst\"><color=#e30000><u><link=\"Burst\">Зеленка</link></u></color> при его нанесении.",
      "simpleDesc": [
        {
          "abilityID": 9168,
          "simpleDesc": "Наносит дополнительную единицу потенциала зеленки"
        }
      ]
    },
    {
      "id": 9170,
      "name": "Мемориал конституции РФ",
      "desc": "Начало столкновения: эффект активируется при наличии 5 и более айдишек на поле боя, чьи навыки наносят силу или повышают счетчик <sprite name=\"Burst\"><color=#e30000><u><link=\"Burst\">Зеленки</link></u></color>. (ЭГО навыки не учитываются)\n\nЭффект <sprite name=\"Burst\"><color=#e30000><u><link=\"Burst\">Зеленки</link></u></color> наносит на 100% больше урона против щита противников.\n\nЕсли цель имеет менее 15 <sprite name=\"Burst\"><color=#e30000><u><link=\"Burst\">Зеленок</link></u></color>, наносит 1 дополниельный <sprite name=\"Burst\"><color=#e30000><u><link=\"Burst\">Зеленка</link></u></color> при его нанесении.\n\nЕсли <sprite name=\"Burst\"><color=#e30000><u><link=\"Burst\">Зеленка</link></u></color> не может быть нанесен эффектами навыков, дает +1 к Силе монет вместо этого.",
      "simpleDesc": [
        {
          "abilityID": 9170,
          "simpleDesc": "Зеленка наносит на 100% больше урона против щита противников"
        },
        {
          "abilityID": 91701,
          "simpleDesc": "Наносит 2 дополнительные единицы потенциала <sprite name=\"Burst\"><color=#e30000><u><link=\"Burst\">Зеленки</link></u></color>"
        },
        {
          "abilityID": 91702,
          "simpleDesc": "Если <sprite name=\"Burst\"><color=#e30000><u><link=\"Burst\">Зеленка</link></u></color> не может быть нанесен эффектами навыков, дает +1 к Силе монет вместо этого"
        }
      ]
    },
    {
      "id": 9171,
      "name": "Баночка зеленки",
      "desc": "Начало столкновения: эффект активируется при наличии 5 и более айдишек на поле боя, чьи навыки наносят силу или повышают счетчик <sprite name=\"Burst\"><color=#e30000><u><link=\"Burst\">Зеленки</link></u></color>. (ЭГО навыки не учитываются)\n\nЭффект <sprite name=\"Burst\"><color=#e30000><u><link=\"Burst\">Зеленки</link></u></color> наносит на 150% больше урона против щита противников.\n\nНачало хода: противники или части чурки с <sprite name=\"Burst\"><color=#e30000><u><link=\"Burst\">Зеленкой</link></u></color> теряют (3 + (Сила <sprite name=\"Burst\"><color=#e30000><u><link=\"Burst\">Зеленки</link></u></color> / 2)) Уровней защиты и атаки. (До 6)\n\nПри нанесении <sprite name=\"Burst\"><color=#e30000><u><link=\"Burst\">Зеленки</link></u></color> эффектами навыков, наносит 2 <sprite name=\"Burst\"><color=#e30000><u><link=\"Burst\">Зеленки</link></u></color> и повышает его счетчик на 1. Если цель имеет менее 15 <sprite name=\"Burst\"><color=#e30000><u><link=\"Burst\">Зеленок</link></u></color>, наносит 2 дополнительных <sprite name=\"Burst\"><color=#e30000><u><link=\"Burst\">Зеленки</link></u></color>.\n\nЕсли <sprite name=\"Burst\"><color=#e30000><u><link=\"Burst\">Зеленка</link></u></color> не может быть нанесен эффектами навыков, дает +(4 / # монет) к Силе монет вместо этого.",
      "simpleDesc": [
        {
          "abilityID": 9171,
          "simpleDesc": "Зеленка наносит на 150% больше урона против щита противников."
        },
        {
          "abilityID": 91711,
          "simpleDesc": "Противники с <sprite name=\"Burst\"><color=#e30000><u><link=\"Burst\">Зеленкой</link></u></color> теряют уровни защиты и атаки"
        },
        {
          "abilityID": 91712,
          "simpleDesc": "При нанесении единиц потенциала <sprite name=\"Burst\"><color=#e30000><u><link=\"Burst\">Зеленки</link></u></color> эффектами навыков, наносит 2 единицы потенциала <sprite name=\"Burst\"><color=#e30000><u><link=\"Burst\">Зеленки</link></u></color> и повышает его счетчик на 1"
        },
        {
          "abilityID": 91713,
          "simpleDesc": "Если <sprite name=\"Burst\"><color=#e30000><u><link=\"Burst\">Зеленка</link></u></color> не может быть нанесен эффектами навыков, дает +(4 / # монет) к Силе монет вместо этого"
        }
      ]
    },
    {
      "id": 9172,
      "name": "Куда полетели бляди",
      "desc": "При использовании Базовых Атакующих навыков и если цель имеет 5 и более <sprite name=\"Sinking\"><color=#e30000><u><link=\"Sinking\">Депрессии</link></u></color>, восстанавливает (Сила <sprite name=\"Sinking\"><color=#e30000><u><link=\"Sinking\">Депрессии</link></u></color> цели / 10) SP. (До 3)",
      "simpleDesc": [
        {
          "abilityID": 9172,
          "simpleDesc": "Восстанавливает SP на основе Депрессии цели"
        }
      ]
    },
    {
      "id": 9173,
      "name": "Рубашка из дурки",
      "desc": "Конец хода: если на поле боя имеется 3 и более противника с -45 SP, все союзники получают 2 <sprite name=\"AttackUp\"><color=#f8c200><u><link=\"AttackUp\">Повышения уровня атаки</link></u></color></style> на следующий ход.",
      "simpleDesc": [
        {
          "abilityID": 9173,
          "simpleDesc": "Все союзники получают 2 <sprite name=\"AttackUp\"><color=#f8c200><u><link=\"AttackUp\">Повышение уровня атаки</link></u></color></style>"
        }
      ]
    },
    {
      "id": 9175,
      "name": "Лысый глобус",
      "desc": "Начало столкновения: эффект активируется при наличии 5 и более айдишек на поле боя, чьи навыки наносят силу <sprite name=\"Sinking\"><color=#e30000><u><link=\"Sinking\">Депрессии</link></u></color>, повышают его счетчик, или наносят Особую Депрессию. (ЭГО навыки не учитываются)\n\nПри использовании Базовых Атакующих навыков и если цель имеет 5 и более <sprite name=\"Sinking\"><color=#e30000><u><link=\"Sinking\">Депрессии</link></u></color>, восстанавливает (Сила <sprite name=\"Sinking\"><color=#e30000><u><link=\"Sinking\">Депрессии</link></u></color> цели / 10) SP. (До 5)\n\nКонец хода: все союзники получают (# противников с -45 SP) <sprite name=\"AttackUp\"><color=#f8c200><u><link=\"AttackUp\">Повышений уровня атаки</link></u></color></style> на следующий ход. (До 3)",
      "simpleDesc": [
        {
          "abilityID": 9175,
          "simpleDesc": "Восстанавливает SP на основе Депрессии цели"
        },
        {
          "abilityID": 91751,
          "simpleDesc": "Все союзники получают (# противников с -45 SP) <sprite name=\"AttackUp\"><color=#f8c200><u><link=\"AttackUp\">Повышений уровня атаки</link></u></color></style> на следующий ход (Макс. 3)"
        }
      ]
    },
    {
      "id": 9176,
      "name": "Если на целе 10 дипресиив",
      "desc": "Начало столкновения: эффект активируется при наличии 5 и более айдишек на поле боя, чьи навыки наносят силу <sprite name=\"Sinking\"><color=#e30000><u><link=\"Sinking\">Депрессии</link></u></color>, повышают его счетчик, или наносят Особую Депрессию. (ЭГО навыки не учитываются)\n\nПри нанесении урона по HP противнику вышеописанными навыками, наносит 4 <sprite name=\"Sinking\"><color=#e30000><u><link=\"Sinking\">Депрессии</link></u></color> и повышает его счетчик на 3 в конце хода. (Единожды за ход на противника)\n\nПосле использования Базовых Атакующих навыков, если цель имела 5 и более <sprite name=\"Sinking\"><color=#e30000><u><link=\"Sinking\">Депрессии</link></u></color>, восстанавливает (Сила <sprite name=\"Sinking\"><color=#e30000><u><link=\"Sinking\">Депрессии</link></u></color> цели / 10) SP и наносит такое же количество <sprite name=\"DefenseDown\"><color=#e30000><u><link=\"DefenseDown\">Понижений уровня защиты</link></u></color> на цель. (До 5; единожды за ход на противника)\n\nКонец хода: все союзники получают (# противников с -45 SP) <sprite name=\"AttackUp\"><color=#f8c200><u><link=\"AttackUp\">Повышений уровня атаки</link></u></color></style> на следующий ход. (До 6)\n\nПри активации эффектов <sprite name=\"Sinking\"><color=#e30000><u><link=\"Sinking\">Депрессии</link></u></color> (Включая Особую Депрессию) на цели при попадании вышеописанными навыками, восстанавливает 5 SP в конце хода. (Дважды за ход на айдишку)\nЕсли к концу хода было 45 SP, вместо этого повышает счетчик <sprite name=\"Sinking\"><color=#e30000><u><link=\"Sinking\">Депрессии</link></u></color> на 3. (Дважды за ход на айдишку)",
      "simpleDesc": [
        {
          "abilityID": 9176,
          "simpleDesc": "При нанесении урона навыками, которые наносят Депрессию: наносит больше единиц потенциала и счетчика <sprite name=\"Sinking\"><color=#e30000><u><link=\"Sinking\">Депрессии</link></u></color> в конце хода"
        },
        {
          "abilityID": 91761,
          "simpleDesc": "Восстанавливает SP и Наносит <sprite name=\"DefenseDown\"><color=#e30000><u><link=\"DefenseDown\">Понижение уровня защиты</link></u></color> на основе Депрессии цели"
        },
        {
          "abilityID": 91762,
          "simpleDesc": "Все союзники получают <sprite name=\"AttackUp\"><color=#f8c200><u><link=\"AttackUp\">Повышение уровня атаки</link></u></color></style>, равное количеству противников с -45 SP"
        },
        {
          "abilityID": 91763,
          "simpleDesc": "+2 к нанесенному потенциалу <sprite name=\"Sinking\"><color=#e30000><u><link=\"Sinking\">Депрессии</link></u></color>"
        }
      ]
    },
    {
      "id": 9178,
      "name": "Бочка с табаком",
      "desc": "Конец хода: когда союзник имеет более 20 <sprite name=\"Breath\"><color=#f8c200><u><link=\"Breath\">Кумара</link></u></color>, он тратит 1 его силу для повышения счетчика на 1.",
      "simpleDesc": [
        {
          "abilityID": 9178,
          "simpleDesc": "Тратит 1 единицу потенциала кумара для повышения счетчика на 1"
        }
      ]
    },
    {
      "id": 9180,
      "name": "Бочка с жижей для вейпа",
      "desc": "Начало столкновения: эффект активируется при наличии 5 и более айдишек на поле боя, которые получают силу или счетчик <sprite name=\"Breath\"><color=#f8c200><u><link=\"Breath\">Кумара</link></u></color> от эффектов навыков. (ЭГО навыки не учитываются)\n\nКонец хода: когда союзник имеет более 20 <sprite name=\"Breath\"><color=#f8c200><u><link=\"Breath\">Кумара</link></u></color>, он тратит 1 его силу для повышения счетчика на 1.\n\nКонец хода: 1 союзник с наибольшей силой <sprite name=\"Breath\"><color=#f8c200><u><link=\"Breath\">Кумара</link></u></color> и 1 союзник с наибольшим счетчиком получают 2 <sprite name=\"Agility\"><color=#f8c200><u><link=\"Agility\">Спешки</link></u></color> и 1 <sprite name=\"AttackUp\"><color=#f8c200><u><link=\"AttackUp\">Повышение уровня атаки</link></u></color>. (Может быть применено к одной айдишке)\n\nПри получении силы <sprite name=\"Breath\"><color=#f8c200><u><link=\"Breath\">Кумара</link></u></color> от эффектов навыков, 2 <sprite name=\"Breath\"><color=#f8c200><u><link=\"Breath\">Кумара</link></u></color> и повышает его счетчик на 2. Если же сумма счетчика и силы <sprite name=\"Breath\"><color=#f8c200><u><link=\"Breath\">Кумара</link></u></color> менее 20, тогда дает 3 <sprite name=\"Breath\"><color=#f8c200><u><link=\"Breath\">Кумара</link></u></color> и повышает его счетчик на 3 вместо этого.\n\nКонец боевой фазы: при более 40 <sprite name=\"Breath\"><color=#f8c200><u><link=\"Breath\">Кумара</link></u></color>, тратит 15 его силы для <sprite name=\"Discard\"><color=#9f6a3a><u><link=\"Discard\">Сброса</link></u></color> 1 навыка низшего ранга во всех слотах навыков. (Единожды за ход на айдишку)",
      "simpleDesc": [
        {
          "abilityID": 9180,
          "simpleDesc": "Повышает счетчик кумара"
        },
        {
          "abilityID": 91801,
          "simpleDesc": "Дает 2 спешки и 1 повышение уровня атаки"
        },
        {
          "abilityID": 91802,
          "simpleDesc": "При получении единиц потенциала <sprite name=\"Breath\"><color=#f8c200><u><link=\"Breath\">Кумара</link></u></color> эффектами навыков, получает дополнительные счетчики и потенциал"
        },
        {
          "abilityID": 91803,
          "simpleDesc": "Сбрасывает навык низшего ранга во всех слотах навыков"
        }
      ]
    },
    {
      "id": 9181,
      "name": "Вышка 5G",
      "desc": "После атаки навыком, который потратил 7+ счетчиков <sprite name=\"Charge\"><color=#f8c200><u><link=\"Charge\">Солей</link></u></color>: если противник побежден, повышает счетчик <sprite name=\"Charge\"><color=#f8c200><u><link=\"Charge\">Солей</link></u></color> на (Потраченный этим навыком счетчик <sprite name=\"Charge\"><color=#f8c200><u><link=\"Charge\">Солей</link></u></color> / 4).",
      "simpleDesc": [
        {
          "abilityID": 9181,
          "simpleDesc": "Повышает счетчик Солей на основе потраченных счетчиков"
        }
      ]
    },
    {
      "id": 9183,
      "name": "Изолятор",
      "desc": "Начало столкновения: эффект активируется при наличии 5 и более айдишек на поле боя, которые повышают счетчик <sprite name=\"Charge\"><color=#f8c200><u><link=\"Charge\">Солей</link></u></color> или Особого Солей. (ЭГО навыки не учитываются)\n\nПосле атаки навыком, который потратил счетчик <sprite name=\"Charge\"><color=#f8c200><u><link=\"Charge\">Солей</link></u></color>: если противник побежден, повышает счетчик <sprite name=\"Charge\"><color=#f8c200><u><link=\"Charge\">Солей</link></u></color> на (Потраченный этим навыком счетчик <sprite name=\"Charge\"><color=#f8c200><u><link=\"Charge\">Солей</link></u></color> / 3).\n\nНачало хода: при менее чем 3 счетчиках <sprite name=\"Charge\"><color=#f8c200><u><link=\"Charge\">Солей</link></u></color>, повышает его счетчик на 3, а в ином случае дает 1 <sprite name=\"AttackDmgUp\"><color=#f8c200><u><link=\"AttackDmgUp\">Повышение урона</link></u></color>.",
      "simpleDesc": [
        {
          "abilityID": 9183,
          "simpleDesc": "Повышает счетчик Солей на основе потраченных счетчиков"
        },
        {
          "abilityID": 91831,
          "simpleDesc": "Дает 1 повышение урона или повышает счетчик Солей на основе потраченных счетчиков"
        }
      ]
    },
    {
      "id": 9184,
      "name": "Костлявый глобус",
      "desc": "Начало столкновения: эффект активируется при наличии 5 и более айдишек на поле боя, которые повышают счетчик <sprite name=\"Charge\"><color=#f8c200><u><link=\"Charge\">Солей</link></u></color> или Особого Солей. (ЭГО навыки не учитываются)\n\nНачало хода: при менее чем 3 счетчиках <sprite name=\"Charge\"><color=#f8c200><u><link=\"Charge\">Солей</link></u></color>, повышает его счетчик на 3.\n\nНачало хода: при 5 и более счетчиках <sprite name=\"Charge\"><color=#f8c200><u><link=\"Charge\">Солей</link></u></color>, дает +2 к минимальной и максиамльной скорости, 1 <sprite name=\"Enhancement\"><color=#f8c200><u><link=\"Enhancement\">Повышение силы атаки</link></u></color> и 2 <sprite name=\"AttackDmgUp\"><color=#f8c200><u><link=\"AttackDmgUp\">Повышения урона</link></u></color>\n\nПосле атаки навыком, который потратил счетчики <sprite name=\"Charge\"><color=#f8c200><u><link=\"Charge\">Солей</link></u></color>: если цель побеждена, повышает счетчик <sprite name=\"Charge\"><color=#f8c200><u><link=\"Charge\">Солей</link></u></color> на (Счетчик <sprite name=\"Charge\"><color=#f8c200><u><link=\"Charge\">Солей</link></u></color>, потраченный этим навыком / 3) и дает 1 <sprite name=\"PlusCoinValueUp\"><color=#f8c200><u><link=\"PlusCoinValueUp\">Усиление положительной монеты</link></u></color> на следующий ход\n\nПосле атаки третьим навыком, который потратил счетчик <sprite name=\"Charge\"><color=#f8c200><u><link=\"Charge\">Солей</link></u></color>: если цель побеждена, или же использовавший этот навык союзник имел 3+ счетчика <sprite name=\"Charge\"><color=#f8c200><u><link=\"Charge\">Солей</link></u></color>, добавляет третий навык этой айдишке к следующим в очереди навыкам на приборной панели. (Единожды за ход на айдишку)",
      "simpleDesc": [
        {
          "abilityID": 9184,
          "simpleDesc": "Дает 1 <sprite name=\"AttackDmgUp\"><color=#f8c200><u><link=\"AttackDmgUp\">Повышение урона</link></u></color> или повышает счетчик Солей <sprite name=\"Charge\"><color=#f8c200><u><link=\"Charge\">Солей</link></u></color> на основе потраченного счетчика <sprite name=\"Charge\"><color=#f8c200><u><link=\"Charge\">Солей</link></u></color>"
        },
        {
          "abilityID": 91841,
          "simpleDesc": "Повышает счетчик Солей <sprite name=\"Charge\"><color=#f8c200><u><link=\"Charge\">Солей</link></u></color> на основе потраченного счетчика <sprite name=\"Charge\"><color=#f8c200><u><link=\"Charge\">Солей</link></u></color>. Дает <sprite name=\"PlusCoinValueUp\"><color=#f8c200><u><link=\"PlusCoinValueUp\">Усиление положительной монеты</link></u></color> на следующий ход"
        },
        {
          "abilityID": 91842,
          "simpleDesc": "После атаки третьим навыком, потратившим счетчик <sprite name=\"Charge\"><color=#f8c200><u><link=\"Charge\">Солей</link></u></color>, добавляет один третий навык в очередь навыков"
        }
      ]
    }
  ]
}