﻿{
  "dataList": [
    {
      "id": 2036,
      "name": "Часы для ровных",
      "desc": "При нанесении противнику урона атакующим навыком (ЭГО навыки не учитываются), который наносит силу <sprite name=\"Vibration\"><color=#e30000><u><link=\"Vibration\">Тряски</link></u></color>, повышает его счетчик, или наносит Особую Тряску, на 10% больше урона.\n\nЕсли навык <sprite name=\"VibrationExplosion\"><color=#e30000><u><link=\"VibrationExplosion\">Потряс сучку</link></u></color> на цели впервые за ход, повышает его счетчик на 2 в следующем ходу. (Единожды за ход)",
      "simpleDesc": [
        {
          "abilityID": 2036,
          "simpleDesc": "На 10% больше урона"
        },
        {
          "abilityID": 20361,
          "simpleDesc": "Повышает счетчик <sprite name=\"Vibration\"><color=#e30000><u><link=\"Vibration\">Тряски</link></u></color> на 2 в следующем ходу"
        }
      ]
    },
    {
      "id": 2037,
      "name": "Часы для лохов",
      "desc": "В столкновении с противником с большей скоростью: +1 к Силе в столкновении.\n\nПри нанесении урона таким противникам, наносит 3 <sprite name=\"Vibration\"><color=#e30000><u><link=\"Vibration\">Тряски</link></u></color> и повышает его счетчик на 2 в следующем ходу. (Единожды за ход)",
      "simpleDesc": [
        {
          "abilityID": 2037,
          "simpleDesc": "Сила в столкновении +1"
        },
        {
          "abilityID": 20371,
          "simpleDesc": "Наносит 3 <sprite name=\"Vibration\"><color=#e30000><u><link=\"Vibration\">Тряски</link></u></color> Potency и повышает его счетчик на 2 следующем ходу"
        }
      ]
    },
    {
      "id": 2038,
      "name": "Отклоненный кредит",
      "desc": "Конец хода: наносит 1 <sprite name=\"Binding\"><color=#e30000><u><link=\"Binding\">Понос</link></u></color> самому быстрому противнику на следующий ход (Для Чурок, части).\n- Если же цель имеет <sprite name=\"Vibration\"><color=#e30000><u><link=\"Vibration\">Тряска</link></u></color> или Особую Тряску, наносит 2 <sprite name=\"Binding\"><color=#e30000><u><link=\"Binding\">Поноса</link></u></color> вместо этого.\n\nКогда союзник атакует целей со <sprite name=\"Binding\"><color=#e30000><u><link=\"Binding\">Поносом</link></u></color>, он наносит на (5 + (2.5 × количество <sprite name=\"Binding\"><color=#e30000><u><link=\"Binding\">Связываний</link></u></color>)) больше урона. (До 15%)",
      "simpleDesc": [
        {
          "abilityID": 2038,
          "simpleDesc": "Наносит 1 <sprite name=\"Binding\"><color=#e30000><u><link=\"Binding\">Понос</link></u></color> на следующий ход"
        },
        {
          "abilityID": 20381,
          "simpleDesc": "На (5 + (2.5 × количество <sprite name=\"Binding\"><color=#e30000><u><link=\"Binding\">Связываний</link></u></color>)) больше урона. (До 15%)"
        }
      ]
    },
    {
      "id": 2039,
      "name": "Стрелки от ровных",
      "desc": "Начало первого хода волны: наносит (9 - их скорость) <sprite name=\"Vibration\"><color=#e30000><u><link=\"Vibration\">Тряски</link></u></color> трем противникам с наименьшей скоростью. (Минимум 3)\n\nНа 10% больше урона целям с 12 и более силой <sprite name=\"Vibration\"><color=#e30000><u><link=\"Vibration\">Тряски</link></u></color> или Особого Тряски в начале хода.",
      "simpleDesc": [
        {
          "abilityID": 2039,
          "simpleDesc": "Наносит (9 - скорость противника) <sprite name=\"Vibration\"><color=#e30000><u><link=\"Vibration\">Тряски</link></u></color>"
        },
        {
          "abilityID": 20391,
          "simpleDesc": "На 10% больше урона"
        }
      ]
    },
    {
      "id": 2040,
      "name": "Стрелки от лохов",
      "desc": "Начало первого хода волны: наносит (9 - их скорость) <sprite name=\"Vibration\"><color=#e30000><u><link=\"Vibration\">Тряски</link></u></color> трем противникам с наименьшей скоростью (Минимум 3) и повышает его счетчик на ((9 - его скорость) / 2) одному противнику с наибольшей скоростью. (Округляется вверх; для Чурок, частям)\n\nНа 10% меньше урона от противников с 12 и более силой <sprite name=\"Vibration\"><color=#e30000><u><link=\"Vibration\">Тряски</link></u></color> или Особого Тряски в начале хода.",
      "simpleDesc": [
        {
          "abilityID": 2040,
          "simpleDesc": "Наносит (9 - скорость) <sprite name=\"Vibration\"><color=#e30000><u><link=\"Vibration\">Тряски</link></u></color> трем противникам с наименьшей скоростью (Минимум 3) и повышает его счетчик на ((9 - его скорость) / 2) одному противнику с наибольшей скоростью"
        },
        {
          "abilityID": 20401,
          "simpleDesc": "На 10% меньше получаемого урона"
        }
      ]
    },
    {
      "id": 2041,
      "name": "Бульон от борща",
      "desc": "Когда союзник побеждает в столкновении своим атакующим навыком (ЭГО навыки не учитываются), который наносит <sprite name=\"Vibration\"><color=#e30000><u><link=\"Vibration\">Тряска</link></u></color>, повышает его счетчик, или наносит Особую Тряску, наносит 2 <sprite name=\"Vibration\"><color=#e30000><u><link=\"Vibration\">Тряски</link></u></color> и повышает его счетчик на 2. (Дважды за ход)\n- Айдишки же Юродивых наносят 3 <sprite name=\"Vibration\"><color=#e30000><u><link=\"Vibration\">Тряски</link></u></color> и повышают его счетчик на 3 вместо этого. (Трижды за ход)\n\nЕсли вышеописанная айдишка сталкиватся в целью с большим уровнем атаки: +2 к Силе в столкновении и на 20% больше урона при атаке после победы в столкновении.",
      "simpleDesc": [
        {
          "abilityID": 2041,
          "simpleDesc": "Наносит 2 <sprite name=\"Vibration\"><color=#e30000><u><link=\"Vibration\">Тряски</link></u></color> и повышает его счетчик на 2"
        },
        {
          "abilityID": 20411,
          "simpleDesc": "Наносит 3 <sprite name=\"Vibration\"><color=#e30000><u><link=\"Vibration\">Тряски</link></u></color> и повышает его счетчик на 3"
        },
        {
          "abilityID": 20412,
          "simpleDesc": "+2 к Силе в столкновении и на 20% больше урона"
        }
      ]
    },
    {
      "id": 2042,
      "name": "Штраф за переезд бабушки камазом",
      "desc": "На (5 + (2.5 × Разница в скорости))% больше урона противникам с большей скоростью и 2+ разницей в скорости. (До 15%)\n\nКонец хода: если союзник нанес урон атакующими навыками (ЭГО навыки не учитываются) в течение хода вышеописанным противникам, наносит 2 <sprite name=\"Binding\"><color=#e30000><u><link=\"Binding\">Поноса</link></u></color> и 1 <sprite name=\"ResultReduction\"><color=#e30000><u><link=\"ResultReduction\">Понижение силы</link></u></color> этим противникам на следующий ход. (Единожды за ход)",
      "simpleDesc": [
        {
          "abilityID": 2042,
          "simpleDesc": "На (5 + (2.5 × Разница в скорости))% больше урона противникам"
        },
        {
          "abilityID": 20421,
          "simpleDesc": "Наносит 2 <sprite name=\"Binding\"><color=#e30000><u><link=\"Binding\">Поноса</link></u></color> и 1 <sprite name=\"ResultReduction\"><color=#e30000><u><link=\"ResultReduction\">Понижение силы</link></u></color> противникам на следующий ход"
        }
      ]
    },
    {
      "id": 2043,
      "name": "Ролекс",
      "desc": "Начало столкновения: эффект активируется при 5 и более айдишках на поле боя, которые наносят силу <sprite name=\"Vibration\"><color=#e30000><u><link=\"Vibration\">Тряски</link></u></color>, повышают его счетчик, или наносят Особую Тряску. (ЭГО навыки не учитываются)\n\nТретий вышеописанный навык союзников получает +2 к Силе монет и наносит на 25% больше урона.\n\nКогда вышеописанный союзник производит <sprite name=\"Switch_Vibration\"><color=#9f6a3a><u><link=\"Switch_Vibration\">Преобразование амплитуды</link></u></color> своими навыками (ЭГО навыки Учитываются): увеличивает силу <sprite name=\"Vibration\"><color=#e30000><u><link=\"Vibration\">Тряски</link></u></color> и его счетчиков в 1.5 раза (Только при преобразовании Тряски в другие его типы), а так же наносит 5 <sprite name=\"DefenseDown\"><color=#e30000><u><link=\"DefenseDown\">Понижений уровня защиты</link></u></color> на следующий ход. (Единожды за ход)\n\nНачало первого хода волны: наносит (12 - их скорость) <sprite name=\"Vibration\"><color=#e30000><u><link=\"Vibration\">Тряски</link></u></color> (Минимум 6) трем противникам с наименьшей скоростью.",
      "simpleDesc": [
        {
          "abilityID": 2043,
          "simpleDesc": "Третий навык получает +2 к силе монет и наносит на 25% больше урона"
        },
        {
          "abilityID": 20431,
          "simpleDesc": "Увеличивает количество <sprite name=\"Vibration\"><color=#e30000><u><link=\"Vibration\">Тряски</link></u></color> и его счетчиков в 1.5 раза при <sprite name=\"Switch_Vibration\"><color=#9f6a3a><u><link=\"Switch_Vibration\">Преобразовании амплитуды</link></u></color>"
        },
        {
          "abilityID": 20432,
          "simpleDesc": "Наносит (12 - скорость противника) <sprite name=\"Vibration\"><color=#e30000><u><link=\"Vibration\">Тряски</link></u></color>"
        }
      ]
    },
    {
      "id": 2044,
      "name": "Часы эппл",
      "desc": "Начало столкновения: эффект активируется при 5 и более айдишках на поле боя, которые наносят силу <sprite name=\"Vibration\"><color=#e30000><u><link=\"Vibration\">Тряски</link></u></color>, повышают его счетчик, или наносят Особую Тряску. (ЭГО навыки не учитываются)\n\nТретий вышеописанный навык союзников получает +2 к Силе монет и наносит на 25% больше урона.\n\nКогда вышеописанный союзник наносит урон более медленному противнику с 2+ разницей в скорости: его урон повышается на (Сила <sprite name=\"Vibration\"><color=#e30000><u><link=\"Vibration\">Тряски</link></u></color> противника)% (До 25%) и он так же наносит 2 <sprite name=\"DefenseDown\"><color=#e30000><u><link=\"DefenseDown\">Понижения уровня защиты</link></u></color> при ударе. (До 6)\n\nНачало первого хода волны: наносит противнику с наибольшей скоростью (12 - его скорость) <sprite name=\"Vibration\"><color=#e30000><u><link=\"Vibration\">Тряски</link></u></color> (Минимум 6) и повышает его счетчик на ((12 - его скорость) / 2). (Округляется вверх; для Чурок, части)",
      "simpleDesc": [
        {
          "abilityID": 2044,
          "simpleDesc": "Третий навык получает +2 к силе монет и наносит на 25% больше урона"
        },
        {
          "abilityID": 20441,
          "simpleDesc": "На (<sprite name=\"Vibration\"><color=#e30000><u><link=\"Vibration\">Тряска</link></u></color> на цели)% больше урона; наносит 2 <sprite name=\"DefenseDown\"><color=#e30000><u><link=\"DefenseDown\">Понижения уровня защиты</link></u></color> каждый раз при нанесении урона"
        },
        {
          "abilityID": 20442,
          "simpleDesc": "Наносит (12 - скорость) <sprite name=\"Vibration\"><color=#e30000><u><link=\"Vibration\">Тряски</link></u></color> (Минимум 3) и повышает его счетчик на ((9 - скорость) / 2) противнику"
        }
      ]
    },
    {
      "id": 2045,
      "name": "Часы самсунг",
      "desc": "Начало столкновения: эффект активируется при 5 и более айдишках на поле боя, которые наносят силу <sprite name=\"Vibration\"><color=#e30000><u><link=\"Vibration\">Тряски</link></u></color>, повышают его счетчик, или наносят Особую Тряску. (ЭГО навыки не учитываются)\n\nТретий вышеописанный навык союзников получает +2 к Силе монет и наносит на 25% больше урона.\n\nАйдишки Юродивых: Третий навык получает +2 к Силе монет и наносит на (25 + (Сумма потенциала и счетчика <sprite name=\"Vibration\"><color=#e30000><u><link=\"Vibration\">Тряски</link></u></color> цели))% больше урона вместо этого. (До 100%)\n\nАйдишки Юродивых так же повышают свой счетчик <sprite name=\"Vibration\"><color=#e30000><u><link=\"Vibration\">Тряски</link></u></color> на 3 в начале хода.",
      "simpleDesc": [
        {
          "abilityID": 2045,
          "simpleDesc": "Третий навык получает +2 к силе монет и наносит на 25% больше урона"
        },
        {
          "abilityID": 20451,
          "simpleDesc": "Третий навык получает +2 к силе монет и наносит на (25 + (Сумма потенциала и счетчика <sprite name=\"Vibration\"><color=#e30000><u><link=\"Vibration\">Тряски</link></u></color> цели))% больше урона"
        },
        {
          "abilityID": 20452,
          "simpleDesc": "Повышает свой счетчик <sprite name=\"Vibration\"><color=#e30000><u><link=\"Vibration\">Тряски</link></u></color> на 3"
        }
      ]
    },
    {
      "id": 2046,
      "name": "Часы ксиоме",
      "desc": "Начало столкновения: эффект активируется при 5 и более айдишках на поле боя, которые наносят силу <sprite name=\"Vibration\"><color=#e30000><u><link=\"Vibration\">Тряски</link></u></color>, повышают его счетчик, или наносят Особую Тряску. (ЭГО навыки не учитываются)\n\nТретий вышеописанный навык союзников получает +2 к Силе монет и наносит на 25% больше урона.\n\nКогда союзник с вышеописанными навыками сталкивается с противником с большей скоростью и 2+ разницей в скоростях: +2 к Силе в столкновении и на (Сила <sprite name=\"Vibration\"><color=#e30000><u><link=\"Vibration\">Тряски</link></u></color> на цели)% больше урона. (До 50%)\n\nНачало хода: от самого медленного к самому быстрому, трое медленных союзников получают 5, 3 и 2 <sprite name=\"AttackUp\"><color=#f8c200><u><link=\"AttackUp\">Повышений уровня атаки</link></u></color> соответственно.",
      "simpleDesc": [
        {
          "abilityID": 2046,
          "simpleDesc": "Третий навык получает +2 к силе монет и наносит на 25% больше урона"
        },
        {
          "abilityID": 20461,
          "simpleDesc": "+2 к Силе в столкновении и на (Количество <sprite name=\"Vibration\"><color=#e30000><u><link=\"Vibration\">Тряски</link></u></color> на цели)% больше урона"
        },
        {
          "abilityID": 20462,
          "simpleDesc": "Дает <sprite name=\"AttackUp\"><color=#f8c200><u><link=\"AttackUp\">Повышение уровня атаки</link></u></color>"
        }
      ]
    }
  ]
}