﻿{
  "dataList": [
    {
      "id": 9744,
      "name": "Сила инцеста",
      "desc": "При нанесении силы <sprite name=\"Laceration\"><color=#e30000><u><link=\"Laceration\">Кетчупа</link></u></color> или Особого Кетчупа эффектами Базовых Атакующих навыков, повышает счетчик <sprite name=\"Laceration\"><color=#e30000><u><link=\"Laceration\">Кетчупа</link></u></color> на 2. (Трижды за ход на всю команду)\n\nНа 1% больше урона за каждый счетчик  <sprite name=\"Laceration\"><color=#e30000><u><link=\"Laceration\">Кетчупа</link></u></color> на цели. (До 20%)",
      "simpleDesc": [
        {
          "abilityID": 9744,
          "simpleDesc": "Повышет счетчик <sprite name=\"Laceration\"><color=#e30000><u><link=\"Laceration\">Кетчупа</link></u></color> и наносимый урон"
        }
      ]
    },
    {
      "id": 9745,
      "name": "Сломаный вибратор",
      "desc": "Базовые Атакующие навыки, которые тратят счетчик <sprite name=\"Charge\"><color=#f8c200><u><link=\"Charge\">Соль</link></u></color> или Особого Солей, тратят его в полтора раза больше.\n\nНа 2% больше за каждый потраченный Базовыми Атакующими навыками счетчик <sprite name=\"Charge\"><color=#f8c200><u><link=\"Charge\">Соль</link></u></color> или Особого Солей. (До 20%)",
      "simpleDesc": [
        {
          "abilityID": 9745,
          "simpleDesc": "Тратит дополнительные счетчики <sprite name=\"Charge\"><color=#f8c200><u><link=\"Charge\">Солей</link></u></color> для нанесения дополнительного урона"
        }
      ]
    },
    {
      "id": 9746,
      "name": "Пердеж Бины",
      "desc": "При вступании в столкновение с противником используя Атакующий навык, который наносит силу <sprite name=\"Sinking\"><color=#e30000><u><link=\"Sinking\">Депрессии</link></u></color>, повышает его счетчик, или наносит Особую Депрессию, и нанесении им урона: при попадании наносит <sprite name=\"Sinking\"><color=#e30000><u><link=\"Sinking\">Депрессию</link></u></color>, равное количеству комбо. (До 3; трижды за ход)",
      "simpleDesc": [
        {
          "abilityID": 9746,
          "simpleDesc": "Наносит <sprite name=\"Sinking\"><color=#e30000><u><link=\"Sinking\">Депрессию</link></u></color>, равное количеству комбо"
        }
      ]
    },
    {
      "id": 9747,
      "name": "Забродивший героин",
      "desc": "Когда противник собирается потерять или потратить счетчик <sprite name=\"Sinking\"><color=#e30000><u><link=\"Sinking\">Депрессии</link></u></color> от удара: шанс (Сила <sprite name=\"Sinking\"><color=#e30000><u><link=\"Sinking\">Депрессии</link></u></color> цели)% повысить счетчик <sprite name=\"Sinking\"><color=#e30000><u><link=\"Sinking\">Депрессии</link></u></color> на 1 перед получением этого удара. (До 99%, трижды за ход)\n- Поднимает базовый шанс на (Наибольший резонанс × 2)%. (До 12%)\n- Если этот резонанс был резонансом Уныния или Зависти: повышает счетчик <sprite name=\"Sinking\"><color=#e30000><u><link=\"Sinking\">Депрессии</link></u></color> еще на 1.",
      "simpleDesc": [
        {
          "abilityID": 9747,
          "simpleDesc": "Шанс (Сила <sprite name=\"Sinking\"><color=#e30000><u><link=\"Sinking\">Депрессии</link></u></color>)% не потратить его счетчик"
        }
      ]
    },
    {
      "id": 9748,
      "name": "Иисус",
      "desc": "Победа в столкновении: восстанавливает SP, равное количеству комбо. (До 3)\nЕсли SP уже было максимальным, дает (# комбо / 2) <sprite name=\"AttackUp\"><color=#f8c200><u><link=\"AttackUp\">Повышений уровня атаки</link></u></color> на следующий ход. (До 3)",
      "simpleDesc": [
        {
          "abilityID": 9748,
          "simpleDesc": "Восстанавливает SP при победе в столкновении"
        }
      ]
    },
    {
      "id": 9749,
      "name": "Шляпка Иисуса",
      "desc": "Начало хода: с наименьшей SP восстанавливает 8 SP. (За исключением паники ли коррозии ЭГО)\nЕсли SP уже было максимальным, +1 к Силе в столкновении на протяжении хода.\nЭтот ход: <sprite name=\"MentalSystemResultIncrease_Typo\"><color=#9f6a3a><u><link=\"MentalSystemResultIncrease_Typo\">Эффективность восстановления SP</link></u></color> +1, <sprite name=\"MentalSystemResultDecrease_Typo\"><color=#9f6a3a><u><link=\"MentalSystemResultDecrease_Typo\">Эффективность потери SP</link></u></color> -1.",
      "simpleDesc": [
        {
          "abilityID": 9749,
          "simpleDesc": "Начало хода: восстанавливает 8 SP союзнику с наименьшей SP"
        }
      ]
    },
    {
      "id": 9750,
      "name": "Динь динь динь динь",
      "desc": "На 1 теряемую SP меньше при потере SP от эффектов своих же навыков.\n\nЕсли цель имеет <sprite name=\"Sinking\"><color=#e30000><u><link=\"Sinking\">Депрессию</link></u></color>, на 2% больше урона за каждый выпавший при атаке орел. (До 16%)",
      "simpleDesc": [
        {
          "abilityID": 9750,
          "simpleDesc": "Уменьшает потерю SP от эффектов своих навыков"
        },
        {
          "abilityID": 97501,
          "simpleDesc": "Больше урона целям с <sprite name=\"Sinking\"><color=#e30000><u><link=\"Sinking\">Депрессией</link></u></color>"
        }
      ]
    }
  ]
}