{
  "dataList": [
    {
      "id": 9812,
      "name": "Часы ебаные",
      "desc": "When triggering [Switch_Vibration] or [FusionVibration], trigger [VibrationExplosion] on target (once per turn per Identity)",
      "simpleDesc": [
        {
          "abilityID": 9812,
          "simpleDesc": "Trigger Tremor Burst on target"
        }
      ]
    },
    {
      "id": 19812,
      "name": "Часы ебаные+",
      "desc": "When triggering [Switch_Vibration] or [FusionVibration], trigger [VibrationExplosion] on target (<style=\"upgradeHighlight\">2 times</style> per turn per Identity)",
      "simpleDesc": [
        {
          "abilityID": 19812,
          "simpleDesc": "Trigger Tremor Burst on target"
        }
      ]
    },
    {
      "id": 29812,
      "name": "Часы ебаные++",
      "desc": "When triggering [Switch_Vibration] or [FusionVibration], trigger [VibrationExplosion] on target (<style=\"upgradeHighlight\">3</style> times per turn per Identity)",
      "simpleDesc": [
        {
          "abilityID": 29812,
          "simpleDesc": "Trigger Tremor Burst on target"
        }
      ]
    },
    {
      "id": 9813,
      "name": "Медаль главного гея",
      "desc": "[Effects apply only to #3 Deployed Identity]\n\nWhen this unit takes lethal damage, their HP does not drop below 1, instantly heals 80% of their max HP, and recovers from Stagger. (once per Encounter, rounded up)\nWhen the E.G.O Gift activates, starting next turn, gain 2 [Enhancement] and 1 [Vulnerable] at every Turn Start for this Encounter.\nIf the affected unit is a T Corp. employee, gain 1 additional [TimeRentalTwoPersonality] when gaining a Stack of it.\nIf the affected unit is a T Corp. employee, if the target has [TimeSuspend], deal +10% damage with Attack Skills.",
      "simpleDesc": [
        {
          "abilityID": 9813,
          "simpleDesc": "HP does not drop below 1, and instantly heals 80% of max HP"
        },
        {
          "abilityID": 98131,
          "simpleDesc": "Gain additional Borrowed Time when gaining it"
        },
        {
          "abilityID": 98132,
          "simpleDesc": "Deals more damage if this unit has Time Moratorium"
        }
      ]
    },
    {
      "id": 19813,
      "name": "Медаль главного гея+",
      "desc": "[Effects apply only to <style=\"upgradeHighlight\">#2 and</style> #3 Deployed Identities]\n\nWhen this unit takes lethal damage, their HP does not drop below 1, instantly heals 80% of their max HP, and recovers from Stagger. (once per Encounter, rounded up)\nWhen the E.G.O Gift activates, starting next turn, gain 2 [Enhancement] and 1 [Vulnerable] at every Turn Start for this Encounter.\nIf the affected unit is a T Corp. employee, gain 1 additional [TimeRentalTwoPersonality] when gaining a Stack of it.\nIf the affected unit is a T Corp. employee, if the target has [TimeSuspend], deal +<style=\"upgradeHighlight\">12.5</style>% damage with Attack Skills.",
      "simpleDesc": [
        {
          "abilityID": 19813,
          "simpleDesc": "HP does not drop below 1, and instantly heals 80% of max HP"
        },
        {
          "abilityID": 198131,
          "simpleDesc": "Gain additional Borrowed Time when gaining it"
        },
        {
          "abilityID": 198132,
          "simpleDesc": "Deals more damage if this unit has Time Moratorium"
        }
      ]
    },
    {
      "id": 29813,
      "name": "Медаль главного гея++",
      "desc": "[Effects apply only to <style=\"upgradeHighlight\">#1,</style> #2, and #3 Deployed Identities]\n\nWhen this unit takes lethal damage, their HP does not drop below 1, instantly heals 80% of their max HP, and recovers from Stagger. (once per Encounter, rounded up)\nWhen the E.G.O Gift activates, starting next turn, <style=\"upgradeHighlight\">gain 2 [Enhancement]</style> at every Turn Start for this Encounter.\nIf the affected unit is a T Corp. employee, gain <style=\"upgradeHighlight\">2</style> additional [TimeRentalTwoPersonality] when gaining a Stack of it.\nIf the affected unit is a T Corp. employee, if the target has [TimeSuspend], deal +<style=\"upgradeHighlight\">15</style>% damage with Attack Skills.",
      "simpleDesc": [
        {
          "abilityID": 29813,
          "simpleDesc": "HP does not drop below 1, and instantly heals 80% of max HP"
        },
        {
          "abilityID": 298131,
          "simpleDesc": "Gain additional Borrowed Time when gaining it"
        },
        {
          "abilityID": 298132,
          "simpleDesc": "Deals more damage if this unit has Time Moratorium"
        }
      ]
    },
    {
      "id": 9814,
      "name": "Видеоплеер с ЦП",
      "desc": "At Turn Start, for 1 Identity with the most [Vibration] Count, trigger [FusionVibration] to convert their [Vibration] to [VibrationDistribution]",
      "simpleDesc": [
        {
          "abilityID": 9814,
          "simpleDesc": "Trigger Amplitude Entanglement into Tremor - Distribution"
        }
      ]
    },
    {
      "id": 19814,
      "name": "Видеоплеер с ЦП+",
      "desc": "At Turn Start, for <style=\"upgradeHighlight\">2 Identities</style> with the most [Vibration] Count, trigger [FusionVibration] to convert their [Vibration] to [VibrationDistribution]",
      "simpleDesc": [
        {
          "abilityID": 19814,
          "simpleDesc": "Trigger Amplitude Entanglement into Tremor - Distribution"
        }
      ]
    },
    {
      "id": 29814,
      "name": "Видеоплеер с ЦП++",
      "desc": "At Turn Start, for <style=\"upgradeHighlight\">3 </style>Identities with the most [Vibration] Count, trigger [FusionVibration] to convert their [Vibration] to [VibrationDistribution]",
      "simpleDesc": [
        {
          "abilityID": 29814,
          "simpleDesc": "Trigger Amplitude Entanglement into Tremor - Distribution"
        }
      ]
    },
    {
      "id": 9816,
      "name": "Внутренности ебаных часов",
      "desc": "Effects apply only to #1 Deployed Identity\n\nApplies to Identitis with Skills that inflict [Vibration] Potency, Count, or trigger [VibrationExplosion].\nEncounter Start: gain 5 [UltraPrecisionTimeAcceleration]",
      "simpleDesc": [
        {
          "abilityID": 9816,
          "simpleDesc": "Gain 5 Microprecision Time Acceleration"
        }
      ]
    }
  ]
}