﻿{
  "dataList": [
    {
      "id": 9427,
      "name": "Тампон Ахаб",
      "desc": "[Эффекты активируются для #6 Выбранной Айдишки]\n\nКонец хода: при менее чем 30% HP дает 1 <sprite name=\"Enhancement\"><color=#f8c200><u><link=\"Enhancement\">Повышение силы атаки</link></u></color> на следующий ход.",
      "simpleDesc": [
        {
          "abilityID": 9427,
          "simpleDesc": "Дает 1 <sprite name=\"Enhancement\"><color=#f8c200><u><link=\"Enhancement\">Повышение силы атаки</link></u></color> на следующий ход"
        }
      ]
    },
    {
      "id": 19427,
      "name": "Тампон Ахаб+",
      "desc": "[Эффекты активируются для #6 Выбранной Айдишки]\n\nКонец хода: при менее чем <style=\"upgradeHighlight\">40%</style> HP дает 1 <sprite name=\"Enhancement\"><color=#f8c200><u><link=\"Enhancement\">Повышение силы атаки</link></u></color> на следующий ход.\n\n<style=\"upgradeHighlight\">Конец хода: если на поле боя есть оглушенный союзник, дает 6 <sprite name=\"Aggro\"><color=#9f6a3a><u><link=\"Aggro\">Провокаций</link></u></color> и 4 <sprite name=\"DefenseUp\"><color=#f8c200><u><link=\"DefenseUp\">Повышения уровня защиты</link></u></color> на следующий ход.</style>",
      "simpleDesc": [
        {
          "abilityID": 19427,
          "simpleDesc": "Дает 1 <sprite name=\"Enhancement\"><color=#f8c200><u><link=\"Enhancement\">Повышение силы атаки</link></u></color> на следующий ход"
        },
        {
          "abilityID": 194271,
          "simpleDesc": "Дает 6 <sprite name=\"Aggro\"><color=#9f6a3a><u><link=\"Aggro\">Провокаций</link></u></color> и 4 <sprite name=\"DefenseUp\"><color=#f8c200><u><link=\"DefenseUp\">Повышения уровня защиты</link></u></color> на следующий ход"
        }
      ]
    },
    {
      "id": 29427,
      "name": "Тампон Ахаб++",
      "desc": "[Эффекты активируются для #6 Выбранной Айдишки]\n\nКонец хода: при менее чем <style=\"upgradeHighlight\">50%</style> HP дает 1 <sprite name=\"Enhancement\"><color=#f8c200><u><link=\"Enhancement\">Повышение силы атаки</link></u></color> на следующий ход\n\nКонец хода: если на поле боя есть оглушенный союзник, дает 6 <sprite name=\"Aggro\"><color=#9f6a3a><u><link=\"Aggro\">Провокаций</link></u></color> и 4 <sprite name=\"DefenseUp\"><color=#f8c200><u><link=\"DefenseUp\">Повышения уровня защиты</link></u></color> на следующий ход",
      "simpleDesc": [
        {
          "abilityID": 29427,
          "simpleDesc": "Дает 1 <sprite name=\"Enhancement\"><color=#f8c200><u><link=\"Enhancement\">Повышение силы атаки</link></u></color> на следующий ход"
        },
        {
          "abilityID": 294271,
          "simpleDesc": "Дает 6 <sprite name=\"Aggro\"><color=#9f6a3a><u><link=\"Aggro\">Провокаций</link></u></color> и 4 <sprite name=\"DefenseUp\"><color=#f8c200><u><link=\"DefenseUp\">Повышения уровня защиты</link></u></color> на следующий ход"
        }
      ]
    },
    {
      "id": 9428,
      "name": "Сердце курильщика",
      "desc": "При ударе по противникам с <sprite name=\"Laceration\"><color=#e30000><u><link=\"Laceration\">Кетчупом</link></u></color> дает 1 <sprite name=\"Breath\"><color=#f8c200><u><link=\"Breath\">Кумар</link></u></color>. (Трижды за ход на айдишку)\n\nПри раскумаре имеется 50% шанс не потратить счетчик <sprite name=\"Breath\"><color=#f8c200><u><link=\"Breath\">Кумара</link></u></color>. (Единожды за ход на айдишку)\n\nПри раскумаре орлом Базовой атаки: на 1 наносимый этой монетой негативный эффект больше. (Единожды за ход на айдишку; включая ЭГО навыки и контратаку)",
      "simpleDesc": [
        {
          "abilityID": 9428,
          "simpleDesc": "Дает <sprite name=\"Breath\"><color=#f8c200><u><link=\"Breath\">Кумар</link></u></color>"
        },
        {
          "abilityID": 94281,
          "simpleDesc": "Шанс не потратить счетчик <sprite name=\"Breath\"><color=#f8c200><u><link=\"Breath\">Кумара</link></u></color>"
        },
        {
          "abilityID": 94282,
          "simpleDesc": "На 1 больше наносимый негативный эффект"
        }
      ]
    },
    {
      "id": 9431,
      "name": "Скучной ночи",
      "desc": "[Эффекты активируются для #5 и #6 Выбранных айдишек]\n\nПри менее чем 45% HP дает 1 <sprite name=\"AttackUp\"><color=#f8c200><u><link=\"AttackUp\">Повышение уровня атаки</link></u></color> и 1 <sprite name=\"TakeHpHealIncrease\"><color=#f8c200><u><link=\"TakeHpHealIncrease\">Повышение восстановления HP</link></u></color> при победе в столкновении. (Дважды за ход на айдишку)\n\nПри менее чем 20% HP дает 1 <sprite name=\"AttackUp\"><color=#f8c200><u><link=\"AttackUp\">Повышение уровня атаки</link></u></color> и 1 <sprite name=\"TakeHpHealIncrease\"><color=#f8c200><u><link=\"TakeHpHealIncrease\">Повышение восстановления HP</link></u></color> при использовании навыка вместо этого. (Дважды за ход на айдишку)",
      "simpleDesc": [
        {
          "abilityID": 9431,
          "simpleDesc": "Дает 1 <sprite name=\"AttackUp\"><color=#f8c200><u><link=\"AttackUp\">Повышение уровня атаки</link></u></color> и 1 <sprite name=\"TakeHpHealIncrease\"><color=#f8c200><u><link=\"TakeHpHealIncrease\">Повышение восстановления HP</link></u></color>"
        },
        {
          "abilityID": 94311,
          "simpleDesc": "Дает 1 <sprite name=\"AttackUp\"><color=#f8c200><u><link=\"AttackUp\">Повышение уровня атаки</link></u></color> и 1 <sprite name=\"TakeHpHealIncrease\"><color=#f8c200><u><link=\"TakeHpHealIncrease\">Повышение восстановления HP</link></u></color>"
        }
      ]
    },
    {
      "id": 19431,
      "name": "Скучной ночи+",
      "desc": "[Эффекты активируются для #5 и #6 Выбранных айдишек]\n\nПри менее чем <style=\"upgradeHighlight\">65%</style> HP дает 1 <sprite name=\"AttackUp\"><color=#f8c200><u><link=\"AttackUp\">Повышение уровня атаки</link></u></color> и 1 <sprite name=\"TakeHpHealIncrease\"><color=#f8c200><u><link=\"TakeHpHealIncrease\">Повышение восстановления HP</link></u></color> при победе в столкновении. (Дважды за ход на айдишку)\n\nПри менее чем <style=\"upgradeHighlight\">40%</style> HP дает 1 <sprite name=\"AttackUp\"><color=#f8c200><u><link=\"AttackUp\">Повышение уровня атаки</link></u></color> и 1 <sprite name=\"TakeHpHealIncrease\"><color=#f8c200><u><link=\"TakeHpHealIncrease\">Повышение восстановления HP</link></u></color> при использовании навыка вместо этого. (Дважды за ход на айдишку)\n\n<style=\"upgradeHighlight\">При победе в столкновении после 5 комбо, победивший в столкновении навык наносит на (# комбо × 2)% больше урона. (До 20%)</style>",
      "simpleDesc": [
        {
          "abilityID": 19431,
          "simpleDesc": "Дает 1 <sprite name=\"AttackUp\"><color=#f8c200><u><link=\"AttackUp\">Повышение уровня атаки</link></u></color> и 1 <sprite name=\"TakeHpHealIncrease\"><color=#f8c200><u><link=\"TakeHpHealIncrease\">Повышение восстановления HP</link></u></color>"
        },
        {
          "abilityID": 194311,
          "simpleDesc": "Дает 1 <sprite name=\"AttackUp\"><color=#f8c200><u><link=\"AttackUp\">Повышение уровня атаки</link></u></color> и 1 <sprite name=\"TakeHpHealIncrease\"><color=#f8c200><u><link=\"TakeHpHealIncrease\">Повышение восстановления HP</link></u></color>"
        },
        {
          "abilityID": 194312,
          "simpleDesc": "Больше урона на основе числа столкновений"
        }
      ]
    },
    {
      "id": 29431,
      "name": "Скучной ночи++",
      "desc": "[Эффекты активируются для #5 и #6 Выбранных айдишек]\n\nПри менее чем 65% HP дает 1 <sprite name=\"AttackUp\"><color=#f8c200><u><link=\"AttackUp\">Повышение уровня атаки</link></u></color> и 1 <sprite name=\"TakeHpHealIncrease\"><color=#f8c200><u><link=\"TakeHpHealIncrease\">Повышение восстановления HP</link></u></color> при победе в столкновении. (Дважды за ход на айдишку)\n\nПри менее чем 40% HP дает 1 <sprite name=\"AttackUp\"><color=#f8c200><u><link=\"AttackUp\">Повышение уровня атаки</link></u></color> и 1 <sprite name=\"TakeHpHealIncrease\"><color=#f8c200><u><link=\"TakeHpHealIncrease\">Повышение восстановления HP</link></u></color> при использовании навыка вместо этого. (Дважды за ход на айдишку)\n\nПри победе в столкновении после 5 комбо, победивший в столкновении навык наносит на (# комбо × <style=\"upgradeHighlight\">3</style>)% больше урона. (До <style=\"upgradeHighlight\">30%</style>)",
      "simpleDesc": [
        {
          "abilityID": 29431,
          "simpleDesc": "Дает 1 <sprite name=\"AttackUp\"><color=#f8c200><u><link=\"AttackUp\">Повышение уровня атаки</link></u></color> и 1 <sprite name=\"TakeHpHealIncrease\"><color=#f8c200><u><link=\"TakeHpHealIncrease\">Повышение восстановления HP</link></u></color>"
        },
        {
          "abilityID": 294311,
          "simpleDesc": "Дает 1 <sprite name=\"AttackUp\"><color=#f8c200><u><link=\"AttackUp\">Повышение уровня атаки</link></u></color> и 1 <sprite name=\"TakeHpHealIncrease\"><color=#f8c200><u><link=\"TakeHpHealIncrease\">Повышение восстановления HP</link></u></color>"
        },
        {
          "abilityID": 294312,
          "simpleDesc": "Больше урона на основе числа столкновений"
        }
      ]
    },
    {
      "id": 9432,
      "name": "Азов сталь",
      "desc": "[Эффекты активируются для #1 Выбранной Айдишки]\n\nКонец хода: если на поле боя есть оглушенные союзники, восстанавливает их от оглушения и в начале следующего хода наносит 4 <sprite name=\"Sinking\"><color=#e30000><u><link=\"Sinking\">Депрессии</link></u></color> и повышает его счетчик на 4 всем противникам. (Единожды за битву)\n\nПри победе над противником с <sprite name=\"Sinking\"><color=#e30000><u><link=\"Sinking\">Депрессией</link></u></color>, один другой противник с наименьшим счетчиком <sprite name=\"Sinking\"><color=#e30000><u><link=\"Sinking\">Депрессии</link></u></color> получает еще 2 его счетчика.",
      "simpleDesc": [
        {
          "abilityID": 9432,
          "simpleDesc": "Inflict 4 Sinking Potency and Count against all enemies"
        },
        {
          "abilityID": 94321,
          "simpleDesc": "The enemy with the least Sinking Count gains +2 Sinking Count"
        }
      ]
    },
    {
      "id": 9435,
      "name": "Искусство поноса в стиле дворецкого",
      "desc": "Начало хода: наносит 1 <sprite name=\"Binding\"><color=#e30000><u><link=\"Binding\">Понос</link></u></color> противникам, которые восстановились от оглушения в прошлом ходе.\n\nПри ударе от союзника с наибольшим процентом HP: если цель оглушена, на 7.5% больше урона за каждый уровень оглушения.",
      "simpleDesc": [
        {
          "abilityID": 9435,
          "simpleDesc": "Наносит 1 <sprite name=\"Binding\"><color=#e30000><u><link=\"Binding\">Понос</link></u></color> противникам, которые восстановились от оглушения"
        },
        {
          "abilityID": 94351,
          "simpleDesc": "Больше урона на основе уровня оглушения цели"
        }
      ]
    },
    {
      "id": 19435,
      "name": "Искусство поноса в стиле дворецкого+",
      "desc": "Начало хода: наносит <style=\"upgradeHighlight\">2</style> <sprite name=\"Binding\"><color=#e30000><u><link=\"Binding\">Поноса</link></u></color> противникам, которые восстановились от оглушения в прошлом ходе.\n\nПри ударе от союзника с наибольшим процентом HP: если цель оглушена, на <style=\"upgradeHighlight\">10%</style> больше урона за каждый уровень оглушения.",
      "simpleDesc": [
        {
          "abilityID": 19435,
          "simpleDesc": "Inflict 2 Bind on the enemy that recovered from Stagger"
        },
        {
          "abilityID": 194351,
          "simpleDesc": "Deal more damage based on the target's Stagger LV"
        }
      ]
    },
    {
      "id": 29435,
      "name": "Искусство поноса в стиле дворецкого++",
      "desc": "Начало хода: наносит <style=\"upgradeHighlight\">3</style> <sprite name=\"Binding\"><color=#e30000><u><link=\"Binding\">Поноса</link></u></color> противникам, которые восстановились от оглушения в прошлом ходе.\n\nПри ударе от союзника с наибольшим процентом HP: если цель оглушена, на <style=\"upgradeHighlight\">12.5%</style> больше урона за каждый уровень оглушения.",
      "simpleDesc": [
        {
          "abilityID": 29435,
          "simpleDesc": "Inflict 3 Bind on the enemy that recovered from Stagger"
        },
        {
          "abilityID": 294351,
          "simpleDesc": "Deal more damage based on the target's Stagger LV"
        }
      ]
    },
    {
      "id": 9436,
      "name": "Граната со слезами младенцев",
      "desc": "Нефокусированные столкновения: при ударе по противникам с 10+ (Счетчик + сила <sprite name=\"Sinking\"><color=#e30000><u><link=\"Sinking\">Депрессии</link></u></color>):\nесли цель имеет -45 SP, наносит ((Счетчик + сила <sprite name=\"Sinking\"><color=#e30000><u><link=\"Sinking\">Депрессии</link></u></color>) / 5) урона Унынием. (Трижды за навык)\n\nФокусированные столкновения: при ударе по противникам с 10+ (Счетчик + сила <sprite name=\"Sinking\"><color=#e30000><u><link=\"Sinking\">Депрессии</link></u></color>):\nнаносит ((Счетчик + сила <sprite name=\"Sinking\"><color=#e30000><u><link=\"Sinking\">Депрессии</link></u></color>) / 10) урона Унынием. (Дважды за навык)",
      "simpleDesc": [
        {
          "abilityID": 9436,
          "simpleDesc": "Наносит урон Унынием на основе количества <sprite name=\"Sinking\"><color=#e30000><u><link=\"Sinking\">Депрессии</link></u></color> цели"
        },
        {
          "abilityID": 94361,
          "simpleDesc": "Наносит урон Унынием на основе количества <sprite name=\"Sinking\"><color=#e30000><u><link=\"Sinking\">Депрессии</link></u></color> цели"
        }
      ]
    },
    {
      "id": 9437,
      "name": "Билет на весь день к гинекологу",
      "desc": "При попадании по целям с 10+ (Сумма <sprite name=\"Laceration\"><color=#e30000><u><link=\"Laceration\">Кетчупа</link></u></color>, Особого Кетчупа и <sprite name=\"Burst\"><color=#e30000><u><link=\"Burst\">Зеленки</link></u></color>): дает 1 <sprite name=\"Breath\"><color=#f8c200><u><link=\"Breath\">Кумар</link></u></color> и повышает его счетчик на 1. (Дважды за навык)",
      "simpleDesc": [
        {
          "abilityID": 9437,
          "simpleDesc": "Дает <sprite name=\"Breath\"><color=#f8c200><u><link=\"Breath\">Кумар</link></u></color> и повышает его счетчик"
        }
      ]
    },
    {
      "id": 9438,
      "name": "За победу в тесте на СПИД",
      "desc": "При убийстве противника, союзник с наименьшей SP восстанавливает 3 SP.\n\nПосле атаки: если противник с 10+ (Сумма <sprite name=\"Laceration\"><color=#e30000><u><link=\"Laceration\">Кетчупа</link></u></color>, Особого Кетчупа и <sprite name=\"Burst\"><color=#e30000><u><link=\"Burst\">Зеленки</link></u></color>) побежден, союзник получает 2 <sprite name=\"AttackUp\"><color=#f8c200><u><link=\"AttackUp\">Повышения уровня атаки</link></u></color> на следующий ход. (В приоритете союзник, убивший этого противника)",
      "simpleDesc": [
        {
          "abilityID": 9438,
          "simpleDesc": "Восстанавливает 3 SP"
        },
        {
          "abilityID": 9438,
          "simpleDesc": "Случайный союзник получает 2 <sprite name=\"AttackUp\"><color=#f8c200><u><link=\"AttackUp\">Повышения уровня атаки</link></u></color> на следующий ход"
        }
      ]
    },
    {
      "id": 9439,
      "name": "Выкидыш",
      "desc": "Когда союзник умирает, дает по 1 ЭГО ресурсу за его первый и второй навыки.\n\nПосле атаки: если противник побежден, дает 1 случайный ЭГО ресурс. (Единожды за навык)",
      "simpleDesc": [
        {
          "abilityID": 9439,
          "simpleDesc": "Дает 1 случайный ЭГО ресурс"
        }
      ]
    },
    {
      "id": 9440,
      "name": "Анончик",
      "desc": "В битвах, где повляются запасные противники: когда они вступают на поле боя, наносит им 3 <sprite name=\"Laceration\"><color=#e30000><u><link=\"Laceration\">Кетчупа</link></u></color> и повышает его счетчик на 2.\n\nЕсли среди союзников есть <Кровожад>: при вступании противников в бой, активирует <sprite name=\"Laceration\"><color=#e30000><u><link=\"Laceration\">Кетчуп</link></u></color> на всех противниках.",
      "simpleDesc": [
        {
          "abilityID": 9440,
          "simpleDesc": "Наносит входящим на поле боя из запаса противникам 3 <sprite name=\"Laceration\"><color=#e30000><u><link=\"Laceration\">Кетчупа</link></u></color> и повышает его счетчик на 2"
        },
        {
          "abilityID": 94401,
          "simpleDesc": "Активирует <sprite name=\"Laceration\"><color=#e30000><u><link=\"Laceration\">Кетчуп</link></u></color> на всех противниках (Понижает его счетчик на 1)"
        }
      ]
    },
    {
      "id": 19440,
      "name": "Анончик+",
      "desc": "В битвах, где повляются запасные противники: когда они вступают на поле боя, наносит им <style=\"upgradeHighlight\">5</style> <sprite name=\"Laceration\"><color=#e30000><u><link=\"Laceration\">Кетчупа</link></u></color> и повышает его счетчик на <style=\"upgradeHighlight\">3</style>.\n\nЕсли среди союзников есть <Кровожад>: при вступании противников в бой, активирует <sprite name=\"Laceration\"><color=#e30000><u><link=\"Laceration\">Кетчуп</link></u></color> на всех противниках.",
      "simpleDesc": [
        {
          "abilityID": 194405,
          "simpleDesc": "Наносит входящим на поле боя из запаса противникам 5 <sprite name=\"Laceration\"><color=#e30000><u><link=\"Laceration\">Кетчупа</link></u></color> и повышает его счетчик на 3"
        },
        {
          "abilityID": 1944051,
          "simpleDesc": "Активирует <sprite name=\"Laceration\"><color=#e30000><u><link=\"Laceration\">Кетчуп</link></u></color> на всех противниках (Понижает его счетчик на 1)"
        }
      ]
    }
  ]
}