﻿{
  "dataList": [
    {
      "id": 9751,
      "name": "Порваный презерватив",
      "desc": "Начало хода: все союзники получают 2 <sprite name=\"DefenseUp\"><color=#f8c200><u><link=\"DefenseUp\">Повышения уровня защиты</link></u></color>.\nКаждый союзник получает (<sprite name=\"DefenseUp\"><color=#f8c200><u><link=\"DefenseUp\">Повышений уровня защиты</link></u></color> на себе / 4) Уровней атаки. (До 10)",
      "simpleDesc": [
        {
          "abilityID": 9751,
          "simpleDesc": "Все союзники получают <sprite name=\"DefenseUp\"><color=#f8c200><u><link=\"DefenseUp\">Повышение уровня защиты</link></u></color> и уровни атаки"
        }
      ]
    },
    {
      "id": 19751,
      "name": "Порваный презерватив+",
      "desc": "Начало хода: все союзники получают <style=\"upgradeHighlight\">4</style> <sprite name=\"DefenseUp\"><color=#f8c200><u><link=\"DefenseUp\">Повышения уровня защиты</link></u></color>.\nКаждый союзник получает (<sprite name=\"DefenseUp\"><color=#f8c200><u><link=\"DefenseUp\">Повышений уровня защиты</link></u></color> на себе / <style=\"upgradeHighlight\">3</style>) Уровней атаки. (До 10)",
      "simpleDesc": [
        {
          "abilityID": 19751,
          "simpleDesc": "Все союзники получают <sprite name=\"DefenseUp\"><color=#f8c200><u><link=\"DefenseUp\">Повышение уровня защиты</link></u></color> и уровни атаки"
        }
      ]
    },
    {
      "id": 29751,
      "name": "Порваный презерватив++",
      "desc": "Начало хода: все союзники получают 4 <sprite name=\"DefenseUp\"><color=#f8c200><u><link=\"DefenseUp\">Повышения уровня защиты</link></u></color>.\nКаждый союзник получает (<sprite name=\"DefenseUp\"><color=#f8c200><u><link=\"DefenseUp\">Повышений уровня защиты</link></u></color> на себе / <style=\"upgradeHighlight\">2</style>) Уровней атаки. (До 10)",
      "simpleDesc": [
        {
          "abilityID": 29751,
          "simpleDesc": "Все союзники получают <sprite name=\"DefenseUp\"><color=#f8c200><u><link=\"DefenseUp\">Повышение уровня защиты</link></u></color> и уровни атаки"
        }
      ]
    },
    {
      "id": 9752,
      "name": "Баскетбольое кольцо в раю",
      "desc": "При ударе дает 1 <sprite name=\"Zazen\"><color=#f8c200><u><link=\"Zazen\">Дхьяну</link></u></color>. (Дважды за навык)\nЕсли был получен урон от навыков противника в этом ходу, дает на 1 <sprite name=\"Zazen\"><color=#f8c200><u><link=\"Zazen\">Дхьяну</link></u></color> больше каждый раз.",
      "simpleDesc": [
        {
          "abilityID": 9752,
          "simpleDesc": "Дает 1 <sprite name=\"Zazen\"><color=#f8c200><u><link=\"Zazen\">Дхьяну</link></u></color> при ударе"
        }
      ]
    },
    {
      "id": 19752,
      "name": "Баскетбольое кольцо в раю+",
      "desc": "При ударе дает 1 <sprite name=\"Zazen\"><color=#f8c200><u><link=\"Zazen\">Дхьяну</link></u></color>. (<style=\"upgradeHighlight\">Трижды</style> за навык)\nЕсли был получен урон от навыков противника в этом ходу, дает на 1 <sprite name=\"Zazen\"><color=#f8c200><u><link=\"Zazen\">Дхьяну</link></u></color> больше каждый раз.",
      "simpleDesc": [
        {
          "abilityID": 19752,
          "simpleDesc": "Дает 1 <sprite name=\"Zazen\"><color=#f8c200><u><link=\"Zazen\">Дхьяну</link></u></color> при ударе"
        }
      ]
    },
    {
      "id": 29752,
      "name": "Баскетбольое кольцо в раю++",
      "desc": "При ударе дает <style=\"upgradeHighlight\">2</style> <sprite name=\"Zazen\"><color=#f8c200><u><link=\"Zazen\">Дхьяны</link></u></color>. (Трижды за навык)\nЕсли был получен урон от навыков противника в этом ходу, дает на 1 <sprite name=\"Zazen\"><color=#f8c200><u><link=\"Zazen\">Дхьяну</link></u></color> больше каждый раз.",
      "simpleDesc": [
        {
          "abilityID": 29752,
          "simpleDesc": "Дает 2 <sprite name=\"Zazen\"><color=#f8c200><u><link=\"Zazen\">Дхьяны</link></u></color> при ударе"
        }
      ]
    },
    {
      "id": 9753,
      "name": "Аппарат жизнеобеспечения твоей бабки (хуле описание такое длинное бля)",
      "desc": "В нечетных ходах все союзники получают 1 <sprite name=\"AttackDmgUp\"><color=#f8c200><u><link=\"AttackDmgUp\">Повышение урона</link></u></color>. В четных ходах все союзники получают 1 <sprite name=\"Protection\"><color=#f8c200><u><link=\"Protection\">Защищенность</link></u></color>.",
      "simpleDesc": [
        {
          "abilityID": 9753,
          "simpleDesc": "Усиливает силу атаки или защиты союзников основываясь на четности хода"
        }
      ]
    },
    {
      "id": 19753,
      "name": "Аппарат жизнеобеспечения твоей бабки (хуле описание такое длинное бля)++",
      "desc": "В нечетных ходах все союзники получают 1 <sprite name=\"AttackDmgUp\"><color=#f8c200><u><link=\"AttackDmgUp\">Повышение урона</link></u></color>. В четных ходах все союзники получают 1 <sprite name=\"Protection\"><color=#f8c200><u><link=\"Protection\">Защищенность</link></u></color> <style=\"upgradeHighlight\">и 1</style> <sprite name=\"DefenseUp\"><color=#f8c200><u><link=\"DefenseUp\">Повышение уровня защиты</link></u></color>.",
      "simpleDesc": [
        {
          "abilityID": 19753,
          "simpleDesc": "Усиливает силу атаки или защиты союзников основываясь на четности хода"
        }
      ]
    },
    {
      "id": 29753,
      "name": "Аппарат жизнеобеспечения твоей бабки (хуле описание такое длинное бля)++",
      "desc": "В нечетных ходах все союзники получают 1 <sprite name=\"AttackDmgUp\"><color=#f8c200><u><link=\"AttackDmgUp\">Повышение урона</link></u></color> <style=\"upgradeHighlight\">и 1</style> <sprite name=\"AttackUp\"><color=#f8c200><u><link=\"AttackUp\">Повышение уровня атаки</link></u></color>. В четных ходах все союзники получают 1 <sprite name=\"Protection\"><color=#f8c200><u><link=\"Protection\">Защищенность</link></u></color> и 1 <sprite name=\"DefenseUp\"><color=#f8c200><u><link=\"DefenseUp\">Повышение уровня защиты</link></u></color>.",
      "simpleDesc": [
        {
          "abilityID": 29753,
          "simpleDesc": "Усиливает силу атаки или защиты союзников основываясь на четности хода"
        }
      ]
    },
    {
      "id": 9754,
      "name": "Пизда",
      "desc": "Начало столкновения: все союзники получают (Номер этажа × 2)% макс. HP. (До 20%)",
      "simpleDesc": [
        {
          "abilityID": 9754,
          "simpleDesc": "Все союзники получают дополнение к максимальным HP на основе номера этажа"
        }
      ]
    },
    {
      "id": 19754,
      "name": "Пизда+",
      "desc": "Начало столкновения: все союзники получают (Номер этажа × <style=\"upgradeHighlight\">3</style>)% макс. HP. (До <style=\"upgradeHighlight\">30%</style>)",
      "simpleDesc": [
        {
          "abilityID": 19754,
          "simpleDesc": "Все союзники получают дополнение к максимальным HP на основе номера этажа"
        }
      ]
    },
    {
      "id": 29754,
      "name": "Пизда++",
      "desc": "Начало столкновения: все союзники получают (Номер этажа × <style=\"upgradeHighlight\">5</style>)% макс. HP. (До <style=\"upgradeHighlight\">50%</style>)",
      "simpleDesc": [
        {
          "abilityID": 29754,
          "simpleDesc": "Все союзники получают дополнение к максимальным HP на основе номера этажа"
        }
      ]
    },
    {
      "id": 9755,
      "name": "Очки спрингтрапа",
      "desc": "[Эффекты активируются для #6 Выбранной айдишки]\n\nНачало боевой фазы: на 10% больше урона за каждый навык противника, на который нацелен балбес. (До 20%)\n\nНачало боевой фазы: будучи целью 2+ Атакующих навыков, наносит (# навыков, на которые нацелен балбес) фиксированного урона по HP и SP всем противникам, на которых нацелен этот балбес. (До 3; Не распространяется на союзников)",
      "simpleDesc": [
        {
          "abilityID": 9755,
          "simpleDesc": "Повышает наносимый урон основываясь на количестве навыков, на которые нацелен балбес; наносит фиксированный урон"
        }
      ]
    },
    {
      "id": 19755,
      "name": "Очки спрингтрапа+",
      "desc": "[Эффекты активируются для #6 Выбранной айдишки]\n\nНачало боевой фазы: на 10% больше урона за каждый навык противника, на который нацелен балбес. (До 20%)\n\nНачало боевой фазы: будучи целью 2+ Атакующих навыков, наносит (# навыков, на которые нацелен балбес <style=\"upgradeHighlight\">x 2</style>) фиксированного урона по HP и SP всем противникам, на которых нацелен этот балбес. (До <style=\"upgradeHighlight\">5</style>; Не распространяется на союзников)",
      "simpleDesc": [
        {
          "abilityID": 19755,
          "simpleDesc": "Повышает наносимый урон основываясь на количестве навыков, на которые нацелен балбес; наносит фиксированный урон"
        }
      ]
    },
    {
      "id": 29755,
      "name": "Очки спрингтрапа++",
      "desc": "[Эффекты активируются для <style=\"upgradeHighlight\">#1</style> и #6 Выбранных айдишек]\n\nНачало боевой фазы: на 10% больше урона за каждый навык противника, на который нацелен балбес. (До <style=\"upgradeHighlight\">30%</style>)\n\nНачало боевой фазы: будучи целью 2+ Атакующих навыков, наносит (# навыков, на которые нацелен балбес × 2) фиксированного урона по HP и SP всем противникам, на которых нацелен этот балбес. (До <style=\"upgradeHighlight\">10</style>; Не распространяется на союзников)",
      "simpleDesc": [
        {
          "abilityID": 29755,
          "simpleDesc": "Повышает наносимый урон основываясь на количестве навыков, на которые нацелен балбес; наносит фиксированный урон"
        }
      ]
    },
    {
      "id": 9756,
      "name": "Невылупившееся ебало",
      "desc": "При получении смертельного урона, фиксирует HP на 1 на протяжении этой атаки; после атаки восстанавливает 20% от максимальных HP. (Единожды за битву)",
      "simpleDesc": [
        {
          "abilityID": 9756,
          "simpleDesc": "При получении смертельного урона предотвращает смерть и восстанавливает HP"
        }
      ]
    },
    {
      "id": 19756,
      "name": "Невылупившееся ебало+",
      "desc": "При получении смертельного урона, фиксирует HP на 1 на протяжении этой атаки; после атаки восстанавливает 20% от максимальных HP. (Единожды за битву)\n\n<style=\"upgradeHighlight\">Если же у этого союзника имеется <sprite name=\"Combustion\"><color=#e30000><u><link=\"Combustion\">Изжога</link></u></color>: восстанавливает 30% от макс. HP вместо этого. (Единожды за битву для обоих эффектов)</style>",
      "simpleDesc": [
        {
          "abilityID": 19756,
          "simpleDesc": "При получении смертельного урона предотвращает смерть и восстанавливает HP"
        }
      ]
    },
    {
      "id": 29756,
      "name": "Невылупившееся ебало++",
      "desc": "При получении смертельного урона, фиксирует HP на 1 на протяжении этой атаки; после атаки восстанавливает 20% от максимальных HP. (Единожды за битву)\n\nЕсли же у этого союзника имеется <sprite name=\"Combustion\"><color=#e30000><u><link=\"Combustion\">Изжога</link></u></color>: восстанавливает <style=\"upgradeHighlight\">40%</style> от макс. HP вместо этого (Единожды за битву для обоих эффектов)",
      "simpleDesc": [
        {
          "abilityID": 29756,
          "simpleDesc": "При получении смертельного урона предотвращает смерть и восстанавливает HP"
        }
      ]
    },
    {
      "id": 9757,
      "name": "Вилкой в глаз или в жопу раз",
      "desc": "При получении удара наносит 1 <sprite name=\"Paralysis\"><color=#e30000><u><link=\"Paralysis\">Паралич</link></u></color> атаковавшему на следующий ход. (Единожды за ход на каждого союзника)",
      "simpleDesc": [
        {
          "abilityID": 9757,
          "simpleDesc": "Начало боевой фазы: наносит 1 <sprite name=\"Paralysis\"><color=#e30000><u><link=\"Paralysis\">Паралич</link></u></color> на следующий ход при ударе"
        }
      ]
    },
    {
      "id": 19757,
      "name": "Вилкой в глаз или в жопу раз+",
      "desc": "При получении удара наносит 1 <sprite name=\"Paralysis\"><color=#e30000><u><link=\"Paralysis\">Паралич</link></u></color> атаковавшему на следующий ход. (Единожды за ход на каждого союзника)\n\n<style=\"upgradeHighlight\">При 5+ резонансе Зависти наносит 1 <sprite name=\"Paralysis\"><color=#e30000><u><link=\"Paralysis\">Паралич</link></u></color> всем противникам в начале боевой фазы.</style>",
      "simpleDesc": [
        {
          "abilityID": 19757,
          "simpleDesc": "Начало боевой фазы: наносит 1 <sprite name=\"Paralysis\"><color=#e30000><u><link=\"Paralysis\">Паралич</link></u></color> на следующий ход при ударе"
        }
      ]
    },
    {
      "id": 9758,
      "name": "Бондаж для Данте",
      "desc": "(Цепные столкновения) Начиная с #7 выбранной айдишки, в начале хода появления на поле боя, восстанавливает 10 SP, дает 2 <sprite name=\"ParryingResultUp\"><color=#f8c200><u><link=\"ParryingResultUp\">Повышения силы в поединке</link></u></color> и 1 ЭГО ресурс за каждый навык.",
      "simpleDesc": [
        {
          "abilityID": 9758,
          "simpleDesc": "Восстанавливает SP, дает повышение силы в столкновении и ЭГО ресурсы при входе в бой"
        }
      ]
    },
    {
      "id": 9759,
      "name": "Пустой вейп",
      "desc": "[Эффекты активируются для #7 Выбранной айдишки]\n\nНа 1 получаемый счетчик <sprite name=\"Vibration\"><color=#e30000><u><link=\"Vibration\">Тряски</link></u></color> больше от эффектов навыков или монет.\n- Если же цель оглушена, в состоянии низкой морали, или в панике, то на 2 счетчика больше вместо этого.",
      "simpleDesc": [
        {
          "abilityID": 9759,
          "simpleDesc": "Дает больше счетчиков <sprite name=\"Vibration\"><color=#e30000><u><link=\"Vibration\">Тряски</link></u></color> от эффектов монет или навыков"
        }
      ]
    },
    {
      "id": 9760,
      "name": "Я не торч, просто дунул сладко",
      "desc": "[Эффекты активируются для #1 Выбранной айдишки]\n\nЕсли в начале хода на поле боя есть противники, которые оглушены, в состоянии пониженной морали, или в панике, наносит 1 <sprite name=\"AttackDown\"><color=#e30000><u><link=\"AttackDown\">Понижение уровня атаки</link></u></color> или 1 <sprite name=\"DefenseDown\"><color=#e30000><u><link=\"DefenseDown\">Понижение уровня защиты</link></u></color> на всех противников. (Трижды за ход)\n\nПри ударе по вышеуказанным противникам: наносит 1 <sprite name=\"AttackDown\"><color=#e30000><u><link=\"AttackDown\">Понижение уровня атаки</link></u></color> или 1 <sprite name=\"DefenseDown\"><color=#e30000><u><link=\"DefenseDown\">Понижение уровня защиты</link></u></color>. (Трижды за ход)",
      "simpleDesc": [
        {
          "abilityID": 9760,
          "simpleDesc": "Наносит 1 <sprite name=\"AttackDown\"><color=#e30000><u><link=\"AttackDown\">Понижение уровня атаки</link></u></color> или 1 <sprite name=\"DefenseDown\"><color=#e30000><u><link=\"DefenseDown\">Понижение уровня защиты</link></u></color>"
        },
        {
          "abilityID": 97601,
          "simpleDesc": "Наносит 1 <sprite name=\"AttackDown\"><color=#e30000><u><link=\"AttackDown\">Понижение уровня атаки</link></u></color> или 1 <sprite name=\"DefenseDown\"><color=#e30000><u><link=\"DefenseDown\">Понижение уровня защиты</link></u></color>"
        }
      ]
    },
    {
      "id": 9761,
      "name": "Кишка трансформера",
      "desc": "[Эффекты активируются для #1, #2, #7, и #8 Выбранных айдишек]\n\nНа 1 получаемый счетчик <sprite name=\"Vibration\"><color=#e30000><u><link=\"Vibration\">Тряски</link></u></color> больше от эффектов навыков или монет.\n- Если же цель оглушена, в состоянии низкой морали, или в панике, то на 2 счетчика больше вместо этого.\n\nЕсли на поле боя есть противники, которые оглушены, в состоянии пониженной морали, или в панике, наносит 2 <sprite name=\"AttackDown\"><color=#e30000><u><link=\"AttackDown\">Понижения уровня атаки</link></u></color> или 2 <sprite name=\"DefenseDown\"><color=#e30000><u><link=\"DefenseDown\">Понижения уровня защиты</link></u></color> на всех противников. (Трижды за ход)\n\nПри ударе по вышеуказанным противникам: наносит 1 <sprite name=\"AttackDown\"><color=#e30000><u><link=\"AttackDown\">Понижение уровня атаки</link></u></color> или 1 <sprite name=\"DefenseDown\"><color=#e30000><u><link=\"DefenseDown\">Понижение уровня защиты</link></u></color>. (Трижды за ход между всеми айдишками)",
      "simpleDesc": [
        {
          "abilityID": 9761,
          "simpleDesc": "Дает больше счетчиков <sprite name=\"Vibration\"><color=#e30000><u><link=\"Vibration\">Тряски</link></u></color> от эффектов монет или навыков"
        },
        {
          "abilityID": 97611,
          "simpleDesc": "Наносит 1 <sprite name=\"AttackDown\"><color=#e30000><u><link=\"AttackDown\">Понижение уровня атаки</link></u></color> или 1 <sprite name=\"DefenseDown\"><color=#e30000><u><link=\"DefenseDown\">Понижение уровня защиты</link></u></color>"
        },
        {
          "abilityID": 97612,
          "simpleDesc": "Наносит 1 <sprite name=\"AttackDown\"><color=#e30000><u><link=\"AttackDown\">Понижение уровня атаки</link></u></color> или 1 <sprite name=\"DefenseDown\"><color=#e30000><u><link=\"DefenseDown\">Понижение уровня защиты</link></u></color>"
        }
      ]
    },
    {
      "id": 9762,
      "name": "Гейская коробка",
      "desc": "При попадании навыками союзников, случайно наносит один из следующих эффектов: <sprite name=\"Combustion\"><color=#e30000><u><link=\"Combustion\">Изжога</link></u></color>, <sprite name=\"Laceration\"><color=#e30000><u><link=\"Laceration\">Кетчуп</link></u></color>, <sprite name=\"Vibration\"><color=#e30000><u><link=\"Vibration\">Тряска</link></u></color>, <sprite name=\"Burst\"><color=#e30000><u><link=\"Burst\">Зеленка</link></u></color> или <sprite name=\"Sinking\"><color=#e30000><u><link=\"Sinking\">Депрессия</link></u></color>. (Трижды за ход)\n\nПри победе над противником случайно дает один из следующих эффектов одному из союзников: счетчик <sprite name=\"Breath\"><color=#f8c200><u><link=\"Breath\">Кумара</link></u></color> или <sprite name=\"Charge\"><color=#f8c200><u><link=\"Charge\">Солей</link></u></color>, <sprite name=\"Agility\"><color=#f8c200><u><link=\"Agility\">Спешку</link></u></color>, <sprite name=\"AttackUp\"><color=#f8c200><u><link=\"AttackUp\">Повышение уровня атаки</link></u></color>, или <sprite name=\"DefenseUp\"><color=#f8c200><u><link=\"DefenseUp\">Повышение уровня защиты</link></u></color>. (Трижды за ход)",
      "simpleDesc": [
        {
          "abilityID": 9762,
          "simpleDesc": "Наносит случайные негативные эффекты"
        },
        {
          "abilityID": 97621,
          "simpleDesc": "Дает случайные усиления"
        }
      ]
    },
    {
      "id": 9763,
      "name": "Лента для геев",
      "desc": "Начало хода: случайно дает 'Повышение урoна Гневом ~ Завистью' всем союзникам и так же наносит 'Уязвимoсть к Гневу ~ Зависти' всем противникам.",
      "simpleDesc": [
        {
          "abilityID": 9763,
          "simpleDesc": "Дает повышение урона случайным грехом"
        },
        {
          "abilityID": 97631,
          "simpleDesc": "Наносит уязвимость к случайным грехам"
        }
      ]
    },
    {
      "id": 9764,
      "name": "Пiдарок",
      "desc": "При попадании навыками союзников, случайно наносит два из следующих эффектов: <sprite name=\"Combustion\"><color=#e30000><u><link=\"Combustion\">Изжога</link></u></color>, <sprite name=\"Laceration\"><color=#e30000><u><link=\"Laceration\">Кетчуп</link></u></color>, <sprite name=\"Vibration\"><color=#e30000><u><link=\"Vibration\">Тряска</link></u></color>, <sprite name=\"Burst\"><color=#e30000><u><link=\"Burst\">Зеленка</link></u></color> или <sprite name=\"Sinking\"><color=#e30000><u><link=\"Sinking\">Депрессия</link></u></color>. (Триждый за ход)\n\nПри победе над противником случайно дает один из следующих эффектов двум союзникам: счетчик <sprite name=\"Breath\"><color=#f8c200><u><link=\"Breath\">Кумара</link></u></color> или <sprite name=\"Charge\"><color=#f8c200><u><link=\"Charge\">Солей</link></u></color>, <sprite name=\"Agility\"><color=#f8c200><u><link=\"Agility\">Спешку</link></u></color>, <sprite name=\"AttackUp\"><color=#f8c200><u><link=\"AttackUp\">Повышение уровня атаки</link></u></color>, или <sprite name=\"DefenseUp\"><color=#f8c200><u><link=\"DefenseUp\">Повышение уровня защиты</link></u></color>. (Трижды за ход)\n\nНачало хода: случайно дает 2 'Повышения урoна Гневом ~ Завистью' всем союзникам и так же наносит 2 'Уязвимoсти к Гневу ~ Зависти' всем противникам.",
      "simpleDesc": [
        {
          "abilityID": 9764,
          "simpleDesc": "Наносит случайные негативные эффекты противникам"
        },
        {
          "abilityID": 97641,
          "simpleDesc": "Дает случайные позитивные эффекты союзникам"
        },
        {
          "abilityID": 97642,
          "simpleDesc": "Дает повышение урона случайным грехом"
        }
      ]
    },
    {
      "id": 9765,
      "name": "Когда дед мороз сказал стянуть ебало",
      "desc": "Дает 2 <sprite name=\"Breath\"><color=#f8c200><u><link=\"Breath\">Кумара</link></u></color> на следующий ход основываясь на числе Атакующих навыков, нанесших урон до конца хода.\n- В фокусированных же столкновениях дает 4 <sprite name=\"Breath\"><color=#f8c200><u><link=\"Breath\">Кумара</link></u></color> вместо этого.\n\nНачало хода: дает союзнику с наименьшими HP 2 <sprite name=\"Breath\"><color=#f8c200><u><link=\"Breath\">Кумара</link></u></color> и повышает его счетчик на 2, а так же дает 2 <sprite name=\"Protection\"><color=#f8c200><u><link=\"Protection\">Защищенности</link></u></color>.\n\nНа (Абсолютное значение SP)% больше урона.\n\nКогда союзник с положительными монетами восстанавливается от оглушения, он полностью восстанавливает SP. (Исключая коррозию)\n- Союзники же с отрицательными монетами получают 5 <sprite name=\"Paralysis\"><color=#e30000><u><link=\"Paralysis\">Параличей</link></u></color> в начале хода.",
      "simpleDesc": [
        {
          "abilityID": 9765,
          "simpleDesc": "Дает <sprite name=\"Breath\"><color=#f8c200><u><link=\"Breath\">Кумар</link></u></color>"
        },
        {
          "abilityID": 97651,
          "simpleDesc": "Дает случайные усиления"
        },
        {
          "abilityID": 97652,
          "simpleDesc": "Дает <sprite name=\"Breath\"><color=#f8c200><u><link=\"Breath\">Кумар</link></u></color> и <sprite name=\"Protection\"><color=#f8c200><u><link=\"Protection\">Защищенность</link></u></color>"
        },
        {
          "abilityID": 97653,
          "simpleDesc": "Повышает наносимый урон"
        },
        {
          "abilityID": 97654,
          "simpleDesc": "Полностью восстанавливает SP"
        },
        {
          "abilityID": 97655,
          "simpleDesc": "Дает <sprite name=\"Paralysis\"><color=#e30000><u><link=\"Paralysis\">Паралич</link></u></color>"
        }
      ]
    },
    {
      "id": 9766,
      "name": "Неявное продление контракта на СВО",
      "desc": "Если не осталось выживших противников с эффектом <sprite name=\"RequestedTarget\"><color=#e30000><u><link=\"RequestedTarget\">Запрошенной цели</link></u></color>, <sprite name=\"RequestedTarget\"><color=#e30000><u><link=\"RequestedTarget\">Запрошенной целью</link></u></color> становится первый противник, который должен быть атакован союзником. (Единожды за ход)",
      "simpleDesc": [
        {
          "abilityID": 9766,
          "simpleDesc": "Наносит <sprite name=\"RequestedTarget\"><color=#e30000><u><link=\"RequestedTarget\">Запрошенную цель</link></u></color>"
        }
      ]
    },
    {
      "id": 9767,
      "name": "Косячок из смурфика",
      "desc": "[Эффекты активируются для #1 Выбранной айдишки]\n\nДает 2 <sprite name=\"Enhancement\"><color=#f8c200><u><link=\"Enhancement\">Повышения силы атаки</link></u></color> и 1 <sprite name=\"Vulnerable\"><color=#e30000><u><link=\"Vulnerable\">Уязвимость</link></u></color> каждый ход.\n\nЕсли текущая цель имеет пониженный уровень защиты, дает 5 <sprite name=\"Breath\"><color=#f8c200><u><link=\"Breath\">Кумара</link></u></color> перед атакой.\n\nПронзающие атаки с грехом Гордыни наносят на (50 / # монет)% больше урона. (Включая ЭГО навыки)",
      "simpleDesc": [
        {
          "abilityID": 9767,
          "simpleDesc": "Дает <sprite name=\"Enhancement\"><color=#f8c200><u><link=\"Enhancement\">Повышение силы атаки</link></u></color> и <sprite name=\"Vulnerable\"><color=#e30000><u><link=\"Vulnerable\">Уязвимость</link></u></color>"
        },
        {
          "abilityID": 97671,
          "simpleDesc": "Дает <sprite name=\"Breath\"><color=#f8c200><u><link=\"Breath\">Кумар</link></u></color>"
        },
        {
          "abilityID": 97672,
          "simpleDesc": "Пронзающие навыки наносят больше урона"
        }
      ]
    },
    {
      "id": 9768,
      "name": "Симулятор США",
      "desc": "Если сопротивление цели к проназющему урону 1.5 или менее, оно повышается на 0.3.",
      "simpleDesc": [
        {
          "abilityID": 9768,
          "simpleDesc": ""
        }
      ]
    },
    {
      "id": 9769,
      "name": "Наушник для даунов",
      "desc": "Конец хода: если союзники отступали в этом ходе, другой союзник с наибольшей скоростью получает 2 <sprite name=\"Enhancement\"><color=#f8c200><u><link=\"Enhancement\">Повышения силы атаки</link></u></color> и 1 <sprite name=\"AttackDmgUp\"><color=#f8c200><u><link=\"AttackDmgUp\">Повышение урона</link></u></color> в начале следующего хода.\n\nНачало боевой фазы: если союзники были заменены в этом ходе, вошедшие вместо них в бой союзники получают 2 <sprite name=\"Enhancement\"><color=#f8c200><u><link=\"Enhancement\">Повышения силы атаки</link></u></color> и 2 <sprite name=\"Endurance\"><color=#f8c200><u><link=\"Endurance\">Повышения силы защиты</link></u></color>.",
      "simpleDesc": [
        {
          "abilityID": 9769,
          "simpleDesc": "Дает <sprite name=\"Enhancement\"><color=#f8c200><u><link=\"Enhancement\">Повышение силы атаки</link></u></color> и <sprite name=\"AttackDmgUp\"><color=#f8c200><u><link=\"AttackDmgUp\">Повышение урона</link></u></color>"
        },
        {
          "abilityID": 97691,
          "simpleDesc": "Дает <sprite name=\"Enhancement\"><color=#f8c200><u><link=\"Enhancement\">Повышение силы атаки</link></u></color> и <sprite name=\"Endurance\"><color=#f8c200><u><link=\"Endurance\">Повышение силы защиты</link></u></color>"
        }
      ]
    },
    {
      "id": 9770,
      "name": "Кто сломал сука",
      "desc": "Начало хода: если имеется <sprite name=\"Breath\"><color=#f8c200><u><link=\"Breath\">Кумар</link></u></color>, дает 2 <sprite name=\"DefenseUp\"><color=#f8c200><u><link=\"DefenseUp\">Повышения уровня защиты</link></u></color> и 1 <sprite name=\"Endurance\"><color=#f8c200><u><link=\"Endurance\">Повышение силы защиты</link></u></color>, а первая монета наносит на 10% больше обычного урона и на 20% больше раскумарного.",
      "simpleDesc": [
        {
          "abilityID": 9770,
          "simpleDesc": "Дает <sprite name=\"DefenseUp\"><color=#f8c200><u><link=\"DefenseUp\">Повышение уровня защиты</link></u></color> и <sprite name=\"Endurance\"><color=#f8c200><u><link=\"Endurance\">Повышение силы защиты</link></u></color>"
        },
        {
          "abilityID": 97701,
          "simpleDesc": "Повышает наносимый первой монетой урон"
        }
      ]
    },
    {
      "id": 9771,
      "name": "Руководство по скручиванию косячка",
      "desc": "Если навык, который тратит <sprite name=\"Bullet\"><color=#9f6a3a><u><link=\"Bullet\">Тампоны</link></u></color>, не смог их потратить: дает 1 <sprite name=\"Enhancement\"><color=#f8c200><u><link=\"Enhancement\">Повышение силы атаки</link></u></color> на этот и следующий ход. (Единожды за ход)\n\nПри получении <sprite name=\"Bullet\"><color=#9f6a3a><u><link=\"Bullet\">Тампонов</link></u></color>, третий навык наносит на 50% больше урона в этом и следующем ходу.\n\nПри использовании навыков, которые тратят <sprite name=\"Bullet\"><color=#9f6a3a><u><link=\"Bullet\">Тампоны</link></u></color>, дает 3 <sprite name=\"Breath\"><color=#f8c200><u><link=\"Breath\">Кумара</link></u></color> и повышает его счетчик на 1.",
      "simpleDesc": [
        {
          "abilityID": 9771,
          "simpleDesc": "Дает <sprite name=\"Enhancement\"><color=#f8c200><u><link=\"Enhancement\">Повышение силы атаки</link></u></color>"
        },
        {
          "abilityID": 97711,
          "simpleDesc": "Третий навык наносит больше урона"
        },
        {
          "abilityID": 97712,
          "simpleDesc": "Дает <sprite name=\"Breath\"><color=#f8c200><u><link=\"Breath\">Кумар</link></u></color> и повышает его счетчик"
        }
      ]
    },
    {
      "id": 9772,
      "name": "Еврейская тишина",
      "desc": "В столкновении навыками, которые наносят <sprite name=\"Combustion\"><color=#e30000><u><link=\"Combustion\">Изжога</link></u></color> или Особый Изжога, наносит 2 <sprite name=\"Combustion\"><color=#e30000><u><link=\"Combustion\">Изжоги</link></u></color>. (Дважды за ход на айдишку)\n\nПри победе в столкновении Базовыми Атакующими навыками, которые повышают счетчик <sprite name=\"Combustion\"><color=#e30000><u><link=\"Combustion\">Изжоги</link></u></color>, дополнительно повышает его счетчик на 2. (Трижды за ход на противника)\n\nБазовые атакующие навыки, которые наносят силу <sprite name=\"Combustion\"><color=#e30000><u><link=\"Combustion\">Изжоги</link></u></color>, повышают его счетчик, или наносят Особый Изжога: каждый навык получает Уровень атаки, равный количеству копий каждого навыка. (До 3)\n- Если навык имеет 3 и более копии, дает 2 дополнительных уровня атаки.",
      "simpleDesc": [
        {
          "abilityID": 9772,
          "simpleDesc": "Наносит <sprite name=\"Combustion\"><color=#e30000><u><link=\"Combustion\">Изжога</link></u></color>"
        },
        {
          "abilityID": 97721,
          "simpleDesc": "Повышает счетчик <sprite name=\"Combustion\"><color=#e30000><u><link=\"Combustion\">Изжоги</link></u></color>"
        },
        {
          "abilityID": 97722,
          "simpleDesc": "Дает повышения уровня атаки"
        }
      ]
    },
    {
      "id": 9773,
      "name": "Говнодавы из саратова",
      "desc": "В победе в столкновении навыками, которые наносят силу <sprite name=\"Burst\"><color=#e30000><u><link=\"Burst\">Зеленки</link></u></color> или повышают его счетчик, повышает его счетчик на 3. (Дважды за ход на противника)\n\nПри ударе: если противник не имеет <sprite name=\"Burst\"><color=#e30000><u><link=\"Burst\">Зеленка</link></u></color>, то эффекты монет, наносящие силу <sprite name=\"Burst\"><color=#e30000><u><link=\"Burst\">Зеленки</link></u></color>, повышают его счетчик вместо этого. (До 4; дважды за ход на противника)\n\nБазовые Атакующие навыки, которые наносят силу <sprite name=\"Burst\"><color=#e30000><u><link=\"Burst\">Зеленки</link></u></color> или повышают его счетчик: каждый навык получает уровень атаки, равный количеству копий каждого навыка. (До 3)\n- Если навык имеет 3 и более копии, дает 2 дополнительных уровня атаки.",
      "simpleDesc": [
        {
          "abilityID": 9773,
          "simpleDesc": "Повышает счетчик <sprite name=\"Burst\"><color=#e30000><u><link=\"Burst\">Зеленки</link></u></color>"
        },
        {
          "abilityID": 97731,
          "simpleDesc": "Повышает счетчик <sprite name=\"Burst\"><color=#e30000><u><link=\"Burst\">Зеленки</link></u></color>"
        },
        {
          "abilityID": 97732,
          "simpleDesc": "Дает повышения уровня атаки"
        }
      ]
    },
    {
      "id": 9774,
      "name": "Устройство повторного сжигания евреев",
      "desc": "Базовые Атакующие навыки, которые повышают счетчик <sprite name=\"Combustion\"><color=#e30000><u><link=\"Combustion\">Изжоги</link></u></color>: на 20% больше урона и +1 к повышаемому счетчику <sprite name=\"Combustion\"><color=#e30000><u><link=\"Combustion\">Изжоги</link></u></color>. При попадании этими навыками по целям с <sprite name=\"Combustion\"><color=#e30000><u><link=\"Combustion\">Огнем</link></u></color> или Особым Огнем: наносит 1 <sprite name=\"DefenseDown\"><color=#e30000><u><link=\"DefenseDown\">Понижение уровня защиты</link></u></color>. (Дважды за ход на айдишку)\n\nайдишки, чьи все Базовые Атакующие навыки наносят силу <sprite name=\"Combustion\"><color=#e30000><u><link=\"Combustion\">Изжоги</link></u></color>, повышают его счетчик, или наносят Особый Изжога: в начале хода дает <sprite name=\"AttackUp\"><color=#f8c200><u><link=\"AttackUp\">Повышения уровня атаки</link></u></color>, равные количеству ходов, в течение которых этот союзник выжил. (До 5, за исключением первого хода с момента появления)",
      "simpleDesc": [
        {
          "abilityID": 9774,
          "simpleDesc": "Наносит <sprite name=\"DefenseDown\"><color=#e30000><u><link=\"DefenseDown\">Понижение уровня защиты</link></u></color>"
        },
        {
          "abilityID": 97741,
          "simpleDesc": "Дает <sprite name=\"AttackUp\"><color=#f8c200><u><link=\"AttackUp\">Повышение уровня атаки</link></u></color>"
        },
        {
          "abilityID": 97742,
          "simpleDesc": ""
        }
      ]
    },
    {
      "id": 9775,
      "name": "Дневная доза в Петербурге",
      "desc": "При попадании последней монетой по противнику с 15 и менее <sprite name=\"Burst\"><color=#e30000><u><link=\"Burst\">Зеленкеи</link></u></color> используя Базовый Атакующий навык, который наносит силу <sprite name=\"Burst\"><color=#e30000><u><link=\"Burst\">Зеленки</link></u></color> или повышает его счетчик: повышает счетчик <sprite name=\"Burst\"><color=#e30000><u><link=\"Burst\">Зеленки</link></u></color> на 3. (Единожды за ход на айдишку)\n\nБазовые атакующие навыки, повышающие счетчик <sprite name=\"Burst\"><color=#e30000><u><link=\"Burst\">Зеленки</link></u></color>, получанют +1 к Силе в столкновении и наносят на 20% больше урона.",
      "simpleDesc": [
        {
          "abilityID": 9775,
          "simpleDesc": "Повышает счетчик <sprite name=\"Burst\"><color=#e30000><u><link=\"Burst\">Зеленки</link></u></color>"
        },
        {
          "abilityID": 97751,
          "simpleDesc": "Дает силу в столкновении и повышает наносимый урон"
        },
        {
          "abilityID": 97752,
          "simpleDesc": ""
        }
      ]
    },
    {
      "id": 9776,
      "name": "Волосы шахидки",
      "desc": "Начало хода: все противники (Для чурок, их части) с 2~7 счетчиками <sprite name=\"Combustion\"><color=#e30000><u><link=\"Combustion\">Изжоги</link></u></color> получают 1~2 счетчика <sprite name=\"Combustion\"><color=#e30000><u><link=\"Combustion\">Изжоги</link></u></color>.\n\nКогда противники получают 5 ударов от Атакующих навыков союзников (Включая ЭГО навыки), которые наносят силу <sprite name=\"Combustion\"><color=#e30000><u><link=\"Combustion\">Изжоги</link></u></color>, повышают его счетчик, или наносят Особый Изжога: активирует <sprite name=\"Combustion\"><color=#e30000><u><link=\"Combustion\">Изжога</link></u></color> на противнике. (Дважды за ход на противника)",
      "simpleDesc": [
        {
          "abilityID": 9776,
          "simpleDesc": "Повышает счетчик <sprite name=\"Combustion\"><color=#e30000><u><link=\"Combustion\">Изжоги</link></u></color>"
        },
        {
          "abilityID": 97761,
          "simpleDesc": "Активирует <sprite name=\"Combustion\"><color=#e30000><u><link=\"Combustion\">Изжога</link></u></color>"
        },
        {
          "abilityID": 97762,
          "simpleDesc": ""
        }
      ]
    },
    {
      "id": 9777,
      "name": "Рога куколда",
      "desc": "Каждый раз, когда <sprite name=\"Burst\"><color=#e30000><u><link=\"Burst\">Зеленка</link></u></color> активируется 3 раза на противнике с <sprite name=\"Burst\"><color=#e30000><u><link=\"Burst\">Зеленкой</link></u></color> после получения удара от атакующих навыков союзников (Включая ЭГО навыки), которые наносят силу <sprite name=\"Burst\"><color=#e30000><u><link=\"Burst\">Зеленки</link></u></color> или повышают его счетчик, наносит 2 <sprite name=\"AttackDown\"><color=#e30000><u><link=\"AttackDown\">Понижения уровня атаки</link></u></color> на следующий ход. (Трижды за ход на противника)\n\nПри убийстве противника базовым атакующим навыком, который повышает счетчик <sprite name=\"Burst\"><color=#e30000><u><link=\"Burst\">Зеленки</link></u></color>: наносит оставшиеся счетчики убитого противника другому случайному противнику на следующий ход. (Дважды за ход)",
      "simpleDesc": [
        {
          "abilityID": 9777,
          "simpleDesc": "Наносит <sprite name=\"AttackDown\"><color=#e30000><u><link=\"AttackDown\">Понижение уровня атаки</link></u></color>"
        },
        {
          "abilityID": 97771,
          "simpleDesc": "Повышает счетчик <sprite name=\"Burst\"><color=#e30000><u><link=\"Burst\">Зеленки</link></u></color>"
        },
        {
          "abilityID": 97772,
          "simpleDesc": ""
        }
      ]
    },
    {
      "id": 9778,
      "name": "Аптечка Араба",
      "desc": "айдишки Компании Лимбус: второй навык получает 1 Уровень атаки и наносит на 15% больше урона; третий навык получает 2 Уровня атаки и наносит на 30% больше урона.\n\nЕсли в запасе 4 и более айдишки Компании Лимбус, 2 случайных союзника получают 2 <sprite name=\"AttackUp\"><color=#f8c200><u><link=\"AttackUp\">Повышения уровня атаки</link></u></color> в начале хода.",
      "simpleDesc": [
        {
          "abilityID": 9778,
          "simpleDesc": "Дает повышения уровня атаки и повышает наносимый урон"
        },
        {
          "abilityID": 97781,
          "simpleDesc": "Дает повышения уровня атаки"
        }
      ]
    },
    {
      "id": 9779,
      "name": "Тинькофф Блек",
      "desc": "Когда союзник отступает или погибает, случайно дает 3 <sprite name=\"AttackUp\"><color=#f8c200><u><link=\"AttackUp\">Повышения уровня атаки</link></u></color> между всеми союзниками в начале следующего хода. (Дважды за ход)\n- Если же 3 и более союзника отступили или погибли, тогда дает 6 <sprite name=\"AttackUp\"><color=#f8c200><u><link=\"AttackUp\">Повышений уровня атаки</link></u></color> между всеми союзниками в начале сдедующего хода вместо этого. (Дважды за ход)\n\nНачало хода: 3 союзника с наименьшей SP восстанавливают 15, 10 и 5 SP каждый в порядке возрастания. (Не складывается; не активируется в случае паники или коррозии)",
      "simpleDesc": [
        {
          "abilityID": 9779,
          "simpleDesc": "Дает повышения уровня атаки"
        },
        {
          "abilityID": 97791,
          "simpleDesc": "Восстанавливает SP"
        }
      ]
    },
    {
      "id": 9780,
      "name": "Перекус таксиста в Палестине",
      "desc": "айдишки Компании Лимбус: второй навык получает 2 Уровня атаки и наносит на 20% больше урона; третий навык получает 3 Уровня атаки и наносит на 40% больше урона\n\nНачало хода: случайный союзник получает 2 <sprite name=\"AttackUp\"><color=#f8c200><u><link=\"AttackUp\">Повышения уровня атаки</link></u></color> за каждую погибшую или находящуюся в запасе айдишку Компании Лимбус.\n\nКогда союзник отступает или погибает, случайно дает 3 <sprite name=\"AttackUp\"><color=#f8c200><u><link=\"AttackUp\">Повышения уровня атаки</link></u></color> между всеми союзниками в начале следующего хода. (Дважды за ход)\n- Если же 3 и более союзника отступили или погибли, тогда дает 6 <sprite name=\"AttackUp\"><color=#f8c200><u><link=\"AttackUp\">Повышений уровня атаки</link></u></color> между всеми айдишками в начале сдедующего хода. (Дважды за ход)\n- Если же этими айдишками были айдишки Компании Лимбус, тогда дает 8 <sprite name=\"AttackUp\"><color=#f8c200><u><link=\"AttackUp\">Повышений уровня атаки</link></u></color> между всеми союзниками в начале сдедующего хода вместо этого.",
      "simpleDesc": [
        {
          "abilityID": 9780,
          "simpleDesc": "Дает уровни атаки и повышает наносимый урон"
        },
        {
          "abilityID": 97801,
          "simpleDesc": "Случайно дает повышения уровня атаки между союзниками"
        },
        {
          "abilityID": 97802,
          "simpleDesc": "Случайно дает повышения уровня атаки между союзниками"
        }
      ]
    },
    {
      "id": 9781,
      "name": "Менструальная чаша",
      "desc": "При поражении в поединке, дает 1 <sprite name=\"Protection\"><color=#f8c200><u><link=\"Protection\">Защищенность</link></u></color> и восстанавливает 3~6 SP. (Единожды за ход на айдишку)\n\nПри атаке противника с эффектами <sprite name=\"SuperCoin\"><color=#9f6a3a><u><link=\"SuperCoin\">Вечных монет</link></u></color> навыка (ЭГО навыки не учитываются), который проиграл в столкновении: \n- Положительные монеты получают +(3 / # монет) к силе и наносят на 20% больше урона.\n- Навыки с отрицательными монетами наносят на 40% больше урона.",
      "simpleDesc": [
        {
          "abilityID": 9781,
          "simpleDesc": "Дает защищенность и восстанавливает SP"
        },
        {
          "abilityID": 97811,
          "simpleDesc": "Дает силу монет и повышает наносимый урон"
        }
      ]
    },
    {
      "id": 9782,
      "name": "Соска для младенцев Кресчента",
      "desc": "Начало хода: все союзники получают 1 <sprite name=\"ScarletResultUp\"><color=#f8c200><u><link=\"ScarletResultUp\">Повышение силы Похоти</link></u></color>.\n\nАйдишки же Родословной MTL или картеля «Кресчент» получают 2 <sprite name=\"ScarletResultUp\"><color=#f8c200><u><link=\"ScarletResultUp\">Повышения силы Похоти</link></u></color> и 1 <sprite name=\"SlashResultUp\"><color=#f8c200><u><link=\"SlashResultUp\">Повышение силы Рубящих атак</link></u></color> вместо этого.",
      "simpleDesc": [
        {
          "abilityID": 9782,
          "simpleDesc": "Дает Повышения силы Похоти"
        },
        {
          "abilityID": 97821,
          "simpleDesc": "Дает Повышения силы Похоти и повышение силы рубящих атак"
        }
      ]
    },
    {
      "id": 9783,
      "name": "Зубочистка Кресчента",
      "desc": "Начало хода: активируется, когда в бою участвует 3 и более айдишки картеля «Кресчент».\n\nВсе союзники получают 2 <sprite name=\"ScarletResultUp\"><color=#f8c200><u><link=\"ScarletResultUp\">Повышения силы Похоти</link></u></color> и 1 <sprite name=\"SlashResultUp\"><color=#f8c200><u><link=\"SlashResultUp\">Повышение силы Рубящих атак</link></u></color> в начале хода.\n\nБазовые Атакующие навыки айдишек картеля «Кресчент»: +(4 / # монет) к Силе монет, наносимая сила и счетчик <sprite name=\"Laceration\"><color=#e30000><u><link=\"Laceration\">Кетчупа</link></u></color> увеличиваются на 1, а так же на (80 / # монет)% больше урона.\n\nУбирает первую границу выносливости для айдишек картеля «Кресчент»; при менее чем 50% HP дает 2 <sprite name=\"Protection\"><color=#f8c200><u><link=\"Protection\">Защищенности</link></u></color> в начале хода. айдишки, которые получили урон от противников в течение хода, получают 2 <sprite name=\"Agility\"><color=#f8c200><u><link=\"Agility\">Спешки</link></u></color> на следующий ход.",
      "simpleDesc": [
        {
          "abilityID": 9783,
          "simpleDesc": "Дает Повышения силы Похоти и повышение силы рубящих атак"
        },
        {
          "abilityID": 97831,
          "simpleDesc": "Дает силу монет, наносит больше кетчупа, повышает наносимый урон"
        },
        {
          "abilityID": 97832,
          "simpleDesc": "Убирает первую границу выносливости; Получить защиту при определенном уровне HP; дает Спешку после получения урона"
        }
      ]
    },
    {
      "id": 9784,
      "name": "Зубочистка МТЛ",
      "desc": "Начало хода: активируется, когда в бою участвует 3 и более айдишки Родословной MTL.\n\nНачало хода: все союзники получают 2 <sprite name=\"SlashResultUp\"><color=#f8c200><u><link=\"SlashResultUp\">Повышения силы Рубящей атаки</link></u></color> и наносят на 35% больше урона.\n\nНачало хода: когда айдишку Родословной MTL наносит раскумар, наносит дополнительный урон Гордыней, равный (Сила <sprite name=\"Breath\"><color=#f8c200><u><link=\"Breath\">Кумара</link></u></color> нанесшего удар / 2).\n\nЕсли айдишку Родословной MTL имеет 30+ <sprite name=\"Breath\"><color=#f8c200><u><link=\"Breath\">Кумара</link></u></color> к концу хода, тратит 10 <sprite name=\"Breath\"><color=#f8c200><u><link=\"Breath\">Кумара</link></u></color> и взамен дает 2 <sprite name=\"SlashDamageUp\"><color=#f8c200><u><link=\"SlashDamageUp\">Повышения Рубящего урона</link></u></color> на следующий ход.",
      "simpleDesc": [
        {
          "abilityID": 9784,
          "simpleDesc": "Дает повышение рубящего урона и повышает наносимый"
        },
        {
          "abilityID": 97841,
          "simpleDesc": "Наносит дополнительный урон Гордыней, равный (<sprite name=\"Breath\"><color=#f8c200><u><link=\"Breath\">Кумар</link></u></color> / 2)"
        },
        {
          "abilityID": 97842,
          "simpleDesc": "Дает Повышение Рубящего урона"
        }
      ]
    },
    {
      "id": 9785,
      "name": "Пеленка для детей Кресчента",
      "desc": "Начало хода: активируется, когда в бою участвует 3 и более айдишки картеля «Кресчент».\n\nПри попадании базовыми атакующими навыками (ЭГО навыки не учитываются) с <sprite name=\"SuperCoin\"><color=#9f6a3a><u><link=\"SuperCoin\">Вечными монетами</link></u></color>: на (40 / # монет)% больше урона этими навыками.\n- айдишки же картеля «Кресчент» наносят на (80 / # монет)% больше урона вместо этого.\n\nайдишки картеля «Кресчент» с Рубящими навыками: дает 2 <sprite name=\"SlashDamageUp\"><color=#f8c200><u><link=\"SlashDamageUp\">Повышения Рубящего урона</link></u></color> в начале хода. айдишки картеля «Кресчент» получают 1 <sprite name=\"AttackUp\"><color=#f8c200><u><link=\"AttackUp\">Повышение уровня атаки</link></u></color> и 1 <sprite name=\"DefenseUp\"><color=#f8c200><u><link=\"DefenseUp\">Повышение уровня защиты</link></u></color> на следующий ход за каждые 10% потерянных HP к концу хода. (До 5 каждого эффекта)\n\nКогда айдишку картеля «Кресчент» умирает, все айдишки картеля «Кресчент» получают 2 <sprite name=\"AttackDmgUp\"><color=#f8c200><u><link=\"AttackDmgUp\">Повышения урона</link></u></color> на следующий ход. (Единожды за ход)",
      "simpleDesc": [
        {
          "abilityID": 9785,
          "simpleDesc": "Больше наносимого урона"
        },
        {
          "abilityID": 97851,
          "simpleDesc": "Дает повышение рубящего урона, повышения уровня атаки и уровня защиты"
        },
        {
          "abilityID": 97852,
          "simpleDesc": "Дает повышение урона"
        }
      ]
    },
    {
      "id": 9786,
      "name": "Тату Моргенштерна",
      "desc": "Дробящие навыки: Сила в столкновении +1.\n- Айдишкам Среднего пальца дает +1 к Силе в столкновении и +1 к Силе монет вместо этого;\n- Если на главной цели айдишки Среднего пальца есть <sprite name=\"RetaliationBook\"><color=#e30000><u><link=\"RetaliationBook\">Метка возмездия</link></u></color>, урон по ней так же повышается на 10%.",
      "simpleDesc": [
        {
          "abilityID": 9786,
          "simpleDesc": "Дает Силу в столкновении. айдишки Среднего пальца наносят на 10% больше урона"
        }
      ]
    },
    {
      "id": 9787,
      "name": "Социальный кредит",
      "desc": "При убийстве противника с <sprite name=\"Burst\"><color=#e30000><u><link=\"Burst\">Зеленкой</link></u></color> (В фокусированных столкновениях — части) Атакующим навыком, разносит силу <sprite name=\"Burst\"><color=#e30000><u><link=\"Burst\">Зеленки</link></u></color> убитого противника между всеми другими противниками или частями на поле боя. (До 2 на противника; округляется вниз)\n- Если на цель был наложен <sprite name=\"BurstAgility\"><color=#e30000><u><link=\"BurstAgility\">Смертный ритуал</link></u></color>, так же разносит счетчик <sprite name=\"Burst\"><color=#e30000><u><link=\"Burst\">Зеленки</link></u></color>. (До 2 на противника; округляется вниз)",
      "simpleDesc": [
        {
          "abilityID": 9787,
          "simpleDesc": "Наносит Зеленка"
        },
        {
          "abilityID": 97871,
          "simpleDesc": "Наносит Зеленка или повышает его счетчик"
        }
      ]
    },
    {
      "id": 9788,
      "name": "Фарш из фурри",
      "desc": "Если союзник быстрее противника, он наносит дополнительные <sprite name=\"Burst\"><color=#e30000><u><link=\"Burst\">Зеленки</link></u></color> или его счетчик в количестве (Разница в скорости с целью / 3) при их нанесении навыками. (До 3)",
      "simpleDesc": [
        {
          "abilityID": 9788,
          "simpleDesc": "Наносит Зеленка или повышает его счетчик"
        }
      ]
    },
    {
      "id": 9789,
      "name": "Правила на Бас ту инферно",
      "desc": "При получении союзником удара, все союзники из той же фракции повышают свой наносимый Дробящий урон на 5%. (До 15% за ход)\n- Айдишки же Среднего пальца получают 1 <sprite name=\"AttackUp\"><color=#f8c200><u><link=\"AttackUp\">Повышение уровня атаки</link></u></color> и повышают свой Дробящий урон на 10% вместо этого. (До 3 раз за ход)",
      "simpleDesc": [
        {
          "abilityID": 9789,
          "simpleDesc": "Повышает дробящий урон\nайдишки Среднего пальца так же получают Повышение уровня атаки"
        }
      ]
    },
    {
      "id": 9790,
      "name": "Дубина для секса кроликов",
      "desc": "В столкновении с противниками, которые имеют <sprite name=\"Burst\"><color=#e30000><u><link=\"Burst\">Зеленка</link></u></color>, +(<sprite name=\"Burst\"><color=#e30000><u><link=\"Burst\">Зеленок</link></u></color> на цели / 20) к Силе в столкновении. (До 2)\n- Если же на цель наложен <sprite name=\"BurstAgility\"><color=#e30000><u><link=\"BurstAgility\">Смертный ритуал</link></u></color>, +(<sprite name=\"Burst\"><color=#e30000><u><link=\"Burst\">Зеленок</link></u></color> на цели / 15) к Силе в столкновении вместо этого. (До 3)\n\nПри нанесении урона эффектом <sprite name=\"BurstAgility\"><color=#e30000><u><link=\"BurstAgility\">Смертного ритуала</link></u></color>, наносит фиксированный урон в количестве трети значения эффекта.",
      "simpleDesc": [
        {
          "abilityID": 9790,
          "simpleDesc": "Повышает силу в столкновении"
        },
        {
          "abilityID": 97901,
          "simpleDesc": "Наносит дополнительный урон эффектом <sprite name=\"BurstAgility\"><color=#e30000><u><link=\"BurstAgility\">Смертного ритуала</link></u></color>"
        }
      ]
    },
    {
      "id": 9791,
      "name": "Шляпа для секса кроликов",
      "desc": "Конец хода: айдишки Стаи Хэйшоу - Подразделения Мао получают 2 <sprite name=\"Agility\"><color=#f8c200><u><link=\"Agility\">Спешки</link></u></color> на следующий ходу.\n\nЕсли быстрее цели или используется односторонняя атака, на 10% больше Рубящего урона за каждую единицу в (Разница в скорости / 3). (До 30%)\n\nСоюзники получают на 10% меньше урона от противников с меньшей скоростью за каждую единицу в (Разница в скорости / 3). (До 30%)",
      "simpleDesc": [
        {
          "abilityID": 9791,
          "simpleDesc": "Дает <sprite name=\"Agility\"><color=#f8c200><u><link=\"Agility\">Спешку</link></u></color>"
        },
        {
          "abilityID": 97911,
          "simpleDesc": "Повышает Рубящий урон"
        },
        {
          "abilityID": 97912,
          "simpleDesc": "Понижает получаемый урон от медленных противников"
        }
      ]
    },
    {
      "id": 9792,
      "name": "Коллаба БТИ с Моргенштерном",
      "desc": "Начало битвы: эффект активируется при наличии на поле боя двух и более айдишек Среднего пальца.\n\nПри получении союзником удара, все союзники из той же фракции повышают свой наносимый Дробящий урон на 5%. (До 15% за ход)\n- Айдишки же Среднего пальца получают 1 <sprite name=\"AttackUp\"><color=#f8c200><u><link=\"AttackUp\">Повышение уровня атаки</link></u></color> и повышают свой Дробящий урон на 10% вместо этого. (До 3 раз за ход)\n\nДробящие навыки: Сила в столкновении +1.\n- Айдишкам Среднего пальца дает +1 к Силе в столкновении и +1 к Силе монет вместо этого;\n- Если на главной цели айдишки Среднего пальца есть <sprite name=\"RetaliationBook\"><color=#e30000><u><link=\"RetaliationBook\">Метка возмездия</link></u></color>, урон по ней так же повышается на 30%.\n\nайдишки Среднего пальца повышают свою минимальную и максимальную скорость на 1.",
      "simpleDesc": [
        {
          "abilityID": 9792,
          "simpleDesc": "Повышает дробящий урон\nайдишки Среднего пальца так же получают Повышение уровня атаки"
        },
        {
          "abilityID": 97921,
          "simpleDesc": "Повышает силу Дробящих навыков"
        },
        {
          "abilityID": 97922,
          "simpleDesc": "Поднимает максимальную и минимальную скорость"
        }
      ]
    },
    {
      "id": 9793,
      "name": "Свастон 2077",
      "desc": "Начало столкновения: эффект активируется при наличии на поле боя 5 и более айдишек, которые наносят силу <sprite name=\"Burst\"><color=#e30000><u><link=\"Burst\">Зеленки</link></u></color> или повышают его счетчик. (ЭГО навыки не учитываются)\n\nПри убийстве противника с <sprite name=\"Burst\"><color=#e30000><u><link=\"Burst\">Зеленкой</link></u></color> (В фокусированных столкновениях — части) Атакующим навыком, разносит силу <sprite name=\"Burst\"><color=#e30000><u><link=\"Burst\">Зеленки</link></u></color> убитого противника между всеми другими противниками или частями на поле боя. (До 3 на противника; округляется вниз)\n- Если на цель был наложен <sprite name=\"BurstAgility\"><color=#e30000><u><link=\"BurstAgility\">Смертный ритуал</link></u></color>, так же разносит счетчик <sprite name=\"Burst\"><color=#e30000><u><link=\"Burst\">Зеленки</link></u></color>. (До 6 силы и счетчика за ход в этом случае)\n\nВ столкновении с противниками, которые имеют <sprite name=\"Burst\"><color=#e30000><u><link=\"Burst\">Зеленка</link></u></color>, +(<sprite name=\"Burst\"><color=#e30000><u><link=\"Burst\">Зеленок</link></u></color> на цели / 20) к Силе в столкновении. (До 2)\n- Если же на цель наложен <sprite name=\"BurstAgility\"><color=#e30000><u><link=\"BurstAgility\">Смертный ритуал</link></u></color>, +(<sprite name=\"Burst\"><color=#e30000><u><link=\"Burst\">Зеленок</link></u></color> на цели / 10) к Силе в столкновении вместо этого. (До 3)\n\nПри нанесении урона эффектом <sprite name=\"BurstAgility\"><color=#e30000><u><link=\"BurstAgility\">Смертного ритуала</link></u></color>, наносит фиксированный урон в количестве половины значения эффекта.",
      "simpleDesc": [
        {
          "abilityID": 9793,
          "simpleDesc": "Наносит Зеленка"
        },
        {
          "abilityID": 97931,
          "simpleDesc": "Наносит Зеленка"
        },
        {
          "abilityID": 97932,
          "simpleDesc": "Повышает силу в столкновении"
        },
        {
          "abilityID": 97933,
          "simpleDesc": "Наносит дополнительный урон эффектом <sprite name=\"BurstAgility\"><color=#e30000><u><link=\"BurstAgility\">Смертного ритуала</link></u></color>"
        }
      ]
    },
    {
      "id": 9794,
      "name": "Очищенные месячные",
      "desc": "[Эффекты активруются для #2 и #4 Выбранных айдишек]\n\nПри получении смертельного урона, с 60% шансом немедленно восстанавливает 30 HP. (Единожды за битву)\nНе срабатывает, если урон больше максимальных HP или действует эффект Понижения восстановления HP.",
      "simpleDesc": [
        {
          "abilityID": 9794,
          "simpleDesc": "Восстанавливает HP"
        }
      ]
    }
  ]
}