{
  "dataList": [
    {
      "id": 9819,
      "name": "Меч кровавого пламени",
      "desc": "Начало первого хода битвы: наносит 5 <sprite name=\"Combustion\"><color=#e30000><u><link=\"Combustion\">Огня</link></u></color> и восстанавливает 8 СД Идентичностям, которые наносят <sprite name=\"Combustion\"><color=#e30000><u><link=\"Combustion\">Огонь</link></u></color> своими базовыми атакующими навыками.\n\nИдентичности Стаи Хэйшоу - Ветви «Ю»: ОЗ фиксируются на 49% от максимальных взамен на 50% меньше получаемого урона и лечения. (Активируется сразу при входе в бой)",
      "simpleDesc": [
        {
          "abilityID": 9819,
          "simpleDesc": ""
        },
        {
          "abilityID": 98191,
          "simpleDesc": ""
        }
      ]
    },
    {
      "id": 9820,
      "name": "Броня из чёрного железа",
      "desc": "Начало хода: даёт (Текущий Уровень защиты / 3) ОЗ Щита союзнику с наибольшим Уровнем защиты. (До 15; в приоритете Идентичности Стаи Хэйшоу - Ветви «У»)\n\nЕсли союзник с щитом побеждает в столкновении: наносит его цели (Скорость союзника / 2) <sprite name=\"Vibration\"><color=#e30000><u><link=\"Vibration\">Тремора</link></u></color>, а также даёт этому союзнику 2 <sprite name=\"Agility\"><color=#f8c200><u><link=\"Agility\">Спешки</link></u></color> и 2 <sprite name=\"DefenseUp\"><color=#f8c200><u><link=\"DefenseUp\">Повышения уровня защиты</link></u></color> на следующий ход. (Единожды за ход на Идентичность)",
      "simpleDesc": [
        {
          "abilityID": 9820,
          "simpleDesc": ""
        },
        {
          "abilityID": 98201,
          "simpleDesc": ""
        }
      ]
    },
    {
      "id": 9821,
      "name": "Красная ткань, закрывающая сердце",
      "desc": "[Эффекты активируются для #1 Выбранной Идентичности]\n\nКогда другие союзники атакуют противников односторонними атаками, получает 1 <sprite name=\"AttackUp\"><color=#f8c200><u><link=\"AttackUp\">Повышение уровня атаки</link></u></color> на следующий ход. (До 6 раз за ход; не учитывает больше 1 односторонней атаки в ходе от одного и того же союзника)\n\nКогда другие союзники производят <sprite name=\"RetreatForCommon\"><color=#9f6a3a><u><link=\"RetreatForCommon\">Боевое отступление</link></u></color>, получает 1 <sprite name=\"SlashResultUp\"><color=#f8c200><u><link=\"SlashResultUp\">Повышение силы Рубящих атак</link></u></color> и 1 <sprite name=\"SlashDamageUp\"><color=#f8c200><u><link=\"SlashDamageUp\">Повышение Рубящего урона</link></u></color> на следующий ход. (Единожды за ход)\n\nПри активации обоих условий во время хода получает 1 <sprite name=\"ResultEnhancement\"><color=#f8c200><u><link=\"ResultEnhancement\">Повышение силы</link></u></color> на следующий ход. (Единожды за ход)",
      "simpleDesc": [
        {
          "abilityID": 9821,
          "simpleDesc": ""
        },
        {
          "abilityID": 98211,
          "simpleDesc": ""
        },
        {
          "abilityID": 98212,
          "simpleDesc": ""
        }
      ]
    },
    {
      "id": 9822,
      "name": "Добродетель - Чжи (智)",
      "desc": "[Эффекты активируются для #6 Выбранной Идентичности]\n\nПри победе в столкновении наносящими <sprite name=\"Burst\"><color=#e30000><u><link=\"Burst\">Разрыв</link></u></color> или повышающими его счётчик атакующими навыками получает 2 <sprite name=\"DefenseUp\"><color=#f8c200><u><link=\"DefenseUp\">Повышения уровня защиты</link></u></color> на следующий ход. (Единожды за ход; ЭГО навыки тоже учитываются)\n- Если этот союзник является Кандидатом на пост Главы Семьи, он также получает 1 <sprite name=\"Agility\"><color=#f8c200><u><link=\"Agility\">Спешку</link></u></color> на следующий ход.",
      "simpleDesc": [
        {
          "abilityID": 9822,
          "simpleDesc": ""
        }
      ]
    },
    {
      "id": 9823,
      "name": "Добродетель - Юн (勇)",
      "desc": "[Эффекты активируются для #6 Выбранной Идентичности]\n\nПри победе в столкновении наносящими <sprite name=\"Burst\"><color=#e30000><u><link=\"Burst\">Разрыв</link></u></color> или повышающими его счётчик атакующими навыками получает 2 <sprite name=\"AttackUp\"><color=#f8c200><u><link=\"AttackUp\">Повышения уровня атаки</link></u></color> на следующий ход. (Единожды за ход; ЭГО навыки тоже учитываются)\n- Если этот союзник является Кандидатом на пост Главы Семьи, он получает дополнительные 3 <sprite name=\"AttackUp\"><color=#f8c200><u><link=\"AttackUp\">Повышения уровня атаки</link></u></color> на следующий ход.",
      "simpleDesc": [
        {
          "abilityID": 9823,
          "simpleDesc": ""
        }
      ]
    },
    {
      "id": 9824,
      "name": "Добродетель - Жэнь (仁)",
      "desc": "[Эффекты активируются для #6 Выбранной Идентичности]\n\nВосстанавливает 15 СД при победе в столкновении наносящими <sprite name=\"Burst\"><color=#e30000><u><link=\"Burst\">Разрыв</link></u></color> или повышающими его счётчик атакующими навыками. (Единожды за ход; ЭГО навыки тоже учитываются)\n- Если этот союзник является Кандидатом на пост Главы Семьи, он получает 1 <sprite name=\"Protection\"><color=#f8c200><u><link=\"Protection\">Защищённость</link></u></color> на следующий ход.",
      "simpleDesc": [
        {
          "abilityID": 9824,
          "simpleDesc": ""
        }
      ]
    },
    {
      "id": 9825,
      "name": "Культивация: вырезание, подпиливание, высекание, полирование",
      "desc": "[Эффекты активируются для #6 Выбранной Идентичности]\n\nПри победе в столкновении наносящими <sprite name=\"Burst\"><color=#e30000><u><link=\"Burst\">Разрыв</link></u></color> или повышающими его счётчик атакующими навыками (Единожды за ход; ЭГО навыки тоже учитываются):\n- Восстанавливает 20 ОЗ;\n- Получает 3 <sprite name=\"AttackUp\"><color=#f8c200><u><link=\"AttackUp\">Повышения уровня атаки</link></u></color> на этот ход и 3 <sprite name=\"DefenseUp\"><color=#f8c200><u><link=\"DefenseUp\">Повышения уровня защиты</link></u></color> на следующий;\n- Если этот союзник является Кандидатом на пост Главы Семьи, даёт всем союзникам включая себя 1 <sprite name=\"Agility\"><color=#f8c200><u><link=\"Agility\">Спешку</link></u></color>, 1 <sprite name=\"Protection\"><color=#f8c200><u><link=\"Protection\">Защищённость</link></u></color> и 3 <sprite name=\"AttackUp\"><color=#f8c200><u><link=\"AttackUp\">Повышения уровня атаки</link></u></color>.",
      "simpleDesc": [
        {
          "abilityID": 9825,
          "simpleDesc": ""
        }
      ]
    },
    {
      "id": 9826,
      "name": "Шаосинское вино",
      "desc": "[Эффекты активируются для #2 Выбранной Идентичности]\n\nНаносит на 1% больше урона за каждый 1% потерянных ОЗ. (До 10%)",
      "simpleDesc": [
        {
          "abilityID": 9826,
          "simpleDesc": ""
        }
      ]
    },
    {
      "id": 19826,
      "name": "Шаосинское вино+",
      "desc": "[Эффекты активируются для #2 <style=\"upgradeHighlight\">и #4</style> Выбранных Идентичностей]\n\nНаносит на 1% больше урона за каждый 1% потерянных ОЗ. (До 10%)",
      "simpleDesc": [
        {
          "abilityID": 19826,
          "simpleDesc": ""
        }
      ]
    },
    {
      "id": 29826,
      "name": "Шаосинское вино++",
      "desc": "[Эффекты активируются для #2, #4 <style=\"upgradeHighlight\">и #6</style> Выбранных Идентичностей]\n\nНаносит на 1% больше урона за каждый 1% потерянных ОЗ. (До 10%)",
      "simpleDesc": [
        {
          "abilityID": 29826,
          "simpleDesc": ""
        }
      ]
    }
  ]
}