﻿{
  "dataList": [
    {
      "id": 1001,
      "name": "Маска последователя",
      "desc": "Все союзники получают 5 Уровней защиты.",
      "simpleDesc": [
        {
          "abilityID": 1001,
          "simpleDesc": "Уровень защиты +5"
        }
      ]
    },
    {
      "id": 1002,
      "name": "Потрепанная повязка",
      "desc": "Максимальное здоровье всех союзников +10%.",
      "simpleDesc": [
        {
          "abilityID": 1002,
          "simpleDesc": "Максимальное здоровье +10%"
        }
      ]
    },
    {
      "id": 1003,
      "name": "Поврежденный\nфрагмент жвала",
      "desc": "Все союзники менее чем 50% HP восстанавливают 5 HP в начале хода.",
      "simpleDesc": [
        {
          "abilityID": 1003,
          "simpleDesc": "При 50% HP и меньше восстанавливает 5 HP"
        }
      ]
    },
    {
      "id": 1004,
      "name": "Окровавленная маска\nпоследователя",
      "desc": "Все союзники получают 5 Уровней атаки и защиты.",
      "simpleDesc": [
        {
          "abilityID": 1004,
          "simpleDesc": "Уровень атаки +5, Уровень защиты +5"
        }
      ]
    },
    {
      "id": 1005,
      "name": "Черная брошь",
      "desc": "В начале битвы наносит всем противникам 2 <sprite name=\"Binding\"><color=#e30000><u><link=\"Binding\">Поноса</link></u></color> на 3 хода.",
      "simpleDesc": [
        {
          "abilityID": 1005,
          "simpleDesc": "Наносит 2 Поноса"
        }
      ]
    },
    {
      "id": 1006,
      "name": "Рельеф всеобщего конца",
      "desc": "В первый ход битвы, наносит всем противникам 1 <sprite name=\"Combustion\"><color=#e30000><u><link=\"Combustion\">Изжога</link></u></color>. (5 раз)",
      "simpleDesc": [
        {
          "abilityID": 1006,
          "simpleDesc": "Наносит 1 <sprite name=\"Combustion\"><color=#e30000><u><link=\"Combustion\">Изжога</link></u></color>"
        }
      ]
    },
    {
      "id": 1011,
      "name": "Игрушечный кулак",
      "desc": "Союзники наносят на 10% больше урона.",
      "simpleDesc": [
        {
          "abilityID": 1011,
          "simpleDesc": "Урон +10%"
        }
      ]
    },
    {
      "id": 1012,
      "name": "Игрушечная нога",
      "desc": "Скорость всех союзников +1.",
      "simpleDesc": [
        {
          "abilityID": 1012,
          "simpleDesc": "Скорость +1"
        }
      ]
    },
    {
      "id": 1013,
      "name": "Игрушечный болт",
      "desc": "Максимальные HP всех союзников повышаются на 10%.",
      "abnormalityName": "Киборг",
      "simpleDesc": [
        {
          "abilityID": 1013,
          "simpleDesc": "Максимальное здоровье +10%"
        }
      ]
    },
    {
      "id": 1014,
      "name": "Радужный завод",
      "desc": "В начале хода, союзник с наименьшими HP получает 2 <sprite name=\"Protection\"><color=#f8c200><u><link=\"Protection\">Защищенности</link></u></color>.",
      "simpleDesc": [
        {
          "abilityID": 1014,
          "simpleDesc": "Дает 2 <sprite name=\"Protection\"><color=#f8c200><u><link=\"Protection\">Защищенности</link></u></color>"
        }
      ]
    },
    {
      "id": 1015,
      "name": "Ржавый завод",
      "desc": "В начале хода, союзник с наименьшими HP получает 1 <sprite name=\"Protection\"><color=#f8c200><u><link=\"Protection\">Защищенность</link></u></color>.",
      "simpleDesc": [
        {
          "abilityID": 1015,
          "simpleDesc": "Дает 1 <sprite name=\"Protection\"><color=#f8c200><u><link=\"Protection\">Защищенность</link></u></color>"
        }
      ]
    },
    {
      "id": 1016,
      "name": "Прибор срочного оперирования",
      "desc": "После смертельного урона, HP союзника не падает ниже 1, а затем полностью восстанавливается и ему дается 3 <sprite name=\"Operation\"><color=#9f6a3a><u><link=\"Operation\">Операции</link></u></color>.\n\nВ конце битвы союзник умирает. (ЭГО дар используется лишь один раз и затем расходуется)",
      "simpleDesc": [
        {
          "abilityID": 1016,
          "simpleDesc": "Восстанавливает HP"
        },
        {
          "abilityID": 10161,
          "simpleDesc": "Дает 3 Операция"
        }
      ]
    },
    {
      "id": 1018,
      "name": "Извивающаяся лента",
      "desc": "Если союзник побеждает в столкновении с противником, используя атаку с грехом Похоти, наносит 1 <sprite name=\"Binding\"><color=#e30000><u><link=\"Binding\">Понос</link></u></color> и 1 <sprite name=\"Vulnerable\"><color=#e30000><u><link=\"Vulnerable\">Уязвимость</link></u></color>.",
      "simpleDesc": [
        {
          "abilityID": 1018,
          "simpleDesc": "Наносит 1 <sprite name=\"Binding\"><color=#e30000><u><link=\"Binding\">Понос</link></u></color>"
        },
        {
          "abilityID": 10181,
          "simpleDesc": "Наносит 1 <sprite name=\"Vulnerable\"><color=#e30000><u><link=\"Vulnerable\">Уязвимость</link></u></color>"
        }
      ]
    },
    {
      "id": 1021,
      "name": "Метка",
      "desc": "Стремление Синклера противостоять Кромер. Если нарисовать 3 штриха…",
      "simpleDesc": [
        {
          "abilityID": 1021,
          "simpleDesc": "Стремление Синклера"
        }
      ]
    },
    {
      "id": 1022,
      "name": "Метка",
      "desc": "Стремление Синклера противостоять Кромер. Если нарисовать 3 штриха…",
      "simpleDesc": [
        {
          "abilityID": 1022,
          "simpleDesc": "Стремление Синклера"
        }
      ]
    },
    {
      "id": 1023,
      "name": "Метка",
      "desc": "Стремление Синклера противостоять Кромер. Если нарисовать 3 штриха…",
      "simpleDesc": [
        {
          "abilityID": 1023,
          "simpleDesc": "Стремление Синклера"
        }
      ]
    },
    {
      "id": 1024,
      "name": "Метка",
      "desc": "Стремление Синклера противостоять Кромер. Если нарисовать 3 штриха…",
      "simpleDesc": [
        {
          "abilityID": 1024,
          "simpleDesc": "Стремление Синклера"
        }
      ]
    },
    {
      "id": 1032,
      "name": "Связка факелов",
      "desc": "В начале 3 битв дает всем союзникам 3 <sprite name=\"Agility\"><color=#f8c200><u><link=\"Agility\">Спешки</link></u></color>. Расходуется после 3 битв.",
      "simpleDesc": [
        {
          "abilityID": 1032,
          "simpleDesc": "Дает 3 <sprite name=\"Agility\"><color=#f8c200><u><link=\"Agility\">Спешки</link></u></color>"
        }
      ]
    },
    {
      "id": 1033,
      "name": "Старый ключ от склада",
      "desc": "Используется в специальном событии и расходуется после использования.",
      "simpleDesc": [
        {
          "abilityID": 1033,
          "simpleDesc": "Используется для выбора"
        }
      ]
    },
    {
      "id": 1034,
      "name": "Кроваво-красная грива",
      "desc": "Активиуется только для союзников с навыками с грехом Похоти.\nЕсли балбес не получил урона в течение хода, он получает 2 <sprite name=\"Agility\"><color=#f8c200><u><link=\"Agility\">Спешки</link></u></color> и 2 <sprite name=\"Endurance\"><color=#f8c200><u><link=\"Endurance\">Повышения силы защиты</link></u></color> на следующий ход.\n\nЕсли же балбес получил урон в течение хода, он получает 2 <sprite name=\"Binding\"><color=#e30000><u><link=\"Binding\">Поноса</link></u></color> и 2 <sprite name=\"Enhancement\"><color=#f8c200><u><link=\"Enhancement\">Повышения силы атаки</link></u></color> на следующий ход.",
      "simpleDesc": [
        {
          "abilityID": 1034,
          "simpleDesc": "Дает 2 <sprite name=\"Agility\"><color=#f8c200><u><link=\"Agility\">Спешки</link></u></color> и 2 <sprite name=\"Endurance\"><color=#f8c200><u><link=\"Endurance\">Повышения силы защиты</link></u></color>"
        },
        {
          "abilityID": 10341,
          "simpleDesc": "Дает 2 <sprite name=\"Binding\"><color=#e30000><u><link=\"Binding\">Поноса</link></u></color> и 2 <sprite name=\"Enhancement\"><color=#f8c200><u><link=\"Enhancement\">Повышения силы атаки</link></u></color>"
        }
      ]
    },
    {
      "id": 1037,
      "name": "Печать Корп. N",
      "desc": "Используется в специальном событии и расходуется после использования.",
      "simpleDesc": [
        {
          "abilityID": 1037,
          "simpleDesc": "Используется для выбора"
        }
      ]
    },
    {
      "id": 1038,
      "name": "Доказательство чистоты",
      "desc": "Союзник, прошедший ритуал, получает +2 к Силе навыков с грехом Гнева.",
      "simpleDesc": [
        {
          "abilityID": 1038,
          "simpleDesc": "+2 к Силе навыков с грехом Гнева"
        }
      ]
    },
    {
      "id": 1039,
      "name": "Доказательство слез",
      "desc": "Союзник, прошедший ритуал, получает +2 к Силе навыков с грехом Уныния.",
      "simpleDesc": [
        {
          "abilityID": 1039,
          "simpleDesc": "+2 к Силе навыков с грехом Уныния"
        }
      ]
    },
    {
      "id": 1040,
      "name": "Сверкающий череп",
      "desc": "Начало хода: при получении более 10 урона по HP в прошлом ходу, восстанавливает 5~15 HP.",
      "simpleDesc": [
        {
          "abilityID": 1040,
          "simpleDesc": "Восстанавливает 5~15 HP"
        }
      ]
    },
    {
      "id": 1041,
      "name": "Окровавленная рука",
      "desc": "Начало хода: дает 2 <sprite name=\"Enhancement\"><color=#f8c200><u><link=\"Enhancement\">Повышения силы атаки</link></u></color> союзникам с менее чем 25% HP.",
      "simpleDesc": [
        {
          "abilityID": 1041,
          "simpleDesc": "Дает 2 <sprite name=\"Enhancement\"><color=#f8c200><u><link=\"Enhancement\">Повышения силы атаки</link></u></color>"
        }
      ]
    },
    {
      "id": 1042,
      "name": "Насмехающийся язык",
      "desc": "На 10% больше урона в выигранном столкновении с противником.",
      "simpleDesc": [
        {
          "abilityID": 1042,
          "simpleDesc": "Урон +10% в выигранном столкновении"
        }
      ]
    },
    {
      "id": 1043,
      "name": "Доказательство искупления",
      "desc": "Союзник, прошедший ритуал, получает +2 к Силе навыков с грехом Похоти.",
      "simpleDesc": [
        {
          "abilityID": 1043,
          "simpleDesc": "+2 к Силе навыков с грехом Похоти"
        }
      ]
    },
    {
      "id": 1044,
      "name": "Право ритуала",
      "desc": "Снижает урон от атак с грехом Похоти на 20% для всех союзников.",
      "simpleDesc": [
        {
          "abilityID": 1044,
          "simpleDesc": "Получаемый урон Похотью -20%"
        }
      ]
    },
    {
      "id": 1046,
      "name": "Зеленая кожа",
      "desc": "При получении союзником смертельного урона по HP. восстанавливает 50% от макс. HP.\n(ЭГО Дар используется лишь один раз и затем расходуется)",
      "simpleDesc": [
        {
          "abilityID": 1046,
          "simpleDesc": "Восстанавливает 50% здоровья"
        }
      ]
    },
    {
      "id": 1048,
      "name": "Топфхельм",
      "desc": "Сила навыков защиты +1.",
      "simpleDesc": [
        {
          "abilityID": 1048,
          "simpleDesc": "Сила навыков защиты +1"
        }
      ]
    },
    {
      "id": 1049,
      "name": "Молот",
      "desc": "При нанесении <sprite name=\"Vibration\"><color=#e30000><u><link=\"Vibration\">Тряски</link></u></color> эффектами навыков, с 50% шансом наносит еще 1 <sprite name=\"Vibration\"><color=#e30000><u><link=\"Vibration\">Тряска</link></u></color>.",
      "simpleDesc": [
        {
          "abilityID": 1049,
          "simpleDesc": "Наносит 1 дополнительный <sprite name=\"Vibration\"><color=#e30000><u><link=\"Vibration\">Тряска</link></u></color>"
        }
      ]
    },
    {
      "id": 1050,
      "name": "Гвоздь",
      "desc": "При нанесении <sprite name=\"Laceration\"><color=#e30000><u><link=\"Laceration\">Кетчупа</link></u></color> эффектами навыков, с 50% шансом наносит еще 1 <sprite name=\"Laceration\"><color=#e30000><u><link=\"Laceration\">Кетчуп</link></u></color>.",
      "simpleDesc": [
        {
          "abilityID": 1050,
          "simpleDesc": "Наносит 1 дополнительное <sprite name=\"Laceration\"><color=#e30000><u><link=\"Laceration\">Кетчуп</link></u></color>"
        }
      ]
    },
    {
      "id": 1051,
      "name": "Писания Гвоздя и молота",
      "desc": "При использовании навыка с грехом Гордыни, союзник теряет 5 SP, но повышает урон на 5%.",
      "simpleDesc": [
        {
          "abilityID": 1051,
          "simpleDesc": "При определенном условии: SP -5"
        },
        {
          "abilityID": 10511,
          "simpleDesc": "При определенном условии: Урон Гордыней +5%"
        }
      ]
    },
    {
      "id": 1052,
      "name": "Горячая сочная ножка",
      "desc": "При нанесении <sprite name=\"Combustion\"><color=#e30000><u><link=\"Combustion\">Изжоги</link></u></color> эффектами навыков, увеличивает его счетчик на 5.",
      "simpleDesc": [
        {
          "abilityID": 1052,
          "simpleDesc": ""
        }
      ]
    },
    {
      "id": 1053,
      "name": "Сухая-пресухая грудка",
      "desc": "При нанесении <sprite name=\"Burst\"><color=#e30000><u><link=\"Burst\">Зеленки</link></u></color> эффектами навыков, повышает его счетчик на 5.",
      "simpleDesc": [
        {
          "abilityID": 1053,
          "simpleDesc": ""
        }
      ]
    },
    {
      "id": 1054,
      "name": "Танго-маринад",
      "desc": "Если скорость союзника выше скорости его цели, союзник получает итоговую силу, равную половине от его скорости.",
      "simpleDesc": [
        {
          "abilityID": 1054,
          "simpleDesc": ""
        }
      ]
    },
    {
      "id": 1055,
      "name": "Грязная нитка с иголкой",
      "desc": "В первой атаке хода наносит <sprite name=\"Laceration\"><color=#e30000><u><link=\"Laceration\">Кетчуп</link></u></color>, равное трети от общего нанесенного навыком урона.",
      "simpleDesc": [
        {
          "abilityID": 1055,
          "simpleDesc": ""
        }
      ]
    },
    {
      "id": 1056,
      "name": "Острая нитка с иголкой",
      "desc": "В первой атаке хода наносит фиксированный урон, равный половине от общего нанесенного навыком урона.",
      "simpleDesc": [
        {
          "abilityID": 1056,
          "simpleDesc": ""
        }
      ]
    },
    {
      "id": 2001,
      "name": "Небольшая ампула",
      "desc": "Если в начале хода на поле боя есть союзник с менее чем 40% HP, он восстанавливает HP до 100%. (Активируется единожды за этаж)",
      "simpleDesc": [
        {
          "abilityID": 2001,
          "simpleDesc": "При определенных условиях восстанавливает до 100% HP."
        }
      ]
    },
    {
      "id": 2002,
      "name": "Осколок разбитого яйца",
      "desc": "В первом ходе каждой битвы, добавляет 2 ресурса к случайным ЭГО ресурсам на руках.",
      "simpleDesc": [
        {
          "abilityID": 2002,
          "simpleDesc": "+2 к случайным ЭГО ресурсам на руках."
        }
      ]
    },
    {
      "id": 2003,
      "name": "Холодная иллюзия",
      "desc": "Навыки с грехом Чревоугодия наносят на 10% больше урона.",
      "simpleDesc": [
        {
          "abilityID": 2003,
          "simpleDesc": "+10% урона навыками с грехом Чревоугодия."
        }
      ]
    },
    {
      "id": 2004,
      "name": "Точеная иллюзия",
      "desc": "Навыки с грехом Гордыни наносят на 10% больше урона.",
      "simpleDesc": [
        {
          "abilityID": 2004,
          "simpleDesc": "+10% урона навыками с грехом Гордыни."
        }
      ]
    },
    {
      "id": 2005,
      "name": "Пряная иллюзия",
      "desc": "Навыки с грехом Лености наносят на 10% больше урона.",
      "simpleDesc": [
        {
          "abilityID": 2005,
          "simpleDesc": "+10% урона навыками с грехом Лености."
        }
      ]
    },
    {
      "id": 2006,
      "name": "Звездный след",
      "desc": "Итоговая сила +1 для навыков с грехом Лености или Уныния при 0 и менее SP.",
      "simpleDesc": [
        {
          "abilityID": 2006,
          "simpleDesc": "Итоговая сила +1 для навыков с грехом Лености или Уныния при 0 и менее SP."
        }
      ]
    },
    {
      "id": 2007,
      "name": "Острые почки",
      "desc": "При нанесении <sprite name=\"Sinking\"><color=#e30000><u><link=\"Sinking\">Депрессии</link></u></color> навыками с 50%-ым шансом наносит 1 дополнительную <sprite name=\"Sinking\"><color=#e30000><u><link=\"Sinking\">Депрессию</link></u></color>.",
      "simpleDesc": [
        {
          "abilityID": 2007,
          "simpleDesc": "При нанесении <sprite name=\"Sinking\"><color=#e30000><u><link=\"Sinking\">Депрессии</link></u></color> навыками с 50%-ым шансом наносит 1 дополнительную <sprite name=\"Sinking\"><color=#e30000><u><link=\"Sinking\">Депрессию</link></u></color>."
        }
      ]
    },
    {
      "id": 2008,
      "name": "Горячая слеза",
      "desc": "На 10% меньше урона от навыков с грехом Гнева.\nПри получении урона дает 1 <sprite name=\"Enhancement\"><color=#f8c200><u><link=\"Enhancement\">Повышение силы атаки</link></u></color> на следующий ход. (Активируется единожды за ход на союзника)",
      "simpleDesc": [
        {
          "abilityID": 2009,
          "simpleDesc": "-20% урона от навыков с грехом Гнева."
        },
        {
          "abilityID": 200901,
          "simpleDesc": "При получении урона дает 1 <sprite name=\"Enhancement\"><color=#f8c200><u><link=\"Enhancement\">Повышение силы атаки</link></u></color> на следующий ход."
        }
      ]
    },
    {
      "id": 2009,
      "name": "Холодная слеза",
      "desc": "При получении урона дает 1 <sprite name=\"Protection\"><color=#f8c200><u><link=\"Protection\">Защищенность</link></u></color> на следующий ход. (Активируется единожды за ход на балбеса)",
      "simpleDesc": [
        {
          "abilityID": 2009,
          "simpleDesc": "При получении урона дает 1 <sprite name=\"Protection\"><color=#f8c200><u><link=\"Protection\">Защищенность</link></u></color> на следующий ход."
        }
      ]
    },
    {
      "id": 2010,
      "name": "Воспоминания об осколках",
      "desc": "Сила в столкновении +1 для навыков с грехами Гордыни и Зависти.",
      "simpleDesc": [
        {
          "abilityID": 2010,
          "simpleDesc": "Сила в поединке +1 для навыков с грехами Гордыни и Зависти."
        }
      ]
    },
    {
      "id": 2011,
      "name": "Осколок вырванной весны",
      "desc": "На 10% меньше урона от навыков с грехом Гордыни. \n\n<i>„Я желал развеяться зеленью, ощущая семена, захороненные в шелестящем сердце.“</i>",
      "simpleDesc": [
        {
          "abilityID": 2011,
          "simpleDesc": "-10% урона от навыков с грехом Гордыни."
        }
      ]
    },
    {
      "id": 2012,
      "name": "Осколок вырванного лета",
      "desc": "На 10% меньше урона от навыков с грехом Чревоугодия.\n\n<i>„Мне казались бессмысленными попытки развеять капризное непостоянство погоды. Я лишь смотрел ввысь, смиренно ожидая, когда наступит тихий, спокойный денек.“</i>",
      "simpleDesc": [
        {
          "abilityID": 2012,
          "simpleDesc": "-10% урона от навыков с грехом Чревоугодия.\n\n<i>„Я был слишком беспечен, тешась мыслью, что смогу искоса наблюдать вплоть до момента, как все прольется… Увы, понимание приходит слишком поздно.“</i>"
        }
      ]
    },
    {
      "id": 2013,
      "name": "Осколок вырванной осени",
      "desc": "На 10% меньше урона от навыков с грехом Уныния.\n\n<i>„Я был слишком беспечен, тешась мыслью, что смогу искоса наблюдать вплоть до момента, как все случится… Увы, понимание приходит слишком поздно.“</i>",
      "simpleDesc": [
        {
          "abilityID": 2013,
          "simpleDesc": "-10% урона от навыков с грехом Уныния."
        }
      ]
    },
    {
      "id": 2014,
      "name": "Осколок вырванной зимы",
      "desc": "На 10% меньше урона от навыков с грехом Лености.\n\n<i>„Раскол Лиги Девяти поделил наши жизни на \"до\" и \"после\", разбив вдребезги все внутри меня.“</i>",
      "simpleDesc": [
        {
          "abilityID": 2014,
          "simpleDesc": "-10% урона от навыков с грехом Лености."
        }
      ]
    },
    {
      "id": 2015,
      "name": "Осколок разрушенной связи",
      "desc": "+2 к Итоговой силе для всех навыков И Сана.\nПри смерти союзника оставшиеся, в живых союзники получают 1 <sprite name=\"Agility\"><color=#f8c200><u><link=\"Agility\">Спешку</link></u></color> и 1 <sprite name=\"Enhancement\"><color=#f8c200><u><link=\"Enhancement\">Повышение силы атаки</link></u></color>. (Единожды за ход)\n\n<i>„Оглянувшись на минувшие дни… Все мы потеряли слишком многое.“</i>",
      "simpleDesc": [
        {
          "abilityID": 2015,
          "simpleDesc": "Итоговая сила +2 для всех навыков И Сана."
        },
        {
          "abilityID": 201501,
          "simpleDesc": "При смерти союзника оставшиеся в живых союзники получают 1 <sprite name=\"Agility\"><color=#f8c200><u><link=\"Agility\">Спешку</link></u></color> и 1 Повышение силы атаки на следующий ход. (Единожды за ход)"
        }
      ]
    },
    {
      "id": 2016,
      "name": "Осколок обратных воспоминаний",
      "desc": "Фиксирует И Сана на 35 уровне.\nУровень связи И Сана и Связи его ЭГО фиксируется на 3 уровне.\n\n<i>„Мы не были ни высокомерными выскочками, ни алчными стервятниками; мы были просто детьми, влюбленными в технологии.“</i>",
      "simpleDesc": [
        {
          "abilityID": 2016,
          "simpleDesc": "Фиксирует И Сана на 35 уровне."
        },
        {
          "abilityID": 201601,
          "simpleDesc": "Уровент Связи И Сана и Связи ЭГО фиксируется на 3 уровне."
        }
      ]
    }
  ]
}