{
  "dataList": [
    {
      "id": 20101,
      "name": "Птичий полет",
      "desc": "Yi Sang’s Base E.G.O"
    },
    {
      "id": 20102,
      "name": "4-я изжогенная спичка",
      "desc": "Yi Sang’s E.G.O Gear"
    },
    {
      "id": 20103,
      "name": "Пирамида Хеопса",
      "desc": "Yi Sang’s E.G.O Gear"
    },
    {
      "id": 20201,
      "name": "АОЕ Деанон",
      "desc": "Faust’s Base E.G.O"
    },
    {
      "id": 20202,
      "name": "Фри хилл",
      "desc": "Faust’s E.G.O Gear"
    },
    {
      "id": 20203,
      "name": "Хексы гвоздь",
      "desc": "Faust’s E.G.O Gear"
    },
    {
      "id": 20301,
      "name": "Ла сангре де Санчо",
      "desc": "Don Quixote’s Base E.G.O"
    },
    {
      "id": 20302,
      "name": "Не хилл...",
      "desc": "Don Quixote’s E.G.O Gear"
    },
    {
      "id": 20401,
      "name": "Запретные слова",
      "desc": "Ryōshū’s Base E.G.O"
    },
    {
      "id": 20402,
      "name": "4-я изжогенная спичка",
      "desc": "Ryōshū’s E.G.O Gear"
    },
    {
      "id": 20501,
      "name": "Цепь сдерживания",
      "desc": "Meursault’s Base E.G.O"
    },
    {
      "id": 20502,
      "name": "Крученая подача",
      "desc": "Meursault’s E.G.O Gear"
    },
    {
      "id": 20503,
      "name": "Норм хилка",
      "desc": "Meursault’s E.G.O Gear"
    },
    {
      "id": 20601,
      "name": "Помыв бабушки",
      "desc": "Hong Lu’s Base E.G.O"
    },
    {
      "id": 20602,
      "name": "Розовеющая жажда",
      "desc": "Hong Lu’s E.G.O Gear"
    },
    {
      "id": 20701,
      "name": "Сына, выкинь мусор",
      "desc": "Heathcliff’s Base E.G.O"
    },
    {
      "id": 20702,
      "name": "Абонент не отвечает",
      "desc": "Heathcliff’s E.G.O Gear"
    },
    {
      "id": 20801,
      "name": "Гашарпун",
      "desc": "Ishmael’s Base E.G.O"
    },
    {
      "id": 20802,
      "name": "Розовеющая жажда",
      "desc": "Ishmael’s E.G.O Gear"
    },
    {
      "id": 20803,
      "name": "Устройство сжигания ев-",
      "desc": "Ishmael’s E.G.O Gear"
    },
    {
      "id": 20901,
      "name": "Винтер арк",
      "desc": "Rodion’s Base E.G.O"
    },
    {
      "id": 20902,
      "name": "4-я изжогенная спичка",
      "desc": "Rodion’s E.G.O Gear"
    },
    {
      "id": 20903,
      "name": "Холодное оружие",
      "desc": "Rodion’s E.G.O Gear"
    },
    {
      "id": 21001,
      "name": "Корневые знания",
      "desc": "Sinclair’s Base E.G.O"
    },
    {
      "id": 21002,
      "name": "Надвигающийся день",
      "desc": "Sinclair’s E.G.O Gear"
    },
    {
      "id": 21101,
      "name": "К былым временам",
      "desc": "Outis’s Base E.G.O"
    },
    {
      "id": 21102,
      "name": "Ебони каша",
      "desc": "Outis’s E.G.O Gear"
    },
    {
      "id": 21103,
      "name": "Моя форма пустеет",
      "desc": "Outis’s E.G.O Gear"
    },
    {
      "id": 21201,
      "name": "Внезапно, однажды...",
      "desc": "Gregor’s Base E.G.O"
    },
    {
      "id": 21202,
      "name": "Ловкий трюк",
      "desc": "Gregor’s E.G.O Gear"
    },
    {
      "id": 21203,
      "name": "Фонарик",
      "desc": "Gregor’s E.G.O Gear"
    },
    {
      "id": 20303,
      "name": "Абонент не отвечает",
      "desc": "Don Quixote’s E.G.O Gear"
    },
    {
      "id": 20204,
      "name": "Абонент не отвечает",
      "desc": "Faust’s E.G.O Gear"
    },
    {
      "id": 20304,
      "name": "Живая вкусняшка",
      "desc": "Don Quixote’s E.G.O Gear"
    },
    {
      "id": 21003,
      "name": "Живая вкусняшка",
      "desc": "Sinclair’s E.G.O Gear"
    },
    {
      "id": 20104,
      "name": "Разрезатель вселенных",
      "desc": "Yi Sang’s E.G.O Gear"
    },
    {
      "id": 20603,
      "name": "Разрезатель вселенных",
      "desc": "Hong Lu’s E.G.O Gear"
    },
    {
      "id": 20504,
      "name": "Кампот",
      "desc": "Meursault’s E.G.O Gear"
    },
    {
      "id": 20804,
      "name": "Кампот",
      "desc": "Ishmael’s E.G.O Gear"
    },
    {
      "id": 21104,
      "name": "Золотой дождь",
      "desc": "Outis’s E.G.O Gear"
    },
    {
      "id": 21204,
      "name": "ГовнАЕДД",
      "desc": "Gregor’s E.G.O Gear"
    },
    {
      "id": 20703,
      "name": "ГовнАЕДД",
      "desc": "Heathcliff’s E.G.O Gear"
    },
    {
      "id": 20105,
      "name": "Золотой дождь",
      "desc": "Yi Sang’s E.G.O Gear"
    },
    {
      "id": 20403,
      "name": "Красные глазки",
      "desc": "Ryōshū’s E.G.O Gear"
    },
    {
      "id": 20404,
      "name": "Красные глазки (открытые)",
      "desc": "Ryōshū’s E.G.O Gear"
    },
    {
      "id": 20405,
      "name": "Кока-кола",
      "desc": "Ryōshū’s E.G.O Gear"
    },
    {
      "id": 20604,
      "name": "Кока-кола",
      "desc": "Hong Lu’s E.G.O Gear"
    },
    {
      "id": 21004,
      "name": "Фонарик",
      "desc": "Sinclair’s E.G.O Gear"
    },
    {
      "id": 20704,
      "name": "Моя форма пустеет",
      "desc": "Heathcliff’s E.G.O Gear"
    },
    {
      "id": 20505,
      "name": "Сожаление",
      "desc": "Meursault’s E.G.O Gear"
    },
    {
      "id": 20605,
      "name": "Спасти 10 детей?...",
      "desc": "Hong Lu’s E.G.O Gear"
    },
    {
      "id": 20205,
      "name": "1000 - 7",
      "desc": "Faust’s E.G.O Gear"
    },
    {
      "id": 20406,
      "name": "Ослепляющие нюдсы",
      "desc": "Ryōshū’s E.G.O Gear"
    },
    {
      "id": 20805,
      "name": "Ослепляющие нюдсы",
      "desc": "Ishmael’s E.G.O Gear"
    },
    {
      "id": 20904,
      "name": "Или мега пачка чипсов с крабом лейс",
      "desc": "Rodion’s E.G.O Gear"
    },
    {
      "id": 21005,
      "name": "1000 - 7",
      "desc": "Sinclair’s E.G.O Gear"
    },
    {
      "id": 20905,
      "name": "Пурсуанс",
      "desc": "Rodion’s E.G.O Gear"
    },
    {
      "id": 20705,
      "name": "Выходные",
      "desc": "Heathcliff’s E.G.O Gear"
    },
    {
      "id": 21105,
      "name": "Выходные",
      "desc": "Outis’s E.G.O Gear"
    },
    {
      "id": 20305,
      "name": "Пирамида Хеопса",
      "desc": "Don Quixote’s E.G.O Gear"
    },
    {
      "id": 21205,
      "name": "Тернистый сад",
      "desc": "Gregor’s E.G.O Gear"
    },
    {
      "id": 21206,
      "name": "Царство небесное",
      "desc": "Gregor’s E.G.O Gear"
    },
    {
      "id": 20106,
      "name": "Царство небесное",
      "desc": "Yi Sang’s E.G.O Gear"
    },
    {
      "id": 20306,
      "name": "Электрический визг",
      "desc": "Don Quixote’s E.G.O Gear"
    },
    {
      "id": 20506,
      "name": "Электрический визг",
      "desc": "Meursault’s E.G.O Gear"
    },
    {
      "id": 21106,
      "name": "Бондаж",
      "desc": "Outis’s E.G.O Gear"
    },
    {
      "id": 20706,
      "name": "Бондаж",
      "desc": "Heathcliff’s E.G.O Gear"
    },
    {
      "id": 20806,
      "name": "Геншин Импакт",
      "desc": "Ishmael’s E.G.O Gear"
    },
    {
      "id": 20906,
      "name": "Месячные",
      "desc": "Rodion’s E.G.O Gear"
    },
    {
      "id": 20606,
      "name": "Крик из пещер",
      "desc": "Hong Lu’s E.G.O Gear"
    },
    {
      "id": 21006,
      "name": "Крик из пещер",
      "desc": "Sinclair’s E.G.O Gear"
    },
    {
      "id": 20206,
      "name": "Жена",
      "desc": "Faust’s E.G.O Gear"
    },
    {
      "id": 20407,
      "name": "Комптемпт, Ухх",
      "desc": "Ryōshū’s E.G.O Gear"
    },
    {
      "id": 20707,
      "name": "Павшая пуля",
      "desc": "Heathcliff’s E.G.O Gear"
    },
    {
      "id": 21107,
      "name": "Разрезатель вселенных",
      "desc": "Outis’s E.G.O Gear"
    },
    {
      "id": 21207,
      "name": "          ",
      "desc": "Gregor’s E.G.O Gear"
    },
    {
      "id": 20807,
      "name": "Царство небесное",
      "desc": "Ishmael’s E.G.O Gear"
    },
    {
      "id": 20207,
      "name": "Лассо",
      "desc": "Faust’s E.G.O Gear"
    },
    {
      "id": 20607,
      "name": "Лассо",
      "desc": "Hong Lu’s E.G.O Gear"
    },
    {
      "id": 21007,
      "name": "Хексы гвоздь",
      "desc": "Sinclair’s E.G.O Gear"
    },
    {
      "id": 20907,
      "name": "Хексы гвоздь",
      "desc": "Rodion’s E.G.O Gear"
    },
    {
      "id": 20507,
      "name": "Воющая-Миркалла",
      "desc": "Meursault’s E.G.O Gear"
    },
    {
      "id": 20307,
      "name": "Воющая-Миркалла",
      "desc": "Don Quixote’s E.G.O Gear"
    },
    {
      "id": 20107,
      "name": "ФРЕНДЛИ ФАЕР",
      "desc": "ЭГО Сани"
    },
    {
      "id": 20708,
      "name": "Несемметричная инерция",
      "desc": "Heathcliff’s E.G.O Gear"
    },
    {
      "id": 20808,
      "name": "Ночной паралич",
      "desc": "Ishmael’s E.G.O Gear"
    },
    {
      "id": 21208,
      "name": "Ночной паралич",
      "desc": "Gregor’s E.G.O Gear"
    },
    {
      "id": 21108,
      "name": "Невъебенная пуля",
      "desc": "Outis’s E.G.O Gear"
    },
    {
      "id": 20408,
      "name": "Рак легких",
      "desc": "ЭГО Решу"
    },
    {
      "id": 20208,
      "name": "Рак легких",
      "desc": "ЭГО Фауст"
    },
    {
      "id": 20908,
      "name": "Пытка Гусями",
      "desc": "Rodion’s E.G.O Gear"
    },
    {
      "id": 20308,
      "name": "Я с ней хентай видел",
      "desc": "Don Quixote’s E.G.O Gear"
    },
    {
      "id": 20809,
      "name": "Стоногий Пидарас Смерти [蝍蛆殺]",
      "desc": "Ishmael’s E.G.O Gear"
    },
    {
      "id": 21008,
      "name": "Сатору Гойда [汚血泣淚]",
      "desc": "Sinclair’s E.G.O Gear"
    },
    {
      "id": 20608,
      "name": "Сатору Гойда [汚血泣淚]",
      "desc": "Hong Lu’s E.G.O Gear"
    },
    {
      "id": 20309,
      "name": "Аркана свага",
      "desc": "Don Quixote’s E.G.O Gear"
    },
    {
      "id": 20508,
      "name": "МУЖ ДОЛБИТ МЕНЯ\nЧАСАМИ",
      "desc": "Meursault’s E.G.O Gear"
    }
  ]
}
