﻿{
  "dataList": [
    {
      "id": 8100,
      "name": "Пророк Кожи",
      "desc": "Ядро"
    },
    {
      "id": 810001,
      "name": "Тело",
      "desc": "Часть"
    },
    {
      "id": 8107,
      "name": "Свеча",
      "desc": "Ядро"
    },
    {
      "id": 810701,
      "name": "Свеча",
      "desc": "Часть"
    },
    {
      "id": 8102,
      "name": "Мутный Поток, <cspace=-1px>Пожирающий Сновидения</cspace>",
      "desc": "Ядро"
    },
    {
      "id": 810201,
      "name": "Тело",
      "desc": "Часть"
    },
    {
      "id": 810202,
      "name": "Флуоресцентные лампы",
      "desc": "Часть"
    },
    {
      "id": 8108,
      "name": "Дрейфующий обломок",
      "desc": "Ядро"
    },
    {
      "id": 810801,
      "name": "Дрейфующий обломок",
      "desc": "Часть"
    },
    {
      "id": 8101,
      "name": "Ступающая жемчужина",
      "desc": "Ядро"
    },
    {
      "id": 810101,
      "name": "Раковина",
      "desc": "Часть"
    },
    {
      "id": 810102,
      "name": "Жемчужина",
      "desc": "Часть"
    },
    {
      "id": 8109,
      "name": "Зелёная слизь",
      "desc": "Ядро"
    },
    {
      "id": 810901,
      "name": "Зелёная слизь",
      "desc": "Часть"
    },
    {
      "id": 8103,
      "name": "???",
      "desc": "Ядро"
    },
    {
      "id": 810301,
      "name": "Тело",
      "desc": "Часть"
    },
    {
      "id": 81032,
      "name": "???",
      "desc": "Ядро"
    },
    {
      "id": 8110,
      "name": "Слепой житель \"Пекод Тауна\"",
      "desc": "Ядро"
    },
    {
      "id": 811001,
      "name": "Тело",
      "desc": "Часть"
    },
    {
      "id": 8111,
      "name": "Задыхающаяся жительница \"Пекод Тауна\"",
      "desc": "Ядро"
    },
    {
      "id": 811101,
      "name": "Тело",
      "desc": "Часть"
    },
    {
      "id": 90098,
      "name": "Слепой житель \"Пекод Тауна\"",
      "desc": "Ядро"
    },
    {
      "id": 90099,
      "name": "Задыхающаяся жительница \"Пекод Тауна\"",
      "desc": "Ядро"
    },
    {
      "id": 8104,
      "name": "Старбак",
      "desc": "Ядро"
    },
    {
      "id": 810401,
      "name": "Тело",
      "desc": "Часть"
    },
    {
      "id": 8105,
      "name": "Ахав",
      "desc": "Ядро"
    },
    {
      "id": 810501,
      "name": "Тело",
      "desc": "Часть"
    },
    {
      "id": 81052,
      "name": "Ахав",
      "desc": "Ядро"
    },
    {
      "id": 8106,
      "name": "Расцветшее ЭГО::Газгарпун",
      "desc": "Ядро"
    },
    {
      "id": 810601,
      "name": "Тело",
      "desc": "Часть"
    },
    {
      "id": 8112,
      "name": "Квикег",
      "desc": "Ядро"
    },
    {
      "id": 811201,
      "name": "Тело",
      "desc": "Часть"
    },
    {
      "id": 81062,
      "name": "Расцветшее ЭГО::Газгарпун",
      "desc": "Ядро"
    },
    {
      "id": 81063,
      "name": "Расцветшее ЭГО::Газгарпун",
      "desc": "Ядро"
    }
  ]
}
