﻿{
  "dataList": [
    {
      "id": 90128,
      "name": "Упрямый корректировщик ассоциации «Эуфи»",
      "desc": ""
    },
    {
      "id": 90129,
      "name": "Безукоризненный корректировщик ассоциации «Эуфи»",
      "desc": ""
    },
    {
      "id": 90130,
      "name": "Директор ассоциации  «Эуфи»",
      "desc": ""
    },
    {
      "id": 90131,
      "name": "Очарованный исследователь Безымянного пальца?",
      "desc": ""
    },
    {
      "id": 90132,
      "name": "Восторженный исследователь Безымянного пальца?",
      "desc": ""
    },
    {
      "id": 90133,
      "name": "Исследователь Безымянного пальца-пуантилист?",
      "desc": ""
    },
    {
      "id": 91015,
      "name": "Хиндли",
      "desc": ""
    },
    {
      "id": 8204,
      "name": "Босс Мертвых Кроликов",
      "desc": ""
    },
    {
      "id": 8159,
      "name": "Грех Лености?",
      "desc": ""
    },
    {
      "id": 8160,
      "name": "Грех Чревоугодия?",
      "desc": ""
    },
    {
      "id": 8162,
      "name": "Странный член Мертвых Кроликов",
      "desc": ""
    },
    {
      "id": 8163,
      "name": "Сокрытый член Мертвых Кроликов",
      "desc": ""
    },
    {
      "id": 8164,
      "name": "Хитклиф?",
      "desc": ""
    },
    {
      "id": 8165,
      "name": "Хиндли, Опустошенный Плакальщик",
      "desc": ""
    },
    {
      "id": 90134,
      "name": "Странный член Мертвых Кроликов",
      "desc": ""
    },
    {
      "id": 90135,
      "name": "Сокрытый член Мертвых Кроликов",
      "desc": ""
    }
  ]
}
