{
  "dataList": [
    {
      "id": 90195,
      "name": "Монстр из сосуда в талисманах",
      "desc": "Противник"
    },
    {
      "id": 90196,
      "name": "Пригвожденный монстр из сосуда",
      "desc": "Противник"
    },
    {
      "id": 90197,
      "name": "Обезображенный монстр из сосуда",
      "desc": "Противник"
    },
    {
      "id": 91022,
      "name": "Спутанный ужасающий монстр из сосуда",
      "desc": "Противник"
    },
    {
      "id": 90198,
      "name": "Расторопный Подао-ассасин",
      "desc": "Противник"
    },
    {
      "id": 90199,
      "name": "Шустрый Подао-ассасин",
      "desc": "Противник"
    },
    {
      "id": 90200,
      "name": "Крепкий Подао-ассасин",
      "desc": "Противник"
    },
    {
      "id": 91021,
      "name": "Ночной Скиталец Пьяной Ладони",
      "desc": "Противник"
    },
    {
      "id": 90201,
      "name": "Обвязанный тренировочный манекен",
      "desc": "Противник"
    },
    {
      "id": 90202,
      "name": "Шипованный тренировочный манекен",
      "desc": "Противник"
    },
    {
      "id": 90203,
      "name": "Ловкий преследующий незнакомец",
      "desc": "Противник"
    },
    {
      "id": 90204,
      "name": "Грубый преследующий незнакомец",
      "desc": "Противник"
    }
  ]
}