{
  "dataList": [
    {
      "id": 90183,
      "name": "Лживый Корректировщик Офиса Трёх Топоров",
      "desc": "Ядро"
    },
    {
      "id": 90184,
      "name": "Суровая на вид незнакомка",
      "desc": "Ядро"
    },
    {
      "id": 90193,
      "name": "Неловкий Корректировщик Офиса Трёх Топоров",
      "desc": "Ядро"
    },
    {
      "id": 90194,
      "name": "Проницательная на вид незнакомка",
      "desc": "Ядро"
    },
    {
      "id": 90185,
      "name": "Стая Хэйшоу - Ветвь «Мао»: Перо",
      "desc": "Ядро"
    },
    {
      "id": 90186,
      "name": "Стая Хэйшоу - Ветвь «Мао»: Тень",
      "desc": "Ядро"
    },
    {
      "id": 90187,
      "name": "Чистильщик A",
      "desc": "Ядро"
    },
    {
      "id": 90188,
      "name": "Чистильщик B",
      "desc": "Ядро"
    },
    {
      "id": 90189,
      "name": "Чистильщик C",
      "desc": "Ядро"
    },
    {
      "id": 90190,
      "name": "Чистильщик D",
      "desc": "Ядро"
    },
    {
      "id": 91020,
      "name": "Младший брат Вернер",
      "desc": "Ядро"
    },
    {
      "id": 90191,
      "name": "Строгий Младший брат Среднего пальца",
      "desc": "Ядро"
    },
    {
      "id": 90192,
      "name": "Крепкий Младший брат Среднего пальца",
      "desc": "Ядро"
    },
    {
      "id": 1126,
      "name": "Цзы Лу",
      "desc": "Ядро"
    },
    {
      "id": 112601,
      "name": "Тело",
      "desc": "Часть"
    },
    {
      "id": 1127,
      "name": "Рикардо",
      "desc": "Ядро"
    },
    {
      "id": 112701,
      "name": "Тело",
      "desc": "Часть"
    },
    {
      "id": 1128,
      "name": "Младший брат Вернер",
      "desc": "Ядро"
    },
    {
      "id": 112801,
      "name": "Тело",
      "desc": "Часть"
    },
    {
      "id": 1129,
      "name": "Строгий Младший брат Среднего пальца",
      "desc": "Ядро"
    },
    {
      "id": 112901,
      "name": "Тело",
      "desc": "Часть"
    },
    {
      "id": 1130,
      "name": "Крепкий Младший брат Среднего пальца",
      "desc": "Ядро"
    },
    {
      "id": 113001,
      "name": "Тело",
      "desc": "Часть"
    }
  ]
}
