{
  "dataList": [
    {
      "id": 8175,
      "name": "Напитанная гневом роза",
      "desc": "Ядро"
    },
    {
      "id": 8176,
      "name": "Напитанная похотью роза",
      "desc": "Ядро"
    },
    {
      "id": 8177,
      "name": "Напитанная леностью роза",
      "desc": "Ядро"
    },
    {
      "id": 8178,
      "name": "Напитанная чревоугодием роза",
      "desc": "Ядро"
    },
    {
      "id": 8179,
      "name": "Напитанная унынием роза",
      "desc": "Ядро"
    },
    {
      "id": 8180,
      "name": "Напитанная гордыней роза",
      "desc": "Ядро"
    },
    {
      "id": 8181,
      "name": "Напитанная завистью роза",
      "desc": "Ядро"
    },
    {
      "id": 8182,
      "name": "Расцветшее ЭГО::Управитель",
      "desc": "Ядро"
    },
    {
      "id": 8183,
      "name": "Древо желаний",
      "desc": "Ядро"
    },
    {
      "id": 8184,
      "name": "Высасывающее дерево",
      "desc": "Ядро"
    },
    {
      "id": 8197,
      "name": "Мотылёк алых лепестков",
      "desc": "Ядро"
    },
    {
      "id": 8198,
      "name": "Промокший госсипиум",
      "desc": "Ядро"
    },
    {
      "id": 8199,
      "name": "Спираль презрения",
      "desc": "Ядро"
    },
    {
      "id": 8200,
      "name": "Хватка",
      "desc": "Ядро"
    },
    {
      "id": 8201,
      "name": "Знак с розами",
      "desc": "Ядро"
    },
    {
      "id": 8118,
      "name": "Паровая Транспортная машина",
      "desc": "Ядро"
    },
    {
      "id": 8119,
      "name": "Заблудший пассажир",
      "desc": "Ядро"
    },
    {
      "id": 8120,
      "name": "Кровоточащее измерение",
      "desc": "Ядро"
    },
    {
      "id": 8121,
      "name": "Отравляющее измерение",
      "desc": "Ядро"
    },
    {
      "id": 8122,
      "name": "Содрогающее измерение",
      "desc": "Ядро"
    },
    {
      "id": 8123,
      "name": "Электризующее измерение",
      "desc": "Ядро"
    }
  ]
}