﻿{
  "dataList": [
    {
      "id": 8147,
      "name": "Зелёный рассвет — Сомнение - α",
      "desc": "Противник"
    },
    {
      "id": 8148,
      "name": "Зелёный рассвет — Сомнение - β",
      "desc": "Противник"
    },
    {
      "id": 8149,
      "name": "Зелёный рассвет — Сомнение - γ",
      "desc": "Противник"
    },
    {
      "id": 8150,
      "name": "Зелёный рассвет — Сомнение - δ",
      "desc": "Противник"
    },
    {
      "id": 814701,
      "name": "Тело",
      "desc": "Часть"
    },
    {
      "id": 814801,
      "name": "Тело",
      "desc": "Часть"
    },
    {
      "id": 814901,
      "name": "Тело",
      "desc": "Часть"
    },
    {
      "id": 815001,
      "name": "Тело",
      "desc": "Часть"
    },
    {
      "id": 90106,
      "name": "Зелёный рассвет — Сомнение - α",
      "desc": "Противник"
    },
    {
      "id": 90107,
      "name": "Зелёный рассвет — Сомнение - β",
      "desc": "Противник"
    },
    {
      "id": 90108,
      "name": "Зелёный рассвет — Сомнение - γ",
      "desc": "Противник"
    },
    {
      "id": 90109,
      "name": "Зелёный рассвет — Сомнение - δ",
      "desc": "Противник"
    }
  ]
}