{
  "dataList": [
    {
      "id": 1247,
      "name": "Вэй",
      "desc": "Тело"
    },
    {
      "id": 1272,
      "name": "Истинный Ночной Скиталец Пьяной Ладони",
      "desc": "Тело"
    },
    {
      "id": 90215,
      "name": "Стая Хэйшоу - Ветвь «Сы»: Рассекающий Завесу",
      "desc": "Тело"
    },
    {
      "id": 90216,
      "name": "Стая Хэйшоу - Ветвь «Сы»: Рассекающий Тень",
      "desc": "Тело"
    },
    {
      "id": 91023,
      "name": "Стая Хэйшоу - Ветвь «Сы»: Рассекающий Глубину",
      "desc": "Тело"
    },
    {
      "id": 1286,
      "name": "Ночной Скиталец Пьяной Ладони",
      "desc": "Тело"
    },
    {
      "id": 1287,
      "name": "Синклер",
      "desc": "Тело"
    }
  ]
}