{
  "dataList": [
    {
      "id": 90152,
      "name": "Хорошо-одетый Кровосос",
      "desc": "Юнит"
    },
    {
      "id": 90153,
      "name": "Ухоженный Кровосос",
      "desc": "Юнит"
    },
    {
      "id": 90154,
      "name": "Сумасшедшая модница Кровожад",
      "desc": "Юнит"
    },
    {
      "id": 90155,
      "name": "Безумная модница Кровожад",
      "desc": "Юнит"
    },
    {
      "id": 90156,
      "name": "Агрессивный Корректировщик Офиса Охотников за Клыками",
      "desc": "Юнит"
    },
    {
      "id": 90157,
      "name": "Горделивый Корректировщик Офиса Охотников за Клыками",
      "desc": "Юнит"
    },
    {
      "id": 90160,
      "name": "Не-хороший Бандит",
      "desc": "Юнит"
    },
    {
      "id": 90161,
      "name": "Большой, Страшный Медведь",
      "desc": "Юнит"
    },
    {
      "id": 8371,
      "name": "Камилл, Западная Секция 3 Ассоциации «Сэнк»",
      "desc": "Юнит"
    },
    {
      "id": 8372,
      "name": "???",
      "desc": "Юнит"
    }
  ]
}
