{
  "dataList": [
    {
      "id": 90145,
      "name": "Жаждущий пассажир-кровосос",
      "desc": "Ядро"
    },
    {
      "id": 90146,
      "name": "Бесчинствующий пассажир-кровосос",
      "desc": "Ядро"
    },
    {
      "id": 90147,
      "name": "Безрассудный пассажир-кровосос",
      "desc": "Ядро"
    },
    {
      "id": 90148,
      "name": "Беспощадный кровосос-агент зачистки",
      "desc": "Ядро"
    },
    {
      "id": 90149,
      "name": "Буйный кровосос-агент зачистки",
      "desc": "Ядро"
    },
    {
      "id": 90150,
      "name": "Голодный кровосос-агент зачистки",
      "desc": "Ядро"
    },
    {
      "id": 90151,
      "name": "Протезированный корректировщик-кровосос",
      "desc": "Ядро"
    },
    {
      "id": 91018,
      "name": "Саша",
      "desc": "Ядро"
    },
    {
      "id": 8350,
      "name": "Кассетти",
      "desc": "Ядро"
    },
    {
      "id": 835001,
      "name": "Тело",
      "desc": "Ядро"
    }
  ]
}
