{
  "dataList": [
    {
      "id": 90205,
      "name": "Пронзённый провал",
      "desc": "Противник"
    },
    {
      "id": 90206,
      "name": "Цветущий провал",
      "desc": "Противник"
    },
    {
      "id": 90207,
      "name": "Запутанный провал",
      "desc": "Противник"
    },
    {
      "id": 90208,
      "name": "Нечестивый смертоносный монах",
      "desc": "Противник"
    },
    {
      "id": 90209,
      "name": "Одержимый-злом смертоносный монах",
      "desc": "Противник"
    },
    {
      "id": 1137,
      "name": "Цзя Цю"
    },
    {
      "id": 1133,
      "name": "Цзы Лу"
    },
    {
      "id": 1141,
      "name": "Цзя Цю"
    },
    {
      "id": 1157,
      "name": "Сюэ Пань"
    },
    {
      "id": 1158,
      "name": "Ши Ихуа"
    },
    {
      "id": 90210,
      "name": "Быстрый наёмник семьи Ши"
    },
    {
      "id": 90211,
      "name": "Опытный наёмник семьи Ши"
    },
    {
      "id": 90212,
      "name": "Тяжелый наёмник семьи Ши"
    },
    {
      "id": 1159,
      "name": "Ван Циншань"
    },
    {
      "id": 115901,
      "name": "Тело"
    },
    {
      "id": 1167,
      "name": "Ши Хуа... как-то там?"
    },
    {
      "id": 1160,
      "name": "Ши Сицзин"
    },
    {
      "id": 1179,
      "name": "Ши Хуачжэнь"
    }
  ]
}
