﻿{
  "dataList": [
    {
      "id": 90088,
      "name": "Русалка Кита Тысячи Нитей",
      "desc": "Ядро"
    },
    {
      "id": 90089,
      "name": "Бледная Белая Русалка",
      "desc": "Ядро"
    },
    {
      "id": 90090,
      "name": "Бледная Голубая Русалка",
      "desc": "Ядро"
    },
    {
      "id": 90091,
      "name": "Запутавшаяся Бледная Русалка",
      "desc": "Ядро"
    },
    {
      "id": 90092,
      "name": "Обледневшее Нечто — Щитовик",
      "desc": "Ядро"
    },
    {
      "id": 90093,
      "name": "Обледневшее Нечто — Дубинка",
      "desc": "Ядро"
    },
    {
      "id": 90094,
      "name": "Обледневшее Нечто — Пират",
      "desc": "Ядро"
    },
    {
      "id": 90095,
      "name": "Обледневшее Нечто — Крюк",
      "desc": "Ядро"
    },
    {
      "id": 90096,
      "name": "Крепкий Младший брат Среднего пальца",
      "desc": "Ядро"
    },
    {
      "id": 90097,
      "name": "Строгий Младший брат Среднего пальца",
      "desc": "Ядро"
    },
    {
      "id": 8097,
      "name": "Крепкий Младший брат Среднего пальца",
      "desc": "Ядро"
    },
    {
      "id": 809701,
      "name": "Тело",
      "desc": "Часть"
    },
    {
      "id": 8098,
      "name": "Строгий Младший брат Среднего пальца",
      "desc": "Ядро"
    },
    {
      "id": 809801,
      "name": "Тело",
      "desc": "Часть"
    },
    {
      "id": 8099,
      "name": "Рикардо",
      "desc": "Ядро"
    },
    {
      "id": 809901,
      "name": "Тело",
      "desc": "Часть"
    },
    {
      "id": 90100,
      "name": "Бледная Голубая Русалка",
      "desc": "Ядро"
    },
    {
      "id": 97501,
      "name": "Обледневшее Нечто — Служащий",
      "desc": "Ядро"
    },
    {
      "id": 97502,
      "name": "Обледневшее Нечто — Щитовик",
      "desc": "Ядро"
    },
    {
      "id": 97503,
      "name": "Обледневшее Нечто — Крюк",
      "desc": "Ядро"
    },
    {
      "id": 97504,
      "name": "Обледневшее Нечто — Пират",
      "desc": "Ядро"
    },
    {
      "id": 97505,
      "name": "Бледная Белая Русалка",
      "desc": "Ядро"
    },
    {
      "id": 97506,
      "name": "Бледная Голубая Русалка",
      "desc": "Ядро"
    },
    {
      "id": 97507,
      "name": "Запутавшаяся Бледная Русалка",
      "desc": "Ядро"
    }
  ]
}
