{
  "dataList": [
    {
      "id": 8363,
      "name": "Плод понимания",
      "desc": "Противник"
    },
    {
      "id": 8364,
      "name": "Плод понимания",
      "desc": "Противник"
    },
    {
      "id": 8365,
      "name": "Плод понимания",
      "desc": "Противник"
    },
    {
      "id": 8366,
      "name": "Великая любовь к нам",
      "desc": "Противник"
    },
    {
      "id": 836602,
      "name": "Левые щупальца",
      "desc": "Противник"
    },
    {
      "id": 836603,
      "name": "Правые щупальца",
      "desc": "Противник"
    }
  ]
}
