﻿{
  "dataList": [
    {
      "id": 90140,
      "name": "Радикальный Юродивый",
      "desc": "Ядро"
    },
    {
      "id": 90141,
      "name": "Шустрая Юродивая",
      "desc": "Ядро"
    },
    {
      "id": 91017,
      "name": "Глава Юродивых 20-го Района",
      "desc": "Ядро"
    },
    {
      "id": 90142,
      "name": "Коллектор 2-го уровня Корп. T",
      "desc": "Ядро"
    },
    {
      "id": 90143,
      "name": "Коллектор 3-го уровня Корп. Т — Ликвидация",
      "desc": "Ядро"
    },
    {
      "id": 90144,
      "name": "Коллектор 3-го уровня Корп. Т — Подавление",
      "desc": "Ядро"
    },
    {
      "id": 8277,
      "name": "Потрошитель времени",
      "desc": "Ядро"
    },
    {
      "id": 827701,
      "name": "Тело",
      "desc": "Часть"
    },
    {
      "id": 8278,
      "name": "Потрошитель времени",
      "desc": "Ядро"
    },
    {
      "id": 827801,
      "name": "Мозг",
      "desc": "Часть"
    },
    {
      "id": 827802,
      "name": "Мозг",
      "desc": "Часть"
    },
    {
      "id": 827803,
      "name": "Мозг",
      "desc": "Часть"
    },
    {
      "id": 827804,
      "name": "Мозг",
      "desc": "Часть"
    },
    {
      "id": 827805,
      "name": "Мозг",
      "desc": "Часть"
    },
    {
      "id": 8279,
      "name": "Развёрнутые потрошители времени",
      "desc": "Ядро"
    },
    {
      "id": 827901,
      "name": "Тело",
      "desc": "Ядро"
    }
  ]
}