﻿{
  "dataList": [
    {
      "id": "limbus_1st_anniversary_attendance_desc",
      "content": "Get Extraction Tickets each day you log in during the время проведения ивента.\nReceive special rewards by collecting 7 Attendance Checks."
    },
    {
      "id": "limbus_1st_anniversary_attendance_last_reward_desc",
      "content": "If you have already acquired the Announcer, you will receive 50 Thread Crates instead."
    },
    {
      "id": "limbus_1st_anniversary_welcome_title",
      "content": "Limbus Company 1st Anniversary"
    },
    {
      "id": "limbus_1st_anniversary_welcome_desc",
      "content": "Log in during the event and pick up a [3★ Guarantee Decaextraction Ticket]!"
    }
  ]
}