﻿{
  "dataList": [
    {
      "id": "filter_title_ego_type",
      "content": "Редкость"
    },
    {
      "id": "filter_title_ego_level",
      "content": "Уровень"
    },
    {
      "id": "number_of_targets",
      "content": "Цели"
    },
    {
      "id": "SINGLE_TARGET",
      "content": "Одна"
    },
    {
      "id": "MULTIPLE_TARGET",
      "content": "Несколько"
    },
    {
      "id": "filter_title_attribute",
      "content": "Грех"
    },
    {
      "id": "filter_awaken_state",
      "content": "Уровень связи"
    },
    {
      "id": "filter_normal",
      "content": "Тир 1/2"
    },
    {
      "id": "filter_awaken",
      "content": "Тир 3"
    },
    {
      "id": "filter_skill_keyword",
      "content": "Ключевое слово"
    },
    {
      "id": "sorting_acqisition",
      "content": "Последние"
    },
    {
      "id": "filter_title_ego_gacksung",
      "content": "Уровень связи"
    }
  ]
}