﻿{
  "dataList": [
    {
      "id": "change_formation_name_title",
      "content": "Изменить имя команды"
    },
    {
      "id": "formation_name_filter_contents_title",
      "content": "Содержит"
    },
    {
      "id": "formation_name_filter_contents_story",
      "content": "Сюжет"
    },
    {
      "id": "formation_name_filter_contents_mirrordungeon",
      "content": "Миррорка"
    },
    {
      "id": "formation_name_filter_contents_railwaydungeon",
      "content": "Рейлвей"
    },
    {
      "id": "formation_name_filter_contents_exp_mining",
      "content": "Протеин. Фарм.."
    },
    {
      "id": "formation_name_filter_contents_thread_mining",
      "content": "Светяшк. Фарм."
    },
    {
      "id": "formation_name_filter_contents_practice",
      "content": "Тестинг"
    },
    {
      "id": "formation_name_total_tag_count_limitation",
      "content": "※ Можно выбрать до 10 тегов."
    }
  ]
}