{
  "dataList": [
    {
      "id": "formation_ego_resource_detail",
      "content": "Детали"
    },
    {
      "id": "formation_deck_code_auto_filled",
      "content": "Базовые идентичности или ЭГО были выбраны взамен тех, что вы не имеете."
    },
    {
      "id": "formation_deck_filled_complete",
      "content": "Код команды загружен"
    },
    {
      "id": "formation_set_to_default",
      "content": "Сбросить настройку этой команды?\n\n<size=80%>Сброс вернет все базовые идентичности и ЭГО на место выбранных вами</size>"
    },
    {
      "id": "formation_unable_to_set_default",
      "content": "Нельзя сбросить базовую настройку."
    },
    {
      "id": "formation_ego_resource_popup_title",
      "content": "ЭГО Ресурсы команды"
    },
    {
      "id": "formation_ego_resource_popup_total_used",
      "content": "Расходуемые экипированными ЭГО:"
    },
    {
      "id": "formation_ego_resource_popup_total_acquirable",
      "content": "Доступные к получению этой командой:"
    },
    {
      "id": "formation_ego_resource_popup_personality",
      "content": "Ресурсы идентичностей"
    },
    {
      "id": "formation_ego_resource_popup_ego",
      "content": "Расход ЭГО навыками"
    },
    {
      "id": "formation_code_popup_title",
      "content": "Код команды"
    },
    {
      "id": "formation_code_popup_desc",
      "content": "С кодом команды вы можете:\n- Делиться вашей командой\n- Использовать его для настройки команд"
    },
    {
      "id": "formation_code_popup_copy",
      "content": "Скопировать код команды"
    },
    {
      "id": "formation_code_popup_paste",
      "content": "Вставить код команды"
    },
    {
      "id": "formation_code_popup_paste_desc",
      "content": "Вставьте скопированный код команды для смены идентичностей."
    },
    {
      "id": "formation_code_popup_paste_input",
      "content": "Ввести код"
    },
    {
      "id": "formation_code_popup_copy_success",
      "content": "Код команды скопирован"
    },
    {
      "id": "formation_side_button_all_personality",
      "content": "Идентичности"
    },
    {
      "id": "formation_side_button_all_ego",
      "content": "ЭГО"
    },
    {
      "id": "formation_side_button_friend_support",
      "content": "Поддержка"
    },
    {
      "id": "character_list_title_all_personality",
      "content": "Идентичности"
    },
    {
      "id": "character_list_title_all_personality_with_character_name",
      "content": "{0}"
    },
    {
      "id": "character_list_title_all_ego",
      "content": "ЭГО"
    },
    {
      "id": "character_list_title_all_ego_with_character_name",
      "content": "{0}"
    },
    {
      "id": "character_list_title_friend_support",
      "content": "{0}"
    },
    {
      "id": "character_list_collect_rate",
      "content": "Регулярность сбора"
    },
    {
      "id": "character_list_owned_toggle_label",
      "content": "Имеется"
    },
    {
      "id": "character_list_sort_label",
      "content": "Сортировка"
    },
    {
      "id": "character_list_friend_support_not_existed",
      "content": "Нет доступных идентичностей поддержки."
    },
    {
      "id": "character_list_friend_support_impossible",
      "content": "Нельзя взять идентичностей поддержки для этого грешника."
    },
    {
      "id": "view_personality_status_button_label",
      "content": "Сводка"
    },
    {
      "id": "formation_ui_announcer",
      "content": "Комментаторы"
    },
    {
      "id": "formation_ui_announcer_detail",
      "content": "Детальная информация"
    },
    {
      "id": "formation_deck_code_invalid_code",
      "content": "Слишком подозрительный код команды.."
    },
    {
      "id": "formation_ego_resource_popup_personality_desc",
      "content": "Обзор на возможные к получению ЭГО Ресурсы навыками идентичностей этой команды"
    },
    {
      "id": "formation_ego_resource_popup_ego_desc",
      "content": "Расход ЭГО Ресурсов для использования каждого ЭГО"
    },
    {
      "id": "formation_current_personality",
      "content": "Выбранная идентичность"
    },
    {
      "id": "ego_sort_label_rarity",
      "content": "Ранг"
    },
    {
      "id": "ego_filter_label_attack_type",
      "content": "Тип урона"
    },
    {
      "id": "ego_filter_label_attribute_type",
      "content": "Грех"
    },
    {
      "id": "personality_filter_label_attack_type",
      "content": "Тип урона"
    },
    {
      "id": "personality_filter_label_attribute_type",
      "content": "Грехи навыков"
    },
    {
      "id": "character_list_personality_not_existed",
      "content": "Нет подходящих по критериям идентичностей."
    },
    {
      "id": "character_list_ego_not_existed",
      "content": "Нет подходящих по критериям ЭГО."
    },
    {
      "id": "filter_condition_speed",
      "content": "Скорость"
    },
    {
      "id": "filter_condition_defense",
      "content": "Ур. Защ."
    },
    {
      "id": "filter_condition_grade",
      "content": "Ур. {0}"
    },
    {
      "id": "ego_sort_label_syncLevel",
      "content": "Связь"
    },
    {
      "id": "ego_sort_label_crimson_resist",
      "content": "Рез. Гнева"
    },
    {
      "id": "ego_sort_label_scarlet_resist",
      "content": "Рез. Похоти"
    },
    {
      "id": "ego_sort_label_amber_resist",
      "content": "Рез. Лености"
    },
    {
      "id": "ego_sort_label_shamrock_resist",
      "content": "Рез. Чревоуг."
    },
    {
      "id": "ego_sort_label_azure_resist",
      "content": "Рез. Уныния"
    },
    {
      "id": "ego_sort_label_indigo_resist",
      "content": "Рез. Гордыни"
    },
    {
      "id": "ego_sort_label_violet_resist",
      "content": "Рез. Зависти"
    },
    {
      "id": "personality_info_list_not_owned",
      "content": "Не имеется"
    },
    {
      "id": "formation_must_participate_specific_character_with_baton",
      "content": "{0} не может быть в запасе"
    }
  ]
}