{
  "dataList": [
    {
      "id": 910301,
      "title": "Following a Crispy Scent",
      "desc": "A waft of something crisp and well-roasted tickles the nose."
    },
    {
      "id": 910701,
      "title": "Bamboo-hatted Kim's Fathoms",
      "desc": "In the shimmering fathoms of ego,\nA painfully pale nightly trail unfolds before us."
    },
    {
      "id": 910901,
      "title": "Time Ripper's Fathoms"
    },
    {
      "id": 911401,
      "title": "Hohenheim's Fathoms"
    }
  ]
}