{
  "dataList": [
    {
      "id": 109,
      "name": "[Сезон 6] Ахуенный билетик с легендаркой 6 сезона",
      "desc": "Можно использовать для 10 круток, с гарантом на трехзвездочную айдишку из шестого сезона",
      "flavor": "КРУТИТЬ КРУТИТЬ КРУТИТЬ КРУТИТЬ КРУТИТЬ КРУТИТЬ КРУТИТЬ КРУТИТЬ КРУТИТЬ КРУТИТЬ КРУТИТЬ КРУТИТЬ"
    },
    {
      "id": 1106,
      "name": "[Сезон 6] Ящик с эгосколками",
      "desc": "Содержит от одного до трех эгоосколков рандомного балбеса",
      "flavor": "Ящики от Роди Додеповны"
    },
    {
      "id": 1206,
      "name": "[Сезон 6] Ящик с эгосколками на выбор",
      "desc": "Содержит от одного до трех эгоосколков выбранного балбеса",
      "flavor": "Ящики от Роди Додеповны"
    },
    {
      "id": 10106,
      "name": "[Сезон 6] Эгоосколок Санечки",
      "desc": "Используется для покупки айдишек, эго, и для обмена на светяшке.",
      "flavor": "Ими можно вскрыть вену"
    },
    {
      "id": 10206,
      "name": "[Сезон 6] Эгоосколок Фауст",
      "desc": "Используется для покупки айдишек, эго, и для обмена на светяшке.",
      "flavor": "Ими можно вскрыть вену"
    },
    {
      "id": 10306,
      "name": "[Сезон 6] Эгоосколок Член Кихот",
      "desc": "Используется для покупки айдишек, эго, и для обмена на светяшке.",
      "flavor": "Ими можно вскрыть вену"
    },
    {
      "id": 10406,
      "name": "[Сезон 6] Эгоосколок Р.Ё.Ш.У.",
      "desc": "Используется для покупки айдишек, эго, и для обмена на светяшке.",
      "flavor": "Ими можно вскрыть вену"
    },
    {
      "id": 10506,
      "name": "[Сезон 6] Эгоосколок Мерседеса",
      "desc": "Используется для покупки айдишек, эго, и для обмена на светяшке.",
      "flavor": "Ими можно вскрыть вену"
    },
    {
      "id": 10606,
      "name": "[Сезон 6] Эгоосколок Хуй Ло",
      "desc": "Используется для покупки айдишек, эго, и для обмена на светяшке.",
      "flavor": "Ими можно вскрыть вену"
    },
    {
      "id": 10706,
      "name": "[Сезон 6] Эгоосколок Цыгана",
      "desc": "Используется для покупки айдишек, эго, и для обмена на светяшке.",
      "flavor": "Ими можно вскрыть вену"
    },
    {
      "id": 10806,
      "name": "[Сезон 6] Эгоосколок Фишмаэль",
      "desc": "Используется для покупки айдишек, эго, и для обмена на светяшке.",
      "flavor": "Ими можно вскрыть вену"
    },
    {
      "id": 10906,
      "name": "[Сезон 6] Эгоосколок Роди Додеповны",
      "desc": "Используется для покупки айдишек, эго, и для обмена на светяшке.",
      "flavor": "Ими можно вскрыть вену"
    },
    {
      "id": 11006,
      "name": "[Сезон 6] Эгоосколок Фембойчика",
      "desc": "Используется для покупки айдишек, эго, и для обмена на светяшке.",
      "flavor": "Ими можно вскрыть вену"
    },
    {
      "id": 11106,
      "name": "[Сезон 6] Эгоосколок восьмисисечной старухи",
      "desc": "Используется для покупки айдишек, эго, и для обмена на светяшке.",
      "flavor": "Ими можно вскрыть вену"
    },
    {
      "id": 11206,
      "name": "[Сезон 6] Эголоосколок Таракана",
      "desc": "Используется для покупки айдишек, эго, и для обмена на светяшке.",
      "flavor": "Ими можно вскрыть вену"
    },
    {
      "id": 12006,
      "name": "Хуйня чисто для аптая (вместо эгоосколка) Сезон 6",
      "desc": "Читай название, даун",
      "flavor": "Название. Даун."
    },
    {
      "id": 10006,
      "name": "Сезон 6 [Selected Sinner]’s Egoshard",
      "desc": "재화 등장 확률 상세 표시용(name 만 번역해주세요)",
      "flavor": ""
    }
  ]
}