﻿{
  "dataList": [
    {
      "id": 108,
      "name": "[Сезон 5] Пиздатый билетик для круток",
      "desc": "Можно использовать для 10 круток, с гарантом на трехзвездочную айдишку из пятого сезона",
      "flavor": "КРУТИТЬ КРУТИТЬ КРУТИТЬ КРУТИТЬ КРУТИТЬ КРУТИТЬ КРУТИТЬ КРУТИТЬ КРУТИТЬ КРУТИТЬ КРУТИТЬ КРУТИТЬ"
    },
    {
      "id": 225,
      "name": "Пиздатый-буст на уровень",
      "desc": "Увеличивает уровень айдишки до  50.",
      "flavor": "Ради этой хуйни я готов рвать жопу."
    },
    {
      "id": 1105,
      "name": "[Сезон 5] Ящик с эгосколками",
      "desc": "Содержит от одного до трех эгоосколков рандомного балбеса",
      "flavor": "Ненавижу, блять, рандом"
    },
    {
      "id": 1205,
      "name": "[Сезон 5] Ящик с эгосколками на выбор",
      "desc": "Содержит от одного до трех эгоосколков выбранного балбеса",
      "flavor": "Ты же не будешь их фармить чтобы получить 4000 эгоосколков на Саню?\n Правда?\nНе надо..."
    },
    {
      "id": 10105,
      "name": "[Сезон 5] Эгосколок Сани",
      "desc": "Используется для покупки айдишек, эго, и для обмена на светяшке.",
      "flavor": "Совсем заняться нехуй? Читает он блять историю эгосколка"
    },
    {
      "id": 10205,
      "name": "[Сезон 5] Эгосколок Фауст",
      "desc": "Используется для покупки айдишек, эго, и для обмена на светяшке.",
      "flavor": "Совсем заняться нехуй? Читает он блять историю эгосколка"
    },
    {
      "id": 10305,
      "name": "[Сезон 5] Эгосколок Член Кихот",
      "desc": "Используется для покупки айдишек, эго, и для обмена на светяшке.",
      "flavor": "Совсем заняться нехуй? Читает он блять историю эгосколка"
    },
    {
      "id": 10405,
      "name": "[Сезон 5] Эгосколок Р.Ё.Ш.У.",
      "desc": "Используется для покупки айдишек, эго, и для обмена на светяшке.",
      "flavor": "Совсем заняться нехуй? Читает он блять историю эгосколка"
    },
    {
      "id": 10505,
      "name": "[Сезон 5] Эгосколок Мерседеса",
      "desc": "Используется для покупки айдишек, эго, и для обмена на светяшке.",
      "flavor": "Совсем заняться нехуй? Читает он блять историю эгосколка"
    },
    {
      "id": 10605,
      "name": "[Сезон 5] Эгосколок Хуй Ло",
      "desc": "Используется для покупки айдишек, эго, и для обмена на светяшке.",
      "flavor": "Совсем заняться нехуй? Читает он блять историю эгосколка"
    },
    {
      "id": 10705,
      "name": "[Сезон 5] Эгосколок Цыгана",
      "desc": "Используется для покупки айдишек, эго, и для обмена на светяшке.",
      "flavor": "Совсем заняться нехуй? Читает он блять историю эгосколка"
    },
    {
      "id": 10805,
      "name": "[Сезон 5] Эгосколок Фишмаель",
      "desc": "Используется для покупки айдишек, эго, и для обмена на светяшке.",
      "flavor": "Совсем заняться нехуй? Читает он блять историю эгосколка"
    },
    {
      "id": 10905,
      "name": "[Сезон 5] Эгосколок Роди Додеповны",
      "desc": "Используется для покупки айдишек, эго, и для обмена на светяшке.",
      "flavor": "Совсем заняться нехуй? Читает он блять историю эгосколка"
    },
    {
      "id": 11005,
      "name": "[Сезон 5] Эгосколок Фембойчика",
      "desc": "Используется для покупки айдишек, эго, и для обмена на светяшке.",
      "flavor": "Совсем заняться нехуй? Читает он блять историю эгосколка"
    },
    {
      "id": 11105,
      "name": "[Сезон 5] Эгосколок Утис",
      "desc": "Используется для покупки айдишек, эго, и для обмена на светяшке.",
      "flavor": "Совсем заняться нехуй? Читает он блять историю эгосколка"
    },
    {
      "id": 11205,
      "name": "[Сезон 5] Эгосколок Таракана",
      "desc": "Используется для покупки айдишек, эго, и для обмена на светяшке.",
      "flavor": "Совсем заняться нехуй? Читает он блять историю эгосколка"
    },
    {
      "id": 12005,
      "name": "Залупа конская",
      "desc": "Где это вообще блять выпадает",
      "flavor": "Если вам это выпало, напишите переводчикам"
    },
    {
      "id": 10005,
      "name": "Season 5 [Selected Sinner]’s Egoshard",
      "desc": "재화 등장 확률 상세 표시용(name 만 번역해주세요)",
      "flavor": ""
    }
  ]
}