{
  "dataList": [
    {
      "id": "mainui_settings_game",
      "content": "<cspace=1px>Геймплей</cspace>"
    },
    {
      "id": "mainui_settings_graphic",
      "content": "<cspace=1px>Графика</cspace>"
    },
    {
      "id": "mainui_settings_sound",
      "content": "<cspace=1px>Аудио</cspace>"
    },
    {
      "id": "mainui_settings_notice",
      "content": "<cspace=1px>Уведомления</cspace>"
    },
    {
      "id": "mainui_settings_etc",
      "content": "<cspace=1px>Прочее</cspace>"
    },
    {
      "id": "mainui_settings_download",
      "content": "Скачать"
    },
    {
      "id": "mainui_settings_download_complete",
      "content": "Загрузка завершена"
    },
    {
      "id": "mainui_settings_video_resource",
      "content": "Видео ресурсы"
    },
    {
      "id": "mainui_settings_audio_resource",
      "content": "Аудио ресурсы"
    },
    {
      "id": "mainui_settings_animation_resource",
      "content": "Ресурсы анимации"
    },
    {
      "id": "mainui_settings_ego_presentation",
      "content": "Анимация ЭГО"
    },
    {
      "id": "mainui_settings_on",
      "content": "Вкл"
    },
    {
      "id": "mainui_settings_off",
      "content": "Выкл"
    },
    {
      "id": "mainui_settings_play_once_per_day",
      "content": "Раз в день"
    },
    {
      "id": "mainui_settings_resolution",
      "content": "Разрешение"
    },
    {
      "id": "mainui_settings_resolution_windowded",
      "content": "Окно"
    },
    {
      "id": "mainui_settings_resolution_fullscreen",
      "content": "Полный\nэкран"
    },
    {
      "id": "mainui_settings_texquality",
      "content": "Качество текстур"
    },
    {
      "id": "mainui_settings_resolution_warning",
      "content": "Высокое разрешение текстур может вызвать перегрев устройства или усиленное потребление энегргии."
    },
    {
      "id": "mainui_settings_fps_warning",
      "content": "Увеличенное FPS может вызвать перегрев устройства или усиленное потребление энегргии."
    },
    {
      "id": "mainui_settings_low",
      "content": "Низкое"
    },
    {
      "id": "mainui_settings_middle",
      "content": "Среднее"
    },
    {
      "id": "mainui_settings_high",
      "content": "Высокое"
    },
    {
      "id": "mainui_settings_postprocessing",
      "content": "Пост-процессинг"
    },
    {
      "id": "mainui_settings_ppon",
      "content": "Вкл"
    },
    {
      "id": "mainui_settings_ppoff",
      "content": "Выкл"
    },
    {
      "id": "mainui_settings_ppdesc",
      "content": "Контроллирует эффекты камеры во время игры. Влияет на производительность."
    },
    {
      "id": "mainui_settings_antialiasing",
      "content": "Анти-альясинг"
    },
    {
      "id": "mainui_settings_clear",
      "content": "Сбросить"
    },
    {
      "id": "mainui_settings_clear_ask",
      "content": "Сбросить настройки?"
    },
    {
      "id": "mainui_settings_render_acceleration",
      "content": "Ускоренный рендеринг"
    },
    {
      "id": "mainui_settings_sound_master",
      "content": "Общий"
    },
    {
      "id": "mainui_settings_sound_sfx",
      "content": "Звуки"
    },
    {
      "id": "mainui_settings_sound_voice",
      "content": "Голос"
    },
    {
      "id": "mainui_settings_sound_battle_announcer",
      "content": "Комментатор битвы"
    },
    {
      "id": "mainui_settings_notice_enkephalin_full",
      "content": "Восстановление Энкефалина"
    },
    {
      "id": "mainui_settings_notice_ads",
      "content": "Оповещения"
    },
    {
      "id": "mainui_settings_notice_ads_night",
      "content": "Оповещения (Ночное время)"
    },
    {
      "id": "mainui_settings_change_launguage",
      "content": "Язык"
    },
    {
      "id": "mainui_settings_change_launguage_ask",
      "content": "Смена языка происходит\nпосле перезахода в игру."
    },
    {
      "id": "mainui_settings_faq_btn",
      "content": "Часто задаваемые вопросы"
    },
    {
      "id": "connect_to_google_account",
      "content": "<cspace=1px>Связать с Google</cspace>"
    },
    {
      "id": "connect_to_apple_account",
      "content": "<cspace=1px>Связать с Apple</cspace>"
    },
    {
      "id": "explain_sucession",
      "content": "Если вы закроете аккаунт, вся сохраненная информация об игре и внутриигровых покупках будет удалена."
    },
    {
      "id": "explain_sucession_remain_days",
      "content": "Вы можете восстановить аккаунт в течение 7 дней."
    },
    {
      "id": "explain_writing_code_for_sucession",
      "content": "※ Если вы согласны с написанным ранее,\nвведите код."
    },
    {
      "id": "explain_secession_status",
      "content": "Аккаунт закрывается.\nВремени до полного удаления: {0} дней {1} часов {2} минут\nВы сможете восстановить аккаунт, войдя в него.\nВосстановить аккаунт?"
    },
    {
      "id": "recover",
      "content": "Восстановить"
    },
    {
      "id": "request_sucession",
      "content": "Запросить удаление"
    },
    {
      "id": "request_sucession_success",
      "content": "Отправлен запрос на полное удаление аккаунта."
    },
    {
      "id": "mainui_settings_account",
      "content": "Аккаунт"
    },
    {
      "id": "account_secede",
      "content": "Закрыть аккаунт"
    },
    {
      "id": "connected_accounts",
      "content": "Связанные аккаунты"
    },
    {
      "id": "mainui_settings_bloom",
      "content": "Свечение"
    },
    {
      "id": "mainui_settings_blur",
      "content": "Размытие"
    },
    {
      "id": "mainui_settings_bloomdesc",
      "content": "Контроллирует распространение световых эффектов. Влияет на производительность."
    },
    {
      "id": "mainui_settings_blurdesc",
      "content": "Контроллирует эффекты размытия. Влияет на производительность."
    },
    {
      "id": "mainui_settings_fps_common",
      "content": "Общие FPS"
    },
    {
      "id": "mainui_settings_fps_battle",
      "content": "FPS в бою"
    },
    {
      "id": "mainui_settings_renderingscale",
      "content": "Качество рендера"
    },
    {
      "id": "mainui_settings_renderingscale_warning",
      "content": "Желательно выбирать \"Высокое\" только на ПК. На мобильных устройствах рекомендуется использовать \"Среднее\" и ниже.\nБолее качественный рендер может привести к усиленному потреблению электроэнергии и нагреву устройства."
    },
    {
      "id": "mainui_settings_colorfilter",
      "content": "(더미)색상필터"
    },
    {
      "id": "mainui_settings_deuteranomaly_green-weak",
      "content": "(더미)녹색약"
    },
    {
      "id": "mainui_settings_protanomaly_red-weak",
      "content": "(더미)적색약"
    },
    {
      "id": "mainui_settings_tritanomaly_blue-weak",
      "content": "(더미)청색약"
    },
    {
      "id": "mainui_settings_colorfilter_power",
      "content": "(더미)색상필터 강도"
    },
    {
      "id": "mainui_settings_colorfilter_test",
      "content": "(더미)적용 확인 이미지"
    }
  ]
}