{
  "dataList": [
    {
      "id": "loginui_sign_in_with_google",
      "content": "Войти с помощью гугла"
    },
    {
      "id": "loginui_sign_in_with_apple",
      "content": "Войти яблоком"
    },
    {
      "id": "loginui_sign_in_with_steam",
      "content": "Войти с помощью стима"
    },
    {
      "id": "loginui_sign_in_with_guest",
      "content": "Войти как гость"
    },
    {
      "id": "loginui_sign_out_current_account",
      "content": "Выйти"
    },
    {
      "id": "loginui_sign_out_current_account_desc",
      "content": "Выйти из аккаунта?\nЕсли вы играете как гость, вас задоксят."
    },
    {
      "id": "loginui_sign_out_switch_account_desc",
      "content": "Выйти из аккаунта\nи поменять на выбранный?\nЕсли вы играете как гость, вас задоксят."
    },
    {
      "id": "switch_account",
      "content": "Сменить аккаунт"
    },
    {
      "id": "user_agreements",
      "content": "1000 - 7"
    },
    {
      "id": "title_game_data_download",
      "content": "Докачать эту гачу"
    },
    {
      "id": "content_game_data_download",
      "content": "Загружается {0} "
    },
    {
      "id": "content_game_data_download_description",
      "content": "Если на устройстве недостаточно места, папка System32 будет удалена"
    },
    {
      "id": "content_game_data_download_recommend",
      "content": "Рекомендуется не скачивать эту игру"
    },
    {
      "id": "switch_allcacheclear",
      "content": "Удалить игру"
    },
    {
      "id": "switch_oldcacheclear",
      "content": "Удалить старый cash"
    },
    {
      "id": "networkingerror_content",
      "content": "У тебя интернет выветривается.\nЗакрой окно."
    },
    {
      "id": "networkingerror_close",
      "content": "В пизду"
    },
    {
      "id": "networkingerror_retry",
      "content": "Я уже закрыл"
    },
    {
      "id": "loginui_ok",
      "content": "СЭР ДА СЭР"
    },
    {
      "id": "login_cancel",
      "content": "Похуй"
    },
    {
      "id": "loginui_loading_battlehint",
      "content": "Подсказки"
    },
    {
      "id": "servererror_content",
      "content": "Произошла серверная ошибка.\nВы будете забанены."
    },
    {
      "id": "forcequit_content",
      "content": "Не удается подключиться.\nВы будете забанены."
    },
    {
      "id": "serverstate_openpreparation",
      "content": "Технические работы еще идут.\nВы будете забанены."
    },
    {
      "id": "serverstate_regularcheck",
      "content": "На данный момент на сервере проходят обычные тех. работы. \nВы будете забанены."
    },
    {
      "id": "serverstate_temporary_check",
      "content": "На данный момент на сервере проходят временные тех. работы. \nВы будете забанены."
    },
    {
      "id": "serverstate_verify_invaliduser",
      "content": "Аккаунт не существует или был удален"
    },
    {
      "id": "serverstate_verify_ban",
      "content": "ХАХААХ ЛОХ ТЫ В БАНЕ ЕБЛАН (не рофл)"
    },
    {
      "id": "serverstate_verify_invalidauth",
      "content": "Произошла ошибка.\nПерезайди в игру."
    },
    {
      "id": "guestlogin_failed_try_newguest",
      "content": "На устройстве не найден гостевой аккаунт.\nЖелаете создать?"
    },
    {
      "id": "secession_remain_days",
      "content": "Аккаунт на этапе удаления.\nОсталось {0} дней {1} часов и {2} минут\n\nВы можете восстановить аккаунт, войдя в него.\nВосстановить аккаунт?"
    },
    {
      "id": "secession_canceled",
      "content": "Аккаунт восстановлен"
    },
    {
      "id": "serverstate_verify_invalidclientversion",
      "content": "Необходимо обновить клиент."
    },
    {
      "id": "create_guest",
      "content": "Создать гостевой аккаунт"
    },
    {
      "id": "ask_to_remove_all_cache",
      "content": "Очистить кэш?"
    },
    {
      "id": "networkingerror_update",
      "content": "Перейти в магазин"
    },
    {
      "id": "speed_hack_warning",
      "content": "Замечено использование сторонней программы."
    },
    {
      "id": "serverstate_verify_ban_startdate",
      "content": "Дата"
    },
    {
      "id": "serverstate_verify_ban_reason",
      "content": "Причина"
    },
    {
      "id": "serverstate_verify_ban_reason_refund",
      "content": "Нехуй было деп возвращать"
    },
    {
      "id": "serverstate_verify_ban_reason_cheat",
      "content": "Далбаеб, тебя за читы забанили"
    },
    {
      "id": "serverstate_blocking_endpoint",
      "content": "Функция сейчас в разработке"
    },
    {
      "id": "serverstate_verify_invaliduuid",
      "content": "Запрос уже обработан\nПерезапустите игру для синхронизации"
    },
    {
      "id": "login_scene_mini_story_warning_spoiler_format",
      "content": "Эта история происходит после канто {0}. Вы все равно хотите посмотреть эту историю?"
    },
    {
      "id": "login_scene_mini_story_unlock_code_105",
      "content": "5"
    },
    {
      "id": "login_scene_mini_story_unlock_code_9105",
      "content": "5.5"
    },
    {
      "id": "switch_clearcatalog",
      "content": "Удалить каталог"
    },
    {
      "id": "panel_clearcatalog",
      "content": "Удалить каталог?"
    },
    {
      "id": "serverstate_error_thirdparty_api",
      "content": "Ошибка подключения к внешнему серверу. Пожалуйста, повторите попытку позже."
    },
    {
      "id": "servererror_invalid_purchasing_package",
      "content": "Транзакция не удалась."
    },
    {
      "id": "forcequit_cache_initialize_fail",
      "content": "Игровой клиент не удалось запустить должным образом.\nПожалуйста, подтвердите состояние сети и повторите попытку.\nСпрашивайте: limbussupport+bug@projmoon.com"
    },
    {
      "id": "push_notification_message_full_stamina_default_title",
      "content": "Rainbus Company"
    },
    {
      "id": "push_notification_message_full_stamina_default_text",
      "content": "Героин полностью восполнен"
    },
    {
      "id": "push_notification_message_full_stamina_1_title",
      "content": "Героин восполнен"
    },
    {
      "id": "push_notification_message_full_stamina_1_text",
      "content": "Обратите внимание, здесь нет ничего странного. В идеале моя единственная цель - сообщить вам, что запасы героина пополнены. Это все, что я могу сказать."
    },
    {
      "id": "push_notification_message_full_stamina_2_title",
      "content": "Героин восполнен"
    },
    {
      "id": "push_notification_message_full_stamina_2_text",
      "content": "Восполнение героина завершено. Уважаемый часоголовый, для повышения эффективности рекомендуется перевод в закладки."
    },
    {
      "id": "push_notification_message_full_stamina_3_title",
      "content": "Героин восполнен"
    },
    {
      "id": "push_notification_message_full_stamina_3_text",
      "content": "ПОЧЕТНЫЙ ЧАСОГОЛОВЫЙ!!! ТОПЛИВНЫЙ БАК ПОПОЛНЕН!!! ИДИТЕ СЮДА, ИБО НАШИ ПРИКЛЮЧЕНИЯ ДОЛЖНЫ ПРОДОЛЖАТЬСЯ!!!"
    },
    {
      "id": "push_notification_message_full_stamina_4_title",
      "content": "Героин восполнен"
    },
    {
      "id": "push_notification_message_full_stamina_4_text",
      "content": "Г.В."
    },
    {
      "id": "push_notification_message_full_stamina_5_title",
      "content": "Героин восполнен"
    },
    {
      "id": "push_notification_message_full_stamina_5_text",
      "content": "Энкефалин полностью восполнен, часоголовый"
    },
    {
      "id": "push_notification_message_full_stamina_6_title",
      "content": "Героин восполнен"
    },
    {
      "id": "push_notification_message_full_stamina_6_text",
      "content": "Вау~ Героин уже полностью восполнен~ Не хочешь проверить?"
    },
    {
      "id": "push_notification_message_full_stamina_7_title",
      "content": "Героин восполнен"
    },
    {
      "id": "push_notification_message_full_stamina_7_text",
      "content": "Г.. Герыч...? Сходи, посмотри, ок?"
    },
    {
      "id": "push_notification_message_full_stamina_8_title",
      "content": "Героин восполнен"
    },
    {
      "id": "push_notification_message_full_stamina_8_text",
      "content": "Героин восполнен... Хм. Да, автобус готов к новому путешествию. Поехали."
    },
    {
      "id": "push_notification_message_full_stamina_9_title",
      "content": "Героин восполнен"
    },
    {
      "id": "push_notification_message_full_stamina_9_text",
      "content": "Дантех~ Героин восполнен! Не забудь перевести их в закладки!"
    },
    {
      "id": "push_notification_message_full_stamina_11_title",
      "content": "Героин восполнен"
    },
    {
      "id": "push_notification_message_full_stamina_11_text",
      "content": "Здравствуйте, часоголовый... вы... заняты? Я... ничего серьезного, но... героин вот-вот переполнится..."
    },
    {
      "id": "push_notification_message_full_stamina_12_title",
      "content": "Героин восполнен"
    },
    {
      "id": "push_notification_message_full_stamina_12_text",
      "content": "Докладываю часоголовому. Героин был полностью восполнен. Могу я предложить вам использовать или перевести его?"
    },
    {
      "id": "push_notification_message_full_stamina_13_title",
      "content": "Героин восполнен"
    },
    {
      "id": "push_notification_message_full_stamina_13_text",
      "content": "Часоголовый, приятель? Ты здесь? Топливный бак автобуса полон... Может быть, вы хотите проверить?"
    },
    {
      "id": "push_notification_message_full_stamina_14_title",
      "content": "Героин восполнен"
    },
    {
      "id": "push_notification_message_full_stamina_14_text",
      "content": "Ваш перерыв окончен, часоголовый Дантех. Не задерживайте автобус надолго."
    },
    {
      "id": "push_notification_message_full_stamina_15_title",
      "content": "Героин восполнен"
    },
    {
      "id": "push_notification_message_full_stamina_15_text",
      "content": "Мефи переполнен. Время Чарон для «врум-врум»."
    },
    {
      "id": "custom_localize_button",
      "content": "Выбрать RCR"
    },
    {
      "id": "custom_localize_title",
      "content": "Выбрать RCR"
    },
    {
      "id": "custom_localize_desc",
      "content": "※ Перезапустите игру, а то че как лох"
    },
    {
      "id": "steam_overlay_cannot_activate_title",
      "content": "Ошибка транзакции Steam"
    },
    {
      "id": "steam_overlay_cannot_activate_text",
      "content": "Включите оверлей Steam, затем перезапустите игру"
    },
    {
      "id": "servererror_remain_restore_purchasing",
      "content": "Транзакция в процессе. Попробуйте использовать кнопку Восстановить покупки"
    },
    {
      "id": "invalid_login_no_guest_uid",
      "content": "Гостевой аккаунт не существует,\nили же был удален."
    },
    {
      "id": "invalid_login_is_not_guest",
      "content": "Гостевой аккаунт уже связан с платформой.\nИспользуйте [Сменить аккаунт] для входа в него."
    },
    {
      "id": "try_new_guest",
      "content": "Создать новый Гостевой аккаунт?"
    }
  ]
}