{
  "dataList": [
    {
      "id": "mainui_main_button0",
      "content": "Главная"
    },
    {
      "id": "mainui_main_button1",
      "content": "Балбесы"
    },
    {
      "id": "mainui_main_button2",
      "content": "Флешбки"
    },
    {
      "id": "mainui_main_button3",
      "content": "Поехали"
    },
    {
      "id": "mainui_main_button4",
      "content": "Казик"
    },
    {
      "id": "mainui_main_button5",
      "content": "Микрозаймы"
    },
    {
      "id": "mainui_main_exp",
      "content": "Опыт"
    },
    {
      "id": "mainui_main_stamina",
      "content": "Выносливость"
    },
    {
      "id": "mainui_main_enkephalin",
      "content": "Героин"
    },
    {
      "id": "mainui_main_madness",
      "content": "Примогемы"
    },
    {
      "id": "mainui_battleselection_everydungeon",
      "content": "Дрочильня"
    },
    {
      "id": "mainui_stageinfo_recommendlevel",
      "content": "Сложность"
    },
    {
      "id": "mainui_stageinfo_enemyinfo",
      "content": "Враги"
    },
    {
      "id": "mainui_stageinfo_exclearcondition",
      "content": "Лишние доебы"
    },
    {
      "id": "mainui_stageinfo_statinfo",
      "content": "Статус"
    },
    {
      "id": "mainui_stageinfo_resistinfo",
      "content": "Сопротивления"
    },
    {
      "id": "mainui_stageinfo_enterbutton",
      "content": "<size=75%>Смерть в\nнищете"
    },
    {
      "id": "mainui_stageinfo_dungeonclear",
      "content": "Доебы"
    },
    {
      "id": "mainui_sinners_battleannouncer",
      "content": "Шизофреники"
    },
    {
      "id": "mainui_sinners_dante",
      "content": "Часоголовый"
    },
    {
      "id": "mainui_sinners_decklist",
      "content": "СПИСОК\nБАЛБЕСОВ"
    },
    {
      "id": "mainui_sinners_deck",
      "content": "Выбор"
    },
    {
      "id": "mainui_sinners_passive",
      "content": "ПАССИВКИ"
    },
    {
      "id": "mainui_sinners_egoresource",
      "content": "ГРЕХИ"
    },
    {
      "id": "mainui_sinners_participant",
      "content": "Выберите балбесов"
    },
    {
      "id": "mainui_sinners_startbattle",
      "content": "Попиздовали"
    },
    {
      "id": "mainui_common_personality",
      "content": "Айдишки"
    },
    {
      "id": "mainui_common_filter",
      "content": "Фильтр"
    },
    {
      "id": "mainui_common_state",
      "content": "Выбран"
    },
    {
      "id": "mainui_common_sort",
      "content": "Сортировка"
    },
    {
      "id": "mainui_sinners_unequipego",
      "content": "Не экипировано"
    },
    {
      "id": "mainui_skip_desc",
      "content": "Сосал?"
    },
    {
      "id": "mainui_battleresult_reward",
      "content": "Халява"
    },
    {
      "id": "mainui_battleresult_exclearreward",
      "content": "Халява за доебы"
    },
    {
      "id": "mainui_battleresult_statistics",
      "content": "Статы"
    },
    {
      "id": "mainui_ok",
      "content": "Ок"
    },
    {
      "id": "mainui_battleresult_victory",
      "content": "Гойда!"
    },
    {
      "id": "mainui_battleresult_defeat",
      "content": "Проебали..."
    },
    {
      "id": "mainui_battleresult_return",
      "content": "Вернуться"
    },
    {
      "id": "mainui_battleresult_hint",
      "content": "Подсказка"
    },
    {
      "id": "mainui_page",
      "content": "Стр. {0}"
    },
    {
      "id": "mainui_cancel",
      "content": "В пизду"
    },
    {
      "id": "mainui_select",
      "content": "Выбрать"
    },
    {
      "id": "mainui_select_finished",
      "content": "Похуй, завершить"
    },
    {
      "id": "mainui_grade",
      "content": "Этап\nшахт {0}"
    },
    {
      "id": "mainui_floor",
      "content": "Этаж\nшахт {0}"
    },
    {
      "id": "mainui_main_enkephalin_Box",
      "content": "Пачка Герыча"
    },
    {
      "id": "mainui_main_own_count",
      "content": "<size=80%>Спизжено</size>"
    },
    {
      "id": "mainui_mirror_entrance_entry",
      "content": "Войдете в {0}?"
    },
    {
      "id": "mainui_mirror_entrance_progressing",
      "content": "Экспедиция в {0}\nвсе еще продолжается."
    },
    {
      "id": "mainui_mirror_entrance_re_entry",
      "content": "Перезайти в данж?"
    },
    {
      "id": "mainui_mirror_entrance_quit",
      "content": "Закончить эту хуйню?"
    },
    {
      "id": "mainui_mirror_entrance_quit_former",
      "content": "Проебать прогресс данжа?"
    },
    {
      "id": "mainui_mirror_entrance_warning",
      "content": "※ Потраченные закладки героина не будут возвращены"
    },
    {
      "id": "mainui_proress",
      "content": "Похуй, делаем"
    },
    {
      "id": "mainui_stop",
      "content": "Ну его нахуй"
    },
    {
      "id": "mainui_next",
      "content": "Далее"
    },
    {
      "id": "mainui_ego_list",
      "content": "Список ЭГО"
    },
    {
      "id": "mainui_personality_list",
      "content": "Список айдишек"
    },
    {
      "id": "mainui_acquired_reward",
      "content": "Халява получена"
    },
    {
      "id": "mainui_dungeon_finished",
      "content": "Прекратить хуйню"
    },
    {
      "id": "mainui_category",
      "content": "Легенда"
    },
    {
      "id": "mainui_stats_hp",
      "content": "HP"
    },
    {
      "id": "mainui_stats_speed",
      "content": "SPD"
    },
    {
      "id": "mainui_stats_defense",
      "content": "Уровень защиты"
    },
    {
      "id": "mainui_upgrade",
      "content": "Усиление"
    },
    {
      "id": "mainui_mirror_select_ego",
      "content": "Выбрать ЭГО"
    },
    {
      "id": "mainui_mirror_opening",
      "content": "Открыто"
    },
    {
      "id": "mainui_simulation",
      "content": "Симуляция"
    },
    {
      "id": "mainui_untill",
      "content": "До"
    },
    {
      "id": "mainui_free",
      "content": "Халявное"
    },
    {
      "id": "mainui_paid",
      "content": "Платное"
    },
    {
      "id": "mainui_support",
      "content": "Поддержка"
    },
    {
      "id": "mainui_gacha_rateinfo",
      "content": "Шансы в лохотроне"
    },
    {
      "id": "mainui_gacha_history",
      "content": "История проебов"
    },
    {
      "id": "mainui_gacha_daliynotice",
      "content": "Обнуляется ежедневно\n в {0}:00"
    },
    {
      "id": "mainui_gacha_alreadyusedgacha",
      "content": "ДА ТЫ ВСЕ УЖЕ СПИЗДИЛ\n ПОШЕЛ НАХУЙ ОТСЮДА"
    },
    {
      "id": "mainui_gacha_extract1",
      "content": "Проебать чучуть"
    },
    {
      "id": "mainui_gacha_extract10",
      "content": "Проебать много"
    },
    {
      "id": "mainui_open_battlepass",
      "content": "Фармилка открыта!"
    },
    {
      "id": "mainui_grade_without_space",
      "content": "Шаг {0}"
    },
    {
      "id": "mainui_type",
      "content": "Тип"
    },
    {
      "id": "mainui_level_unit",
      "content": "{0}★"
    },
    {
      "id": "mainui_Change_lobby_illust",
      "content": "Поменять картиночку"
    },
    {
      "id": "mainui_lobby_illust_acquisition_method",
      "content": "Для открытия:"
    },
    {
      "id": "mainui_networkingerror_content",
      "content": "У тебя интернет выветривается.\nЗакрой окно."
    },
    {
      "id": "mainui_networkingerror_close",
      "content": "Закрыть"
    },
    {
      "id": "mainui_networkingerror_retry",
      "content": "Я уже закрыл"
    },
    {
      "id": "mainui_event_notice",
      "content": "Реклама\nказино"
    },
    {
      "id": "mainui_system_notice",
      "content": "Извинения\nДжихуна"
    },
    {
      "id": "mainui_team",
      "content": "Балбесы"
    },
    {
      "id": "mainui_cost",
      "content": "Стоимость"
    },
    {
      "id": "mainui_dungeon_progress_rate",
      "content": "Прогресс похода по шахте"
    },
    {
      "id": "mainui_guaranteed_reward",
      "content": "Можно спиздить"
    },
    {
      "id": "mainui_select_reward",
      "content": "Выбирай что спиздить"
    },
    {
      "id": "mainui_battle_pass_exp",
      "content": "Нафармлено опыта"
    },
    {
      "id": "mainui_enforce_ticket",
      "content": "Билетики"
    },
    {
      "id": "mainui_reward_random_box",
      "content": "Бокс с рандом шардиками"
    },
    {
      "id": "mainui_reward_select_box",
      "content": "Бокс с шардиками"
    },
    {
      "id": "mainui_manaUsage",
      "content": "Проебет SP"
    },
    {
      "id": "mainui_abnormality_analysis_level",
      "content": "Уровень связи"
    },
    {
      "id": "mainui_analysis",
      "content": "Связь"
    },
    {
      "id": "mainui_abnormality_analysis",
      "content": "Связь ЭГО"
    },
    {
      "id": "mainui_receive",
      "content": "Спиздить"
    },
    {
      "id": "mainui_dungeon_finished_reward",
      "content": "Награда за потраченное время"
    },
    {
      "id": "mainui_passive",
      "content": "Пассивки"
    },
    {
      "id": "mainui_support_passive",
      "content": "Поддержка"
    },
    {
      "id": "mainui_synchronization",
      "content": "Усиление связи"
    },
    {
      "id": "mainui_personality_synchronization_level",
      "content": "Уровень связи"
    },
    {
      "id": "mainui_owned",
      "content": "<size=80%>Спизжено</size>"
    },
    {
      "id": "mainui_growth_level_limited",
      "content": "Нельзя использовать на ур. {0}+"
    },
    {
      "id": "mainui_stats_attack",
      "content": "Атака "
    },
    {
      "id": "mainui_mailbox_receive_all",
      "content": "Взять все"
    },
    {
      "id": "mainui_mailbox_receive_history",
      "content": "История"
    },
    {
      "id": "mainui_remain_days",
      "content": "{0} дней осталось"
    },
    {
      "id": "mainui_mail_remains_count",
      "content": "Почта"
    },
    {
      "id": "mainui_mail_warning",
      "content": "※ Лимит почты - 100; лишнее пойдет <color=#990000>нахуй</color>."
    },
    {
      "id": "mainui_mail_warning2",
      "content": "※ Предметы, полученные из почты, могут быть украдены джихуном."
    },
    {
      "id": "main_information",
      "content": "Инфо"
    },
    {
      "id": "main_until",
      "content": "Срок хранения"
    },
    {
      "id": "mainui_synchronization_grade",
      "content": "Уровень связи"
    },
    {
      "id": "mainui_organization",
      "content": "Балбесы"
    },
    {
      "id": "story_ui_log_popup",
      "content": "Лог"
    },
    {
      "id": "mail_box_attachments",
      "content": "Вложения"
    },
    {
      "id": "mail_box_unseal_result",
      "content": "Халява получена"
    },
    {
      "id": "item_use_result",
      "content": "Предмет проебан"
    },
    {
      "id": "giving_up_story_dungeon_title",
      "content": "Закрыть нахуй этот данж"
    },
    {
      "id": "giving_up_story_dungeon_content",
      "content": "Вы сейчас в данже {0}-го канто.\nЗакрыть эту хуйню?"
    },
    {
      "id": "mainui_all",
      "content": "Все"
    },
    {
      "id": "mainui_opened",
      "content": "Открыть"
    },
    {
      "id": "mainui_not_opened",
      "content": "Закрыто"
    },
    {
      "id": "mainui_buy",
      "content": "Подтвердить"
    },
    {
      "id": "mainui_use",
      "content": "Использовать"
    },
    {
      "id": "mainui_consume",
      "content": "Расходники"
    },
    {
      "id": "mainui_currencies",
      "content": "Валюта"
    },
    {
      "id": "mainui_inventory",
      "content": "Инвентарь"
    },
    {
      "id": "mainui_awaken_requirement_amount",
      "content": "Цена в светяшках"
    },
    {
      "id": "mainui_passive_skill_addition",
      "content": "Открытие пассивки"
    },
    {
      "id": "mainui_ego_awaken_skill_reinforcement",
      "content": "Пробуждение ЭГО обновлено"
    },
    {
      "id": "mainui_ego_erosion_skill_reinforcement",
      "content": "Коррозия ЭГО обновлена"
    },
    {
      "id": "mainui_lack_of_material_amount",
      "content": "Недостаточно светяшек.\nНищееб."
    },
    {
      "id": "mainui_move",
      "content": "Перейти"
    },
    {
      "id": "mainui_move_to_twine_store",
      "content": "В микрозаймы"
    },
    {
      "id": "mainui_move_to_twine_store_question",
      "content": "Недостаточно светяшек.\nПерейти в микрозаймы?"
    },
    {
      "id": "mainui_confirm_of_purchased_twine",
      "content": "Произвести конвертацию выбранных эгоосколков в <b>{0}</b> светяшек?"
    },
    {
      "id": "mainui_result_of_purchased_twine",
      "content": "Конвертация {0} светяшек завершена."
    },
    {
      "id": "mainui_personality_awaken_completion",
      "content": "Айдишка связана"
    },
    {
      "id": "mainui_ego_awaken_completion",
      "content": "ЭГО связано"
    },
    {
      "id": "mainui_new_skill_acquisition",
      "content": "Новая атака: {0}"
    },
    {
      "id": "mainui_new_passive_skill_acquisition",
      "content": "Новая пассивка: {0}"
    },
    {
      "id": "mainui_new_battle_passive_acquisition",
      "content": "Новая Боевая пассивка: {0}"
    },
    {
      "id": "mainui_new_support_passive_acquisition",
      "content": "Новая пассивка Поддержки: {0}"
    },
    {
      "id": "mainui_skill_reinforcement",
      "content": "Улучшена атака {0}"
    },
    {
      "id": "mainui_unlock_personality_story",
      "content": "Открыта история {0}"
    },
    {
      "id": "mainui_ego_awaken_skill_name_reinforcement",
      "content": "Пробуждение ЭГО {0} усилено"
    },
    {
      "id": "mainui_ego_erosion_skill_name_reinforcement",
      "content": "Коррозия ЭГО {0} усилена"
    },
    {
      "id": "mainui_specific_level_achievement",
      "content": "Достигнуть {0} уровня"
    },
    {
      "id": "mainui_personality_awaken_level_up_condition",
      "content": "Требования к {0} уровню Связи"
    },
    {
      "id": "mainui_battle_passsive_addition",
      "content": "Открываются Боевые пассивки"
    },
    {
      "id": "mainui_support_passsive_addition",
      "content": "Открываются пассивки Поддержки"
    },
    {
      "id": "mainui_check_purchase",
      "content": "Подтвердить покупку"
    },
    {
      "id": "mainui_acquire_banner",
      "content": "Получен баннер"
    },
    {
      "id": "mainui_purchase_complete",
      "content": "Продано"
    },
    {
      "id": "mainui_activation",
      "content": "АКТИВИРОВАН"
    },
    {
      "id": "mainui_ask_purchase_enkephalin",
      "content": "Недостаточно героина.\nЖелаете восполнить героин?"
    },
    {
      "id": "mainui_ask_purchase_enkephalin_box",
      "content": "Недостаточно закладок героина.\nЖелаете купить парочку?"
    },
    {
      "id": "mainui_rewatching-stage-story",
      "content": "Пересмотреть историю"
    },
    {
      "id": "mainui_before_battle",
      "content": "Перед пиздилкой"
    },
    {
      "id": "mainui_after_battle",
      "content": "После пиздилки"
    },
    {
      "id": "mainui_story",
      "content": "История"
    },
    {
      "id": "Get_Reward",
      "content": "Халява"
    },
    {
      "id": "mainui_user_exp",
      "content": "Опыт"
    },
    {
      "id": "mainui_chapter_progress",
      "content": "Прогресс"
    },
    {
      "id": "mainui_ex_clear_progress",
      "content": "Пройдено в совершенстве"
    },
    {
      "id": "mainui_notice_spend_free_lunacy_first",
      "content": "※ Сначала тратятся\nбесплатные примогемы."
    },
    {
      "id": "mainui_notice_require_lunacy",
      "content": "※ Недостаточно примогемов."
    },
    {
      "id": "mainui_progress_of_spend",
      "content": "Потратить {0} для получения {1}?"
    },
    {
      "id": "game_setting",
      "content": "Настройки"
    },
    {
      "id": "level",
      "content": "Уровень"
    },
    {
      "id": "name",
      "content": "Имя"
    },
    {
      "id": "order_of_acquisition",
      "content": "Время найма"
    },
    {
      "id": "tolerance",
      "content": "Сопротивления"
    },
    {
      "id": "outstanding_staff",
      "content": "Лучший балбес"
    },
    {
      "id": "total_damage_contribution",
      "content": "Нанесено урона"
    },
    {
      "id": "deal_damage",
      "content": "Нанесено"
    },
    {
      "id": "taken_damage",
      "content": "Получено"
    },
    {
      "id": "user_level_up_notice",
      "content": "Повышен уровень часоголового!"
    },
    {
      "id": "increase_maxium_enkephalin",
      "content": "Места для героина стало больше!"
    },
    {
      "id": "recharge_enkephalin_notice",
      "content": "Героин восполнен."
    },
    {
      "id": "gacha_extract_multiple",
      "content": "Проебать целых {0}"
    },
    {
      "id": "number_of_times",
      "content": "Раз(а)"
    },
    {
      "id": "number_of_remain_extract_times",
      "content": "Осталось круток"
    },
    {
      "id": "notice_of_remain_extract_chance",
      "content": "3★ айдишка или ЭГО гарантированы через {0} круток"
    },
    {
      "id": "mainui_settings",
      "content": "Настройки"
    },
    {
      "id": "mainui_environment_settings",
      "content": "Настройки"
    },
    {
      "id": "mainui_back",
      "content": "Назад"
    },
    {
      "id": "mainui_quit_game",
      "content": "Выйти из этой помойки"
    },
    {
      "id": "mainui_acquisition",
      "content": "Получено"
    },
    {
      "id": "mainui_not_acquisition",
      "content": "Проебано"
    },
    {
      "id": "mainui_no_record",
      "content": "Нет записей"
    },
    {
      "id": "resume",
      "content": "Продолжить"
    },
    {
      "id": "mainui_entering",
      "content": "Войти"
    },
    {
      "id": "mainui_open_after_clear",
      "content": "Ебашь {0} канто"
    },
    {
      "id": "mainui_organization_sharp",
      "content": "<size=50%>Балбесы №{0}</size>"
    },
    {
      "id": "mainui_participant_count",
      "content": "Поменять балбесов"
    },
    {
      "id": "mainui_edit",
      "content": "Изменить"
    },
    {
      "id": "mainui_unlock_condition_by_personality_awaken_level",
      "content": "Открывается на {0} уровне Связи"
    },
    {
      "id": "skill_growth_value",
      "content": "Рост"
    },
    {
      "id": "gacha_history_notice",
      "content": "※ Отображется до {1} депов за {0} дней."
    },
    {
      "id": "gacha_history_empty",
      "content": "История депа пуста."
    },
    {
      "id": "own",
      "content": "Получено"
    },
    {
      "id": "gacha_category",
      "content": "Категория"
    },
    {
      "id": "gacha_time",
      "content": "Дата"
    },
    {
      "id": "used_currencies",
      "content": "Использовано"
    },
    {
      "id": "mainui_ask_purchase_enkephalin_module",
      "content": "Недостаточно героиновых закладок.\nЖелаете собрать парочку?"
    },
    {
      "id": "list",
      "content": "Список"
    },
    {
      "id": "rank",
      "content": "Редкость"
    },
    {
      "id": "probability",
      "content": "Шансы"
    },
    {
      "id": "gacha_rate_label",
      "content": "Шансы круток"
    },
    {
      "id": "gacha_rate_title_ten1",
      "content": "10 круток (С 1-го по 9-е): Шансы равны 1 крутке"
    },
    {
      "id": "gacha_rate_title_ten2",
      "content": "10 круток (10-е)"
    },
    {
      "id": "gacha_rate_info_intro1",
      "content": "В связи с тем что нас ебут за рандом, здесь написаны точные шансы круток.\nИндивидуальные шансы округлены от пятой цифры после запятой. Актуальная сумма применяется к 100%."
    },
    {
      "id": "gacha_rate_info_intro2",
      "content": "Проебав целых 10 круток, вы гарантированно получите от 1 айдишки редкости 2★ или выше.\nТаблица, показывающая шансы на десятой крутке:"
    },
    {
      "id": "gacha_rate_info_ego1",
      "content": "Ниже находится список идентичностей ЭГО, которые вы можете получить с указанным выше шансом.\nСписок может меняться в зависимости от сезона; грядущие изменения в списке будут оглашаться заранее."
    },
    {
      "id": "gacha_rate_info_ego2",
      "content": "<b>ЭГО можно получить лишь один раз; ЭГО, полученное любым способом, нельзя будет купить или выкрутить.</b>\nПока в списке вероятных результатов остается какое-либо ЭГО, шанс его получения из круток остается неизменным. Таким образом, шанс получения определенного ЭГО повышается с каждой круткой."
    },
    {
      "id": "gacha_rate_info_complete1",
      "content": "Если в списке не осталось ни единого ЭГО по причине, что они оказались получены, хоть у тебя такого и быть не может, нищееб, шансы получения из 1 крутки и 10 круток изменятся следующим образом:"
    },
    {
      "id": "gacha_rate_info_complete2",
      "content": "В Целевых крутках, некоторые айдишки и ЭГО имеют больший шанс получения.\nЦелевые айдишки получают 50% шанс выпадения в зависимости от их редкости; если айдишек одной редкости несколько, 50% равно распределяются между ними.\nОставшиеся 50% распределяются между остальными айдишками той же редкости."
    },
    {
      "id": "gacha_rate_info_complete3",
      "content": "То же самое относится и к целевому ЭГО.\nИзменения в шансах целевых круток не изменяют шанс получения определенной редкости айдишек и ЭГО."
    },
    {
      "id": "gacha_rate_info_piece1",
      "content": "★ Эгосколки.\nКогда вы получаете айдишку, что была получена ранее, вы получаете эгосколки полученного балбеса. Число эгосколков зависит от типа и редкости."
    },
    {
      "id": "gacha_rate_info_piece2",
      "content": "Эгосколки могут быть использованы лишь в течение сезона. С окончанием сезона, только 50% эгосколков перенесутся на следующий сезон.\nОстальные эгосколки трансформируются в светяшки."
    },
    {
      "id": "gacha_rate_info_piece3",
      "content": "То же самое относится и к ящикам эгосколков.\nВы будете уведомлены о скором окончании сезона и возможной потере эгосколков и ящиков с эгосколками перед завершением сезона."
    },
    {
      "id": "personality_preview_notice",
      "content": "Тут макс уровень айдишки."
    },
    {
      "id": "ego_preview_notice",
      "content": "ЭГО показано с максимальным уровнем Связки."
    },
    {
      "id": "season_1",
      "content": "1 сезон"
    },
    {
      "id": "commonly",
      "content": "Обычный"
    },
    {
      "id": "notice_external_website",
      "content": "Переход в браузер."
    },
    {
      "id": "pass_level",
      "content": "<size=150%>Уровень</size>"
    },
    {
      "id": "normal_reward",
      "content": "Обычная награда"
    },
    {
      "id": "limbus_pass_reward",
      "content": "Награда пропуска линдбуза"
    },
    {
      "id": "loading_battlehint",
      "content": "Мудрые мысли"
    },
    {
      "id": "status_up",
      "content": "Повышение характеристик"
    },
    {
      "id": "active_skill_acquired",
      "content": "Разблокировка навыка"
    },
    {
      "id": "active_skill_reinforcement",
      "content": "Усиление навыков"
    },
    {
      "id": "progress_ego_gacksung",
      "content": "Связать как сучку"
    },
    {
      "id": "skill_with_index",
      "content": "Атака {0}"
    },
    {
      "id": "mail_date",
      "content": "Дата"
    },
    {
      "id": "mail_sender",
      "content": "Отправитель"
    },
    {
      "id": "mail_history_notice",
      "content": "※ История сохраняет для просмотра до {0} хлама."
    },
    {
      "id": "cant_receive_mail_all_tilte",
      "content": "Произошла ошибка при получении. Пошел ты нахуй."
    },
    {
      "id": "cant_receive_mail_all_main",
      "content": "Хламник пуст. Иди нахуй"
    },
    {
      "id": "attached_item",
      "content": "Вложение"
    },
    {
      "id": "inventory_category_all",
      "content": "Все"
    },
    {
      "id": "inventory_category_normal",
      "content": "Обычное"
    },
    {
      "id": "inventory_category_consumable",
      "content": "Расходники"
    },
    {
      "id": "inventory_category_pieces",
      "content": "Эгосколки"
    },
    {
      "id": "enkephalin_injection_complete",
      "content": "Героин заряжен"
    },
    {
      "id": "purchase_impossible",
      "content": "Хуй тебе, а не айдишки"
    },
    {
      "id": "notice_not_enough_pieces",
      "content": "※ Недостаточно эгосколков.\nНищееб."
    },
    {
      "id": "buy_personaliy",
      "content": "Купить айдишку"
    },
    {
      "id": "buy_ego",
      "content": "Купить ЭГО"
    },
    {
      "id": "not_enough_pieces",
      "content": "Недостаточно эгосколков.\nНищееб."
    },
    {
      "id": "basis",
      "content": "База"
    },
    {
      "id": "skip_tutorial",
      "content": "Нахуй мне это обучение"
    },
    {
      "id": "skip_tutorial_description",
      "content": "Вы уверены, что желаете пропустить эту хуйню?"
    },
    {
      "id": "min_speed_upgrade",
      "content": "Повышение минимальной Скорости"
    },
    {
      "id": "max_speed_upgrade",
      "content": "Повышение максимальной Скорости"
    },
    {
      "id": "min_max_speed_upgrade",
      "content": "Повышение минимальной и максимальной Скорости"
    },
    {
      "id": "mailbox",
      "content": "Хламник"
    },
    {
      "id": "remain_days_label",
      "content": "Срок получения"
    },
    {
      "id": "extract_again",
      "content": "Редеп?"
    },
    {
      "id": "ego_gift",
      "content": "ЭГО Дары"
    },
    {
      "id": "classification",
      "content": "Категория"
    },
    {
      "id": "quantity",
      "content": "Сколько?"
    },
    {
      "id": "appearance_probability",
      "content": "Шанс"
    },
    {
      "id": "Individual_appearance_probability",
      "content": "Индивидуальный шанс"
    },
    {
      "id": "notice_sold_out",
      "content": "Ты сколько денег потратил, еблан?"
    },
    {
      "id": "select_piece",
      "content": "Выбрать эгосколок"
    },
    {
      "id": "mail_item_warning",
      "content": "※ Без возвратов."
    },
    {
      "id": "mainui_unlock_condition_by_ego_awaken_level",
      "content": "Будет у айдишки на {0} уровне связи"
    },
    {
      "id": "empty_mailbox_notice",
      "content": "Полковнику никто не пишет\nПолковника никто не ждет\nБольшие города\nПустые поезда..."
    },
    {
      "id": "gacha_rate_detail",
      "content": "Шанс успешного депа"
    },
    {
      "id": "gacha_alarm_title",
      "content": "Продолжаем проебывать примогемы"
    },
    {
      "id": "clear_specific_stage",
      "content": "Ебашь {0}"
    },
    {
      "id": "clear_main_chapter_stage",
      "content": "Ебашь в {0} канто"
    },
    {
      "id": "ingredients",
      "content": "Хлам"
    },
    {
      "id": "remote_download_return_title",
      "content": "В игру добавлены новые данные.\nВыдаем бан."
    },
    {
      "id": "battle_skip",
      "content": "Покой в богатстве"
    },
    {
      "id": "ask_battle_skip",
      "content": "Желаете не тратить время попусту?"
    },
    {
      "id": "notice_consumption_multiples",
      "content": " Стоимость {0} x {1}"
    },
    {
      "id": "notice_additional_rewards",
      "content": "Будут получены дополнительные награды: {0}."
    },
    {
      "id": "gacha_notice_exclude_ego",
      "content": "Этот баннер для круток не предусматривает ЭГО."
    },
    {
      "id": "gacha_notice_single_season",
      "content": "Айдишки 2★ и 3★ редкости\nв этом баннере принадлежат {0} сезону."
    },
    {
      "id": "error_and_return_to_main",
      "content": "Произошла ошибка.\nВыдаем бан."
    },
    {
      "id": "to_window",
      "content": "Устал?"
    },
    {
      "id": "completion",
      "content": "Завершено"
    },
    {
      "id": "event_in_progress",
      "content": "Ивенты открыты!"
    },
    {
      "id": "end_of_event",
      "content": "Ивенты завершены. Пошел ты нахуй"
    },
    {
      "id": "gacha_rate_info_intro1_1a",
      "content": "Шанс выпадения за одну крутку:"
    },
    {
      "id": "gacha_rate_info_intro1_1b",
      "content": "Таблица за использование {0}:"
    },
    {
      "id": "gacha_rate_info_intro1_1c",
      "content": "Когда вы используете {0}, вы можете выбрать валюту из:"
    },
    {
      "id": "package_info_detail1",
      "content": "Таблица для получения иной валюты за использование {0}:"
    },
    {
      "id": "package_info_detail2",
      "content": "※ {0} в таблице ниже как пример выбора одной из валют из таблицы выше."
    },
    {
      "id": "acquired_quantity",
      "content": "Количество"
    },
    {
      "id": "name_of_currencies",
      "content": "Валюта"
    },
    {
      "id": "package_info_title",
      "content": "Детали шанса выпадения валюты"
    },
    {
      "id": "used_once",
      "content": "Одноразовый"
    },
    {
      "id": "probability_details",
      "content": "Шансы"
    },
    {
      "id": "be_in_use",
      "content": "<size=80%> Пробит</size>"
    },
    {
      "id": "season_information",
      "content": "Че за сезоны?"
    },
    {
      "id": "announcer_selection_description",
      "content": "※ Если вы выберете нескольких Шизофреников, диалоги будут проигрываться рандомно. (До 10)"
    },
    {
      "id": "panic_type",
      "content": "Тип срыва"
    },
    {
      "id": "mental_strength",
      "content": "Сила духа"
    },
    {
      "id": "mental_increase_condition",
      "content": "Повышение Силы духа"
    },
    {
      "id": "mental_decrease_condition",
      "content": "Понижение Силы духа"
    },
    {
      "id": "mental_low_morale_effect",
      "content": "Эффекты потери духа"
    },
    {
      "id": "mental_panic_effect",
      "content": "Эффекты срыва"
    },
    {
      "id": "open_scheduled_date_month_day",
      "content": "Открывается через {0} месяцев {1} дней"
    },
    {
      "id": "mainui_acquire_user_ticker_deco",
      "content": "(Хуле ты сюда смотришь, съеби, часоголовый)"
    },
    {
      "id": "last_battlepass_season_level",
      "content": "Уровень пасса"
    },
    {
      "id": "season_end_notification",
      "content": "Оповещение о конце сезона"
    },
    {
      "id": "season_start_notification",
      "content": "Оповещение о начале сезона"
    },
    {
      "id": "new_story_appeared_by_new_season",
      "content": "Новый контент в основной истории"
    },
    {
      "id": "collection_rate",
      "content": "Шанс получения коллекции"
    },
    {
      "id": "season_n_personality",
      "content": "Идентичность {0} сезона"
    },
    {
      "id": "season_n_ego",
      "content": "ЭГО {0} сезона"
    },
    {
      "id": "season_n",
      "content": "{0} сезон"
    },
    {
      "id": "new_season_former_piece_to_current_piece_desc",
      "content": "Часть имеющихся эгосколков перенесется на следующий сезон."
    },
    {
      "id": "new_season_former_piece_to_thread_desc",
      "content": "Не перенесенные эгосколки конвертируются в светяшке."
    },
    {
      "id": "new_season_former_box_to_current_box_desc",
      "content": "Часть ящиков с эгосколками (обычные и именные) переносятся на следующий сезон."
    },
    {
      "id": "new_season_former_box_to_thread_box",
      "content": "Неперенесенные ящики с эгосколками конвертируются в ящики со светяшке."
    },
    {
      "id": "new_pass_appeared",
      "content": "Доступен новый пасс!"
    },
    {
      "id": "get_not_acquired_rewards",
      "content": "Отправлены неполученные награды"
    },
    {
      "id": "items_changed_by_season_changed_desc",
      "content": "Валюта из предыдущего сезона конвертируется в валюту этого сезона."
    },
    {
      "id": "exchange",
      "content": "Обмен"
    },
    {
      "id": "notice_of_pity_system",
      "content": "Во время баннеров вы можете заработать Саньков(Совершенства) в зависимости от количества круток.\nПосле достижения определенного числа вы сможете обменять их на 3★ идентичность или ЭГО из этого баннера.\n\n※ Совершенство не передается через баннеры; Совершенства считаются отдельной валютой на каждый из баннеров.\n※ После окончания баннера, все Совершенства конвертируются в светяшке."
    },
    {
      "id": "twine_store",
      "content": "Депнуть на светяшке)"
    },
    {
      "id": "pass",
      "content": "Пропуск"
    },
    {
      "id": "event",
      "content": "Ивент"
    },
    {
      "id": "notice_of_pity_point_expiration",
      "content": "{1} Саньков (Совершенства) из баннера {0} конвертированы в светяшке."
    },
    {
      "id": "notice_of_pity_point_progress_or_not",
      "content": "Обменять 200 Саньков (Совершенства) на эту идентичность?"
    },
    {
      "id": "notice_of_pity_point_progress_or_not_already_have",
      "content": "У вас уже есть данная идентичность. Обменять 200 Саньков (Совершенства) на 50 эгосколков этого балбеса?"
    },
    {
      "id": "open_date_description_month_day_time_zone",
      "content": "Доступ откроется после {1}/{0} (Обновление на {2})"
    },
    {
      "id": "open_date_description_month_day_time_zone_date",
      "content": "{1}/{0} ({2})"
    },
    {
      "id": "open_date_description_month_day_time_zone_desc",
      "content": "Доступ откроется после обновления"
    },
    {
      "id": "enkephalin_desc",
      "content": "Используется для перехода в боевые этапы."
    },
    {
      "id": "not_exchangeable",
      "content": "Обмен невозможен"
    },
    {
      "id": "ego_already_have",
      "content": "ЭГО уже получено"
    },
    {
      "id": "shortage_number_of_extractions",
      "content": "Недостаточно круток"
    },
    {
      "id": "lack_of_formation_participation",
      "content": "Для участия в этой битве вы можете выбрать <color=#990000>до {0}</color> балбесов."
    },
    {
      "id": "tutorial_formation_participation_add_title",
      "content": "Повышен лимит балбесов"
    },
    {
      "id": "tutorial_formation_participation_add_desc",
      "content": "В некоторых битвах, в отличие от остальных, можно использовать большее число балбесов. В этом случае вы заметите мигание вокруг окна лимита участников."
    },
    {
      "id": "could_not_select_friend_support_in_this_dungeon",
      "content": "В это подземелье нельзя брать айдишку поддержки для балбеса: {0}."
    },
    {
      "id": "formation_force_participation_on",
      "content": "<voffset=-0.25em><cspace=-1px>Ключевой</cspace></voffset>"
    },
    {
      "id": "formation_force_participation_off",
      "content": "<voffset=-0.25em><size=56><cspace=-1px>Необходим</cspace></size></voffset>"
    },
    {
      "id": "formation_must_participate_specific_character",
      "content": "{0} обязан(а) быть в битве."
    },
    {
      "id": "cannot_exit_node_after_enter_by_force_alice_character",
      "content": "После захода на этот этап, вы не сможеете переходить в другие этапы; {0} полностью восстановит ОЗ и СД вернется к 0.\nЖелаете продолжить?"
    },
    {
      "id": "story_dungeon_4_first_open_popup_desc",
      "content": "В этом данже нельзя брать идентичность Поддержки для Санька. Санек обязан участвовать во всех битвах."
    },
    {
      "id": "attack_level",
      "content": "Уровень атаки"
    },
    {
      "id": "defense_level",
      "content": "Сила стальных яиц"
    },
    {
      "id": "personality_level",
      "content": "Уровень айдишки"
    },
    {
      "id": "enemy_level",
      "content": "Уровень противника"
    },
    {
      "id": "cannot_enter",
      "content": "Вход запрещен"
    },
    {
      "id": "lack_of_item_amount",
      "content": "Недостаточно {0}"
    },
    {
      "id": "required_count",
      "content": "Необходимо"
    },
    {
      "id": "on_event_reward_grace_period",
      "content": "Время получения наград"
    },
    {
      "id": "user_level_maximum_notice",
      "content": "Ебать ты ноулайфер, дошел до лимита уровня часоголового!"
    },
    {
      "id": "user_level_limit_increase_notice",
      "content": "※ Граница уровня часоголового может быть повышена в следующих обновлениях."
    },
    {
      "id": "level_up",
      "content": "<size=30><align=center>Повышение\nуровня</align=center></size>"
    },
    {
      "id": "summary",
      "content": "Вкратце"
    },
    {
      "id": "abnormality_part_skill",
      "content": "Навык части"
    },
    {
      "id": "awaken",
      "content": "Пробуждение"
    },
    {
      "id": "erosion",
      "content": "Коррозия"
    },
    {
      "id": "formation_panel_detail",
      "content": "Вкратце"
    },
    {
      "id": "ego_cost",
      "content": "Ресурсы для ЭГО"
    },
    {
      "id": "enable_count_for_battle",
      "content": "Лимит команды"
    },
    {
      "id": "select_for_formation",
      "content": "Выбрать балбеса"
    },
    {
      "id": "edit_for_formation",
      "content": "Изменить\nбалбеса"
    },
    {
      "id": "full_participated",
      "content": "Лимит балбесов"
    },
    {
      "id": "select_for_delete_participation",
      "content": "Отозвать\nбалбеса"
    },
    {
      "id": "clear_reward",
      "content": "Награда"
    },
    {
      "id": "event_information",
      "content": "Детали ивента"
    },
    {
      "id": "notice_not_on_sales_period",
      "content": "※ Невозможно купить на данный момент. \nхахаха терпи."
    },
    {
      "id": "pc_shortcut",
      "content": "Куда я жмал блять"
    },
    {
      "id": "shortcut_manual_popup_title",
      "content": "Подсказки к холодным кнопкам"
    },
    {
      "id": "new_dungeon_update_alarm",
      "content": "ЗАМЕЧЕНА НЕУСТОЙЧИВОСТЬ ЗА ГРАНЬЮ ЗАДНЕЙ ДВЕРИ"
    },
    {
      "id": "buy_announcer",
      "content": "Приобретение Шизофреников"
    },
    {
      "id": "label_require_paid_lunacy",
      "content": "※ Недостаточно платных примогемов."
    },
    {
      "id": "notice_require_paid_lunacy",
      "content": "Недостаточно платных примогемов."
    },
    {
      "id": "mainui_original",
      "content": "Назад"
    },
    {
      "id": "open_after_clear_node",
      "content": "Для разблокировки пройдите {0}-{1}"
    },
    {
      "id": "effect_list_to_applied_level",
      "content": "Активные эффекты уровня"
    },
    {
      "id": "choice_event_effect",
      "content": "Эффект выбора"
    },
    {
      "id": "ego_gift_effect_format",
      "content": "Эффекты ЭГО Дара 「{0}」"
    },
    {
      "id": "mainui_previous",
      "content": "Назад"
    },
    {
      "id": "formation_force_abstain",
      "content": "<voffset=-0.25em><cspace=-1px>Ушел за\nхлебом</cspace></voffset>"
    },
    {
      "id": "formation_view_detail",
      "content": "Инфо"
    },
    {
      "id": "only_hyphen",
      "content": "-"
    },
    {
      "id": "first_time",
      "content": "Впервые"
    },
    {
      "id": "formation_Announcer_fixed",
      "content": "<cspace=-2px><nobr>Фиксированный</nobr></cspace>"
    },
    {
      "id": "gacha_rate_info_wa1",
      "content": "★ Ящик светяшке"
    },
    {
      "id": "gacha_rate_info_wa2",
      "content": "При повторном получении Шизофреника вы получаете ящики светяшке.\n\nПри переходе на следующий сезон ящики светяшке переносятся без изменений."
    },
    {
      "id": "login_scene_mini_story_warning_spoiler_format",
      "content": "Эта история происходит после канто {0}. Желаете ее просмотреть?"
    },
    {
      "id": "notice_of_pity_point_already_have_announcer",
      "content": "У Вас уже есть этот Шизофреник. Желаете потратить 200 Саньков (Совершенства) для получения 50 ящиков светяшке?"
    },
    {
      "id": "gacha_rate_info_announcer1",
      "content": "В зависимости от шансов круток, описанных выше, вы можете получить айдишки, ЭГО или Шизофреников, указанных ниже.\n\nАйдишки, ЭГО и Шизофреники в крутках могут измениться в зависимости от сезона и, в таких случаях, вы будете заранее предупреждены о подобных изменениях."
    },
    {
      "id": "mainui_battleresult_ordeal_victory",
      "content": "ГОЙДАААААААААААААААААААААААААААААААА!!!"
    },
    {
      "id": "mainui_battleresult_ordeal_defeat",
      "content": "ТЫ ПРОЕБАЛ, ДАУН!!!"
    },
    {
      "id": "remain_exchange_count",
      "content": "На прилавке"
    },
    {
      "id": "remains",
      "content": "Осталось"
    },
    {
      "id": "everyday",
      "content": "Ежедневно"
    },
    {
      "id": "for_n_days",
      "content": "{0}-й день"
    },
    {
      "id": "all_personalities",
      "content": "Все айдишки"
    },
    {
      "id": "leap_up_ticket_title",
      "content": "Выберите айдишку для скачка в усилении"
    },
    {
      "id": "leap_up_able_uptie_tier_and_level",
      "content": "Возможен скачок уровня айдишки и ее Связи"
    },
    {
      "id": "leap_up_able_uptie_tier",
      "content": "Возможен скачок уровня Связи"
    },
    {
      "id": "leap_up_able_level",
      "content": "Возможен скачок уровня айдишки"
    },
    {
      "id": "leap_up_confim_title",
      "content": "Выбор айдишки"
    },
    {
      "id": "leap_up_confim_main",
      "content": "Вы позволите айдишке {0} развиться таким образом:"
    },
    {
      "id": "leap_up_confim_caution_uptie",
      "content": "Вы не сможете совершить скачок уровня Связи"
    },
    {
      "id": "leap_up_confim_caution_level",
      "content": "Вы не сможете совершить скачок уровня этой айдишки."
    },
    {
      "id": "leap_up_confim_last_question",
      "content": "Вы желаете потратить<color=#F8C200>{0}</color>?"
    },
    {
      "id": "expiration_date",
      "content": "Годен до"
    },
    {
      "id": "unlink_account_title",
      "content": "Выберите аккаунт для отвязки"
    },
    {
      "id": "unlink_account_current_account",
      "content": "Текущий аккаунт"
    },
    {
      "id": "unlink_account_linked_account",
      "content": "Привязанный аккаунт"
    },
    {
      "id": "unlink_account_desc",
      "content": "После этого выбора, вы не сможете отвязывать аккаунты в течение {0} дней."
    },
    {
      "id": "unlink_account_desc_unable_by_day",
      "content": "Для следующей отвязки подождите еще {0} дней."
    },
    {
      "id": "unlink_account_complete_title",
      "content": "Аккаунт отвязан"
    },
    {
      "id": "unlink_account_complete_desc",
      "content": "Произошла отвязка аккаунта.\nВозвращаемся на главный экран."
    },
    {
      "id": "mainui_stageinfo_effectiveAttribute",
      "content": "Эффективный урон"
    },
    {
      "id": "personality_level_limit_release_title",
      "content": "Порог уровня айдишек увеличен"
    },
    {
      "id": "personality_level_limit_release_desc",
      "content": "Граница повышения уровня для айдишек увеличена."
    },
    {
      "id": "mainui_sinners_startSuppress",
      "content": "тутдолженбытьперевод1"
    },
    {
      "id": "mainui_battleresult_AbnormalitySuppress_victory",
      "content": "тутдолженбытьперевод2"
    },
    {
      "id": "mainui_battleresult_AbnormalitySuppress_defeat",
      "content": "тутдолженбытьперевод3"
    },
    {
      "id": "ui_text_unknown",
      "content": "Неизвестно"
    },
    {
      "id": "buff_effect_for_level_format",
      "content": "「{0}」"
    },
    {
      "id": "unit_keyword",
      "content": "Принадлежность"
    },
    {
      "id": "formation_ask_clear_selection",
      "content": "Вы точно желаете сбросить команду?"
    },
    {
      "id": "item_owned_count",
      "content": "(На руках: {0})"
    },
    {
      "id": "lunacy_owned_count_paid",
      "content": "(На руках: {0})"
    },
    {
      "id": "lunacy_owned_count_free",
      "content": "(На руках: {1})"
    },
    {
      "id": "mainui_ask_use_personality_level_ticket_disadvantage",
      "content": "Ебанат, если ты используешь это на этом этапе прогресса,\nвыбранная айдишка получит уровень {1} вместо {0},\nчто приведет к большой утечке опыта прокачки.\n\nТы точно эту хуйню будешь тратить?"
    },
    {
      "id": "mainui_exp_dungeon_7_title",
      "content": "Фарм светяшке))) №7 (рубящий)"
    },
    {
      "id": "mainui_exp_dungeon_7_open_day",
      "content": "Фарм светяшке))) №7 (на рубящий урон) открывается в понедельник, вторник и воскресенье.\n\n<b>ПН ВТ</b> <alpha=#66>СР ЧТ ПТ СБ <b><alpha=#FF>ВС</b>"
    },
    {
      "id": "mainui_exp_dungeon_8_title",
      "content": "Фарм светяшке))) №7 (колющий)"
    },
    {
      "id": "mainui_exp_dungeon_8_open_day",
      "content": "Фарм светяшке))) №7 (на колющий урон) открывается в среду, четверг и воскресенье.\n\n<alpha=#66>ПН ВТ <b><alpha=#FF>СР ЧТ</b> <alpha=#66>ПТ СБ <b><alpha=#FF>ВС</b>"
    },
    {
      "id": "mainui_exp_dungeon_9_title",
      "content": "Фарм светяшке))) №7 (дробящий)"
    },
    {
      "id": "mainui_exp_dungeon_9_open_day",
      "content": "Фарм светяшке))) №7 (на дробящий урон) открывается в пятницу, субботу и воскресенье.\n\n<alpha=#66>ПН ВТ СР ЧТ <b><alpha=#FF>ПТ СБ ВС</b>"
    },
    {
      "id": "mainui_default_personality_blocked",
      "content": "Базовый балбес недоступен"
    },
    {
      "id": "mainui_change_personality_of_character",
      "content": "Необходима смена айдишки для {0}. В меню поддержки добавлены айдишки."
    },
    {
      "id": "caution",
      "content": "! ХУЙ !"
    },
    {
      "id": "announcer_spoiler_caution",
      "content": "Шизофреник, которого вы собираетесь получить,\nсодержит спойлеры к канто, которое вы еще не прошли. (<color=#990000><{0}-{1}></color>)\n\nЖелаете просмотреть приветствие?"
    },
    {
      "id": "mass_announcer_spoiler_caution",
      "content": "Среди наград вас ожидает Шизофреник,\nсодержащий спойлеры к канто,\nкоторое вы еще не прошли.\n\nЖелаете получить награды?"
    },
    {
      "id": "select_all",
      "content": "Выбрать все"
    },
    {
      "id": "deselect_all",
      "content": "Отменить выбор"
    },
    {
      "id": "story_voice_setting_ui_title",
      "content": "Настройки озвучки историй"
    },
    {
      "id": "story_voice_setting_ui_desc",
      "content": "(Временное описание) Выбор на наличие озвучки в историях.\n<alpha=#22>Кажется, так.<alpha=#FF ›"
    },
    {
      "id": "vending_machine_item_available_date_label",
      "content": "Можно приобрести за эгосколки после {1}.{0} {2} ({3})."
    },
    {
      "id": "gacha_notice_vending_available_date",
      "content": "Сезонные айдишки станут доступны\nдля приобретения за эгосколки после {1}.{0} {2} ({3})."
    },
    {
      "id": "gacha_notice_vending_available_date_v2",
      "content": "Сезонное ЭГО станет доступно\nдля приобретения за эгосколки после {1}.{0} {2} ({3})."
    },
    {
      "id": "gacha_notice_vending_available_date_v3",
      "content": "Сезонные айдишки и ЭГО станут доступны\nдля приобретения за эгосколки после {1}.{0} {2} ({3})."
    },
    {
      "id": "mini_story_warning_spoiler_checkbox_desc",
      "content": "Больше не показывать это окно"
    },
    {
      "id": "mainui_settings_push_notification",
      "content": "Разрешить уведомления"
    },
    {
      "id": "paid_lunacy_ui",
      "content": "Платные примогемы"
    },
    {
      "id": "story_unable_to_skip",
      "content": "Эту хуйню нельзя пропустить"
    },
    {
      "id": "remote_download_quit_game",
      "content": "Новый контент был добавлен.\nВы отправляетесь в бан."
    },
    {
      "id": "mainui_settings_battle_speech",
      "content": "Субтитры в бою"
    },
    {
      "id": "unable_to_upgrade_sync_level_by_main_story_1",
      "content": "Ур. связи\nповышается после\nI Песни"
    },
    {
      "id": "unable_to_upgrade_sync_level_by_main_story_2",
      "content": "Ур. связи\nповышается после\nII Песни"
    },
    {
      "id": "exp_dungeon_opened_desc",
      "content": "Фарм светяшке))) был разблокирован"
    },
    {
      "id": "abnormality_tutorial_battle_participate_desc",
      "content": "Выберите 5 балбесов для этой битвы"
    },
    {
      "id": "thread_dungeon_opened_desc",
      "content": "Фарм светяшке))) был разблокирован"
    },
    {
      "id": "mirror_dungeon_opened_desc",
      "content": "Угольные шахмы были разблокированы"
    },
    {
      "id": "ego_gift_combine_explain_title",
      "content": "Мамины рецепты"
    },
    {
      "id": "ego_gift_combine_explain_label_keyword",
      "content": "<voffset=-0.1em>Эффекты</voffset>"
    },
    {
      "id": "ego_gift_combine_explain_label_attack_type",
      "content": "Тип атаки"
    },
    {
      "id": "ego_gift_combine_explain_label_etc",
      "content": "Другое"
    },
    {
      "id": "ego_gift_combine_explain_button_label",
      "content": "Мамины рецепты"
    },
    {
      "id": "ego_gift_combine_explain_no_item_list",
      "content": "Нет связанных рецептов от мамы"
    },
    {
      "id": "ego_gift_combine_explain_required_label",
      "content": "{1} из {0}"
    },
    {
      "id": "attendance_event_s6_desc",
      "content": "Получайте награды за вход во время ивента.\n\nСоберите все 14 наград для получения всех наград."
    },
    {
      "id": "formation_none_selected_desc",
      "content": "Вы не выбрали балбесов\n\nВыберите балбесов, чтобы изменить их порядок"
    },
    {
      "id": "ego_gift_category_current_theme",
      "content": "Особый рецепт от мамы для темы"
    },
    {
      "id": "mainui_exp_dungeon_10_title",
      "content": "Фарм светяшке))) #8 (Рубящий)"
    },
    {
      "id": "mainui_exp_dungeon_10_open_day",
      "content": "Фарм светяшке))) #8 (Рубящий) открывается в ПОН, ВТОР, и ВОСКРЕС."
    },
    {
      "id": "mainui_exp_dungeon_11_title",
      "content": "Фарм светяшке))) #8 (Пронзающий)"
    },
    {
      "id": "mainui_exp_dungeon_11_open_day",
      "content": "Фарм светяшке))) #8 (Пронзающий) открывается в СРЕ, ЧЕТ, и ВОСКРЕС."
    },
    {
      "id": "mainui_exp_dungeon_12_title",
      "content": "Фарм светяшке))) #8 (Дробящий)"
    },
    {
      "id": "mainui_exp_dungeon_12_open_day",
      "content": "Светодобыча опыта #8 (Дробящий) открывается в ПЯТ, СУБ, и ВОСКРЕС."
    },
    {
      "id": "mainui_notice_download_failed",
      "content": "Не удалось загрузить информацию. Проверьте подключение к интернету."
    },
    {
      "id": "mainui_settings_show_importance_level_UI",
      "content": "Замечания о ключевых механиках противников"
    },
    {
      "id": "mainui_settings_battle_result_announcer",
      "content": "Давать комментаторам закончить фразу в конце боя"
    },
    {
      "id": "jiaxicun_level",
      "content": "Hierarch Level"
    }
  ]
}
