{
  "dataList": [
    {
      "id": "OnWinDuelAsParryingCountMultiplyAndPlusPercent",
      "add": "Повышается в победе в столкновении в зависимости от числа Комбо\n(Базовое число: {0}, повышается на {1}% за каждое Комбо после 1)",
      "min": "Понижается в победе в столкновении в зависимости от числа Комбо\n(Базовое число: {0}, повышается на {1}% за каждое Комбо после 1)"
    },
    {
      "id": "OnKillEnemyAsLevelRatioMultiply",
      "add": "Если уровень побежденного противника выше своего уровня, повышается в зависимости от разницы в уровне\n(Базовое число: {0}, повышается на {0} за уровень)",
      "min": "Если уровень побежденного противника выше своего уровня, понижается в зависимости от уровня\n(Базовое число: {0}, повышается на {0} за уровень)"
    },
    {
      "id": "OnKillEnemyByOtherAllyAsLevelRatioMultiply",
      "add": "Если уровень побежденного союзником противника выше своего уровня, повышается в зависимости от разницы в уровне\n(Базовое число: {0}, повышается на {0} за уровень)",
      "min": "Если уровень побежденного союзником противника выше своего уровня, понижается в зависимости от уровня\n(Базовое число: {0}, повышается на {0} за уровень)"
    },
    {
      "id": "OnLoseDuelAsParryingCountMultiplyAndPlusPercent",
      "add": "Повышается в поражении в столкновении в зависимости от числа Комбо\n(Базовое число: {0}, повышается на {1}% за каждое Комбо после 1)",
      "min": "Понижается в поражении в столкновении в зависимости от числа Комбо\n(Базовое число: {0}, повышается на {1}% за каждое Комбо после 1)"
    },
    {
      "id": "OnDieAllyAsLevelRatio",
      "add": "Если уровень поверженного союзника выше уровня противника, повышается в зависимости от разницы в уровне\n(Базовое число: {0}, повышается на {0} за уровень)",
      "min": "Если уровень поверженного союзника выше уровня противника, понижается в зависимости от уровня\n(Базовое число: {0}, повышается на {0} за уровень)"
    },
    {
      "id": "OnRoundStartAfterEvent",
      "add": "Сила духа повышается на {0} в начале хода",
      "min": "Сила духа понижается на {0} в начале хода"
    },
    {
      "id": "OnKillEnemyMp",
      "add": "Сила духа повышается на {0} при убийстве противника независимо от его уровня",
      "min": "Сила духа понижается на {0} при убийстве противника независимо от его уровня"
    },
    {
      "id": "OnDieAllyMp",
      "add": "Сила духа повышается на {0} при смерти союзника независимо от его уровня",
      "min": "Сила духа понижается на {0} при смерти союзника независимо от его уровня"
    },
    {
      "id": "OnKillEnemyByOtherAllyExceptSupportiveAction",
      "add": "Сила духа повышается на {0}, если союзник побеждает противника с бо́льшим уровнем",
      "min": "Сила духа понижается на {0}, если союзник побеждает противника с бо́льшим уровнем Понижение не происходит, если противник был повержен <sprite name=\"CoverAttack\"><color=#9f6a3a><u><link=\"CoverAttack\">Вспомогательной атакой</link></u></color>"
    },
    {
      "id": "OnDieBladeLineageAlly",
      "add": "Сила духа повышается на {0} при смерти союзника из Родословной MTL независимо от его уровня",
      "min": "Сила духа понижается на {0} при смерти союзника из Родословной MTL независимо от его уровня"
    },
    {
      "id": "OnWinDuelLessMpTarget",
      "add": "Сила духа повышается на {0} при победе в столкновении против цели с более низкой силой духа",
      "min": "Сила духа понижается на {0} при победе в столкновении против цели с более низкой силой духа"
    },
    {
      "id": "OnLoseDuelLessMpTarget",
      "add": "Сила духа повышается на {0} при поражении в столкновении против цели с более низкой силой духа",
      "min": "Сила духа понижается на {0} при поражении в столкновении против цели с более низкой силой духа"
    },
    {
      "id": "OnKillEnemyByOtherAlly",
      "add": "Сила духа повышается на {0} после того, как союзник побеждает противника, независимо от его уровня",
      "min": "Сила духа понижается на {0} после того, как союзник побеждает противника, независимо от его уровня"
    },
    {
      "id": "OnWinDuelAnyTarget",
      "add": "Сила духа повышается на {0} при победе в столкновении",
      "min": "Сила духа понижается на {0} при поражении в столкновении"
    },
    {
      "id": "OnLoseDuelAnyTarget",
      "add": "Сила духа повышается на {0} при поражении в столкновении",
      "min": "Сила духа понижается на {0} при поражении в столкновении"
    },
    {
      "id": "OnWinDuelAsParryingCountMultiplyAndPlusPercentWithMax",
      "add": "Increases after winning a Clash based on the Clash count\n<size=95%>(Base Value is {0}, raised by {1}% per Clash count after 1; max {2}%)</size>",
      "min": "Decreases after winning a Clash based on the Clash count\n<size=95%>(Base Value is {0}, raised by {1}% per Clash count after 1; max {2}%)</size>"
    },
    {
      "id": "OnWinDuelAsParryingCountMultiplyAndPlusPercentWithEmphasis",
      "add": "Increases after winning a Clash based on the Clash count\n<size=95%>(Base Value is {0}, raised by <color=red>{1}%</color> per Clash count after 1)</size>",
      "min": "Decreases after winning a Clash based on the Clash count\n<size=95%>(Base Value is {0}, raised by <color=red>{1}%</color> per Clash count after 1)</size>"
    },
    {
      "id": "OnLoseDuelAsParryingCountMultiplyAndPlusPercentWithEmphasis",
      "add": "Increases after losing a Clash based on the Clash count\n<size=95%>(Base Value is {0}, raised by <color=red>{1}%</color> per Clash count after 1)</size>",
      "min": "Decreases after losing a Clash based on the Clash count\n<size=95%>(Base Value is {0}, raised by <color=red>{1}%</color> per Clash count after 1)</size>"
    },
    {
      "id": "OnTakeAttackDamagePerWithMax",
      "add": "<color=red>Increases when hit by an enemy\n<size=95%>(Base Value is {0}, raised by up to {1} per Turn)</size></color>",
      "min": "<color=red>Decreases when hit by an enemy\n<size=95%>(Base Value is {0}, raised by up to {1} per Turn)</size></color>"
    },
    {
      "id": "OnWinDuelAsParryingCountMultiplyAndPlusPercentIfMpNotLessThan",
      "add": "At {2} or higher SP, increases after winning a Clash based on the Clash count\n<size=95%>(Base Value is {0}, raised by {1}% per Clash count after 1)</size>",
      "min": "At {2} or higher SP, decreases after winning a Clash based on the Clash count\n<size=95%>(Base Value is {0}, raised by {1}% per Clash count after 1)</size>"
    },
    {
      "id": "OnWinDuelAsParryingCountMultiplyAndPlusPercentIfMpNotLessThanWithEmphasis",
      "add": "<color=red>At {2} or higher SP,</color> increases after winning a Clash based on the Clash count\n<size=95%>(Base Value is {0}, raised by <color=red>{1}%</color> per Clash count after 1)</size>",
      "min": "<color=red>At {2} or higher SP,</color> decreases after winning a Clash based on the Clash count\n<size=95%>(Base Value is {0}, raised by <color=red>{1}%</color> per Clash count after 1)</size>"
    }
  ]
}