{
  "dataList": [
    {
      "id": "mirror_dungeon_detect_theme_pack_button",
      "content": "Поиск"
    },
    {
      "id": "mirror_dungeon_detect_theme_pack_list_popup_title_format",
      "content": "Искать сборники тем для {0} Этажа"
    },
    {
      "id": "mirror_dungeon_detect_theme_pack_comfirm_modal_desc_format",
      "content": "Тема \"{0}\" будет заменена на \"{1}\""
    },
    {
      "id": "combineUI_enableStarlight",
      "content": "Загадать на картах таро"
    },
    {
      "id": "combineUI_enableStarlight_confirm_desc",
      "content": "Потратить 5 Благославления звезд для повышения шанся слияния?"
    },
    {
      "id": "side_title_not_enough_starlight",
      "content": "Недостаточно Благославления звезд."
    },
    {
      "id": "side_title_not_use_starlight",
      "content": "Невозможно потратить Благославление звезд."
    },
    {
      "id": "side_desc_is_fixed_combine_egogift",
      "content": "Слияние ЭГО Дара гарантировано"
    },
    {
      "id": "mirror_dungeon_detect_theme_pack_side_popup_already_in_pool",
      "content": "Уже доступно."
    },
    {
      "id": "mirror_dungeon_detect_theme_pack_side_popup_locked_by_unlockcode_1",
      "content": "Сначала должы быть выполнены условия разблокировки"
    },
    {
      "id": "mirror_dungeon_detect_theme_pack_side_popup_locked_by_unlockcode_2_format",
      "content": "ЕБАШЬ КАНТО {0}"
    },
    {
      "id": "mirror_dungeon_detect_theme_pack_side_popup_passed_pack",
      "content": "Ты уже выбирал эту тему еблан"
    },
    {
      "id": "mirror_dungeon_detect_theme_pack_not_enough_point",
      "content": "Нехватает Благославления звезд для просмотра тем"
    },
    {
      "id": "mirrordungeon_theme_hard_blocked_6",
      "content": "ЕБАШЬ КАНТО 7"
    },
    {
      "id": "mirrordungeon_theme_difficulty_button_no_hard_data",
      "content": "Сложность \"АЙ БОЛЬНО В ПОПЕ\" станет доступна позже"
    },
    {
      "id": "on_click_mirrordungeon_theme_list_hard_button",
      "content": "неа."
    },
    {
      "id": "mirror_start_buff_unavailable_purchase",
      "content": "Нехватает Звездного благославления"
    },
    {
      "id": "mirror_start_buff_unavailable_purchase_modal_title",
      "content": "Нехватает Звездного благославления"
    },
    {
      "id": "mirror_start_buff_purchase_modal_left_cost",
      "content": "Оставшееся"
    },
    {
      "id": "mirror_start_buff_purchase_modal_desc_md6_toggle_on",
      "content": "Превращает все оставшееся Благославление звезд в Стоимость после подтверждения.\n\n※ Звездное благославление на руках не\nбудет превращено."
    },
    {
      "id": "mirror_start_buff_purchase_modal_desc_md6_toggle_off",
      "content": "Непотраченное Звездное благославление будет\nвключено в награды после завершения экспедиции."
    },
    {
      "id": "mirror_theme_list_pack_tag_not_selectable",
      "content": "Нельзя выбрать"
    },
    {
      "id": "mirror_theme_list_pack_tag_required_extra_point",
      "content": "Особые"
    },
    {
      "id": "side_desc_is_already_success_percent",
      "content": "Прогноз слияния не может превышать 100%"
    },
    {
      "id": "side_desc_is_all_collect_egogift",
      "content": "Шанс случайного ЭГО Дара"
    },
    {
      "id": "mirrordungeon_infinity_open_condition_no_have_infinity_data",
      "content": "На заводе..."
    },
    {
      "id": "mirror_dungeon_progress_text_6",
      "content": "Мир скайрима\nЭтаж {0}"
    },
    {
      "id": "mirror_dungeon_available_starlight",
      "content": "Доступно"
    },
    {
      "id": "mirrordungeon_starlight_personality_button_label",
      "content": "Постоянный бонус"
    },
    {
      "id": "mirrordungeon_starlight_personality_title",
      "content": "Постоянный бонус"
    },
    {
      "id": "mirrordungeon_starlight_personality_desc",
      "content": "В течение срока хранения Звездные бонусы этих идентичностей не будут потрачены на прохождение Зеркального подземелья."
    },
    {
      "id": "combine_egogift_not_allow",
      "content": "Нельзя выбрать"
    },
    {
      "id": "number_of_cleared_hard_floors",
      "content": "Пройдено этажей на сложности \"АЙ БОЛЬНО В ПОПЕ\""
    },
    {
      "id": "mirror_starlight_unlock_condition_lack_of_current_point",
      "content": "Нехватает Благославления звезд"
    },
    {
      "id": "mirror_starlight_unlock_condition_needs_held_buff_points",
      "content": "При {0} и более Благославления звезд"
    },
    {
      "id": "mirror_cleared_floor_count_over_6",
      "content": "Этажи параллельной суперпозиции пройдены"
    },
    {
      "id": "mirror_cleared_railway_theme_pack_count",
      "content": "Темы Ж/Д Преломления пройдены"
    },
    {
      "id": "mirror_dungeon_start_buff_Panel_title_md6",
      "content": "Благославление Вечной звезды"
    },
    {
      "id": "mirror_dungeon_start_buff_card_enhancement",
      "content": "Повысить Благославление звезд"
    },
    {
      "id": "mirror_user_starlight_buff",
      "content": "Благославление звезд"
    },
    {
      "id": "mirror_unobservable_egogift_reason",
      "content": "Невозможно изучить"
    },
    {
      "id": "mirror_unobservable_egogift_reason_is_owned",
      "content": "Уже спизжено"
    },
    {
      "id": "mirror_start_buff_purchase_modal_check_box",
      "content": "Превратить Благославление звезд в Стоимость?"
    },
    {
      "id": "mirrordungeon_additional_reserved_starlight_from_startBuff",
      "content": "Неиспользованное Благославление звезд было добавлено к наградам"
    },
    {
      "id": "mirror_starlight_result_base_point",
      "content": "По умолчанию"
    },
    {
      "id": "mirror_starlight_result_formation_bonus",
      "content": "Итоговое благославление"
    },
    {
      "id": "mirror_starlight_result_battle_reward_card",
      "content": "Спизжено"
    },
    {
      "id": "mirror_starlight_result_consumed_points_on_start",
      "content": "Стартового Благославления звезд проебано"
    },
    {
      "id": "mirror_starlight_result_dungeon_play_point",
      "content": "Ваш долг"
    },
    {
      "id": "mirror_starlight_result_formation_bonus_multiplier",
      "content": "Множитель благославления команды"
    },
    {
      "id": "mirror_starlight_result_consumed_during_dungeon_play",
      "content": "Проебано в шахтах"
    },
    {
      "id": "mirror_starlight_result_owned_before_enter_dungeon",
      "content": "Резерв"
    },
    {
      "id": "mirror_starlight_result_reward_point",
      "content": "Награда"
    },
    {
      "id": "mirror_starlight_result_total_owned_point_after_dungeon_play",
      "content": "Имеющееся количество"
    },
    {
      "id": "mirror_starlight_result_tooltip_button",
      "content": "Детали"
    },
    {
      "id": "mirror_starlight_result_consumed_points_on_start_tooltip_title",
      "content": "Стартового Благославления звезд потрачено"
    },
    {
      "id": "mirror_starlight_result_consumed_points_on_start_tooltip_item_purchased",
      "content": "Выбранные усиления"
    },
    {
      "id": "mirror_starlight_result_consumed_points_on_start_tooltip_item_converted_to_cost",
      "content": "Превращено в Стоимость"
    },
    {
      "id": "mirror_starlight_result_dungeon_play_point_tooltip_title",
      "content": "Детали счета"
    },
    {
      "id": "mirror_starlight_result_dungeon_play_point_tooltip_item_cleared_floor",
      "content": "Пройдено этажей"
    },
    {
      "id": "mirror_starlight_result_dungeon_play_point_tooltip_item_hard_difficulty",
      "content": "Сложность \"АЙ В ПОПЕ БОЛЬНО\""
    },
    {
      "id": "mirror_starlight_result_dungeon_play_point_tooltip_item_railway_theme_pack",
      "content": "Тема Ж/Д Преломления"
    },
    {
      "id": "mirror_starlight_result_formation_bonus_multiplier_tooltip_title",
      "content": "Множитель благославления команды"
    },
    {
      "id": "mirror_starlight_result_formation_bonus_multiplier_tooltip_item_desc",
      "content": "※ Округляется вниз"
    },
    {
      "id": "mirror_starlight_result_consumed_during_dungeon_play_tooltip_title",
      "content": "Потрачено в экспедиции"
    },
    {
      "id": "mirror_starlight_result_formation_bonus_multiplier_tooltip_item_detect_theme_pack",
      "content": "Обзор на тему"
    },
    {
      "id": "mirror_starlight_result_formation_bonus_multiplier_tooltip_item_combine_ego_gift",
      "content": "Загадать"
    },
    {
      "id": "mirror_starlight_result_formation_total_consumed_point",
      "content": "Сумма расходов"
    },
    {
      "id": "mirror_hard_recommended_level_popup_desctiption",
      "content": "Текущий средний уровень выбранных Идентичностей <color=#990000>ниже</color> рекомендованного.\nПродолжить?"
    },
    {
      "id": "mirror_hard_recommended_level_popup_detail_desctiption",
      "content": "Текущий средний уровень: {0}\n<color=#f8c200>Рекомендованный: {1}</color>"
    },
    {
      "id": "mirror_observation_ego_gift_select_list",
      "content": "Выбранный ЭГО Дар"
    },
    {
      "id": "mirror_observation_ego_gift_title",
      "content": "Поиск ЭГО Даров"
    },
    {
      "id": "mirror_observation_ego_gift_confirm",
      "content": "Выбор"
    },
    {
      "id": "mirror_observation_have_starlight",
      "content": "На руках"
    },
    {
      "id": "mirror_dungeon_ask_give_up_ego_gift_observation",
      "content": "Продолжить без этого?"
    },
    {
      "id": "mirror_dungeon_ask_confirm_ego_gift_observation",
      "content": "Потратить {0} Благославение звезд на получение этих ЭГО Даров?"
    },
    {
      "id": "mirror_dungeon_observation_filter_reset",
      "content": "Сброс"
    },
    {
      "id": "mirror_starlight_result_formation_bonus_multiplier_tooltip_item_detect_egogift",
      "content": "Поиск ЭГО Даров"
    },
    {
      "id": "mirror_observation_ego_gift_title_toggle",
      "content": "Активировать поиск\nЭГО Даров"
    },
    {
      "id": "mirror_observation_lack_starlight_title",
      "content": "Недостаточно Звездного\nблагословения"
    },
    {
      "id": "mirror_observation_lack_starlight_desc",
      "content": "Недостаточно Звездного благословения на это"
    },
    {
      "id": "mirror_dungeon_finished_panel_selected_startBuff",
      "content": "Выбранное Благословение звезд"
    },
    {
      "id": "mirror_dungeon_finished_panel_not_selected_startBuff",
      "content": "Не выбрано благословление звезд"
    },
    {
      "id": "InfinityFloor_Extreme_CheckEnter_Modal_Title",
      "content": "Parallel Superposition EXTREME"
    },
    {
      "id": "InfinityFloor_Extreme_CheckEnter_Modal_Desc",
      "content": "You can enter the EXTREME Mode.\n\nEnter the EXTREME Mode and proceed to the next floor?"
    },
    {
      "id": "mirror_constrain_buff",
      "content": "Adversity"
    },
    {
      "id": "mirror_constraint_button",
      "content": "Challenge"
    },
    {
      "id": "mirror_select_constraint_title",
      "content": "Set Adversities"
    },
    {
      "id": "mirror_select_constraint_slot_achievement",
      "content": "Completed"
    },
    {
      "id": "mirror_select_constraint_slot_unachieved",
      "content": "Incomplete"
    },
    {
      "id": "mirror_select_constraint_slot_reward_title",
      "content": "Adversity Rewards"
    },
    {
      "id": "mirror_hidden_stage_information_quit_button",
      "content": "Forfeit"
    },
    {
      "id": "mirror_hidden_stage_information_enter_button",
      "content": "Enter"
    },
    {
      "id": "mirror_finished_panel_battle_pass_exp_label_name_format",
      "content": "Season {0} Battle Pass"
    },
    {
      "id": "mirror_finished_panel_exp_reward_label",
      "content": "Reward"
    },
    {
      "id": "mirror_finished_panel_mirror_pass_exp_reward_label_name_format",
      "content": "Mirror of Immortality Projection"
    },
    {
      "id": "mirror_finished_panel_constraint_bonus_starlight",
      "content": "Adversity Bonus"
    },
    {
      "id": "mirror_finished_panel_constraint_bonus_starlight_tooltip_title",
      "content": "Adversity Bonus Mult."
    },
    {
      "id": "mirror_finished_panel_constraint_bonus_starlight_tooltip_desc",
      "content": "Adversity Score"
    },
    {
      "id": "mirror_dungeon_reward_popup_exp_limit",
      "content": "Еженедельный бонус ачивок"
    },
    {
      "id": "mirror_dungeon_reward_popup_mirror_pass_exp",
      "content": "{0} Pass EXP"
    },
    {
      "id": "mirror_finished_panel_mirror_pass_detail_default",
      "content": "Default"
    },
    {
      "id": "mirror_finished_panel_mirror_pass_detail_infinite",
      "content": "Parallel Superposition"
    },
    {
      "id": "mirror_finished_panel_mirror_pass_detail_constraint_bonus",
      "content": "Adversity Bonus"
    },
    {
      "id": "mirror_finished_panel_mirror_pass_detail_weekly_limit",
      "content": "Weekly Cap Reached"
    },
    {
      "id": "mirror_finished_panel_mirror_pass_detail_total",
      "content": "Sum"
    },
    {
      "id": "mirror_finished_panel_mirror_pass_detail_weekly_limit_tag",
      "content": "Weekly Cap"
    },
    {
      "id": "mirror_finished_panel_constraint_section_title",
      "content": "Selected Adversities"
    },
    {
      "id": "mirror_finished_panel_enemy_buff_section_title",
      "content": "Selected Trials"
    },
    {
      "id": "mirror_dungeon_select_constraint_accumulated_score",
      "content": "Cumulative Adversity Score"
    },
    {
      "id": "mirror_dungeon_progress_popup_reward_preview_button",
      "content": "Прогресс\nпо подвалу"
    },
    {
      "id": "mirror_dungeon_finished_panel_preview_version_confirm_button",
      "content": "Close"
    },
    {
      "id": "mirror_dungeon_finished_panel_preview_version_title",
      "content": "Exploring"
    },
    {
      "id": "mirror_dungeon_finished_panel_preview_version_last_sector_label",
      "content": "Current Area"
    },
    {
      "id": "mirror_dungeon_finished_panel_preview_version_progress_percent_label",
      "content": "Current Progress"
    },
    {
      "id": "mirror_dungeon_ask_after_defeat_return_title",
      "content": "Return to Stage Select"
    },
    {
      "id": "mirror_dungeon_ask_after_defeat_return_desc",
      "content": "Return to the Stage Select menu.\nYou can adjust your Deployment order before entering this Section again."
    },
    {
      "id": "mirror_dungeon_ask_after_defeat_retry_title",
      "content": "Retry Stage"
    },
    {
      "id": "mirror_dungeon_ask_after_defeat_retry_desc",
      "content": "Retry Stage and start over from the first wave of the Stage.\nYour Deployment order will not be changed."
    },
    {
      "id": "mirror_dungeon_ask_after_defeat_accept_title",
      "content": "Accept results and return to Stage select"
    },
    {
      "id": "mirror_dungeon_ask_after_defeat_accept_desc",
      "content": "Accept the current battle results such as Sinner deaths, and return to the Stage select menu."
    },
    {
      "id": "mirror_dungeon_ask_after_defeat_current_floor",
      "content": "Floor In Progress"
    },
    {
      "id": "mirror_dungeon_ask_after_defeat_desc",
      "content": "All participating Sinners have been killed."
    },
    {
      "id": "mirror_dungeon_ask_after_defeat_remain_unit_desc",
      "content": "Remaining Units:"
    }
  ]
}