﻿{
  "dataList": [
    {
      "id": "mirrordungeon_product_list",
      "content": "Каталог"
    },
    {
      "id": "ego_gift_list",
      "content": "ЭГО Дары на руках"
    },
    {
      "id": "normal_difficulty",
      "content": "Обычное"
    },
    {
      "id": "hard_difficulty",
      "content": "Сложное"
    },
    {
      "id": "start_buffs",
      "content": "Стартовые усиления"
    },
    {
      "id": "enter_normal_difficulty",
      "content": "Войти в обычное подземелье"
    },
    {
      "id": "enter_hard_difficulty",
      "content": "Войти в усложненное подземелье"
    },
    {
      "id": "list_of_applied_effects",
      "content": "Активные эффекты"
    },
    {
      "id": "activation_complete",
      "content": "Активировано"
    },
    {
      "id": "lack_of_points",
      "content": "Недостаточно Света звезд"
    },
    {
      "id": "require_to_activate_former_buffs",
      "content": "Необходимо активировать предыдущее усиление."
    },
    {
      "id": "weekly_bonus_reward",
      "content": "Недельный бонус"
    },
    {
      "id": "hard_dungeon_reward",
      "content": "Награды за усложненный режим"
    },
    {
      "id": "dungeon_shop_return_title",
      "content": "Назад."
    },
    {
      "id": "dungeon_shop_return_desc",
      "content": "Перейти в магазин"
    },
    {
      "id": "dungeon_shop_heal_title_one",
      "content": "Я куплю дорогой тоник."
    },
    {
      "id": "dungeon_shop_heal_desc_one_hp_perc_mp_int",
      "content": "Выбранный Балбес восстановит {0}% HP и {1} SP"
    },
    {
      "id": "dungeon_shop_heal_title_all",
      "content": "Я куплю энергетики на всю команду."
    },
    {
      "id": "dungeon_shop_heal_desc_all_hp_perc_mp_int",
      "content": "Все Балбесы восстановят {0}% HP и {1} SP"
    },
    {
      "id": "dungeon_shop_purchase_title",
      "content": "Покупка."
    },
    {
      "id": "dungeon_shop_change_formation_title",
      "content": "Среди хлама, я подберу осколок зеркала."
    },
    {
      "id": "dungeon_shop_change_formation_desc",
      "content": "Получение нового Балбеса или ЭГО в свою команду"
    },
    {
      "id": "dungeon_shop_heal_character",
      "content": "Вылечить Балбесов"
    },
    {
      "id": "dungeon_shop_change_formation",
      "content": "Команда"
    },
    {
      "id": "dungeon_shop_upgrade_personality",
      "content": "Изменение навыка для {0}"
    },
    {
      "id": "dungeon_shop_upgrade_personality_0_title",
      "content": "Я скромно заплачу."
    },
    {
      "id": "dungeon_shop_upgrade_personality_1_title",
      "content": "Можно скинуться и подороже."
    },
    {
      "id": "dungeon_shop_upgrade_personality_2_title",
      "content": "Мне никаких денег не жалко."
    },
    {
      "id": "dungeon_shop_upgrade_personality_desc",
      "content": "Заменить [навык {2} - {0}] Идентичности на [{3} - {1}]"
    },
    {
      "id": "dungeon_shop_out",
      "content": "Уйти"
    },
    {
      "id": "mirrordungeon_2_hard_open_at",
      "content": "Для открытия необходимо пройти Зеркало зеркал на обычной сложности"
    },
    {
      "id": "mirrordungeon_with_number",
      "content": "Зеракальное подземелье №{0}"
    },
    {
      "id": "mirrordungeon_select_buffs_title",
      "content": "Выбрать стартовые усиления"
    },
    {
      "id": "acquire_additional_rewards",
      "content": "Получить дополнительные награды"
    },
    {
      "id": "mirrordungeon_acquire_rewards_using_chance_desc",
      "content": "Желаете ли вы получить дополнительные награды, использовав [Недельный бонус] ?"
    },
    {
      "id": "mirrordungeon_acquire_rewards_not_using_chance_desc",
      "content": "Вы не использовали [Недельный бонус]. Уверены, что желаете получить награды без него?"
    },
    {
      "id": "mirrordungeon_acquire_rewards_no_chance_desc",
      "content": "Получить награду?"
    },
    {
      "id": "mirror_dungeon_start_buffs_chip_name",
      "content": "Свет звезд"
    },
    {
      "id": "mirror_dungeon_exit_without_acquire_rewards",
      "content": "Завершить экспедицию, не получив награду?"
    },
    {
      "id": "mirror_dungeon_buffs_title_1",
      "content": "Еще полшажочка"
    },
    {
      "id": "mirror_dungeon_buffs_title_2",
      "content": "Боевой дух"
    },
    {
      "id": "mirror_dungeon_buffs_title_3",
      "content": "Обнаружение слабостей"
    },
    {
      "id": "mirror_dungeon_buffs_title_4",
      "content": "Жажда идти вперед"
    },
    {
      "id": "mirror_dungeon_buffs_title_5",
      "content": "Фокус на слабостях"
    },
    {
      "id": "mirror_dungeon_buffs_title_6",
      "content": "Физическая подготовка"
    },
    {
      "id": "mirror_dungeon_buffs_title_7",
      "content": "Капля отчаяния"
    },
    {
      "id": "mirror_dungeon_buffs_title_8",
      "content": "Интенсивная подготовка"
    },
    {
      "id": "mirror_dungeon_buffs_title_9",
      "content": "Автогенез"
    },
    {
      "id": "mirror_dungeon_buffs_title_10",
      "content": "Слияние возможностей"
    },
    {
      "id": "mirror_dungeon_buffs_title_11",
      "content": "Лишь один карман"
    },
    {
      "id": "mirror_dungeon_buffs_title_12",
      "content": "Еще один шаг"
    },
    {
      "id": "mirror_dungeon_buffs_title_13",
      "content": "Случайное обретение"
    },
    {
      "id": "mirror_dungeon_buffs_title_14",
      "content": "Заметный карман"
    },
    {
      "id": "mirror_dungeon_buffs_title_15",
      "content": "Как за каменной стеной"
    },
    {
      "id": "mirror_dungeon_buffs_title_16",
      "content": "Быстрые ноги"
    },
    {
      "id": "mirror_dungeon_buffs_title_17",
      "content": "Резвость"
    },
    {
      "id": "mirror_dungeon_buffs_title_18",
      "content": "Ускользание от атаки"
    },
    {
      "id": "mirror_dungeon_buffs_title_19",
      "content": "Сильный дух"
    },
    {
      "id": "mirrordungeon_unable_to_purchase_buffs_when_running_dungeon",
      "content": "Вы не можете приобрести стартовые усиления, пока проходит экспедиция."
    },
    {
      "id": "mirrordungeon_resting_open",
      "content": "Отдохните как следует!\n\nЕсли желаете попытать счастья на встречу с кем-то, положите это на столик.\n\n- Хозяин супермаркета, ушел на поиски автомата в этом лабиринте"
    },
    {
      "id": "mirrordungeon_shop_open",
      "content": "Жужжание автомата наполняет воздух.\n\nОн знает, что нам нужно.\n\nКак и мы знаем, что нужно ему."
    },
    {
      "id": "mirrordungeon_resting_heal_title",
      "content": "Мы немного отдохнем."
    },
    {
      "id": "mirrordungeon_resting_heal_desc",
      "content": "Балбесы восстанавливают HP"
    },
    {
      "id": "mirrordungeon_resting_heal_desc_1",
      "content": "Выбранный Балбес восстановит {0}% HP"
    },
    {
      "id": "mirrordungeon_resting_heal_desc_2",
      "content": "Все Балбесы восстановят {0}% HP"
    },
    {
      "id": "mirrordungeon_resting_change_formation_title",
      "content": "Положить фрагмент на стол."
    },
    {
      "id": "mirrordungeon_resting_change_formation_desc",
      "content": "Взять в команду новую идентичность или ЭГО"
    },
    {
      "id": "hard_difficulty_en",
      "content": "Сложный"
    },
    {
      "id": "mirrordungeon_2_normal_open_at",
      "content": "Для открытия пройдите 4-54 и Зеркало начала"
    },
    {
      "id": "mirrordungeon_2_shop_stageinfo_title",
      "content": "Глухой жужжащий шум"
    },
    {
      "id": "mirrordungeon_2_shop_stageinfo_desc",
      "content": "Посреди коридоров, пустота которых вызывает мурашки, стоит автомат, и шум его наполняет это место.\n\nВнезапно, раздается голос: \"Дайте фрагменты света, и взамен получите то, что поможет вам в предстоящем пути.\"\n\nЭта загадочная штуковина привлекает меня."
    },
    {
      "id": "mirrordungeon_2_resting_stageinfo_title",
      "content": "Гробовая тишина"
    },
    {
      "id": "mirrordungeon_2_resting_stageinfo_desc",
      "content": "Вы можете забыть о боли в этой тишине,\nили найти того, с кем разделить эту боль."
    },
    {
      "id": "dungeon_resting_change_formation_title",
      "content": "Среди хлама, я подберу осколок зеркала."
    },
    {
      "id": "dungeon_resting_change_formation_desc",
      "content": "Взять в команду новую идентичность или ЭГО"
    },
    {
      "id": "dungeon_resting_heal_title_one",
      "content": "Я усажу самого утомленного Балбеса на стул."
    },
    {
      "id": "dungeon_resting_heal_title_all",
      "content": "Все Балбесы должны передохнуть."
    },
    {
      "id": "ego_gift_info",
      "content": "Информация об ЭГО Дарах"
    },
    {
      "id": "mirrordungeon_shop_gift_entrance",
      "content": "Меня привлекли странные, необычные штуковины."
    },
    {
      "id": "mirrordungeon_shop_gift_purchase",
      "content": "Что-то со стуком упало в устройство выдачи."
    },
    {
      "id": "mirrordungeon_reenter",
      "content": "Желаете приобрести что-нибудь еще?"
    },
    {
      "id": "mirrordungeon_shop_heal_one_who",
      "content": "К несчастью, в автомате осталась только одна бутыль дорогостоящего восстанавливающего тоника.\nКто же выпьет его?"
    },
    {
      "id": "mirrordungeon_shop_heal_one_answer",
      "content": "Похоже, тоник стоит своей цены.\nВыпивший его Балбес словно засиял, избавившись от накопившейся усталости."
    },
    {
      "id": "mirrordungeon_shop_heal_all_answer",
      "content": "Все же, я купил энергетики для каждого из Балбесов.\nПосле пробы кисло-сладкого напитка, Балбесы будто немного оживились."
    },
    {
      "id": "mirrordungeon_resting_heal_one_answer",
      "content": "Я позволил одному из Балбесов немного вздремнуть.\nВзглянув на дремавшего в конце передышки, я увидел человека, вновь полного сил."
    },
    {
      "id": "mirrordungeon_resting_heal_all_answer",
      "content": "Хотя всей команде было немного тесно,\nмы насладились долгожданным привалом."
    },
    {
      "id": "mirrordungeon_shop_heal_one_after",
      "content": "Хотя всей команде было немного тесно,\nмы насладились долгожданным привалом."
    },
    {
      "id": "mirrordungeon_shop_heal_one_who_right",
      "content": "Я выберу самого утомленного Балбеса"
    },
    {
      "id": "mirrordungeon_shop_upgrade_start_left",
      "content": "Неужели бесчисленное множество возможностей взаправду сокрыты в этом автомате?"
    },
    {
      "id": "dungeon_encounter_guide_mirror_shop",
      "content": "Магазин"
    },
    {
      "id": "dungeon_encounter_guide_mirror_select_event",
      "content": "Место для отдыха"
    },
    {
      "id": "dungeon_explore_floor",
      "content": "Экспедиция на {0}-м этаже"
    },
    {
      "id": "lack_of_point_for_shop",
      "content": "Недостаточно стоимости"
    },
    {
      "id": "mirrordungeon_select_less_character_at_start",
      "content": "Вы выбрали меньше Балбесов, чем можно взять.\nУверены, что желаете продолжить?"
    },
    {
      "id": "list_of_applied_effects_is_empty",
      "content": "Нет активных эффектов."
    },
    {
      "id": "give_up_rewards",
      "content": "Сдаться"
    },
    {
      "id": "mirror_dungeon_rewards_back_to_lobby_button",
      "content": "К окну"
    },
    {
      "id": "mirror_dungeon_rewards_back_to_lobby_desc",
      "content": "Желаете перейти к окну?\nВы сможете забрать награды за экспедицию в следующий раз, когда вернетесь к Зеркальным подземельям."
    },
    {
      "id": "mirror_dungeon_rewards_back_to_lobby_button_lobby",
      "content": "Вернуться"
    },
    {
      "id": "mirrordungeon_resting_heal_one_who",
      "content": "Здесь не так уж и много места.\nКому же выдастся возможность отдохнуть?"
    },
    {
      "id": "mirrordungeon_resting_heal_one_who_right",
      "content": "Я выберу самого утомленного Балбеса."
    },
    {
      "id": "mirror_dungeon_change_formation_release_character",
      "content": "Отменить выбор"
    },
    {
      "id": "mirrordungeon_exit_shop",
      "content": "Покинуть магазин?"
    },
    {
      "id": "mirrordungeon_exit_resting",
      "content": "Завершить передышку?"
    },
    {
      "id": "mirrordungeon_change_formation_confirm_less_participants",
      "content": "У вас еще есть место.\nВы точно собрали всю команду?"
    },
    {
      "id": "mirrordungeon_change_formation_confirm_exact_participants",
      "content": "Потратить стоимость на получение выбранных идентичностей и ЭГО?"
    },
    {
      "id": "mirror_dungeon_clear_battle_reward_label",
      "content": "Награда"
    },
    {
      "id": "mirror_dungeon_start_change_formation_but_button",
      "content": "Взять"
    },
    {
      "id": "mirror_dungeon_give_up_ego_gift",
      "content": "Отказаться от Дара"
    },
    {
      "id": "mirror_dungeon_give_up_ego_gift_ask",
      "content": "Продолжить, оставив ЭГО Дары позади?"
    },
    {
      "id": "mirror_dungeon_challenge_mode_description",
      "content": "Пока активирован режим Испытания, команда будет собрана случайным образом.\nПока вы не получите награду с этой командой, она не изменится.\nПроходя подзмелье в режиме Испытания, вы получите больше наград."
    },
    {
      "id": "mirror_dungeon_challenge_mode_ask",
      "content": "Активировать режим Испытания?"
    },
    {
      "id": "mirror_dungeon_challenge_mode",
      "content": "Испытание"
    },
    {
      "id": "mirror_dungeon_hard_require_condition_title",
      "content": "Рекоммендации"
    },
    {
      "id": "mirror_dungeon_hard_require_condition_level",
      "content": "- 40 уровень идентичностей"
    },
    {
      "id": "mirror_dungeon_hard_require_condition_ego_gacksung",
      "content": "- 3 уровень Связки ЭГО"
    },
    {
      "id": "mirror_dungeon_hard_require_condition_personality_gacksung",
      "content": "- 3 уровень Связи идентичностей"
    },
    {
      "id": "mirror_dungeon_hard_require_condition_start_buf",
      "content": "- Активация всех стартовых усилений"
    },
    {
      "id": "mirrordungeon_acquire_rewards_using_hard_using_chance_desc",
      "content": "Использовать все <color=#a16a3b>недельные бонусы</color> и <color=#ff0000>бонус к награде Усложненного режима</color> для получения наград?"
    },
    {
      "id": "mirrordungeon_acquire_rewards_using_hard_not_using_chance_desc",
      "content": "У вас остались <color=#a16a3b>недельные бонусы</color>.\n\nИспользовать только <color=#ff0000>бонус к награде Усложненного режима</color> для получения наград?"
    },
    {
      "id": "mirrordungeon_acquire_rewards_using_hard_no_chance_desc",
      "content": "Потратить <color=#ff0000>бонус к награде Усложненного режима</color> для получения наград?"
    },
    {
      "id": "mirrordungeon_acquire_rewards_not_using_hard_chance_using_chance_desc",
      "content": "У вас остался <color=#ff0000>бонус к награде Усложненного режима</color>.\n\nИспользовать только <color=#a16a3b>недельные бонусы</color> для получения наград?"
    },
    {
      "id": "mirrordungeon_acquire_rewards_not_using_hard_chance_not_using_chance_desc",
      "content": "У вас остались <color=#a16a3b>недельные бонусы</color> и <color=#ff0000>бонус к награде Усложненного режима</color>.\n\nСобрать награды без них?"
    },
    {
      "id": "mirrordungeon_acquire_rewards_not_using_hard_chance_no_chance_desc",
      "content": "У вас остался <color=#ff0000>бонус к награде Усложненного режима</color>.\n\nСобрать награды без него?"
    },
    {
      "id": "mirrordungeon_acquire_rewards_no_hard_chance_using_chance_desc",
      "content": "Потратить <color=#a16a3b>недельные бонусы</color> для получения наград?"
    },
    {
      "id": "mirrordungeon_acquire_rewards_no_hard_chance_not_using_chance_desc",
      "content": "У вас остались <color=#a16a3b>недельные бонусы</color>.\n\nПолучить награды без их использования?"
    },
    {
      "id": "mirrordungeon_acquire_rewards_no_hard_chance_no_chance_desc",
      "content": "Собрать все награды?"
    },
    {
      "id": "mirrordungeon_hard_no_reward_desc",
      "content": "<color=#ff0000>Награда за прохождение усложненного режима уже была получена.</color>"
    },
    {
      "id": "mirror_dungeon_3_buffs_title_1",
      "content": "Начало путешествия"
    },
    {
      "id": "mirror_dungeon_3_buffs_title_2",
      "content": "Использовать возможность"
    },
    {
      "id": "mirror_dungeon_3_buffs_title_3",
      "content": "На всякий случай"
    },
    {
      "id": "mirror_dungeon_3_buffs_title_4",
      "content": "Плоды трудов"
    },
    {
      "id": "mirror_dungeon_3_buffs_title_5",
      "content": "Ценный приз"
    },
    {
      "id": "mirror_dungeon_3_buffs_title_6",
      "content": "Новое открытие"
    },
    {
      "id": "mirror_dungeon_3_buffs_title_7",
      "content": "Военный трофей"
    },
    {
      "id": "mirror_dungeon_3_buffs_title_8",
      "content": "Больше — лучше"
    },
    {
      "id": "mirror_dungeon_3_buffs_title_9",
      "content": "Налаживание доверия"
    },
    {
      "id": "mirror_dungeon_3_buffs_title_10",
      "content": "Усердие"
    },
    {
      "id": "mirror_dungeon_3_buffs_title_11",
      "content": "Ценность имени"
    },
    {
      "id": "mirror_dungeon_3_buffs_title_12",
      "content": "Слава и подвиги"
    },
    {
      "id": "mirror_dungeon_3_buffs_title_13",
      "content": "Права"
    },
    {
      "id": "mirror_dungeon_3_buffs_title_14",
      "content": "Триумфальное возвращение"
    },
    {
      "id": "mirror_dungeon_3_buffs_title_15",
      "content": "Цели"
    },
    {
      "id": "mirror_dungeon_3_buffs_title_16",
      "content": "Готовность"
    },
    {
      "id": "mirror_dungeon_3_buffs_title_17",
      "content": "Дух двигаться вперед"
    },
    {
      "id": "mirror_dungeon_3_buffs_title_18",
      "content": "Физическая подготовка"
    },
    {
      "id": "md3_buffs_summaryDesc_101",
      "content": "Появление даров III ранга"
    },
    {
      "id": "md3_buffs_summaryDesc_1011",
      "content": "Появление высокоранговых даров с Огнем"
    },
    {
      "id": "md3_buffs_summaryDesc_1012",
      "content": "Появление высокоранговых даров с Кетчупом"
    },
    {
      "id": "md3_buffs_summaryDesc_1013",
      "content": "Появление высокоранговых даров с Тряской"
    },
    {
      "id": "md3_buffs_summaryDesc_1014",
      "content": "Появление высокоранговых даров с Зеленкой"
    },
    {
      "id": "md3_buffs_summaryDesc_1015",
      "content": "Появление высокоранговых даров с Депрессией"
    },
    {
      "id": "md3_buffs_summaryDesc_1016",
      "content": "Появление высокоранговых даров с Кумаром"
    },
    {
      "id": "md3_buffs_summaryDesc_1017",
      "content": "Появление высокоранговых даров с Солями"
    },
    {
      "id": "md3_buffs_summaryDesc_1018",
      "content": "Появление высокоранговых случайных даров"
    },
    {
      "id": "md3_buffs_summaryDesc_102",
      "content": "Появление даров IV+ ранга"
    },
    {
      "id": "md3_buffs_summaryDesc_1021",
      "content": "Появление высокоранговых даров"
    },
    {
      "id": "md3_buffs_summaryDesc_1022",
      "content": "Появление высокоранговых даров"
    },
    {
      "id": "md3_buffs_summaryDesc_1023",
      "content": "Появление высокоранговых даров"
    },
    {
      "id": "md3_buffs_summaryDesc_103",
      "content": "Дар на выбор +1"
    },
    {
      "id": "md3_buffs_summaryDesc_1031",
      "content": "Дар на выбор +1"
    },
    {
      "id": "md3_buffs_summaryDesc_104",
      "content": "Дар на выбор +1"
    },
    {
      "id": "md3_buffs_summaryDesc_1041",
      "content": "Дар с Огнем на выбор +1"
    },
    {
      "id": "md3_buffs_summaryDesc_1042",
      "content": "Дар с Кетчупом на выбор +1"
    },
    {
      "id": "md3_buffs_summaryDesc_1043",
      "content": "Дар с Тряской на выбор +1"
    },
    {
      "id": "md3_buffs_summaryDesc_1044",
      "content": "Дар с Зеленкой на выбор +1"
    },
    {
      "id": "md3_buffs_summaryDesc_1045",
      "content": "Дар с Депрессией на выбор +1"
    },
    {
      "id": "md3_buffs_summaryDesc_1046",
      "content": "Дар с Кумаром на выбор +1"
    },
    {
      "id": "md3_buffs_summaryDesc_1047",
      "content": "Дар с Солями на выбор +1"
    },
    {
      "id": "md3_buffs_summaryDesc_1048",
      "content": "Случайный дар на выбор +1"
    },
    {
      "id": "md3_buffs_summaryDesc_105",
      "content": "+50 стоимости в начале"
    },
    {
      "id": "md3_buffs_summaryDesc_1051",
      "content": "+50 стоимости в начале"
    },
    {
      "id": "md3_buffs_summaryDesc_1052",
      "content": "+50 стоимости в начале"
    },
    {
      "id": "md3_buffs_summaryDesc_1053",
      "content": "+50 стоимости в начале"
    },
    {
      "id": "md3_buffs_summaryDesc_106",
      "content": "3 новых дара"
    },
    {
      "id": "md3_buffs_summaryDesc_1061",
      "content": "2 новых дара с Огнем"
    },
    {
      "id": "md3_buffs_summaryDesc_1062",
      "content": "2 новых дара с Кетчупом"
    },
    {
      "id": "md3_buffs_summaryDesc_1063",
      "content": "2 новых дара с Тряской"
    },
    {
      "id": "md3_buffs_summaryDesc_1064",
      "content": "2 новых дара с Зеленкой"
    },
    {
      "id": "md3_buffs_summaryDesc_1065",
      "content": "2 новых дара с Утопнием"
    },
    {
      "id": "md3_buffs_summaryDesc_1066",
      "content": "2 новых дара с Кумаром"
    },
    {
      "id": "md3_buffs_summaryDesc_1067",
      "content": "2 новых дара с Зрядом"
    },
    {
      "id": "md3_buffs_summaryDesc_107",
      "content": "Больше стоимости за столкновения"
    },
    {
      "id": "md3_buffs_summaryDesc_1071",
      "content": "Больше стоимости за обычные столкновения"
    },
    {
      "id": "md3_buffs_summaryDesc_1072",
      "content": "Больше стоимости за фокусированные столкновения"
    },
    {
      "id": "md3_buffs_summaryDesc_1073",
      "content": "Больше стоимости за рискованные столкновения"
    },
    {
      "id": "md3_buffs_summaryDesc_1074",
      "content": "Больше стоимости за столкновение с боссом этажа"
    },
    {
      "id": "md3_buffs_summaryDesc_108",
      "content": "Дар для покупки +1"
    },
    {
      "id": "md3_buffs_summaryDesc_109",
      "content": "Скидк н обновление Магазина"
    },
    {
      "id": "md3_buffs_summaryDesc_1091",
      "content": "Скидк н обновление Магазина"
    },
    {
      "id": "md3_buffs_summaryDesc_1092",
      "content": "Шанс на бесплатное обновление"
    },
    {
      "id": "md3_buffs_summaryDesc_1093",
      "content": "Скидка на замену навыка"
    },
    {
      "id": "md3_buffs_summaryDesc_1094",
      "content": "Скидка на замену навыка"
    },
    {
      "id": "md3_buffs_summaryDesc_110",
      "content": "Скидка на улучшение дара"
    },
    {
      "id": "md3_buffs_summaryDesc_1101",
      "content": "Шанс на бесплатное улучшение"
    },
    {
      "id": "md3_buffs_summaryDesc_1102",
      "content": "Скидка на улучшение дара с Огнем"
    },
    {
      "id": "md3_buffs_summaryDesc_1103",
      "content": "Скидка на улучшение дара с Кетчупом"
    },
    {
      "id": "md3_buffs_summaryDesc_1104",
      "content": "Скидка на улучшение дара с Тряской"
    },
    {
      "id": "md3_buffs_summaryDesc_1105",
      "content": "Скидка на улучшение дара с Зеленкой"
    },
    {
      "id": "md3_buffs_summaryDesc_1106",
      "content": "Скидка на улучшение дара с Депрессией"
    },
    {
      "id": "md3_buffs_summaryDesc_1107",
      "content": "Скидка на улучшение дара с Кумаром"
    },
    {
      "id": "md3_buffs_summaryDesc_1108",
      "content": "Скидка на улучшение дара с Солями"
    },
    {
      "id": "md3_buffs_summaryDesc_111",
      "content": "Больше стоимости за продажу даров"
    },
    {
      "id": "md3_buffs_summaryDesc_1111",
      "content": "Больше стоимости за продажу даров"
    },
    {
      "id": "md3_buffs_summaryDesc_112",
      "content": "Скидка на покупку даров"
    },
    {
      "id": "md3_buffs_summaryDesc_1121",
      "content": "Скидка на покупку даров с Огнем"
    },
    {
      "id": "md3_buffs_summaryDesc_1122",
      "content": "Скидка на покупку даров с Кетчупом"
    },
    {
      "id": "md3_buffs_summaryDesc_1123",
      "content": "Скидка на покупку даров с Тряской"
    },
    {
      "id": "md3_buffs_summaryDesc_1124",
      "content": "Скидка на покупку даров с Зеленкой"
    },
    {
      "id": "md3_buffs_summaryDesc_1125",
      "content": "Скидка на покупку даров с Депрессией"
    },
    {
      "id": "md3_buffs_summaryDesc_1126",
      "content": "Скидка на покупку даров с Кумаром"
    },
    {
      "id": "md3_buffs_summaryDesc_1127",
      "content": "Скидка на покупку даров с Зрядом"
    },
    {
      "id": "md3_buffs_summaryDesc_1128",
      "content": "Скидка на покупку даров без категории"
    },
    {
      "id": "md3_buffs_summaryDesc_151",
      "content": "Выбор даров +1"
    },
    {
      "id": "md3_buffs_summaryDesc_152",
      "content": "+250 стоимости в начале"
    },
    {
      "id": "md3_buffs_summaryDesc_153",
      "content": "Случайный дар IV ранга после выбора стартовых даров"
    },
    {
      "id": "md3_buffs_summaryDesc_121",
      "content": "+1 ко всем ЭГО ресурсам"
    },
    {
      "id": "md3_buffs_summaryDesc_1211",
      "content": "+1 ко всем ЭГО ресурсам"
    },
    {
      "id": "md3_buffs_summaryDesc_1212",
      "content": "Макисмальная скорость +1"
    },
    {
      "id": "md3_buffs_summaryDesc_1213",
      "content": "Макисмальная скорость +1"
    },
    {
      "id": "md3_buffs_summaryDesc_122",
      "content": "Наносимый урон +3%"
    },
    {
      "id": "md3_buffs_summaryDesc_1221",
      "content": "Наносимый урон +3%"
    },
    {
      "id": "md3_buffs_summaryDesc_1222",
      "content": "Уровень атаки +1"
    },
    {
      "id": "md3_buffs_summaryDesc_1223",
      "content": "Уровень атаки +1"
    },
    {
      "id": "md3_buffs_summaryDesc_1224",
      "content": "Наносимый Рубящий урон +4%"
    },
    {
      "id": "md3_buffs_summaryDesc_1225",
      "content": "Наносимый Пронзающий урон +4%"
    },
    {
      "id": "md3_buffs_summaryDesc_1226",
      "content": "Наносимый Дробящий урон +4%"
    },
    {
      "id": "md3_buffs_summaryDesc_123",
      "content": "Получаемый урон -3%"
    },
    {
      "id": "md3_buffs_summaryDesc_1231",
      "content": "Получаемый урон -3%"
    },
    {
      "id": "md3_buffs_summaryDesc_1232",
      "content": "Уровень защиты +1"
    },
    {
      "id": "md3_buffs_summaryDesc_1233",
      "content": "Уровень защиты +2"
    },
    {
      "id": "md3_buffs_summaryDesc_1234",
      "content": "Сопротивление Рубящему урону -0.1"
    },
    {
      "id": "md3_buffs_summaryDesc_1235",
      "content": "Сопротивление Пронзающему урону -0.1"
    },
    {
      "id": "md3_buffs_summaryDesc_1236",
      "content": "Сопротивление Дробящему урону -0.1"
    }
  ]
}