﻿{
  "dataList": [
    {
      "id": 992001,
      "content": "Противники наносят +1 дополнительный Изжога своими навыками"
    },
    {
      "id": 992002,
      "content": "Противники наносят +1 дополнительное Кетчуп своими навыками"
    },
    {
      "id": 992003,
      "content": "Противники наносят +1 дополнительную Тряску своими навыками"
    },
    {
      "id": 992004,
      "content": "Противники наносят +1 дополнительный Зеленка своими навыками"
    },
    {
      "id": 992005,
      "content": "Противники наносят +1 дополнительную Депрессию своими навыками"
    },
    {
      "id": 992006,
      "content": "Противники наносят на 15% больше Рубящего урона"
    },
    {
      "id": 992007,
      "content": "Противники наносят на 15% больше Пронзающего урона"
    },
    {
      "id": 992008,
      "content": "Противники наносят на 15% больше Дробящего урона"
    },
    {
      "id": 992009,
      "content": "Противники: Сопротивление всем грехам -0.1 (Исключая Гнев)"
    },
    {
      "id": 992010,
      "content": "Противники: Сопротивление всем грехам -0.1 (Исключая Похоть)"
    },
    {
      "id": 992011,
      "content": "Противники: Сопротивление всем грехам -0.1 (Исключая Леность)"
    },
    {
      "id": 992012,
      "content": "Противники: Сопротивление всем грехам -0.1 (Исключая Чревоуг.)"
    },
    {
      "id": 992013,
      "content": "Противники: Сопротивление всем грехам -0.1 (Исключая Уныние)"
    },
    {
      "id": 992014,
      "content": "Противники: Сопротивление всем грехам -0.1 (Исключая Гордыню)"
    },
    {
      "id": 992015,
      "content": "Противники: Сопротивление всем грехам -0.1 (Исключая Зависть)"
    },
    {
      "id": 992016,
      "content": "Противники: Макс. HP +15%"
    },
    {
      "id": 992017,
      "content": "Противники: Количество слотов +1"
    },
    {
      "id": 992018,
      "content": "При ударе противники восстанавливают 5% от нанесенного урона в виде HP"
    },
    {
      "id": 992019,
      "content": "Противники: Максимальная скорость +1"
    },
    {
      "id": 992020,
      "content": "При ударе противники наносят 2 фиксированного урона по SP"
    },
    {
      "id": 992021,
      "content": "Начало хода: противники получают 1 Повышениу урона, если противник нанес урона хотя бы один раз в прошлом ходу"
    },
    {
      "id": 992022,
      "content": "Начало хода: противники получают 3 Повышения уровня атаки, если противник если противник не получил никакого урона в прошлом ходу"
    },
    {
      "id": 992023,
      "content": "Противники: Итоговая сила +1 to Unopposed Attacks"
    },
    {
      "id": 992024,
      "content": "Противники: Итоговая сила +1 in a Clash"
    },
    {
      "id": 992031,
      "content": "Противники: Уровень защиты +4"
    },
    {
      "id": 992032,
      "content": "Противники: Базовая сила навыков защиты +2"
    },
    {
      "id": 992033,
      "content": "Противники: Макс. HP +10%"
    },
    {
      "id": 992034,
      "content": "Противники получают на 10% меньше урона"
    },
    {
      "id": 992035,
      "content": "Противники: Уровень атаки +3, Макс. HP +5%"
    },
    {
      "id": 992036,
      "content": "Противники: Итоговая сила +1, Макс. HP +5%"
    },
    {
      "id": 992037,
      "content": "Противники: Базовая сила +1, Макс. HP +5%"
    },
    {
      "id": 992038,
      "content": "Противники наносят на 15% damage, Макс. HP +5%"
    },
    {
      "id": 992039,
      "content": "Противники: Итоговая сила +1, Макс. HP +15%"
    },
    {
      "id": 992040,
      "content": "Противники: Итоговая сила +2, Уровень защиты -4, Макс. HP +15%"
    },
    {
      "id": 992041,
      "content": "Противники: Базовая сила +1, Макс. HP +10%"
    },
    {
      "id": 992042,
      "content": "Противники: Базовая сила +2, Уровень защиты -4, Макс. HP +10%"
    },
    {
      "id": 992043,
      "content": "Противники: Сила положительных монет +1, Сила отрицательных монет -1"
    },
    {
      "id": 992044,
      "content": "Противники: Уровень атаки +7, Уровень защиты -7"
    },
    {
      "id": 992045,
      "content": "Противники: Итоговая сила +2, Уровень защиты +6, Макс. HP +10%"
    },
    {
      "id": 992046,
      "content": "Противники: Итоговая сила +3, Макс. HP +10%"
    },
    {
      "id": 992047,
      "content": "Противники: Сила положительных монет +1, Сила отрицательных монет -1, Макс. HP +15%"
    },
    {
      "id": 992048,
      "content": "Противники: Базовая сила +2, Уровень защиты +3, Макс. HP +10%"
    },
    {
      "id": 992049,
      "content": "Противники: Уровень атаки +10, Уровень защиты -7"
    },
    {
      "id": 992050,
      "content": "Противники: Макс. HP +25%, Уровень защиты +5"
    },
    {
      "id": 992051,
      "content": "Противники наносят на 50% больше урона и получают на 50% меньше урона"
    },
    {
      "id": 992101,
      "content": "Уровень защиты +2"
    },
    {
      "id": 992102,
      "content": "Итоговая сила навыков защиты +1"
    },
    {
      "id": 992103,
      "content": "Уровень атаки +1"
    },
    {
      "id": 992104,
      "content": "Макс. HP +5%"
    },
    {
      "id": 992105,
      "content": "Получаемый урон -5%"
    },
    {
      "id": 992111,
      "content": "Уровень атаки +2"
    },
    {
      "id": 992112,
      "content": "Уровень атаки +1, Макс. HP +5%"
    },
    {
      "id": 992113,
      "content": "Итоговая сила +1, Уровень защиты -1"
    },
    {
      "id": 992114,
      "content": "Базовая сила +1, Уровень защиты -2"
    },
    {
      "id": 992115,
      "content": "Сила в столкновении +1"
    },
    {
      "id": 992116,
      "content": "Получаемый урон -5%, Наносимый урон +5%"
    },
    {
      "id": 992121,
      "content": "Уровень атаки +2, Уровень защиты +2, Макс. HP +5%"
    },
    {
      "id": 992122,
      "content": "Уровень атаки +2, Уровень защиты +4"
    },
    {
      "id": 992123,
      "content": "Макс. HP +20%"
    },
    {
      "id": 992124,
      "content": "Итоговая сила +1, Макс. HP +5%"
    },
    {
      "id": 992125,
      "content": "Базовая сила +1, Макс. HP +5"
    },
    {
      "id": 992126,
      "content": "Сила в столкновении +2, Уровень защиты -3"
    },
    {
      "id": 992127,
      "content": "Итоговая сила +1, Итоговая сила навыков защиты +1"
    },
    {
      "id": 992131,
      "content": "Уровень атаки +3, Уровень защиты +2, Макс. HP +10%"
    },
    {
      "id": 992132,
      "content": "Уровень атаки +5, Макс. HP +7.5%"
    },
    {
      "id": 992133,
      "content": "Базовая сила +1, Уровень защиты +3, Макс. HP +5%"
    },
    {
      "id": 992134,
      "content": "Итоговая сила +1, Уровень защиты -2, Макс. HP +17.5%"
    },
    {
      "id": 992135,
      "content": "Уровень защиты +3, Макс. HP +22.5%"
    },
    {
      "id": 992136,
      "content": "Сила положительных монет +1, Сила отрицательных монет -1, Уровень защиты +2"
    },
    {
      "id": 992137,
      "content": "Базовая сила +1, Сила положительных монет +1, Сила отрицательных монет -1"
    },
    {
      "id": 992138,
      "content": "Получаемый урон -25%, Наносимый урон +25%"
    },
    {
      "id": 992151,
      "content": "Уровень атаки +1, Уровень защиты +1"
    },
    {
      "id": 992152,
      "content": "Уровень защиты +2, Итоговая сила навыков защиты +1"
    },
    {
      "id": 992153,
      "content": "Уровень защиты +1, Макс. HP +5%"
    },
    {
      "id": 992154,
      "content": "Макс. HP +7.5%"
    },
    {
      "id": 992155,
      "content": "Получаемый урон -7.5%"
    },
    {
      "id": 992161,
      "content": "Уровень атаки +2, Уровень защиты +2, Макс. HP +5%"
    },
    {
      "id": 992162,
      "content": "Уровень атаки +2, Макс. HP +10%"
    },
    {
      "id": 992163,
      "content": "Итоговая сила +1, Макс. HP +5%"
    },
    {
      "id": 992164,
      "content": "Базовая сила +1, Уровень защиты +1"
    },
    {
      "id": 992165,
      "content": "Уровень защиты +4, Макс. HP +10%"
    },
    {
      "id": 992166,
      "content": "Получаемый урон -10%, Наносимый урон +10%"
    },
    {
      "id": 992171,
      "content": "Уровень атаки +4, Уровень защиты +3, Макс. HP +7.5%"
    },
    {
      "id": 992172,
      "content": "Уровень атаки +4, Макс. HP +15%"
    },
    {
      "id": 992173,
      "content": "Итоговая сила +1, Уровень защиты +6"
    },
    {
      "id": 992174,
      "content": "Базовая сила +1, Уровень защиты +5"
    },
    {
      "id": 992175,
      "content": "Итоговая сила +2, Уровень защиты -2, Макс. HP +5%"
    },
    {
      "id": 992176,
      "content": "Макс. HP +30%"
    },
    {
      "id": 992177,
      "content": "Сила в столкновении +2, Макс. HP +7.5%"
    },
    {
      "id": 992181,
      "content": "Уровень атаки +6, Уровень защиты +6, Макс. HP +15%"
    },
    {
      "id": 992182,
      "content": "Уровень атаки +4, Уровень защиты +3, Макс. HP +30%"
    },
    {
      "id": 992183,
      "content": "Итоговая сила +2, Макс. HP +25%"
    },
    {
      "id": 992184,
      "content": "Базовая сила +1, Итоговая сила +1, Макс. HP +20%"
    },
    {
      "id": 992185,
      "content": "Уровень защиты +9, Макс. HP +30%"
    },
    {
      "id": 992186,
      "content": "Сила положительных монет +2, Сила отрицательных монет -2"
    },
    {
      "id": 992187,
      "content": "Сила в столкновении +2, Макс. HP +30%"
    },
    {
      "id": 992188,
      "content": "Получаемый урон -50%, Наносимый урон +50%"
    },
    {
      "id": 992201,
      "content": "Уровень атаки +1"
    },
    {
      "id": 992202,
      "content": "Уровень защиты +2"
    },
    {
      "id": 992203,
      "content": "Уровень защиты +1, Макс. HP +2.5%"
    },
    {
      "id": 992204,
      "content": "Макс. HP +5%"
    },
    {
      "id": 992205,
      "content": "Итоговая сила навыков защиты +1"
    },
    {
      "id": 992206,
      "content": "Получаемый урон -5%"
    },
    {
      "id": 992211,
      "content": "Уровень атаки +2"
    },
    {
      "id": 992212,
      "content": "Уровень атаки +1, Уровень защиты +1, Макс. HP +2.5%"
    },
    {
      "id": 992213,
      "content": "Уровень атаки +1, Макс. HP +5%"
    },
    {
      "id": 992214,
      "content": "Уровень защиты +1, Макс. HP +7.5%"
    },
    {
      "id": 992215,
      "content": "Уровень защиты +2, Макс. HP +5%"
    },
    {
      "id": 992216,
      "content": "Макс. HP +10%"
    },
    {
      "id": 992217,
      "content": "Получаемый урон -7.5%, Наносимый урон +7.5%"
    },
    {
      "id": 992221,
      "content": "Уровень атаки +2, Макс. HP +7.5%"
    },
    {
      "id": 992222,
      "content": "Уровень атаки +3, Макс. HP +5%"
    },
    {
      "id": 992223,
      "content": "Уровень защиты +3, Макс. HP +7.5%"
    },
    {
      "id": 992224,
      "content": "Уровень защиты +4, Макс. HP +5%"
    },
    {
      "id": 992225,
      "content": "Макс. HP +15%"
    },
    {
      "id": 992226,
      "content": "Сила в столкновении +1, Макс. HP +7.5%"
    },
    {
      "id": 992227,
      "content": "Итоговая сила +1, Макс. HP +5%"
    },
    {
      "id": 992228,
      "content": "Базовая сила +1, Макс. HP +2.5%"
    },
    {
      "id": 992231,
      "content": "Уровень атаки +3, Макс. HP +15%"
    },
    {
      "id": 992232,
      "content": "Уровень атаки +2, Уровень защиты +3, Макс. HP +12.5%"
    },
    {
      "id": 992233,
      "content": "Уровень атаки +3, Уровень защиты +2, Макс. HP +10%"
    },
    {
      "id": 992234,
      "content": "Макс. HP +30%"
    },
    {
      "id": 992235,
      "content": "Сила в столкновении +1, Макс. HP +15%"
    },
    {
      "id": 992236,
      "content": "Итоговая сила +1, Макс. HP +12.5%"
    },
    {
      "id": 992237,
      "content": "Базовая сила +1, Макс. HP +10%"
    },
    {
      "id": 992238,
      "content": "Сила положительных монет +1, Сила отрицательных монет -1"
    },
    {
      "id": 992239,
      "content": "Получаемый урон -25%, Наносимый урон +25%"
    },
    {
      "id": 992241,
      "content": "Уровень атаки +4, Макс. HP +10%, Наносимый урон +5%"
    },
    {
      "id": 992242,
      "content": "Уровень атаки +3, Уровень защиты +3, Макс. HP +7.5%, Наносимый урон +5%"
    },
    {
      "id": 992243,
      "content": "Уровень атаки +4, Уровень защиты +2, Макс. HP +5%, Наносимый урон +5%"
    },
    {
      "id": 992244,
      "content": "Уровень атаки +1, Макс. HP +25%, Наносимый урон +5%"
    },
    {
      "id": 992245,
      "content": "Сила в столкновении +1, Уровень атаки +1, Макс. HP +10%, Наносимый урон +5%"
    },
    {
      "id": 992246,
      "content": "Итоговая сила +1, Уровень атаки +1, Макс. HP +7.5%, Наносимый урон +5%"
    },
    {
      "id": 992247,
      "content": "Базовая сила +1, Уровень атаки +1, Макс. HP +5%, Наносимый урон +5%"
    },
    {
      "id": 992248,
      "content": "Сила положительных монет +1, Сила отрицательных монет -1, Наносимый урон +5%"
    },
    {
      "id": 992251,
      "content": "Уровень атаки +5, Макс. HP +10%, Наносимый урон +5%"
    },
    {
      "id": 992252,
      "content": "Уровень атаки +2, Уровень защиты +6, Макс. HP +10%, Наносимый урон +5%"
    },
    {
      "id": 992253,
      "content": "Уровень атаки +5, Уровень защиты +2, Макс. HP +5%, Наносимый урон +5%"
    },
    {
      "id": 992254,
      "content": "Уровень атаки +2, Макс. HP +25%, Наносимый урон +5%"
    },
    {
      "id": 992255,
      "content": "Сила в столкновении +1, Уровень атаки +2, Макс. HP +10%, Наносимый урон +5%"
    },
    {
      "id": 992256,
      "content": "Итоговая сила +1, Уровень атаки +2, Макс. HP +7.5%, Наносимый урон +5%"
    },
    {
      "id": 992257,
      "content": "Базовая сила +1, Уровень атаки +2, Макс. HP +5%, Наносимый урон +5%"
    },
    {
      "id": 992258,
      "content": "Сила положительных монет +1, Сила отрицательных монет -1, Наносимый урон +5%"
    },
    {
      "id": 992261,
      "content": "Уровень атаки +5, Макс. HP +20%, Наносимый урон +7.5%"
    },
    {
      "id": 992262,
      "content": "Уровень атаки +2, Уровень защиты +6, Макс. HP +20%, Наносимый урон +7.5%"
    },
    {
      "id": 992263,
      "content": "Уровень атаки +5, Уровень защиты +2, Макс. HP +15%, Наносимый урон +7.5%"
    },
    {
      "id": 992264,
      "content": "Уровень атаки +2, Макс. HP +35%, Наносимый урон +7.5%"
    },
    {
      "id": 992265,
      "content": "Сила в столкновении +1, Уровень атаки +2, Макс. HP +20%, Наносимый урон +7.5%"
    },
    {
      "id": 992266,
      "content": "Итоговая сила +1, Уровень атаки +2, Макс. HP +17.5%, Наносимый урон +7.5%"
    },
    {
      "id": 992267,
      "content": "Базовая сила +1, Уровень атаки +2, Макс. HP +15%, Наносимый урон +7.5%"
    },
    {
      "id": 992268,
      "content": "Сила положительных монет +1, Сила отрицательных монет -1, Наносимый урон +7.5%"
    },
    {
      "id": 992271,
      "content": "Уровень атаки +6, Макс. HP +30%, Наносимый урон +7.5%"
    },
    {
      "id": 992272,
      "content": "Уровень атаки +3, Уровень защиты +6, Макс. HP +30%, Наносимый урон +7.5%"
    },
    {
      "id": 992273,
      "content": "Уровень атаки +5, Уровень защиты +4, Макс. HP +22.5%, Наносимый урон +7.5%"
    },
    {
      "id": 992274,
      "content": "Уровень атаки +3, Макс. HP +45%, Наносимый урон +7.5%"
    },
    {
      "id": 992275,
      "content": "Сила в столкновении +2, Уровень атаки +1, Макс. HP +25%, Наносимый урон +7.5%"
    },
    {
      "id": 992276,
      "content": "Итоговая сила +2, Уровень атаки +1, Макс. HP +20%, Наносимый урон +7.5%"
    },
    {
      "id": 992277,
      "content": "Базовая сила +2, Уровень атаки +1, Макс. HP +15%, Наносимый урон +7.5%"
    },
    {
      "id": 992278,
      "content": "Сила положительных монет +2, Сила отрицательных монет -2, Наносимый урон +7.5%"
    },
    {
      "id": 992281,
      "content": "Уровень атаки +8, Макс. HP +40%, Наносимый урон +10%"
    },
    {
      "id": 992282,
      "content": "Уровень атаки +3, Уровень защиты +9, Макс. HP +40%, Наносимый урон +10%"
    },
    {
      "id": 992283,
      "content": "Уровень атаки +6, Уровень защиты +5, Макс. HP +32.5%, Наносимый урон +10%"
    },
    {
      "id": 992284,
      "content": "Уровень атаки +3, Макс. HP +72.5%, Наносимый урон +10%"
    },
    {
      "id": 992285,
      "content": "Сила в столкновении +2, Уровень атаки +2, Макс. HP +40%, Наносимый урон +10%"
    },
    {
      "id": 992286,
      "content": "Итоговая сила +2, Уровень атаки +2, Макс. HP +35%, Наносимый урон +10%"
    },
    {
      "id": 992287,
      "content": "Базовая сила +2, Уровень атаки +2, Макс. HP +30%, Наносимый урон +10%"
    },
    {
      "id": 992288,
      "content": "Сила положительных монет +2, Сила отрицательных монет -2, Наносимый урон +10%"
    }
  ]
}