{
  "dataList": [
    {
      "id": "mirrordungeon6_mission_date",
      "content": "Награды можно забрать до начала МД7."
    },
    {
      "id": "mirrordungeon_mission_category_title_MIRROR_DUNGEON6_COLLECTION",
      "content": "Нищета"
    },
    {
      "id": "mirrordungeon_mission_category_title_MIRROR_DUNGEON6_CLEAR",
      "content": "Прохождение"
    },
    {
      "id": "mirrordungeon_mission_category_title_MIRROR_DUNGEON6_DECK",
      "content": "Пачки"
    },
    {
      "id": "mirrordungeon_mission_category_title_MIRROR_DUNGEON6_SHOP",
      "content": "Магазин"
    },
    {
      "id": "mirrordungeon_mission_category_title_MIRROR_DUNGEON6_BATTLE",
      "content": "Бой"
    },
    {
      "id": "mirrordungeon_mission_category_title_MIRROR_DUNGEON6_EXTREME",
      "content": "Мазохизм"
    },
    {
      "id": "mirrordungeon_mission_category_title_MIRROR_DUNGEON6_ALL",
      "content": "Задрот ебаный"
    }
  ]
}