﻿{
  "dataList": [
    {
      "id": "acquire_personality_title",
      "content": "Выбери айдишку"
    },
    {
      "id": "ask_acquire_personality",
      "content": "Выбрать {1} [{0}] айдишку?"
    },
    {
      "id": "ask_use_item_for_acquire_personality",
      "content": "Использовать {0}?"
    },
    {
      "id": "tip_able_to_check_personality_by_longclick",
      "content": "※ Нажми и удерживай чтобы посмтореть детальное описание айдишки."
    },
    {
      "id": "luxcavation_bonus_on",
      "content": "Люкс. Бонус активен"
    },
    {
      "id": "ask_acquire_personality_already_owned",
      "content": "Выбрать {1} [{0}] айдишку?\nВыбрав уже имеющуюся айдишку, она конвертируется в осколки(шарды)."
    },
    {
      "id": "acquire_ego_title",
      "content": "Выбери ЭГО"
    },
    {
      "id": "ask_acquire_ego",
      "content": "Выбрать {1} [{0}] ЭГО?"
    },
    {
      "id": "ask_acquire_ego_already_owned",
      "content": "Выбрать {1} [{0}] ЭГО?\nВыбрав уже имеющееся ЭГО, оно конвертируется в осколки(шарды)."
    }
  ]
}