﻿{
  "dataList": [
    {
      "id": 1035,
      "panicName": "Церковь",
      "lowMoraleDescription": "- Получает ещё 1 <sprite name=\"Smoke\"><color=#e30000><u><link=\"Smoke\">Дым</link></u></color> или его счётчик при его получении\n- В начале хода получает 3 <sprite name=\"Vulnerable\"><color=#e30000><u><link=\"Vulnerable\">Уязвимости</link></u></color>, 2 <sprite name=\"AttackDmgUp\"><color=#f8c200><u><link=\"AttackDmgUp\">Повышения урона</link></u></color> и 1 <sprite name=\"Endurance\"><color=#f8c200><u><link=\"Endurance\">Повышение силы защиты</link></u></color>",
      "panicDescription": "- Получает ещё 2 <sprite name=\"Smoke\"><color=#e30000><u><link=\"Smoke\">Дыма</link></u></color> или его счётчика при его получении\n- В начале хода получает 3 <sprite name=\"Vulnerable\"><color=#e30000><u><link=\"Vulnerable\">Уязвимости</link></u></color>, 4 <sprite name=\"AttackDmgUp\"><color=#f8c200><u><link=\"AttackDmgUp\">Повышения урона</link></u></color> и 2 <sprite name=\"Endurance\"><color=#f8c200><u><link=\"Endurance\">Повышения силы защиты</link></u></color>"
    }
  ]
}