﻿{
  "dataList": [
    {
      "id": 1027,
      "panicName": "Голод",
      "lowMoraleDescription": "Получает 1 <sprite name=\"Binding\"><color=#e30000><u><link=\"Binding\">Связывание</link></u></color> и 2 <sprite name=\"ResultEnhancement\"><color=#f8c200><u><link=\"ResultEnhancement\">Повышения силы</link></u></color>",
      "panicDescription": "Получает 2 <sprite name=\"Binding\"><color=#e30000><u><link=\"Binding\">Связывания</link></u></color> и 4 <sprite name=\"ResultEnhancement\"><color=#f8c200><u><link=\"ResultEnhancement\">Повышения силы</link></u></color>"
    },
    {
      "id": 1028,
      "panicName": "Специалист по Дуэлям",
      "lowMoraleDescription": "- Получает 2 <sprite name=\"AttackUp\"><color=#f8c200><u><link=\"AttackUp\">Повышения уровня атаки</link></u></color>\n- При поражении в столкновении получает 1 <sprite name=\"DefenseDown\"><color=#e30000><u><link=\"DefenseDown\">Понижение уровня защиты</link></u></color> (До 3 раз за ход)\n- Минимальная скорость снижается на 1",
      "panicDescription": "- Получает 4 <sprite name=\"AttackUp\"><color=#f8c200><u><link=\"AttackUp\">Повышения уровня атаки</link></u></color>\n- При поражении в столкновении получает 2 <sprite name=\"DefenseDown\"><color=#e30000><u><link=\"DefenseDown\">Понижения уровня защиты</link></u></color> (До 6 раз за ход)\n- Минимальная скорость снижается на 1"
    }
  ]
}