﻿{
  "dataList": [
    {
      "id": 1037,
      "panicName": "Конфеты",
      "lowMoraleDescription": "Сила в столкновении +3 против целей с <sprite name=\"CandyForCharon\"><color=#e30000><u>Конфетами</u></color> и -1 против всех остальных",
      "panicDescription": "Сила в столкновении +5 против целей с <sprite name=\"CandyForCharon\"><color=#e30000><u>Конфетами</u></color> и -2 против всех остальных"
    }
  ]
}