{
  "dataList": [
    {
      "id": 9021701,
      "name": "Исполнение устава - Подготовительный этап",
      "desc": "Если удалось <sprite name=\"VibrationExplosion\"><color=#e30000><u><link=\"VibrationExplosion\">Спровоцировать Трeмор</link></u></color> в прошлом ходе, получает 1 <sprite name=\"Enhancement\"><color=#f8c200><u><link=\"Enhancement\">Повышение силы атаки</link></u></color> и 1 <sprite name=\"AttackDmgUp\"><color=#f8c200><u><link=\"AttackDmgUp\">Повышение урона</link></u></color> на следующий ход."
    },
    {
      "id": 9021702,
      "name": "Исполнение устава - Раздробление нижней челюсти",
      "desc": "Наносит на 10% больше урона оглушённым противникам.\n\nЕсли противник был оглушён в прошлом ходе, в следующем ходе наносит 2 <sprite name=\"Vibration\"><color=#e30000><u><link=\"Vibration\">Тремора</link></u></color> при попадании после победы в столкновении. (До 2 раз за ход)"
    },
    {
      "id": 9021703,
      "name": "Нарушение устава",
      "desc": "Если есть мёртные союзники, получает 1 <sprite name=\"ParryingResultUp\"><color=#f8c200><u><link=\"ParryingResultUp\">Повышение силы в столкновении</link></u></color> начиная со следующего хода"
    },
    {
      "id": 9021301,
      "name": "Четырехлистный клевер",
      "desc": "Начало хода: получает 5 <sprite name=\"Breath\"><color=#f8c200><u><link=\"Breath\">Дыхания</link></u></color> и повышает его счётчик на 2\n\nЕсли союзник с <sprite name=\"Breath\"><color=#f8c200><u><link=\"Breath\">Дыханием</link></u></color> наносит противнику критический удар, даёт 5 <sprite name=\"Breath\"><color=#f8c200><u><link=\"Breath\">Дыхания</link></u></color> и повышает его счётчик на 2 случайному союзнику в начале следующего хода. (Единожды за ход)"
    },
    {
      "id": 9021302,
      "name": "Аппетитная плоть",
      "desc": "Если свои ОЗ ниже 50%: восстанавливает (Сила <sprite name=\"Laceration\"><color=#e30000><u><link=\"Laceration\">Кровотечения</link></u></color> цели)% от максимальных ОЗ при попадании. (До 10%; единожды за битву)"
    }
  ]
}