{
  "dataList": [
    {
      "id": 863001,
      "name": "Ближний бой",
      "desc": "Если быстрее цели, наносит на 10% больше урона за каждую единицу разницы в скорости с целью. (До 30%)\n\nЕсли медленнее цели, наносит на 10% меньше урона за каждую единицу разницы в скорости с целью. (До 30%)"
    },
    {
      "id": 863002,
      "name": "Рывок вперёд",
      "desc": "Максимальная и минимальная скорость повышается на 1 за каждые 5 <sprite name=\"Breath\"><color=#f8c200><u><link=\"Breath\">Дыхания</link></u></color>. (До 4)"
    },
    {
      "id": 863003,
      "name": "Призыв целей",
      "desc": "Меняет поведение, если ОЗ падают до 75% и ниже:\nПризывает Командира дивизии Корп. G и Ветеранов Дымной Войны, затем <sprite name=\"FellBulletMark\"><color=#e30000><u><link=\"FellBulletMark\">Стигматизирует</link></u></color> участника битвы с наименьшими ОЗ;\n- Скорость фиксируется на 1;\n- Получает 300 ОЗ Щита."
    },
    {
      "id": 863004,
      "name": "Назначить цель",
      "desc": "При использовании навыков 「Прицельный огонь」 или 「Корректировка цели」: <sprite name=\"FellBulletMark\"><color=#e30000><u><link=\"FellBulletMark\">Стигматизирует</link></u></color> самую медленную цель с наименьшими текущими ОЗ."
    },
    {
      "id": 863201,
      "name": "Подача кислорода",
      "desc": "В начале первого хода с момента появления на поле боя получает 10 <sprite name=\"Breath\"><color=#f8c200><u><link=\"Breath\">Дыхания</link></u></color> и повышает его счётчик на 10.\n\nЕсли сила или счётчик <sprite name=\"Breath\"><color=#f8c200><u><link=\"Breath\">Дыхания</link></u></color> ниже 10 к концу хода: тратит ОЗ Головы, равные 2% от максимальных ОЗ Ядра, чтобы получить 5 <sprite name=\"Breath\"><color=#f8c200><u><link=\"Breath\">Дыхания</link></u></color> и повысить его счётчик на 5. (Не может повредить часть или убить)"
    },
    {
      "id": 863202,
      "name": "Глубокий вдох",
      "desc": "Увеличивает шанс критического попадания от эффектов <sprite name=\"Breath\"><color=#f8c200><u><link=\"Breath\">Дыхания</link></u></color> в полтора раза.\n\nПри критическом попадании:\n- Если имеется 15 и более <sprite name=\"Breath\"><color=#f8c200><u><link=\"Breath\">Дыхания</link></u></color>, тратит вплоть до 1/5 его силы, чтобы нанести на (Потраченная сила <sprite name=\"Breath\"><color=#f8c200><u><link=\"Breath\">Дыхания</link></u></color> × 4)% больше урона;\n- Если имеется 15 и более единиц счётчика <sprite name=\"Breath\"><color=#f8c200><u><link=\"Breath\">Дыхания</link></u></color>, тратит вплоть до 1/5 его счётчика, чтобы нанести на (Потраченный счётчик <sprite name=\"Breath\"><color=#f8c200><u><link=\"Breath\">Дыхания</link></u></color> × 8)% больше урона."
    },
    {
      "id": 863203,
      "name": "Насыщенность кислородом",
      "desc": "В ходе, где используется атака 「Это... МОЁ!!」, фиксирует свою скорость на 1. В начале этого хода даёт 6 <sprite name=\"Breath\"><color=#f8c200><u><link=\"Breath\">Дыхания</link></u></color> и повышает его счётчик на 6 всем на поле боя.\n\nВ начале того же хода тратит всё своё лишнее <sprite name=\"Breath\"><color=#f8c200><u><link=\"Breath\">Дыхание</link></u></color> и его счётчик свыше 5, после чего даёт то же количество потраченной силы и счётчика <sprite name=\"Breath\"><color=#f8c200><u><link=\"Breath\">Дыхания</link></u></color> Голове в следующем ходе."
    },
    {
      "id": 863204,
      "name": "Раздробленная грудная клетка",
      "desc": "Когда Тело повреждено, оно заменяется на часть 「Человек」."
    },
    {
      "id": 863205,
      "name": "Регенерация грудной клетки",
      "desc": "В конце боевой фазы часть 「Человек」 теряет половину силы и счётчика <sprite name=\"Breath\"><color=#f8c200><u><link=\"Breath\">Дыхания</link></u></color>.\nВ следующем ходе эта часть заменяется Телом."
    },
    {
      "id": 863206,
      "name": "Мучительные страдания",
      "desc": "Сила <sprite name=\"Breath\"><color=#f8c200><u><link=\"Breath\">Дыхания</link></u></color> понижается на 1 при поражении в столкновении или получении удара.\nСчётчик <sprite name=\"Breath\"><color=#f8c200><u><link=\"Breath\">Дыхания</link></u></color> понижается на 1 при получении удара от односторонней атаки. \n\nСила и счётчик <sprite name=\"Breath\"><color=#f8c200><u><link=\"Breath\">Дыхания</link></u></color> не опускаются ниже 5."
    },
    {
      "id": 863207,
      "name": "Озлобленный крик",
      "desc": "Если ОЗ Ядра упали ниже 40%, использует атаку 「Разделить страдание」 в следующем ходе."
    },
    {
      "id": 863208,
      "name": "Последствия",
      "desc": "Когда часть 「Человек」 повреждается, физические сопротивления Тела и Головы ослабевают на 0.2 до конца следующего хода. (Единожды за битву)"
    },
    {
      "id": 863301,
      "name": "Нежные лепестки",
      "desc": "Конец хода: при 20 и более <sprite name=\"BloodDinner\"><color=#9f6a3a><u><link=\"BloodDinner\">Кровавого пиршества</link></u></color> поглощает до 50 <sprite name=\"BloodDinner\"><color=#9f6a3a><u><link=\"BloodDinner\">Кровавого пиршества</link></u></color>, чтобы восстановить ОЗ Ядра и Головы на столько же.\n- Не активируется, если Голова повреждена или оглушена."
    },
    {
      "id": 863302,
      "name": "Капля питания",
      "desc": "После атаки восстанавливает ОЗ Ядра и самой Части на количество нанесённого урона.\n- Не активируется, если Голова повреждена или оглушена."
    },
    {
      "id": 863303,
      "name": "Тоска",
      "desc": "Конец хода: если ОЗ восстанавливались в течение хода, получает 1 <sprite name=\"AttackUp\"><color=#f8c200><u><link=\"AttackUp\">Повышение уровня атаки</link></u></color> и 1 <sprite name=\"DefenseDown\"><color=#e30000><u><link=\"DefenseDown\">Понижение уровня защиты</link></u></color> на следующий ход за каждые 10 восстановленных ОЗ. (До 10)"
    },
    {
      "id": 863304,
      "name": "Кровожадный смрад",
      "desc": "Использует особую атаку при 100 и более <sprite name=\"BloodDinner\"><color=#9f6a3a><u><link=\"BloodDinner\">Кровавого пиршества</link></u></color>.\n\nКонец хода: меняет поведение при 500 и более <sprite name=\"BloodDinner_Accumulation\"><color=#9f6a3a><u><link=\"BloodDinner_Accumulation\">Поглощённого собою кровавого пиршества</link></u></color> или при менее чем 60% ОЗ."
    },
    {
      "id": 863305,
      "name": "Преломленный грех",
      "desc": "<sprite name=\"Combustion\"><color=#e30000><u><link=\"Combustion\">Огонь</link></u></color>, <sprite name=\"Laceration\"><color=#e30000><u><link=\"Laceration\">Кровотечение</link></u></color>, <sprite name=\"Vibration\"><color=#e30000><u><link=\"Vibration\">Тремор</link></u></color>, <sprite name=\"Burst\"><color=#e30000><u><link=\"Burst\">Разрыв</link></u></color> и <sprite name=\"Sinking\"><color=#e30000><u><link=\"Sinking\">Утопание</link></u></color> складывается только до 50. (Включая особые виды этих эффектов)"
    },
    {
      "id": 863306,
      "name": "Острые шипы",
      "desc": "Если Тело получает урон от навыков противников, повышает атакующему счётчик <sprite name=\"Laceration\"><color=#e30000><u><link=\"Laceration\">Кровотечения</link></u></color> на 1. (Единожды за ход на атакующего)"
    },
    {
      "id": 863307,
      "name": "Нескончаемая жажда",
      "desc": "Начало хода:\n- Получает 1 <sprite name=\"DefenseDown\"><color=#e30000><u><link=\"DefenseDown\">Понижение уровня защиты</link></u></color> за каждые 100 <sprite name=\"BloodDinner_Accumulation\"><color=#9f6a3a><u><link=\"BloodDinner_Accumulation\">Поглощённого собою кровавого пиршества</link></u></color>. (До 10)\n- Получает 1 <sprite name=\"TakeHpHealIncrease\"><color=#f8c200><u><link=\"TakeHpHealIncrease\">Повышение восстановления ОЗ</link></u></color> за каждые 200 <sprite name=\"BloodDinner_Accumulation\"><color=#9f6a3a><u><link=\"BloodDinner_Accumulation\">Поглощённого собою кровавого пиршества</link></u></color>. (До 5)"
    },
    {
      "id": 863308,
      "name": "Нескончаемая тоска",
      "desc": "Каждый третий ход происходит событие выбора."
    },
    {
      "id": 863309,
      "name": "Повышенние скорости преломления",
      "desc": "Если с момента появления на поле боя прошло 9 ходов, то начиная со следуюшего хода получает 1 <sprite name=\"AttackUp\"><color=#f8c200><u><link=\"AttackUp\">Повышение уровня атаки</link></u></color> каждый ход. (До 10)"
    },
    {
      "id": 863101,
      "name": "Назначенное исполнение",
      "desc": "При смерти от атак Проклятого стрелка даёт ему на следующий ход 1 <sprite name=\"Agility\"><color=#f8c200><u><link=\"Agility\">Спешку</link></u></color>, 1 <sprite name=\"Enhancement\"><color=#f8c200><u><link=\"Enhancement\">Повышение силы атаки</link></u></color> и 2 <sprite name=\"AttackDmgUp\"><color=#f8c200><u><link=\"AttackDmgUp\">Повышения урона</link></u></color>."
    },
    {
      "id": 863102,
      "name": "Первый удар побеждает",
      "desc": "При убийсте Грешником даёт ещё 3 ЭГО Ресурса греха навыка, который убил этого противника."
    },
    {
      "id": 863103,
      "name": "Не я",
      "desc": "Если этот противник не был <sprite name=\"FellBulletMark\"><color=#e30000><u><link=\"FellBulletMark\">Стигматизирован</link></u></color> в начале боевой фазы, он получает 300 ОЗ Щита."
    }
  ]
}