{
  "dataList": [
    {
      "id": 9008301,
      "name": "Выброс на берег",
      "desc": "Кит Пористой руки получает урон при убийстве этого противника."
    },
    {
      "id": 9008302,
      "name": "Общая боль",
      "desc": "При своей смерти наносит 10 урона присоединённым Русалкам и даёт им 2 <sprite name=\"AttackDmgUp\"><color=#f8c200><u><link=\"AttackDmgUp\">Повышения урона</link></u></color> на следующий ход. (Не может их убить)"
    },
    {
      "id": 9008401,
      "name": "Лёгкий вдох",
      "desc": "Пока имеется <sprite name=\"Breath\"><color=#f8c200><u><link=\"Breath\">Дыхание</link></u></color>, получает 5 <sprite name=\"Breath\"><color=#f8c200><u><link=\"Breath\">Дыхания</link></u></color> при победе в столкновении."
    },
    {
      "id": 9008402,
      "name": "Две стороны монеты",
      "desc": "Каждый ход, если на первой монете выпадает орёл, получает 1 <sprite name=\"AttackDmgUp\"><color=#f8c200><u><link=\"AttackDmgUp\">Повышение урона</link></u></color> на следующий ход.\n- Если же на первой монете выпала решка, получает 1 <sprite name=\"AttackDmgDown\"><color=#e30000><u><link=\"AttackDmgDown\">Понижение урона</link></u></color> на следующий ход."
    },
    {
      "id": 9008601,
      "name": "Не уколола?",
      "desc": "При ударе, если на цели есть <sprite name=\"Laceration\"><color=#e30000><u><link=\"Laceration\">Кровотечение</link></u></color>, восстанавливает себе СД на количество <sprite name=\"Laceration\"><color=#e30000><u><link=\"Laceration\">Кровотечения</link></u></color> цели."
    },
    {
      "id": 9008701,
      "name": "На абордаж!!",
      "desc": "Получает на 1 <sprite name=\"Protection\"><color=#f8c200><u><link=\"Protection\">Защищённость</link></u></color> больше, если скорость равна 1."
    },
    {
      "id": 9008702,
      "name": "Не колется?",
      "desc": "При ударе, если на цели есть <sprite name=\"Laceration\"><color=#e30000><u><link=\"Laceration\">Кровотечение</link></u></color>, восстанавливает себе СД на количество <sprite name=\"Laceration\"><color=#e30000><u><link=\"Laceration\">Кровотечения</link></u></color> цели."
    },
    {
      "id": 9101201,
      "name": "Две стороны монеты",
      "desc": "Каждый ход, если на первой монете выпадает орёл, получает 2 <sprite name=\"AttackDmgUp\"><color=#f8c200><u><link=\"AttackDmgUp\">Повышения урона</link></u></color> и 1 <sprite name=\"Enhancement\"><color=#f8c200><u><link=\"Enhancement\">Повышение силы атаки</link></u></color> на следующий ход.\nЕсли же на первой монете выпала решка, получает 2 <sprite name=\"AttackDmgDown\"><color=#e30000><u><link=\"AttackDmgDown\">Понижения урона</link></u></color> и 1 <sprite name=\"Reduction\"><color=#e30000><u><link=\"Reduction\">Понижение силы атаки</link></u></color> на следующий ход."
    },
    {
      "id": 9101202,
      "name": "Нет… Прочь от меня!",
      "desc": "При проигрыше в столкновении получает 4 <sprite name=\"Breath\"><color=#f8c200><u><link=\"Breath\">Дыхания</link></u></color> и повышает его счётчик на 3."
    },
    {
      "id": 9101203,
      "name": "Йо-хо-хо!",
      "desc": "При критическом попадании получает 1 <sprite name=\"PlusCoinValueUp\"><color=#f8c200><u><link=\"PlusCoinValueUp\">Усиление положительной монеты</link></u></color> на следующий ход и восстанвливает 15 СД себе и 10 СД союзникам. (Активируется единожды за ход)"
    },
    {
      "id": 9101204,
      "name": "Что вы творите?!",
      "desc": "При пленении все союзники теряют 30 СД."
    },
    {
      "id": 9101205,
      "name": "Не колется?",
      "desc": "При ударе, если на цели есть <sprite name=\"Laceration\"><color=#e30000><u><link=\"Laceration\">Кровотечение</link></u></color>, восстанавливает себе СД на количество <sprite name=\"Laceration\"><color=#e30000><u><link=\"Laceration\">Кровотечения</link></u></color> цели."
    },
    {
      "id": 9101101,
      "name": "Выброс на берег",
      "desc": "Кит Пористой руки получает урон при смерти этого противника."
    }
  ]
}
