{
  "dataList": [
    {
      "id": 838101,
      "name": "Фестиваль чудес",
      "desc": "Получает 1 <sprite name=\"FestivalFever\"><color=#f8c200><u><link=\"FestivalFever\">Праздничную горячку</link></u></color> каждый раз, когда даёт положительные эффекты другии союзникам своими навыками. (Единожды за тип эффекта)\n\nВ начале хода: получает <sprite name=\"FestivalFever\"><color=#f8c200><u><link=\"FestivalFever\">Праздничную горячку</link></u></color> в количестве других союзников. (До 3)\nВ конце хода: восстанавливает СД в количестве своей <sprite name=\"FestivalFever\"><color=#f8c200><u><link=\"FestivalFever\">Праздничной горячки</link></u></color>. (Не активируется при -45 СД)\n\nВ конце хода: при 10 и более <sprite name=\"FestivalFever\"><color=#f8c200><u><link=\"FestivalFever\">Праздничной горячки</link></u></color> использует мощню атаку в следующем ходе. (Не будет использовано, если пассивный эффект Дульсинеи 「Парад длится вечно」 активировался)"
    },
    {
      "id": 838102,
      "name": "Леди Парада",
      "desc": "Получает 8 <sprite name=\"Protection\"><color=#f8c200><u><link=\"Protection\">Защищённости</link></u></color> в начале хода. (На 1 <sprite name=\"Protection\"><color=#f8c200><u><link=\"Protection\">Защищённость</link></u></color> меньше за каждого мёртвого союзника)\n\nЕсли не было получено урона по ОЗ в течение хода, получает 2 <sprite name=\"Agility\"><color=#f8c200><u><link=\"Agility\">Спешки</link></u></color> на следующий ход."
    },
    {
      "id": 838103,
      "name": "Парад длится вечно",
      "desc": "В конце хода: при 5 и более <sprite name=\"IncompleteParade\"><color=#e30000><u><link=\"IncompleteParade\">Несовершенного парада</link></u></color> использует мощную атаку в следующем ходе."
    },
    {
      "id": 838104,
      "name": "Парад счастья",
      "desc": "Меняет поведение, когда ОЗ впервые опускается до 66% или ниже:\n- Максимальная и минимальная скорость повышается на 1;\n- Превращает все свои <sprite name=\"BloomingThorns\"><color=#f8c200><u><link=\"BloomingThorns\">Цветущие шипы</link></u></color> в <sprite name=\"BloomingThorns_2nd\"><color=#f8c200><u><link=\"BloomingThorns_2nd\">Кровотканые шипы</link></u></color>;\n- Все союзники получают 3 <sprite name=\"FestivalFever\"><color=#f8c200><u><link=\"FestivalFever\">Праздничной горячки</link></u></color> и 3 <sprite name=\"BloomingThorns\"><color=#f8c200><u><link=\"BloomingThorns\">Цветущих шипа</link></u></color> каждый ход."
    },
    {
      "id": 838105,
      "name": "Вечный парад счастья",
      "desc": "Меняет поведение, когда ОЗ впервые опускается до 33% или ниже:\n- Минимальная и максимальная скорость повышается 2;\n- Использует мощную атаку, после чего свои физические сопротивления ослабляются на 0.5;\n- Превращает все свои <sprite name=\"BloomingThorns\"><color=#f8c200><u><link=\"BloomingThorns\">Цветущие</link></u></color> или <sprite name=\"BloomingThorns_2nd\"><color=#f8c200><u><link=\"BloomingThorns_2nd\">Кровотканые</link></u></color> шипы в <sprite name=\"BloomingThorns_3rd\"><color=#f8c200><u><link=\"BloomingThorns_3rd\">Кровавые литые шипы</link></u></color>;\n- Все союзники получают 5 <sprite name=\"FestivalFever\"><color=#f8c200><u><link=\"FestivalFever\">Праздничной горячки</link></u></color> и 5 <sprite name=\"BloomingThorns\"><color=#f8c200><u><link=\"BloomingThorns\">Цветущих шипов</link></u></color> каждый ход."
    },
    {
      "id": 838106,
      "name": "Всё заканчивается не так",
      "desc": "В конце хода: если не осталось других союзников на поле боя или в запасе, теряет всю <sprite name=\"FestivalFever\"><color=#f8c200><u><link=\"FestivalFever\">Праздничную горячку</link></u></color> с <sprite name=\"IncompleteParade\"><color=#e30000><u><link=\"IncompleteParade\">Несовершенным парадом</link></u></color> и оглушается в следующем ходе.\n\nПосле оглушения призывает двух кровососов."
    },
    {
      "id": 838107,
      "name": "Кровавый пир",
      "desc": "Если находится на поле боя или является тем, кто может появиться на этом этапе, увеличивает значение <sprite name=\"BloodDinner\"><color=#9f6a3a><u><link=\"BloodDinner\">Кровавого пиршества</link></u></color> на величину урона от <sprite name=\"Laceration\"><color=#e30000><u><link=\"Laceration\">Кровотечения</link></u></color>, полученного всеми участниками битвы.\nПри выходе на поле боя, пропитавшая его спящая кровь заполняет поверхность."
    },
    {
      "id": 838108,
      "name": "Голод и иссушение",
      "desc": "Находится в состоянии <sprite name=\"StarvingDolcineaOne\"><color=#e30000><u><link=\"StarvingDolcineaOne\">Иссушения</link></u></color> на протяжении всей битвы."
    },
    {
      "id": 838901,
      "name": "Рыцарь Белой Луны",
      "desc": "Получаемый урон снижен на 20%.\nПри поражении в столкновении получает 3 <sprite name=\"Enhancement\"><color=#f8c200><u><link=\"Enhancement\">Повышения силы атаки</link></u></color>."
    },
    {
      "id": 838902,
      "name": "Равный поединок",
      "desc": "После 10 и более комбо в столкновении с одним и тем же противником случайно получает или теряет силу в столкновении, равную (Количество комбо / 10). (Округляется вниз)"
    }
  ]
}