{
  "dataList": [
    {
      "id": 113101,
      "name": "Провалившаяся засада",
      "desc": "Конец хода: если было проиграно столкновение в этом ходе, получает 2 <sprite name=\"Binding\"><color=#e30000><u><link=\"Binding\">Связывания</link></u></color> на следующий ход."
    },
    {
      "id": 113102,
      "name": "Тест Цзя Цю",
      "desc": "Входит в битву со <sprite name=\"RepressedMurderousIntendTwo\"><color=#e30000><u><link=\"RepressedMurderousIntendTwo\">Скрытой жаждой крови</link></u></color>.\n\nБитва завершается поражением, если Хон Лу умирает."
    },
    {
      "id": 113701,
      "name": "Расцветшее ЭГО::Э́рли́ (而立)",
      "desc": "Начало первого хода: восстанавливает 30 СД и получает <sprite name=\"ExaminationOfQiu\"><color=#9f6a3a><u><link=\"ExaminationOfQiu\">Проблеск предвкушения</link></u></color>."
    },
    {
      "id": 113702,
      "name": "Опустошение (削貶)",
      "desc": "При наличии 4 и более негативных эффектов Сила в столкновении повышается на 1."
    },
    {
      "id": 113703,
      "name": "Смертный ритуал【Сдерживание (勿動)】",
      "desc": "Наносит на 10% больше урона целям с <sprite name=\"BurstStop\"><color=#e30000><u><link=\"BurstStop\">Смертным ритуалом 【Сдерживание】</link></u></color>."
    },
    {
      "id": 113704,
      "name": "Смертный ритуал【Угасание (掣肘)】",
      "desc": "Получает на 20% меньше урона от противников с <sprite name=\"BurstSuppress\"><color=#e30000><u><link=\"BurstSuppress\">Смертным ритуалом 【Угасание】</link></u></color>."
    },
    {
      "id": 113706,
      "name": "Прислушайся ко мне, Цзы Лу",
      "desc": "Меняет поведение при 85% ОЗ.\n\nПереходит в новую фазу при 60% ОЗ."
    },
    {
      "id": 113707,
      "name": "Здесь твой путь завершается",
      "desc": "Битва завершается поражением, если Хон Лу умирает."
    },
    {
      "id": 113708,
      "name": "Низвержение",
      "desc": "Сбегает с поля боя, когда ОЗ падают ниже 1."
    },
    {
      "id": 113301,
      "name": "Пересчёт противников",
      "desc": "Конец хода: получает 1 <sprite name=\"Binding\"><color=#e30000><u><link=\"Binding\">Связывание</link></u></color> на следующий ход за каждое проигранное в этом ходе столкновение. (До 6)"
    },
    {
      "id": 113302,
      "name": "Сияние Шин (心)",
      "desc": "Начало первого хода: восстанавливает 30 СД.\n\nМеняет поведение при 85% ОЗ.\n\nПолучает 500 ОЗ Щита в начале хода при 60% ОЗ.\n- После активации этого эффекта ОЗ не могут упасть ниже 1."
    },
    {
      "id": 114101,
      "name": "Расцветшее ЭГО::Э́рли́ (而立)",
      "desc": "В начале первого хода получает <sprite name=\"ExaminationOfQiu\"><color=#9f6a3a><u><link=\"ExaminationOfQiu\">Проблеск предвкушения</link></u></color>."
    },
    {
      "id": 114102,
      "name": "Принижение (貶)",
      "desc": "Сила монет +1 против целей с 3 и более типами Смертных ритуалов."
    },
    {
      "id": 114104,
      "name": "Я спрошу тебя снова.",
      "desc": "Битва завершается при достижении 50% ОЗ."
    },
    {
      "id": 114105,
      "name": "Фокус",
      "desc": "Призывает Хэйшоу при использовании 「Дай же истинный ответ」."
    },
    {
      "id": 114106,
      "name": "Фокус",
      "desc": "Начинает фазу с половиной силы и счётчика <sprite name=\"Burst\"><color=#e30000><u><link=\"Burst\">Разрыва</link></u></color>, <sprite name=\"Combustion\"><color=#e30000><u><link=\"Combustion\">Огня</link></u></color>, <sprite name=\"Sinking\"><color=#e30000><u><link=\"Sinking\">Утопания</link></u></color>, <sprite name=\"Vibration\"><color=#e30000><u><link=\"Vibration\">Тремора</link></u></color> и <sprite name=\"Laceration\"><color=#e30000><u><link=\"Laceration\">Кровотечения</link></u></color>, которые были в её начале."
    },
    {
      "id": 113709,
      "name": "Бесконечная песня эрудиции",
      "desc": "Восстанавливает 5 СД после атаки за каждый Смертный ритуал на цели.\n\nЕсли при попадании Смертный ритуал на цели был активирован, восстанавливает 3 СД за каждый активированный Смертный ритуал."
    },
    {
      "id": 114107,
      "name": "Я всё ещё жду твоего ответа.",
      "desc": "Начало каждого хода: Ядро и Части получают 900 ОЗ Щита.\n- Когда Хон Лу имеет <sprite name=\"Teaching\"><color=#c8e7d9><u><link=\"Teaching\">Диалоги</link></u></color>, теряет по 300 ОЗ Щита за каждое их значение у Хон Лу;\n- Когда у Хон Лу 3 и более <sprite name=\"Teaching\"><color=#c8e7d9><u><link=\"Teaching\">Диалога</link></u></color>, больше не получает ОЗ Щита до конца битвы."
    },
    {
      "id": 115701,
      "name": "Ненависть",
      "desc": "Итоговая сила +2 против Хон Лу."
    },
    {
      "id": 115702,
      "name": "Выпущенное проклятие",
      "desc": "Начало хода: получает <sprite name=\"AttackUp\"><color=#f8c200><u><link=\"AttackUp\">Повышения уровня атаки</link></u></color> в количестве убитых монстров из сосуда. (До 5)"
    },
    {
      "id": 115703,
      "name": "Возвращая боль",
      "desc": "Наносит на 1% больше урона за каждый 1% потерянных ОЗ. (До 50%)"
    },
    {
      "id": 115801,
      "name": "Болюс... Бессмертия?",
      "desc": "При попадании восстанавливает ОЗ на 10% от нанесённого урона. (Округляется вниз)\n- Если на противнике есть <sprite name=\"MadFeather\"><color=#e30000><u><link=\"MadFeather\">Глазные пятна</link></u></color>, восстанавливает ещё (<sprite name=\"MadFeather\"><color=#e30000><u><link=\"MadFeather\">Глазных пятен</link></u></color> на цели)% ОЗ."
    },
    {
      "id": 115802,
      "name": "Я НИКОГДА НЕ ЧУВСТВОВАЛ СЕБЯ ТАК МОЩНО!",
      "desc": "Восстанавливает 3 СД при попадании."
    },
    {
      "id": 115803,
      "name": "МОЯ МЕСТЬ ТОЛЬКО НАЧИНАЕТСЯ!",
      "desc": "Получает 1 <sprite name=\"AttackUp\"><color=#f8c200><u><link=\"AttackUp\">Повышение уровня атаки</link></u></color> на следующий ход за каждое проигранное столкновение. (До 3)"
    },
    {
      "id": 115804,
      "name": "Разрывание перьями",
      "desc": "Получает 1 <sprite name=\"Vulnerable\"><color=#e30000><u><link=\"Vulnerable\">Уязвимость</link></u></color> на следующий ход при попадании 3 раза по одной и той же цели в одном ходе."
    },
    {
      "id": 115805,
      "name": "Ярость",
      "desc": "Уровень атаки +1 и Уровень защиты -1 за каждые 15% потерянных ОЗ. (До 6; вся потеря ОЗ складывается)"
    },
    {
      "id": 115901,
      "name": "Раны",
      "desc": "Входит в битву с 80% ОЗ."
    },
    {
      "id": 115902,
      "name": "Господин смертоносных монахов",
      "desc": "Конец хода: при СД 20 и менее высасывает 10 СД из трёх случайных союзников с наибольшей СД, чтобы восстановить себе столько же.\n\nНачало хода: даёт 2 <sprite name=\"AttackDmgUp\"><color=#f8c200><u><link=\"AttackDmgUp\">Повышения урона</link></u></color> другим союзникам с СД -20 и менее."
    },
    {
      "id": 115903,
      "name": "Зловещая энергия",
      "desc": "При нанесении противнику <sprite name=\"OminousTalisman\"><color=#e30000><u><link=\"OminousTalisman\">Предзнаменующих талисманов</link></u></color>, если он уже их имеет, снимает с него до 3 <sprite name=\"OminousTalisman\"><color=#e30000><u><link=\"OminousTalisman\">Предзнаменующих талисманов</link></u></color> и наносит такое же количество <sprite name=\"DefenseDown\"><color=#e30000><u><link=\"DefenseDown\">Понижений уровня защиты</link></u></color> на этот и следующий ход."
    },
    {
      "id": 115904,
      "name": "Проклятье... Уберите их всех уже!",
      "desc": "При получении смертельного урона игнорирует его и отступает с поля боя, перемещаясь в самый конец очереди противников. (Выходит из состояни оглушения)\n- Не активируется, если в этом ходе умерло больше союзников, чем может появиться в следующем из их запаса, или же некому появится в следующем ходе."
    },
    {
      "id": 115905,
      "name": "Конец боя",
      "desc": "Битва завершается победой, когда Ван Циншань теряет все ОЗ."
    },
    {
      "id": 116701,
      "name": "Гхх... эти чёртовы гравюры...!",
      "desc": "Конец хода: при силе своего <sprite name=\"Charge\"><color=#f8c200><u><link=\"Charge\">Заряда</link></u></color> 7 и более получает 4 <sprite name=\"DefenseDown\"><color=#e30000><u><link=\"DefenseDown\">Понижения уровня защиты</link></u></color> и 3 <sprite name=\"AttackDmgUp\"><color=#f8c200><u><link=\"AttackDmgUp\">Повышения урона</link></u></color> на следующий ход."
    },
    {
      "id": 116702,
      "name": "Ваше убогое оружие несравнимо с моим",
      "desc": "Если удалось нанести 4 и более <sprite name=\"Burst\"><color=#e30000><u><link=\"Burst\">Разрыва</link></u></color> в течение хода, повышает свой счётчик <sprite name=\"Charge\"><color=#f8c200><u><link=\"Charge\">Заряда</link></u></color> на 3 в его конце."
    },
    {
      "id": 116703,
      "name": "Это реально все ваши силы?",
      "desc": "В начале хода получает 1 <sprite name=\"AttackDmgUp\"><color=#f8c200><u><link=\"AttackDmgUp\">Повышение урона</link></u></color> за каждую единицу силы своего <sprite name=\"Charge\"><color=#f8c200><u><link=\"Charge\">Заряда</link></u></color>."
    },
    {
      "id": 116704,
      "name": "Конец боя",
      "desc": "Битва завершается победой, когда Ши Хуа что-то там теряет все ОЗ."
    },
    {
      "id": 116705,
      "name": "Развёртывание зарядного щита",
      "desc": "Если в начале хода имеется <sprite name=\"Charge\"><color=#f8c200><u><link=\"Charge\">Заряд</link></u></color>, получает (100 - ((Сила своего Заряда - 1) × 10)) ОЗ Щита.\n- Если сила своего <sprite name=\"Charge\"><color=#f8c200><u><link=\"Charge\">Заряда</link></u></color> достигла 7, больше не получает ОЗ Щита."
    },
    {
      "id": 116001,
      "name": "Это то, как используют человеческие ресурсы",
      "desc": "Начало хода: если ОЗ менее 50%, приносит в жертву случайного наёмника семьи Ши, чтобы восстановить себе 25 СД и (10% от своих текущих ОЗ + 50% ОЗ этого наёмника) ОЗ, а также выйти из оглушения. (Единожды за ход)"
    },
    {
      "id": 116002,
      "name": "Цзинь Ган, Нерушимый Алмаз",
      "desc": "Начало хода: получает 5 <sprite name=\"Protection\"><color=#f8c200><u><link=\"Protection\">Защищённости</link></u></color>.\n- Получает на 1 <sprite name=\"Protection\"><color=#f8c200><u><link=\"Protection\">Защищённость</link></u></color> меньше за каждую единицу силы своего <sprite name=\"Charge\"><color=#f8c200><u><link=\"Charge\">Заряда</link></u></color>;\n- Если сила своего <sprite name=\"Charge\"><color=#f8c200><u><link=\"Charge\">Заряда</link></u></color> достигла 7, больше не получает <sprite name=\"Protection\"><color=#f8c200><u><link=\"Protection\">Защищённость</link></u></color>."
    },
    {
      "id": 116003,
      "name": "Конец боя",
      "desc": "Битва завершается победой, когда Ши Сицзин теряет все ОЗ."
    },
    {
      "id": 115704,
      "name": "Конец боя",
      "desc": "Битва завершается победой, когда Сюэ Пань теряет все ОЗ."
    },
    {
      "id": 115806,
      "name": "Конец боя",
      "desc": "Битва завершается победой, когда Ши Ихуа теряет все ОЗ."
    },
    {
      "id": 114401,
      "name": "Мой господин",
      "desc": "Начало хода: восстанавливает 30 СД и получает до 500 ОЗ Щита.\n\nОЗ не могут упасть ниже 1."
    }
  ]
}