{
  "dataList": [
    {
      "id": 815101,
      "name": "Сопротивление греху",
      "desc": "Получает на 50% меньше урона от <sprite name=\"Combustion\"><color=#e30000><u><link=\"Combustion\">Огня</link></u></color>, если части тела не оглушены или повреждены."
    },
    {
      "id": 815201,
      "name": "Сопротивление греху",
      "desc": "Получает на 50% меньше урона от <sprite name=\"Sinking\"><color=#e30000><u><link=\"Sinking\">Утопания</link></u></color>, если части тела не оглушены или повреждены."
    },
    {
      "id": 815301,
      "name": "Ножны отмщения",
      "desc": "Получает <sprite name=\"Grudge\"><color=#4b679d><u><link=\"Grudge\">Растущую горечь</link></u></color> в начале хода, если атака <color=#c94242>「Дабы забрать их кости」</color> находится в слоте навыков. <sprite name=\"Grudge\"><color=#4b679d><u><link=\"Grudge\">Растущая горечь</link></u></color> исчезает в конце хода."
    },
    {
      "id": 815402,
      "name": "Танец клинка",
      "desc": "Если ОЗ упали до 20% и ниже, меняет поведение в следующем ходе и начиная с него получает 20 <sprite name=\"Grudge\"><color=#4b679d><u><link=\"Grudge\">Растущей горечи</link></u></color> каждый ход, а сама <sprite name=\"Grudge\"><color=#4b679d><u><link=\"Grudge\">Растущая горечь</link></u></color> больше не исчезает."
    },
    {
      "id": 815403,
      "name": "Растущая горечь",
      "desc": "Получает 1 <sprite name=\"DefenseDown\"><color=#e30000><u><link=\"DefenseDown\">Понижение уровня защиты</link></u></color> на следующий ход, если себе наносится урон <sprite name=\"Sinking\"><color=#e30000><u><link=\"Sinking\">Утопанием</link></u></color>. (До 5 раз за ход)"
    }
  ]
}