{
  "dataList": [
    {
      "id": 827701,
      "name": "Спасённое время",
      "desc": "В начале битвы получает 1000 <sprite name=\"LimitedTime\"><color=#cc9901><u><link=\"LimitedTime\">Украденного времени</link></u></color>."
    },
    {
      "id": 827702,
      "name": "Ускоренная регенерация",
      "desc": "Если повреждена часть к концу хода, тратит 100 её Времени на восстановление."
    },
    {
      "id": 827801,
      "name": "Всеобщее время",
      "desc": "Если ОЗ падают до 75%, переходит во вторую фазу. При смене фазы восстанавливает СД до 30 и разделяет <sprite name=\"LimitedTime\"><color=#cc9901><u><link=\"LimitedTime\">Украденное время</link></u></color> между всеми частями как <sprite name=\"OwnTime\"><color=#f5be14><u><link=\"OwnTime\">Распределённое время</link></u></color>."
    },
    {
      "id": 827802,
      "name": "Равные расходы",
      "desc": "Получает <sprite name=\"EquitableDistribution\"><color=#d19103><u><link=\"EquitableDistribution\">Издержки распределённого времени</link></u></color> в конце хода."
    },
    {
      "id": 827803,
      "name": "Во имя сообщества времени",
      "desc": "Получают 5 <sprite name=\"Protection\"><color=#f8c200><u><link=\"Protection\">Защищённости</link></u></color> в начале хода."
    },
    {
      "id": 827804,
      "name": "Вначале у них забери!",
      "desc": "Если ОЗ равны или ниже 60%, <sprite name=\"EquitableDistribution\"><color=#d19103><u><link=\"EquitableDistribution\">Издержки распределённого времени</link></u></color> превращаются в <sprite name=\"UnfairDistribution\"><color=#bf890f><u><link=\"UnfairDistribution\">Распри</link></u></color>."
    }
  ]
}