{
  "dataList": [
    {
      "id": 858801,
      "name": "Введённые ненависть и враждебность",
      "desc": "Конец хода: при менее чем 50% ОЗ Ядра получает 1 <sprite name=\"Enhancement\"><color=#f8c200><u><link=\"Enhancement\">Повышение силы атаки</link></u></color> на следующий ход. (Единожды за битву)"
    },
    {
      "id": 857801,
      "name": "Белый госсипиум",
      "desc": "В конце хода: снимает оглушение с противников и накладывает на них (Уровень оглушения × 8) <sprite name=\"Laceration\"><color=#e30000><u><link=\"Laceration\">Кровотечения</link></u></color> и 2 <sprite name=\"Reduction\"><color=#e30000><u><link=\"Reduction\">Понижения силы атаки</link></u></color> на следующий ход."
    },
    {
      "id": 857802,
      "name": "Связывающие корни",
      "desc": "В конце хода: наносит 1 <sprite name=\"Binding\"><color=#e30000><u><link=\"Binding\">Связывание</link></u></color> на всех противников с <sprite name=\"MRcAfBa\"><color=#e30000><u><link=\"MRcAfBa\">Госсипиумом</link></u></color>."
    },
    {
      "id": 857803,
      "name": "Окровавленный госсипиум",
      "desc": "Конец хода: при менее чем 20% ОЗ Ядра переходит в состояние <sprite name=\"MRcAfBb\"><color=#f8c200><u><link=\"MRcAfBb\">Окровавленного Госсипиума</link></u></color> до конца битвы."
    },
    {
      "id": 857804,
      "name": "Налитый кровью",
      "desc": "При нанесении урона атакующим навыком восстанавливает ОЗ в размере <sprite name=\"Laceration\"><color=#e30000><u><link=\"Laceration\">Кровотечения</link></u></color> цели."
    },
    {
      "id": 857805,
      "name": "Посадка госсипиума",
      "desc": "При проигрыше в столкновении атакой 「Разлетающийся госсипиум」, использует атаку 「Наступающий госсипиум」 в следующем ходе."
    },
    {
      "id": 857806,
      "name": "Цветущий госсипиум",
      "desc": "Когда Тело повреждено, <sprite name=\"MRcAfBa\"><color=#e30000><u><link=\"MRcAfBa\">Госсипиум</link></u></color> всех противников снижается вдвое."
    },
    {
      "id": 857701,
      "name": "Пылающий уголёк",
      "desc": "Атаки без греха Гнева в количестве значения эффекта <sprite name=\"MRcAiBa\"><color=#f8c200><u><link=\"MRcAiBa\">Искры</link></u></color> приобретают его."
    },
    {
      "id": 857702,
      "name": "Переплетённый пылающий цветок",
      "desc": "При попадании наносит <sprite name=\"Combustion\"><color=#e30000><u><link=\"Combustion\">Огонь</link></u></color> в количестве используемых собою в этом ходе навыков с грехом Гнева и восстанавливает (Это же значение × 2) ОЗ."
    },
    {
      "id": 857703,
      "name": "Последняя искра",
      "desc": "При менее чем 30% ОЗ получает на 1 <sprite name=\"MRcAiBa\"><color=#f8c200><u><link=\"MRcAiBa\">Искру</link></u></color> больше."
    },
    {
      "id": 857704,
      "name": "Раздуть пламя",
      "desc": "При использовании атаки 「Вспышка алых лепестков」, если не осталось <sprite name=\"MRcAiBa\"><color=#f8c200><u><link=\"MRcAiBa\">Искр</link></u></color>, использует 「Раздуть пламя」 вместо неё."
    },
    {
      "id": 858501,
      "name": "Презрение и взор",
      "desc": "Накладывает 1 <sprite name=\"MRcAmBc\"><color=#e30000><u><link=\"MRcAmBc\">Взор</link></u></color> на цель каждый раз, когда часть 「Руки」 получает урон. (До 3 раз за ход)\n\nПротивники с <sprite name=\"MRcAmBa\"><color=#e30000><u><link=\"MRcAmBa\">Презрением</link></u></color> не могут получить <sprite name=\"MRcAmBc\"><color=#e30000><u><link=\"MRcAmBc\">Взор</link></u></color>.\n\nКогда Хватка[TabExplain] на поле боя с <sprite name=\"MRcAmBa\"><color=#e30000><u><link=\"MRcAmBa\">Презрением</link></u></color> ломается, все части получают 3 <sprite name=\"Vulnerable\"><color=#e30000><u><link=\"Vulnerable\">Уязвимости</link></u></color> на следующий ход."
    },
    {
      "id": 858502,
      "name": "Всевидящий взор",
      "desc": "Когда ОЗ Ядра опускаются ниже 30% от максимальных ОЗ, превращает весь <sprite name=\"MRcAmBc\"><color=#e30000><u><link=\"MRcAmBc\">Взор</link></u></color> и <sprite name=\"MRcAmBa\"><color=#e30000><u><link=\"MRcAmBa\">Презрение</link></u></color> противников во <sprite name=\"MRcAmBd\"><color=#e30000><u><link=\"MRcAmBd\">Всевидящий взор</link></u></color>."
    },
    {
      "id": 858503,
      "name": "Сокрушительная хватка",
      "desc": "В определённые ходы, если ни у одного из противников нет <sprite name=\"MRcAmBbDisplay\"><color=#e30000><u><link=\"MRcAmBbDisplay\">Хватки</link></u></color>, использует Сокрушение."
    },
    {
      "id": 858504,
      "name": "Накопленное презрение",
      "desc": "Конец хода: Получает 1 <sprite name=\"CrimsonTakeDamageUp\"><color=#e30000><u><link=\"CrimsonTakeDamageUp\">Уязвимость к Гневу</link></u></color>, <sprite name=\"ScarletTakeDamageUp\"><color=#e30000><u><link=\"ScarletTakeDamageUp\">Уязвимость к Похоти</link></u></color>, <sprite name=\"AmberTakeDamageUp\"><color=#e30000><u><link=\"AmberTakeDamageUp\">Уязвимость к Лености</link></u></color>, <sprite name=\"ShamrockTakeDamageUp\"><color=#e30000><u><link=\"ShamrockTakeDamageUp\">Уязвимость к Чревоугодию</link></u></color> или <sprite name=\"AzureTakeDamageUp\"><color=#e30000><u><link=\"AzureTakeDamageUp\">Уязвимость к Унынию</link></u></color> (До 3) за каждые 10 силы <sprite name=\"Combustion\"><color=#e30000><u><link=\"Combustion\">Огня</link></u></color>, <sprite name=\"Laceration\"><color=#e30000><u><link=\"Laceration\">Кровотечения</link></u></color>, <sprite name=\"Vibration\"><color=#e30000><u><link=\"Vibration\">Тремора</link></u></color>, <sprite name=\"Burst\"><color=#e30000><u><link=\"Burst\">Разрыва</link></u></color> или <sprite name=\"Sinking\"><color=#e30000><u><link=\"Sinking\">Утопания</link></u></color> на себе соответственно."
    },
    {
      "id": 858505,
      "name": "Пронзённый взор",
      "desc": "При получении критического удара получает 1 <sprite name=\"IndigoTakeDamageUp\"><color=#e30000><u><link=\"IndigoTakeDamageUp\">Уязвимость к Гордыне</link></u></color>. (До 3; единожды за наносящий удар навык)\n\nПри получении урона от навыка, потратившего 8 и более единиц счётчика <sprite name=\"Charge\"><color=#f8c200><u><link=\"Charge\">Заряда</link></u></color>, получает 1 <sprite name=\"VioletTakeDamageUp\"><color=#e30000><u><link=\"VioletTakeDamageUp\">Уязвимость к Зависти</link></u></color>. (До 3; единожды за наносящий удар навык)"
    },
    {
      "id": 860401,
      "name": "Хватка",
      "desc": "Конец хода: при значении <sprite name=\"MRcAmBbDisplay\"><color=#e30000><u><link=\"MRcAmBbDisplay\">Хватки</link></u></color> 2 или менее наносит урон, равный половине максимальных ОЗ цели, после этого все части Спирали Презрения восстанавливают такое же количество ОЗ."
    },
    {
      "id": 860402,
      "name": "Спасение",
      "desc": "Конец хода: если было <sprite name=\"MRcAmBa\"><color=#e30000><u><link=\"MRcAmBa\">Презрение</link></u></color> при активации эффекта <sprite name=\"MRcAmBb\"><color=#e30000><u><link=\"MRcAmBb\">Хватки</link></u></color>, снимает <sprite name=\"MRcAmBa\"><color=#e30000><u><link=\"MRcAmBa\">Презрение</link></u></color> со всех противников, когда Хватка повреждена одним из них."
    },
    {
      "id": 857301,
      "name": "Обнажённая жемчужина",
      "desc": "В начале хода: если количество <sprite name=\"AaCePcBh\"><color=#689f35><u><link=\"AaCePcBh\">Зелёной слизи</link></u></color> равно 0, становится оглушённым, а сопротивления Жемчужины всем грехам ослабляются 0.5.\n\nПри восстановлении от оглушения получает 10 <sprite name=\"AaCePcBh\"><color=#689f35><u><link=\"AaCePcBh\">Зелёной слизи</link></u></color>."
    },
    {
      "id": 857302,
      "name": "Собирающаяся слизь",
      "desc": "Фиксирует скорость этой Части на значении 3 на один ход при использовании атаки 「Пожирающая жидкость」."
    },
    {
      "id": 857401,
      "name": "Загрязняющая слизь",
      "desc": "В конце хода: наносит (Зелёной слизи на поле боя + 4) <sprite name=\"Poison\"><color=#e30000><u><link=\"Poison\">Яда</link></u></color> на всех противников."
    },
    {
      "id": 857501,
      "name": "Подводное дыхание",
      "desc": "Начиная со второго хода:\n- Получает 10 <sprite name=\"Breath\"><color=#f8c200><u><link=\"Breath\">Дыхания</link></u></color> и повышает его счётчик на 3, если часть «Флуоресцентные лампы» не повреждена.\n- Получает 1 <sprite name=\"Paralysis\"><color=#e30000><u><link=\"Paralysis\">Паралича</link></u></color> и 1 <sprite name=\"AttackDmgDown\"><color=#e30000><u><link=\"AttackDmgDown\">Понижения урона</link></u></color>, если часть «Флуоресцентные лампы» повреждена."
    },
    {
      "id": 858601,
      "name": "Общая рана",
      "desc": "При смерти наносит 10 урона присоединённым Русалкам. Затем даёт им 2 <sprite name=\"AttackDmgUp\"><color=#f8c200><u><link=\"AttackDmgUp\">Повышения урона</link></u></color> на следующий ход."
    }
  ]
}