{
  "dataList": [
    {
      "id": 811301,
      "name": "Хохот Сантаты",
      "desc": "Если свой счётчик <sprite name=\"Charge\"><color=#f8c200><u><link=\"Charge\">Заряда</link></u></color> равен 10 и более, получает <sprite name=\"AaCeSeBa\"><color=#f8c200><u><link=\"AaCeSeBa\">ХО! ХО! ХО!</link></u></color> на следующий ход.\n\nЕсли ОЗ Ядра менее 30%, получает <sprite name=\"AaCeSeBa\"><color=#f8c200><u><link=\"AaCeSeBa\">ХО! ХО! ХО!</link></u></color> каждый ход.",
      "summary": ""
    },
    {
      "id": 811302,
      "name": "Погасшие огни",
      "desc": "Теряет весь счётчик <sprite name=\"Charge\"><color=#f8c200><u><link=\"Charge\">Заряда</link></u></color> в состоянии оглушения.",
      "summary": ""
    },
    {
      "id": 811303,
      "name": "Рассеивающееся дыхание",
      "desc": "Теряет 1 силу <sprite name=\"Breath\"><color=#f8c200><u><link=\"Breath\">Дыхания</link></u></color> при получении урона от атакующего навыка.",
      "summary": ""
    },
    {
      "id": 811304,
      "name": "Я НЕ МОГУ УПАКОВАТЬ НЕСНОСНЫЕ ПОДАРКИ!!",
      "desc": "Базовая сила атаки 「Упаковываем вещички」 -2, если Мешок для подарков повреждён.",
      "summary": ""
    }
  ]
}