{
  "dataList": [
    {
      "id": 816101,
      "name": "Отрицание греха",
      "desc": "Получает на 80% меньше урона от <sprite name=\"Combustion\"><color=#e30000><u><link=\"Combustion\">Огня</link></u></color>, если оглушён или часть повреждена."
    },
    {
      "id": 816102,
      "name": "Распространяющееся пламя",
      "desc": "Если у цели есть <sprite name=\"Combustion\"><color=#e30000><u><link=\"Combustion\">Огонь</link></u></color>: при попадании половина <sprite name=\"Combustion\"><color=#e30000><u><link=\"Combustion\">Огня</link></u></color> с цели переносится на 2 Грешника, находящихся рядом с целью на приборной панели."
    },
    {
      "id": 816601,
      "name": "Хаотичная охота",
      "desc": "После победы в столкновении: Сила в следующем столкновении понижается на 1. (До 2)\n\nПосле поражения в столкновении: Сила в следующем столкновении повышается на 1. (До 2)"
    },
    {
      "id": 816602,
      "name": "Отвергнутая человечность",
      "desc": "В начале хода получает 2 <sprite name=\"AttackDmgUp\"><color=#f8c200><u><link=\"AttackDmgUp\">Повышение урона</link></u></color>."
    },
    {
      "id": 816603,
      "name": "Мешок",
      "desc": "Пока связан цепью, все части получают 1 <sprite name=\"Enhancement\"><color=#f8c200><u><link=\"Enhancement\">Повышение силы атаки</link></u></color> и 2 <sprite name=\"AttackDmgUp\"><color=#f8c200><u><link=\"AttackDmgUp\">Повышения урона</link></u></color>.\n\nКогда цепь разрывается, начиная со следующего хода получает 2 <sprite name=\"Binding\"><color=#e30000><u><link=\"Binding\">Связывания</link></u></color>, а все физические сопротивления ослабляются на 0.7 до конца битвы."
    },
    {
      "id": 816604,
      "name": "Ненависть",
      "desc": "Когда ОЗ опускаются до 35%: Сила в столкновении +2 против целей с большим процентом ОЗ."
    },
    {
      "id": 816605,
      "name": "Движимый злобой",
      "desc": "Когда ОЗ опускаются ниже 30%:\n- Дробящие навыки наносят на 20% больше урона;\n- Получает 1 <sprite name=\"Enhancement\"><color=#f8c200><u><link=\"Enhancement\">Повышение силы атаки</link></u></color> и 2 <sprite name=\"Vulnerable\"><color=#e30000><u><link=\"Vulnerable\">Уязвимости</link></u></color> в начале каждого хода. (До 3-х раз)"
    },
    {
      "id": 816606,
      "name": "Адская гончая",
      "desc": "Когда цепь разрывается, делает <sprite name=\"AaCfPcBg\"><color=#e30000><u><link=\"AaCfPcBg\">Объектом гнева</link></u></color> случайного противника и выбирает его приоритетной целью."
    },
    {
      "id": 817101,
      "name": "Превосходство",
      "desc": "Восстанавливает 3 СД после победы в столкновении с более медленным противником."
    },
    {
      "id": 817102,
      "name": "Незваный гость",
      "desc": "Выбирает приоритетными целям оглушённых противников и наносит им на 20% больше урона."
    },
    {
      "id": 817103,
      "name": "Искусство приёма 9: Связывание",
      "desc": "После изменения поведения и окончания боевой фазы накладывает <sprite name=\"AaCfPcBc\"><color=#e30000><u><link=\"AaCfPcBc\">Технику связывания</link></u></color> на случайного противника без <sprite name=\"AaCfPcBc\"><color=#e30000><u><link=\"AaCfPcBc\">Техники связывания</link></u></color> в следующем ходе."
    },
    {
      "id": 817104,
      "name": "Освобождение от пут",
      "desc": "Вся <sprite name=\"AaCfPcBc\"><color=#e30000><u><link=\"AaCfPcBc\">Техника связывания</link></u></color> менее или равная 2-ум спадает, если Нелли оглушена."
    },
    {
      "id": 817201,
      "name": "Распространение эмоций",
      "desc": "Когда погибает союзник с таким же Грехом, как и эффект Взрывного Греха у Эрлкинг Хитклифа: он теряет эффект Взрывного Греха, убивает всех других союзников и получает <sprite name=\"AaCfPbBd\"><color=#9f6a3a><u><link=\"AaCfPbBd\">Глубокую Скорбь</link></u></color> на следующий ход.\nВсе Грешники получают эффекты соответствующих Взрывных Грехов и повышают своё сопротивление соответствующим Грехам."
    },
    {
      "id": 817202,
      "name": "Слитая ненависть",
      "desc": "Когда имеется эффект Взрывного Греха, все грехи своих атак заменяются на соответствующий.\n\nДаже после истечения эффекта Взрывных Грехов, изменённые Грехи навыков остаются до конца фазы."
    },
    {
      "id": 817203,
      "name": "Непрерывная месть",
      "desc": "Меняет поведение при падении ОЗ до 75% и 35%.\n\nПри смене поведения уменьшает вдвое силу и счётчик всех своих негативных эффектов."
    },
    {
      "id": 9101602,
      "name": "Антагонизм",
      "desc": "Сила в столкновении +2 и на 20% больше урона против целей с большими ОЗ."
    },
    {
      "id": 9101603,
      "name": "Долгожданный момент",
      "desc": "При победе в столкновении восстанавливает 5 СД.\n\nПри поражении в столкновении против Хитклифа теряет 5 СД и получает 2 <sprite name=\"Binding\"><color=#e30000><u><link=\"Binding\">Связывания</link></u></color> на следующий ход. (Единожды за ход)\n\nЕсли не удалось нанести ни одного удара по Хитклифу в течение хода, теряет 5 СД в его конце."
    },
    {
      "id": 9101606,
      "name": "Борющийся дух",
      "desc": "Уровень защиты +1 за каждые 10% потерянных ОЗ."
    },
    {
      "id": 821601,
      "name": "Дикая охота опустошения",
      "desc": "Не может быть побежден при 0 ОЗ.\nОЗ не опускаются ниже 1."
    },
    {
      "id": 817401,
      "name": "Далёкая личность",
      "desc": "В конце хода: если у обеих рук 1 ОЗ, получает <sprite name=\"Inactible\"><color=#e30000><u><link=\"Inactible\">Обездвиживание</link></u></color>."
    },
    {
      "id": 817402,
      "name": "Холодное тело",
      "desc": "ОЗ не опускаются ниже 1."
    },
    {
      "id": 817403,
      "name": "Нестабильное ЭГО",
      "desc": "В конце хода: если у обеих рук 1 ОЗ, получает ОЗ Щита на следующий ход.\nКогда эти ОЗ Щита полностью истощаются, получает <sprite name=\"Inactible\"><color=#e30000><u><link=\"Inactible\">Обездвиживание</link></u></color>."
    },
    {
      "id": 819201,
      "name": "Рука, отсекающая страдания",
      "desc": "Если в конце следующего хода после того, как ОЗ этой руки опустились до 1, у другой руки 2 и более ОЗ, восстанавливает ОЗ на 50% от ОЗ другой руки."
    },
    {
      "id": 821401,
      "name": "Глубокая скорбь",
      "desc": "Оглушается пока ОЗ равны 1.\nОЗ не опускаются ниже 1."
    },
    {
      "id": 817404,
      "name": "Разбитое сердце",
      "desc": "Если есть Рука с 2 и более ОЗ, получает 10 <sprite name=\"Protection\"><color=#f8c200><u><link=\"Protection\">Защищённости</link></u></color>, а все сопротивления фиксируются на x0.2.\n\nВ начале хода: если у обеих рук 1 ОЗ, <sprite name=\"Protection\"><color=#f8c200><u><link=\"Protection\">Защищённость</link></u></color> истекает, а все сопротивления сбрасываются."
    },
    {
      "id": 817405,
      "name": "За каждого Хитклиффа",
      "desc": "В столкновении против Хитклифа теряет 3 Силы в столкновении и наносит на 50% меньше урона по нему.\n\nБитва заканчивается поражением, если Хитклиф погибает."
    },
    {
      "id": 816408,
      "name": "Долгожданный момент",
      "desc": "При победе в столкновении восстанавливает 5 СД.\n\nПри поражении в столкновении против Хитклифа теряет 5 СД и получает 2 <sprite name=\"Binding\"><color=#e30000><u><link=\"Binding\">Связывания</link></u></color> на следующий ход. (Единожды за ход)\n\nЕсли не удалось нанести ни одного удара по Хитклифу в течение хода, теряет 5 СД в его конце."
    },
    {
      "id": 9101607,
      "name": "Нет пути назад",
      "desc": "Хитклиф не может отступить или сбежать с поля боя."
    }
  ]
}