{
  "dataList": [
    {
      "id": 9101701,
      "name": "Всеобщее достижение",
      "desc": "Если цель оглушена после урона от атаки или <sprite name=\"VibrationExplosion\"><color=#e30000><u><link=\"VibrationExplosion\">Провокации Тремора</link></u></color>, все союзники восстанавливают 10 СД."
    },
    {
      "id": 9014201,
      "name": "Срочный временной займ",
      "desc": "Если оглушён к концу хода, счётчик собственного <sprite name=\"TimeRentalTwo\"><color=#f8c200><u><link=\"TimeRentalTwo\">Одолженного времени Корп. Т</link></u></color> повышается на 3."
    },
    {
      "id": 9014202,
      "name": "Золотой час I",
      "desc": "Если в конце хода осталось 16~20% ОЗ, моментально восстанавливает ОЗ до 60% и выходит из оглушения. (Единожды за битву)"
    },
    {
      "id": 9014203,
      "name": "Отдача времени I",
      "desc": "После активации Золотого часа получает 2 <sprite name=\"Vulnerable\"><color=#e30000><u><link=\"Vulnerable\">Уязвимости</link></u></color> в начале следующего хода."
    },
    {
      "id": 9014204,
      "name": "Готовность взимать время",
      "desc": "Если в начале хода не имеется <sprite name=\"TimeRentalTwo\"><color=#f8c200><u><link=\"TimeRentalTwo\">Одолженного времени Корп. Т</link></u></color>, свой счётчик <sprite name=\"Vibration\"><color=#e30000><u><link=\"Vibration\">Тремора</link></u></color> повышается на 5."
    },
    {
      "id": 9014301,
      "name": "Золотое время II",
      "desc": "Если в конце хода осталось 10~20% ОЗ, моментально восстанавливает ОЗ до 80% и выходит из оглушения. (Единожды за битву)"
    },
    {
      "id": 9014302,
      "name": "Отдача времени II",
      "desc": "После активации Золотого часа получает 3 <sprite name=\"Vulnerable\"><color=#e30000><u><link=\"Vulnerable\">Уязвимости</link></u></color> в начале следующего хода."
    },
    {
      "id": 9014303,
      "name": "Заём времени",
      "desc": "Счётчик собственного <sprite name=\"TimeRentalTwo\"><color=#f8c200><u><link=\"TimeRentalTwo\">Одолженного времени Корп. Т</link></u></color> повышается на 4 в самом начале битвы."
    }
  ]
}