{
  "dataList": [
    {
      "id": 853901,
      "name": "Сломанный зонт",
      "desc": "Когда тело повреждено, тело получает 1 <sprite name=\"AttackDmgDown\"><color=#e30000><u><link=\"AttackDmgDown\">Понижение урона</link></u></color> каждый ход."
    },
    {
      "id": 853902,
      "name": "Порванный зонт",
      "desc": "Когда голова повреждена, получает 1 <sprite name=\"AttackDmgDown\"><color=#e30000><u><link=\"AttackDmgDown\">Понижение урона</link></u></color> каждый ход."
    },
    {
      "id": 853903,
      "name": "Борьба до конца",
      "desc": "При 15% ОЗ получает 10 <sprite name=\"Binding\"><color=#e30000><u><link=\"Binding\">Связывания</link></u></color> и 1 <sprite name=\"Reduction\"><color=#e30000><u><link=\"Reduction\">Понижение силы атаки</link></u></color> каждый ход\n\nОЗ новых призванных Старых зонтов на 30% больше. Использует атаку 「Плач в поисках чего-то」 каждый ход."
    },
    {
      "id": 853904,
      "name": "Тщеславное сердце",
      "desc": "Получает 2 <sprite name=\"WaveFoxUmbrella\"><color=#9f6a3a><u><link=\"WaveFoxUmbrella\">Защитных зонта</link></u></color> в начале первого хода. (До 6)\nПолучает дополнительные <sprite name=\"WaveFoxUmbrella\"><color=#9f6a3a><u><link=\"WaveFoxUmbrella\">Защитные зонты</link></u></color> в количестве циклов.\n\nПолучает <sprite name=\"Protection\"><color=#f8c200><u><link=\"Protection\">Защищённость</link></u></color> в количестве своих <sprite name=\"WaveFoxUmbrella\"><color=#9f6a3a><u><link=\"WaveFoxUmbrella\">Защитных зонтов</link></u></color>.\n\nПри использовании атаки 「Ожидание」 призывает Старые зонты в количестве своих <sprite name=\"WaveFoxUmbrella\"><color=#9f6a3a><u><link=\"WaveFoxUmbrella\">Защитных зонтов</link></u></color>."
    },
    {
      "id": 853905,
      "name": "Преломлённые Разрыв и Утопание",
      "desc": "<sprite name=\"Burst\"><color=#e30000><u><link=\"Burst\">Разрыв</link></u></color> и <sprite name=\"Sinking\"><color=#e30000><u><link=\"Sinking\">Утопание</link></u></color> могут достигать только максимальной силы, равной 30.\n<sprite name=\"Burst\"><color=#e30000><u><link=\"Burst\">Разрыв</link></u></color> и <sprite name=\"Sinking\"><color=#e30000><u><link=\"Sinking\">Утопание</link></u></color> могут достигать только максимального счётчика, равного 5."
    },
    {
      "id": 853906,
      "name": "Действие преломлённого Кровотечения",
      "desc": "При получении <sprite name=\"Laceration\"><color=#e30000><u><link=\"Laceration\">Кровотечения</link></u></color> его сила и счётчик повышаются ещё на 1"
    },
    {
      "id": 854001,
      "name": "Заброшенный старый зонт",
      "desc": "При своём уничтожении даёт атаковавшему 2 <sprite name=\"Agility\"><color=#f8c200><u><link=\"Agility\">Спешки</link></u></color> на следующий ход, а все части Бродячего лиса получают 2 <sprite name=\"Binding\"><color=#e30000><u><link=\"Binding\">Связывания</link></u></color> и 1 <sprite name=\"ShardOfUmbrella\"><color=#9f6a3a><u><link=\"ShardOfUmbrella\">Остатки зонта</link></u></color>."
    },
    {
      "id": 854101,
      "name": "Пониженная живучесть",
      "desc": "Если ОЗ Щита полностью истощены после использования навыка защиты, получает 3 <sprite name=\"AttackDown\"><color=#e30000><u><link=\"AttackDown\">Понижение уровня атаки</link></u></color> и 3 <sprite name=\"Vulnerable\"><color=#e30000><u><link=\"Vulnerable\">Уязвимости</link></u></color> на следующий ход."
    },
    {
      "id": 854102,
      "name": "Прочная оболочка",
      "desc": "Если голова не повреждена, Тело получает 3 <sprite name=\"Protection\"><color=#f8c200><u><link=\"Protection\">Защищённости</link></u></color> каждый ход."
    },
    {
      "id": 854104,
      "name": "Преломленный заряд",
      "desc": "При попадании, если у цели есть <sprite name=\"Charge\"><color=#f8c200><u><link=\"Charge\">Заряд</link></u></color>, уменьшает счётчик <sprite name=\"Charge\"><color=#f8c200><u><link=\"Charge\">Заряда</link></u></color> цели на 1 и получает 1 <sprite name=\"SelfCharge\"><color=#9f6a3a><u><link=\"SelfCharge\">Подзаряд</link></u></color>. (До 3 раз за ход)"
    },
    {
      "id": 854103,
      "name": "Преломлённые Кровотечение и Тремор",
      "desc": "<sprite name=\"Laceration\"><color=#e30000><u><link=\"Laceration\">Кровотечение</link></u></color> и <sprite name=\"Vibration\"><color=#e30000><u><link=\"Vibration\">Тремор</link></u></color> могут достигать только максимальной силы, равной 30.\n<sprite name=\"Laceration\"><color=#e30000><u><link=\"Laceration\">Кровотечение</link></u></color> и <sprite name=\"Vibration\"><color=#e30000><u><link=\"Vibration\">Тремор</link></u></color> могут достигать только максимального счётчика, равного 5."
    },
    {
      "id": 854105,
      "name": "Подзаряд",
      "desc": "Получает 3 <sprite name=\"SelfCharge\"><color=#9f6a3a><u><link=\"SelfCharge\">Подзаряда</link></u></color> в начале первого хода.\nПолучает 1 дополнительный <sprite name=\"SelfCharge\"><color=#9f6a3a><u><link=\"SelfCharge\">Подзаряд</link></u></color> за каждый счётчик Циклов. (До 8)"
    },
    {
      "id": 854201,
      "name": "Митоз",
      "desc": "Когда повреждена рука, все части получают 1 <sprite name=\"Reduction\"><color=#e30000><u><link=\"Reduction\">Понижение силы атаки</link></u></color> каждый ход."
    },
    {
      "id": 854202,
      "name": "Манящее вино феи",
      "desc": "Когда Вино феи на поле боя, все части получают 5 <sprite name=\"Binding\"><color=#e30000><u><link=\"Binding\">Связывания</link></u></color>."
    },
    {
      "id": 854203,
      "name": "Преломлённые Кровотечение и Тремор",
      "desc": "<sprite name=\"Laceration\"><color=#e30000><u><link=\"Laceration\">Кровотечение</link></u></color> и <sprite name=\"Vibration\"><color=#e30000><u><link=\"Vibration\">Тремор</link></u></color> могут достигать только максимальной силы, равной 30.\n<sprite name=\"Laceration\"><color=#e30000><u><link=\"Laceration\">Кровотечение</link></u></color> и <sprite name=\"Vibration\"><color=#e30000><u><link=\"Vibration\">Тремор</link></u></color> могут достигать только максимального счётчика, равного 5."
    },
    {
      "id": 854204,
      "name": "Действие преломлённого Разрыва",
      "desc": "При получении <sprite name=\"Burst\"><color=#e30000><u><link=\"Burst\">Разрыва</link></u></color> его счётчик и сила повышаются ещё на 1."
    },
    {
      "id": 854301,
      "name": "Вино феи",
      "desc": "При уничтожении Идентичностью даёт всем Грешникам 5 <sprite name=\"TipsinessRail\"><color=#9f6a3a><u><link=\"TipsinessRail\">Опьянения</link></u></color> на следующий ход.\nЕсли остаётся, Фея-джентльмен восстанавливает 10% ОЗ и получает 2 <sprite name=\"Enhancement\"><color=#f8c200><u><link=\"Enhancement\">Повышения силы атаки</link></u></color>, 2 <sprite name=\"Agility\"><color=#f8c200><u><link=\"Agility\">Спешки</link></u></color> и 2 <sprite name=\"Protection\"><color=#f8c200><u><link=\"Protection\">Защищённости</link></u></color>.\n\nИсчезает в конце хода."
    },
    {
      "id": 854401,
      "name": "Разбитая возможность",
      "desc": "Когда повреждена рука, она получает 1 <sprite name=\"Reduction\"><color=#e30000><u><link=\"Reduction\">Понижение силы атаки</link></u></color> каждый ход."
    },
    {
      "id": 854402,
      "name": "Действие преломлённого Утопания",
      "desc": "При получении <sprite name=\"Sinking\"><color=#e30000><u><link=\"Sinking\">Утопания</link></u></color> его сила и счётчик повышаются ещё на 1."
    },
    {
      "id": 854501,
      "name": "Потерянная возможность",
      "desc": "Когда рука повреждена, получает 1 <sprite name=\"Reduction\"><color=#e30000><u><link=\"Reduction\">Понижение силы атаки</link></u></color> каждый ход."
    },
    {
      "id": 854502,
      "name": "Неполная тень",
      "desc": "Когда Голова повреждена, получает 2 <sprite name=\"DefenseDown\"><color=#e30000><u><link=\"DefenseDown\">Понижения уровня защиты</link></u></color> каждый ход."
    },
    {
      "id": 854503,
      "name": "Преломлённые Кровотечение и Тремор",
      "desc": "<sprite name=\"Laceration\"><color=#e30000><u><link=\"Laceration\">Кровотечение</link></u></color> и <sprite name=\"Vibration\"><color=#e30000><u><link=\"Vibration\">Тремор</link></u></color> могут достигать только максимальной силы, равной 30.\n<sprite name=\"Laceration\"><color=#e30000><u><link=\"Laceration\">Кровотечение</link></u></color> и <sprite name=\"Vibration\"><color=#e30000><u><link=\"Vibration\">Тремор</link></u></color> могут достигать только максимального счётчика, равного 5."
    },
    {
      "id": 854504,
      "name": "Действие преломлённого Разрыва",
      "desc": "При получении <sprite name=\"Burst\"><color=#e30000><u><link=\"Burst\">Разрыв</link></u></color> его сила и счётчик повышаются ещё на 1."
    },
    {
      "id": 854601,
      "name": "Загрязняющий лист",
      "desc": "В начале каждого хода Фея-длинноножка и Фея-джентльмен получают 3 <sprite name=\"TakeHpHealIncrease\"><color=#f8c200><u><link=\"TakeHpHealIncrease\">Повышения восстановления ОЗ</link></u></color> и 1 <sprite name=\"Enhancement\"><color=#f8c200><u><link=\"Enhancement\">Повышение силы атаки</link></u></color>.\n\nЕсли Гигантский клевер остаётся в течение 4+ ходов, они дополнительно получают 1 <sprite name=\"Enhancement\"><color=#f8c200><u><link=\"Enhancement\">Повышение силы атаки</link></u></color> и 2 <sprite name=\"AttackDmgUp\"><color=#f8c200><u><link=\"AttackDmgUp\">Повышения урона</link></u></color>."
    },
    {
      "id": 854701,
      "name": "Митоз",
      "desc": "Когда повреждена Рука, она получает 1 <sprite name=\"Reduction\"><color=#e30000><u><link=\"Reduction\">Понижение силы атаки</link></u></color> каждый ход."
    },
    {
      "id": 854702,
      "name": "Манящее вино феи",
      "desc": "Когда Вино феи на поле боя, все части получают 5 <sprite name=\"Binding\"><color=#e30000><u><link=\"Binding\">Связывания</link></u></color>."
    },
    {
      "id": 854703,
      "name": "Преломлённые Кровотечение и Тремор",
      "desc": "<sprite name=\"Laceration\"><color=#e30000><u><link=\"Laceration\">Кровотечение</link></u></color> и <sprite name=\"Vibration\"><color=#e30000><u><link=\"Vibration\">Тремор</link></u></color> могут достигать только максимальной силы, равной 30.\n<sprite name=\"Laceration\"><color=#e30000><u><link=\"Laceration\">Кровотечение</link></u></color> и <sprite name=\"Vibration\"><color=#e30000><u><link=\"Vibration\">Тремор</link></u></color> могут достигать только максимального счётчика, равного 5."
    },
    {
      "id": 854704,
      "name": "Действие преломлённого Разрыва",
      "desc": "При получении <sprite name=\"Burst\"><color=#e30000><u><link=\"Burst\">Разрыва</link></u></color> его счётчик и сила повышаются ещё на 1."
    },
    {
      "id": 854801,
      "name": "Вино феи",
      "desc": "При уничтожении Идентичностью даёт всем Грешникам 5 <sprite name=\"TipsinessRail\"><color=#9f6a3a><u><link=\"TipsinessRail\">Опьянения</link></u></color> на следующий ход.\nЕсли остаётся, Фея-джентльмен восстанавливает 10% ОЗ и получает 2 <sprite name=\"Enhancement\"><color=#f8c200><u><link=\"Enhancement\">Повышения силы атаки</link></u></color>, 2 <sprite name=\"Agility\"><color=#f8c200><u><link=\"Agility\">Спешки</link></u></color> и 2 <sprite name=\"Protection\"><color=#f8c200><u><link=\"Protection\">Защищённости</link></u></color>.\n\nИсчезает в конце хода."
    },
    {
      "id": 854901,
      "name": "Зачарованный",
      "desc": "Делает <sprite name=\"FairyCharm\"><color=#9f6a3a><u><link=\"FairyCharm\">Зачарованным</link></u></color> противника с наименьшей скоростью.\n\nКоличество целей повышается с каждым Циклом и каждый раз, как часть Феи восстанавливается."
    },
    {
      "id": 854902,
      "name": "Обнажённая пропасть",
      "desc": "Тело раскрывается, когда часть с Феей повреждена.\nВсе эффекты пропадают, когда тело снова скрывается."
    },
    {
      "id": 854903,
      "name": "Главная приманка",
      "desc": "Не может нанести урон Ядру при нанесении урона Фее.\nКоличество целей повышается на количество <sprite name=\"FairyCharm\"><color=#9f6a3a><u><link=\"FairyCharm\">Зачарованных</link></u></color> противников."
    },
    {
      "id": 854904,
      "name": "Трухлявый пень",
      "desc": "Если тело повреждено, Фея восстановится с 60% максимальных ОЗ.\nКогда тело повреждено, Ядро восстанавливает на 20 больше ОЗ с помощью эффектов навыков."
    },
    {
      "id": 854905,
      "name": "Улучшенная приманка",
      "desc": "Фея повышает свои максмимальные ОЗ на 20% при восстановлении."
    },
    {
      "id": 854906,
      "name": "Преломлённые Разрыв и Утопание",
      "desc": "<sprite name=\"Burst\"><color=#e30000><u><link=\"Burst\">Разрыв</link></u></color> и <sprite name=\"Sinking\"><color=#e30000><u><link=\"Sinking\">Утопание</link></u></color> могут достигать только максимальной силы, равной 30.\n<sprite name=\"Burst\"><color=#e30000><u><link=\"Burst\">Разрыв</link></u></color> и <sprite name=\"Sinking\"><color=#e30000><u><link=\"Sinking\">Утопание</link></u></color> могут достигать только максимального счётчика, равного 5."
    },
    {
      "id": 854907,
      "name": "Волшебная пыль",
      "desc": "Когда Фея убита, все Идентичности получают 5 <sprite name=\"Breath\"><color=#f8c200><u><link=\"Breath\">Дыхания</link></u></color> и его счётчик повышается на 2 в следующем ходе."
    },
    {
      "id": 855001,
      "name": "Побег из пространства",
      "desc": "Начиная со второго хода проходит через Пространственный разлом[TabExplain] каждые несколько ходов.\nКогда все части оглушены, проходит через Пространственный разлом[TabExplain] в следующем ходе.\nНе может быть оглушён будучи в Пространственном разломе.\n\nПерестаёт проходить через Пространственный разлом[TabExplain] при ОЗ менее 30%."
    },
    {
      "id": 855002,
      "name": "Ловушка пространственного побега",
      "desc": "Когда все Пространственные разломы уничтожены в тот же ход, в который они появились, выходит из Пространственного разлома и теряет 5 единиц счётчика <sprite name=\"Charge\"><color=#f8c200><u><link=\"Charge\">Заряда</link></u></color>, а граница выносливости всех частей повышается на 30."
    },
    {
      "id": 855003,
      "name": "Восстановление пространственно-преломляющего лезвия",
      "desc": "Теряет 5 единиц счётчика <sprite name=\"Charge\"><color=#f8c200><u><link=\"Charge\">Заряда</link></u></color>, когда Лезвия ломаются, при этом получая 2 <sprite name=\"DefenseDown\"><color=#e30000><u><link=\"DefenseDown\">Понижения уровня защиты</link></u></color> каждый ход, пока они повреждены. В конце следующего восстанавливает Лезвия, тратя на это 2 единицы счётчика <sprite name=\"Charge\"><color=#f8c200><u><link=\"Charge\">Заряда</link></u></color>."
    },
    {
      "id": 855004,
      "name": "Преломлённые Огонь и Разрыв",
      "desc": "<sprite name=\"Combustion\"><color=#e30000><u><link=\"Combustion\">Огонь</link></u></color> и <sprite name=\"Burst\"><color=#e30000><u><link=\"Burst\">Разрыв</link></u></color> могут достигать только максимальной силы, равной 30.\n<sprite name=\"Combustion\"><color=#e30000><u><link=\"Combustion\">Огонь</link></u></color> и <sprite name=\"Burst\"><color=#e30000><u><link=\"Burst\">Разрыв</link></u></color> могут достигать только максимального счётчика, равного 5."
    },
    {
      "id": 855005,
      "name": "Действие преломлённого Тремора",
      "desc": "При получении <sprite name=\"Vibration\"><color=#e30000><u><link=\"Vibration\">Тремора</link></u></color> его счётчик и сила повышаются ещё на 1."
    },
    {
      "id": 856001,
      "name": "Кровоточащее измерение",
      "desc": "Урон повышается на 10% после прохождения через <sprite name=\"PassedPortal_Red\"><color=#9f6a3a><u><link=\"PassedPortal_Red\">Кровоточащее измерение</link></u></color>."
    },
    {
      "id": 856101,
      "name": "Отравляющее измерение",
      "desc": "Максимальные ОЗ Ядра повышаются на 20% после прохождения через <sprite name=\"PassedPortal_Green\"><color=#9f6a3a><u><link=\"PassedPortal_Green\">Отравляющее измерение</link></u></color>."
    },
    {
      "id": 856201,
      "name": "Содрогающееся измерение",
      "desc": "Скорость повышается на 1 после прохождения через <sprite name=\"PassedPortal_Yellow\"><color=#9f6a3a><u><link=\"PassedPortal_Yellow\">Содрогающееся измерение</link></u></color>."
    },
    {
      "id": 856301,
      "name": "Электризующее измерение",
      "desc": "Сила монет повышается на 1 после прохождения через <sprite name=\"PassedPortal_Blue\"><color=#9f6a3a><u><link=\"PassedPortal_Blue\">Электризующее измерение</link></u></color>."
    },
    {
      "id": 855101,
      "name": "Золотой час",
      "desc": "В конце хода, если ОЗ между 6% и 24%, Ядро сразу восстанавливается до 80% от максимальных ОЗ и выходит из оглушения. (Единожды за битву)"
    },
    {
      "id": 855102,
      "name": "Последствия отмотки времени",
      "desc": "После активации Золотого часа получает 2 <sprite name=\"Vulnerable\"><color=#e30000><u><link=\"Vulnerable\">Уязвимости</link></u></color> в начале хода."
    },
    {
      "id": 855103,
      "name": "Перезаряд",
      "desc": "При 5 и более единицах своего счётчика <sprite name=\"Charge\"><color=#f8c200><u><link=\"Charge\">Заряда</link></u></color> к концу хода получает 3 <sprite name=\"AttackDmgUp\"><color=#f8c200><u><link=\"AttackDmgUp\">Повышения урона</link></u></color> на следующий ход."
    },
    {
      "id": 855104,
      "name": "Преломлённые Разрыв и Утопание",
      "desc": "<sprite name=\"Burst\"><color=#e30000><u><link=\"Burst\">Разрыв</link></u></color> и <sprite name=\"Sinking\"><color=#e30000><u><link=\"Sinking\">Утопание</link></u></color> могут достигать только максимальной силы, равной 30.\n<sprite name=\"Burst\"><color=#e30000><u><link=\"Burst\">Разрыв</link></u></color> и <sprite name=\"Sinking\"><color=#e30000><u><link=\"Sinking\">Утопание</link></u></color> могут достигать только максимального счётчика, равного 5."
    },
    {
      "id": 855105,
      "name": "Действие преломлённого Огня",
      "desc": "При получении <sprite name=\"Combustion\"><color=#e30000><u><link=\"Combustion\">Огня</link></u></color> его счётчик и сила повышаются ещё на 1."
    },
    {
      "id": 855501,
      "name": "Возвращающееся прошлое",
      "desc": "Если 50 и более <sprite name=\"AccumulatedPastMirror\"><color=#9f6a3a><u><link=\"AccumulatedPastMirror\">Накопленного прошлого</link></u></color> к концу хода, и если ОЗ Ядра меньше или равны 80%, то Ядро восстанавливает 200 ОЗ, расходуя 50 <sprite name=\"AccumulatedPastMirror\"><color=#9f6a3a><u><link=\"AccumulatedPastMirror\">Накопленного прошлого</link></u></color>."
    },
    {
      "id": 855502,
      "name": "Утраченное прошлое",
      "desc": "Когда Тело повреждено, теряет всё <sprite name=\"AccumulatedPastMirror\"><color=#9f6a3a><u><link=\"AccumulatedPastMirror\">Накопленное прошлое</link></u></color>, а все типы атак и грехов становятся \"Неэффективными\" (x0.5) против Тела начиная со следующего хода и до конца этого боя."
    },
    {
      "id": 855503,
      "name": "Сломанный паровой двигатель",
      "desc": "Когда Паровой пистолет повреждён, все части теряют своё <sprite name=\"Breath\"><color=#f8c200><u><link=\"Breath\">Дыхание</link></u></color>.\n\nПосле того, как повреждён Паровой пистолет, каждый раз получает <sprite name=\"Vulnerable\"><color=#e30000><u><link=\"Vulnerable\">Уязвимость</link></u></color> в количестве получаемого <sprite name=\"Breath\"><color=#f8c200><u><link=\"Breath\">Дыхания</link></u></color>, а также теряет 1 <sprite name=\"Breath\"><color=#f8c200><u><link=\"Breath\">Дыхание</link></u></color> при использовании атак."
    },
    {
      "id": 855504,
      "name": "Преломлённые Огонь и Кровотечение",
      "desc": "<sprite name=\"Combustion\"><color=#e30000><u><link=\"Combustion\">Огонь</link></u></color> и <sprite name=\"Laceration\"><color=#e30000><u><link=\"Laceration\">Кровотечение</link></u></color> могут достигать только максимальной силы, равной 30.\n<sprite name=\"Combustion\"><color=#e30000><u><link=\"Combustion\">Огонь</link></u></color> и <sprite name=\"Laceration\"><color=#e30000><u><link=\"Laceration\">Кровотечение</link></u></color> могут достигать только максимального счётчика, равного 5."
    },
    {
      "id": 855505,
      "name": "Действие преломлённого Утопания",
      "desc": "При получении <sprite name=\"Sinking\"><color=#e30000><u><link=\"Sinking\">Утопания</link></u></color> его счётчик и сила повышаются ещё на 1."
    },
    {
      "id": 855506,
      "name": "Утечка пара",
      "desc": "При получении удара по Паровому пистолету теряет 1 <sprite name=\"Breath\"><color=#f8c200><u><link=\"Breath\">Дыхание</link></u></color> и 1 его счётчик."
    },
    {
      "id": 855507,
      "name": "Перекрытое прошлое",
      "desc": "Получает 1 <sprite name=\"Enhancement\"><color=#f8c200><u><link=\"Enhancement\">Повышение силы атаки</link></u></color> за каждые 80 <sprite name=\"AccumulatedPastMirror\"><color=#9f6a3a><u><link=\"AccumulatedPastMirror\">Накопленного прошлого</link></u></color> каждый ход.\n\nПри 80 и более <sprite name=\"AccumulatedPastMirror\"><color=#9f6a3a><u><link=\"AccumulatedPastMirror\">Накопленного прошлого</link></u></color> количество слотов навыков повышается на 1."
    },
    {
      "id": 855508,
      "name": "Метроном",
      "desc": "Если <sprite name=\"AccumulatedPastMirror\"><color=#9f6a3a><u><link=\"AccumulatedPastMirror\">Накопленное прошлое</link></u></color> нечётное, получает 3 <sprite name=\"Vulnerable\"><color=#e30000><u><link=\"Vulnerable\">Уязвимости</link></u></color> и 3 <sprite name=\"AttackDmgUp\"><color=#f8c200><u><link=\"AttackDmgUp\">Повышения урона</link></u></color>.\nЕсли чётное, получает 3 <sprite name=\"Protection\"><color=#f8c200><u><link=\"Protection\">Защищённости</link></u></color> и 3 <sprite name=\"AttackDmgDown\"><color=#e30000><u><link=\"AttackDmgDown\">Понижения урона</link></u></color>."
    },
    {
      "id": 855601,
      "name": "Вечное бремя",
      "desc": "Максимальные ОЗ увеличиваются на (Количество Циклов × 5)%.\nНаносит на (Количество Циклов × 5)% меньше урона."
    },
    {
      "id": 855602,
      "name": "Повреждённый знак",
      "desc": "Когда знак сломан, Роза теряет максимальные ОЗ."
    },
    {
      "id": 855603,
      "name": "Разметанная плоть",
      "desc": "Когда Плоть повреждена, Ядро теряет максимальные ОЗ."
    },
    {
      "id": 855604,
      "name": "Единая лоза",
      "desc": "Когда Роза побеждена, Ядро и Плоть теряют 30 ОЗ, а сопротивление к греху этой Розы ослабляется на 0.1 до конца битвы."
    },
    {
      "id": 856401,
      "name": "Ненависть",
      "desc": "Будучи атакованным получает 1 <sprite name=\"AttackUp\"><color=#f8c200><u><link=\"AttackUp\">Повышение уровня атаки</link></u></color> и 1 <sprite name=\"DefenseDown\"><color=#e30000><u><link=\"DefenseDown\">Понижение уровня защиты</link></u></color>."
    },
    {
      "id": 856402,
      "name": "Угольки",
      "desc": "При смерти от удара возвращает урон атаковавшему и наносит 5 <sprite name=\"Combustion\"><color=#e30000><u><link=\"Combustion\">Огня</link></u></color>."
    },
    {
      "id": 856403,
      "name": "Цветущие грехи",
      "desc": "При наличии 4 <sprite name=\"BloomingRose\"><color=#9f6a3a><u><link=\"BloomingRose\">Цветущих грехов</link></u></color> входит в усиленное состояние до конца боя."
    },
    {
      "id": 856404,
      "name": "Кипящий гнев",
      "desc": "Во время усиленного состояния наносит на 1 <sprite name=\"Combustion\"><color=#e30000><u><link=\"Combustion\">Огонь</link></u></color> больше эффектами навыков.\n\nПри смерти во время усиленного состояния повышает счётчик <sprite name=\"Combustion\"><color=#e30000><u><link=\"Combustion\">Огня</link></u></color> на 4 всем союзникам."
    },
    {
      "id": 856405,
      "name": "Роза на лозе",
      "desc": "Умирает, когда Ядро Знака с розами разрушено."
    },
    {
      "id": 856501,
      "name": "Одностороннее желание",
      "desc": "Итоговая сила в столкновении -2.\nИтоговая сила в односторонней атаке +2."
    },
    {
      "id": 856502,
      "name": "Цветущие грехи",
      "desc": "При наличии 4 <sprite name=\"BloomingRose\"><color=#9f6a3a><u><link=\"BloomingRose\">Цветущих грехов</link></u></color> входит в усиленное состояние до конца боя."
    },
    {
      "id": 856503,
      "name": "Мерцающая страсть",
      "desc": "Во время усиленного состояния наносит на 1 <sprite name=\"Laceration\"><color=#e30000><u><link=\"Laceration\">Кровотечение</link></u></color> больше эффектами навыков.\n\nПри смерти во время усиленного состояния повышает счётчик <sprite name=\"Laceration\"><color=#e30000><u><link=\"Laceration\">Кровотечения</link></u></color> на 4 всем союзникам."
    },
    {
      "id": 856504,
      "name": "Роза на лозе",
      "desc": "Умирает, когда Ядро Знака с розами убито."
    },
    {
      "id": 856601,
      "name": "Бессилие",
      "desc": "Будучи атакованным получает 5 <sprite name=\"Protection\"><color=#f8c200><u><link=\"Protection\">Защищённость</link></u></color> на следующий ход, если не оглушён."
    },
    {
      "id": 856602,
      "name": "Желтая роза 2",
      "desc": "При наличии 4 <sprite name=\"BloomingRose\"><color=#9f6a3a><u><link=\"BloomingRose\">Цветущих грехов</link></u></color> входит в усиленное состояние до конца боя."
    },
    {
      "id": 856603,
      "name": "Сокрушительная леность",
      "desc": "Во время усиленного состояния наносит на 1 <sprite name=\"Vibration\"><color=#e30000><u><link=\"Vibration\">Тремор</link></u></color> больше эффектами навыков.\n\nПри смерти во время усиленного состояния повышает счётчик <sprite name=\"Vibration\"><color=#e30000><u><link=\"Vibration\">Тремора</link></u></color> на 4 всем союзникам."
    },
    {
      "id": 856604,
      "name": "Желтая роза 4",
      "desc": "Умирает, когда Ядро Знака с розами разрушено."
    },
    {
      "id": 856701,
      "name": "Голод",
      "desc": "Если не удалось нанести урон в течение хода, получает 2 <sprite name=\"BurstVulnerable\"><color=#e30000><u><link=\"BurstVulnerable\">Уязвимости к разрывам</link></u></color>"
    },
    {
      "id": 856702,
      "name": "Зелёная роза 2",
      "desc": "При наличии 4 <sprite name=\"BloomingRose\"><color=#9f6a3a><u><link=\"BloomingRose\">Цветущих грехов</link></u></color> входит в усиленное состояние до конца боя."
    },
    {
      "id": 856703,
      "name": "Растущая прожорливость",
      "desc": "Во время усиленного состояния наносит на 1 <sprite name=\"Burst\"><color=#e30000><u><link=\"Burst\">Разрыв</link></u></color> больше эффектами навыков.\n\nПри смерти во время усиленного состояния повышает счётчик <sprite name=\"Burst\"><color=#e30000><u><link=\"Burst\">Разрыва</link></u></color> на 4 всем союзникам."
    },
    {
      "id": 856704,
      "name": "Зелёная роза 4",
      "desc": "Умирает, когда Ядро Знака с розами разрушено."
    },
    {
      "id": 856801,
      "name": "Тревожность",
      "desc": "Итоговая сила в столкновении +2.\nИтоговая сила в односторонней атаке -2."
    },
    {
      "id": 856802,
      "name": "Саморазрушение",
      "desc": "Будучи атакованным получает 5 <sprite name=\"Protection\"><color=#f8c200><u><link=\"Protection\">Защищённости</link></u></color>, а сопротивление к Унынию становится Слабым (x1.5)."
    },
    {
      "id": 856803,
      "name": "Синяя роза 3",
      "desc": "При наличии 4 <sprite name=\"BloomingRose\"><color=#9f6a3a><u><link=\"BloomingRose\">Цветущих грехов</link></u></color> входит в усиленное состояние до конца боя."
    },
    {
      "id": 856804,
      "name": "Мерцающее уныние",
      "desc": "Во время усиленного состояния наносит на 1 <sprite name=\"Sinking\"><color=#e30000><u><link=\"Sinking\">Утопание</link></u></color> больше эффектами навыков.\n\nПри смерти во время усиленного состояния повышает счётчик <sprite name=\"Sinking\"><color=#e30000><u><link=\"Sinking\">Утопания</link></u></color> на 4 всем союзникам."
    },
    {
      "id": 856805,
      "name": "Синяя роза 5",
      "desc": "Умирает, когда Ядро Знака с розами разрушено."
    },
    {
      "id": 856901,
      "name": "Осуждение",
      "desc": "В начале хода даёт 1 <sprite name=\"Breath\"><color=#f8c200><u><link=\"Breath\">Дыхание</link></u></color> и повышает его счётчик на 1 всем союзникам."
    },
    {
      "id": 856902,
      "name": "Превосходство",
      "desc": "Каждый союзник наносит на 5% больше урона при критическом попадании за каждое своё <sprite name=\"Breath\"><color=#f8c200><u><link=\"Breath\">Дыхание</link></u></color>."
    },
    {
      "id": 856903,
      "name": "Лазурная роза 3",
      "desc": "При наличии 4 <sprite name=\"BloomingRose\"><color=#9f6a3a><u><link=\"BloomingRose\">Цветущих грехов</link></u></color> входит в усиленное состояние до конца боя."
    },
    {
      "id": 856904,
      "name": "Чрезмерная Гордыня",
      "desc": "Во время усиленного состояния получает на 1 <sprite name=\"Breath\"><color=#f8c200><u><link=\"Breath\">Дыхание</link></u></color> больше эффектами навыков.\n\nПри смерти во время усиленного состояния повышает счётчик <sprite name=\"Breath\"><color=#f8c200><u><link=\"Breath\">Дыхания</link></u></color> на 4 всем противникам."
    },
    {
      "id": 856905,
      "name": "Лазурная роза 5",
      "desc": "Умирает, когда Ядро Знака с розами разрушено."
    },
    {
      "id": 857001,
      "name": "Ревность",
      "desc": "В начале хода повышает счётчик <sprite name=\"Charge\"><color=#f8c200><u><link=\"Charge\">Заряда</link></u></color> двух случайных союзников на 1."
    },
    {
      "id": 857002,
      "name": "Комплекс неполноценности",
      "desc": "Каждый союзник наносит на 5% больше урона при критческом попадании за каждую единицу своего счётчика <sprite name=\"Charge\"><color=#f8c200><u><link=\"Charge\">Заряда</link></u></color>."
    },
    {
      "id": 857003,
      "name": "Фиолетовая роза 3",
      "desc": "При наличии 4 <sprite name=\"BloomingRose\"><color=#9f6a3a><u><link=\"BloomingRose\">Цветущих грехов</link></u></color> входит в усиленное состояние до конца боя."
    },
    {
      "id": 857004,
      "name": "Пронзительная Зависть",
      "desc": "Во время усиленного состояния получает на 1 счётчик <sprite name=\"Charge\"><color=#f8c200><u><link=\"Charge\">Заряда</link></u></color> больше эффектами навыков.\n\nПри смерти во время усиленного состояния повышает счётчик <sprite name=\"Charge\"><color=#f8c200><u><link=\"Charge\">Заряда</link></u></color> на 4 всем противникам."
    },
    {
      "id": 857005,
      "name": "Фиолетовая роза 5",
      "desc": "Умирает, когда Ядро Знака с розами разрушено."
    },
    {
      "id": 855605,
      "name": "Цветущие грехи",
      "desc": "При наличии 4 <sprite name=\"BloomingRose\"><color=#9f6a3a><u><link=\"BloomingRose\">Цветущих грехов</link></u></color> входит в усиленное состояние до конца боя."
    },
    {
      "id": 855606,
      "name": "Роза на лозе",
      "desc": "Умирает, когда Знак с Розами побеждён."
    },
    {
      "id": 854403,
      "name": "Тлеющий уголёк",
      "desc": "При наличии <sprite name=\"Combustion\"><color=#e30000><u><link=\"Combustion\">Огня</link></u></color> к концу хода, наносит такое же количество <sprite name=\"Combustion\"><color=#e30000><u><link=\"Combustion\">Огня</link></u></color> на следующий ход противникам с <sprite name=\"WrappedCurseTagRe\"><color=#9f6a3a><u><link=\"WrappedCurseTagRe\">Приклеенный оберег проклятия</link></u></color>."
    },
    {
      "id": 855607,
      "name": "Пропитанные грехом шипы",
      "desc": "Каждый ход все части получают <sprite name=\"Protection\"><color=#f8c200><u><link=\"Protection\">Защищённость</link></u></color> в количестве Грешников с эффектом <sprite name=\"PrepareSinRose\"><color=#9f6a3a><u><link=\"PrepareSinRose\">Терновой кроны</link></u></color>."
    }
  ]
}