{
  "dataList": [
    {
      "id": 9012801,
      "name": "Мягкое исполнение правил",
      "desc": "Сила в столкновении -1.",
      "summary": "Сила в столкновении -1"
    },
    {
      "id": 9012802,
      "name": "Кровавая точка",
      "desc": "При нанесении урона цели с <sprite name=\"Laceration\"><color=#e30000><u><link=\"Laceration\">Кровотечением</link></u></color> восстанавливает 2 СД.",
      "summary": "Восстанавливает 2 СД"
    },
    {
      "id": 9013001,
      "name": "Подкрепление",
      "desc": "При смерти союзника получает 1 слот навыков на следующий ход. (До 2)",
      "summary": ""
    },
    {
      "id": 9013101,
      "name": "Естественный стиль",
      "desc": "Сила в столкновении +1.",
      "summary": "Сила в столкновении +1"
    },
    {
      "id": 9013102,
      "name": "Кровавый пуантилизм",
      "desc": "При нанесении урона цели с <sprite name=\"Laceration\"><color=#e30000><u><link=\"Laceration\">Кровотечением</link></u></color> восстанавливает 2 СД.",
      "summary": ""
    },
    {
      "id": 9013301,
      "name": "Подкрепление",
      "desc": "При смерти союзника получает 1 слот навыков на следующий ход. (До 2)",
      "summary": ""
    },
    {
      "id": 9013302,
      "name": "Точка искусства",
      "desc": "При победе в столкновении все союзники включая этого восстанавливают 3 СД.",
      "summary": ""
    },
    {
      "id": 9101501,
      "name": "Аугментация тела - физическое усиление",
      "desc": "Если СД -10 и ниже к концу хода, получает 3 <sprite name=\"AttackUp\"><color=#f8c200><u><link=\"AttackUp\">Повышения уровня атаки</link></u></color> на следующий ход.",
      "summary": ""
    },
    {
      "id": 9101502,
      "name": "Подкрепление",
      "desc": "При смерти союзника получает 1 слот навыков на следующий ход. (До 3)",
      "summary": ""
    },
    {
      "id": 9101503,
      "name": "Аугментация тела - Откат",
      "desc": "Если в панике к концу хода, восстанавливается от неё и сбрасывает СД до 0.",
      "summary": ""
    },
    {
      "id": 9101504,
      "name": "Этого не может быть",
      "desc": "Каждый раз, когда союзник погибает, получает 2 <sprite name=\"AttackDown\"><color=#e30000><u><link=\"AttackDown\">Понижения уровня атаки</link></u></color> начиная со следующего хода.",
      "summary": ""
    },
    {
      "id": 9101505,
      "name": "В этот раз я точно смогу...!",
      "desc": "Если побеждает в столкновении после 5 или более комбо, наносит на 50% больше урона.",
      "summary": ""
    },
    {
      "id": 9101604,
      "name": "Бесполезные идиоты...",
      "desc": "Если противник убивает союзника, получает 1 <sprite name=\"Enhancement\"><color=#f8c200><u><link=\"Enhancement\">Повышение силы атаки</link></u></color> и 1 <sprite name=\"Agility\"><color=#f8c200><u><link=\"Agility\">Спешку</link></u></color> на следующий ход. (До 3 раз за ход)",
      "summary": ""
    },
    {
      "id": 9101605,
      "name": "Шипастая бита",
      "desc": "При ударе наносит дополнительный Пронзающий урон, равный половине от уже нанесённого.",
      "summary": ""
    },
    {
      "id": 9101601,
      "name": "Босс Мёртвых Кроликов?",
      "desc": "В начале хода даёт 1 <sprite name=\"Enhancement\"><color=#f8c200><u><link=\"Enhancement\">Повышение силы атаки</link></u></color> двум другим союзникам с наименьшей СД.\n\nВ течение этого боя получает 1 слот навыков каждый раз, когда союзник погибает.",
      "summary": ""
    }
  ]
}