{
  "dataList": [
    {
      "id": 837804,
      "name": "Голод и иссушение",
      "desc": "Находится в состоянии <sprite name=\"StarvingPriestTwo\"><color=#e30000><u><link=\"StarvingPriestTwo\">Иссушения</link></u></color> на протяжении всей битвы."
    },
    {
      "id": 837801,
      "name": "Последнее помазание",
      "desc": "В конце хода активирует <sprite name=\"Laceration\"><color=#e30000><u><link=\"Laceration\">Кровотечение</link></u></color> на себе (До 50; счётчик <sprite name=\"Laceration\"><color=#e30000><u><link=\"Laceration\">Кровотечения</link></u></color> понижается на 1) и восстанавливает 50 ОЗ ядру и части другого союзника с наименьшими ОЗ. (Не активируется, если у всех союзников полные ОЗ)"
    },
    {
      "id": 837802,
      "name": "Таинство покаяния",
      "desc": "Конец хода: теряет 5 СД и восстанавливает 10 СД другому союзнику с наименьшей СД."
    },
    {
      "id": 837803,
      "name": "Болезненное сердце",
      "desc": "Меняет поведение в зависимости от значения <sprite name=\"WornHeart\"><color=#9f6a3a><u><link=\"WornHeart\">Болезненного сердца</link></u></color>.\n\n<sprite name=\"WornHeart\"><color=#9f6a3a><u><link=\"WornHeart\">Болезненное сердце</link></u></color> повышается на 1 в конце каждого хода."
    },
    {
      "id": 837805,
      "name": "Кровавая рука",
      "desc": "Фаза <sprite name=\"BloodyHand\"><color=#f8c200><u><link=\"BloodyHand\">Окровавленной руки</link></u></color> меняется в зависимости от значения.\n- Переходит в <sprite name=\"BloodyHand_2nd\"><color=#f8c200><u><link=\"BloodyHand_2nd\">Окровавленную руку II</link></u></color> при значении 10 и более;\n- Переходит в <sprite name=\"BloodyHand_3rd\"><color=#f8c200><u><link=\"BloodyHand_3rd\">Окровавленную руку III</link></u></color> при значении 20 и более."
    },
    {
      "id": 837901,
      "name": "Некогда любимые",
      "desc": "Если в начале хода у всех противников есть <sprite name=\"AffectionTeddy\"><color=#e30000><u><link=\"AffectionTeddy\">Привязанность</link></u></color>, использует мощную атаку."
    },
    {
      "id": 837902,
      "name": "Ржавый железный кол",
      "desc": "При попадании по цели одномонетной атакой наносит ей 3 <sprite name=\"Laceration\"><color=#e30000><u><link=\"Laceration\">Кровотечения</link></u></color>, а также 2 <sprite name=\"DefenseDown\"><color=#e30000><u><link=\"DefenseDown\">Понижения уровня защиты</link></u></color> до конца следующего хода.\n- Если на цели уже есть Кровотечение, наносит ей 5 <sprite name=\"Laceration\"><color=#e30000><u><link=\"Laceration\">Кровотечения</link></u></color> вместо этого."
    },
    {
      "id": 837903,
      "name": "Вспомнить",
      "desc": "Если в конце хода произошло оглушение из-за эффекта атаки 「Печальные объятия」, получает 10 <sprite name=\"FaintMemory\"><color=#9f6a3a><u><link=\"FaintMemory\">Тусклых воспоминаний</link></u></color> в начале следующего хода."
    },
    {
      "id": 837904,
      "name": "Любить",
      "desc": "Если ОЗ равны или ниже 30% к концу хода: вместо нанесения 3 <sprite name=\"AffectionTeddy\"><color=#e30000><u><link=\"AffectionTeddy\">Привязанностей</link></u></color> всем противникам получает 15 <sprite name=\"AttackDown\"><color=#e30000><u><link=\"AttackDown\">Понижений уровня атаки</link></u></color> на следующий ход. (Единожды за битву)"
    },
    {
      "id": 837905,
      "name": "Не болей, пожалуйста",
      "desc": "Базовая сила -1 за каждые 3 типа негативных эффектов на цели. (До 3)"
    },
    {
      "id": 837301,
      "name": "Сопротивление греху",
      "desc": "Получает на 50% меньше урона от <sprite name=\"Laceration\"><color=#e30000><u><link=\"Laceration\">Кровотечения</link></u></color>, если части не оглушены или повреждены."
    },
    {
      "id": 837401,
      "name": "Сопротивление греху",
      "desc": "Получает только половину критического урона, если части не оглушены или повреждены."
    },
    {
      "id": 837501,
      "name": "Кармилла",
      "desc": "Наносит случайному противнику фиксированный урон в начале хода, равный 5% от его максимальных ОЗ."
    },
    {
      "id": 837502,
      "name": "Капля подпитки",
      "desc": "После атаки восстанавливает ОЗ ядра и части на 50% от нанесённого урона.\n- При 100% ОЗ получает 2 <sprite name=\"AttackUp\"><color=#f8c200><u><link=\"AttackUp\">Повышения уровня атаки</link></u></color> на следующий ход вместо этого. (До 2 раз)\n\nВ зависимости от процента восстановленных ОЗ получает суммирующиеся эффекты:\n- 1% и более: получает 3 <sprite name=\"DefenseUp\"><color=#f8c200><u><link=\"DefenseUp\">Повышения уровня защиты</link></u></color> в начале каждого хода;\n- 2% и более: получает 3 <sprite name=\"AttackUp\"><color=#f8c200><u><link=\"AttackUp\">Повышения уровня атаки</link></u></color> в начале каждого хода;\n- 3% и более: максимальная и минимальная скорость повышается на 2;\n- 5% и более: получает 3 <sprite name=\"Enhancement\"><color=#f8c200><u><link=\"Enhancement\">Повышения силы атаки</link></u></color> в начале каждого хода."
    },
    {
      "id": 837503,
      "name": "Душащий цветок одиночества",
      "desc": "Наносит 1 <sprite name=\"TinyCarmilla\"><color=#e30000><u><link=\"TinyCarmilla\">Маленькую Кармиллу</link></u></color> цели после атаки.\n- Наносит на 1 <sprite name=\"TinyCarmilla\"><color=#e30000><u><link=\"TinyCarmilla\">Маленькую Кармиллу</link></u></color> больше противникам с <sprite name=\"Laceration\"><color=#e30000><u><link=\"Laceration\">Кровотечением</link></u></color>."
    },
    {
      "id": 837601,
      "name": "Шипованный кнут",
      "desc": "Если у цели есть <sprite name=\"Burst\"><color=#e30000><u><link=\"Burst\">Разрыв</link></u></color> перед атакой, с шансом 20% повышает его счётчик на 1.\n\nПри нанесении <sprite name=\"ThornNoose\"><color=#e30000><u><link=\"ThornNoose\">Колючего лассо</link></u></color> на поле боя также появляется «Колючее Лассо[TabExplain]», опутывающее цель с этим эффектом.",
      "summary": "If the target has <sprite name=\"Burst\"><color=#e30000><u><link=\"Burst\">Разрыв</link></u></color> immediately before attack, 20% chance to inflict +1 <sprite name=\"Burst\"><color=#e30000><u><link=\"Burst\">Разрыв</link></u></color> Count"
    },
    {
      "id": 837602,
      "name": "Шипастый скакун",
      "desc": "Скорость повышается на количество противников, опутанных <sprite name=\"ThornNoose\"><color=#e30000><u><link=\"ThornNoose\">Колючими лассо</link></u></color>."
    },
    {
      "id": 837603,
      "name": "Переплетённые шипы",
      "desc": "Меняет поведение, если ОЗ равны или ниже 40%:\n- Начало хода: наносит каждому противнику <sprite name=\"Burst\"><color=#e30000><u><link=\"Burst\">Разрывы</link></u></color> в количестве его текущей скорости;\n- Начинает наносить 2 <sprite name=\"ThornNoose\"><color=#e30000><u><link=\"ThornNoose\">Колючих лассо</link></u></color> своими атаками вместо 1;\n- Получает 2 <sprite name=\"AttackUp\"><color=#f8c200><u><link=\"AttackUp\">Повышения уровня атаки</link></u></color> и 2 <sprite name=\"DefenseDown\"><color=#e30000><u><link=\"DefenseDown\">Понижения уровня защиты</link></u></color> с каждым проходящим ходом. (До 12)"
    },
    {
      "id": 838006,
      "name": "В мечтах",
      "desc": "Входит в битву с <sprite name=\"Dreamy\"><color=#e30000><u><link=\"Dreamy\">Мечтательной нерешительностью</link></u></color>.\n\nПри выходе на поле боя пропитавшая его спящая кровь заполняет поверхность."
    },
    {
      "id": 838001,
      "name": "Захватывающие истории, пылающая страсть",
      "desc": "При достижении 80%, 60% и 40% ОЗ перестаёт получать урон и меняет поведение, выходя из оглушения и поднимая скорость до 10."
    },
    {
      "id": 838002,
      "name": "Если мы сможем избавиться от этой мучительной участи",
      "desc": "Восстанавливает ОЗ ядра и части на 40% от урона, наносимого целям с <sprite name=\"Laceration\"><color=#e30000><u><link=\"Laceration\">Кровотечением</link></u></color>.\n- Восстановление увеличивается на 1% за каждую единицу силы своего <sprite name=\"Laceration\"><color=#e30000><u><link=\"Laceration\">Кровотечение</link></u></color>; (До 20%)\n- Эффект не срабатывает при попадании расколотыми <sprite name=\"SuperCoin\"><color=#9f6a3a><u><link=\"SuperCoin\">Вечными монетами</link></u></color>;\n- Получает 5 <sprite name=\"BloodArmor\"><color=#f8c200><u><link=\"BloodArmor\">Кровавой брони</link></u></color> при убийстве цели.\n\nВ начале каждого хода:\n- Восстанавливает ОЗ на 1/10 накопившегося <sprite name=\"BloodDinner\"><color=#9f6a3a><u><link=\"BloodDinner\">Кровавого пиршества</link></u></color>; (До 50)\n- Если СД равна или ниже -15, поглощает (20 - текущая СД) <sprite name=\"BloodDinner\"><color=#9f6a3a><u><link=\"BloodDinner\">Кровавого пиршества</link></u></color> для её восстановления и получает 2 <sprite name=\"ParryingResultUp\"><color=#f8c200><u><link=\"ParryingResultUp\">Повышения силы в столкновении</link></u></color>.",
      "summary": "Восстанавливает ОЗ, если на цели есть <sprite name=\"Laceration\"><color=#e30000><u><link=\"Laceration\">Кровотечение</link></u></color>"
    },
    {
      "id": 838003,
      "name": "Можно мне тоже отправиться в приключение?",
      "desc": "Максимальная и минимальная скорость повышается на 1 в следующем ходе за каждые 300 <sprite name=\"BloodDinner\"><color=#9f6a3a><u><link=\"BloodDinner\">Кровавого пиршества</link></u></color>."
    },
    {
      "id": 838004,
      "name": "Кровавый пир",
      "desc": "Если находится на поле боя или является тем, кто может появиться на этом этапе, увеличивает значение <sprite name=\"BloodDinner\"><color=#9f6a3a><u><link=\"BloodDinner\">Кровавого пиршества</link></u></color> на величину урона от <sprite name=\"Laceration\"><color=#e30000><u><link=\"Laceration\">Кровотечения</link></u></color>, полученного всеми участниками битвы.\nПри выходе на поле боя, пропитавшая его спящая кровь заполняет поверхность."
    },
    {
      "id": 838005,
      "name": "Кровавая броня",
      "desc": "В начале боевой фазы получает 1 <sprite name=\"BloodArmor\"><color=#f8c200><u><link=\"BloodArmor\">Кровавую броню</link></u></color>.\n\nФаза <sprite name=\"BloodArmor\"><color=#f8c200><u><link=\"BloodArmor\">Кровавой брони</link></u></color> меняется в зависимости от значения.\n- Переходит в <sprite name=\"BloodArmor_2nd\"><color=#f8c200><u><link=\"BloodArmor_2nd\">Кровавую броню II</link></u></color> при значении 10 и более;\n- Переходит в <sprite name=\"BloodArmor_3rd\"><color=#f8c200><u><link=\"BloodArmor_3rd\">Кровавую броню III</link></u></color> при значении 20 и более.\n\nМаксимальная и минимальная скорость повышается на 1 за каждую её фазу. (До 2)\n\nЕсли теряет <sprite name=\"BloodArmor\"><color=#f8c200><u><link=\"BloodArmor\">Кровавую броню</link></u></color> и она опускается ниже пороговых значений, эффект возвращается на предыдущую стадию."
    },
    {
      "id": 838007,
      "name": "Но у меня есть отец и семья, которых я не могу бросить",
      "desc": "Если в панике к концу хода, выходит из неё и поглощает 100 <sprite name=\"BloodDinner\"><color=#9f6a3a><u><link=\"BloodDinner\">Кровавого пиршества</link></u></color>, чтобы получить 3 <sprite name=\"Enhancement\"><color=#f8c200><u><link=\"Enhancement\">Повышения силы атаки</link></u></color> в следующем ходе.\n- Если не удалось поглотить <sprite name=\"BloodDinner\"><color=#9f6a3a><u><link=\"BloodDinner\">Кровавое пиршество</link></u></color>, получает 30 <sprite name=\"Laceration\"><color=#e30000><u><link=\"Laceration\">Кровотечения</link></u></color>, 3 <sprite name=\"Enhancement\"><color=#f8c200><u><link=\"Enhancement\">Повышения силы атаки</link></u></color> и 2 <sprite name=\"AttackDmgUp\"><color=#f8c200><u><link=\"AttackDmgUp\">Повышения урона</link></u></color>."
    },
    {
      "id": 837701,
      "name": "Колючее лассо",
      "desc": "При своём уничтожении исчезает и эффект <sprite name=\"ThornNoose\"><color=#e30000><u><link=\"ThornNoose\">Колючего лассо</link></u></color>, привязанного к Грешнику."
    },
    {
      "id": 839401,
      "name": "Назначенная защита",
      "desc": "В начале хода даёт 2 <sprite name=\"DefenseUp\"><color=#f8c200><u><link=\"DefenseUp\">Повышения уровня защиты</link></u></color> союзнику с наибольшей разницей в проценте ОЗ по сравнению с прошлым ходом."
    },
    {
      "id": 840301,
      "name": "Раскалывающаяся, Разлетающаяся Твердая Кровь",
      "desc": "При смерти от атак или статусных эффектов увеличивает <sprite name=\"BloodDinner\"><color=#9f6a3a><u><link=\"BloodDinner\">Кровавое пиршество</link></u></color> на 30 и добавляет 2 ЭГО Ресурса к случайному греху. Не активируется, если смерть произошла от своих же эффектов."
    },
    {
      "id": 840302,
      "name": "Взрывное безумство!",
      "desc": "Если всё ещё жив в конце хода, использует самоуничтожающий навык в следующем ходе; если всё ещё жив в конце того же хода, в котором использовал этот навык, умирает в любом случае."
    },
    {
      "id": 839001,
      "name": "Фиксация ОЗ ядра на 1",
      "desc": "ОЗ ядра не опускается ниже 1."
    },
    {
      "id": 839002,
      "name": "Ла-Манчаланд, заброшенный и гниющий",
      "desc": "Периодически создаёт гондолы с Кровожадами и Кровососами. При появлении гондолы определённое количество Кровожадов и Кровососов выходит на поле боя."
    },
    {
      "id": 839003,
      "name": "Вечный цикл мельниц, колёс и нас",
      "desc": "Нельзя атаковать, пока на поле боя есть Гондолы.\nНе теряет ОЗ от навыков и не получает урон от статусных эффектов."
    },
    {
      "id": 839004,
      "name": "Ну что ж... ещё один круг.",
      "desc": "Если <sprite name=\"FerrisWheel\"><color=#9f6a3a><u><link=\"FerrisWheel\">Бесконечное колесо</link></u></color> на нуле и некому появиться в следующем ходе или во время боевой фазы, битва переходит на следующий этап."
    },
    {
      "id": 839005,
      "name": "Изголодавший и иссохший",
      "desc": "Входит в битву <sprite name=\"StarvingDonqui\"><color=#e30000><u><link=\"StarvingDonqui\">Изголодавшим и Иссохшим</link></u></color>."
    },
    {
      "id": 841001,
      "name": "Возвращающаяся жажда крови",
      "desc": "Фаза <sprite name=\"RegainedStrength\"><color=#f8c200><u><link=\"RegainedStrength\">Возвращающейся жажды крови</link></u></color> меняется в зависимости от значения.\n- Переходит в <sprite name=\"RegainedStrength_2nd\"><color=#f8c200><u><link=\"RegainedStrength_2nd\">Возвращающуюся жажду крови II</link></u></color> при значении 10 и более;\n- Переходит в <sprite name=\"RegainedStrength_3rd\"><color=#f8c200><u><link=\"RegainedStrength_3rd\">Возвращающуюся жажду крови III</link></u></color> при значении 20 и более.\n\nЕсли теряет <sprite name=\"RegainedStrength\"><color=#f8c200><u><link=\"RegainedStrength\">Возвращающуюся жажду крови</link></u></color> и она опускается ниже пороговых значений, эффект возвращается на предыдущую стадию."
    },
    {
      "id": 841002,
      "name": "Искусство твёрдой крови Дон Кихота",
      "desc": "Восстанавливает ОЗ ядра и части на 30% от урона, наносимого целям с <sprite name=\"Laceration\"><color=#e30000><u><link=\"Laceration\">Кровотечением</link></u></color>.\n- Эффект не срабатывает при попадании расколотыми <sprite name=\"SuperCoin\"><color=#9f6a3a><u><link=\"SuperCoin\">Вечными монетами</link></u></color>."
    },
    {
      "id": 841003,
      "name": "Незнакомое пиршество",
      "desc": "Получает 3 <sprite name=\"Binding\"><color=#e30000><u><link=\"Binding\">Связывания</link></u></color> на следующий ход при восстановлении более чем 15% от максимальных ОЗ или поглощении <sprite name=\"Laceration\"><color=#e30000><u><link=\"Laceration\">Кровотечения</link></u></color> с противника. (Единожды за ход)\n\nПри убийстве цели своими атаками получает 2 <sprite name=\"AttackDown\"><color=#e30000><u><link=\"AttackDown\">Понижения уровня атаки</link></u></color> и 1 <sprite name=\"DefenseDown\"><color=#e30000><u><link=\"DefenseDown\">Понижение уровня защиты</link></u></color> на следующий ход. (До 3 раз за ход)"
    },
    {
      "id": 841004,
      "name": "Ради семьи...",
      "desc": "Если в панике к концу хода, восстанавливается от неё и сбрасывает СД до 0.\n\nПри восстановлении от паники:\n- Поглощает 30 <sprite name=\"BloodDinner\"><color=#9f6a3a><u><link=\"BloodDinner\">Кровавого пиршества</link></u></color>, чтобы получить 2 <sprite name=\"Enhancement\"><color=#f8c200><u><link=\"Enhancement\">Повышения силы атаки</link></u></color> и 1 <sprite name=\"Agility\"><color=#f8c200><u><link=\"Agility\">Спешку</link></u></color> на следующий ход, а также восстановить 30 СД;\n- Если не удалось поглотить <sprite name=\"BloodDinner\"><color=#9f6a3a><u><link=\"BloodDinner\">Кровавое пиршество</link></u></color>, получает 40 <sprite name=\"Laceration\"><color=#e30000><u><link=\"Laceration\">Кровотечения</link></u></color> и оно активируется на себе, понижая счётчик на 5. После этого получает 2 <sprite name=\"Enhancement\"><color=#f8c200><u><link=\"Enhancement\">Повышения силы атаки</link></u></color> на следующий ход и восстанавливает 30 СД."
    },
    {
      "id": 841101,
      "name": "Разбитый осколок тщетной, наивной мечты",
      "desc": "При своём уничтожении увеличивает <sprite name=\"BloodDinner\"><color=#9f6a3a><u><link=\"BloodDinner\">Кровавое пиршество</link></u></color> на 30.\n- При уничтожении Грешником также создаёт Воспоминания о Приключении вместо себя."
    },
    {
      "id": 841102,
      "name": "Эгоистичное желание ценой семьи",
      "desc": "При своём уничтожении истинным Дон Кихотом:\n- Он получает 5 <sprite name=\"RegainedStrength\"><color=#f8c200><u><link=\"RegainedStrength\">Возвращающейся жажды крови</link></u></color>;\n- Все Грешники получают 30 урона Похотью и 8 силы с счётчиком <sprite name=\"Laceration\"><color=#e30000><u><link=\"Laceration\">Кровотечения</link></u></color>."
    },
    {
      "id": 841301,
      "name": "Воспоминания о былых странствиях",
      "desc": "Все Грешники восстанавливают 5 СД в начале каждого хода.\nГрешница Дон Кихот получает особый эффект."
    },
    {
      "id": 841302,
      "name": "Напоминания о решимости",
      "desc": "При своём уничтожении истинным Дон Кихотом он получает 3 <sprite name=\"Reduction\"><color=#e30000><u><link=\"Reduction\">Понижения силы атаки</link></u></color> на этот и следующий ход."
    },
    {
      "id": 841201,
      "name": "Темница Клина Твердой Крови",
      "desc": "После своего уничтожения освобождает <sprite name=\"Penetration\"><color=#e30000><u><link=\"Penetration\">Пронзённого</link></u></color> Грешника."
    },
    {
      "id": 841202,
      "name": "Раскалывающаяся, Разлетающаяся Твердая Кровь",
      "desc": "После своего уничтожения добавляет 3 ЭГО Ресурса к наименее имеющемуся греху."
    },
    {
      "id": 841203,
      "name": "Внутренняя кристаллизация крови",
      "desc": "Если Пронзающее копьё не уничтожено в ход своего появления, то оно исчезнет в его конце, нанося <sprite name=\"Penetration\"><color=#e30000><u><link=\"Penetration\">Пронзённому</link></u></color> Грешнику урон в размере 30% от его максимальных ОЗ, а также 10 <sprite name=\"Laceration\"><color=#e30000><u><link=\"Laceration\">Кровотечения</link></u></color> и 5 единиц его счётчика."
    },
    {
      "id": 841204,
      "name": "Полное застывание крови",
      "desc": "При смерти от рук истинного Дон Кихота <sprite name=\"Penetration\"><color=#e30000><u><link=\"Penetration\">Пронзённый</link></u></color> этим копьём Грешник погибает."
    },
    {
      "id": 841103,
      "name": "Мне не следовало видеть эту безответственную мечту",
      "desc": "Пока имеется <sprite name=\"Precarious\"><color=#9f6a3a><u><link=\"Precarious\">Безответственная мечта</link></u></color>, при своём уничтожении не будут создаваться Воспоминания о Приключении."
    },
    {
      "id": 839006,
      "name": "Принудительный Арбитраж Золотой Ветви",
      "desc": "Входит в битву с <sprite name=\"ConfinementOfGoldenBranch\"><color=#e30000><u><link=\"ConfinementOfGoldenBranch\">Принудительным влиянием Золотой Ветви</link></u></color>."
    },
    {
      "id": 841005,
      "name": "Попытайся же снова",
      "desc": "После смены поведения уменьшает вдвое силу <sprite name=\"Combustion\"><color=#e30000><u><link=\"Combustion\">Огня</link></u></color>, <sprite name=\"Laceration\"><color=#e30000><u><link=\"Laceration\">Кровотечения</link></u></color>, <sprite name=\"Vibration\"><color=#e30000><u><link=\"Vibration\">Тремора</link></u></color>, <sprite name=\"Burst\"><color=#e30000><u><link=\"Burst\">Разрыва</link></u></color> и <sprite name=\"Sinking\"><color=#e30000><u><link=\"Sinking\">Утопания</link></u></color> на всех частях."
    },
    {
      "id": 841104,
      "name": "Приключение заканчивается здесь.",
      "desc": "Дон Кихот получает ОЗ Щита в начале каждого хода."
    }
  ]
}