{
  "dataList": [
    {
      "id": 9011001,
      "name": "Режущий удар",
      "desc": "Наносит 1 <sprite name=\"Laceration\"><color=#e30000><u><link=\"Laceration\">Кровотечение</link></u></color> при успешном попадании по цели. (До 3 раз за ход)"
    },
    {
      "id": 9011002,
      "name": "Глубокие порезы",
      "desc": "Повышает счётчик <sprite name=\"Laceration\"><color=#e30000><u><link=\"Laceration\">Кровотечения</link></u></color> цели на 1 при победе в столкновении с ней."
    },
    {
      "id": 9011301,
      "name": "Пронзающий разрыв",
      "desc": "Наносит на 1 <sprite name=\"Laceration\"><color=#e30000><u><link=\"Laceration\">Кровотечение</link></u></color> больше атакующими навыками."
    },
    {
      "id": 9101301,
      "name": "Принцип «Курокумо»",
      "desc": "Итоговая сила Рубящих атак +1."
    },
    {
      "id": 9101302,
      "name": "Чистка",
      "desc": "При смерти союзников получает ещё 1 слот навыков. (До 5 слотов в итоге)"
    }
  ]
}