{
  "dataList": [
    {
      "id": 9021501,
      "name": "Теперь наш шанс",
      "desc": "Если своими атаками был понижен до 0 <sprite name=\"BurstPoison\"><color=#e30000><u><link=\"BurstPoison\">Смертный ритуал 【Яд】</link></u></color> на цели, получает 1 <sprite name=\"PenetrateDamageUp\"><color=#f8c200><u><link=\"PenetrateDamageUp\">Повышение Пронзающего урона</link></u></color> на следующий ход. (До 2 раз за ход)",
      "summary": ""
    },
    {
      "id": 9021502,
      "name": "Змеиный яд",
      "desc": "Если на цель наложен <sprite name=\"BurstPoison\"><color=#e30000><u><link=\"BurstPoison\">Смертный ритуал 【Яд】</link></u></color>, наносит ей на 2.5% больше урона за каждую <sprite name=\"SnakeStance\"><color=#f8c200><u><link=\"SnakeStance\">Змеиную руку</link></u></color>. (До 7.5%)",
      "summary": ""
    },
    {
      "id": 9102301,
      "name": "Я вижу твою слабость",
      "desc": "Если производит атаку <sprite name=\"WideAreaRampage\"><color=#9f6a3a><u><link=\"WideAreaRampage\">Нефокусированный залп</link></u></color> и атакует одну и ту же цель несколько раз, то наносит ей на 20% больше урона и на 1 <sprite name=\"Burst\"><color=#e30000><u><link=\"Burst\">Разрыв</link></u></color> или его счётчик больше.",
      "summary": ""
    },
    {
      "id": 9102302,
      "name": "Я дожидаюсь возможности",
      "desc": "Если своими атаками был понижен до 0 <sprite name=\"BurstPoison\"><color=#e30000><u><link=\"BurstPoison\">Смертный ритуал 【Яд】</link></u></color> на цели, получает 1 <sprite name=\"PenetrateDamageUp\"><color=#f8c200><u><link=\"PenetrateDamageUp\">Повышение Пронзающего урона</link></u></color> на следующий ход. (До 2 раз за ход)",
      "summary": ""
    },
    {
      "id": 9102303,
      "name": "Смертельный змеиный яд",
      "desc": "Если на цель наложен <sprite name=\"BurstPoison\"><color=#e30000><u><link=\"BurstPoison\">Смертный ритуал 【Яд】</link></u></color>, наносит ей на 5% больше урона за каждую <sprite name=\"SnakeStance\"><color=#f8c200><u><link=\"SnakeStance\">Змеиную руку</link></u></color>. (До 15%)",
      "summary": ""
    },
    {
      "id": 9102601,
      "name": "Решимость",
      "desc": "Получает 1 <sprite name=\"Enhancement\"><color=#f8c200><u><link=\"Enhancement\">Повышение силы атаки</link></u></color> при восстановлении от оглушения.",
      "summary": ""
    },
    {
      "id": 9102602,
      "name": "Плоды учений",
      "desc": "Получает <sprite name=\"StudyStatSinclair\"><color=#9f6a3a><u><link=\"StudyStatSinclair\">Плоды учений</link></u></color> в зависимости от полученных с занятий Чжи, Юн и Жэнь.",
      "summary": ""
    },
    {
      "id": 9102603,
      "name": "Если я прислушаюсь к внутреннему я...",
      "desc": "Начало хода: если впервые находится в оглушении, то восстанавливается от него и получает <sprite name=\"StudySignSinclair\"><color=#9f6a3a><u><link=\"StudySignSinclair\">Печать</link></u></color>.\n- Монеты всех своих навыков после этого становятся <sprite name=\"SuperCoin\"><color=#9f6a3a><u><link=\"SuperCoin\">Вечными</link></u></color> до конца битвы.",
      "summary": ""
    }
  ]
}