{
  "dataList": [
    {
      "id": 40000101,
      "name": "Разрывающий удар, поглощение дыхания",
      "desc": "При убийстве противника атакующим навыком получает <sprite name=\"Breath\"><color=#f8c200><u><link=\"Breath\">Дыхание</link></u></color>, равное силе <sprite name=\"Burst\"><color=#e30000><u><link=\"Burst\">Разрыва</link></u></color> убитого противника. (До 5)"
    },
    {
      "id": 40000102,
      "name": "Банановый болюс Баджао",
      "desc": "Наносит на 1 Разрыв или его счётчик больше. (До 2 раз за ход)\nСила в столкновении +1 против целей с меньшим Уровнем атаки."
    },
    {
      "id": 40000103,
      "name": "Болюс Цзинь Ган",
      "desc": "Получает 3 <sprite name=\"DefenseUp\"><color=#f8c200><u><link=\"DefenseUp\">Повышения уровня защиты</link></u></color> при проигрыше в столкновении. (До 2 раз за ход)"
    }
  ]
}