{
  "dataList": [
    {
      "id": 9017801,
      "name": "Плотная дымка",
      "desc": "Наносит больше урона вместо получения дополнительного от эффекта <sprite name=\"Smoke\"><color=#e30000><u><link=\"Smoke\">Дыма</link></u></color>."
    },
    {
      "id": 9017802,
      "name": "Двигатель внутреннего сгорания",
      "desc": "Получает на 1 <sprite name=\"Smoke\"><color=#e30000><u><link=\"Smoke\">Дым</link></u></color> больше."
    },
    {
      "id": 9017803,
      "name": "Шестерня плоти",
      "desc": "Первая за битву монета наносит на 10% больше урона"
    },
    {
      "id": 9017804,
      "name": "Шестерня мышления",
      "desc": "Базовая сила навыков уворота +1."
    },
    {
      "id": 9017805,
      "name": "Двигатель внутреннего сгорания",
      "desc": "При своём оглушении теряет весь <sprite name=\"Smoke\"><color=#e30000><u><link=\"Smoke\">Дым</link></u></color>."
    },
    {
      "id": 9018001,
      "name": "Шестерня плоти: Усиление",
      "desc": "Даёт всем союзникам 1 <sprite name=\"ParryingResultUp\"><color=#f8c200><u><link=\"ParryingResultUp\">Повышение силы в столкновении</link></u></color> и 2 <sprite name=\"AttackDmgUp\"><color=#f8c200><u><link=\"AttackDmgUp\">Повышения урона</link></u></color>. (До 2 раз на союзника за битву)\n\nЕсли других живых союзников не остаётся, получает 8 <sprite name=\"Smoke\"><color=#e30000><u><link=\"Smoke\">Дыма</link></u></color> в начале хода."
    },
    {
      "id": 9018002,
      "name": "Шестерня мышления: Задержка",
      "desc": "В конце хода не может появиться других противников, пока этот жив."
    },
    {
      "id": 9018003,
      "name": "Шестерня мышления: Угроза",
      "desc": "Базовая сила защитных навыков +1."
    }
  ]
}