{
  "dataList": [
    {
      "id": 1010311,
      "name": "Хладнокровие",
      "desc": "При победе в столкновении повышает счётчик <sprite name=\"Breath\"><color=#f8c200><u><link=\"Breath\">Дыхания</link></u></color> на 1.\n\n<style=\"highlight\">Сила монет +1 за каждые 5 единиц счётчика своего <sprite name=\"Breath\"><color=#f8c200><u><link=\"Breath\">Дыхания</link></u></color>. (До 3)</style>"
    },
    {
      "id": 1020211,
      "name": "Самоподзарядка",
      "desc": "Повышает свой счётчик <sprite name=\"Charge\"><color=#f8c200><u><link=\"Charge\">Заряда</link></u></color> на 1 после атаки.\n\n<style=\"highlight\">Случайный союзник повышает свой счётчик <sprite name=\"Charge\"><color=#f8c200><u><link=\"Charge\">Заряда</link></u></color> на 1 после атаки.</style>"
    },
    {
      "id": 1050311,
      "name": "Стойкий дух",
      "desc": "Повышает свой счётчик <sprite name=\"Charge\"><color=#f8c200><u><link=\"Charge\">Заряда</link></u></color> на 1 при получении удара. (До 6)\n\n<style=\"highlight\">Повышает свой счётчик <sprite name=\"Charge\"><color=#f8c200><u><link=\"Charge\">Заряда</link></u></color> на 1 при поражении в столкновении. (До 6)</style>"
    },
    {
      "id": 1070411,
      "name": "Ублюдок…",
      "desc": "Когда союзник убит, теряет 10 СД и получает 1 <sprite name=\"HitResultUp\"><color=#f8c200><u><link=\"HitResultUp\">Повышение силы Дробящих атак</link></u></color> на следующий ход.\n\n<style=\"highlight\">Сила монет +1, если на поле боя 4 и более союзника включая Хитклифа, являющихся Фанатиками Корп. N.</style>"
    },
    {
      "id": 1100211,
      "name": "Рассекающий клинок",
      "desc": "Последняя монета последнего в цепи навыка наносит на 20% больше урона.\n\n<style=\"highlight\">Когда союзник повышает свой счётчик <sprite name=\"Breath\"><color=#f8c200><u><link=\"Breath\">Дыхания</link></u></color>, Синклер с шансом 50% тоже повышает свой счётчик <sprite name=\"Breath\"><color=#f8c200><u><link=\"Breath\">Дыхания</link></u></color> на 1.</style>",
      "summary": "На 20% больше урона последним навыком"
    },
    {
      "id": 1020411,
      "name": "Свист",
      "desc": "В начале боевой фазы восстанавливает 15 СД двум союзникам с наименьшей СД.\n- Если союзник — Фaнатик Корп. N, также <style=\"highlight\">даёт ему 2 <sprite name=\"AssemblePersonality\"><color=#f8c200><u><link=\"AssemblePersonality\">Фанатичности</link></u></color></style>."
    },
    {
      "id": 1020431,
      "name": "Шёпот",
      "desc": "В начале боевой фазы восстанавливает 15 СД союзнику с наименьшей СД.\n- Если союзник — Фaнатик Корп. N, также <style=\"highlight\">даёт ему 2 <sprite name=\"AssemblePersonality\"><color=#f8c200><u><link=\"AssemblePersonality\">Фанатичности</link></u></color></style>."
    },
    {
      "id": 1100511,
      "name": "Пламя безумия",
      "desc": "Восстанавливает на 50% меньше СД при победе в столкновении или убийстве противника.\n\n<style=\"highlight\">Наносит на 10% больше урона, если на поле боя 5 и более союзников включая Синклера, являющихся Фанатиками Корп. N.</style>",
      "summary": "На 10% больше урона при наличии союзников из Корп. N"
    },
    {
      "id": 1070311,
      "name": "Солевой трип",
      "desc": "Всегда активно: Врыв с 3-мя <sprite name=\"Bullet\"><color=#9f6a3a><u><link=\"Bullet\">Тампонами</link></u></color>.\n\nПолучает (Резонанс Гнева) счетчиков <sprite name=\"Charge\"><color=#f8c200><u><link=\"Charge\">Солей</link></u></color> на следующий ход.\nПри 5+ единицах в счетчике <sprite name=\"Charge\"><color=#f8c200><u><link=\"Charge\">Солей</link></u></color> получает 1 <sprite name=\"Agility\"><color=#f8c200><u><link=\"Agility\">Спешку</link></u></color> и <sprite name=\"Enhancement\"><color=#f8c200><u><link=\"Enhancement\">Повышение силы атаки</link></u></color>."
    },
    {
      "id": 1050611,
      "name": "Надевание латексного костюма",
      "desc": "Максимальная скорость повышается на 2 в следующем ходе за каждые 5 единиц своего счётчика <sprite name=\"Charge\"><color=#f8c200><u><link=\"Charge\">Солей</link></u></color> В начале хода при 5 и более единица счётчика <sprite name=\"Charge\"><color=#f8c200><u><link=\"Charge\">Солей</link></u></color> получает 3 <sprite name=\"Aggro\"><color=#9f6a3a><u><link=\"Aggro\">Провокации</link></u></color> на свой самый правый слот навыков.</style>"
    },
    {
      "id": 1080511,
      "name": "Жидкостное насыщение",
      "desc": "Если Измаил не смогла нанести никакого урона по ОЗ противников в этом ходе, она получает ОЗ Щита на следующий ход, равные <style=\"highlight\">10%</style> от максимальных ОЗ. (До 30)"
    },
    {
      "id": 1080211,
      "name": "Сосредоточение мозговых волн",
      "desc": "В начале боевой фазы теряет 15 СД и получает (Число грехов в резонансе Уныния / 3) <sprite name=\"Enhancement\"><color=#f8c200><u><link=\"Enhancement\">Повышений силы атаки</link></u></color> на следующий ход.\n\n<style=\"highlight\">Если Измаил не смогла нанести урон во время хода, она теряет 15 СД в его конце.</style>"
    },
    {
      "id": 1040511,
      "name": "Пространственно-дьявольское лезвие",
      "desc": "При убийстве противника повышает свой счётчик <sprite name=\"Charge\"><color=#f8c200><u><link=\"Charge\">Заряда</link></u></color> <style=\"highlight\">на 3</style>. (До 3 раз за ход)",
      "summary": "Повышает счётчик <sprite name=\"Charge\"><color=#f8c200><u><link=\"Charge\">Заряда</link></u></color> на 3"
    },
    {
      "id": 1040531,
      "name": "Пространственно-преломляющее лезвие — Тип: Клинок Mk7",
      "desc": "Союзник с наименьшими максимальными ОЗ повышает свой счётчик <sprite name=\"Charge\"><color=#f8c200><u><link=\"Charge\">Заряда</link></u></color> <style=\"highlight\">на 3</style> при убийстве противника. (Единожды за ход)"
    },
    {
      "id": 1060611,
      "name": "Мастерство зачистки",
      "desc": "При 5 и более единицах своего счётчика <sprite name=\"Charge\"><color=#f8c200><u><link=\"Charge\">Заряда</link></u></color> в начале боевой фазы получает 2 <sprite name=\"Agility\"><color=#f8c200><u><link=\"Agility\">Спешки</link></u></color> на следующий ход.\n<style=\"highlight\">- Если свой счётчик <sprite name=\"Charge\"><color=#f8c200><u><link=\"Charge\">Заряда</link></u></color> равен 10 и более, получает ещё 1 <sprite name=\"Agility\"><color=#f8c200><u><link=\"Agility\">Спешку</link></u></color>.</style>"
    }
  ]
}