{
  "dataList": [
    {
      "id": 9007701,
      "name": "Мир крабового каннибализма",
      "desc": "Если ОЗ ниже 70%, нацеливается на ещё одного Краба с наименьшими ОЗ.\n\nЕсли атакует другого Краба, восстанавливает ОЗ в количестве нанесённого урона.\n\nЕсли убивает другого Краба, восстанавливает ОЗ в количестве удвоенного нанесённого урона."
    },
    {
      "id": 9007801,
      "name": "Мир крабового каннибализма",
      "desc": "Если ОЗ ниже 70%, нацеливается на ещё одного Краба с наименьшими ОЗ.\n\nЕсли атакует другого Краба, восстанавливает ОЗ в количестве нанесённого урона.\n\nЕсли убивает другого Краба, восстанавливает ОЗ в количестве удвоенного нанесённого урона."
    },
    {
      "id": 9007901,
      "name": "Мир крабового каннибализма",
      "desc": "Если ОЗ ниже 70%, нацеливается на ещё одного Краба с наименьшими ОЗ.\n\nЕсли атакует другого Краба, восстанавливает ОЗ в количестве нанесённого урона.\n\nЕсли убивает другого Краба, восстанавливает ОЗ в количестве удвоенного нанесённого урона."
    },
    {
      "id": 9008001,
      "name": "Мир крабового каннибализма",
      "desc": "Если ОЗ ниже 70%, нацеливается на ещё одного Краба с наименьшими ОЗ.\n\nЕсли атакует другого Краба, восстанавливает ОЗ в количестве нанесённого урона.\n\nЕсли убивает другого Краба, восстанавливает ОЗ в количестве удвоенного нанесённого урона."
    },
    {
      "id": 9008101,
      "name": "Мир крабового каннибализма",
      "desc": "Если ОЗ ниже 70%, нацеливается на ещё одного Краба с наименьшими ОЗ.\n\nЕсли атакует другого Краба, восстанавливает ОЗ в количестве нанесённого урона.\n\nЕсли убивает другого Краба, восстанавливает ОЗ в количестве удвоенного нанесённого урона."
    },
    {
      "id": 9008102,
      "name": "Старая крабовая раковина",
      "desc": "В начале битвы имеет 1 <sprite name=\"Bullet_Crab\"><color=#9f6a3a><u><link=\"Bullet_Crab\">Старую крабовую раковину</link></u></color>."
    }
  ]
}