{
  "dataList": [
    {
      "id": 122301,
      "name": "Рыцарь отчаяния",
      "desc": "Получает на 50% меньше урона от <sprite name=\"Combustion\"><color=#e30000><u><link=\"Combustion\">Огня</link></u></color>, <sprite name=\"Laceration\"><color=#e30000><u><link=\"Laceration\">Кровотечения</link></u></color>, <sprite name=\"Vibration\"><color=#e30000><u><link=\"Vibration\">Тремора</link></u></color>, <sprite name=\"Burst\"><color=#e30000><u><link=\"Burst\">Разрыва</link></u></color> и <sprite name=\"Sinking\"><color=#e30000><u><link=\"Sinking\">Утопания</link></u></color>. (Округляется вниз)\n\nПопадания по противникам расколотыми <sprite name=\"SuperCoin\"><color=#9f6a3a><u><link=\"SuperCoin\">Вечными монетами</link></u></color> не активируют <sprite name=\"Sinking\"><color=#e30000><u><link=\"Sinking\">Утопание</link></u></color> и не тратят его счётчик."
    },
    {
      "id": 122302,
      "name": "Река из слёз отчаяния",
      "desc": "Начало хода: если на поле боя нет ни единого меча с <sprite name=\"HelplessTear\"><color=#9f6a3a><u><link=\"HelplessTear\">Беспомощным плачем</link></u></color>, он накладывается на одного из них."
    },
    {
      "id": 122303,
      "name": "Пустая гордость",
      "desc": "Конец хода после своего первого оглушения:\n- Если на поле боя есть Грешники, на которых 5 <sprite name=\"ColdBlackTear\"><color=#9f6a3a><u><link=\"ColdBlackTear\">Холодных и чёрных слёз</link></u></color>, то восстанавливается от оглушения использует мощную атаку в следующем ходе;\n- Если на всех Грешниках есть <sprite name=\"ColdBlackTear\"><color=#9f6a3a><u><link=\"ColdBlackTear\">Холодные и чёрные слёзы</link></u></color>, получает <sprite name=\"SignOfDespair\"><color=#9f6a3a><u><link=\"SignOfDespair\">Благословение отчаяния</link></u></color> на следующий ход."
    },
    {
      "id": 122304,
      "name": "Разделённая печаль",
      "desc": "Если впервые в оглушении, то восстанавливается от него в следующем ходе. После этого получает 10 <sprite name=\"Protection\"><color=#f8c200><u><link=\"Protection\">Защищённости</link></u></color> и 500 ОЗ Щита каждый ход."
    },
    {
      "id": 122305,
      "name": "Изнеможённый рыцарь",
      "desc": "Кажый раз, когда меч пронзает Рыцаря отчаяния, она получает 1 <sprite name=\"CollapsedPride\"><color=#9f6a3a><u><link=\"CollapsedPride\">Разбитую гордость</link></u></color>, получаемая ею каждый ход <sprite name=\"Protection\"><color=#f8c200><u><link=\"Protection\">Защищённость</link></u></color> уменьшается на 3, а ОЗ Щита уменьшаются на 100\n\nЕсли 3 меча пронзили Рыцаря отчаяния, то она больше не получает <sprite name=\"Protection\"><color=#f8c200><u><link=\"Protection\">Защищённость</link></u></color> и ОЗ Щита, после чего оглушается в следующем ходе."
    },
    {
      "id": 122306,
      "name": "Последнее правосудие",
      "desc": "Если по Рыцарю отчаяния в <sprite name=\"WornOutKnight\"><color=#9f6a3a><u><link=\"WornOutKnight\">Изнеможении</link></u></color> попадает атака 「РАБЫНЯ АРКАНЫ」: не теряет ОЗ ниже 5% и убивает себя в конце хода."
    },
    {
      "id": 122307,
      "name": "Разделённая печаль",
      "desc": "При первом своём оглушении восстанавливается от него в начале следующего хода, после чего получает 10 <sprite name=\"Protection\"><color=#f8c200><u><link=\"Protection\">Защищённости</link></u></color> и 500 ОЗ Щита каждый ход.\n- Призывает Мечи в следующем ходе."
    },
    {
      "id": 122308,
      "name": "Последнее правосудие",
      "desc": "Если по Рыцарю отчаяния в <sprite name=\"WornOutKnight\"><color=#9f6a3a><u><link=\"WornOutKnight\">Изнеможении</link></u></color> попадает атака 「РАБЫНЯ АРКАНЫ」, когда у неё 600 ОЗ и менее: не теряет ОЗ ниже 5% и убивает себя в конце хода."
    },
    {
      "id": 122401,
      "name": "Меч, пронзающий отчаяние",
      "desc": "Если свои ОЗ достигают 0 при наличии <sprite name=\"HelplessTear\"><color=#9f6a3a><u><link=\"HelplessTear\">Беспомощного плача</link></u></color>, этот меч пронзает Рыцаря отчаяния в конце хода."
    },
    {
      "id": 122402,
      "name": "Меч забытого рыцаря",
      "desc": "Попадания по противникам расколотыми <sprite name=\"SuperCoin\"><color=#9f6a3a><u><link=\"SuperCoin\">Вечными монетами</link></u></color> не активируют <sprite name=\"Sinking\"><color=#e30000><u><link=\"Sinking\">Утопание</link></u></color> и не тратят его счётчик."
    },
    {
      "id": 122403,
      "name": "Меч направлен на тех, кого невозможно защитить",
      "desc": "Выбирает целью Королеву ненависти, которая готовит <sprite name=\"ChasingArcana\"><color=#9f6a3a><u><link=\"ChasingArcana\">Заклинание — Рабыня арканы</link></u></color>."
    },
    {
      "id": 122404,
      "name": "Беспомощный плач",
      "desc": "Свои ОЗ не могут упасть ниже 1, если на себе нет <sprite name=\"HelplessTear\"><color=#9f6a3a><u><link=\"HelplessTear\">Беспомощного плача</link></u></color>.\n\nКонец хода: если свои ОЗ упали до 1 и на себе нет <sprite name=\"HelplessTear\"><color=#9f6a3a><u><link=\"HelplessTear\">Беспомощного плача</link></u></color>, полностью восстанавливает ОЗ."
    },
    {
      "id": 122405,
      "name": "Меч, пронзающий отчаяние",
      "desc": "Если свои ОЗ достигают 0 при наличии <sprite name=\"HelplessTear\"><color=#9f6a3a><u><link=\"HelplessTear\">Беспомощного плача</link></u></color>, этот меч пронзает Рыцаря отчаяния в конце хода. После этого переносит Фатальные сопротивления на 1 случайный меч в следующем ходе."
    }
  ]
}