{
  "dataList": [
    {
      "id": 9010101,
      "name": "Свежие человеко-мы!",
      "desc": "Каждый живой противник даёт +2% к шансу выпадения Орла. (До 95%)",
      "summary": ""
    },
    {
      "id": 9010102,
      "name": "Мое-номы",
      "desc": "Под конец хода: если выживших противников больше, чем выживших союзников, то получает 1 <sprite name=\"Agility\"><color=#f8c200><u><link=\"Agility\">Спешку</link></u></color> и 1 <sprite name=\"Enhancement\"><color=#f8c200><u><link=\"Enhancement\">Повышение силы атаки</link></u></color> на следующий ход.",
      "summary": ""
    }
  ]
}