{
  "dataList": [
    {
      "id": 899901,
      "name": "Конфеты есть?",
      "desc": "В начале хода на противнике без <sprite name=\"CandyForCharon\"><color=#e30000><u><link=\"CandyForCharon\">Конфет для харон</link></u></color> появляется этот эффект"
    },
    {
      "id": 899902,
      "name": "Красная аура",
      "desc": "· В начале битвы получает <b>?</b> ОЗ Щита\n· Ход заканчивается, когда щит истощается"
    },
    {
      "id": 899903,
      "name": "Врум-врум, теперь злой",
      "desc": "Меняет поведение, когда щит истощается\n· Фиксирует скорость на 20\n· Не получает урона по ОЗ"
    }
  ]
}