{
  "dataList": [
    {
      "id": 9008801,
      "name": "Невыразимая форма",
      "desc": "После своей смерти атаковавший теряет 10 СД."
    },
    {
      "id": 9008901,
      "name": "Обледнение",
      "desc": "Получает 2 Уровня атаки и защиты за каждого другого живого обледневшего союзника."
    },
    {
      "id": 9008902,
      "name": "Сокрушающая скверна",
      "desc": "Если ОЗ равны или ниже 10%, то при ударе наносит 20 урона по СД и 1 <sprite name=\"AaCePbBa\"><color=#e30000><u><link=\"AaCePbBa\">Бледный шум</link></u></color> на следующий ход, после чего умирает."
    },
    {
      "id": 9008903,
      "name": "Разбрасывая грязь",
      "desc": "Если к концу хода остались живые Обледневшие союзники, то все противники с 20 СД и более теряют по 1 СД за каждого другого Обледневшего союзника."
    },
    {
      "id": 9009001,
      "name": "Разбрасывая грязь",
      "desc": "Если к концу хода остались живые Обледневшие союзники, то все противники с 20 СД и более теряют по 1 СД за каждого другого Обледневшего союзника."
    },
    {
      "id": 9009101,
      "name": "Восстанавливающая злоба",
      "desc": "Если к концу хода остались другие живые Обледневшие союзники, то они восстанавливают (Количество живых Обледневших союзников × 3) ОЗ."
    },
    {
      "id": 9009201,
      "name": "Накопившийся органический материал",
      "desc": "Уровень защиты повышается на 1 за каждого другого живого союзника."
    },
    {
      "id": 9009202,
      "name": "Разложившийся неорганический материал",
      "desc": "Получает 1 <sprite name=\"Vulnerable\"><color=#e30000><u><link=\"Vulnerable\">Уязвимость</link></u></color> на следующий ход при смерти союзника."
    },
    {
      "id": 9009301,
      "name": "Обвязанный органический материал",
      "desc": "Уровень атаки повышается на 1 за каждого другого живого союзника."
    },
    {
      "id": 9009302,
      "name": "Разобранный неорганический материал",
      "desc": "Получает 1 <sprite name=\"Reduction\"><color=#e30000><u><link=\"Reduction\">Понижение силы атаки</link></u></color> на следующий ход при смерти союзника."
    },
    {
      "id": 9009401,
      "name": "Органическое дыхание",
      "desc": "Если нанёс последний удар за ход, даёт 5 <sprite name=\"Breath\"><color=#f8c200><u><link=\"Breath\">Дыхания</link></u></color> всем Обледневшим союзникам и повышает им его счётчик на 1."
    },
    {
      "id": 9009501,
      "name": "Органическая твёрдость",
      "desc": "Если нанёс последний удар за ход, даёт 1 <sprite name=\"Protection\"><color=#f8c200><u><link=\"Protection\">Защищённость</link></u></color> и 2 <sprite name=\"DefenseUp\"><color=#f8c200><u><link=\"DefenseUp\">Повышения уровня защиты</link></u></color> всем союзникам."
    },
    {
      "id": 9009601,
      "name": "Татуировки воздаяния",
      "desc": "Каждый раз, когда союзник из Среднего пальца погибает в этом бою, получает 1 <sprite name=\"AttackUp\"><color=#f8c200><u><link=\"AttackUp\">Повышение уровня атаки</link></u></color>. (До 5)"
    },
    {
      "id": 9009602,
      "name": "Маленькая месть",
      "desc": "При поражении в столкновении получает 1 <sprite name=\"MinusCoinValueUp\"><color=#e30000><u><link=\"MinusCoinValueUp\">Усиление отрицательной монеты</link></u></color> на следующий ход. (До 2 раз за ход)"
    },
    {
      "id": 9009603,
      "name": "Многократное воздаяние",
      "desc": "Использует навык 「Многократное воздаяние」 при 20% ОЗ и менее. (Единожды за волну)"
    },
    {
      "id": 9009604,
      "name": "Цепи верности",
      "desc": "Когда союзник Среднего пальца погибает, получает 1 <sprite name=\"PlusCoinValueUp\"><color=#f8c200><u><link=\"PlusCoinValueUp\">Усиление положительной монеты</link></u></color> на следующий ход."
    },
    {
      "id": 809901,
      "name": "Старший брат",
      "desc": "Все союзники восстанавливают 10 СД в начале хода.",
      "summary": ""
    },
    {
      "id": 809902,
      "name": "Цепи верности",
      "desc": "Когда союзник Среднего пальца погибает, получает 1 <sprite name=\"PlusCoinValueUp\"><color=#f8c200><u><link=\"PlusCoinValueUp\">Усиление положительной монеты</link></u></color> на следующий ход. (До 2)",
      "summary": ""
    },
    {
      "id": 809903,
      "name": "Властность",
      "desc": "Если атаковавший не смог нанести больше 12 урона по ОЗ, он теряет 10 СД.",
      "summary": ""
    },
    {
      "id": 809904,
      "name": "Встряска волосами",
      "desc": "Если в панике к концу хода, восстанавливается от неё и сбрасывает СД до 0.",
      "summary": ""
    },
    {
      "id": 809905,
      "name": "В мире секущихся волос",
      "desc": "Получает 6 <sprite name=\"DefenseDown\"><color=#e30000><u><link=\"DefenseDown\">Понижений уровня защиты</link></u></color> на следующий ход после проигрыша в столкновениях 3 раза.",
      "summary": ""
    },
    {
      "id": 9008904,
      "name": "",
      "desc": "Начинает битву с -20 СД.",
      "summary": ""
    }
  ]
}