{
  "dataList": [
    {
      "id": 40000301,
      "name": "Во имя Любви и Справедливости~ Магическая девочка здесь!",
      "desc": "При входе в бой даёт 1 [ResultEnhancement] всем Грешникам.\nНе может быть оглушена."
    },
    {
      "id": 40000302,
      "name": "Спасибо вам всем!",
      "desc": "Если Рыцарь отчаяния в <sprite name=\"WornOutKnight\"><color=#9f6a3a><u><link=\"WornOutKnight\">Изнеможении</link></u></color> при попадании по ней атакой 「РАБЫНЯ АРКАНЫ」, подавление оканчивается победой."
    },
    {
      "id": 40000303,
      "name": "Неужели в конце концов... я ничем не лучше других?",
      "desc": "Если Рыцарь отчаяния не была в <sprite name=\"WornOutKnight\"><color=#9f6a3a><u><link=\"WornOutKnight\">Изнеможении</link></u></color>, когда по ней попала атака 「РАБЫНЯ АРКАНЫ」, то на всех союзников накладывается \"<sprite name=\"FailedToAssistQueen\"><color=#9f6a3a><u><link=\"FailedToAssistQueen\">Какая польза... от меня...?</link></u></color>\"."
    },
    {
      "id": 40000304,
      "name": "Сила любви и справедливости",
      "desc": "Если счётчик <sprite name=\"PowerOfLoveAndJustice\"><color=#9f6a3a><u><link=\"PowerOfLoveAndJustice\">Любви и справедливости</link></u></color> равен 10 и более: тратит 10 его единиц для повышения силы <sprite name=\"PowerOfLoveAndJustice\"><color=#9f6a3a><u><link=\"PowerOfLoveAndJustice\">Любви и справедливости</link></u></color> на 1 в следующем ходе.\n\nЕсли сила <sprite name=\"PowerOfLoveAndJustice\"><color=#9f6a3a><u><link=\"PowerOfLoveAndJustice\">Любви и справедливости</link></u></color> равна 3 и более: при нанесении силы <sprite name=\"Burst\"><color=#e30000><u><link=\"Burst\">Разрыва</link></u></color> также повышает его счётчик на 1. (До 2 раз за ход)"
    },
    {
      "id": 40000305,
      "name": "Неужели в конце концов... я ничем не лучше других?",
      "desc": "Если Рыцарь отчаяния не была в <sprite name=\"WornOutKnight\"><color=#9f6a3a><u><link=\"WornOutKnight\">Изнеможении</link></u></color> и имела более 600 ОЗ, когда по ней попала атака 「РАБЫНЯ АРКАНЫ」, то на всех союзников накладывается \"<sprite name=\"FailedToAssistQueen\"><color=#9f6a3a><u><link=\"FailedToAssistQueen\">Какая польза... от меня...?</link></u></color>\"."
    },
    {
      "id": 40000306,
      "name": "Спасибо вам всем!",
      "desc": "Если Рыцарь отчаяния в <sprite name=\"WornOutKnight\"><color=#9f6a3a><u><link=\"WornOutKnight\">Изнеможении</link></u></color> и её ОЗ равны или менее 600, когда по ней попадает атака 「РАБЫНЯ АРКАНЫ」, то подавление оканчивается победой."
    }
  ]
}