{
  "dataList": [
    {
      "id": 124701,
      "name": "Бывший Хэйшоу — Ветвь «У»",
      "desc": "Входит в битву с -15 СД и получает 3 <sprite name=\"LegStrengthHorse\"><color=#9f6a3a><u><link=\"LegStrengthHorse\">Стремительности 【У】</link></u></color>.\n\nПолучает на 50% меньше урона от <sprite name=\"Combustion\"><color=#e30000><u><link=\"Combustion\">Огня</link></u></color>, <sprite name=\"Laceration\"><color=#e30000><u><link=\"Laceration\">Кровотечения</link></u></color>, <sprite name=\"Vibration\"><color=#e30000><u><link=\"Vibration\">Тремора</link></u></color>, <sprite name=\"Burst\"><color=#e30000><u><link=\"Burst\">Разрыва</link></u></color> и <sprite name=\"Sinking\"><color=#e30000><u><link=\"Sinking\">Утопания</link></u></color>. (Округляется вниз)\n\nНе активирует эффекта <sprite name=\"Burst\"><color=#e30000><u><link=\"Burst\">Разрыва</link></u></color> и не понижает его счётчик при попаданиях <sprite name=\"SuperCoin\"><color=#9f6a3a><u><link=\"SuperCoin\">Вечными монетами</link></u></color>.\n\nНаносит на 50% больше урона оглушённым целям.",
      "summary": "На 50% больше урона оглушённым целям"
    },
    {
      "id": 124702,
      "name": "Я растопчу и раздавлю тебя..",
      "desc": "Если имеет <sprite name=\"LegStrengthHorse\"><color=#9f6a3a><u><link=\"LegStrengthHorse\">Стремительность 【У】</link></u></color> и <sprite name=\"VibrationExplosion\"><color=#e30000><u><link=\"VibrationExplosion\">Провоцирует Тремор</link></u></color> на главной цели, наносит ей 1 <sprite name=\"ConcussionWei\"><color=#9f6a3a><u><link=\"ConcussionWei\">Сотрясение</link></u></color>.",
      "summary": "Наносит 1 <sprite name=\"ConcussionWei\"><color=#9f6a3a><u><link=\"ConcussionWei\">Сотрясение</link></u></color> при <sprite name=\"VibrationExplosion\"><color=#e30000><u><link=\"VibrationExplosion\">Провокации Тремора</link></u></color>"
    },
    {
      "id": 124703,
      "name": "Душа, потерянная при дневном свете【魂飛中天】",
      "desc": "Если имеется <sprite name=\"LegStrengthHorse\"><color=#9f6a3a><u><link=\"LegStrengthHorse\">Стремительность 【У】</link></u></color> и при этом Вэй <sprite name=\"VibrationExplosion\"><color=#e30000><u><link=\"VibrationExplosion\">Провоцирует Тремор</link></u></color> на цели без него, он получает 1 <sprite name=\"ReboundWei\"><color=#9f6a3a><u><link=\"ReboundWei\">Отдачу</link></u></color>.\n\nКонец хода: если значение <sprite name=\"ReboundWei\"><color=#9f6a3a><u><link=\"ReboundWei\">Отдачи</link></u></color> максимальное, она исчезает и Вэй теряет 1 <sprite name=\"LegStrengthHorse\"><color=#9f6a3a><u><link=\"LegStrengthHorse\">Стремительность 【У】</link></u></color> в следующем ходе.",
      "summary": "Получает 1 <sprite name=\"ReboundWei\"><color=#9f6a3a><u><link=\"ReboundWei\">Отдачу</link></u></color> при <sprite name=\"VibrationExplosion\"><color=#e30000><u><link=\"VibrationExplosion\">Провокации Тремора</link></u></color> на цели без него"
    },
    {
      "id": 124704,
      "name": "Я сниму с твоей кожи всю чешую...",
      "desc": "Начало хода: получает 1 <sprite name=\"AttackUp\"><color=#f8c200><u><link=\"AttackUp\">Повышение уровня атаки</link></u></color> за каждые 2 единицы своей скорости. (До 2)\n- Если своя скорость равна или выше 5, то также получает 1 <sprite name=\"SlashDamageUp\"><color=#f8c200><u><link=\"SlashDamageUp\">Повышение Рубящего урона</link></u></color> и 1 <sprite name=\"HitDamageUp\"><color=#f8c200><u><link=\"HitDamageUp\">Повышение Дробящего урона</link></u></color>."
    },
    {
      "id": 124705,
      "name": "Наглые преступники...!",
      "desc": "При поражении в столкновениях:\n- Если противник использовал навык с положительными монетами, восстанавливает ему 5 СД;\n- Если навык противника был с отрицательными монетами, он теряет 5 СД; (Не активируется, если его СД равна или ниже -40)\n- Добавляет 2 ЭГО Ресурса к греху использованного противником навыка. (До 3 раз за ход; если навык имел грех Гнева или Чревоугодия, то также добавляет 2 ЭГО Ресурса к наименее имеющимся грехам)"
    },
    {
      "id": 127201,
      "name": "Полученный урон",
      "desc": "Получает на 20% больше урона до конца хода, если во время боевой фазы был получен урон.\n\nПолучает на 15% больше урона от навыка противника после поражения в столкновениях."
    },
    {
      "id": 127202,
      "name": "Пьяные тренировки",
      "desc": "Наносит на 2% больше урона за каждый 1% потерянных ОЗ. (До 100%)",
      "summary": "На 2% больше урона за каждый 1% потерянных ОЗ"
    },
    {
      "id": 127203,
      "name": "Мне нечего бояться, когда рядом со мной бутылка вина",
      "desc": "Начало хода: при 5 <sprite name=\"SipOfAlcoholJin\"><color=#9f6a3a><u><link=\"SipOfAlcoholJin\">Глотках алкоголя</link></u></color> тратит 2 <sprite name=\"SipOfAlcoholJin\"><color=#9f6a3a><u><link=\"SipOfAlcoholJin\">Глотка алкоголя</link></u></color> и получает <sprite name=\"DrunkAwakening\"><color=#9f6a3a><u><link=\"DrunkAwakening\">Ментальное пробуждение</link></u></color>."
    },
    {
      "id": 127204,
      "name": "Ночной Скиталец Пьяной Ладони",
      "desc": "Входит в битву с 10 СД.\n\nПолучает на 50% меньше урона от <sprite name=\"Combustion\"><color=#e30000><u><link=\"Combustion\">Огня</link></u></color>, <sprite name=\"Laceration\"><color=#e30000><u><link=\"Laceration\">Кровотечения</link></u></color>, <sprite name=\"Vibration\"><color=#e30000><u><link=\"Vibration\">Тремора</link></u></color>, <sprite name=\"Burst\"><color=#e30000><u><link=\"Burst\">Разрыва</link></u></color> и <sprite name=\"Sinking\"><color=#e30000><u><link=\"Sinking\">Утопания</link></u></color>. (Округляется вниз)\n\nПолучает на 30% меньше урона от Грешников.\n\nЕсли было получено 2 и более <sprite name=\"SipOfAlcoholJin\"><color=#9f6a3a><u><link=\"SipOfAlcoholJin\">Глотка алкоголя</link></u></color> в прошедшем ходе, восстанавливает в начале хода 5 СД за каждые 10% потерянных ОЗ. (До 40)\n\nВосстанавливается от оглушения в начале новой фазы."
    },
    {
      "id": 127205,
      "name": "Река капель крови【血滴成河】",
      "desc": "Конец хода: если хотя бы один из противников имеет 10 и более <sprite name=\"Laceration\"><color=#e30000><u><link=\"Laceration\">Кровотечения</link></u></color>, наносит всем противникам 1 <sprite name=\"DrunkBlood\"><color=#9f6a3a><u><link=\"DrunkBlood\">Кровопролитие</link></u></color> за каждые 5 <sprite name=\"Laceration\"><color=#e30000><u><link=\"Laceration\">Кровотечения</link></u></color> на них. (До 3 за раз на противника)"
    },
    {
      "id": 124801,
      "name": "Конец спарринга",
      "desc": "Битва заканчивается победой, когда ОЗ падают ниже 20%."
    },
    {
      "id": 124901,
      "name": "Реверсивная схема тока",
      "desc": "Начало хода: если свой счётчик <sprite name=\"Charge\"><color=#f8c200><u><link=\"Charge\">Заряда</link></u></color> менее 10, тратит 5% своих ОЗ для его повышения на 5.\n\nКонец хода: если свой счётчик <sprite name=\"Charge\"><color=#f8c200><u><link=\"Charge\">Заряда</link></u></color> равен 15 и более, тратит 5 его единиц для восстановления 5% ОЗ."
    },
    {
      "id": 125001,
      "name": "Слегка облегченное бремя",
      "desc": "Восстанавливает 5 СД в начале каждого хода.\n- При 20 и более СД в начале хода получает 1 <sprite name=\"Enhancement\"><color=#f8c200><u><link=\"Enhancement\">Повышение силы атаки</link></u></color>."
    },
    {
      "id": 125002,
      "name": "Бремя ответственности",
      "desc": "Если ОЗ падают ниже 50%, получает 2 <sprite name=\"AttackDmgUp\"><color=#f8c200><u><link=\"AttackDmgUp\">Повышения урона</link></u></color> на всю оставшуюся битву в следующем ходе."
    },
    {
      "id": 125101,
      "name": "Движимый страхом",
      "desc": "Наносит на 3% больше урона за каждую единицу СД цели ниже 0.",
      "summary": "На 3% больше урона за каждую единицу СД цели ниже 0"
    },
    {
      "id": 125102,
      "name": "Разве это не смешно?",
      "desc": "Получает 1 [AttackUp] и 1 [DefenseUp] каждый раз, когда наносит цели негативные эффекты."
    },
    {
      "id": 125103,
      "name": "Искаженная решимость",
      "desc": "Восстанавливает 5 СД при победе в столкновении.\n\nПолучает 1 <sprite name=\"Enhancement\"><color=#f8c200><u><link=\"Enhancement\">Повышение силы атаки</link></u></color> при поражении в столкновении."
    }
  ]
}