{
  "dataList": [
    {
      "id": 9018301,
      "name": "Взвешенные столкновения",
      "desc": "При победе в столкновении получает 2 <sprite name=\"Agility\"><color=#f8c200><u><link=\"Agility\">Спешки</link></u></color> на следующий ход. (Единожды за ход)"
    },
    {
      "id": 9019301,
      "name": "Подавленные движения",
      "desc": "При победе в столкновении наносит 2 <sprite name=\"Binding\"><color=#e30000><u><link=\"Binding\">Связывания</link></u></color> на следующий ход. (Единожды за ход)"
    },
    {
      "id": 9018501,
      "name": "Дарованная миссия",
      "desc": "Входит в битву с <sprite name=\"RepressedMurderousIntend\"><color=#e30000><u><link=\"RepressedMurderousIntend\">Подавленной жаждой крови</link></u></color>."
    },
    {
      "id": 9018502,
      "name": "Стремительность【Mao】",
      "desc": "При атаке целей с наложенным <sprite name=\"BurstAgility\"><color=#e30000><u><link=\"BurstAgility\">Смертным ритуалом</link></u></color> повышает их счётчик <sprite name=\"Burst\"><color=#e30000><u><link=\"Burst\">Разрыва</link></u></color> на 1. (До 3 раз за ход)"
    },
    {
      "id": 9018503,
      "name": "Усиление【Мао】",
      "desc": "При атаке более медленных целей наносит на 1 силу или счётчик <sprite name=\"Burst\"><color=#e30000><u><link=\"Burst\">Разрыва</link></u></color> больше."
    },
    {
      "id": 9018504,
      "name": "Доминирование【Mao】",
      "desc": "Если своя скорость выше скорости цели на 3 и более, Сила монет +1."
    },
    {
      "id": 9102001,
      "name": "Книга мести",
      "desc": "При получении удара накладывает на атаковавшего 1 <sprite name=\"MiddleFingerBook\"><color=#e30000><u><link=\"MiddleFingerBook\">Метку воздаяния</link></u></color>. (На одного противника за ход; до 1)\n\nПри использовании навыка, если на цели есть <sprite name=\"MiddleFingerBook\"><color=#e30000><u><link=\"MiddleFingerBook\">Метка воздаяния</link></u></color>, получает +(Количество <sprite name=\"MiddleFingerBook\"><color=#e30000><u><link=\"MiddleFingerBook\">Меток воздаяния</link></u></color> на цели / 4) к Силе в столкновении.\n(До 2)\n- Если на цели 8 и более <sprite name=\"MiddleFingerBook\"><color=#e30000><u><link=\"MiddleFingerBook\">Меткок воздаяния</link></u></color>, получает +(Количество <sprite name=\"MiddleFingerBook\"><color=#e30000><u><link=\"MiddleFingerBook\">Меткок воздаяния</link></u></color> на цели / 3) к Базовой силе. (До 3)"
    },
    {
      "id": 9102002,
      "name": "Татуировки воздаяния",
      "desc": "Каждый раз, когда союзник из Среднего пальца погибает в этом бою, получает 1 <sprite name=\"AttackUp\"><color=#f8c200><u><link=\"AttackUp\">Повышение уровня атаки</link></u></color>. (До 5)"
    },
    {
      "id": 9102003,
      "name": "Цепи верности",
      "desc": "Когда союзник Среднего пальца погибает, получает 1 <sprite name=\"PlusCoinValueUp\"><color=#f8c200><u><link=\"PlusCoinValueUp\">Усиление положительной монеты</link></u></color> на следующий ход. (До 2)"
    },
    {
      "id": 9018701,
      "name": "Жидкообразное тело",
      "desc": "Получаемый урон снижается на 10%."
    },
    {
      "id": 9018702,
      "name": "Чистка трупов",
      "desc": "В конце хода восстанавливает 5% ОЗ, если кто-либо умер в течение хода.\n\nПри убийстве восстанавливает 2~5% ОЗ."
    },
    {
      "id": 9018703,
      "name": "Ради семьи",
      "desc": "Конец хода: восстанавливает СД в количестве живых Чистильщиков."
    },
    {
      "id": 9018704,
      "name": "Ночь в подворотнях",
      "desc": "Входит на поле боя после второй волны с 30 СД."
    },
    {
      "id": 9102004,
      "name": "Вцепиться в шанс",
      "desc": "Не может быть оглушён, пока в своих слотах навыков находится используемая контратака."
    }
  ]
}