{
  "dataList": [
    {
      "id": 860501,
      "name": "Видение портретного следа",
      "desc": "Если к навыку 「Портрет господина」 прикреплён слот навыков, при раскрытии портрета возникает ударная волна того же цвета, что и аура вокруг навыка 「Портрету господина」.."
    },
    {
      "id": 860502,
      "name": "Изгнание чужака",
      "desc": "Активируется, пока присутствуют портреты.\n\nКонец хода: когда пройдёт 3 хода с момента появления портретов:\n- Накладывает <sprite name=\"UninvitedGuest\"><color=#9f6a3a><u><link=\"UninvitedGuest\">Незваного гостя</link></u></color> на первого вошедшего в бой противника без эффекта <sprite name=\"UninvitedGuest\"><color=#9f6a3a><u><link=\"UninvitedGuest\">Незваного гостя</link></u></color>.\n- Сжигает все портреты и наносит <sprite name=\"Sinking\"><color=#e30000><u><link=\"Sinking\">Утопание</link></u></color> в двойном количестве фальшивых сожжённых потретов всем противникам, после чего получает 1 <sprite name=\"AttackUp\"><color=#f8c200><u><link=\"AttackUp\">Повышение уровня атаки</link></u></color> и 1 <sprite name=\"Protection\"><color=#f8c200><u><link=\"Protection\">Защищённость</link></u></color> на следующий ход."
    },
    {
      "id": 860503,
      "name": "Охота на захватчика",
      "desc": "Сила в столкновении +1 и на 20% больше урона против <sprite name=\"UninvitedGuest\"><color=#9f6a3a><u><link=\"UninvitedGuest\">Незваных гостей</link></u></color>."
    },
    {
      "id": 860507,
      "name": "Ох, дорогой Мастер...",
      "desc": "Когда присутствуют портреты, сопротивление ко всем типам атак усиливается на 0.5, а также получает 8 <sprite name=\"Protection\"><color=#f8c200><u><link=\"Protection\">Защищённости</link></u></color>.\n\nЕсли противники победили Портрет господина, накладывает на победившего его противника эффект <sprite name=\"UninvitedGuest\"><color=#9f6a3a><u><link=\"UninvitedGuest\">Незваного гостя</link></u></color>, после чего получает 5 <sprite name=\"Vulnerable\"><color=#e30000><u><link=\"Vulnerable\">Уязвимостей</link></u></color> на следующий ход, а свои физические сопротивления ослабляются на 0.5."
    },
    {
      "id": 860505,
      "name": "Ты, должно быть, родственник захватчика?",
      "desc": "Когда у противника есть эффект <sprite name=\"UninvitedGuest\"><color=#9f6a3a><u><link=\"UninvitedGuest\">Незваного гостя</link></u></color>, накладывает <sprite name=\"UninvitedGuest\"><color=#9f6a3a><u><link=\"UninvitedGuest\">Незваного гостя</link></u></color> на другого противника без этого эффекта каждый раз при потере 10% от своих максимальных ОЗ. (До 4 противников)"
    },
    {
      "id": 860601,
      "name": "Пронзающий взор",
      "desc": "Пока находится на поле боя, наносит 1 силу и счётчик <sprite name=\"Sinking\"><color=#e30000><u><link=\"Sinking\">Утопания</link></u></color> на всех противников каждый ход."
    },
    {
      "id": 860602,
      "name": "Вторженец",
      "desc": "При своём уничтожении накладывает на атаковавшего эффект <sprite name=\"UninvitedGuest\"><color=#9f6a3a><u><link=\"UninvitedGuest\">Незваного гостя</link></u></color>. (Не более 4 противников с эти эффектом)"
    },
    {
      "id": 860701,
      "name": "Пронзающий взор",
      "desc": "Пока находится на поле боя, наносит 1 силу и счётчик <sprite name=\"Sinking\"><color=#e30000><u><link=\"Sinking\">Утопания</link></u></color> на всех противников каждый ход."
    },
    {
      "id": 860702,
      "name": "Захватчик",
      "desc": "При своём уничтожении накладывает на атаковавшего эффект <sprite name=\"UninvitedGuest\"><color=#9f6a3a><u><link=\"UninvitedGuest\">Незваного гостя</link></u></color>. (Не более 4 противников с эти эффектом)"
    },
    {
      "id": 860801,
      "name": "Знакомый разъём",
      "desc": "За каждое <sprite name=\"ConnectedPlug\"><color=#e30000><u><link=\"ConnectedPlug\">Подключение</link></u></color> получает +1 к минимальной скорости, 1 <sprite name=\"Vulnerable\"><color=#e30000><u><link=\"Vulnerable\">Уязвимость</link></u></color> и 1 <sprite name=\"AttackDmgUp\"><color=#f8c200><u><link=\"AttackDmgUp\">Повышение урона</link></u></color>.\n\nПолучает 4 <sprite name=\"Vulnerable\"><color=#e30000><u><link=\"Vulnerable\">Уязвимости</link></u></color> при своём оглушении в следующем ходе из-за наличия 3 <sprite name=\"ConnectedPlug\"><color=#e30000><u><link=\"ConnectedPlug\">Подключений</link></u></color>."
    },
    {
      "id": 860802,
      "name": "Перенапряжение",
      "desc": "В конце хода: за каждые 10 единиц счётчика <sprite name=\"Charge\"><color=#f8c200><u><link=\"Charge\">Заряда</link></u></color> получает 1 <sprite name=\"VioletDamageUp\"><color=#f8c200><u><link=\"VioletDamageUp\">Повышение урона Завистью</link></u></color> на следующий ход. (До 2)"
    },
    {
      "id": 860803,
      "name": "Жажда свободы",
      "desc": "При 25% ОЗ, начиная с этого хода, получает 1 из следующих эффектов каждый ход (Значения накапливаются и не истекают):\n- Получает 1 <sprite name=\"ParryingResultUp\"><color=#f8c200><u><link=\"ParryingResultUp\">Повышение силы в столкновении</link></u></color>\n- Получает 1 <sprite name=\"AttackDmgUp\"><color=#f8c200><u><link=\"AttackDmgUp\">Повышение урона</link></u></color>\n- Получает 1 <sprite name=\"Vulnerable\"><color=#e30000><u><link=\"Vulnerable\">Уязвимость</link></u></color>"
    },
    {
      "id": 860804,
      "name": "Заземления",
      "desc": "Во втором ходе на поле боя появляется Генератор."
    },
    {
      "id": 862801,
      "name": "Собирающееся грозовое облако",
      "desc": "В конце хода: получает 4 <sprite name=\"ThundercloudFormation\"><color=#e30000><u><link=\"ThundercloudFormation\">Грозовых облака</link></u></color> на следующий ход, если этого эффекта нет."
    },
    {
      "id": 862802,
      "name": "Отсоединённый антиовечий заземляющий штекер",
      "desc": "При получении удара даёт 1 <sprite name=\"AntiSheepGround\"><color=#f8c200><u><link=\"AntiSheepGround\">Антиовечий заземляющий штекер</link></u></color> атаковавшему. (Единожды за ход)"
    },
    {
      "id": 862803,
      "name": "Защитная заглушка",
      "desc": "Не получает урона."
    },
    {
      "id": 862901,
      "name": "Прелюдия пиршества",
      "desc": "В начало второго хода: призывает свиту Связанного короля.\nДо 12 этих противников может появиться, при смерти каждого его место займёт другой."
    },
    {
      "id": 862902,
      "name": "Завершение пиршества",
      "desc": "Когда все слуги повержены, Связанный король вступает в бой."
    },
    {
      "id": 862903,
      "name": "ЗДЕСЬ НЕЧЕГО СМОТРЕТЬ",
      "desc": "ЗДЕСЬ НЕЧЕГО СМОТРЕТЬ"
    },
    {
      "id": 862904,
      "name": "Рвущиеся узы",
      "desc": "При уничтожении Тела накладывает <sprite name=\"BandageOfTheBoundKing\"><color=#f8c200><u><link=\"BandageOfTheBoundKing\">Узы Связанного короля</link></u></color> на всех противников."
    },
    {
      "id": 828001,
      "name": "Слуга Связанного короля",
      "desc": "Получает <sprite name=\"BandageOfTheBoundKing\"><color=#f8c200><u><link=\"BandageOfTheBoundKing\">Узы Связанного короля</link></u></color> и <sprite name=\"BigWelcome\"><color=#f8c200><u><link=\"BigWelcome\">Торжественный прием</link></u></color> на время этой битвы.\n\nВ начале каждого хода Связанный король благословляет его своей милостью.\n\nМилость Связанного короля меняется каждый ход в следующем порядке: <sprite name=\"Enhancement\"><color=#f8c200><u><link=\"Enhancement\">Повышение силы атаки</link></u></color>, восстановление СД, восстановление ОЗ. Если в живых осталось менее 6 Слуг (Пеккатулы Зависти), сила благословения увеличивается."
    },
    {
      "id": 828002,
      "name": "ЗДЕСЬ НЕЧЕГО СМОТРЕТЬ",
      "desc": "ЗДЕСЬ НЕЧЕГО СМОТРЕТЬ"
    },
    {
      "id": 828003,
      "name": "ОТВЕРНИСЬ!",
      "desc": "ОТВЕРНИСЬ!"
    },
    {
      "id": 860506,
      "name": "Преломлённая борьба",
      "desc": "После 10+ столкновений с одним и тем же противником случайно получает или теряет силу в столкновении, равную (Количество столкновений / 10)."
    },
    {
      "id": 828004,
      "name": "Грех зависти?",
      "desc": "Наносит на 15% больше урона и получает на 15% меньше урона."
    },
    {
      "id": 828005,
      "name": "Преломлённый разум",
      "desc": "+30 СД в начале битвы."
    },
    {
      "id": 828006,
      "name": "Преломлённый разум",
      "desc": "-20 СД в начале битвы."
    },
    {
      "id": 828007,
      "name": "Преломлённый разум",
      "desc": "+45 СД в начале битвы."
    },
    {
      "id": 828008,
      "name": "Преломлённый разум",
      "desc": "+20 СД в начале битвы."
    }
  ]
}