{
  "dataList": [
    {
      "id": 837101,
      "name": "Удобный случай",
      "desc": "Получает 1 <sprite name=\"PenetrateDamageUp\"><color=#f8c200><u><link=\"PenetrateDamageUp\">Повышение Пронзающего урона</link></u></color> в начале хода, если быстрее цели."
    },
    {
      "id": 837102,
      "name": "Размеренное дыхание",
      "desc": "В конце хода восстанавливает 7 СД и получает <sprite name=\"Agility\"><color=#f8c200><u><link=\"Agility\">Спешку</link></u></color> на следующий ход, равную (Сила своего <sprite name=\"Breath\"><color=#f8c200><u><link=\"Breath\">Дыхания</link></u></color> / 4). (До 3)"
    },
    {
      "id": 837103,
      "name": "Поединок",
      "desc": "Использует навык 「Салют」, если цель оглушена."
    },
    {
      "id": 837104,
      "name": "Прицельная атака",
      "desc": "При использовании навыка против того же слота навыков своего противника, по которому Камилл успешно попал в прошлом ходе, он получает эффекты в зависимости от количества последовательных попаданий по нему:\n- 1 последовательное попадание: Сила в столкновении +1\n- 2 последовательных попадания: Базовая сила +1\n- 3 последовательных попадания: Базовая сила +1, Сила монет +1"
    },
    {
      "id": 837201,
      "name": "Я первая тебя разрежу!",
      "desc": "Отдаёт приоритет <sprite name=\"LineCutting\"><color=#e30000><u><link=\"LineCutting\">Цели шитья</link></u></color>."
    },
    {
      "id": 837202,
      "name": "Ножницы из застывшей крови",
      "desc": "Восстанавливает ОЗ ядра и части на 40% от урона, наносимого целям с <sprite name=\"Laceration\"><color=#e30000><u><link=\"Laceration\">Кровотечением</link></u></color>.\nПосле атаки, если восстановилось хотя бы 100 ОЗ, восстанавливает также и 10 СД.\n\nЭффект не активируется при попадании расколотыми <sprite name=\"SuperCoin\"><color=#9f6a3a><u><link=\"SuperCoin\">Вечными монетами</link></u></color>."
    },
    {
      "id": 837203,
      "name": "Мне не нужны уродливые вещи!!",
      "desc": "Использует атаку 「Мне не нужны уродливые вещи!!」, если на поле боя есть противники, чьи ОЗ равны или нижу 30%."
    },
    {
      "id": 837204,
      "name": "Я ещё не закончила",
      "desc": "Меняет поведение, если ОЗ падают до 40%. После этого этом получет 10 <sprite name=\"Laceration\"><color=#e30000><u><link=\"Laceration\">Кровотечения</link></u></color> и 2 <sprite name=\"BloodScissor\"><color=#f8c200><u><link=\"BloodScissor\">Окровавленных лезвия ножниц</link></u></color>."
    },
    {
      "id": 837205,
      "name": "Кровавый пир",
      "desc": "Если находится на поле боя или является тем, кто может появиться на этом этапе, увеличивает значение <sprite name=\"BloodDinner\"><color=#9f6a3a><u><link=\"BloodDinner\">Кровавого пиршества</link></u></color> на величину урона от <sprite name=\"Laceration\"><color=#e30000><u><link=\"Laceration\">Кровотечения</link></u></color>, полученного всеми участниками битвы.\nПри выходе на поле боя, пропитавшая его спящая кровь заполняет поверхность."
    },
    {
      "id": 837206,
      "name": "Налитые кровью ножницы",
      "desc": "В начале боевой фазы получает 10 <sprite name=\"BloodScissor\"><color=#f8c200><u><link=\"BloodScissor\">Окровавленных лезвий ножниц</link></u></color>.\n\nФаза <sprite name=\"BloodScissor\"><color=#f8c200><u><link=\"BloodScissor\">Окровавленных лезвий ножниц</link></u></color> меняется в зависимости от значения.\n- Переходит в <sprite name=\"BloodScissorTwo\"><color=#f8c200><u><link=\"BloodScissorTwo\">Окровавленные лезвия ножниц II</link></u></color> при значении 10 и более;\n- Переходит в <sprite name=\"BloodScissorThree\"><color=#f8c200><u><link=\"BloodScissorThree\">Окровавленные лезвия ножниц III</link></u></color> при значении 20 и более.\n\nЕсли теряет или расходует <sprite name=\"BloodScissor\"><color=#f8c200><u><link=\"BloodScissor\">Окровавленные лезвия ножниц</link></u></color> и они опускаются ниже пороговых значений, фаза снижается."
    },
    {
      "id": 837207,
      "name": "Голод и иссушение",
      "desc": "Находится в состоянии <sprite name=\"StarvingBarberTwo\"><color=#e30000><u><link=\"StarvingBarberTwo\">Иссушения</link></u></color> на протяжении всей битвы."
    },
    {
      "id": 837208,
      "name": "Кровь... Кровь... КРОВЬ...!",
      "desc": "Если в панике к концу хода, восстанавливается от неё и сбрасывает СД до 0.\n\nПри восстановлении от паники:\n- Поглощает 30 <sprite name=\"BloodDinner\"><color=#9f6a3a><u><link=\"BloodDinner\">Кровавого пиршества</link></u></color>, чтобы получить 2 <sprite name=\"Enhancement\"><color=#f8c200><u><link=\"Enhancement\">Повышения силы атаки</link></u></color> и 1 <sprite name=\"BloodScissor\"><color=#f8c200><u><link=\"BloodScissor\">Окровавленные лезвия ножниц</link></u></color> на следующий ход, а также восстановить 20 СД;\n- Если не удалось поглотить <sprite name=\"BloodDinner\"><color=#9f6a3a><u><link=\"BloodDinner\">Кровавое пиршество</link></u></color>, получает 30 <sprite name=\"Laceration\"><color=#e30000><u><link=\"Laceration\">Кровотечения</link></u></color> и оно активируется на себе, понижая счётчик своего <sprite name=\"Laceration\"><color=#e30000><u><link=\"Laceration\">Кровотечения</link></u></color> на 3. После этого получает уже 2 <sprite name=\"Enhancement\"><color=#f8c200><u><link=\"Enhancement\">Повышения силы атаки</link></u></color> и 2 <sprite name=\"AttackDmgUp\"><color=#f8c200><u><link=\"AttackDmgUp\">Повышения урона</link></u></color> на следующий ход, а также восстанавливает 20 СД."
    },
    {
      "id": 9999997,
      "name": "Выход из паники",
      "desc": "Если в панике к концу хода, восстанавливается от неё и сбрасывает СД до 0."
    },
    {
      "id": 9999996,
      "name": "Неизменный тип паники",
      "desc": "При получении эффектов, меняющих тип паники, её тип остаётся неизменным. Вместо этого эффект работает как на противнике без силы духа."
    }
  ]
}