{
  "dataList": [
    {
      "id": 2010111,
      "name": "Тишина",
      "desc": "При получении удара получает 3 <sprite name=\"Binding\"><color=#e30000><u><link=\"Binding\">Поноса</link></u></color> на следующий ход и наносит на 20% больше урона, когда использует тип урона, к которому цель \"Слаба\" или \"Фатальна\". (Единожды за ход)"
    },
    {
      "id": 2010211,
      "name": "Уголек",
      "desc": "При победе в столкновении наносит <sprite name=\"Combustion\"><color=#e30000><u><link=\"Combustion\">Изжога</link></u></color>, равный (Число грехов в абсолютном резонансе Гнева / 2). (Единожды за навык)"
    },
    {
      "id": 2010311,
      "name": "Толь харыбан",
      "desc": "В начале хода получает 3 <sprite name=\"HitTakeDamageDown\"><color=#f8c200><u><link=\"HitTakeDamageDown\">Защищенности от Дробящего урона</link></u></color> и 3 <sprite name=\"AmberTakeDamageDown\"><color=#f8c200><u><link=\"AmberTakeDamageDown\">Защищенности от Лености</link></u></color>."
    },
    {
      "id": 2020111,
      "name": "Апатия",
      "desc": "Если противник оглушен во время своей атаки, союзник с наименьшей SP получает +2 к <sprite name=\"MentalSystemResultIncrease_Typo\"><color=#9f6a3a><u><link=\"MentalSystemResultIncrease_Typo\">Эффективности восстановления SP</link></u></color> на следующий ход. (До 3 раз за ход)"
    },
    {
      "id": 2020211,
      "name": "Обволакивающая жидкость",
      "desc": "В начале хода дает 2 <sprite name=\"Protection\"><color=#f8c200><u><link=\"Protection\">Защищенности</link></u></color> союзнику с наименьшими HP (Включая себя)."
    },
    {
      "id": 2020311,
      "name": "Больно!",
      "desc": "Наносит на 10% больше урона за каждый негативный эффект на себе. (До 50%)"
    },
    {
      "id": 2030111,
      "name": "Неумеренный энтузиазм",
      "desc": "При ударе, если на цели есть <sprite name=\"Laceration\"><color=#e30000><u><link=\"Laceration\">Кетчуп</link></u></color>, восстанавливает 3 HP."
    },
    {
      "id": 2030211,
      "name": "Волны тоски",
      "desc": "Цель самого правого на приборной панели навыка теряет SP в количестве (2 × число грехов в абсолютном резонансе Уныния) после атаки. (Чурки вместо этого получают урон Унынием)"
    },
    {
      "id": 2040111,
      "name": "Искусство",
      "desc": "Наносит и получает на 5% больше урона за каждого самостоятельно убитого в прошлом ходе противника."
    },
    {
      "id": 2040211,
      "name": "Пламя четвертой спички",
      "desc": "Каждый 4 используемый Решу навык получает +4 к Итоговой силе, а также наносит 4 <sprite name=\"Combustion\"><color=#e30000><u><link=\"Combustion\">Изжоги</link></u></color> каждой своей атакой."
    },
    {
      "id": 2050111,
      "name": "Отказ судить",
      "desc": "В начале боевой фазы получает 3 <sprite name=\"Protection\"><color=#f8c200><u><link=\"Protection\">Защищенности</link></u></color>, если является целью 3 и более навыков."
    },
    {
      "id": 2050211,
      "name": "Финальная аугментация",
      "desc": "Если ЭГО навык <Шарики за ролики> используется при менее, чем 25% HP, получает 3 <sprite name=\"Enhancement\"><color=#f8c200><u><link=\"Enhancement\">Повышения силы атаки</link></u></color>, <sprite name=\"Endurance\"><color=#f8c200><u><link=\"Endurance\">Повышения силы защиты</link></u></color> и <sprite name=\"Agility\"><color=#f8c200><u><link=\"Agility\">Спешки</link></u></color> каждый ход, но спустя 3 хода умирает."
    },
    {
      "id": 2050311,
      "name": "Откровение свыше",
      "desc": "После победы в столкновении с помощью самого левого на приборной панели навыка дает 1 <sprite name=\"Enhancement\"><color=#f8c200><u><link=\"Enhancement\">Повышение силы атаки</link></u></color> или <sprite name=\"Endurance\"><color=#f8c200><u><link=\"Endurance\">Повышение силы защиты</link></u></color> случайному союзнику на следующий ход."
    },
    {
      "id": 2060111,
      "name": "Волны",
      "desc": "В начале боевой фазы восстанавливает SP союзнику с наименьшей SP на количество грехов в наибольшем абсолютном резонансе, исключая навыки союзников в панике."
    },
    {
      "id": 2060211,
      "name": "Связывающие ленты",
      "desc": "Цель самого левого на приборной панели навыка получает (Число грехов в абсолютном резонансе Похоти / 4) <sprite name=\"ScarletTakeDamageUp\"><color=#e30000><u><link=\"ScarletTakeDamageUp\">Уязвимостей к Похоти</link></u></color> на следующий ход."
    },
    {
      "id": 2070111,
      "name": "Дух соперничества",
      "desc": "Когда союзник убивает противника, получает 1 <sprite name=\"Enhancement\"><color=#f8c200><u><link=\"Enhancement\">Повышение силы атаки</link></u></color> и 1 <sprite name=\"Agility\"><color=#f8c200><u><link=\"Agility\">Спешку</link></u></color> на следующий ход. (До 3)"
    },
    {
      "id": 2070211,
      "name": "Рев",
      "desc": "После победы над противником повышает счетчик <sprite name=\"Charge\"><color=#f8c200><u><link=\"Charge\">Солей</link></u></color> на половину грехов в резонансе Зависти."
    },
    {
      "id": 2080111,
      "name": "Компульсия",
      "desc": "Сила в столкновении +2 в столкновениях, где показатель выигрыша свою в пользу.\n\nСила в столкновении -2 в столкновениях, где показатель выигрыша не свою в пользу."
    },
    {
      "id": 2080211,
      "name": "Розовые ленты",
      "desc": "При победе в столкновении наносит 1 <sprite name=\"PinkRibbon_Ishmael\"><color=#e30000><u><link=\"PinkRibbon_Ishmael\">Розовую ленту</link></u></color>."
    },
    {
      "id": 2080311,
      "name": "Изжогенный душ",
      "desc": "При ударе, если на цели есть <sprite name=\"Combustion\"><color=#e30000><u><link=\"Combustion\">Изжога</link></u></color>, наносит 1 <sprite name=\"Combustion\"><color=#e30000><u><link=\"Combustion\">Изжога</link></u></color> трем случайным противникам."
    },
    {
      "id": 2090111,
      "name": "Отсечение",
      "desc": "+1 к <sprite name=\"MentalSystemResultIncrease_Typo\"><color=#9f6a3a><u><link=\"MentalSystemResultIncrease_Typo\">Эффективности восстановления SP</link></u></color>, -1 к <sprite name=\"MentalSystemResultDecrease_Typo\"><color=#9f6a3a><u><link=\"MentalSystemResultDecrease_Typo\">Эффективности потери SP</link></u></color>."
    },
    {
      "id": 2090211,
      "name": "Искры пламени",
      "desc": "После убийства противника, на котором был <sprite name=\"Combustion\"><color=#e30000><u><link=\"Combustion\">Изжога</link></u></color>, восстанавливает HP на (Число грехов в абсолютном резонансе Гнева)% от максимальных HP."
    },
    {
      "id": 2090311,
      "name": "Холод",
      "desc": "При ударе, если на цели 5 и более <sprite name=\"Sinking\"><color=#e30000><u><link=\"Sinking\">Депрессии</link></u></color>, наносит ей 1 <sprite name=\"Binding\"><color=#e30000><u><link=\"Binding\">Понос</link></u></color> и <sprite name=\"Reduction\"><color=#e30000><u><link=\"Reduction\">Понижение силы атаки</link></u></color>. (Трижды на противника)"
    },
    {
      "id": 2100111,
      "name": "Нестабильность",
      "desc": "Если монета навыка совершает удар стороной, отличающейся от предыдущей монеты в том же навыке, теряет 5 SP и получает 1 <sprite name=\"AttackDmgUp\"><color=#f8c200><u><link=\"AttackDmgUp\">Повышение урона</link></u></color> на этот ход. (Трижды за ход)"
    },
    {
      "id": 2100211,
      "name": "Жертвоприношение",
      "desc": "После убийства противника с помощью атаки или контратаки, получает 5 ЭГО ресурсов греха этого навыка."
    },
    {
      "id": 2110111,
      "name": "Тактическое совершенство",
      "desc": "Если не было получено ударов в течение хода, получает 1 <sprite name=\"AttackDmgUp\"><color=#f8c200><u><link=\"AttackDmgUp\">Повышение урона</link></u></color> на следующий ход. (До 3)"
    },
    {
      "id": 2110211,
      "name": "Стебель сомнения",
      "desc": "В начале хода получает 1 <sprite name=\"PenetrateDamageUp\"><color=#f8c200><u><link=\"PenetrateDamageUp\">Повышение Пронзающего урона</link></u></color>.\n\nПри ударе, если выпал орел, наносит 1 <sprite name=\"Binding\"><color=#e30000><u><link=\"Binding\">Понос</link></u></color> и повышает счетчик <sprite name=\"Burst\"><color=#e30000><u><link=\"Burst\">Зеленки</link></u></color> на 1 на следующий ход."
    },
    {
      "id": 2110311,
      "name": "Пустота",
      "desc": "В начале хода получает 1 <sprite name=\"ScarletDamageUp\"><color=#f8c200><u><link=\"ScarletDamageUp\">Повышение урона Похотью</link></u></color>.\n- Если SP ниже 0, получает еще 1 <sprite name=\"ScarletDamageUp\"><color=#f8c200><u><link=\"ScarletDamageUp\">Повышение урона Похотью</link></u></color>."
    },
    {
      "id": 2120111,
      "name": "Неконтролируемое превращение",
      "desc": "В начале хода, если HP ниже 25%, восстанавливает 15 HP и получает 2 <sprite name=\"Protection\"><color=#f8c200><u><link=\"Protection\">Защищенности</link></u></color>.\n- При активации этого эффекта дает случайному союзнику и случайному противнику +2 к <sprite name=\"MentalSystemResultDecrease_Typo\"><color=#9f6a3a><u><link=\"MentalSystemResultDecrease_Typo\">Эффективности потери SP</link></u></color>."
    },
    {
      "id": 2120211,
      "name": "Опарыши",
      "desc": "При ударе наносит 5 <sprite name=\"Muckworm\"><color=#e30000><u><link=\"Muckworm\">Опарышей</link></u></color> с вероятностью (Число грехов в абсолютном резонансе Чревоугодия × 8)%."
    },
    {
      "id": 2120311,
      "name": "Усвоение удобрений",
      "desc": "После убийства противника, на котором был <sprite name=\"Burst\"><color=#e30000><u><link=\"Burst\">Зеленка</link></u></color>, восстанавливает HP в количестве (Число грехов в абсолютном резонансе Чревоугодия)% от максимальных HP."
    },
    {
      "id": 2030311,
      "name": "Беспорядочный разряд",
      "desc": "В начале боевой фазы случайный союзник с <sprite name=\"Charge\"><color=#f8c200><u><link=\"Charge\">Солями</link></u></color> повышает свой счетчик <sprite name=\"Charge\"><color=#f8c200><u><link=\"Charge\">Солей</link></u></color> на (Число грехов в абсолютном резонансе Зависти / 2)."
    },
    {
      "id": 2020411,
      "name": "Адаптивное вызволение",
      "desc": "Пока есть <sprite name=\"Charge\"><color=#f8c200><u><link=\"Charge\">Соль</link></u></color>, наносит на 2% больше урона за каждую единицу счетчика <sprite name=\"Charge\"><color=#f8c200><u><link=\"Charge\">Солей</link></u></color>.\n\nНавыки тратят на 2 единицы счетчика <sprite name=\"Charge\"><color=#f8c200><u><link=\"Charge\">Солей</link></u></color> меньше."
    },
    {
      "id": 2030411,
      "name": "Котел обжорства",
      "desc": "В начале хода превращает 2 случайных других ЭГО ресурса в 1 ресурс Похоти."
    },
    {
      "id": 2100311,
      "name": "Взрыв рагу",
      "desc": "Монеты, на которых выпала решка, наносят 1 <sprite name=\"Combustion\"><color=#e30000><u><link=\"Combustion\">Изжога</link></u></color> при ударе по противнику."
    },
    {
      "id": 2010411,
      "name": "Блуждающий",
      "desc": "В начале хода повышает счетчик <sprite name=\"Charge\"><color=#f8c200><u><link=\"Charge\">Солей</link></u></color> на 4, если не было получено урона за предыдущий ход.\n\nПосле успешной атаки по противнику с меньшей скоростью, повышает его счетчик <sprite name=\"Burst\"><color=#e30000><u><link=\"Burst\">Зеленки</link></u></color> на 1. (Трижды за ход)"
    },
    {
      "id": 2060311,
      "name": "Восстановление беспорядочного феномена",
      "desc": "При нанесении урона противнику с помощью негативных эффектов повышает свой счетчик <sprite name=\"Charge\"><color=#f8c200><u><link=\"Charge\">Солей</link></u></color> на 1. (До 4 за ход)\n\nКогда HP достигают 0 первый раз за битву, тратит весь счетчик <sprite name=\"Charge\"><color=#f8c200><u><link=\"Charge\">Солей</link></u></color> и восстанавливает HP пропорционально потраченному количеству. (Не более 25% от максимальных HP)"
    },
    {
      "id": 2050411,
      "name": "Необузданная взбудораженность",
      "desc": "В начале боевой фазы, если является целью 2-ух и более навыков, навыки получают +1 к Базовой силе, а при получении удара наносит 1 <sprite name=\"Combustion\"><color=#e30000><u><link=\"Combustion\">Изжога</link></u></color> на атаковавшего. (До 5 раз за ход)"
    },
    {
      "id": 2080411,
      "name": "Убийство под аплодисменты",
      "desc": "При атаке цели, у которой менее 30% HP, навыки Гнева наносят на 20% больше урона."
    },
    {
      "id": 2110411,
      "name": "Охотничье чутье",
      "desc": "После столкновения получает 2 <sprite name=\"Breath\"><color=#f8c200><u><link=\"Breath\">Кумара</link></u></color>.\n\nПри своем оглушении получает 2 <sprite name=\"Protection\"><color=#f8c200><u><link=\"Protection\">Защищенности</link></u></color> и при выходе из него получает 5 <sprite name=\"Breath\"><color=#f8c200><u><link=\"Breath\">Кумара</link></u></color>."
    },
    {
      "id": 2070311,
      "name": "Вспыльчивый разряд",
      "desc": "При получении удара тратит 1 единицу счетчика <sprite name=\"Charge\"><color=#f8c200><u><link=\"Charge\">Солей</link></u></color> для восстановления 2.5% от максимальных HP.\n\nПри менее, чем 40% HP, повышает свой счетчик <sprite name=\"Charge\"><color=#f8c200><u><link=\"Charge\">Солей</link></u></color> на 1 перед восстановлением HP этим эффектом. (До 10 единиц счетчика <sprite name=\"Charge\"><color=#f8c200><u><link=\"Charge\">Солей</link></u></color> за ход)"
    },
    {
      "id": 2120411,
      "name": "Переменный разряд",
      "desc": "При ударе с выпавшим орлом тратит 2 единицы своего счетчика <sprite name=\"Charge\"><color=#f8c200><u><link=\"Charge\">Солей</link></u></color>, чтобы повысить его на 1 союзнику с наименьшим счетчиком <sprite name=\"Charge\"><color=#f8c200><u><link=\"Charge\">Солей</link></u></color>."
    },
    {
      "id": 2010511,
      "name": "Луч солнца после дождя",
      "desc": "В начале хода все союзники восстанавливают 3 SP."
    },
    {
      "id": 2040311,
      "name": "Паутина",
      "desc": "При победе в столкновении наносит 1 <sprite name=\"Binding\"><color=#e30000><u><link=\"Binding\">Понос</link></u></color> на следующий ход. (Трижды за ход)"
    },
    {
      "id": 2040411,
      "name": "Хищница",
      "desc": "Если на этом ходе восстанавливает HP больше, чем на 10% от максимальных HP, получает 1 <sprite name=\"Enhancement\"><color=#f8c200><u><link=\"Enhancement\">Повышение силы атаки</link></u></color> на следующий ход."
    },
    {
      "id": 2040511,
      "name": "Открытая банка",
      "desc": "При ударе, если на цели 5 и более <sprite name=\"Sinking\"><color=#e30000><u><link=\"Sinking\">Депрессии</link></u></color>, наносит 1 <sprite name=\"Disarming\"><color=#e30000><u><link=\"Disarming\">Понижение силы защиты</link></u></color>. (5 раз за ход)"
    },
    {
      "id": 2060411,
      "name": "Крики чаек с дальних морей",
      "desc": "При убийстве противника союзник с наименьшей SP восстанавливает 1 SP.\n\nКаждый раз, как противник убит, количество восстанавливаемого SP повышается на 2. (До 9)\n\nКоличество сбрасывается в начале новой волны."
    },
    {
      "id": 2100411,
      "name": "Фея-приманка",
      "desc": "После убийства противника, основной целью которого являлся Синклер, восстанавливает (3 + число грехов в абсолютном резонансе Чревоугодия)% от максимальных HP."
    },
    {
      "id": 2070411,
      "name": "Дхьяна",
      "desc": "При выходе из оглушения увеличивает максимальные HP на 15% от базового значения.\n- После этого восстанавливает 15% максимальных HP. Если менее 30% HP, вместо этого восстанавливает 25% HP.\n(Трижды за битву; после окончания битвы максимальные HP возвращаются к базовому значению)"
    },
    {
      "id": 2050511,
      "name": "Скованный гнев",
      "desc": "Свой самый левый навык на приборной панели теряет 1 Базовую силу и получает +2 к Силе монет.\n\nВ начале хода, если скорость 4 и ниже, получает 1 <sprite name=\"HitResultUp\"><color=#f8c200><u><link=\"HitResultUp\">Повышение силы Дробящих атак</link></u></color>."
    },
    {
      "id": 2020511,
      "name": "Пламенный меч",
      "desc": "Наносит 1 <sprite name=\"Combustion\"><color=#e30000><u><link=\"Combustion\">Изжога</link></u></color>, если монета атаки Похотью выпал орел. (До 6 раз за ход)"
    },
    {
      "id": 2060511,
      "name": "Зеленая слизь",
      "desc": "Если менее 50% HP, атакующий при ударе получает 1 <sprite name=\"Burst\"><color=#e30000><u><link=\"Burst\">Зеленка</link></u></color>. (Активируется (Число грехов в наибольшем абсолютном резонансе Чревоугодия) раз за ход)"
    },
    {
      "id": 2040611,
      "name": "Пожирание сновидений",
      "desc": "Повышает свой счетчик <sprite name=\"Breath\"><color=#f8c200><u><link=\"Breath\">Кумара</link></u></color> на 1 при раскумаре навыком с грехом Гордыни. (Трижды за ход)"
    },
    {
      "id": 2080511,
      "name": "Безрассудный вояж",
      "desc": "В конце хода наносит 5 <sprite name=\"Sinking\"><color=#e30000><u><link=\"Sinking\">Депрессии</link></u></color> на союзника с наименьшими HP (Кроме себя), но так же дает ему 1 <sprite name=\"Agility\"><color=#f8c200><u><link=\"Agility\">Спешку</link></u></color> и 3 <sprite name=\"AttackUp\"><color=#f8c200><u><link=\"AttackUp\">Повышения уровня атаки</link></u></color> на следующий ход."
    },
    {
      "id": 2090411,
      "name": "Липкие нечистоты",
      "desc": "Пронзающие навыки наносит 1 <sprite name=\"Binding\"><color=#e30000><u><link=\"Binding\">Понос</link></u></color> при ударе с выпавшим орлом. (Дважды за ход)"
    },
    {
      "id": 2100511,
      "name": "Пророчество о гибели",
      "desc": "При ударе грехом Похоти с выпавшим орлом теряет 4 SP вместе с целью. (Не распространяется на противников без силы духа)\n\nПри убийстве навыком с грехом Похоти получает 5 ЭГО ресурсов Похоти."
    },
    {
      "id": 2090511,
      "name": "Небесный приговор",
      "desc": "При оглушении противника, союзник с наименьшим процентом HP восстанавливает 4% от максимальных HP. (Единожды за ход)"
    },
    {
      "id": 2070511,
      "name": "Нескончаемая ненависть",
      "desc": "Если имеется статусный или негативный эффект, а на атакующем или цели позитивные эффекты:\n- Наносит еще 1 <sprite name=\"Combustion\"><color=#e30000><u><link=\"Combustion\">Изжога</link></u></color>, <sprite name=\"Laceration\"><color=#e30000><u><link=\"Laceration\">Кетчуп</link></u></color>, <sprite name=\"Vibration\"><color=#e30000><u><link=\"Vibration\">Тряска</link></u></color>, <sprite name=\"Burst\"><color=#e30000><u><link=\"Burst\">Зеленка</link></u></color> и <sprite name=\"Sinking\"><color=#e30000><u><link=\"Sinking\">Депрессия</link></u></color> на себя и врагов эффектами навыков или монет.\n- Повышает счетчики <sprite name=\"Breath\"><color=#f8c200><u><link=\"Breath\">Кумара</link></u></color> и <sprite name=\"Charge\"><color=#f8c200><u><link=\"Charge\">Солей</link></u></color> еще на 1 эффектами навыков или монет."
    },
    {
      "id": 2110511,
      "name": "Заслуженный подарок",
      "desc": "Когда дает позитивные эффекты своим союзникам через навыки или монеты, случайно наносит 1 <sprite name=\"Combustion\"><color=#e30000><u><link=\"Combustion\">Изжога</link></u></color>, <sprite name=\"Laceration\"><color=#e30000><u><link=\"Laceration\">Кетчуп</link></u></color>, <sprite name=\"Vibration\"><color=#e30000><u><link=\"Vibration\">Тряска</link></u></color>, <sprite name=\"Burst\"><color=#e30000><u><link=\"Burst\">Зеленка</link></u></color> или <sprite name=\"Sinking\"><color=#e30000><u><link=\"Sinking\">Депрессия</link></u></color> на случайного противника или часть.\n(Активируется до 5 раз за ход; до 5 эффектов на одного противника или часть)"
    },
    {
      "id": 2030511,
      "name": "Рухнувший гурий",
      "desc": "При нанесении <sprite name=\"Laceration\"><color=#e30000><u><link=\"Laceration\">Кетчупа</link></u></color> получает 2 <sprite name=\"Breath\"><color=#f8c200><u><link=\"Breath\">Кумара</link></u></color> и повышает его счетчик на 2. (Трижды за ход)"
    },
    {
      "id": 2120511,
      "name": "Венец из роз",
      "desc": "В начале хода наносит 2 <sprite name=\"Burst\"><color=#e30000><u><link=\"Burst\">Зеленки</link></u></color> случайному противнику или всем его частям.\n\nПри активации абсолютного резонанса, наносит 2 <sprite name=\"Burst\"><color=#e30000><u><link=\"Burst\">Зеленки</link></u></color> всем противникам в начале боевой фазы."
    },
    {
      "id": 2120611,
      "name": "Если бы я только мог обратить все вспять…",
      "desc": "При убийстве противника своей атакой, дает 1 наименее имеющийся ЭГО ресурс после атаки.\n- Получает еще 1 ЭГО ресурс за каждые 5 единиц в сумме силы и счетчика <sprite name=\"Sinking\"><color=#e30000><u><link=\"Sinking\">Депрессии</link></u></color> на цели. (До 3)\n(Если среди ЭГО ресурсов 2 и более наименее имеющихся, полученные ЭГО ресурсы распределяются между ними в случайном порядке)"
    },
    {
      "id": 2010611,
      "name": "Осколки вчерашнего дня",
      "desc": "Сила в столкновении +1 против целей с силой <sprite name=\"Sinking\"><color=#e30000><u><link=\"Sinking\">Депрессии</link></u></color> 6 и более.\nСила в столкновении +1 против целей с счетчиком <sprite name=\"Sinking\"><color=#e30000><u><link=\"Sinking\">Депрессии</link></u></color> 4 и более."
    },
    {
      "id": 2030611,
      "name": "Штормовой вопль",
      "desc": "При убийстве противника рубящим навыком или навыком с грехом Зависти получает 1 <sprite name=\"Enhancement\"><color=#f8c200><u><link=\"Enhancement\">Повышение силы атаки</link></u></color> на следующий ход. (Единожды за ход)"
    },
    {
      "id": 2050611,
      "name": "Перегруженный кабель",
      "desc": "Начало боевой фазы: при резонансе в 4 и более греха получает 2 <sprite name=\"AttackUp\"><color=#f8c200><u><link=\"AttackUp\">Повышения уровня атаки</link></u></color> и 2 <sprite name=\"DefenseUp\"><color=#f8c200><u><link=\"DefenseUp\">Повышения уровня защиты</link></u></color>.\n- Если грех резонанса — Зависть, дает эти эффекты союзникам по обеим сторонам приборной панели."
    },
    {
      "id": 2070611,
      "name": "Сковывающие цепи",
      "desc": "Начало боевой фазы: при резонансе в 4 и более греха включая этот, Отис и все союзники в резонансе получают 3 <sprite name=\"AttackUp\"><color=#f8c200><u><link=\"AttackUp\">Повышения уровня атаки</link></u></color> и 3 <sprite name=\"DefenseUp\"><color=#f8c200><u><link=\"DefenseUp\">Повышения уровня защиты</link></u></color>.\n- Если этот резонанс — абсолютный, дает еще по 2 эффекта."
    },
    {
      "id": 2110611,
      "name": "Грандиозный прием",
      "desc": "При оглушении или убийстве цели в конце атаки дает 1 ЭГО ресурс Гордыни и 1 случайный ЭГО ресурс оставшихся грехов. (До 3 раз за ход)"
    },
    {
      "id": 2080611,
      "name": "Обжорство",
      "desc": "Если главная цель получила урон по HP в этом ходу и не имела максимальных HP при использовании атаковавшего навыка:\nПри ударе,\n- Если HP Фишмаэль максимальные, на 5~10% больше урона;\n- В ином случае восстанавливает 2~5 HP.\n(До 7 раз за ход)",
      "summary": "Наносит больше урона или восстанавливает HP при ударе"
    },
    {
      "id": 2090611,
      "name": "Увлеченность",
      "desc": "Удваивает силу <sprite name=\"Laceration\"><color=#e30000><u><link=\"Laceration\">Кетчупа</link></u></color>, наносимого своим самым левым навыком на приборной панели. (Единожды ход)",
      "summary": "Навык наносит двойное количество <sprite name=\"Laceration\"><color=#e30000><u><link=\"Laceration\">Кетчупа</link></u></color>"
    },
    {
      "id": 2060611,
      "name": "Чувство уныния",
      "desc": "При <sprite name=\"VibrationExplosion\"><color=#e30000><u><link=\"VibrationExplosion\">Потрясения сучки</link></u></color> на противнике с помощью своих навыков наносит 1 <sprite name=\"AttackDown\"><color=#e30000><u><link=\"AttackDown\">Понижение уровня атаки</link></u></color> и 2 <sprite name=\"DefenseDown\"><color=#e30000><u><link=\"DefenseDown\">Понижения уровня защиты</link></u></color> на следующий ход. (Трижды за ход; включая ЭГО навыки)",
      "summary": "Наносит 1 <sprite name=\"AttackDown\"><color=#e30000><u><link=\"AttackDown\">Понижение уровня атаки</link></u></color> и 2 <sprite name=\"DefenseDown\"><color=#e30000><u><link=\"DefenseDown\">Понижение уровня защиты</link></u></color> на следующий ход при <sprite name=\"VibrationExplosion\"><color=#e30000><u><link=\"VibrationExplosion\">Потрясения сучки</link></u></color>."
    },
    {
      "id": 2100611,
      "name": "Слезная оболочка",
      "desc": "Получает 1 <sprite name=\"Protection\"><color=#f8c200><u><link=\"Protection\">Защищенность</link></u></color> при получении щита в начале хода.\n- Получает 1 дополнительную <sprite name=\"Protection\"><color=#f8c200><u><link=\"Protection\">Защищенность</link></u></color> при наличии <sprite name=\"ShieldManagerCryingToad\"><color=#9f6a3a><u><link=\"ShieldManagerCryingToad\">Слезинки</link></u></color> на себе.",
      "summary": "Получает <sprite name=\"Protection\"><color=#f8c200><u><link=\"Protection\">Защищенность</link></u></color> при наличии <sprite name=\"ShieldManagerCryingToad\"><color=#9f6a3a><u><link=\"ShieldManagerCryingToad\">Слезинки</link></u></color>"
    },
    {
      "id": 2020611,
      "name": "Бег времени",
      "desc": "При <sprite name=\"VibrationExplosion\"><color=#e30000><u><link=\"VibrationExplosion\">Потрясения сучки</link></u></color> на противнике с помощью своих навыков получает 1 <sprite name=\"Agility\"><color=#f8c200><u><link=\"Agility\">Спешку</link></u></color> на следующий ход. (До 4 раз за ход; включая ЭГО навыки)",
      "summary": "Получает 1 <sprite name=\"Agility\"><color=#f8c200><u><link=\"Agility\">Спешку</link></u></color> при <sprite name=\"VibrationExplosion\"><color=#e30000><u><link=\"VibrationExplosion\">Потрясения сучки</link></u></color>"
    },
    {
      "id": 2040711,
      "name": "Метка взора",
      "desc": "При использовании атакующих навыков на противниках, дает 1 случайный ЭГО ресурс из наименее имеющихся, отличных от греха использованного навыка. (Дважды за ход)"
    },
    {
      "id": 2070711,
      "name": "Разбитый медальон",
      "desc": "При наибольшем резонансе в 3 и более греха, в начале боевой фазы получает 3 <sprite name=\"Breath\"><color=#f8c200><u><link=\"Breath\">Кумара</link></u></color>."
    },
    {
      "id": 2110711,
      "name": "Блуждающая",
      "desc": "Верхняя граница счетчика <sprite name=\"Charge\"><color=#f8c200><u><link=\"Charge\">Солей</link></u></color> повышается на 5.\nНавыки, что тратят счетчик <sprite name=\"Charge\"><color=#f8c200><u><link=\"Charge\">Солей</link></u></color>, наносят на (2 × (Своя сила <sprite name=\"Charge\"><color=#f8c200><u><link=\"Charge\">Солей</link></u></color> - 1))% урона. (До 10%)",
      "summary": "Навыки, которые тратят счетчик <sprite name=\"Charge\"><color=#f8c200><u><link=\"Charge\">Солей</link></u></color>, наносят больше урона"
    },
    {
      "id": 2120711,
      "name": "Скорбь",
      "desc": "Если имеются негативные эффекты к концу хода, получает 1 <sprite name=\"Enhancement\"><color=#f8c200><u><link=\"Enhancement\">Повышение силы атаки</link></u></color> на следующий ход.\n\nПри атаке целей, находящихся в срыве или под действием <sprite name=\"EgoErode\"><color=#e30000><u>Коррозии ЭГО</u></color>: на 15% больше урона.",
      "summary": ""
    },
    {
      "id": 2080711,
      "name": "Прием незваных гостей",
      "desc": "Сила в столкновении +1 против <sprite name=\"UninvitedGuestPersonality\"><color=#e30000><u><link=\"UninvitedGuestPersonality\">Незваных гостей</link></u></color> и целей с эффектами, меняющими тип срыва.\n- При ударе по этой цели восстанавливает 5 SP союзнику с наименьшей SP. (Единожды за ход)"
    },
    {
      "id": 2020711,
      "name": "Раскидистое лассо",
      "desc": "После атаки, если цель оглушена или убита, повышает счетчик <sprite name=\"Burst\"><color=#e30000><u><link=\"Burst\">Зеленки</link></u></color> на 1 двум случайным противникам или частям. (Единожды за ход; не суммируется)",
      "summary": "После оглушения или убийства противника повышает счетчик <sprite name=\"Burst\"><color=#e30000><u><link=\"Burst\">Зеленки</link></u></color> на 1 двум случайным противникам"
    },
    {
      "id": 2060711,
      "name": "Время охоты",
      "desc": "Если противник или союзник погибает от урона <sprite name=\"Burst\"><color=#e30000><u><link=\"Burst\">Зеленки</link></u></color> или <sprite name=\"Laceration\"><color=#e30000><u><link=\"Laceration\">Кетчупа</link></u></color>, наносит 2 <sprite name=\"Snare\"><color=#e30000><u><link=\"Snare\">Лассо</link></u></color> на случайного противника и получает 1 <sprite name=\"Agility\"><color=#f8c200><u><link=\"Agility\">Спешку</link></u></color> в следующем ходу. (Единожды за ход)"
    },
    {
      "id": 2030711,
      "name": "Распускающийся алый цветок",
      "desc": "При возникновении 10 и более урона от <sprite name=\"Laceration\"><color=#e30000><u><link=\"Laceration\">Кетчупа</link></u></color> в битве, восстанавливают 1 SP. (До 10 за ход)"
    },
    {
      "id": 2090711,
      "name": "Железный кол в сердце",
      "desc": "При нанесении <sprite name=\"Laceration\"><color=#e30000><u><link=\"Laceration\">Кетчупа</link></u></color> или Особого Кетчупа противнику с помощью базовых атакующих навыков наносит 1 <sprite name=\"DefenseDown\"><color=#e30000><u><link=\"DefenseDown\">Понижение уровня защиты</link></u></color>. (Единожды за ход)\n- Если у цели уже есть <sprite name=\"Laceration\"><color=#e30000><u><link=\"Laceration\">Кетчуп</link></u></color> или Особое Кетчуп[TabExplain], наносит еще 2 <sprite name=\"Laceration\"><color=#e30000><u><link=\"Laceration\">Кетчупа</link></u></color>. (Единожды за ход)\n\nКогда союзник, включая этого, получает прямой урон по HP от противника, наносит 1 <sprite name=\"Curse\"><color=#e30000><u><link=\"Curse\">Проклятие</link></u></color> на атаковавшего. (Дважды за ход)",
      "summary": ""
    },
    {
      "id": 2100711,
      "name": "Грязная шкура",
      "desc": "Начало боя: если имеется отрицательный эффект, получает 1 <sprite name=\"ParryingResultUp\"><color=#f8c200><u><link=\"ParryingResultUp\">Повышение силы в столкновении</link></u></color> и 1 <sprite name=\"Endurance\"><color=#f8c200><u><link=\"Endurance\">Повышение силы защиты</link></u></color>.\n- Получает 1 <sprite name=\"Protection\"><color=#f8c200><u><link=\"Protection\">Защищенность</link></u></color> за каждые 3 отрицательных эффекта на себе. (До 2)"
    },
    {
      "id": 2050711,
      "name": "Кровожадное пиршество",
      "desc": "Когда нанесении или получении урона от <sprite name=\"Laceration\"><color=#e30000><u><link=\"Laceration\">Кетчупа</link></u></color>, восстанавливает HP в количестве этого урона от <sprite name=\"Laceration\"><color=#e30000><u><link=\"Laceration\">Кетчупом</link></u></color>. (До 10 за ход)\n- Эффекты навыка или монеты, наносящие <sprite name=\"Laceration\"><color=#e30000><u><link=\"Laceration\">Кетчуп</link></u></color>, наносят еще 1 <sprite name=\"Laceration\"><color=#e30000><u><link=\"Laceration\">Кетчуп</link></u></color> если у цели есть <sprite name=\"RoseWedge\"><color=#e30000><u><link=\"RoseWedge\">Шип розы</link></u></color>. (Дважды за ход)"
    },
    {
      "id": 2010711,
      "name": "Следующий",
      "desc": "Если цель убита после атаки, повышает свой счетчик <sprite name=\"Breath\"><color=#f8c200><u><link=\"Breath\">Кумара</link></u></color> на 2. (Дважды за ход)"
    },
    {
      "id": 2070811,
      "name": "Разбитый колокол",
      "desc": "Наносит <sprite name=\"Vulnerable\"><color=#e30000><u><link=\"Vulnerable\">Уязвимость</link></u></color> противникам, на которых был <sprite name=\"VibrationExplosion\"><color=#e30000><u><link=\"VibrationExplosion\">Спровоцирован Тряски</link></u></color> от эффектов навыков, монет или пассивных умений.\n- Не складывается с ЭГО дарами с идентичным эффектом. (Или вычитается из наносимых улучшенными ЭГО дарами эффектов)",
      "summary": "Наносит 1 <sprite name=\"Vulnerable\"><color=#e30000><u><link=\"Vulnerable\">Уязвимость</link></u></color> при <sprite name=\"VibrationExplosion\"><color=#e30000><u><link=\"VibrationExplosion\">Потрясения сучки</link></u></color>"
    },
    {
      "id": 2080811,
      "name": "Взгляд в тени",
      "desc": "Союзники дополнительно повышают свой счетчик <sprite name=\"Vibration\"><color=#e30000><u><link=\"Vibration\">Тряски</link></u></color> на 1 с помощью эффектов навыков. (Дважды за ход)\n- Если же цель союзника оглушена, в состоянии паники или низкой морали, вместо этого счетчик повышается на 2;\n- Эффект не складывается с ЭГО дарами с идентичным эффектом."
    },
    {
      "id": 2120811,
      "name": "Бессонная ночь",
      "desc": "Начало боевой фазы: наносит 1 <sprite name=\"AttackDown\"><color=#e30000><u><link=\"AttackDown\">Понижение уровня атаки</link></u></color> или 1 <sprite name=\"DefenseDown\"><color=#e30000><u><link=\"DefenseDown\">Понижение уровня защиты</link></u></color> всем противникам (Количество противников, которые оглушены, в состоянии низкой морали, или в панике) раз. (Дважды за ход)\n- Эффект не складывается с ЭГО дарами с идентичным эффектом."
    },
    {
      "id": 2110811,
      "name": "Семь пуль",
      "desc": "При попадании базовыми атакующими навыками наносит (Имеющихся <sprite name=\"FreischutzShotCount\"><color=#9f6a3a><u><link=\"FreischutzShotCount\">Магических пуль</link></u></color> / 3) <sprite name=\"Combustion\"><color=#e30000><u><link=\"Combustion\">Изжоги</link></u></color>. (Трижды за ход)\n- Для айдишки Э.Г.О. «Лоботомии»:: Магическaя пуля Отис: наносит <sprite name=\"Combustion\"><color=#e30000><u><link=\"Combustion\">Изжога</link></u></color> в количестве имеющихся <sprite name=\"FreischutzShotCount\"><color=#9f6a3a><u><link=\"FreischutzShotCount\">Магических пуль</link></u></color> вместо этого; (Трижды за ход)\n- Если цель имеет 30 и более <sprite name=\"Combustion\"><color=#e30000><u><link=\"Combustion\">Изжоги</link></u></color>, наносит 1 <sprite name=\"DarkFlame\"><color=#e30000><u><link=\"DarkFlame\">Темное пламя</link></u></color> вместо этого эффекта. (Дважды ха ход)"
    },
    {
      "id": 2040811,
      "name": "Кумар",
      "desc": "Начало следующего хода после использования этого ЭГО: получает 1 <sprite name=\"NebulizerInhale\"><color=#f8c200><u><link=\"NebulizerInhale\">Небулайзер β</link></u></color>. (Единожды за ход)\n- Если этот навык убил противников, дает дополнительные <sprite name=\"NebulizerInhale\"><color=#f8c200><u><link=\"NebulizerInhale\">Небулайзеры β</link></u></color> в количестве убитых целей;\n- Если навык убил союзников, дает (Целей убито × 2) дополнительных <sprite name=\"NebulizerInhale\"><color=#f8c200><u><link=\"NebulizerInhale\">Небулайзеров β</link></u></color>;\n- Этот эффект складывается на протяжении битвы."
    },
    {
      "id": 2020811,
      "name": "Кумар",
      "desc": "Начало следующего хода после использования этого ЭГО: получает 1 <sprite name=\"NebulizerExhale\"><color=#f8c200><u><link=\"NebulizerExhale\">Небулайзер α</link></u></color>. (Единожды за ход)\n- Значение складывается на протяжении битвы.\n\nНачало боевой фазы: получает 1 <sprite name=\"NebulizerExhale\"><color=#f8c200><u><link=\"NebulizerExhale\">Небулайзер α</link></u></color> каждый раз, когда Фауст повышает счетчик <sprite name=\"Breath\"><color=#f8c200><u><link=\"Breath\">Кумара</link></u></color> на 10 союзникам с помощью эффектов <sprite name=\"NebulizerExhale\"><color=#f8c200><u><link=\"NebulizerExhale\">Небулайзера α</link></u></color>.\n\nКонец хода: начиная с союзников с наименьшим процентом HP, восстанавливает (Количество <sprite name=\"NebulizerExhale\"><color=#f8c200><u><link=\"NebulizerExhale\">Небулайзеров α</link></u></color>)% HP для (Число грехов в наибольшем резонансе) союзников. (До 6)\n- Если союзник имеет 20 и более <sprite name=\"Breath\"><color=#f8c200><u><link=\"Breath\">Кумара</link></u></color>, восстанавливает HP еще один раз."
    },
    {
      "id": 2090811,
      "name": "Пылающая потеха",
      "desc": "Когда противник с счетчиком <sprite name=\"Combustion\"><color=#e30000><u><link=\"Combustion\">Изжоги</link></u></color> в 10 и более побежден, разносит его счетчик <sprite name=\"Combustion\"><color=#e30000><u><link=\"Combustion\">Изжоги</link></u></color> между всеми остальными противниками и восстанавливает себе 8 SP. (До 3 на противника; дважды за ход)\n- При максимальной своей силе духа восстанавливает 5 SP союзнику с наименьшей SP вместо этого.",
      "summary": "Наносит <sprite name=\"Combustion\"><color=#e30000><u><link=\"Combustion\">Изжога</link></u></color> всем остальным противникам"
    },
    {
      "id": 2030811,
      "name": "Ослабляющий талисман",
      "desc": "Если при ударе Дон Кихот на ее цели было 15 и более <sprite name=\"Burst\"><color=#e30000><u><link=\"Burst\">Зеленок</link></u></color>, или же удар был раскумаром, наносит 1 <sprite name=\"DefenseDown\"><color=#e30000><u><link=\"DefenseDown\">Понижение уровня защиты</link></u></color>. (До 6 за ход)\n- Не складывается с эффектом ЭГО дара \"Старая деревянная кукла\".",
      "summary": "Наносит 1 <sprite name=\"DefenseDown\"><color=#e30000><u><link=\"DefenseDown\">Понижение уровня защиты</link></u></color>"
    },
    {
      "id": 2080911,
      "name": "Посягание на одиночество",
      "desc": "Когда Фишмаэль наносит Депрессия, повышает его счетчик, или наносит Особое Утопaние своими атакующими навыками, дает ей 1 <sprite name=\"AttackUp\"><color=#f8c200><u><link=\"AttackUp\">Повышение уровня атаки</link></u></color> на следующий ход. (До 2 за ход)\n- При 3 и более грехах в резонансе может получить до 3 <sprite name=\"AttackUp\"><color=#f8c200><u><link=\"AttackUp\">Повышений уровня атаки</link></u></color> на следующий ход вместо этого.",
      "summary": "Получает 1 <sprite name=\"AttackUp\"><color=#f8c200><u><link=\"AttackUp\">Повышение уровня атаки</link></u></color> на следующий ход"
    },
    {
      "id": 2060811,
      "name": "Плачущие слезы",
      "desc": "Если противник убит после атаки или контратаки (Единожды за ход):\n- Получает 2 <sprite name=\"Agility\"><color=#f8c200><u><link=\"Agility\">Спешки</link></u></color> на следующий ход;\n- Наносит всем противникам 1 <sprite name=\"Reduction\"><color=#e30000><u><link=\"Reduction\">Понижение силы атаки</link></u></color> на следующий ход;\n- Дает себе и всем союзникам 1 <sprite name=\"AmberDamageUp\"><color=#f8c200><u>Повышение урона</u></color> Грехом и Типом урона навыка, которым был убит протвиник.\n\nПосле своей смерти:\n- Дает 1 <sprite name=\"ShamrockDamageUp\"><color=#f8c200><u><link=\"ShamrockDamageUp\">Повышение урона Чревоугодием</link></u></color> и <sprite name=\"PenetrateDamageUp\"><color=#f8c200><u><link=\"PenetrateDamageUp\">Повышение Пронзающего урона</link></u></color> на следующий ход всем союзникам;\n- Наносит 1 <sprite name=\"Reduction\"><color=#e30000><u><link=\"Reduction\">Понижение силы атаки</link></u></color> на следующий ход всем противникам."
    },
    {
      "id": 2100811,
      "name": "Плачущие слезы",
      "desc": "Конец хода: если на себе есть негативные эффекты или SP была потеряна во время хода, восстанавливает 5 SP.\n\nЕсли один из союзников или сам Синклер умирает, наносит 1 <sprite name=\"Vulnerable\"><color=#e30000><u><link=\"Vulnerable\">Уязвимость</link></u></color> на следующий ход всем противнкиам. (Единожды за ход)"
    },
    {
      "id": 2030911,
      "name": "Магический круг сваги",
      "desc": "Получает 1 [Charge] каждый раз, когда этот юнит поглощает 10 любого [Charge] счетчика\n- Если эта айдишка уже получала [Charge] через снюхивание [Charge] счетчика на себе, эффект не будет стакаться с этим эффектом.\n- Базовые скиллы этого юнита, которые поглощают счетчик [Charge] на себе: наносят +5% урона за каждую [Charge] на себе (макс 25%)\n\nЕсли этот юнит является \"Во имя мочи и говна Член Кихот\", получает дополнительное использование 3-го скилла"
    },
    {
      "id": 2050811,
      "name": "Метроном",
      "desc": "Начало хода:\n- Если ход нечетный, получает 1 <sprite name=\"AttackDmgUp\"><color=#f8c200><u><link=\"AttackDmgUp\">Повышение урона</link></u></color>;\n- Если ход четный, получает 1 <sprite name=\"Protection\"><color=#f8c200><u><link=\"Protection\">Защищенность</link></u></color>.\n(Эффект на себе не складывается вместе с ЭГО Даром 「Метроном」, а его улучшенные версии дают на 1 <sprite name=\"AttackDmgUp\"><color=#f8c200><u><link=\"AttackDmgUp\">Повышение урона</link></u></color> или <sprite name=\"Protection\"><color=#f8c200><u><link=\"Protection\">Защищенность</link></u></color> меньше)\n\nПосле использования этого ЭГО навыка получает 1 <sprite name=\"AccumulatedPastSinner\"><color=#9f6a3a><u><link=\"AccumulatedPastSinner\">Накопленное прошлое</link></u></color> на следующий ход. (Единожды за битву)\n- <sprite name=\"AccumulatedPastSinner\"><color=#9f6a3a><u><link=\"AccumulatedPastSinner\">Накопленное прошлое</link></u></color> увеличивается на 1 с каждым проходящим ходом."
    }
  ]
}