{
  "dataList": [
    {
      "id": 122801,
      "name": "Двенадцатый час",
      "desc": "Конец хода: если количество своего <sprite name=\"LimitedTime\"><color=#cc9901><u><link=\"LimitedTime\">Украденного времени</link></u></color> делится на 60 без остатка, получает 2 <sprite name=\"SlashDamageUp\"><color=#f8c200><u><link=\"SlashDamageUp\">Повышения Рубящего урона</link></u></color> и 2 <sprite name=\"PenetrateDamageUp\"><color=#f8c200><u><link=\"PenetrateDamageUp\">Повышения Пронзающего урона</link></u></color> на следующий ход."
    },
    {
      "id": 122802,
      "name": "Остающееся время",
      "desc": "Если в состоянии <sprite name=\"TimeAcceleration\"><color=#f0a200><u><link=\"TimeAcceleration\">Ускоренного времени</link></u></color>, наносит ещё 10% от нанесённого при ударе урона в качестве урона грехом использованной атаки. (До 2 раз за ход)"
    },
    {
      "id": 122901,
      "name": "Двенадцатый час",
      "desc": "Конец хода: если количество своего <sprite name=\"LimitedTime\"><color=#cc9901><u><link=\"LimitedTime\">Украденного времени</link></u></color> или сумма <sprite name=\"OwnTime\"><color=#f5be14><u><link=\"OwnTime\">Распределённого времени</link></u></color> всех частей делится на 60 без остатка, получает 2 <sprite name=\"SlashDamageUp\"><color=#f8c200><u><link=\"SlashDamageUp\">Повышения Рубящего урона</link></u></color> и 2 <sprite name=\"PenetrateDamageUp\"><color=#f8c200><u><link=\"PenetrateDamageUp\">Повышения Пронзающего урона</link></u></color> на следующий ход."
    },
    {
      "id": 122902,
      "name": "Гиперускорение времени",
      "desc": "Если в состоянии <sprite name=\"EquitableDistribution\"><color=#d19103><u><link=\"EquitableDistribution\">Издержек распределённого времени</link></u></color>, наносит ещё 10% от нанесённого при ударе урона в качестве урона грехом использованной атаки. (До 2 раз за ход)"
    },
    {
      "id": 123001,
      "name": "Гиперускорение времени",
      "desc": "Конец хода: если эта часть цела, даёт 1 <sprite name=\"Protection\"><color=#f8c200><u><link=\"Protection\">Защищённость</link></u></color> случайной части Потрошителя времени на следующий ход."
    }
  ]
}