{
  "dataList": [
    {
      "id": 90001,
      "name": "Паразитирующее тело",
      "desc": "В начале хода восстанавливает 5 ОЗ."
    },
    {
      "id": 90002,
      "name": "Пищевые добавки",
      "desc": "После убийства противника восстанавливает 20 ОЗ и получает 5 <sprite name=\"Endurance\"><color=#f8c200><u><link=\"Endurance\">Повышений силы защиты</link></u></color> на следующий ход."
    },
    {
      "id": 90003,
      "name": "Острое лезвие",
      "desc": "При ударе наносит 1~2 <sprite name=\"Laceration\"><color=#e30000><u><link=\"Laceration\">Кровотечения</link></u></color>.\nЕсли цель <sprite name=\"Target\"><color=#9f6a3a><u><link=\"Target\">Помечена</link></u></color>, атакует сначала её."
    },
    {
      "id": 90004,
      "name": "Слабый дух",
      "desc": "Каждый раз, как умирает союзник, получает 1 <sprite name=\"Vulnerable\"><color=#e30000><u><link=\"Vulnerable\">Уязвимость</link></u></color> до конца битвы."
    },
    {
      "id": 90005,
      "name": "Кара",
      "desc": "Когда ОЗ падают ниже 50%, получает 5 <sprite name=\"Enhancement\"><color=#f8c200><u><link=\"Enhancement\">Повышений силы атаки</link></u></color> на следующий ход."
    },
    {
      "id": 90006,
      "name": "Волны разума",
      "desc": "При ударе цель теряет 10 СД."
    },
    {
      "id": 9000101,
      "name": "Повреждённая аугментация",
      "desc": "Если ОЗ менее 50% в начале хода, восстанавливает 1 ОЗ."
    },
    {
      "id": 9000102,
      "name": "Аугментированное тело",
      "desc": "Если ОЗ менее 50% в начале хода, восстанавливает 2 ОЗ."
    },
    {
      "id": 9000103,
      "name": "Разъедающая аугментация",
      "desc": "Если ОЗ менее 50% в начале хода, восстанавливает 4 ОЗ."
    },
    {
      "id": 9100301,
      "name": "Большой босс",
      "desc": "При своей смерти все союзники теряют 45 СД."
    },
    {
      "id": 9100302,
      "name": "Хэй, ребятня!",
      "desc": "Теряет 15 СД каждый раз, как умирает союзник."
    },
    {
      "id": 9100401,
      "name": "Hora de Fiesta",
      "desc": "В начале хода все союзники восстанавливают 10 СД.\n\nПри 20 и более СД получает 1 <sprite name=\"Enhancement\"><color=#f8c200><u><link=\"Enhancement\">Повышение силы атаки</link></u></color> и 1 <sprite name=\"Endurance\"><color=#f8c200><u><link=\"Endurance\">Повышение силы защиты</link></u></color> в начале хода."
    },
    {
      "id": 9100402,
      "name": "Se Acabó la Fiesta",
      "desc": "При своей смерти все союзники теряют 45 СД."
    },
    {
      "id": 9002801,
      "name": "ОЗ пули",
      "desc": "В начале хода восстанавливает 15 ОЗ.\n- Если ОЗ менее 50%, восстанавливает ещё 15 ОЗ."
    },
    {
      "id": 9003201,
      "name": "Благородной будет жертва твоя",
      "desc": "При смерти союзника получает 1 <sprite name=\"Enhancement\"><color=#f8c200><u><link=\"Enhancement\">Повышение силы атаки</link></u></color> на следующий ход."
    },
    {
      "id": 9003801,
      "name": "Удовольствие от казни",
      "desc": "После убийства противника получает 2 <sprite name=\"AttackDmgUp\"><color=#f8c200><u><link=\"AttackDmgUp\">Повышения урона</link></u></color> на следующий ход."
    },
    {
      "id": 9100501,
      "name": "Молот Той, кто держит",
      "desc": "В начале хода все союзники восстанавливают 10 СД.\n\nПри своей смерти все союзники теряют 45 СД."
    },
    {
      "id": 9100601,
      "name": "Упорство",
      "desc": "Когда ОЗ падают ниже 50%, убирает с себя все негативные эффекты в следующем ходе и получает 4 <sprite name=\"Assemble\"><color=#f8c200><u><link=\"Assemble\">Фанатичности</link></u></color>, 1 <sprite name=\"Enhancement\"><color=#f8c200><u><link=\"Enhancement\">Повышение силы атаки</link></u></color> и 1 <sprite name=\"Endurance\"><color=#f8c200><u><link=\"Endurance\">Повышение силы защиты</link></u></color> каждый ход."
    },
    {
      "id": 9100502,
      "name": "Должен быть Молотом",
      "desc": "При наличии <sprite name=\"Assemble\"><color=#f8c200><u><link=\"Assemble\">Фанатичности</link></u></color> наносит на 50% больше урона."
    },
    {
      "id": 9004601,
      "name": "Сознание машины",
      "desc": "СД всегда на 0."
    },
    {
      "id": 9004602,
      "name": "Прочный корпус",
      "desc": "Получает вдвое меньше урона от <sprite name=\"Laceration\"><color=#e30000><u><link=\"Laceration\">Кровотечения</link></u></color> и <sprite name=\"Combustion\"><color=#e30000><u><link=\"Combustion\">Огня</link></u></color>."
    },
    {
      "id": 9004603,
      "name": "Опасность: Нестабильность",
      "desc": "Граница выносливости повышается от <sprite name=\"VibrationExplosion\"><color=#e30000><u><link=\"VibrationExplosion\">Провокации Тремора</link></u></color> на 50% больше."
    },
    {
      "id": 9004604,
      "name": "Опасность: Чувствительность",
      "desc": "Получает на 30% больше урона от <sprite name=\"Burst\"><color=#e30000><u><link=\"Burst\">Разрывов</link></u></color>."
    },
    {
      "id": 9004901,
      "name": "Нарушение функции повреждения",
      "desc": "После своего оглушения наносит на 1 <sprite name=\"Burst\"><color=#e30000><u><link=\"Burst\">Разрыв</link></u></color> и его счётчик меньше."
    },
    {
      "id": 9005001,
      "name": "Нарушение функции колебания",
      "desc": "После своего оглушения наносит на 1 <sprite name=\"Vibration\"><color=#e30000><u><link=\"Vibration\">Тремор</link></u></color> и его счётчик меньше."
    },
    {
      "id": 9100701,
      "name": "Перегревающая функция атаки",
      "desc": "При оглушении противника с помощью атаки получает 3 <sprite name=\"AttackDmgUp\"><color=#f8c200><u><link=\"AttackDmgUp\">Повышения урона</link></u></color> на следующий ход."
    },
    {
      "id": 9100702,
      "name": "Потеря функции повреждения",
      "desc": "После своего оглушения наносит на 3 <sprite name=\"Burst\"><color=#e30000><u><link=\"Burst\">Разрыва</link></u></color> и его счётчика меньше."
    },
    {
      "id": 9100703,
      "name": "Потеря функции колебания",
      "desc": "После своего оглушения наносит на 3 <sprite name=\"Vibration\"><color=#e30000><u><link=\"Vibration\">Тремора</link></u></color> и его счётчика меньше."
    },
    {
      "id": 9100801,
      "name": "Гаечный подъём",
      "desc": "Получает <sprite name=\"Resonate\"><color=#f8c200><u><link=\"Resonate\">Резонанс Тремора</link></u></color> по количеству успешно выпавших орлов за ход. (До 10)"
    },
    {
      "id": 9100802,
      "name": "Представитель мастерской Ключа и розы",
      "desc": "Наносит дополнительный <sprite name=\"Vibration\"><color=#e30000><u><link=\"Vibration\">Тремор</link></u></color> в количестве убитых в волне союзников."
    },
    {
      "id": 9100803,
      "name": "Похоже, я остался последним",
      "desc": "Когда на поле боя не остаётся союзников, получает 1 <sprite name=\"Resonate\"><color=#f8c200><u><link=\"Resonate\">Резонанс Тремора</link></u></color> и 1 <sprite name=\"VibrationAssimilation\"><color=#f8c200><u><link=\"VibrationAssimilation\">Синхронизацию Тремора</link></u></color> каждый ход."
    },
    {
      "id": 9100804,
      "name": "У меня нет выбора",
      "desc": "Когда на поле боя не остаётся союзников, помечает последнего атаковавшего себя противника как цель в следующем ходе."
    },
    {
      "id": 9100901,
      "name": "Талисман опутывающего проклятия",
      "desc": "Получает <sprite name=\"WrappedCurseTag\"><color=#9f6a3a><u><link=\"WrappedCurseTag\">Приклеенные обереги проклятия</link></u></color> в количестве, равном числу столкновений, в которых участвовал за ход."
    },
    {
      "id": 9100902,
      "name": "Талисман удушающего проклятия",
      "desc": "При накоплении 10 <sprite name=\"WrappedCurseTag\"><color=#9f6a3a><u><link=\"WrappedCurseTag\">Приклеенных оберегов проклятия</link></u></color> своя граница выносливости повышается на 10, а эффект пропадает."
    },
    {
      "id": 9100903,
      "name": "Умножающийся оберег проклятия",
      "desc": "При 30% ОЗ и ниже наносит на 1 <sprite name=\"ReattachedCurseTag\"><color=#9f6a3a><u><link=\"ReattachedCurseTag\">Переклеенный оберег проклятия</link></u></color> больше."
    },
    {
      "id": 9100904,
      "name": "Наступающий оберег проклятия",
      "desc": "При 30% ОЗ и ниже, если на цели 5 и более <sprite name=\"ReattachedCurseTag\"><color=#9f6a3a><u><link=\"ReattachedCurseTag\">Переклеенных оберегов проклятия</link></u></color> после атаки, наносит ей 2 <sprite name=\"Paralysis\"><color=#e30000><u><link=\"Paralysis\">Паралича</link></u></color> на следующий ход."
    },
    {
      "id": 9006201,
      "name": "Поток печали",
      "desc": "Атаки решкой наносят 2 <sprite name=\"Sinking\"><color=#e30000><u><link=\"Sinking\">Утопания</link></u></color>."
    },
    {
      "id": 9006202,
      "name": "Переполняющая печаль",
      "desc": "В конце хода теряет 5 СД."
    },
    {
      "id": 9006101,
      "name": "Интоксикация",
      "desc": "При 5 <sprite name=\"Exalted\"><color=#9f6a3a><u><link=\"Exalted\">Повышениях морали</link></u></color> получает 5 <sprite name=\"Tipsiness\"><color=#9f6a3a><u><link=\"Tipsiness\">Опьянений</link></u></color>."
    },
    {
      "id": 9006102,
      "name": "Лекарство от похмелья",
      "desc": "При 5 <sprite name=\"Tipsiness\"><color=#9f6a3a><u><link=\"Tipsiness\">Опьянениях</link></u></color> использует защитный навык."
    },
    {
      "id": 9006801,
      "name": "Инъекция исцеляющей ампулы",
      "desc": "В начале хода восстанавливает 20 ОЗ."
    },
    {
      "id": 9006802,
      "name": "Экстренное введение ампулы",
      "desc": "Если ОЗ ниже 25%, восстанавливается до 40% от максимальных ОЗ. (Единожды за битву)"
    },
    {
      "id": 9007001,
      "name": "Золотой час",
      "desc": "В конце хода, если ОЗ между 12% и 24%, сразу восстанавливает их до 65% и выходит из оглушения. (Единожды за битву)"
    },
    {
      "id": 9007002,
      "name": "Последствия отмотки времени",
      "desc": "После активации Золотого часа получает 3 <sprite name=\"Vulnerable\"><color=#e30000><u><link=\"Vulnerable\">Уязвимости</link></u></color> в конце хода."
    },
    {
      "id": 9005401,
      "name": "Устройство террора",
      "desc": "Когда союзник атакует другого союзника, теряет 3 СД."
    },
    {
      "id": 9006901,
      "name": "Инъекция исцеляющей ампулы",
      "desc": "В начале хода восстанавливает 20 ОЗ."
    },
    {
      "id": 9006902,
      "name": "Экстренное введение ампулы",
      "desc": "Если ОЗ ниже 25%, восстанавливается до 40% от максимальных ОЗ. (Единожды за битву)"
    },
    {
      "id": 9006803,
      "name": "Экстренная передозировка ампулы",
      "desc": "ОЗ не падают ниже 1.\n\nПри 60 и менее ОЗ в начале хода входит в усиленный режим."
    }
  ]
}