{
  "dataList": [
    {
      "id": 40000201,
      "name": "Парное наступление",
      "desc": "Когда союзник наносит удар противнику, использует навык 「Удар по уязвимости」 односторонней атакой по этому же противнику. (До 2 раз за ход)"
    },
    {
      "id": 40000202,
      "name": "Помощь в атаке",
      "desc": "Когда противник наносит удар союзнику с менее чем 25% ОЗ, использует на этом противнике навык 「Вспомогательнaя атака」 односторонней атакой. (Единожды за битву)"
    },
    {
      "id": 40000203,
      "name": "Сожаление",
      "desc": "Конец хода: получает 1 <sprite name=\"DefenseUp\"><color=#f8c200><u><link=\"DefenseUp\">Повышение уровня защиты</link></u></color> на следующий ход за каждые 3 <sprite name=\"Breath\"><color=#f8c200><u><link=\"Breath\">Дыхания</link></u></color>. (До 6)"
    },
    {
      "id": 40000204,
      "name": "Повышение морали",
      "desc": "Восстанавливает 10 СД двум другим союзникам с наименьшей СД при убийстве противника."
    }
  ]
}