{
  "dataList": [
    {
      "id": 835001,
      "name": "Запас крови",
      "desc": "В начале хода получает эффекты в зависимости от <sprite name=\"KeptBlood\"><color=#f8c200><u><link=\"KeptBlood\">Накопленной крови</link></u></color>:\n- При 5 и менее <sprite name=\"KeptBlood\"><color=#f8c200><u><link=\"KeptBlood\">Накопленной крови</link></u></color> получает на следующий ход по 1 <sprite name=\"Binding\"><color=#e30000><u><link=\"Binding\">Связыванию</link></u></color>, 1 <sprite name=\"Vulnerable\"><color=#e30000><u><link=\"Vulnerable\">Уязвимости</link></u></color> и 1 <sprite name=\"AttackDown\"><color=#e30000><u><link=\"AttackDown\">Понижению уровня атаки</link></u></color> за каждую надостающую до 5 единицу <sprite name=\"KeptBlood\"><color=#f8c200><u><link=\"KeptBlood\">Накопленной крови</link></u></color>;\n- Если же более 5 <sprite name=\"KeptBlood\"><color=#f8c200><u><link=\"KeptBlood\">Накопленной крови</link></u></color>, то каждый ход получает по 2 <sprite name=\"AttackUp\"><color=#f8c200><u><link=\"AttackUp\">Повышения уровня атаки</link></u></color> и 2 <sprite name=\"DefenseUp\"><color=#f8c200><u><link=\"DefenseUp\">Повышения уровня защиты</link></u></color> за каждую единицу <sprite name=\"KeptBlood\"><color=#f8c200><u><link=\"KeptBlood\">Накопленной крови</link></u></color> после 5."
    },
    {
      "id": 835002,
      "name": "Надобно сохранять кровь",
      "desc": "Когда <sprite name=\"KeptBlood\"><color=#f8c200><u><link=\"KeptBlood\">Накопленная кровь</link></u></color> кончается, меняет поведение:\n- При использовании атаки 「Я же... принц... сего шествия!..」, скорость Кассетти фиксируется на 10."
    },
    {
      "id": 835003,
      "name": "Беснования принца",
      "desc": "При достижении 30% от максимальных ОЗ предаётся <sprite name=\"BloodyCrave\"><color=#f8c200><u><link=\"BloodyCrave\">Кровавой жажде</link></u></color>."
    },
    {
      "id": 835004,
      "name": "Глефа из застывшей крови",
      "desc": "Выбирает целью противника с наибольшей суммой силы и счётчика <sprite name=\"Laceration\"><color=#e30000><u><link=\"Laceration\">Кровотечения</link></u></color>.\n\nЕсли на цели есть <sprite name=\"Laceration\"><color=#e30000><u><link=\"Laceration\">Кровотечение</link></u></color> в момент удара, восстанавливает 2% от максимальных ОЗ."
    },
    {
      "id": 835005,
      "name": "Гематофаг — Свёртка",
      "desc": "Пока имеется <sprite name=\"Laceration\"><color=#e30000><u><link=\"Laceration\">Кровотечение</link></u></color> на себе:\n- Получает 1 <sprite name=\"AttackUp\"><color=#f8c200><u><link=\"AttackUp\">Повышение уровня атаки</link></u></color> и 1 <sprite name=\"DefenseUp\"><color=#f8c200><u><link=\"DefenseUp\">Повышение уровня защиты</link></u></color> за каждые 5 <sprite name=\"Laceration\"><color=#e30000><u><link=\"Laceration\">Кровотечения</link></u></color>; (До 10)\n- Получает 1 <sprite name=\"ParryingResultUp\"><color=#f8c200><u><link=\"ParryingResultUp\">Повышение силы в столкновении</link></u></color> за каждые 10 <sprite name=\"Laceration\"><color=#e30000><u><link=\"Laceration\">Кровотечения</link></u></color>; (До 5)\n- Получает на 50% меньше урона от <sprite name=\"Laceration\"><color=#e30000><u><link=\"Laceration\">Кровотечения</link></u></color>."
    },
    {
      "id": 9014501,
      "name": "Застывание крови",
      "desc": "При получении удара свой счётчик <sprite name=\"Laceration\"><color=#e30000><u><link=\"Laceration\">Кровотечения</link></u></color> повышается на 1.\n\nВ конце хода тратит 3 единицы счётчика <sprite name=\"Laceration\"><color=#e30000><u><link=\"Laceration\">Кровотечения</link></u></color> для получения 1 <sprite name=\"HardenedBlood\"><color=#f8c200><u><link=\"HardenedBlood\">Застывшей крови</link></u></color>."
    },
    {
      "id": 9014502,
      "name": "Жажда крови",
      "desc": "Выбирает целью противников с <sprite name=\"Laceration\"><color=#e30000><u><link=\"Laceration\">Кровотечением</link></u></color>.\n\nЕсли не удалось нанести урона в течение хода, получает 2 <sprite name=\"Vulnerable\"><color=#e30000><u><link=\"Vulnerable\">Уязвимости</link></u></color> и 2 <sprite name=\"AttackUp\"><color=#f8c200><u><link=\"AttackUp\">Повышения уровня атаки</link></u></color> на следующий ход."
    },
    {
      "id": 9014503,
      "name": "Высасывание крови",
      "desc": "Получает на 10% меньше урона от <sprite name=\"Laceration\"><color=#e30000><u><link=\"Laceration\">Кровотечения</link></u></color>.\n\nВосстанавливает ОЗ на 10% от урона, наносимого целям с <sprite name=\"Laceration\"><color=#e30000><u><link=\"Laceration\">Кровотечением</link></u></color>."
    },
    {
      "id": 9014801,
      "name": "Упорное высасывание крови",
      "desc": "Получает на 20% меньше урона от <sprite name=\"Laceration\"><color=#e30000><u><link=\"Laceration\">Кровотечения</link></u></color>.\n\nВосстанавливает ОЗ на 15% от урона, наносимого целям с <sprite name=\"Laceration\"><color=#e30000><u><link=\"Laceration\">Кровотечением</link></u></color>."
    },
    {
      "id": 9014802,
      "name": "Утечка энергии",
      "desc": "Если атаковавший использовал навык, который повышает счётчик <sprite name=\"Charge\"><color=#f8c200><u><link=\"Charge\">Заряда</link></u></color>, то отдаёт ему 1 единицу своего счётчика <sprite name=\"Charge\"><color=#f8c200><u><link=\"Charge\">Заряда</link></u></color> после удара. (Единожды за навык)"
    },
    {
      "id": 9015101,
      "name": "Поток крови к мозгу",
      "desc": "Получает на 30% меньше урона от <sprite name=\"Laceration\"><color=#e30000><u><link=\"Laceration\">Кровотечения</link></u></color>. \n\nВосстанавливает ОЗ на 15% от урона, наносимого целям с <sprite name=\"Laceration\"><color=#e30000><u><link=\"Laceration\">Кровотечением</link></u></color>."
    },
    {
      "id": 9015102,
      "name": "Протез модели L37",
      "desc": "Получает 1 <sprite name=\"Reduction\"><color=#e30000><u><link=\"Reduction\">Понижение силы атаки</link></u></color>, если свой счётчик <sprite name=\"Charge\"><color=#f8c200><u><link=\"Charge\">Заряда</link></u></color> ниже 5 в начале хода.\n\nЕсли свой счётчик <sprite name=\"Charge\"><color=#f8c200><u><link=\"Charge\">Заряда</link></u></color> более 5 в начале хода, получает 2 <sprite name=\"ParryingResultUp\"><color=#f8c200><u><link=\"ParryingResultUp\">Повышения силы в столкновении</link></u></color>"
    },
    {
      "id": 9015201,
      "name": "Новоиспечённый потомок",
      "desc": "Получает на 30% меньше урона от <sprite name=\"Laceration\"><color=#e30000><u><link=\"Laceration\">Кровотечения</link></u></color>.\n\nВосстанавливает ОЗ на 25% от урона, наносимого целям с <sprite name=\"Laceration\"><color=#e30000><u><link=\"Laceration\">Кровотечением</link></u></color>."
    },
    {
      "id": 9014803,
      "name": "Упорство",
      "desc": "Не может умереть от урона, наносимого собственными навыками."
    },
    {
      "id": 834801,
      "name": "Кровосос",
      "desc": "Входит в бой с половиной от максимальных ОЗ."
    },
    {
      "id": 834802,
      "name": "Седьмой сородич",
      "desc": "Получает 1 слот навыков за каждого союзника с 1 ОЗ. (До 2 дополнительных слотов)"
    }
  ]
}