{
  "dataList": [
    {
      "id": 9009801,
      "name": "Подавленное обледнение",
      "desc": "В начале хода получает Уровни атаки и защиты в количестве других живых союзников.",
      "summary": ""
    },
    {
      "id": 9009802,
      "name": "Приказ капитана",
      "desc": "Восстанавливает (Количество живых союзников × 3) СД в начале хода.",
      "summary": ""
    },
    {
      "id": 9009803,
      "name": "Введённые ненависть и враждебность",
      "desc": "Конец хода: если свои ОЗ равны или ниже 50%, получает 1 <sprite name=\"Enhancement\"><color=#f8c200><u><link=\"Enhancement\">Повышение силы атаки</link></u></color> на следующий ход. (Единожды за битву)",
      "summary": ""
    },
    {
      "id": 9009804,
      "name": "Сокрушающее обледнение",
      "desc": "Конец хода: если СД ниже 0, с шансом 50% меняет поведение.",
      "summary": ""
    }
  ]
}