{
  "dataList": [
    {
      "id": 815901,
      "name": "Сопротивление греху",
      "desc": "Снижает границу выносливости на 5 при попадании атакующим навыком, если части тела не оглушены или повреждены."
    },
    {
      "id": 816001,
      "name": "Сопротивление греху",
      "desc": "Получает на 50% меньше урона от <sprite name=\"Burst\"><color=#e30000><u><link=\"Burst\">Разрыва</link></u></color>, если части тела не оглушены или повреждены."
    },
    {
      "id": 816501,
      "name": "Бесконечная неуверенность",
      "desc": "При ОЗ ниже 65% начинает получать 1 <sprite name=\"AttackUp\"><color=#f8c200><u><link=\"AttackUp\">Повышение уровня атаки</link></u></color> и 1 <sprite name=\"TakeHpHealIncrease\"><color=#f8c200><u><link=\"TakeHpHealIncrease\">Повышение восстановления ОЗ</link></u></color> после победы в столкновении.\n\nПри ОЗ ниже 40% начинает получать 1 <sprite name=\"AttackUp\"><color=#f8c200><u><link=\"AttackUp\">Повышение уровня атаки</link></u></color> и 1 <sprite name=\"TakeHpHealIncrease\"><color=#f8c200><u><link=\"TakeHpHealIncrease\">Повышение восстановления ОЗ</link></u></color> после использования навыков.",
      "summary": "Получает усиления при определённых условиях"
    },
    {
      "id": 816502,
      "name": "Направленный гнев",
      "desc": "Наносит дополнительные 10% урона Гневом от уже нанесённого урона при попадании после победы в столкновении и своего первого восстановления от оглушения."
    },
    {
      "id": 816503,
      "name": "Хищничество",
      "desc": "После убийства восстанавливает 200 ОЗ Ядру и Части, после чего получает 1 <sprite name=\"Agility\"><color=#f8c200><u><link=\"Agility\">Спешку</link></u></color>, 3 <sprite name=\"DefenseUp\"><color=#f8c200><u><link=\"DefenseUp\">Повышения уровня защиты</link></u></color> и 2 <sprite name=\"AttackUp\"><color=#f8c200><u><link=\"AttackUp\">Повышения уровня атаки</link></u></color> на следующий ход."
    },
    {
      "id": 816504,
      "name": "Помеченный",
      "desc": "Выбирает целью в первую очередь <sprite name=\"AaCfPbBe\"><color=#e30000><u><link=\"AaCfPbBe\">Помеченных добычей</link></u></color> противников."
    },
    {
      "id": 816401,
      "name": "Самоненависть",
      "desc": "Все атаки нацелены на Хитклифа.\n\nБитва заканчивается поражением, если Хитклиф погибает."
    },
    {
      "id": 816402,
      "name": "Взрывные эмоции",
      "desc": "Если имеются статусные эффекты Взрывного Греха: становится более уязвимым к соответствующим грехам и сильнее против всех остальных, получает особый эффект при получении удара."
    },
    {
      "id": 816403,
      "name": "Глубокая скорбь",
      "desc": "Если теряет эффект Взрывного Греха до окончания 2-го хода после его получения этого эффекта: получает <sprite name=\"AaCfPbBd\"><color=#9f6a3a><u><link=\"AaCfPbBd\">Глубокую Скорбь</link></u></color> на следующие 2 хода и меняет поведение.\n- Если этот эффект не истекает в течение этого времени: теряет его, получая получает 6 <sprite name=\"AttackUp\"><color=#f8c200><u><link=\"AttackUp\">Повышений уровня атаки</link></u></color> и 3 <sprite name=\"Agility\"><color=#f8c200><u><link=\"Agility\">Спешки</link></u></color> в следующем ходе."
    },
    {
      "id": 816404,
      "name": "ЗДЕСЬ НЕЧЕГО СМОТРЕТЬ",
      "desc": "ЗДЕСЬ НЕЧЕГО СМОТРЕТЬ"
    },
    {
      "id": 816405,
      "name": "Движимый злобой",
      "desc": "Если не удалось нанести удар по Хитклифу до конца использования атаки, теряет 1 эффект Взрывного Греха.\n\nЕсли оглушён к концу хода, теряет 3 эффекта Взрывных Греха.\nНе теряет больше 3 эффектов Взрывных Грехов за ход. Если остаётся 1 эффект Взрывных Грехов в конце хода, полностью теряет его."
    },
    {
      "id": 816406,
      "name": "Сердце мести",
      "desc": "Восстанавливает 15 СД в конце хода, если не на -45 СД.\n\nБудучи в панике, выходит из неё в конце хода и восстанавливает СД до 0.\n\nПосле восстановления от паники получает 2 <sprite name=\"Enhancement\"><color=#f8c200><u><link=\"Enhancement\">Повышения силы атаки</link></u></color> в начале следующего хода."
    },
    {
      "id": 816505,
      "name": "Место для меня",
      "desc": "ОЗ не падают ниже 40% в течение 1 хода, после чего меняет поведение."
    },
    {
      "id": 816407,
      "name": "Движимый злобой",
      "desc": "Если не удалось нанести удар по Хитклифу до конца использования атаки, теряет 1 эффект Взрывного Греха.\n\nЕсли оглушён к концу хода, теряет 3 эффекта Взрывных Греха.\nНе теряет больше 3 Взрывных Грехов за ход. Если остаётся 1 эффект Взрывных Грехов в конце хода, полностью теряет его."
    }
  ]
}