{
  "dataList": [
    {
      "id": 114501,
      "name": "Офицер Большого пальца, Капо ⅠⅠⅠⅠ",
      "desc": "Получает на 30% меньше урона от <sprite name=\"Combustion\"><color=#e30000><u><link=\"Combustion\">Огня</link></u></color>, <sprite name=\"Laceration\"><color=#e30000><u><link=\"Laceration\">Кровотечения</link></u></color>, <sprite name=\"Vibration\"><color=#e30000><u><link=\"Vibration\">Тремора</link></u></color>, <sprite name=\"Burst\"><color=#e30000><u><link=\"Burst\">Разрыва</link></u></color> и <sprite name=\"Sinking\"><color=#e30000><u><link=\"Sinking\">Утопания</link></u></color>.\n\nПри подкидывании монет, которые тратят <sprite name=\"BulletPropellant\"><color=#ff1919><u><link=\"BulletPropellant\">Пaтроны тигровой метки</link></u></color>: при отсутствии этих патронов не отменяет атаки, но и не наносит <sprite name=\"Combustion\"><color=#e30000><u><link=\"Combustion\">Огонь</link></u></color>.\n\nПосле столкновения повышает счётчик <sprite name=\"Vibration\"><color=#e30000><u><link=\"Vibration\">Тремора</link></u></color> противника на (1 + (Количество комбо / 3)) (До 3 единиц счётчика; до 3 раз на одного противника за ход)",
      "summary": ""
    },
    {
      "id": 114502,
      "name": "Десять клинков Востока",
      "desc": "В начале битвы или при смене поведения:\n- Получает <sprite name=\"Bothersome\"><color=#f8c200><u><link=\"Bothersome\">Разрубающий разрез</link></u></color>;\n- Восстанавливает 5 СД за каждые 10% потерянных ОЗ. (До 40)"
    },
    {
      "id": 114503,
      "name": "Схваченная добыча",
      "desc": "Начало хода: делает <sprite name=\"Prey\"><color=#e30000><u><link=\"Prey\">Добычей</link></u></color> противника, нанёсшего Лэй Хэну наибольший урон в прошлом хода.\n\nПосле того, как Лэй Хэн атаковал <sprite name=\"Prey\"><color=#e30000><u><link=\"Prey\">Добычу</link></u></color>, и если она...\n... Оглушена — все его противники теряют 10 СД и получают 1 <sprite name=\"ParryingResultDown\"><color=#e30000><u><link=\"ParryingResultDown\">Понижение силы в столкновении</link></u></color> на этот и следующий ход; (Единожды за ход)\n... Убита атакой — дважды активирует этот эффект."
    },
    {
      "id": 114504,
      "name": "Клинок звезды Тяньтуй【天退星刀】",
      "desc": "Односторонние атаки наносят на 30% больше урона и 1 <sprite name=\"Vulnerable\"><color=#e30000><u><link=\"Vulnerable\">Уязвимость</link></u></color> на следующий ход при попадании.\n\nМонеты, которые тратят <sprite name=\"BulletPropellant\"><color=#ff1919><u><link=\"BulletPropellant\">Пaтроны тигровой метки</link></u></color>, наносят на 20% больше урона и 2 <sprite name=\"DefenseDown\"><color=#e30000><u><link=\"DefenseDown\">Понижения уровня защиты</link></u></color> на следующий ход.\n\n(Эти эффекты не активируются, если цель использует защитные навыки во время хода)"
    },
    {
      "id": 114505,
      "name": "Горячая перезарядка",
      "desc": "Конец хода: если ОЗ опустились до 90% или это конец второго хода, заряжает <sprite name=\"BulletPropellant\"><color=#ff1919><u><link=\"BulletPropellant\">Пaтроны тигровой метки</link></u></color> и меняет поведение в следующем ходе (Также выходит из оглушения)."
    },
    {
      "id": 114506,
      "name": "Лэй Хэн【雷橫】",
      "desc": "В конце хода, если ОЗ опустились до 80% или это конец четвёртого хода:\n- Использует мощную атаку 「Сокрушающее рассечение <nobr>【快刀亂麻】</nobr>」 в следующем ходе, повторяя её каждые 3 хода, а максимальная и минимальная скорость повышается на 10 при её использовании;\n- В начале следующего хода получает 25 <sprite name=\"BattleSense\"><color=#d61713><u><link=\"BattleSense\">Внутренней силы</link></u></color> и выходит из оглушения."
    },
    {
      "id": 114507,
      "name": "Звезда Тяньтуй【天退星】",
      "desc": "Если ОЗ равны или ниже 60% к концу хода, или же Лэй Хэн собирается использовать 「Сокрушающее рассечение 【快刀亂麻】」 в следующем ходе во второй раз за битву, то он восстанавливается от оглушения и меняет поведение в следующем ходе:\n- Получает <sprite name=\"Irritation\"><color=#f8c200><u><link=\"Irritation\">Неумолимый дух</link></u></color> и 18 <sprite name=\"BulletPropellantSpecial\"><color=#f01313><u><link=\"BulletPropellantSpecial\">Патронов свирепой тигровой метки</link></u></color> в его начале;\n- При трате всех <sprite name=\"BulletPropellantSpecial\"><color=#f01313><u><link=\"BulletPropellantSpecial\">Патронов свирепой тигровой метки</link></u></color> после их получения снова использует <sprite name=\"BulletPropellant\"><color=#ff1919><u><link=\"BulletPropellant\">Пaтроны тигровой метки</link></u></color> и каждый раз призывает двух Солдато Большого пальца в следующем ходе, которые должны дать ему 12 <sprite name=\"BulletPropellantSpecial\"><color=#f01313><u><link=\"BulletPropellantSpecial\">Патронов свирепой тигровой метки</link></u></color>."
    },
    {
      "id": 114508,
      "name": "Лэй Хэн, звезда Тяньтуй",
      "desc": "Если ОЗ равны или ниже 40% к концу хода, или же Лэй Хэн собирается использовать 「Сокрушающее рассечение 【快刀亂麻】」 в следующем ходе в третий раз за битву, он восстанавливается от оглушения и меняет поведение в следующем ходе:\n- Вместо 「Сокрушающее рассечение 【快刀亂麻】」 использует атаку 「Отточенный шквал ярых тигровых клинков 【超絕猛虎殺擊亂斬】」, повышая свою минимальную и максимальную скорость на 15 во время её использования;\n- Вся <sprite name=\"BattleSense\"><color=#d61713><u><link=\"BattleSense\">Внутренняя сила</link></u></color> превращается в <sprite name=\"RestoredBattleSense\"><color=#dc0804><u><link=\"RestoredBattleSense\">Экстремальную силу</link></u></color>;\n- <sprite name=\"Irritation\"><color=#f8c200><u><link=\"Irritation\">Неумолимый дух</link></u></color> становится <sprite name=\"HugeIrritation\"><color=#f8c200><u><link=\"HugeIrritation\">Неумолимым духом — Шин</link></u></color>."
    },
    {
      "id": 114510,
      "name": "Чернокрылый тигр【揷翅虎】",
      "desc": "Начало боевой фазы:\n- Восстанавливает СД в количестве, равном своей текущей скорости; (Если своя СД менее 0, восстанавливает вдвое больше)\n- Получает (Текущая скорость / 3) <sprite name=\"SlashDamageUp\"><color=#f8c200><u><link=\"SlashDamageUp\">Повышений Рубящего урона</link></u></color>; (До 5)\n\nЕсли имеется 3 и более <sprite name=\"Binding\"><color=#e30000><u><link=\"Binding\">Связывания</link></u></color>, то вместо этих эффектов получает <sprite name=\"DefenseDown\"><color=#e30000><u><link=\"DefenseDown\">Понижения уровня защиты</link></u></color> в количестве <sprite name=\"Binding\"><color=#e30000><u><link=\"Binding\">Связывания</link></u></color> на себе. (До 9)"
    },
    {
      "id": 114512,
      "name": "Клинок звезды Тяньтуй - Перегрев",
      "desc": "Если Лэй Хэн использовал 「Сокрушающее рассечение 【快刀亂麻】」 или 「Отточенный шквал ярых тигровых клинков 【超絕猛虎殺擊亂斬】」, он получает <sprite name=\"Complacency\"><color=#e30000><u><link=\"Complacency\">Перегрев</link></u></color> на следующий ход в количестве случаев использования этих атак. (До 5)"
    },
    {
      "id": 117101,
      "name": "Поддержка боеприпасами",
      "desc": "Начало хода: получает 5 <sprite name=\"Vulnerable\"><color=#e30000><u><link=\"Vulnerable\">Уязвимостей</link></u></color>.\n\nКонец хода: если не удалось отдать <sprite name=\"BulletPropellantSpecial\"><color=#ff1919><u><link=\"BulletPropellantSpecial\">Пaтроны свирепой тигровой метки</link></u></color> Лэй Хэну, он получает 1 <sprite name=\"Vulnerable\"><color=#e30000><u><link=\"Vulnerable\">Уязвимость</link></u></color> и 1 <sprite name=\"ParryingResultDown\"><color=#e30000><u><link=\"ParryingResultDown\">Понижение силы в столкновении</link></u></color> на следующий ход."
    },
    {
      "id": 114513,
      "name": "Выход из паники",
      "desc": "Если в панике к концу хода, восстанавливается от неё и сбрасывает СД до 0. После этого восстанавливает СД в начале следующего хода в количестве потерянных за битву ОЗ. (До 30)"
    },
    {
      "id": 113501,
      "name": "Рука моего младшего братца, которую я отпустил",
      "desc": "Наносит 1 <sprite name=\"GazeReplica\"><color=#e30000><u><link=\"GazeReplica\">Взор</link></u></color> при попадании по противнику или получении от него удара. (Единожды на противника за ход)\n\nКонец хода: если Хон Лу на поле боя, наносит ему 1 <sprite name=\"GazeReplica\"><color=#e30000><u><link=\"GazeReplica\">Взор</link></u></color>.",
      "summary": "Наносит 1 <sprite name=\"GazeReplica\"><color=#e30000><u><link=\"GazeReplica\">Взор</link></u></color> при попадании"
    },
    {
      "id": 113502,
      "name": "Хватка",
      "desc": "Выбирает целью противников с <sprite name=\"GraspReplica\"><color=#e30000><u><link=\"GraspReplica\">Хваткой</link></u></color>.\n\nМеняет поведение, когда на поле боя есть противники с <sprite name=\"GraspReplica\"><color=#e30000><u><link=\"GraspReplica\">Хваткой</link></u></color>, а все свои сопротивления ослабляются на 0.1."
    },
    {
      "id": 113503,
      "name": "Коррозия ЭГО — Корп. N",
      "desc": "<sprite name=\"EgoErodeReplica\"><color=#9f6a3a><u><link=\"EgoErodeReplica\">Коррозия ЭГО — Корп. N</link></u></color> повышается на 1 с каждым проходящим ходом.\n- Если ОЗ менее 50% или СД равна или менее -20, <sprite name=\"EgoErodeReplica\"><color=#9f6a3a><u><link=\"EgoErodeReplica\">Коррозия ЭГО — Корп. N</link></u></color> повышается ещё на 1 в конце хода."
    },
    {
      "id": 113504,
      "name": "Временная максимальная настройка ЭГО",
      "desc": "Если на поле боя 4 и более противника со <sprite name=\"GazeReplica\"><color=#e30000><u><link=\"GazeReplica\">Взором</link></u></color>, использует атаку 「Трепет, презрение 【Высвобождение】」."
    },
    {
      "id": 113505,
      "name": "Лучше бы вам отвернуть свои взгляды",
      "desc": "Если является целью 5 и более противников в начале боевой фазы, а на поле боя остаются живые союзники, то эти противники теряют 10 СД и ОЗ."
    },
    {
      "id": 113601,
      "name": "Цена роковых пуль",
      "desc": "Восстанавливает 5 СД при победе в столкновении и теряет столько же при поражении."
    },
    {
      "id": 113602,
      "name": "Устремление вперёд",
      "desc": "Повышает свой счётчик <sprite name=\"Breath\"><color=#f8c200><u><link=\"Breath\">Дыхания</link></u></color> на 3 при убийстве."
    },
    {
      "id": 113603,
      "name": "Наступает новая эра, дорогой мой друг.",
      "desc": "Значительно меняет поведение при СД ниже -20."
    },
    {
      "id": 113604,
      "name": "Пожалуйста, посвятите же себя новому идеалу.",
      "desc": "Если ОЗ одного из Ассистентов Корп. N ниже 50%, использует особую атаку."
    },
    {
      "id": 114601,
      "name": "-",
      "desc": "ОЗ не опускаются ниже 50%."
    },
    {
      "id": 114602,
      "name": "Маленький Баоюй, родословная глав семьи не может закончиться здесь и сейчас...",
      "desc": "Битва заканчивается поражением, если Хон Лу умирает. Все атаки направлены на Хон Лу."
    },
    {
      "id": 114603,
      "name": "Кто же тогда будет служить старейшинам, кто передаст Хунъюаню волю почтенного Червя Сяньхуан?!!!",
      "desc": "При ударе после победы в столкновении против Хон Лу наносит ему 1 <sprite name=\"PileObedient\"><color=#e30000><u><link=\"PileObedient\">Накопленное послушание</link></u></color>. (Единожды за навык)"
    },
    {
      "id": 114604,
      "name": "Ассимиляция с Золотой ветвью — Неполноценное преображение",
      "desc": "Входит в битву с <sprite name=\"GoldenBoughSync\"><color=#f8c200><u><link=\"GoldenBoughSync\">Влиянием Золотой ветви</link></u></color>."
    },
    {
      "id": 114605,
      "name": "Запрещенный болюс Хунъюаня - Завершённый болюс Хэйсянь <nobr>【全黑仙丸】</nobr>",
      "desc": "Получает 1 [AttackUp] и 1 [DefenseDown] каждый раз, когда использует разные типы навыков в ходе. (До 3 раз за ход)"
    },
    {
      "id": 114606,
      "name": "Хунъюань всегда был игрушкой в ​​руках достопочтенных Сяньжэнь.",
      "desc": "Если в панике к концу хода, восстанавливается от неё и сбрасывает СД до 0.\n\nПосле восстановления от паники:\n- Получает 2 <sprite name=\"Enhancement\"><color=#f8c200><u><link=\"Enhancement\">Повышения силы атаки</link></u></color> и 2 <sprite name=\"Endurance\"><color=#f8c200><u><link=\"Endurance\">Повышения силы защиты</link></u></color>;\n- Восстанавливает 15 СД, если у Хон Лу есть <sprite name=\"Obedient\"><color=#e30000><u><link=\"Obedient\">Пустое послушание</link></u></color>."
    },
    {
      "id": 115201,
      "name": "Только посмотрите на эту девчушку...!",
      "desc": "Битва заканчивается поражением, если Хон Лу умирает.\n\nВосстанавливает 10 СД, если в начале хода на поле боя появились Старейшины."
    },
    {
      "id": 115202,
      "name": "Ассимиляция с Золотой ветвью - Искажение",
      "desc": "Начинает вторую фазу с <sprite name=\"GoldenBoughSyncDistorted\"><color=#f8c200><u><link=\"GoldenBoughSyncDistorted\">Прогрессирующим влиянием Золотой ветви</link></u></color>."
    },
    {
      "id": 115203,
      "name": "Каждый семейный иерарх обязан отдать своё тело Червю Сяньхуан и его почетной воле.",
      "desc": "Если в панике к концу хода, восстанавливается от неё и сбрасывает СД до 0.\n\nПосле восстановления от паники:\n- Получает 2 <sprite name=\"Enhancement\"><color=#f8c200><u><link=\"Enhancement\">Повышения силы атаки</link></u></color>, 2 <sprite name=\"Endurance\"><color=#f8c200><u><link=\"Endurance\">Повышения силы защиты</link></u></color> и 1 <sprite name=\"Agility\"><color=#f8c200><u><link=\"Agility\">Спешку</link></u></color>;\n- Восстанавливает 15 СД, если у Хон Лу есть <sprite name=\"Obedient\"><color=#e30000><u><link=\"Obedient\">Пустое послушание</link></u></color>, или же на поле боя есть Старейшины."
    },
    {
      "id": 115204,
      "name": "-",
      "desc": "ОЗ не опускаются ниже 85%."
    },
    {
      "id": 115205,
      "name": "-",
      "desc": "ОЗ не опускаются ниже 65%."
    },
    {
      "id": 115206,
      "name": "-",
      "desc": "ОЗ не опускаются ниже 50%."
    },
    {
      "id": 115207,
      "name": "Гниль и разложение в оболочке из золота и нефрита【金玉其外 敗絮其中】",
      "desc": "Получает на 10% больше урона, если на себе 10 и более <sprite name=\"Burst\"><color=#e30000><u><link=\"Burst\">Разрывов</link></u></color>.\n\nПолучает на 10% больше урона, если на себе 5 и более типов негативных эффектов."
    },
    {
      "id": 115208,
      "name": "Семейный иерарх без почитаемого червя Сяньхуан никогда не будет служить Хунъюаню!",
      "desc": "Если ОЗ опускаются до 0, Тело оглушается в следующем ходе и получает 2 <sprite name=\"Vulnerable\"><color=#e30000><u><link=\"Vulnerable\">Уязвимости</link></u></color>, а эта часть становится отсечённой."
    },
    {
      "id": 115209,
      "name": "-",
      "desc": "ОЗ не опускаются ниже 20%."
    },
    {
      "id": 115301,
      "name": "Узрите же меня, о достопочтенные Сяньжэнь!",
      "desc": "Пока Колыбель драгоценного нефрита находится на поле боя, Ядро и все части Цзя Му получают 200 ОЗ Щита."
    },
    {
      "id": 115302,
      "name": "Обязанности драгоценного нефрита",
      "desc": "Грешник внутри не может действовать и на него не влияют никакие эффекты."
    },
    {
      "id": 115303,
      "name": "Отбытие",
      "desc": "При уничтожении Колыбели драгоценного нефрита возвращает Грешника в следующем ходе."
    },
    {
      "id": 115304,
      "name": "Сокруши зло, восстанови справедливость【破邪顯正】",
      "desc": "Если Колыбель драгоценного нефрита была уничтожена Грешниками:\n- Все они восстанавливают 10 СД и получают 2 <sprite name=\"AttackDmgUp\"><color=#f8c200><u><link=\"AttackDmgUp\">Повышения урона</link></u></color> на следующий ход;\n- Освободившийся Грешник восстанавливает свою СД до 45 и получает 2 <sprite name=\"Enhancement\"><color=#f8c200><u><link=\"Enhancement\">Повышения силы атаки</link></u></color> в следующем ходе;\n- Наносит Цзя Му 5 <sprite name=\"Binding\"><color=#e30000><u><link=\"Binding\">Связывания</link></u></color>, 3 <sprite name=\"AttackDown\"><color=#e30000><u><link=\"AttackDown\">Понижения уровня атаки</link></u></color> и 5 <sprite name=\"Vulnerable\"><color=#e30000><u><link=\"Vulnerable\">Уязвимостей</link></u></color> на следующие 2 хода;\n- Добавляет по 3 ЭГО Ресурса ко всем грехам."
    },
    {
      "id": 115401,
      "name": "О верховные Сяньжэнь бессмертия!",
      "desc": "Находится под эффектом <sprite name=\"SupremeEternalLife\"><color=#f8c200><u><link=\"SupremeEternalLife\">Возвышенного бессмертия</link></u></color>."
    },
    {
      "id": 115402,
      "name": "Даруйте нам силу быть свободными от старения и смерти",
      "desc": "ОЗ не опускаются ниже 1, вместо смерти <sprite name=\"SupremeEternalLife\"><color=#f8c200><u><link=\"SupremeEternalLife\">Возвышенное бессмертие</link></u></color> превращается в <sprite name=\"ImperfectEternalLife\"><color=#e30000><u><link=\"ImperfectEternalLife\">Несовершенное бессмертие</link></u></color>."
    },
    {
      "id": 115403,
      "name": "Знание о бессмертии",
      "desc": "Если ОЗ опускаются до 1 при получении удара, восстанавливает атаковавшему 10 СД и даёт по 1 случайному ЭГО Ресурсу для 3 наименее имеющихся грехов. (Единожды за ход)"
    }
  ]
}