{
  "dataList": [
    {
      "id": 10101,
      "title": "Балбес\n«LCB»",
      "name": "Саня",
      "nameWithTitle": "Саня",
      "desc": "Первая идентичность Санька"
    },
    {
      "id": 10201,
      "title": "Балбес\n«LCB»",
      "name": "Фауст",
      "nameWithTitle": "Фауст",
      "desc": "Первая идентичность Фауст"
    },
    {
      "id": 10301,
      "title": "Балбес\n«LCB»",
      "name": "Член Кихот",
      "nameWithTitle": "Член Кихот",
      "desc": "Первая идентичность Член Кихот"
    },
    {
      "id": 10401,
      "title": "Балбес\n«LCB»",
      "name": "Р.Ё.Ш.У.",
      "nameWithTitle": "Р.Ё.Ш.У.",
      "desc": "Первая идентичность Р.Ё.Ш.У."
    },
    {
      "id": 10501,
      "title": "Балбес\n«LCB»",
      "name": "Мерседес",
      "nameWithTitle": "Мерседес",
      "desc": "Первая идентичность Мерседес"
    },
    {
      "id": 10601,
      "title": "Балбес\n«LCB»",
      "name": "Хуй Ло",
      "nameWithTitle": "Хуй Ло",
      "desc": "Первая идентичность Хуй Ло"
    },
    {
      "id": 10701,
      "title": "Балбес\n«LCB»",
      "name": "Цыган",
      "nameWithTitle": "Цыган",
      "desc": "Первая идентичность Цыгана"
    },
    {
      "id": 10801,
      "title": "Балбес\n«LCB»",
      "name": "Фишмаель",
      "nameWithTitle": "Фишмаель",
      "desc": "Первая идентичность Фишмаель"
    },
    {
      "id": 10901,
      "title": "Балбес\n«LCB»",
      "name": "Родя Додеповна",
      "nameWithTitle": "Родя Додеповна",
      "desc": "Первая идентичность Роди Додеповны"
    },
    {
      "id": 11001,
      "title": "Балбес\n«LCB»",
      "name": "Фембойчик",
      "nameWithTitle": "Фембойчик",
      "desc": "Первая идентичность Фембойчик"
    },
    {
      "id": 11101,
      "title": "Балбес\n«LCB»",
      "name": "Утис",
      "nameWithTitle": "Утис",
      "desc": "Первая идентичность Утис"
    },
    {
      "id": 11201,
      "title": "Балбес\n«LCB»",
      "name": "Таракан",
      "nameWithTitle": "Таракан",
      "desc": "Первая идентичность Таракана"
    },
    {
      "id": 10102,
      "title": "6-ая южная секция\nассоциации «Семя»",
      "name": "Саня",
      "nameWithTitle": "Саня",
      "desc": "Вторая идентичность Санька"
    },
    {
      "id": 10202,
      "title": "Пассажир паровозика «W»",
      "name": "Фауст",
      "nameWithTitle": "Фауст",
      "desc": "Вторая идентичность Фауст"
    },
    {
      "id": 10302,
      "title": "Кочегар паровозика «W»",
      "name": "Член Кихот",
      "nameWithTitle": "Член Кихот",
      "desc": "Вторая идентичность Член Кихот"
    },
    {
      "id": 10402,
      "title": "6-ая южная секция\nассоциации «Семя»",
      "name": "Р.Ё.Ш.У.",
      "nameWithTitle": "Р.Ё.Ш.У.",
      "desc": "Вторая идентичность Р.Ё.Ш.У."
    },
    {
      "id": 10502,
      "title": "6-ая южная секция\nлюбителей KFC",
      "name": "Мерседес",
      "nameWithTitle": "Мерседес",
      "desc": "Вторая идентичность Мерседес"
    },
    {
      "id": 10602,
      "title": "Вакашу\nкартеля «Кресчент»",
      "name": "Хуй Ло",
      "nameWithTitle": "Хуй Ло",
      "desc": "Вторая идентичность Хуй Ло"
    },
    {
      "id": 10702,
      "title": "5-ая южная секция\nассоциации «Сиси»",
      "name": "Цыган",
      "nameWithTitle": "Цыган",
      "desc": "Вторая идентичность Цыгана"
    },
    {
      "id": 10802,
      "title": "Рогатая из R. корп",
      "name": "Фишмаель",
      "nameWithTitle": "Фишмаель",
      "desc": "Вторая идентичность Фишмаель"
    },
    {
      "id": 10902,
      "title": "Вакашу\nкартеля «Кресчент»",
      "name": "Родя Додеповна",
      "nameWithTitle": "Родя Додеповна",
      "desc": "Вторая идентичность Роди Додеповны"
    },
    {
      "id": 11002,
      "title": "Самса\nродословной\nMTL",
      "name": "Фембойчик",
      "nameWithTitle": "Фембойчик",
      "desc": "Вторая идентичность Фембойчика"
    },
    {
      "id": 11102,
      "title": "Самса\nродословной\nMTL",
      "name": "Утис",
      "nameWithTitle": "Утис",
      "desc": "Вторая идентичность Утис"
    },
    {
      "id": 11202,
      "title": "6-ая южная секция\nлюбителей KFC",
      "name": "Таракан",
      "nameWithTitle": "Таракан",
      "desc": "Вторая идентичность Таракана"
    },
    {
      "id": 10103,
      "title": "Самса\nродословной\nMTL",
      "name": "Саня",
      "nameWithTitle": "Саня",
      "desc": "Третья идентичность Санька"
    },
    {
      "id": 10203,
      "title": "Выбрала вилку",
      "name": "Фауст",
      "nameWithTitle": "Фауст",
      "desc": "Третья идентичность Фауст"
    },
    {
      "id": 10403,
      "title": "Вакашу\nкартеля «Кресчент»",
      "name": "Р.Ё.Ш.У.",
      "nameWithTitle": "Р.Ё.Ш.У.",
      "desc": "Третья идентичность Р.Ё.Ш.У."
    },
    {
      "id": 10503,
      "title": "Пассажир паровозика «W»",
      "name": "Мерседес",
      "nameWithTitle": "Мерседес",
      "desc": "Третья идентичность Мерседес"
    },
    {
      "id": 10603,
      "title": "Бимбамбомбимбам\nБебебебебе",
      "name": "Хуй Ло",
      "nameWithTitle": "Хуй Ло",
      "desc": "Третья идентичность Хуй Ло"
    },
    {
      "id": 10703,
      "title": "Цыган\n4-ой пачки пидарасов",
      "name": "Цыган",
      "nameWithTitle": "Цыган",
      "desc": "Третья идентичность Цыгана"
    },
    {
      "id": 10803,
      "title": "5-ая южная секция\nассоциации «Сиси»",
      "name": "Фишмаель",
      "nameWithTitle": "Фишмаель",
      "desc": "Третья идентичность Фишмаель"
    },
    {
      "id": 10903,
      "title": "Ассистентка\n«Уборщиков ебаных»",
      "name": "Родя Додеповна",
      "nameWithTitle": "Родя Додеповна",
      "desc": "Третья идентичность Роди Додеповны"
    },
    {
      "id": 11003,
      "title": "6-ая Южная секция\nЧОПиков",
      "name": "Фембойчик",
      "nameWithTitle": "Фембойчик",
      "desc": "Третья идентичность Фембойчика"
    },
    {
      "id": 11103,
      "title": "Командир дивизии\nкорп. G",
      "name": "Утис",
      "nameWithTitle": "Утис",
      "desc": "Третья идентичность Утис"
    },
    {
      "id": 11203,
      "title": "Помощник 1.kla$'а\nкорп. G",
      "name": "Таракан",
      "nameWithTitle": "Таракан",
      "desc": "Третья идентичность Таракана"
    },
    {
      "id": 10804,
      "title": "Ассистентка\n«Уборщиков ебаных»",
      "name": "Фишмаель",
      "nameWithTitle": "Фишмаель",
      "desc": "Четвертая идентичность Фишмаель"
    },
    {
      "id": 11004,
      "title": "Бубновый\nчерт",
      "name": "Фембойчик",
      "nameWithTitle": "Фембойчик",
      "desc": "Четвертая идентичность Фембойчика"
    },
    {
      "id": 10303,
      "title": "Директор 5-ой\nюжной секции\nассоциации «Сиси»",
      "name": "Член Кихот",
      "nameWithTitle": "Член Кихот",
      "desc": "Третья идентичность Член Кихот"
    },
    {
      "id": 10504,
      "title": "Умоляю нажми\nкаунтер",
      "name": "Мерседес",
      "nameWithTitle": "Мерседес",
      "desc": "Четвертая идентичность Мерседес"
    },
    {
      "id": 10904,
      "title": "Средний хуй\nкорп. N",
      "name": "Родя Додеповна",
      "nameWithTitle": "Родя Додеповна",
      "desc": "Четвертая идентичность Роди Додеповны"
    },
    {
      "id": 10204,
      "title": "Та, кто держит\nза хуй",
      "name": "Фауст",
      "nameWithTitle": "Фауст",
      "desc": "Четвертая идентичность Фауст"
    },
    {
      "id": 10704,
      "title": "Малый хуй\nкорп. N",
      "name": "Цыган",
      "nameWithTitle": "Цыган",
      "desc": "Четвертая идентичность Цыгана"
    },
    {
      "id": 11104,
      "title": "Директор 6-ой\nюжной секции\nассоциации «Семя»",
      "name": "Утис",
      "nameWithTitle": "Утис",
      "desc": "Четвертая идентичность Утис"
    },
    {
      "id": 10604,
      "title": "5-ая южная секция\nлюбителей KFC",
      "name": "Хуй Ло",
      "nameWithTitle": "Хуй Ло",
      "desc": "Четвертая идентичность Хуй Ло"
    },
    {
      "id": 10404,
      "title": "Виктор Баринов из\nсериала «Кухня»",
      "name": "Р.Ё.Ш.У.",
      "nameWithTitle": "Р.Ё.Ш.У.",
      "desc": "Четвертая идентичность Р.Ё.Ш.У."
    },
    {
      "id": 11204,
      "title": "Огузок",
      "name": "Таракан",
      "nameWithTitle": "Таракан",
      "desc": "Четвертая идентичность Таракана"
    },
    {
      "id": 10304,
      "title": "Средний хуй\nкорп. N",
      "name": "Член Кихот",
      "nameWithTitle": "Член Кихот",
      "desc": "Четвертая идентичность Член Кихот"
    },
    {
      "id": 11005,
      "title": "Тот, кому суждено держаться за хуй",
      "name": "Фембойчик",
      "nameWithTitle": "Фембойчик",
      "desc": "Пятая идентичность Фембойчика"
    },
    {
      "id": 10905,
      "title": "Представитель мастерской\n«Пролапса ануса»",
      "name": "Родя Додеповна",
      "nameWithTitle": "Родя Додеповна",
      "desc": "Пятая идентичность Роди Додеповны"
    },
    {
      "id": 10505,
      "title": "<cspace=-2px>Корректировщик</cspace> мастерской\n«Пролапса ануса»",
      "name": "Мерседес",
      "nameWithTitle": "Мерседес",
      "desc": "Пятая идентичность Мерседес"
    },
    {
      "id": 10705,
      "title": "ЭГО «Лоботомии»:: \nСын Шалавы",
      "name": "Цыган",
      "nameWithTitle": "Цыган",
      "desc": "Пятая идентичность Цыгана"
    },
    {
      "id": 11205,
      "title": "<cspace=-2px>Корректировщик</cspace> мастерской\n«Пролапса ануса»",
      "name": "Таракан",
      "nameWithTitle": "Таракан",
      "desc": "Пятая идентичность Таракана"
    },
    {
      "id": 10104,
      "title": "Комнатное растение",
      "name": "Саня",
      "nameWithTitle": "Саня",
      "desc": "Четвертая идентичность Санька"
    },
    {
      "id": 10805,
      "title": "ЭГО «Лоботомии»:: \nКамшот",
      "name": "Фишмаель",
      "nameWithTitle": "Фишмаель",
      "desc": "Пятая идентичность Фишмаель"
    },
    {
      "id": 10605,
      "title": "Сотрудник вкалывания героина\n3-го уровня\nкорп. K",
      "name": "Хуй Ло",
      "nameWithTitle": "Хуй Ло",
      "desc": "Пятая идентичность Хуй Ло"
    },
    {
      "id": 11006,
      "title": "ЭГО «Лоботомии»:: \nТеперьгав Но",
      "name": "Фембойчик",
      "nameWithTitle": "Фембойчик",
      "desc": "Шестая идентичность Фембойчика"
    },
    {
      "id": 10806,
      "title": "4-ая южная секция\nлюбителей KFC",
      "name": "Фишмаель",
      "nameWithTitle": "Фишмаель",
      "desc": "Шестая идентичность Фишмаель"
    },
    {
      "id": 10506,
      "title": "Райнхардт 4 пачки пидарасов",
      "name": "Мерседес",
      "nameWithTitle": "Мерседес",
      "desc": "Шестая идентичность Мерседес"
    },
    {
      "id": 10906,
      "title": "5-ая южная секция\nЧОПиков",
      "name": "Родя Додеповна",
      "nameWithTitle": "Родя Додеповна",
      "desc": "Шестая идентичность Роди Додеповны"
    },
    {
      "id": 10305,
      "title": "Директор 5-ой южной секции\nассоциации «Обкурышей»",
      "name": "Член Кихот",
      "nameWithTitle": "Член Кихот",
      "desc": "Пятая идентичность Член Кихот"
    },
    {
      "id": 10807,
      "title": "<cspace=-2px>Корректировщица</cspace>\nверфи «Города любви»",
      "name": "Фишмаель",
      "nameWithTitle": "Фишмаель",
      "desc": "Седьмая идентичность Фишмаель"
    },
    {
      "id": 11007,
      "title": "<cspace=-2px>Корректировщик</cspace>\nверфи «Города любви»",
      "name": "Фембойчик",
      "nameWithTitle": "Фембойчик",
      "desc": "Седьмая идентичность Фембойчика"
    },
    {
      "id": 11206,
      "title": "4-ая южная секция\nЧОПиков",
      "name": "Таракан",
      "nameWithTitle": "Таракан",
      "desc": "Шестая идентичность Таракана"
    },
    {
      "id": 10205,
      "title": "4-ая южная секция\nЧОПиков",
      "name": "Фауст",
      "nameWithTitle": "Фауст",
      "desc": "Пятая идентичность Фауст"
    },
    {
      "id": 10405,
      "title": "Кочегар паровозика «W»",
      "name": "Р.Ё.Ш.У.",
      "nameWithTitle": "Р.Ё.Ш.У.",
      "desc": "Пятая идентичность Р.Ё.Ш.У."
    },
    {
      "id": 10606,
      "title": "Пассажир паровозика «W»",
      "name": "Хуй Ло",
      "nameWithTitle": "Хуй Ло",
      "desc": "Шестая идентичность Хуй Ло"
    },
    {
      "id": 10206,
      "title": "4-ая южная секция\nассоциации «Семя»",
      "name": "Фауст",
      "nameWithTitle": "Фауст",
      "desc": "Шестая идентичность Фауст"
    },
    {
      "id": 10706,
      "title": "4-ая южная секция\nассоциации «Семя»",
      "name": "Цыган",
      "nameWithTitle": "Цыган",
      "desc": "Шестая идентичность Цыгана"
    },
    {
      "id": 10105,
      "title": "<cspace=-2px>Корректировщик</cspace>\nофиса «Города любви»",
      "name": "Саня",
      "nameWithTitle": "Саня",
      "desc": "Пятая идентичность Санька"
    },
    {
      "id": 11105,
      "title": "<cspace=-2px>Сиськи</cspace>\nофиса «Города любви»",
      "name": "Утис",
      "nameWithTitle": "Утис",
      "desc": "Пятая идентичность Утис"
    },
    {
      "id": 10907,
      "title": "4-ая южная секция\nассоциации Католиков",
      "name": "Родя Додеповна",
      "nameWithTitle": "Родя Додеповна",
      "desc": "Седьмая идентичность Роди Додеповны"
    },
    {
      "id": 10207,
      "title": "ЭГО «Лоботомии»:: \nСожаление",
      "name": "Фауст",
      "nameWithTitle": "Фауст",
      "desc": "Седьмая идентичность Фауст"
    },
    {
      "id": 10607,
      "title": "<cspace=-2px>Корректировщик</cspace>\nофиса «Пуджа»",
      "name": "Хуй Ло",
      "nameWithTitle": "Хуй Ло",
      "desc": "Седьмая идентичность Хуй Ло"
    },
    {
      "id": 10106,
      "title": "Кочегар паровозика «W»",
      "name": "Саня",
      "nameWithTitle": "Саня",
      "desc": "Шестая идентичность Санька"
    },
    {
      "id": 11207,
      "title": "Александр\nПистолетов",
      "name": "Таракан",
      "nameWithTitle": "Таракан",
      "desc": "Седьмая идентичность Таракана"
    },
    {
      "id": 10406,
      "title": "С.К.У.Л.Ш.У.Т.Е.Р.",
      "name": "Р.Ё.Ш.У.",
      "nameWithTitle": "Р.Ё.Ш.У.",
      "desc": "Шестая идентичность Р.Ё.Ш.У."
    },
    {
      "id": 10306,
      "title": "Младшая сестра\n«МГЕ Братьев»",
      "name": "Член Кихот",
      "nameWithTitle": "Член Кихот",
      "desc": "Шестая личность Член Кихот"
    },
    {
      "id": 10507,
      "title": "Младший брат\n«МГЕ Братьев»",
      "name": "Мерседес",
      "nameWithTitle": "Мерседес",
      "desc": "Седьмая идентичность Мерседес"
    },
    {
      "id": 10707,
      "title": "Гарпунщик\n«ВДВ»",
      "name": "Цыган",
      "nameWithTitle": "Цыган",
      "desc": "Седьмая идентичность Цыгана"
    },
    {
      "id": 10107,
      "title": "Старший помощник\n«ВДВ»",
      "name": "Саня",
      "nameWithTitle": "Саня",
      "desc": "Седьмая идентичность Санька"
    },
    {
      "id": 11008,
      "title": "Директор 4-ой\nюжной секции\nассоциации «Обкурышей»",
      "name": "Фембойчик",
      "nameWithTitle": "Фембойчик",
      "desc": "Восьмая идентичность Фембойчика"
    },
    {
      "id": 11106,
      "title": "4-ая Южная секция\nассоциации «Обкурышей»",
      "name": "Утис",
      "nameWithTitle": "Утис",
      "desc": "Шестая идентичность Утис"
    },
    {
      "id": 11107,
      "title": "ЭГО «Лоботомии»:: \nМагический тампон",
      "name": "Утис",
      "nameWithTitle": "Утис",
      "desc": "Седьмая идентичность Утис"
    },
    {
      "id": 10307,
      "title": "ЭГО «Лоботомии»:: \nФонарь",
      "name": "Член Кихот",
      "nameWithTitle": "Член Кихот",
      "desc": "Седьмая идентичность Член Кихот"
    },
    {
      "id": 10608,
      "title": "4-ая южная секция\nассоциации Католиков",
      "name": "Хуй Ло",
      "nameWithTitle": "Хуй Ло",
      "desc": "Восьмая идентичность Хуй Ло"
    },
    {
      "id": 10108,
      "title": "4-ая южная секция\nассоциации Католиков",
      "name": "Саня",
      "nameWithTitle": "Саня",
      "desc": "Восьмая идентичность Санька"
    },
    {
      "id": 10808,
      "title": "Капитан\n«ВДВ»",
      "name": "Фишмаель",
      "nameWithTitle": "Фишмаель",
      "desc": "Восьмая идентичность Фишмаель"
    },
    {
      "id": 10508,
      "title": "Наставник\nРодословной\nMTL",
      "name": "Мерседес",
      "nameWithTitle": "Мерседес",
      "desc": "Восьмая идентичность Мерседес"
    },
    {
      "id": 10208,
      "title": "Самса\nродословной\nMTL",
      "name": "Фауст",
      "nameWithTitle": "Фауст",
      "desc": "Восьмая идентичность Фауст"
    },
    {
      "id": 10308,
      "title": "Самса\nродословной\nMTL",
      "name": "Член Кихот",
      "nameWithTitle": "Член Кихот",
      "desc": "Восьмая идентичность Член Кихот"
    },
    {
      "id": 11208,
      "title": "Капитан\nкартеля «Кресчент»",
      "name": "Таракан",
      "nameWithTitle": "Таракан",
      "desc": "Восьмая идентичность Таракана"
    },
    {
      "id": 10908,
      "title": "Директор 4-ой\nЮжной секции\nлюбителей KFC",
      "name": "Родя Додеповна",
      "nameWithTitle": "Родя Додеповна",
      "desc": "Восьмая идентичность Роди Додеповны"
    },
    {
      "id": 10407,
      "title": "4-ая Южная секция\nлюбителей KFC",
      "name": "Р.Ё.Ш.У.",
      "nameWithTitle": "Р.Ё.Ш.У.",
      "desc": "Седьмая идентичность Р.Ё.Ш.У."
    },
    {
      "id": 10708,
      "title": "3-ья Южная секция\nассоциации «Эуфи»",
      "name": "Цыган",
      "nameWithTitle": "Цыган",
      "desc": "Восьмая идентичность Цыгана"
    },
    {
      "id": 11108,
      "title": "Главный дворецкий\n«перевала Дятлова»",
      "name": "Утис",
      "nameWithTitle": "Утис",
      "desc": "Восьмая идентичность Утис"
    },
    {
      "id": 10509,
      "title": "Босс\n«Мертвых кроликов»",
      "name": "Мерседес",
      "nameWithTitle": "Мерседес",
      "desc": "Девятая идентичность Мерседес"
    },
    {
      "id": 11209,
      "title": "Наследник\nдома престарелых",
      "name": "Таракан",
      "nameWithTitle": "Таракан",
      "desc": "Девятая идентичность Таракана"
    },
    {
      "id": 10209,
      "title": "Дворецкий\n«перевала Дятлова»",
      "name": "Фауст",
      "nameWithTitle": "Фауст",
      "desc": "Девятая идентичность Фауст"
    },
    {
      "id": 9999,
      "title": "Красный туман",
      "name": "Вергилий",
      "nameWithTitle": "",
      "desc": ""
    },
    {
      "id": 10408,
      "title": "Главный дворецкий\nдома престарелых",
      "name": "Р.Ё.Ш.У.",
      "nameWithTitle": "Р.Ё.Ш.У.",
      "desc": "Восьмая идентичность Р.Ё.Ш.У."
    },
    {
      "id": 10809,
      "title": "Дворецкий\nдома престарелых",
      "name": "Фишмаель",
      "nameWithTitle": "Фишмаель",
      "desc": "Девятая идентичность Фишмаель"
    },
    {
      "id": 11009,
      "title": "<cspace=-2px>Корректировщик</cspace>\nофиса даунов",
      "name": "Фембойчик",
      "nameWithTitle": "Фембойчик",
      "desc": "Девятая идентичность Фембойчика"
    },
    {
      "id": 10109,
      "title": "Австрийский художник",
      "name": "Саня",
      "nameWithTitle": "Саня",
      "desc": "Девятая идентичность Санька"
    },
    {
      "id": 11109,
      "title": "Преемник\nавстрийского художника",
      "name": "Утис",
      "nameWithTitle": "Утис",
      "desc": "Девятая идентичность Утис"
    },
    {
      "id": 10609,
      "title": "Раскольников\n20-го Района",
      "name": "Хуй Ло",
      "nameWithTitle": "Хуй Ло",
      "desc": "Девятая идентичность Хуй Ло"
    },
    {
      "id": 10409,
      "title": "Коммунистка\n20-го Района",
      "name": "Р.Ё.Ш.У.",
      "nameWithTitle": "Р.Ё.Ш.У.",
      "desc": "Девятая идентичность Р.Ё.Ш.У."
    },
    {
      "id": 10309,
      "title": "Коллектор\nТ-Банка",
      "name": "Член Кихот",
      "nameWithTitle": "Член Кихот",
      "desc": "Девятая идентичность Член Кихот"
    },
    {
      "id": 10909,
      "title": "Коллектор\n2-го уровня\nТ-Банка",
      "name": "Родя Додеповна",
      "nameWithTitle": "Родя Додеповна",
      "desc": "Девятая идентичность Роди Додеповны"
    },
    {
      "id": 10510,
      "title": "Дюк Эризии",
      "name": "Мерседес",
      "nameWithTitle": "Мерседес",
      "desc": "Десятая идентичность Мерседес"
    },
    {
      "id": 11110,
      "title": "Машинист паровозика «W»",
      "name": "Утис",
      "nameWithTitle": "Утис",
      "desc": "Десятая идентичность Утис"
    },
    {
      "id": 10210,
      "title": "<cspace=-2px>Представитель</cspace>\nофиса <cspace=-2px>«Многочлена»</cspace>",
      "name": "Фауст",
      "nameWithTitle": "Фауст",
      "desc": "Десятая идентичность Фауст"
    },
    {
      "id": 10709,
      "title": "<cspace=-2px>Корректировщик</cspace>\nофиса <cspace=-2px>«Многочлена»</cspace>",
      "name": "Цыган",
      "nameWithTitle": "Цыган",
      "desc": "Девятая идентичность Цыгана"
    },
    {
      "id": 10710,
      "title": "Охота крепкое",
      "name": "Цыган",
      "nameWithTitle": "Цыган",
      "desc": "Десятая идентичность Цыгана"
    },
    {
      "id": 10110,
      "title": "ЭГО «Лоботомии»::\nПиу-пип бабочки",
      "name": "Саня",
      "nameWithTitle": "Саня",
      "desc": "Десятая идентичность Санька"
    },
    {
      "id": 10410,
      "title": "ЭГО «Лоботомии»::\nДешевая копия\nред мист",
      "name": "Р.Ё.Ш.У.",
      "nameWithTitle": "Р.Ё.Ш.У.",
      "desc": "Десятая идентичность Р.Ё.Ш.У."
    },
    {
      "id": 10910,
      "title": "3-ья Северная секция\nассоциации «Яндекс курьеров»",
      "name": "Родя Додеповна",
      "nameWithTitle": "Родя Додеповна",
      "desc": "Десятая идентичность Роди Додеповны"
    },
    {
      "id": 10810,
      "title": "Косплей с алика на\nСейбер",
      "name": "Фишмаель",
      "nameWithTitle": "Фишмаель",
      "desc": "Десятая идентичность Фишмаель"
    },
    {
      "id": 10511,
      "title": "Саундклауд стример",
      "name": "Мерседес",
      "nameWithTitle": "Мерседес",
      "desc": "Одиннадцатая идентичность Мерседес"
    },
    {
      "id": 11010,
      "title": "3-ья Западная секция.\nЧОПиков",
      "name": "Фембойчик",
      "nameWithTitle": "Фембойчик",
      "desc": "Десятая идентичность Фембойчика"
    },
    {
      "id": 11111,
      "title": "Слабейшая\n«Мочаленда»",
      "name": "Утис",
      "nameWithTitle": "Утис",
      "desc": "Одиннадцатая идентичность Утис"
    },
    {
      "id": 10610,
      "title": "Фанат\nLinkin Park",
      "name": "Хуй Ло",
      "nameWithTitle": "Хуй Ло",
      "desc": "Десятая идентичность Хуй Ло"
    },
    {
      "id": 11210,
      "title": "Раб божий\n«Мочаленда»",
      "name": "Таракан",
      "nameWithTitle": "Таракан",
      "desc": "Одиннадцатая идентичность Таракана"
    },
    {
      "id": 10911,
      "title": "Давалка\n«Мочаленда»",
      "name": "Родя Додеповна",
      "nameWithTitle": "Родя Додеповна",
      "desc": "Одиннадцатая идентичность Роди Додеповны"
    },
    {
      "id": 11011,
      "title": "3-ья Северная секция\nассоциации «Яндекс курьеров»",
      "name": "Фембойчик",
      "nameWithTitle": "Фембойчик",
      "desc": "Одиннадцатая идентичность Фембойчика"
    },
    {
      "id": 10310,
      "title": "Менеджер\n«Мочаленда»",
      "name": "Член Кихот",
      "nameWithTitle": "Член Кихот",
      "desc": "Десятая идентичность Член Кихот"
    },
    {
      "id": 10611,
      "title": "<cspace=-2px>Представитель</cspace>\nофиса «Остановки развития»",
      "name": "Хуй Ло",
      "nameWithTitle": "Хуй Ло",
      "desc": "Одиннадцатая идентичность Хуй Ло"
    },
    {
      "id": 10711,
      "title": "<cspace=-2px>Корректировщик</cspace>\nофиса «Остановки развития»",
      "name": "Цыган",
      "nameWithTitle": "Цыган",
      "desc": "Одиннадцатая идентичность Цыгана"
    },
    {
      "id": 10211,
      "title": "ЭГО «LCE»::\nМусульманка",
      "name": "Фауст",
      "nameWithTitle": "Фауст",
      "desc": "Одиннадцатая идентичность Фауст"
    },
    {
      "id": 10111,
      "title": "Распили меня\nболгаркой",
      "name": "Саня",
      "nameWithTitle": "Саня",
      "desc": "Одиннадцатая идентичность Санька"
    },
    {
      "id": 10811,
      "title": "Капитан\nкартеля «Кресчент»",
      "name": "Фишмаель",
      "nameWithTitle": "Фишмаель",
      "desc": "Одиннадцатая идентичность Фишмаель"
    },
    {
      "id": 10712,
      "title": "Вакашу\nкартеля «Кресчент»",
      "name": "Цыган",
      "nameWithTitle": "Цыган",
      "desc": "Двенадцатая идентичность Цыгана"
    },
    {
      "id": 10112,
      "title": "3-ья Южная секция\nлюбителей KFC",
      "name": "Саня",
      "nameWithTitle": "Саня",
      "desc": "Двенадцатая идентичность Санька"
    },
    {
      "id": 10311,
      "title": "Сиськи восточной\nассоциации «Обкурышей»",
      "name": "Член Кихот",
      "nameWithTitle": "Член Кихот",
      "desc": "Одиннадцатая идентичность Член Кихот"
    },
    {
      "id": 11211,
      "title": "Выживший\nофиса ебучих крикунов",
      "name": "Таракан",
      "nameWithTitle": "Таракан",
      "desc": "Одиннадцатая идентичность Таракана"
    },
    {
      "id": 11112,
      "title": "Стая боевого зоопарка - \nОтряд кроликов",
      "name": "Утис",
      "nameWithTitle": "Утис",
      "desc": "Двенадцатая идентичность Утис"
    },
    {
      "id": 10411,
      "title": "Стая боевого зоопарка - \nОтряд кроликов",
      "name": "Р.Ё.Ш.У.",
      "nameWithTitle": "Р.Ё.Ш.У.",
      "desc": "Одиннадцатая идентичность Р.Ё.Ш.У."
    },
    {
      "id": 11012,
      "title": "Сын Рикардо",
      "name": "Фембойчик",
      "nameWithTitle": "Фембойчик",
      "desc": "Двенадцатая идентичность Фембойчика"
    },
    {
      "id": 10612,
      "title": "Олень из 4 пачки пидарасов",
      "name": "Хуй Ло",
      "nameWithTitle": "Хуй Ло",
      "desc": "Двенадцатая идентичность Хуй Ло"
    },
    {
      "id": 11212,
      "title": "Стая боевого зоопарка -\nОтряд змеюк",
      "name": "Таракан",
      "nameWithTitle": "Таракан",
      "desc": "Двенадцатая идентичность Таракана"
    },
    {
      "id": 10912,
      "title": "Стая боевого зоопарка -\nОтряд змеюк",
      "name": "Родя Додеповна",
      "nameWithTitle": "Родя Додеповна",
      "desc": "Двенадцатая идентичность Роди Додеповны"
    },
    {
      "id": 10212,
      "title": "Стая боевого зоопарка -\nАдепт секса кроликов",
      "name": "Фауст",
      "nameWithTitle": "Фауст",
      "desc": "Двенадцатая идентичность Фауст"
    },
    {
      "id": 10812,
      "title": "Рыжая\nПисюн",
      "name": "Фишмаэль",
      "nameWithTitle": "Фишмаэль",
      "desc": "Двенадцатая идентичность Фишмаэль"
    },
    {
      "id": 10512,
      "title": "Реактивный\nСэм",
      "name": "Мерсо",
      "nameWithTitle": "Мерсо",
      "desc": "Двенадцатая идентичность Мерсо"
    },
    {
      "id": 11013,
      "title": "Пес-тампон",
      "name": "Фембойчик",
      "nameWithTitle": "Фембойчик",
      "desc": "Тринадцатая идентичность Фембойчика"
    },
    {
      "id": 10113,
      "title": "Твой тиммейт\nв кс 2",
      "name": "Саня",
      "nameWithTitle": "Саня",
      "desc": "Третья идентичность Саня"
    },
    {
      "id": 10312,
      "title": "ЭГО «Лоботомии»::\nВо имя\nмочи и говна",
      "name": "Член Кихот",
      "nameWithTitle": "Член Кихот",
      "desc": "Член Кихот's 12th Identity"
    },
    {
      "id": 10913,
      "title": "ЭГО «Лоботомии»::\nМеч, заточенный\nспермой",
      "name": "Родя Додеповна",
      "nameWithTitle": "Родя Додеповна",
      "desc": "Родя Додеповна's 13th Identity"
    },
    {
      "id": 11113,
      "title": "Владелец\nТ-Банка",
      "name": "Утис",
      "nameWithTitle": "Утис",
      "desc": "Утис’s 13th Identity"
    },
    {
      "id": 10613,
      "title": "Конфуций",
      "name": "Хуй Ло",
      "nameWithTitle": "Хуй Ло",
      "desc": "Хуй Ло's 13th Identity"
    },
    {
      "id": 11014,
      "title": "Стая боевого зоопарка -\nНедогоревший Еврей",
      "name": "Фембойчик",
      "nameWithTitle": "Фембойчик",
      "desc": "Фембойчик 14th Identity"
    },
    {
      "id": 10114,
      "title": "Стая боевого зоопарка -\nАдепт гачеебов",
      "name": "Саня",
      "nameWithTitle": "Саня",
      "desc": "Саня's 14th Identity"
    }
  ]
}