﻿{
  "dataList": [
    {
      "id": "project_gs_button_label_open_lesson_ui",
      "content": "Выбрать урок"
    },
    {
      "id": "project_gs_button_label_progress_lesson",
      "content": "Начать урок"
    },
    {
      "id": "project_gs_button_label_open_battle",
      "content": "Контрольная работа"
    },
    {
      "id": "project_gs_stats_wisdom",
      "content": "Чжи"
    },
    {
      "id": "project_gs_stats_courage",
      "content": "Йон"
    },
    {
      "id": "project_gs_stats_benevolence",
      "content": "Рен"
    },
    {
      "id": "project_gs_stats_wisdom_with_char",
      "content": "Чжи (智)"
    },
    {
      "id": "project_gs_stats_courage_with_char",
      "content": "Йон (勇)"
    },
    {
      "id": "project_gs_stats_benevolence_with_char",
      "content": "Рен (仁)"
    },
    {
      "id": "project_gs_condition",
      "content": "Настроение"
    },
    {
      "id": "project_gs_day",
      "content": "День {0}"
    },
    {
      "id": "project_gs_schedule_label",
      "content": "Расписание"
    },
    {
      "id": "project_gs_desc_select_lesson",
      "content": "Запланируйте урок на это время"
    },
    {
      "id": "project_gs_condition_highest",
      "content": "Заебок!"
    },
    {
      "id": "project_gs_condition_high",
      "content": "Хорошо"
    },
    {
      "id": "project_gs_condition_medium",
      "content": "Пойдет"
    },
    {
      "id": "project_gs_condition_low",
      "content": "Не очень"
    },
    {
      "id": "project_gs_condition_lowest",
      "content": "Хуево =("
    },
    {
      "id": "project_gs_title_grow_up",
      "content": "Прогрев"
    },
    {
      "id": "project_gs_title_schedule",
      "content": "Составьте расписание"
    },
    {
      "id": "project_gs_lesson_level_1",
      "content": "Новичок"
    },
    {
      "id": "project_gs_lesson_level_2",
      "content": "Продвинутый"
    },
    {
      "id": "project_gs_lesson_level_3",
      "content": "Мастер"
    },
    {
      "id": "project_gs_jia_xichun_name",
      "content": "Цзя Писюн"
    },
    {
      "id": "project_gs_sinclair_name",
      "content": "Фембойчик"
    },
    {
      "id": "project_gs_exp",
      "content": "Опыт"
    },
    {
      "id": "project_gs_combo",
      "content": "Комбо"
    },
    {
      "id": "project_gs_fixed_lesson",
      "content": "Обязательный урок"
    },
    {
      "id": "project_gs_lesson_result_desc_1_critical_success",
      "content": "У меня было очень ценное время, учась общаться со своим внутренним «я»!!"
    },
    {
      "id": "project_gs_lesson_result_desc_1_success",
      "content": "Я научился быть более честным с собой, глядя в зеркало!"
    },
    {
      "id": "project_gs_lesson_result_desc_1_normal",
      "content": "Среднее время, размышляя о себе."
    },
    {
      "id": "project_gs_lesson_result_desc_1_failure",
      "content": "После долгого взгляда в зеркало мое отражение вдруг показалось незнакомым. Страх овладел мной, и я не смог сосредоточиться на остальной части урока."
    },
    {
      "id": "project_gs_lesson_result_desc_1_critical_failure",
      "content": "Является ли отражение в зеркале моим, или это совсем другое существо...? Класс закончился после долгого пустого взгляда в зеркало."
    },
    {
      "id": "project_gs_lesson_result_desc_2_critical_success",
      "content": "Основываясь на изученных навыках, мне удалось воссоздать модель машины по чертежу Фауста!"
    },
    {
      "id": "project_gs_lesson_result_desc_2_success",
      "content": "Удалось изучить различные подробные технические основы старых технологий H Corp!"
    },
    {
      "id": "project_gs_lesson_result_desc_2_normal",
      "content": "Я провел среднее время, изучая различные знания в области технологий и инженерии."
    },
    {
      "id": "project_gs_lesson_result_desc_2_failure",
      "content": "Я изучил разные вещи по инженерии, но они все как-то размытые... Придется пересмотреть этот материал позже, иначе забуду всё."
    },
    {
      "id": "project_gs_lesson_result_desc_2_critical_failure",
      "content": "Класс идет слишком быстро... Большая часть урока Фауста прошла мимо меня."
    },
    {
      "id": "project_gs_lesson_result_desc_3_critical_success",
      "content": "Я полностью погрузился в захватывающие истории Фиксеров! Я даже забыл дышать на мгновение!"
    },
    {
      "id": "project_gs_lesson_result_desc_3_success",
      "content": "Время летит, когда слушаешь захватывающие приключения!"
    },
    {
      "id": "project_gs_lesson_result_desc_3_normal",
      "content": "Среднее время, изучая Фиксеров и их дела."
    },
    {
      "id": "project_gs_lesson_result_desc_3_failure",
      "content": "Сегодняшняя история приключений была немного скучной, но я смог прослушать её полностью."
    },
    {
      "id": "project_gs_lesson_result_desc_3_critical_failure",
      "content": "Класс состоял из повторного прослушивания приключения, которое я уже много раз слышал..."
    },
    {
      "id": "project_gs_lesson_result_desc_4_critical_success",
      "content": "Какое чудесное приключение! Я так рад нашей следующей сессии — то есть, уроку!!"
    },
    {
      "id": "project_gs_lesson_result_desc_4_success",
      "content": "Работал с Фембойчиком, придумывая креативные решения всех испытаний, с которыми столкнулись!"
    },
    {
      "id": "project_gs_lesson_result_desc_4_normal",
      "content": "Среднее время на сегодняшнем приключении."
    },
    {
      "id": "project_gs_lesson_result_desc_4_failure",
      "content": "Сегодняшнее приключение было веселым, но мы едва продвинулись по основному квесту."
    },
    {
      "id": "project_gs_lesson_result_desc_4_critical_failure",
      "content": "Полное поражение клана... Истина теперь потеряна во тьме..."
    },
    {
      "id": "project_gs_lesson_result_desc_5_critical_success",
      "content": "Я понял проблемы, через которые проходят обычные солдаты, и научился лучше представлять ход битвы!"
    },
    {
      "id": "project_gs_lesson_result_desc_5_success",
      "content": "Теперь я знаю достаточно про городские и траншейные войны, чтобы объяснить своими словами!"
    },
    {
      "id": "project_gs_lesson_result_desc_5_normal",
      "content": "Я получил среднее понимание «Войны Крыльев»."
    },
    {
      "id": "project_gs_lesson_result_desc_5_failure",
      "content": "Я слишком увлекся прошлым Грегора, вместо того чтобы сосредоточиться на его лекциях о «Войне Крыльев»."
    },
    {
      "id": "project_gs_lesson_result_desc_5_critical_failure",
      "content": "Я слишком сопереживал печали Грегора, и не смог сосредоточиться на уроке..."
    },
    {
      "id": "project_gs_lesson_result_desc_6_critical_success",
      "content": "Я прочитал все методы убийства, подготовленные Хонг Лу!!"
    },
    {
      "id": "project_gs_lesson_result_desc_6_success",
      "content": "Мне удалось различать чаши, читая тонкие сигналы Хонг Лу и Дайю!"
    },
    {
      "id": "project_gs_lesson_result_desc_6_normal",
      "content": "Среднее время на повторяющихся практиках поиска сигналов."
    },
    {
      "id": "project_gs_lesson_result_desc_6_failure",
      "content": "Я все еще не понимаю, как работает эта «интуиция»... Но я угадал примерно половину."
    },
    {
      "id": "project_gs_lesson_result_desc_6_critical_failure",
      "content": "Каждая выбранная мной чаша была с ядом. Видимо, сегодня не мой день..."
    },
    {
      "id": "project_gs_lesson_result_desc_7_critical_success",
      "content": "Класс закончен."
    },
    {
      "id": "project_gs_lesson_result_desc_7_success",
      "content": "Прошел урок."
    },
    {
      "id": "project_gs_lesson_result_desc_7_normal",
      "content": "Среднее время на уроке."
    },
    {
      "id": "project_gs_lesson_result_desc_7_failure",
      "content": "Почему так трудно кратко выражать мысли...?"
    },
    {
      "id": "project_gs_lesson_result_desc_7_critical_failure",
      "content": "В попытке сэкономить слова я рассказал все свои жалобы, пока урок не закончился. В следующий раз буду говорить только по делу. Я пообещал себе это."
    },
    {
      "id": "project_gs_lesson_result_desc_8_critical_success",
      "content": "Всего несколькими словами я смог «убедить» цель выдать всю информацию!"
    },
    {
      "id": "project_gs_lesson_result_desc_8_success",
      "content": "Выучил угрозы и запугивающие фразы, которые можно использовать для стращания цели!"
    },
    {
      "id": "project_gs_lesson_result_desc_8_normal",
      "content": "Средний результат в обучении добычи информации от цели."
    },
    {
      "id": "project_gs_lesson_result_desc_8_failure",
      "content": "Я теперь знаю, как допрашивать, но каждый раз, говоря что-то ужасное, колебался."
    },
    {
      "id": "project_gs_lesson_result_desc_8_critical_failure",
      "content": "Не знаю как, но цель убедила <i>меня</i> выдать всю информацию..."
    },
    {
      "id": "project_gs_lesson_result_desc_9_critical_success",
      "content": "Идеальный урок!!"
    },
    {
      "id": "project_gs_lesson_result_desc_9_success",
      "content": "Игра и общение с детьми вернули мне приятные воспоминания о собственном детстве!"
    },
    {
      "id": "project_gs_lesson_result_desc_9_normal",
      "content": "Среднее понимание, как общаться с детьми."
    },
    {
      "id": "project_gs_lesson_result_desc_9_failure",
      "content": "Играть с детьми — это хорошо, но очень утомительно."
    },
    {
      "id": "project_gs_lesson_result_desc_9_critical_failure",
      "content": "Я расстроил ребенка... о нет."
    },
    {
      "id": "project_gs_lesson_result_desc_10_critical_success",
      "content": "Я научился не просто скрывать эмоции... Я научился делать любые выражения лица. Наконец выиграл у Роды!"
    },
    {
      "id": "project_gs_lesson_result_desc_10_success",
      "content": "Играя с Родыей, я не только научился скрывать эмоции... но и жесты!"
    },
    {
      "id": "project_gs_lesson_result_desc_10_normal",
      "content": "Среднее время, учась не показывать эмоции."
    },
    {
      "id": "project_gs_lesson_result_desc_10_failure",
      "content": "Я старался держать покер-фейс, но не мог остановить улыбку, когда выпадали нужные фишки."
    },
    {
      "id": "project_gs_lesson_result_desc_10_critical_failure",
      "content": "Мои эмоции были слишком очевидны. Родыя обманул меня..."
    },
    {
      "id": "project_gs_lesson_result_desc_11_critical_success",
      "content": "Я научился искусству «злой хватки» и решительным действиям!"
    },
    {
      "id": "project_gs_lesson_result_desc_11_success",
      "content": "Теперь я знаю, как обоссать врага."
    },
    {
      "id": "project_gs_lesson_result_desc_11_normal",
      "content": "Среднее время на тренировках."
    },
    {
      "id": "project_gs_lesson_result_desc_11_failure",
      "content": "Я был слишком устал, чтобы полностью усвоить урок."
    },
    {
      "id": "project_gs_lesson_result_desc_11_critical_failure",
      "content": "Оружие выскользнуло из рук и ударило Хитклиффа по голове... Я потратил весь урок, извиняясь."
    },
    {
      "id": "project_gs_lesson_result_desc_12_critical_success",
      "content": "Я очистил мысли и позволил потоку боя управлять оружием. Похоже, я прорезал что-то невидимое!!"
    },
    {
      "id": "project_gs_lesson_result_desc_12_success",
      "content": "Я медитировал, очищая всё кроме «я». Думаю, я понял суть!"
    },
    {
      "id": "project_gs_lesson_result_desc_12_normal",
      "content": "Среднее понимание учений Ночного Странника."
    },
    {
      "id": "project_gs_lesson_result_desc_12_failure",
      "content": "Движения Ночного Странника слишком сложны для отслеживания... а резкий запах алкоголя еще больше сбивал с толку."
    },
    {
      "id": "project_gs_lesson_result_desc_12_critical_failure",
      "content": "Выпили с Ночным Странником... черт, это было приятно."
    },
    {
      "id": "project_gs_combo_desc_wisdom_up",
      "content": "[Рост: Чжи +{0}]"
    },
    {
      "id": "project_gs_combo_desc_wisdom_down",
      "content": "[Потеря: Чжи -{0}]"
    },
    {
      "id": "project_gs_combo_desc_courage_up",
      "content": "[Рост: Йон +{0}]"
    },
    {
      "id": "project_gs_combo_desc_courage_down",
      "content": "[Потеря: Йон -{0}]"
    },
    {
      "id": "project_gs_combo_desc_benevolence_up",
      "content": "[Рост: Рен +{0}]"
    },
    {
      "id": "project_gs_combo_desc_benevolence_down",
      "content": "[Потеря: Рен -{0}]"
    },
    {
      "id": "project_gs_combo_desc_all_stats_up",
      "content": "[Все статы +{0}]"
    },
    {
      "id": "project_gs_combo_desc_all_stats_down",
      "content": "[Все статы -{0}]"
    },
    {
      "id": "project_gs_combo_desc_condition_up",
      "content": "[Настроение повысилось на {0}]"
    },
    {
      "id": "project_gs_combo_desc_condition_down",
      "content": "[Настроение понизилось на {0}]"
    },
    {
      "id": "project_gs_combo_desc_lesson_critical_success",
      "content": "[Огромный успех на уроке]"
    },
    {
      "id": "project_gs_combo_desc_next_lesson_critical_success",
      "content": "[Огромный успех на следующем уроке]"
    },
    {
      "id": "project_gs_combo_desc_stats_result_ratio_wisdom_up",
      "content": "[+{0}% к Чжи, полученному с урока]"
    },
    {
      "id": "project_gs_combo_desc_stats_result_ratio_wisdom_down",
      "content": "[-{0}% к Чжи, полученному с урока]"
    },
    {
      "id": "project_gs_combo_desc_stats_result_ratio_courage_up",
      "content": "[+{0}% к Йон, полученному с урока]"
    },
    {
      "id": "project_gs_combo_desc_stats_result_ratio_courage_down",
      "content": "[-{0}% к Йон, полученному с урока]"
    },
    {
      "id": "project_gs_combo_desc_stats_result_ratio_benevolence_up",
      "content": "[+{0}% к Рен, полученному с урока]"
    },
    {
      "id": "project_gs_combo_desc_stats_result_ratio_benevolence_down",
      "content": "[-{0}% к Рен, полученному с урока]"
    },
    {
      "id": "project_gs_combo_desc_stats_result_ratio_all_up",
      "content": "[+{0}% ко всем статам, полученным с урока]"
    },
    {
      "id": "project_gs_combo_desc_stats_result_ratio_all_down",
      "content": "[-{0}% ко всем статам, полученным с урока]"
    },
    {
      "id": "project_gs_combo_desc_title",
      "content": "Комбинации напарников"
    },
    {
      "id": "project_gs_restart",
      "content": "Начать снова"
    },
    {
      "id": "project_gs_ask_to_restart",
      "content": "Начать с первого дня?"
    },
    {
      "id": "project_gs_finish_to_grow_up",
      "content": "Урок окончен"
    },
    {
      "id": "project_gs_combo_desc_lesson_success_rate_up",
      "content": "[Шанс успешного урока +{0}%]"
    },
    {
      "id": "project_gs_combo_desc_lesson_success_rate_down",
      "content": "[Шанс успешного урока -{0}%]"
    },
    {
      "id": "project_gs_combo_desc_lesson_success_rate_changed",
      "content": "[Шанс успешного урока изменился]"
    },
    {
      "id": "project_gs_combo_desc_lesson_critical_success_changed",
      "content": "- РАЗЬЕБАЛ!!! : {0}%"
    },
    {
      "id": "project_gs_combo_desc_lesson_success_changed",
      "content": "- Успех : {0}%"
    },
    {
      "id": "project_gs_combo_desc_lesson_normal_changed",
      "content": "- Норм : {0}%"
    },
    {
      "id": "project_gs_combo_desc_lesson_failure_changed",
      "content": "- Провал : {0}%"
    },
    {
      "id": "project_gs_combo_desc_lesson_critical_failure_changed",
      "content": "- Полный пиздец : {0}%"
    },
    {
      "id": "project_gs_lesson_level_up_title",
      "content": "Уведомление"
    },
    {
      "id": "project_gs_notice_unable_to_release_fixed_lesson",
      "content": "Это обязательный урок."
    },
    {
      "id": "project_gs_combo_text_only_jia_xichun",
      "content": "(Цзя Писюн) "
    },
    {
      "id": "project_gs_combo_text_only_sinclair",
      "content": "(Фембойчик) "
    },
    {
      "id": "project_gs_ask_to_start_lesson",
      "content": "Продолжить обучение?"
    },
    {
      "id": "project_gs_do_not_see_ask_to_start_lesson_popup",
      "content": "Не показывать снова"
    },
    {
      "id": "project_gs_stats_saved",
      "content": "История обучения"
    },
    {
      "id": "project_gs_progress_label",
      "content": "Прогресс урока"
    },
    {
      "id": "project_gs_ask_move_to_main",
      "content": "Сохранить прогресс урока и\nвернуться в меню?"
    },
    {
      "id": "project_gs_exit_title",
      "content": "Урок окончен"
    },
    {
      "id": "project_gs_re_enter_warning",
      "content": "Месяц обучения закончился.\nХотите начать с начала?"
    },
    {
      "id": "project_gs_check_growth",
      "content": "Посмотреть прогресс"
    },
    {
      "id": "project_gs_growth_desc",
      "content": "Цзя Писюн научилась новому!\n(Чжи : {0}, Йон : {1}, Рен : {2})\nФембойчик научился новому!\n(Чжи : {4}, Йон : {5}, Рен : {6})"
    },
    {
      "id": "project_gs_growth_result_popup_lessons",
      "content": "Урок завершен"
    },
    {
      "id": "project_gs_growth_result_popup_check_stats",
      "content": "Посмотреть статистику Цзя Писюн"
    },
    {
      "id": "project_gs_ask_to_start_lesson_with_warning",
      "content": "Запуск финального урока перезапишет результаты прошлого прогрева.\nПродолжить?"
    },
    {
      "id": "project_gs_alarm_lesson_level_up",
      "content": "Урок [{0}] повысил уровень до \"{1}\"."
    }
  ]
}
