﻿{
  "dataList": [
    {
      "id": 1,
      "content": "Что этот еблан несет",
      "teacher": "Yi Sang"
    },
    {
      "id": 2,
      "content": "Фауст, я все равно нихуя не понимаю!!!",
      "teacher": "Faust"
    },
    {
      "id": 3,
      "content": "Я люблю рисовать порно! - Особенно с корректировщиками!",
      "teacher": "Don Quixote"
    },
    {
      "id": 4,
      "content": "Урок о том, как скрыть запах рыбы из пизды",
      "teacher": "Ishmael"
    },
    {
      "id": 5,
      "content": "Тараканьи флешбеки",
      "teacher": "Gregor"
    },
    {
      "id": 6,
      "content": "Как выжить в Саратове",
      "teacher": "Hong Lu"
    },
    {
      "id": 7,
      "content": "Правильный завал ебальника",
      "teacher": "Meursault"
    },
    {
      "id": 8,
      "content": "Умом - Пернул в нос врагу",
      "teacher": "Outis"
    },
    {
      "id": 9,
      "content": "O.T.C.O.C. : Очевидно Ты Сигма Омега Скибиди",
      "teacher": "Ryōshū"
    },
    {
      "id": 10,
      "content": "Как жрать и не толстеть",
      "teacher": "Rodion"
    },
    {
      "id": 11,
      "content": "Рожденный бегать пизды не получит",
      "teacher": "Heathcliff"
    },
    {
      "id": 12,
      "content": "『Уроки как пить пиво и не нажираться (酔手野話)』",
      "teacher": "The Night Drifter"
    },
    {
      "id": 13,
      "content": "???"
    }
  ]
}