﻿{
  "dataList": [
    {
      "id": 1,
      "content": "Чучела гениев"
    },
    {
      "id": 2,
      "content": "Энциклопедия фиксеров... для чайников!"
    },
    {
      "id": 3,
      "content": "Утренняя пресса"
    },
    {
      "id": 4,
      "content": "С 9 до 5"
    },
    {
      "id": 5,
      "content": "Общая боль"
    },
    {
      "id": 6,
      "content": "Ф.А.Ф.О"
    },
    {
      "id": 7,
      "content": "Взгляд всеведущего художника"
    },
    {
      "id": 8,
      "content": "Что нужно... так это доброта"
    },
    {
      "id": 9,
      "content": "Комедийное дуо"
    },
    {
      "id": 10,
      "content": "Рутина хорошего и плохого инструктора"
    },
    {
      "id": 11,
      "content": "Никогда не сдаваться"
    },
    {
      "id": 12,
      "content": "Время подготовки"
    },
    {
      "id": 13,
      "content": "На самом деле очень похоже"
    },
    {
      "id": 14,
      "content": "Семейные дела"
    },
    {
      "id": 15,
      "content": "Смелость противостоять"
    },
    {
      "id": 16,
      "content": "Следуй A.C.T.S."
    },
    {
      "id": 17,
      "content": "В дыму"
    },
    {
      "id": 18,
      "content": "Лучшие сотрудники крыла"
    },
    {
      "id": 19,
      "content": "Цепи командования"
    },
    {
      "id": 20,
      "content": "Не такие уж одинокие гурманы"
    },
    {
      "id": 21,
      "content": "Враг вчерашнего дня, друг сегодняшнего"
    },
    {
      "id": 22,
      "content": "Разговоры с мечами"
    }
  ]
}
