{
  "dataList": [
    {
      "id": "railway_dungeon_alarm_buff_no_one_select_for_heal",
      "content": "Идентичности не повреждены"
    },
    {
      "id": "railway_dungeon_alarm_buff_no_one_select_for_resurrect",
      "content": "Все идентичности живы"
    },
    {
      "id": "railway_dungeon_healable",
      "content": "Можно восстановить"
    },
    {
      "id": "railway_dungeon_resurrectable",
      "content": "Можно оживить"
    },
    {
      "id": "railway_dungeon_ask_to_select_buff_and_rotate",
      "content": "Вернуться к <color=#0f7137>первой станции</color>?\n<size=90%>Это увеличит количество кругов; \nтакже вы сможете взять 1 <color=#0f7137>Усиление союзников</color> & 1 <color=#990000>Усиление противников</color>.</size>"
    },
    {
      "id": "railway_dungeon_current_rotation_count_title",
      "content": "Количество кругов: "
    },
    {
      "id": "railway_dungeon_rotation_count",
      "content": "Кол-во кругов"
    },
    {
      "id": "railway_dungeon_cumulative_turn_count",
      "content": "Всего ходов"
    },
    {
      "id": "railway_dungeon_2_banner_reward_condition_1",
      "content": "Может быть получена после прохождения Пути 2 за {1} и более кругов"
    },
    {
      "id": "railway_dungeon_2_banner_reward_condition_2",
      "content": "Может быть получена после прохождения Пути 2 за {1} и более кругов"
    },
    {
      "id": "railway_dungeon_2_banner_reward_condition_3",
      "content": "Может быть получена после прохождения Пути 2 за {1} и более кругов и менее, чем {0} ходов"
    },
    {
      "id": "railway_dungeon_2_banner_reward_condition_4",
      "content": "Может быть получена после прохождения Пути 2 за {1} и более кругов до окончания <color=#d6e7f2>Сезона 2: Воспоминание</color>"
    },
    {
      "id": "railway_dungeon_2_banner_reward_condition_5",
      "content": "Может быть получена после прохождения Пути 2 за {1} и более кругов до окончания <color=#d6e7f2>Сезона 2: Воспоминание</color>"
    },
    {
      "id": "railway_dungeon_2_banner_reward_condition_6",
      "content": "Может быть получена после прохождения Пути 2 за {1} и более кругов и менее, чем {0}\nходов до окончания <color=#d6e7f2>2 Сезона: Воспоминание</color>"
    },
    {
      "id": "railway_dungeon_2_buff_list",
      "content": "Список усилений"
    },
    {
      "id": "railway_dungeon_2_dummy_buff_name_1",
      "content": "Усиление №1 (Пусто)"
    },
    {
      "id": "railway_dungeon_2_dummy_buff_name_2",
      "content": "Усиление №2 (Пусто)"
    },
    {
      "id": "railway_dungeon_2_dummy_buff_name_3",
      "content": "Усиление №3 (Пусто)"
    },
    {
      "id": "railway_dungeon_2_dummy_buff_name_4",
      "content": "Усиление №4 (Пусто)"
    },
    {
      "id": "railway_dungeon_2_dummy_buff_name_5",
      "content": "Усиление №5 (Пусто)"
    },
    {
      "id": "railway_dungeon_2_no_owned_buff_desc",
      "content": "Нет активных усилений."
    },
    {
      "id": "railway_dungeon_2_buff_effect_title",
      "content": "Список выбранных усилений"
    },
    {
      "id": "railway_dungeon_2_current_buff",
      "content": "Усиление"
    },
    {
      "id": "railway_dungeon_2_buff_acquire_ally_buff",
      "content": "Выберите 1 <style=\"railwayDungeonAlly\">Усиление союзников</style>."
    },
    {
      "id": "railway_dungeon_2_buff_acquire_enemy_buff",
      "content": "Выберите 1 <style=\"railwayDungeonEnemy\">Усиление противников</style>."
    },
    {
      "id": "railway_dungeon_2_buff_not_selectable",
      "content": "Нельзя выбрать на этом круге."
    },
    {
      "id": "railway_dungeon_2_buff_fixed_selection",
      "content": "Фиксированный выбор"
    },
    {
      "id": "railway_dungeon_2_select_buff_popup_title",
      "content": "Выбор усиления"
    },
    {
      "id": "railway_dungeon_2_select_ally_buff",
      "content": "Выбрать усиление союзников"
    },
    {
      "id": "railway_dungeon_2_select_enemy_buff",
      "content": "Выбрать усиление противников"
    },
    {
      "id": "railway_dungeon_2_ally_buff",
      "content": "Усиления союзников"
    },
    {
      "id": "railway_dungeon_2_enemy_buff",
      "content": "Усиления противников"
    },
    {
      "id": "railway_dungeon_2_select_resurrect",
      "content": "Оживить выбранную идентичность"
    },
    {
      "id": "railway_dungeon_2_empty_selected_buffs",
      "content": "Нет выбранных усилений."
    },
    {
      "id": "railway_dungeon_2_ask_retry_when_all_died",
      "content": "Все грешники мертвы. Вы больше не можете сражаться.\nВернуться к началу этой битвы?"
    },
    {
      "id": "railway_dungeon_2_ask_retry_when_defeat",
      "content": "Вернуться к началу этой битвы?"
    },
    {
      "id": "railway_dungeon_2_ask_retry_when_defeat_info",
      "content": "※ Если вы продолжите битву, вы можете выбрать других грешников. ОЗ противников и все усиления перенесутся на следующую битву."
    },
    {
      "id": "railway_dungeon_2_retry_stage",
      "content": "Попытаюсь снова"
    },
    {
      "id": "railway_dungeon_2_retry_popup_exit",
      "content": "Хватит с меня"
    },
    {
      "id": "railway_dungeon_2_retry_popup_continue",
      "content": "Продолжаем"
    },
    {
      "id": "railway_dungeon_2_retry_popup_retry",
      "content": "Попытаюсь снова"
    },
    {
      "id": "railway_dungeon_2_rotation_count",
      "content": "(Кругов: {0})"
    },
    {
      "id": "railway_dungeon_2_rotation_count_short",
      "content": "Кругов: {0}"
    },
    {
      "id": "railway_dungeon_2_turn_count_short",
      "content": "Ходов: {0}"
    },
    {
      "id": "railway_dungeon_2_rotation_node",
      "content": "Круг"
    },
    {
      "id": "railway_dungeon_2_reward_condition_special_ticket",
      "content": "※ Может быть получен после прохождения Пути 2 за <color=#005823>{1}</color> и более кругов и менее, чем<color=#005823>{0}</color>\nходов до окончания <color=#32434f>2 Сезона: Воспоминание</color>"
    },
    {
      "id": "railway_dungeon_2_special_reward_title",
      "content": "Особые награды"
    },
    {
      "id": "railway_dungeon_2_fixed_enemy_buff",
      "content": "Фиксированные усиления противников"
    },
    {
      "id": "railway_dungeon_2_pass_station",
      "content": "Следующая станция"
    },
    {
      "id": "railway_dungeon_2_next_station",
      "content": "Следующая станция"
    },
    {
      "id": "railway_dungeon_2_final_station",
      "content": "Конечная станция"
    },
    {
      "id": "railway_dungeon_2_banner_reward_condition_7",
      "content": "Пройдите {1} или более кругов за менее чем {0} ходов до\nокончания <color=#d6e7f2>2 Сезона: Воспоминание</color>\n(Учитываются новые записи от 14:15 15 сентября 2023 г. (МСК))"
    },
    {
      "id": "railway_dungeon_2_reward_condition_special_ticket_14",
      "content": "※ Пройдите <color=#005823>{1}</color> или более кругов за менее чем <color=#005823>{0}</color> ходов, включая конечную остановку,\nдо окончания <color=#32434f>2 Сезона: Воспоминание</color>\n(Учитываются новые записи от 14:15 15 сентября 2023 г. (МСК))"
    },
    {
      "id": "railway_dungeon_2_current_battle_turn_count",
      "content": "Turns taken this Station : <style=\"number_highlight\"><size=\"60%\">{0}</size></style>"
    },
    {
      "id": "railway_dungeon_2_ask_retry_when_defeat_info_turn_count",
      "content": "※ Upon completing the Station, <style=\"yellow\">Turns taken in the current Station</style> will be added to the <style=\"yellow\">Total Turns</style>."
    },
    {
      "id": "railway_dungeon_2_ask_retry_when_defeat_info_save_battle",
      "content": "Should you choose to continue, you may use the remaining Sinners to continue the battle. Enemy HP and Buff effects will carry over."
    },
    {
      "id": "railway_dungeon_2_ask_retry_when_all_died_turn_count",
      "content": "※ <style=\"yellow\">Turns taken in the current Station</style> will be added to the <style=\"yellow\">Total Turns</style> only after completing the Station."
    }
  ]
}