﻿{
  "dataList": [
    {
      "id": "clear_turn",
      "content": "Ходов\nвсего"
    },
    {
      "id": "accumulated_turn",
      "content": "Ходов\nсобрано"
    },
    {
      "id": "final_accumulated_turn",
      "content": "Финальный счет ходов"
    },
    {
      "id": "reward_after_clear",
      "content": "Награды за завершение"
    },
    {
      "id": "lost_and_found",
      "content": "<size=80%>Лутинг по-американски</size>"
    },
    {
      "id": "railway_line",
      "content": "Путь {0}"
    },
    {
      "id": "progressing_railway_line",
      "content": "Перемещаемся по: {0}"
    },
    {
      "id": "select_railway_line",
      "content": "С какой стороны тебя будут ебать?"
    },
    {
      "id": "stage_info",
      "content": "Данные о станции"
    },
    {
      "id": "stage_number",
      "content": "Станция {0}"
    },
    {
      "id": "mirror_refraction_railway",
      "content": "МГЕ Паравозик"
    },
    {
      "id": "mirror_refraction_railway_with_dungeon_name",
      "content": "Железная дорога преломления, {0}"
    },
    {
      "id": "accumulated_records",
      "content": "Записи поездок"
    },
    {
      "id": "rank_with_number",
      "content": "{0} место"
    },
    {
      "id": "open_railway_dungeon_records",
      "content": "<size=90%>Альцгеймер</size>"
    },
    {
      "id": "no_more_rewards_remains_desc",
      "content": "Наград больше нет"
    },
    {
      "id": "use_enkephalin_module_to_acquire_rewards",
      "content": "Использовать <color=#990000>{0} Энкефалиновых модулей</color>,\n чтобы разблокировать награды?"
    },
    {
      "id": "able_to_acquire_rewards_without_using_enkephalin_module",
      "content": "※ После разблокировки вам больше не нужно платить за то, чтобы забрать награды с этого пути."
    },
    {
      "id": "railway_dungeon_ask_for_re_enter",
      "content": "Сейчас на <color=#990000>{0} до станции {1}</color>.\nПродолжить поездку?"
    },
    {
      "id": "railway_dungeon_current_running",
      "content": "{0} на станции {1}"
    },
    {
      "id": "final_clear_accumulated_turn",
      "content": "Финальный счет ходов"
    },
    {
      "id": "railway_dungeon_detailed_info",
      "content": "Детали"
    },
    {
      "id": "railway_dungeon_1_banner_reward_condition_1",
      "content": "Ж/д преломления - Пройти {0} станцию"
    },
    {
      "id": "railway_dungeon_1_banner_reward_condition_2",
      "content": "Ж/д преломления - Пройти {0} станцию со счетом ходов в {1} и меньше"
    },
    {
      "id": "railway_dungeon_1_banner_reward_condition_3",
      "content": "(До {0})"
    },
    {
      "id": "railway_dungeon_banner_reward_condition_title",
      "content": "Чтобы получить баннер"
    },
    {
      "id": "railway_dungeon_banner_reward_unable_over",
      "content": "(После общего кол-ва ходов в {0} получить невозможно)"
    },
    {
      "id": "no_records_description",
      "content": "Лог путешествий пуст на данный момент"
    },
    {
      "id": "recover_after_resting_battle",
      "content": "Прийдет в порядок\nпосле отдыха\nна время битвы"
    },
    {
      "id": "railway_dungeon_try_last_node",
      "content": "После прохождения этого этапа, вы не сможете вернуться на предыдущие этапы, пока не дойдете до них в новой поездке.\n\nВы готовы заглянуть на эту станцию?"
    },
    {
      "id": "railway_dungeon_ask_stop_desc",
      "content": "Желаете ли вы досрочно завершить поездку по Ж/д преломления?"
    },
    {
      "id": "railway_dungeon_finished_description",
      "content": "※ Если две поездки будут иметь одинаковое количество ходов,\nперезапишется версия с большим кол-вом смертей.\nЕсли количество смертей также равно, переезапишется более старая версия."
    },
    {
      "id": "railway_dungeon_open_duration",
      "content": "Время работы"
    },
    {
      "id": "railway_dungeon_current_station",
      "content": "Станция:\n{0}"
    },
    {
      "id": "railway_dungeon_route_map",
      "content": "Диаграма путей"
    },
    {
      "id": "railway_dungeon_resume_operation",
      "content": "Продолжить поездку"
    },
    {
      "id": "railway_dungeon_stop_operation",
      "content": "Бросить"
    },
    {
      "id": "railway_dungeon_station_info",
      "content": "Информация о пути"
    },
    {
      "id": "railway_dungeon_operation_closed",
      "content": "Путь закрыт"
    },
    {
      "id": "final_clear_accumulated_round",
      "content": "Итоговый счетчик циклов"
    },
    {
      "id": "railway_clear_date",
      "content": "Дата записи"
    },
    {
      "id": "railway_clear_turn_count",
      "content": "Итоговое число ходов"
    },
    {
      "id": "railway_clear_turn_count_by_stage",
      "content": "Количество ходов на секцию"
    }
  ]
}