﻿{
  "dataList": [
    {
      "id": "railway_dungeon_4_reward_condition_special_ticket",
      "content": "※ Obtained by clearing Section 4 of Line 4 with <color=#066386>{0}</color> Turns or less Total Turns before\n<color=#4e3076>Season 4: Clear All Cathy</color> ends"
    },
    {
      "id": "railway_dungeon_4_banner_reward_condition_1",
      "content": "Obtained by clearing Section #4 of Refraction Railway Line 4"
    },
    {
      "id": "railway_dungeon_4_banner_reward_condition_2",
      "content": "Obtained by clearing Section 4 of Line 4 with {0} Turns or less Total Turns before\nSeason 4: Clear All Cathy ends"
    },
    {
      "id": "formation_waiting_character",
      "content": "Запас"
    },
    {
      "id": "railway_dungeon_entrance_warning",
      "content": "<Recommended Level & Tier>\n- Identities : Uptie Tier 4, Level 45\n- E.G.O : Threadspinning Tier 4"
    },
    {
      "id": "railway_dungeon_formation_must_select_all_alive",
      "content": "There are unselected Sinners.\n\nPlease select and Deploy all 12 Sinners to enter."
    },
    {
      "id": "railway_dungeon_lose_battle_exit_title",
      "content": "Return to Stage Select"
    },
    {
      "id": "railway_dungeon_lose_battle_exit_content",
      "content": "Return to the Stage Select menu.\nYou can adjust your Deployment order before entering this Section again."
    },
    {
      "id": "railway_dungeon_lose_battle_retry_title",
      "content": "Retry Stage"
    },
    {
      "id": "railway_dungeon_lose_battle_retry_content",
      "content": "Retry Stage and start over from the first wave of the Stage.\nYour Deployment order will not be changed."
    },
    {
      "id": "railway_dungeon_lose_battle_give_up_title",
      "content": "GIVE UP (there's no giving up, delete this option)"
    },
    {
      "id": "railway_dungeon_lose_battle_give_up_content",
      "content": "이번 전투를 포기하고 4호선 진입 전으로 돌아갑니다. (사용하지 않음 제거 필요)"
    },
    {
      "id": "formation_participate_battle_label",
      "content": "<size=43>Всего:</size>"
    },
    {
      "id": "formation_setting_waiting_character",
      "content": "В запасе:"
    },
    {
      "id": "heal_character_who_does_not_participate_battle",
      "content": "Sinners who are not directly participating in battle have been healed."
    },
    {
      "id": "railway_dungeon_ask_to_go_past_node",
      "content": "Entering this Stage will completely reset the progress made in this Stage and any subsequent Stages.\n\nEnter the Stage anyway?"
    },
    {
      "id": "formation_baton_continue",
      "content": "По цепи"
    },
    {
      "id": "railway_dungeon_lose_battle_all_identity_dead",
      "content": "All Sinners have been defeated. Choose what you would like to do next."
    },
    {
      "id": "railway_dungeon_4_unit_inited",
      "content": "HP and SP have been reset."
    },
    {
      "id": "railway_dungeon_4_entrance_recommended",
      "content": "Recommended Levels"
    },
    {
      "id": "railway_dungeon_4_entrance_recommended_level",
      "content": "- Identities : Uptie Tier 4, Level 45"
    },
    {
      "id": "railway_dungeon_4_entrance_recommended_gacksung",
      "content": "- E.G.O : Threadspin Tier 4"
    },
    {
      "id": "railway_dungeon_4_section_1",
      "content": "SECTION 01"
    },
    {
      "id": "railway_dungeon_4_section_2",
      "content": "SECTION 02"
    },
    {
      "id": "railway_dungeon_4_section_3",
      "content": "SECTION 03"
    },
    {
      "id": "railway_dungeon_4_section_4",
      "content": "SECTION 04"
    },
    {
      "id": "railway_dungeon_4_section_1_lost_and_found",
      "content": "Section 1"
    },
    {
      "id": "railway_dungeon_4_section_2_lost_and_found",
      "content": "Section 2"
    },
    {
      "id": "railway_dungeon_4_section_3_lost_and_found",
      "content": "Section 3"
    },
    {
      "id": "railway_dungeon_4_section_4_lost_and_found",
      "content": "Section 4"
    },
    {
      "id": "railway_dungeon_4_formation_reset",
      "content": "Сбросить выбор"
    }
  ]
}