﻿{
  "dataList": [
    {
      "id": "5",
      "nameList": [
        {
          "id": "0",
          "content": "Line 5 in Progress"
        },
        {
          "id": "1",
          "content": "Секция #1 : Зависимость/Охота (Крепкое)/Сиреноголовый/Фистинг",
          "shortName": "Секция #1"
        },
        {
          "id": "2",
          "content": "Секция #2 : Железный член/Резня/Депреся",
          "shortName": "Секция #2"
        },
        {
          "id": "3",
          "content": "Секция #3 : Мамашка/Преступление/Кровавый грех/Жажда секса",
          "shortName": "Секция #3"
        }
      ]
    }
  ]
}