﻿{
  "dataList": [
    {
      "id": "resist_weak",
      "content": "Пизда"
    },
    {
      "id": "resist_vulnerable",
      "content": "Больно"
    },
    {
      "id": "resist_normal",
      "content": "Нормуль"
    },
    {
      "id": "resist_endure",
      "content": "Терпимо"
    },
    {
      "id": "resist_resist",
      "content": "Так себе"
    },
    {
      "id": "resist_immune",
      "content": "Поебать"
    }
  ]
}