{
  "dataList": [
    {
      "id": "UNIT_LEVEL_UPGRADE",
      "add": "{0} поднял уровень на {1}",
      "min": "{0} потерял {1} уровень(ей)"
    },
    {
      "id": "MAX_HP_ADD_UPGRADE",
      "add": "{0} увеличил максимальное HP на {1}",
      "min": "{0} уменьшил максимальное HP на {1}"
    },
    {
      "id": "ATK_UPGRADE",
      "add": "{0} увеличил уровень атаки на {1}",
      "min": "{0} потерял {1} уровень(ей) атаки"
    },
    {
      "id": "DEF_UPGRADE",
      "add": "{0} увеличил уровень защиты на {1}",
      "min": "{0} потерял {1} уровень(ей) защиты"
    },
    {
      "id": "SPEED_RANGE_UPGRADE",
      "add": "{0} минимальная и максимальная скорость +{1}",
      "min": "{0} минимальная и максимальная скорость -{1}"
    },
    {
      "id": "ATK_SLASH_RESIST_UPGRADE",
      "add": "Сопротивление режущему урону {0}: +{1}",
      "min": "Сопротивление режущему урону {0}: -{1}"
    },
    {
      "id": "ATK_PENETRATE_RESIST_UPGRADE",
      "add": "Сопротивление колющему урону {0}: +{1}",
      "min": "Сопротивление колющему урону {0}: -{1}"
    },
    {
      "id": "ATK_HIT_RESIST_UPGRADE",
      "add": "Сопротивление дробящему урону {0}: +{1}",
      "min": "Сопротивление дробящему урону {0}: -{1}"
    },
    {
      "id": "ATTRIBUTE_CRIMSON_RESIST_UPGRADE",
      "add": "Сопротивление гневу {0}: +{1}",
      "min": "Сопротивление гневу {0}: -{1}"
    },
    {
      "id": "ATTRIBUTE_SCARLET_RESIST_UPGRADE",
      "add": "Сопротивление вожделению {0}: +{1}",
      "min": "Сопротивление вожделению {0}: -{1}"
    },
    {
      "id": "ATTRIBUTE_AMBER_RESIST_UPGRADE",
      "add": "Сопротивление лени {0}: +{1}",
      "min": "Сопротивление лени {0}: -{1}"
    },
    {
      "id": "ATTRIBUTE_SHAMROCK_RESIST_UPGRADE",
      "add": "Сопротивление чревоугодию {0}: +{1}",
      "min": "Сопротивление чревоугодию {0}: -{1}"
    },
    {
      "id": "ATTRIBUTE_AZURE_RESIST_UPGRADE",
      "add": "Сопротивление унынию {0}: +{1}",
      "min": "Сопротивление унынию {0}: -{1}"
    },
    {
      "id": "ATTRIBUTE_INDIGO_RESIST_UPGRADE",
      "add": "Сопротивление гордыне {0}: +{1}",
      "min": "Сопротивление гордыне {0}: -{1}"
    },
    {
      "id": "ATTRIBUTE_VIOLET_RESIST_UPGRADE",
      "add": "Сопротивление зависти {0}: +{1}",
      "min": "Сопротивление зависти {0}: -{1}"
    },
    {
      "id": "ACQUIRE_SKILL",
      "add": "{0} изучил навык [{1}]",
      "min": "{0} забыл навык [{1}]"
    },
    {
      "id": "SKILL_UPGRADE",
      "add": "Навык [{1}] у {0} улучшился!",
      "min": "Навык [{1}] у {0} ослабел"
    },
    {
      "id": "ACQUIRE_PASSIVE",
      "add": "{0} изучил пассивный навык [{1}]",
      "min": "{0} забыл пассивный навык [{1}]"
    },
    {
      "id": "PASSIVE_UPGRADE",
      "add": "Пассивный навык [{1}] у {0} улучшился!",
      "min": "Пассивный навык [{1}] у {0} ослабел"
    }
  ]
}
