﻿{
  "dataList": [
    {
      "id": "enter_exp_dungeon",
      "content": "Светодобыча опыта"
    },
    {
      "id": "enter_mirror_dungeon",
      "content": "Угольные шахты"
    },
    {
      "id": "enter_thread_dungeon",
      "content": "Светодобыча светяшке"
    },
    {
      "id": "enter_count",
      "content": "Экспедиций"
    },
    {
      "id": "remain_time",
      "content": "До обновления"
    },
    {
      "id": "open_at_day_of_the_week",
      "content": "Открывается в {0}"
    },
    {
      "id": "recommended_level",
      "content": "Сложность"
    },
    {
      "id": "equal_or_more",
      "content": "или выше"
    },
    {
      "id": "valid_attack_type",
      "content": "<size=34>Эффективно</size>"
    },
    {
      "id": "exp_dungeon_index",
      "content": "Светодобыча опыта №{0}"
    },
    {
      "id": "Monday",
      "content": "ПН"
    },
    {
      "id": "Tuesday",
      "content": "ВТ"
    },
    {
      "id": "Wednesday",
      "content": "СР"
    },
    {
      "id": "Thursday",
      "content": "ЧТ"
    },
    {
      "id": "Friday",
      "content": "ПТ"
    },
    {
      "id": "Saturday",
      "content": "СБ"
    },
    {
      "id": "Sunday",
      "content": "ВС"
    },
    {
      "id": "select_level",
      "content": "Выбрать уровень"
    },
    {
      "id": "require_clear_story_stage",
      "content": "Пройдите {0}-{1} основной истории"
    },
    {
      "id": "daily_bonus_count",
      "content": "Ежедневные бонусы"
    },
    {
      "id": "reward_dungeon_exp",
      "content": "Опыт"
    },
    {
      "id": "reward_dungeon_thread",
      "content": "Светяшке))"
    },
    {
      "id": "reward_dungeon_mining",
      "content": "Светодобыча"
    },
    {
      "id": "thread_dungeon_stage_name_with_attribute",
      "content": "Светодобыча светяшке ({0})"
    }
  ]
}