{
  "dataList": [
    {
      "id": "이상",
      "name": "И Сан",
      "nickName": "Грешник №1"
    },
    {
      "id": "파우스트",
      "name": "Фауст",
      "nickName": "Грешница №2"
    },
    {
      "id": "돈키호테",
      "name": "Дон Кихот",
      "nickName": "Грешница №3"
    },
    {
      "id": "료슈",
      "name": "Рёшу",
      "nickName": "Грешница №4"
    },
    {
      "id": "뫼르소",
      "name": "Мерсо",
      "nickName": "Грешник №5"
    },
    {
      "id": "홍루",
      "name": "Хон Лу",
      "nickName": "Грешник №6"
    },
    {
      "id": "히스클리프",
      "name": "Хитклиф",
      "nickName": "Грешник №7"
    },
    {
      "id": "이스마엘",
      "name": "Измаил",
      "nickName": "Грешница №8"
    },
    {
      "id": "로쟈",
      "name": "Родя",
      "nickName": "Грешница №9"
    },
    {
      "id": "싱클레어",
      "name": "Синклер",
      "nickName": "Грешник №11"
    },
    {
      "id": "오티스",
      "name": "Отис",
      "nickName": "Грешница №12"
    },
    {
      "id": "그레고르",
      "name": "Грегор",
      "nickName": "Грешник №13"
    },
    {
      "id": "아야",
      "name": "Ая",
      "nickName": ""
    },
    {
      "id": "유리",
      "name": "Юри",
      "nickName": ""
    },
    {
      "id": "홉킨스",
      "name": "Хопкинс",
      "nickName": ""
    },
    {
      "id": "G사 직원",
      "name": "Сотрудник Корп. G",
      "nickName": "Сотрудник Корп. G"
    },
    {
      "id": "독백",
      "name": "Монолог",
      "nickName": ""
    },
    {
      "id": "베르길리우스",
      "name": "Вергилий",
      "nickName": "Гид"
    },
    {
      "id": "베르길리우스2",
      "name": "Вергилий",
      "nickName": "Гид"
    },
    {
      "id": "베르길리우스3",
      "name": "Вергилий",
      "nickName": "Гид"
    },
    {
      "id": "눈이붉은자",
      "name": "Красноглазый человек",
      "nickName": "Красноглазый человек"
    },
    {
      "id": "카론",
      "name": "Харон",
      "nickName": "Водитель"
    },
    {
      "id": "단테",
      "name": "Данте",
      "nickName": "Менеджер"
    },
    {
      "id": "단테1",
      "name": "Данте",
      "nickName": "Менеджер"
    },
    {
      "id": "단테2",
      "name": "Данте",
      "nickName": "Менеджер"
    },
    {
      "id": "4구 불량배 1",
      "name": "1-ый хулиган из 4-го Района",
      "nickName": "1-ый хулиган из 4-го Района"
    },
    {
      "id": "4구 불량배 2",
      "name": "2-ой хулиган из 4-го Района",
      "nickName": "2-ой хулиган из 4-го Района"
    },
    {
      "id": "4구 불량배 3",
      "name": "3-ий хулиган из 4-го Района",
      "nickName": "3-ий хулиган из 4-го Района"
    },
    {
      "id": "석상머리",
      "name": "Каменная голова",
      "nickName": "Выжившая из филиала «Лоботомии»?"
    },
    {
      "id": "G사부장",
      "name": "Командир Корп. G",
      "nickName": "Командир Корп. G"
    },
    {
      "id": "화난패잔병",
      "name": "Яростный ветеран проигранной войны",
      "nickName": "Яростный ветеран проигранной войны"
    },
    {
      "id": "의아한패잔병",
      "name": "Странный ветеран проигранной войны",
      "nickName": "Странный ветеран проигранной войны"
    },
    {
      "id": "쓰러진아야",
      "name": "Упавшая Ая",
      "nickName": "Корректировщица 8-го ранга"
    },
    {
      "id": "백설공주그림자",
      "name": "Тень Белоснежки",
      "nickName": ""
    },
    {
      "id": "카지노경호원대장",
      "name": "Шеф охраны казино",
      "nickName": "Охранник"
    },
    {
      "id": "각잡힌카지노경호원",
      "name": "Непреклонный член охраны казино",
      "nickName": "Охранник"
    },
    {
      "id": "세보이고싶었던콩콩파조직원",
      "name": "Член синдиката «Бом-боб»",
      "nickName": "«Бом-боб»"
    },
    {
      "id": "콩을싫어하는콩콩파조직원",
      "name": "Член синдиката «Бом-боб» бобоненавистник",
      "nickName": "«Бом-боб»"
    },
    {
      "id": "콩콩이파보스",
      "name": "Босс синдиката «Бом-боб»",
      "nickName": "«Бом-боб»"
    },
    {
      "id": "에피",
      "name": "Эффи",
      "nickName": ""
    },
    {
      "id": "위협적인철공회조직원",
      "name": "Угрожающий член банды Железного шара",
      "nickName": "Банда Железного шара"
    },
    {
      "id": "몸푸는철공회조직원",
      "name": "Разминающийся член банды Железного шара",
      "nickName": "Банда Железного шара"
    },
    {
      "id": "철공회보스",
      "name": "Босс банды Железного шара",
      "nickName": "Банда Железного шара"
    },
    {
      "id": "흥겨운마리아치조직원",
      "name": "Весёлый член синдиката Марьячи",
      "nickName": "Марьячи"
    },
    {
      "id": "경쾌한마리아치조직원",
      "name": "Жизнерадостный член синдиката Марьячи",
      "nickName": "Марьячи"
    },
    {
      "id": "아이드",
      "name": "Аида",
      "nickName": "Марьячи"
    },
    {
      "id": "너맞아볼래매우",
      "name": "Хочешь, накостыляю?",
      "nickName": "Ты стал сильнее?"
    },
    {
      "id": "노예",
      "name": "Раб",
      "nickName": "Должник"
    },
    {
      "id": "모제스",
      "name": "Мозес",
      "nickName": "LCD"
    },
    {
      "id": "에즈라",
      "name": "Эзра",
      "nickName": "LCD"
    },
    {
      "id": "소드",
      "name": "Сод",
      "nickName": ""
    },
    {
      "id": "소냐",
      "name": "Соня",
      "nickName": ""
    },
    {
      "id": "전당포주인",
      "name": "Ростовщик",
      "nickName": "10-й Район"
    },
    {
      "id": "촌스러운말투의콩콩파조직원",
      "name": "Старомодный член синдиката «Бом-боб»",
      "nickName": "«Бом-боб»"
    },
    {
      "id": "크로머",
      "name": "Кромер",
      "nickName": "Нагель унд Хаммер"
    },
    {
      "id": "귀도",
      "name": "Гвидо",
      "nickName": "Нагель унд Хаммер"
    },
    {
      "id": "N사심문관1",
      "name": "1-ый инквизитор Корп. N",
      "nickName": "Нагель унд Хаммер"
    },
    {
      "id": "N사심문관2",
      "name": "2-ой инквизитор Корп. N",
      "nickName": "Нагель унд Хаммер"
    },
    {
      "id": "N사심문관3",
      "name": "3-ий инквизитор Корп. N",
      "nickName": "Нагель унд Хаммер"
    },
    {
      "id": "지크프리트",
      "name": "Зигфрид",
      "nickName": "Корректировщик 1-го ранга"
    },
    {
      "id": "검문소경비",
      "name": "Охранник контрольного пункта",
      "nickName": "Сотрудник Корп. K"
    },
    {
      "id": "침식직원1",
      "name": "1-ый инквизитор в коррозии",
      "nickName": "Нагель унд Хаммер"
    },
    {
      "id": "침식직원2",
      "name": "2-ой инквизитор в коррозии",
      "nickName": "Нагель унд Хаммер"
    },
    {
      "id": "제복소드",
      "name": "Сод в униформе",
      "nickName": ""
    },
    {
      "id": "제복에피",
      "name": "Эффи в униформе",
      "nickName": ""
    },
    {
      "id": "학생크로머",
      "name": "Кромер-ученица",
      "nickName": "Одноклассница"
    },
    {
      "id": "피묻은크로머",
      "name": "",
      "nickName": ""
    },
    {
      "id": "데미안",
      "name": "Демиан",
      "nickName": ""
    },
    {
      "id": "학생데미안",
      "name": "Демиан-ученик",
      "nickName": ""
    },
    {
      "id": "늑대",
      "name": "Волчица",
      "nickName": "Волчица"
    },
    {
      "id": "표범",
      "name": "Пантера",
      "nickName": "Пантера"
    },
    {
      "id": "사자",
      "name": "Львица",
      "nickName": "Лев"
    },
    {
      "id": "프롤로그단테",
      "name": "Данте из пролога",
      "nickName": "Данте из пролога"
    },
    {
      "id": "프롤로그단테2",
      "name": "Данте из пролога",
      "nickName": "Данте из пролога"
    },
    {
      "id": "프롤로그파우스트",
      "name": "Фауст из пролога",
      "nickName": "Фауст из пролога"
    },
    {
      "id": "???",
      "name": "???",
      "nickName": "???"
    },
    {
      "id": "헤르만",
      "name": "Герман",
      "nickName": "Герман"
    },
    {
      "id": "피묻은귀도",
      "name": "Гвидо",
      "nickName": ""
    },
    {
      "id": "다친소드",
      "name": "Сод",
      "nickName": ""
    },
    {
      "id": "변신크로머",
      "name": "Кромер",
      "nickName": ""
    },
    {
      "id": "애프터팀상사",
      "name": "Старший сотрудник команды \"После\"",
      "nickName": "LCCA"
    },
    {
      "id": "구보",
      "name": "Губо",
      "nickName": ""
    },
    {
      "id": "가환",
      "name": "Цзя Хуань",
      "nickName": ""
    },
    {
      "id": "더미",
      "name": "",
      "nickName": ""
    },
    {
      "id": "더미2",
      "name": "",
      "nickName": ""
    },
    {
      "id": "크로머목소리",
      "name": "",
      "nickName": ""
    },
    {
      "id": "그레고르요리사",
      "name": "Грегор",
      "nickName": "Грешник №13"
    },
    {
      "id": "뫼르소요리사",
      "name": "Мерсо",
      "nickName": "Грешник №5"
    },
    {
      "id": "오티스요리사",
      "name": "Отис",
      "nickName": "Грешница №12"
    },
    {
      "id": "료슈요리사",
      "name": "Рёшу",
      "nickName": "Грешница №4"
    },
    {
      "id": "삼조",
      "name": "Самджо",
      "nickName": ""
    },
    {
      "id": "보살치킨",
      "name": "Курочка-бодхисаттва",
      "nickName": ""
    },
    {
      "id": "은봉치킨",
      "name": "Курочка «У Ынбон»",
      "nickName": ""
    },
    {
      "id": "히스클리프요리사",
      "name": "Хитклиф",
      "nickName": "Грешник №7"
    },
    {
      "id": "뒤틀린닭1",
      "name": "1-ая искажённый цыплёнок",
      "nickName": "Искажение"
    },
    {
      "id": "뒤틀린닭2",
      "name": "2-ая искажённая курица",
      "nickName": "Искажение"
    },
    {
      "id": "뒤틀린손님1",
      "name": "1-ая посетительница",
      "nickName": "Искажение"
    },
    {
      "id": "뒤틀린손님2",
      "name": "2-ой посетитель",
      "nickName": "Искажение"
    },
    {
      "id": "뒤틀린주인",
      "name": "Искажённый хозяин",
      "nickName": "뒤틀린 것"
    },
    {
      "id": "그렉료슈",
      "name": "Грегор и Рёшу",
      "nickName": ""
    },
    {
      "id": "뒤틀린주인카운트1",
      "name": "1-ый счётчик",
      "nickName": "Искажённый"
    },
    {
      "id": "뒤틀린주인카운트2",
      "name": "2-ой счётчик",
      "nickName": "Искажённый"
    },
    {
      "id": "뒤틀린주인카운트3",
      "name": "3-ий счётчик",
      "nickName": "Искажённый"
    },
    {
      "id": "알폰소",
      "name": "Альфонсо",
      "nickName": ""
    },
    {
      "id": "동백",
      "name": "Донбек",
      "nickName": ""
    },
    {
      "id": "동랑",
      "name": "Донран",
      "nickName": ""
    },
    {
      "id": "마리르",
      "name": "Мариль",
      "nickName": ""
    },
    {
      "id": "니코",
      "name": "Нико",
      "nickName": ""
    },
    {
      "id": "란",
      "name": "Ран",
      "nickName": ""
    },
    {
      "id": "K사드론들",
      "name": "Беспилотник Корп. K",
      "nickName": ""
    },
    {
      "id": "기술해방연합기계",
      "name": "Механизм Альянса освобождения технологий",
      "nickName": ""
    },
    {
      "id": "장미스패너1",
      "name": "1-ый работник мастерской Ключа и розы",
      "nickName": ""
    },
    {
      "id": "장미스패너2",
      "name": "2-ой работник мастерской Ключа и розы",
      "nickName": ""
    },
    {
      "id": "K사앰플기계",
      "name": "Ампульный помощник Корп. K",
      "nickName": ""
    },
    {
      "id": "해킹당한K사앰플기계",
      "name": "Ампульный помощник Корп. K",
      "nickName": ""
    },
    {
      "id": "슈렌느",
      "name": "Шренн",
      "nickName": ""
    },
    {
      "id": "K사3등급전투원",
      "name": "Сотрудник 3-го уровня Корп. K",
      "nickName": ""
    },
    {
      "id": "K사연구원1",
      "name": "Спешащий исследователь Корп. K",
      "nickName": ""
    },
    {
      "id": "K사연구원2",
      "name": "Умирающий исследователь Корп. K",
      "nickName": ""
    },
    {
      "id": "K사연구원3",
      "name": "2-ой исследователь Корп. K",
      "nickName": ""
    },
    {
      "id": "기술해방연합1",
      "name": "Член Альянса освобождения технологий",
      "nickName": ""
    },
    {
      "id": "각성기술해방연합1",
      "name": "Пробудивший ЭГО Член АОТ",
      "nickName": ""
    },
    {
      "id": "동백여우각성",
      "name": "Пробуждённая Донбек",
      "nickName": ""
    },
    {
      "id": "동백에고각성중",
      "name": "Трепещущая Донбек",
      "nickName": ""
    },
    {
      "id": "동백에고각성",
      "name": "Оглушённая Донбек",
      "nickName": ""
    },
    {
      "id": "과거동백",
      "name": "Донбек из прошлого",
      "nickName": ""
    },
    {
      "id": "영지",
      "name": "Ёнджи из прошлого",
      "nickName": ""
    },
    {
      "id": "과거구보",
      "name": "Губо из прошлого",
      "nickName": ""
    },
    {
      "id": "과거동랑",
      "name": "Донран из прошлого",
      "nickName": ""
    },
    {
      "id": "되살아난해방연합",
      "name": "Воскрешённый? Член АОТ",
      "nickName": ""
    },
    {
      "id": "T사기술청1",
      "name": "Коллектор Корп. T",
      "nickName": ""
    },
    {
      "id": "각성동랑",
      "name": "Пробуждённый Донран",
      "nickName": ""
    },
    {
      "id": "뒤틀린동랑",
      "name": "Искажающийся Донран",
      "nickName": ""
    },
    {
      "id": "뒤틀린다친동랑",
      "name": "Искажающийся Донран",
      "nickName": ""
    },
    {
      "id": "다친에고동랑",
      "name": "Раненый Донран с ЭГО",
      "nickName": ""
    },
    {
      "id": "도망치던시민",
      "name": "Убегающий житель",
      "nickName": ""
    },
    {
      "id": "파우스트와삼조",
      "name": "Фауст и Самджо",
      "nickName": ""
    },
    {
      "id": "검문소경비2",
      "name": "Сотрудник вкалывания героина 2-го уровня",
      "nickName": "Корп. K"
    },
    {
      "id": "기술해방연합기계2",
      "name": "2-ой механизм АОТ",
      "nickName": ""
    },
    {
      "id": "T사기술청2",
      "name": "2-ой коллектор Корп. T",
      "nickName": ""
    },
    {
      "id": "변신T사기술청",
      "name": "Коллектор Корп. T",
      "nickName": ""
    },
    {
      "id": "K사안내방송",
      "name": "Оповещение",
      "nickName": ""
    },
    {
      "id": "옷벗은삼조",
      "name": "Самджо",
      "nickName": ""
    },
    {
      "id": "동백여우각성_먼지",
      "name": "Донбек",
      "nickName": ""
    },
    {
      "id": "동백에고각성중_먼지",
      "name": "Донбек",
      "nickName": ""
    },
    {
      "id": "동백에고각성중_다침",
      "name": "Донбек",
      "nickName": ""
    },
    {
      "id": "상이",
      "name": "Сан И",
      "nickName": ""
    },
    {
      "id": "과거이상",
      "name": "И Сан",
      "nickName": ""
    },
    {
      "id": "동백에고각성중_찔림",
      "name": "Донбек",
      "nickName": ""
    },
    {
      "id": "K사임원진1",
      "name": "1-ый член правления Корп. K",
      "nickName": ""
    },
    {
      "id": "K사임원진2",
      "name": "2-ой член правления Корп. K",
      "nickName": ""
    },
    {
      "id": "미카",
      "name": "Мика",
      "nickName": ""
    },
    {
      "id": "올가",
      "name": "Ольга",
      "nickName": ""
    },
    {
      "id": "올가잠수복",
      "name": "Ольга",
      "nickName": ""
    },
    {
      "id": "무기레인",
      "name": "Рэйн",
      "nickName": ""
    },
    {
      "id": "레인",
      "name": "Рэйн",
      "nickName": ""
    },
    {
      "id": "크랩게라디오",
      "name": "???",
      "nickName": ""
    },
    {
      "id": "크랩게",
      "name": "Мусорный краб",
      "nickName": ""
    },
    {
      "id": "올가헬멧",
      "name": "Ольга",
      "nickName": ""
    },
    {
      "id": "쌍갈고리파조직원1",
      "name": "1-ый пират Двух крюков",
      "nickName": ""
    },
    {
      "id": "쌍갈고리파조직원2",
      "name": "2-ой пират Двух крюков",
      "nickName": ""
    },
    {
      "id": "쌍갈고리파조직원3",
      "name": "3-ий пират Двух крюков",
      "nickName": ""
    },
    {
      "id": "쌍갈고리파조직원4",
      "name": "4-ый пират Двух крюков",
      "nickName": ""
    },
    {
      "id": "쌍갈고리파조직원5",
      "name": "5-ый пират Двух крюков",
      "nickName": ""
    },
    {
      "id": "클럽손님",
      "name": "Посетитель клуба",
      "nickName": ""
    },
    {
      "id": "파일럿",
      "name": "Пилот",
      "nickName": ""
    },
    {
      "id": "스미",
      "name": "Сми",
      "nickName": ""
    },
    {
      "id": "다친스미",
      "name": "Раненая Сми",
      "nickName": ""
    },
    {
      "id": "작은형님그림자",
      "name": "Средний брат",
      "nickName": ""
    },
    {
      "id": "작은형님",
      "name": "Средний брат",
      "nickName": ""
    },
    {
      "id": "작은형님안경",
      "name": "Средний брат",
      "nickName": ""
    },
    {
      "id": "작은형님발광",
      "name": "Средний брат",
      "nickName": ""
    },
    {
      "id": "작은형님다침",
      "name": "Средний брат",
      "nickName": ""
    },
    {
      "id": "작은형님책",
      "name": "Средний брат",
      "nickName": ""
    },
    {
      "id": "쪽빛노인",
      "name": "Старик Индиго",
      "nickName": "???"
    },
    {
      "id": "쪽빛노인후드",
      "name": "Старик Индиго",
      "nickName": "???"
    },
    {
      "id": "쪽빛노인무기",
      "name": "Старик Индиго",
      "nickName": "???"
    },
    {
      "id": "LCCB직원백화1",
      "name": "Член LCCB",
      "nickName": ""
    },
    {
      "id": "LCCB직원백화2",
      "name": "Член LCCB",
      "nickName": ""
    },
    {
      "id": "림",
      "name": "Рим",
      "nickName": ""
    },
    {
      "id": "작은아우",
      "name": "Младший брат",
      "nickName": ""
    },
    {
      "id": "데미안마크",
      "name": "Демиан",
      "nickName": ""
    },
    {
      "id": "다친이스마엘",
      "name": "Измаил",
      "nickName": "Грешница №8"
    },
    {
      "id": "다친파우스트",
      "name": "Фауст",
      "nickName": "Грешница №2"
    },
    {
      "id": "에이해브",
      "name": "Ахав",
      "nickName": "Капитан «Пекод Тауна»"
    },
    {
      "id": "에이해브각성",
      "name": "Ахав",
      "nickName": "Капитан «Пекод Тауна»"
    },
    {
      "id": "에이해브다침",
      "name": "Ахав",
      "nickName": "Капитан «Пекод Тауна»"
    },
    {
      "id": "에이해브과거",
      "name": "Ахав",
      "nickName": "Капитан «Пекода»"
    },
    {
      "id": "핍과거",
      "name": "Пип",
      "nickName": "«Пекод»"
    },
    {
      "id": "퀴케그",
      "name": "Квикег",
      "nickName": "«Пекод»"
    },
    {
      "id": "퀴케그과거",
      "name": "Квикег",
      "nickName": "«Пекод»"
    },
    {
      "id": "스타벅",
      "name": "Старбак",
      "nickName": "«Пекод»"
    },
    {
      "id": "스타벅과거",
      "name": "Старбак",
      "nickName": "«Пекод»"
    },
    {
      "id": "핍",
      "name": "Пип",
      "nickName": "«Пекод Таун»"
    },
    {
      "id": "퀴케그가면",
      "name": "???",
      "nickName": "«Пекод Таун»"
    },
    {
      "id": "스텁",
      "name": "Стабб",
      "nickName": "«Пекод»"
    },
    {
      "id": "피쿼드호주민1",
      "name": "1-ый матрос «Пекода»",
      "nickName": "«Пекод Таун»"
    },
    {
      "id": "피쿼드호주민2",
      "name": "2-ой матрос «Пекода»",
      "nickName": "«Пекод Таун»"
    },
    {
      "id": "이스마엘과거",
      "name": "Измаил",
      "nickName": "«Пекод»"
    },
    {
      "id": "에이해브그림자",
      "name": "Ахав",
      "nickName": "Капитан «Пекод Тауна»"
    },
    {
      "id": "이스마엘과거2",
      "name": "Измаил",
      "nickName": ""
    },
    {
      "id": "퀴케그녹음",
      "name": "Квикег",
      "nickName": "«Пекод Таун»"
    },
    {
      "id": "스텁그림자",
      "name": "Стабб",
      "nickName": "«Пекод»"
    },
    {
      "id": "퀴케그그림자",
      "name": "???",
      "nickName": "???"
    },
    {
      "id": "도미노",
      "name": "Домино",
      "nickName": "Облачная деревушка"
    },
    {
      "id": "도도루",
      "name": "Додору",
      "nickName": "Фабрика подарков"
    },
    {
      "id": "화난도도루",
      "name": "Додору",
      "nickName": "Фабрика подарков"
    },
    {
      "id": "크레용",
      "name": "Крэйон",
      "nickName": "Облачная деревушка"
    },
    {
      "id": "산타타",
      "name": "Сантата",
      "nickName": "Фабрика подарков"
    },
    {
      "id": "빨간노움",
      "name": "Красный гном",
      "nickName": "Фабрика подарков"
    },
    {
      "id": "초록노움",
      "name": "Зелёный гном",
      "nickName": "Фабрика подарков"
    },
    {
      "id": "검은노움",
      "name": "Чёрный гном",
      "nickName": "Фабрика подарков"
    },
    {
      "id": "일등 항해사",
      "name": "Старший помощник",
      "nickName": "«Пекод»"
    },
    {
      "id": "작살잡이",
      "name": "Гарпунщик",
      "nickName": "«Пекод»"
    },
    {
      "id": "흑운회조직원1",
      "name": "1-ый член клана «Курокумо»",
      "nickName": ""
    },
    {
      "id": "흑운회조직원2",
      "name": "2-ой член клана «Курокумо»",
      "nickName": ""
    },
    {
      "id": "검계조직원1",
      "name": "1-ый член Родословной клинка",
      "nickName": ""
    },
    {
      "id": "앵두",
      "name": "Энду",
      "nickName": ""
    },
    {
      "id": "김삿갓",
      "name": "Ким в Бамбуковой Шляпе",
      "nickName": ""
    },
    {
      "id": "최종김삿갓",
      "name": "Ким в Бамбуковой Шляпе",
      "nickName": ""
    },
    {
      "id": "쥰",
      "name": "Дзюн",
      "nickName": ""
    },
    {
      "id": "시계쥰",
      "name": "Дзюн",
      "nickName": ""
    },
    {
      "id": "LCA특작팀",
      "name": "Спецназ LCA",
      "nickName": ""
    },
    {
      "id": "카이만",
      "name": "Кайман",
      "nickName": ""
    },
    {
      "id": "히스클리프꾸밈",
      "name": "Хитклиф",
      "nickName": "Грешник №7"
    },
    {
      "id": "히스클리프헝클어짐",
      "name": "Хитклиф",
      "nickName": "Грешник №7"
    },
    {
      "id": "어린히스클리프",
      "name": "Хитклиф",
      "nickName": "Грозовой перевал"
    },
    {
      "id": "힌들리",
      "name": "Хиндли",
      "nickName": "Род Эрншо"
    },
    {
      "id": "어린힌들리",
      "name": "Хиндли",
      "nickName": "Род Эрншо"
    },
    {
      "id": "린튼",
      "name": "Линтон",
      "nickName": "Род Эдгар"
    },
    {
      "id": "어린린튼",
      "name": "Линтон",
      "nickName": "Род Эдгар"
    },
    {
      "id": "캐서린",
      "name": "Кэтрин",
      "nickName": "Грозовой перевал"
    },
    {
      "id": "어린캐서린2",
      "name": "Кэтрин",
      "nickName": "Грозовой перевал"
    },
    {
      "id": "조세핀",
      "name": "Джозефина",
      "nickName": "Грозовой перевал"
    },
    {
      "id": "넬리",
      "name": "Нелли",
      "nickName": "Старший Дворецкий"
    },
    {
      "id": "데드레빗츠1",
      "name": "1-ый член Мёртвых Кроликов",
      "nickName": ""
    },
    {
      "id": "데드레빗츠2",
      "name": "2-ой член Мёртвых Кроликов",
      "nickName": ""
    },
    {
      "id": "데드레빗츠보스",
      "name": "Босс Мёртвых Кроликов",
      "nickName": ""
    },
    {
      "id": "린튼버틀러1",
      "name": "1-ый дворецкий рода Линтон",
      "nickName": ""
    },
    {
      "id": "린튼버틀러2",
      "name": "2-ая дворецкая рода Линтон",
      "nickName": ""
    },
    {
      "id": "T사갱단1",
      "name": "1-ый член синдиката из Корп. T",
      "nickName": ""
    },
    {
      "id": "T사갱단2",
      "name": "2-ой член синдиката из Корп. T",
      "nickName": ""
    },
    {
      "id": "T사시민",
      "name": "Житель Корп. T",
      "nickName": ""
    },
    {
      "id": "외우피협회F",
      "name": "1-ая корректировщица из ассоциации «Эуфи»",
      "nickName": ""
    },
    {
      "id": "외우피협회F2",
      "name": "2-ая корректировщица из ассоциации «Эуфи»",
      "nickName": ""
    },
    {
      "id": "외우피협회보스F",
      "name": "Директор ассоциации «Эуфи»",
      "nickName": ""
    },
    {
      "id": "홍루SD",
      "name": "SD Хон Лу",
      "nickName": ""
    },
    {
      "id": "로쟈SD",
      "name": "SD Родя",
      "nickName": ""
    },
    {
      "id": "언쇼",
      "name": "Эрншо",
      "nickName": ""
    },
    {
      "id": "마왕히스클리프1",
      "name": "Эрлкинг Хитклиф",
      "nickName": ""
    },
    {
      "id": "어린히스클리프2",
      "name": "Хитклиф",
      "nickName": "Грозовой перевал"
    },
    {
      "id": "힌들리2",
      "name": "Хиндли",
      "nickName": "Род Эрншо"
    },
    {
      "id": "아세아",
      "name": "Асея",
      "nickName": ""
    },
    {
      "id": "어린캐서린",
      "name": "Кэтрин",
      "nickName": "Грозовой перевал"
    },
    {
      "id": "힌들리늑대",
      "name": "Хиндли",
      "nickName": "Род Эрншо"
    },
    {
      "id": "히스클리프과거",
      "name": "Хитклиф",
      "nickName": ""
    },
    {
      "id": "뒤틀린히스클리프",
      "name": "Хитклиф",
      "nickName": ""
    },
    {
      "id": "마왕캐서린",
      "name": "Все Кэти",
      "nickName": ""
    },
    {
      "id": "마왕히스클리프2",
      "name": "Эрлкинг Хитклиф",
      "nickName": "Далёкий Мир"
    },
    {
      "id": "어린린튼2",
      "name": "Линтон",
      "nickName": "Род Эдгар"
    },
    {
      "id": "린튼2",
      "name": "Линтон",
      "nickName": "Род Эдгар"
    },
    {
      "id": "조세핀2",
      "name": "Джозефина",
      "nickName": "Грозовой перевал"
    },
    {
      "id": "마왕히스클리프말",
      "name": "Эрлкинг Хитклиф",
      "nickName": "Далёкий Мир"
    },
    {
      "id": "마왕히스클리프3",
      "name": "Эрлкинг Хитклиф",
      "nickName": "Далёкий Мир"
    },
    {
      "id": "다친넬리",
      "name": "Нелли",
      "nickName": "Главный Дворецкий"
    },
    {
      "id": "히스클리프검정",
      "name": "Хитклиф",
      "nickName": "Грешник №7"
    },
    {
      "id": "히스클리프다침",
      "name": "Хитклиф",
      "nickName": "Грешник №7"
    },
    {
      "id": "N사연구원검은색",
      "name": "Исследователь из Безымянного",
      "nickName": ""
    },
    {
      "id": "마왕히스클리프4",
      "name": "",
      "nickName": ""
    },
    {
      "id": "히스클리프2",
      "name": "Хитклиф",
      "nickName": "Грешник №7"
    },
    {
      "id": "탐정홍루",
      "name": "Хон Лу",
      "nickName": "Грешник №6"
    },
    {
      "id": "탐정로쟈",
      "name": "Родя",
      "nickName": "Грешница №9"
    },
    {
      "id": "탐정료슈",
      "name": "Рёшу",
      "nickName": "Грешница №4"
    },
    {
      "id": "T사대표",
      "name": "Директор Корп. T",
      "nickName": ""
    },
    {
      "id": "진짜T사대표",
      "name": "Директор Корп. T",
      "nickName": ""
    },
    {
      "id": "범블",
      "name": "Бамбл",
      "nickName": ""
    },
    {
      "id": "T사4등급",
      "name": "Сотрудник 4-го уровня Корп. T",
      "nickName": ""
    },
    {
      "id": "T사사무직",
      "name": "Клерк Корп. T",
      "nickName": ""
    },
    {
      "id": "시간살인마",
      "name": "Потрошитель времени",
      "nickName": "Искажение"
    },
    {
      "id": "시간살인마변신",
      "name": "Потрошитель времени",
      "nickName": "Искажение"
    },
    {
      "id": "유로지비대장",
      "name": "Глава «Юродивых»",
      "nickName": "Юродивый 20-го Района"
    },
    {
      "id": "유로지비멤버1",
      "name": "Юродивый",
      "nickName": ""
    },
    {
      "id": "유로지비멤버2",
      "name": "Юродивая",
      "nickName": ""
    },
    {
      "id": "시살동생",
      "name": "Братишка",
      "nickName": ""
    },
    {
      "id": "감속더미",
      "name": "감속더미",
      "nickName": ""
    },
    {
      "id": "돈키T3",
      "name": "Дон с Коллектором 3-го уровня",
      "nickName": ""
    },
    {
      "id": "다친유로지비대장",
      "name": "Глава «Юродивых»",
      "nickName": "Юродивый 20-го Района"
    },
    {
      "id": "마이",
      "name": "Май",
      "nickName": ""
    },
    {
      "id": "T사2등급",
      "name": "Сотрудник 2-го уровня Корп. T",
      "nickName": ""
    },
    {
      "id": "다친시간살인마변신",
      "name": "Потрошитель времени",
      "nickName": "Искажение"
    },
    {
      "id": "질투죄종",
      "name": "Пеккатула в форме Отис",
      "nickName": ""
    },
    {
      "id": "열차아이",
      "name": "Любопытный ребенок",
      "nickName": ""
    },
    {
      "id": "카세티",
      "name": "Кассетти",
      "nickName": ""
    },
    {
      "id": "카세티혈귀",
      "name": "Кассетти",
      "nickName": ""
    },
    {
      "id": "북부창",
      "name": "Корректировщик с севера",
      "nickName": ""
    },
    {
      "id": "북부대검",
      "name": "Саша",
      "nickName": ""
    },
    {
      "id": "북부대검혈귀",
      "name": "Саша",
      "nickName": ""
    },
    {
      "id": "W사정리요원",
      "name": "Агент Зачистки",
      "nickName": ""
    },
    {
      "id": "W사정리요원2",
      "name": "Агент Зачистки",
      "nickName": ""
    },
    {
      "id": "실루엣돈키호테",
      "name": "Дон Кихот",
      "nickName": ""
    },
    {
      "id": "돈키호테다침",
      "name": "Дон Кихот",
      "nickName": "Грешница №3"
    },
    {
      "id": "말쿠트",
      "name": "Малхут",
      "nickName": ""
    },
    {
      "id": "네짜흐",
      "name": "Нецах",
      "nickName": ""
    },
    {
      "id": "호드",
      "name": "Ход",
      "nickName": ""
    },
    {
      "id": "체사라",
      "name": "Цезара",
      "nickName": "Архивный отдел Корп. P"
    },
    {
      "id": "알레시오",
      "name": "Алессио",
      "nickName": "Архивный отдел Корп. P"
    },
    {
      "id": "로메로",
      "name": "Ромеро",
      "nickName": "Офис Охоты за Клыками"
    },
    {
      "id": "혈귀사냥꾼",
      "name": "Охотник на Кровожадов",
      "nickName": "Офис Охоты за Клыками"
    },
    {
      "id": "까미유카메라",
      "name": "Камилл",
      "nickName": "Западная Ассоциация Сэнк"
    },
    {
      "id": "까미유",
      "name": "Камилл",
      "nickName": "Западная Ассоциация Сэнк"
    },
    {
      "id": "폴라",
      "name": "Паула",
      "nickName": "Западная Ассоциация Цвай"
    },
    {
      "id": "가시춘",
      "name": "Цзя Сичунь",
      "nickName": "???"
    },
    {
      "id": "웨이",
      "name": "Вэй",
      "nickName": "???"
    },
    {
      "id": "한울",
      "name": "Хан-уль",
      "nickName": "Северная Ассоциация Хана"
    },
    {
      "id": "휴고",
      "name": "Хьюго",
      "nickName": "Северный Корректировщик"
    },
    {
      "id": "피주머니",
      "name": "Кровосос",
      "nickName": "Ла-Манчалэнд"
    },
    {
      "id": "불주먹",
      "name": "Радостный Корректировщик",
      "nickName": "Офис Огненного Кулака"
    },
    {
      "id": "이발사",
      "name": "Цирюльник",
      "nickName": "Ла-Манчалэнд"
    },
    {
      "id": "라만차Рассказчик",
      "name": "Рассказчик",
      "nickName": ""
    },
    {
      "id": "이발사다침",
      "name": "Цирюльник",
      "nickName": "Ла-Манчалэнд"
    },
    {
      "id": "이발사부하",
      "name": "Подручный Цирюльника",
      "nickName": "Ла-Манчалэнд"
    },
    {
      "id": "기사돈키",
      "name": "Дон Кихот",
      "nickName": "Храбрый Искатель Приключений"
    },
    {
      "id": "기사싱클",
      "name": "Синклер",
      "nickName": "Рыцарь Белой Луны"
    },
    {
      "id": "산손",
      "name": "Сансон",
      "nickName": "???"
    },
    {
      "id": "기사산손",
      "name": "Сансон",
      "nickName": "Рыцарь Белой Луны"
    },
    {
      "id": "주민오티스",
      "name": "Отис",
      "nickName": "Странствующая Крестьянка"
    },
    {
      "id": "주민로쟈",
      "name": "Родя",
      "nickName": "Житель Пастушьего Ранчо"
    },
    {
      "id": "말레고르",
      "name": "Грегор",
      "nickName": "Росинант"
    },
    {
      "id": "곰스클리프",
      "name": "Хитклиф",
      "nickName": "Большой и Страшный Медведь"
    },
    {
      "id": "달기사실루엣",
      "name": "Рыцарь Белой Луны",
      "nickName": ""
    },
    {
      "id": "돌시네아",
      "name": "Дульсинея",
      "nickName": "Ла-Манчалэнд"
    },
    {
      "id": "돌시부하1",
      "name": "1-ый подручный Дульсинеи",
      "nickName": "Ла-Манчалэнд"
    },
    {
      "id": "돌시부하2",
      "name": "2-ый подручный Дульсинеи",
      "nickName": "Ла-Манчалэнд"
    },
    {
      "id": "신부",
      "name": "Священник",
      "nickName": "Ла-Манчалэнд"
    },
    {
      "id": "백발가면혈귀실루엣",
      "name": "???",
      "nickName": "Ла-Манчалэнд"
    },
    {
      "id": "백발가면혈귀",
      "name": "???",
      "nickName": "Ла-Манчалэнд"
    },
    {
      "id": "혈귀료슈",
      "name": "Рёшу",
      "nickName": "Грешница №4"
    },
    {
      "id": "혈귀홍루",
      "name": "Хон Лу",
      "nickName": "Грешник №6"
    },
    {
      "id": "기사싱클2",
      "name": "Синклер",
      "nickName": "Рыцарь Белой Луны"
    },
    {
      "id": "로메로다침",
      "name": "Ромеро",
      "nickName": "Офис Охоты за Клыками"
    },
    {
      "id": "신부다침",
      "name": "Священник",
      "nickName": "Ла-Манчалэнд"
    },
    {
      "id": "웨이다침",
      "name": "Вэй",
      "nickName": "Ла-Манчалэнд"
    },
    {
      "id": "신부부하",
      "name": "Подручный Священника",
      "nickName": "Ла-Манчалэнд"
    },
    {
      "id": "돌시네아다침",
      "name": "Дульсинея",
      "nickName": "Ла-Манчалэнд"
    },
    {
      "id": "맨발돈키호테",
      "name": "Дон Кихот?",
      "nickName": "???"
    },
    {
      "id": "돈키호테무표정",
      "name": "Дон Кихот",
      "nickName": "Грешница №3"
    },
    {
      "id": "키호테",
      "name": "Дон Кихот",
      "nickName": "Ла-Манчалэнд"
    },
    {
      "id": "가면키호테",
      "name": "Дон Кихот",
      "nickName": "Ла-Манчалэнд"
    },
    {
      "id": "산초",
      "name": "Санчо",
      "nickName": "Ла-Манчалэнд"
    },
    {
      "id": "옛돈키",
      "name": "Санчо",
      "nickName": "???"
    },
    {
      "id": "옛산초",
      "name": "Санчо",
      "nickName": "???"
    },
    {
      "id": "산손베르길리우스",
      "name": "Сансон",
      "nickName": "???"
    },
    {
      "id": "바리",
      "name": "Бари",
      "nickName": "Рыцарь Белой Луны"
    },
    {
      "id": "이발사하편",
      "name": "Цирюльник",
      "nickName": "Ла-Манчалэнд"
    },
    {
      "id": "신부하편",
      "name": "Священник",
      "nickName": "Ла-Манчалэнд"
    },
    {
      "id": "돌시네아하편",
      "name": "Дульсинея",
      "nickName": "Ла-Манчалэнд"
    },
    {
      "id": "돌시부하3",
      "name": "3-ый подручный Дульсинеи",
      "nickName": "Ла-Манчалэнд"
    },
    {
      "id": "마을주민1",
      "name": "Житель деревни",
      "nickName": "Житель Пастушьего Ранчо"
    },
    {
      "id": "장미침식혈귀",
      "name": "Искаженный Кровожад",
      "nickName": "Ла-Манчалэнд"
    },
    {
      "id": "장미침식까미유",
      "name": "Камилл?",
      "nickName": "Ла-Манчалэнд"
    },
    {
      "id": "산초피묻음",
      "name": "Санчо",
      "nickName": "Ла-Манчалэнд"
    },
    {
      "id": "돈키호테피묻음",
      "name": "Дон Кихот",
      "nickName": "Грешница №3"
    },
    {
      "id": "로시난테",
      "name": "Росинант",
      "nickName": "Дон Кихот"
    },
    {
      "id": "돈키호테산초",
      "name": "Санчо",
      "nickName": "Ла-Манчалэнд"
    },
    {
      "id": "이발사다침2",
      "name": "Цирюльник",
      "nickName": "Ла-Манчалэнд"
    },
    {
      "id": "신부다침2",
      "name": "Священник",
      "nickName": "Ла-Манчалэнд"
    },
    {
      "id": "돈키호테산초2",
      "name": "Санчо",
      "nickName": "Ла-Манчалэнд"
    },
    {
      "id": "키호테빛",
      "name": "Дон Кихот",
      "nickName": "Ла-Манчалэнд"
    },
    {
      "id": "옛산초2",
      "name": "Санчо",
      "nickName": "???"
    },
    {
      "id": "단테3",
      "name": "Данте",
      "nickName": "Менеджер"
    },
    {
      "id": "호엔하임",
      "name": "Хохенхайм",
      "nickName": "Глава исследовательской группы LCE"
    },
    {
      "id": "호엔하임과거",
      "name": "Хохенхайм",
      "nickName": "Глава команды контроля филиала Корп. L"
    },
    {
      "id": "알리사",
      "name": "Алиса",
      "nickName": "Исследовательская группа LCE"
    },
    {
      "id": "마튼",
      "name": "Мартон",
      "nickName": "Исследовательская группа LCE"
    },
    {
      "id": "호엔과거동료",
      "name": "???",
      "nickName": "Команда контроля филиала Корп. L"
    },
    {
      "id": "뒤틀린호엔하임",
      "name": "Искаженный Хохенхайм",
      "nickName": "Глава исследовательской группы LCE?"
    },
    {
      "id": "검열된직원",
      "name": "???",
      "nickName": "Команда контроля филиала Корп. L?"
    },
    {
      "id": "검열된호엔과거동료",
      "name": "???",
      "nickName": "Команда контроля филиала Корп. L?"
    },
    {
      "id": "호엔하임실루엣",
      "name": "???",
      "nickName": "???"
    },
    {
      "id": "후디히스",
      "name": "Хитклиф",
      "nickName": "Грешник №7"
    },
    {
      "id": "베르길파우",
      "name": "Вергилий и Фауст",
      "nickName": ""
    },
    {
      "id": "혈귀목소리",
      "name": "???",
      "nickName": "???"
    },
    {
      "id": "호엔과거동료그림자",
      "name": "???",
      "nickName": "Команда контроля филиала Корп. L?"
    },
    {
      "id": "다친베르길리우스",
      "name": "Вергилий",
      "nickName": "Гид"
    },
    {
      "id": "뉴파일럿",
      "name": "Пилот",
      "nickName": "LCCB"
    },
    {
      "id": "뉴소드",
      "name": "Сод",
      "nickName": "Менеджер LCCB"
    },
    {
      "id": "리카르도다침",
      "name": "Рикардо",
      "nickName": "Старший брат из Среднего"
    },
    {
      "id": "사이화",
      "name": "Ши Ихуа",
      "nickName": "???"
    },
    {
      "id": "경도",
      "name": "Цинтао",
      "nickName": "???"
    },
    {
      "id": "삼삼",
      "name": "Шан Сан",
      "nickName": "???"
    },
    {
      "id": "삼삼다침",
      "name": "Шан Сан",
      "nickName": "???"
    },
    {
      "id": "가치우",
      "name": "Цзя Цю",
      "nickName": "???"
    },
    {
      "id": "자로",
      "name": "Цзы Лу",
      "nickName": "Стая Хэйшоу - Ветвь Мао"
    },
    {
      "id": "흑수묘",
      "name": "Стая Хэйшоу - Ветвь Мао",
      "nickName": "???"
    },
    {
      "id": "청소부A",
      "name": "Чистильщик А",
      "nickName": "???"
    },
    {
      "id": "청소부B",
      "name": "Чистильщик В",
      "nickName": "???"
    },
    {
      "id": "청소부C",
      "name": "Чистильщик С",
      "nickName": "???"
    },
    {
      "id": "로쟈싱클",
      "name": "Родя и Синклер",
      "nickName": "LCB"
    },
    {
      "id": "자공",
      "name": "Цзы Гун",
      "nickName": ""
    },
    {
      "id": "이상다침",
      "name": "И Сан",
      "nickName": "Грешник №1"
    },
    {
      "id": "파우스트다침",
      "name": "Фауст",
      "nickName": "Грешница №2"
    },
    {
      "id": "료슈다침",
      "name": "Рёшу",
      "nickName": "Грешница №4"
    },
    {
      "id": "뫼르소다침",
      "name": "Мерсо",
      "nickName": "Грешник №5"
    },
    {
      "id": "홍루다침",
      "name": "Хон Лу",
      "nickName": "Грешник №6"
    },
    {
      "id": "히스클리프다침2",
      "name": "Хитклиф",
      "nickName": "Грешник №7"
    },
    {
      "id": "이스마엘다침",
      "name": "Измаил",
      "nickName": "Грешница №8"
    },
    {
      "id": "로쟈다침",
      "name": "Родя",
      "nickName": "Грешница №9"
    },
    {
      "id": "싱클레어다침",
      "name": "Синклер",
      "nickName": "Грешник №11"
    },
    {
      "id": "오티스다침",
      "name": "Отис",
      "nickName": "Грешница №12"
    },
    {
      "id": "그레고르다침",
      "name": "Грегор",
      "nickName": "Грешник №13"
    },
    {
      "id": "베르너",
      "name": "Вернер",
      "nickName": "Средний"
    },
    {
      "id": "베르너다침",
      "name": "Вернер",
      "nickName": "Средний"
    },
    {
      "id": "이스마엘F",
      "name": "Измаил",
      "nickName": "Грешница №8"
    },
    {
      "id": "그레고르F",
      "name": "Грегор",
      "nickName": "Грешник №13"
    },
    {
      "id": "료슈F",
      "name": "Рёшу",
      "nickName": "Грешница №4"
    },
    {
      "id": "가모",
      "name": "Цзя Му",
      "nickName": "Глава Хунъюаня"
    },
    {
      "id": "어린홍루",
      "name": "Цзя Баоюй",
      "nickName": "Драгоценность семьи Цзя"
    },
    {
      "id": "뇌횡",
      "name": "Лэй Хэн",
      "nickName": "Капо Большого ⅠⅠⅠⅠ"
    },
    {
      "id": "어린가환",
      "name": "Цзя Хуань",
      "nickName": "Дагуаньюань"
    },
    {
      "id": "임대옥",
      "name": "Линь Дайюй",
      "nickName": "Клан Баочай"
    },
    {
      "id": "어린임대옥",
      "name": "Линь Дайюй",
      "nickName": "Семья Кун"
    },
    {
      "id": "설보차",
      "name": "Сюэ Баочай",
      "nickName": "Семья Сюэ"
    },
    {
      "id": "로쟈&히스",
      "name": "Родя и Хитклиф",
      "nickName": "LCB"
    },
    {
      "id": "습인",
      "name": "Сижэнь",
      "nickName": "Дагуаньюань"
    },
    {
      "id": "습인과거",
      "name": "Сижэнь",
      "nickName": "Дагуаньюань"
    },
    {
      "id": "가원춘",
      "name": "Цзя Юаньчунь",
      "nickName": "Корпорация Q"
    },
    {
      "id": "왕부인",
      "name": "Госпожа Ван",
      "nickName": "Семья Цзя"
    },
    {
      "id": "가정",
      "name": "Цзя Чжэн",
      "nickName": "Семья Цзя"
    },
    {
      "id": "설반",
      "name": "Сюэ Пань",
      "nickName": "Семья Сюэ"
    },
    {
      "id": "취수야객",
      "name": "Ночной Скиталец",
      "nickName": "???"
    },
    {
      "id": "가마꾼",
      "name": "Носильщик паланкина",
      "nickName": "Дагуаньюань"
    },
    {
      "id": "항아리괴물",
      "name": "???",
      "nickName": "Кувшин"
    },
    {
      "id": "어린가시춘",
      "name": "Цзя Сичунь",
      "nickName": "Семья Цзя"
    },
    {
      "id": "하인1",
      "name": "Сдержанный слуга",
      "nickName": "Дагуаньюань"
    },
    {
      "id": "하인2",
      "name": "Утонченная служанка",
      "nickName": "Дагуаньюань"
    },
    {
      "id": "하인3",
      "name": "Вежливый слуга",
      "nickName": "Дагуаньюань"
    },
    {
      "id": "하인4",
      "name": "Безразличная служанка",
      "nickName": "Дагуаньюань"
    },
    {
      "id": "괴한",
      "name": "Незнакомец",
      "nickName": "Хонгюань"
    },
    {
      "id": "알란",
      "name": "???",
      "nickName": "???"
    },
    {
      "id": "하나후다",
      "name": "???",
      "nickName": "???"
    },
    {
      "id": "흑수들",
      "name": "???",
      "nickName": "Дагуаньюань"
    },
    {
      "id": "흑수계",
      "name": "???",
      "nickName": "Дагуаньюань"
    },
    {
      "id": "흑수계2",
      "name": "???",
      "nickName": "Дагуаньюань"
    },
    {
      "id": "피주머니2",
      "name": "???",
      "nickName": "???"
    },
    {
      "id": "에고가환",
      "name": "Цзя Хуан",
      "nickName": "Корпорация N"
    },
    {
      "id": "과거가환",
      "name": "???",
      "nickName": "Семья Цзя"
    },
    {
      "id": "에고구보",
      "name": "Губо",
      "nickName": "Корпорация N"
    },
    {
      "id": "왕대위",
      "name": "Ван Давэй",
      "nickName": "Семья Ван"
    },
    {
      "id": "왕인",
      "name": "Ван Жэнь",
      "nickName": "Семья Ван"
    },
    {
      "id": "과거홍루",
      "name": "Цзя Баоюй",
      "nickName": "Драгоценность семьи Цзя"
    },
    {
      "id": "료슈2",
      "name": "Рёшу",
      "nickName": "Грешница №4"
    },
    {
      "id": "반시춘",
      "name": "Цзя Сичунь",
      "nickName": "Семья Цзя"
    },
    {
      "id": "사회자",
      "name": "Ведущая",
      "nickName": "Дагуаньюань"
    },
    {
      "id": "과거가모",
      "name": "Цзя Му",
      "nickName": "Глава Хунъюаня"
    },
    {
      "id": "과거가치우",
      "name": "Цзя Цю",
      "nickName": "Семья Цзя"
    },
    {
      "id": "공우진",
      "name": "Кун Юцзинь",
      "nickName": "Семья Кун"
    },
    {
      "id": "공사혜",
      "name": "Кун Сыхуэй",
      "nickName": "Семья Кун"
    },
    {
      "id": "공사혜아기",
      "name": "Кун Сыхуэй",
      "nickName": "Семья Кун"
    },
    {
      "id": "조길인",
      "name": "???",
      "nickName": "???"
    },
    {
      "id": "왕자우",
      "name": "Ван Чжао",
      "nickName": "Семья Ван"
    },
    {
      "id": "사화정",
      "name": "???",
      "nickName": "Семья Ши"
    },
    {
      "id": "사화정다침",
      "name": "???",
      "nickName": "Семья Ши"
    },
    {
      "id": "사사정",
      "name": "Ши Сицзин",
      "nickName": "Семья Ши"
    },
    {
      "id": "다친사사정",
      "name": "Ши Сицзин",
      "nickName": "Семья Ши"
    },
    {
      "id": "대관원사람",
      "name": "Нервная незнакомка",
      "nickName": "Дагуаньюань"
    },
    {
      "id": "죄수",
      "name": "Заключенный Хунъюаня",
      "nickName": "Хунъюань"
    },
    {
      "id": "죄수과거",
      "name": "Заключенный Хунъюаня",
      "nickName": "Хунъюань"
    },
    {
      "id": "가리온",
      "name": "Гарион",
      "nickName": "???"
    },
    {
      "id": "발톱",
      "name": "Коготь",
      "nickName": "Глава"
    },
    {
      "id": "임대옥다침",
      "name": "Линь Дайюй",
      "nickName": "Клан Баочай"
    },
    {
      "id": "공씨사람1",
      "name": "Упрямая жительница",
      "nickName": "Семья Кун"
    },
    {
      "id": "공씨사람1다침",
      "name": "Упрямая жительница",
      "nickName": "Семья Кун"
    },
    {
      "id": "공씨사람2",
      "name": "Любопытный житель",
      "nickName": "Семья Кун"
    },
    {
      "id": "어린가환다침",
      "name": "Цзя Хуань",
      "nickName": "Семья Цзя"
    },
    {
      "id": "어린가환다침2",
      "name": "Цзя Хуань",
      "nickName": "Семья Цзя"
    },
    {
      "id": "어린가환죽음",
      "name": "Цзя Хуань",
      "nickName": "Семья Цзя"
    },
    {
      "id": "H사직원",
      "name": "Исследовательница Корп. H",
      "nickName": "Хунъюань"
    },
    {
      "id": "에고구보총",
      "name": "Губо",
      "nickName": "Новая Лига Девяти Литераторов Корп. N"
    },
    {
      "id": "왕청산",
      "name": "Ван Циншань",
      "nickName": "Семья Ван"
    },
    {
      "id": "설반다침",
      "name": "Сюэ Пань",
      "nickName": "Семья Сюэ"
    },
    {
      "id": "어린설반",
      "name": "Сюэ Пань",
      "nickName": "Семья Сюэ"
    },
    {
      "id": "발톱죽임",
      "name": "Коготь",
      "nickName": "Глава"
    },
    {
      "id": "사이화부활",
      "name": "Ши Ихуа",
      "nickName": "Семья Ши"
    },
    {
      "id": "다친가시춘",
      "name": "Цзя Сичунь",
      "nickName": "???"
    },
    {
      "id": "어린홍루과거홍루",
      "name": "Хон Лу",
      "nickName": "Грешник №6"
    },
    {
      "id": "어린홍루홍루",
      "name": "Хон Лу",
      "nickName": "Грешник №6"
    },
    {
      "id": "다친홍루",
      "name": "Хон Лу",
      "nickName": "Грешник №6"
    },
    {
      "id": "사씨사병1",
      "name": "Солдат семьи Ши №1",
      "nickName": "Семья Ши"
    },
    {
      "id": "사씨사병2",
      "name": "Солдат семьи Ши №2",
      "nickName": "Семья Ши"
    },
    {
      "id": "설씨사병네임드",
      "name": "Капитан семьи Сюэ",
      "nickName": "Семья Сюэ"
    },
    {
      "id": "설씨사병1",
      "name": "Солдат семьи Сюэ №1",
      "nickName": "Семья Сюэ"
    },
    {
      "id": "설씨하인",
      "name": "Слуга семьи Сюэ",
      "nickName": "Семья Сюэ"
    },
    {
      "id": "어르신그림자",
      "name": "Старейшины",
      "nickName": "Дагуаньюань"
    },
    {
      "id": "어르신1",
      "name": "Старейшина",
      "nickName": "Дагуаньюань"
    },
    {
      "id": "어르신2",
      "name": "Старейшина",
      "nickName": "Дагуаньюань"
    },
    {
      "id": "어르신3",
      "name": "Старейшина",
      "nickName": "Дагуаньюань"
    },
    {
      "id": "어르신4",
      "name": "Старейшина",
      "nickName": "Дагуаньюань"
    },
    {
      "id": "어르신5",
      "name": "Старейшина",
      "nickName": "Дагуаньюань"
    },
    {
      "id": "어르신6",
      "name": "Старейшина",
      "nickName": "Дагуаньюань"
    },
    {
      "id": "어르신1그림자",
      "name": "Старейшина",
      "nickName": "Дагуаньюань"
    },
    {
      "id": "어르신2그림자",
      "name": "Старейшина",
      "nickName": "Дагуаньюань"
    },
    {
      "id": "어르신3그림자",
      "name": "Старейшина",
      "nickName": "Дагуаньюань"
    },
    {
      "id": "엄지솔다토1",
      "name": "Член Большого пальца",
      "nickName": "Солдато ⅠⅠ"
    },
    {
      "id": "엄지솔다토2",
      "name": "Член Большого пальца",
      "nickName": "Солдато ⅠⅠⅠ"
    },
    {
      "id": "가모충",
      "name": "Цзя Му",
      "nickName": "Глава Хунъюаня"
    },
    {
      "id": "가모롱",
      "name": "Цзя Му",
      "nickName": "Глава Хунъюаня"
    },
    {
      "id": "가모가지",
      "name": "Цзя Му",
      "nickName": "Глава Хунъюаня"
    },
    {
      "id": "가모괴물",
      "name": "Цзя Му",
      "nickName": "Глава Хунъюаня"
    },
    {
      "id": "자로피",
      "name": "Цзы Лу",
      "nickName": "Стая Хэйшоу - Ветвь Мао"
    },
    {
      "id": "자로피2",
      "name": "Цзы Лу",
      "nickName": "Стая Хэйшоу - Ветвь Мао"
    },
    {
      "id": "하인죽음",
      "name": "Страдающий Слуга",
      "nickName": "Дагуаньюань"
    },
    {
      "id": "가모가지꽂음",
      "name": "Цзя Му",
      "nickName": "Глава Хунъюаня"
    },
    {
      "id": "더어린홍루",
      "name": "Цзя Баоюй",
      "nickName": "Драгоценность семьи Цзя"
    },
    {
      "id": "다친뇌횡",
      "name": "Лэй Хэн",
      "nickName": "Капо Большого ⅠⅠⅠⅠ"
    },
    {
      "id": "임대옥다침2",
      "name": "Линь Дайюй",
      "nickName": "Клан Баочай"
    },
    {
      "id": "다친가시춘2",
      "name": "Цзя Сичунь",
      "nickName": "???"
    },
    {
      "id": "가모괴물다침",
      "name": "Цзя Му",
      "nickName": "Глава Хунъюаня"
    },
    {
      "id": "가모괴물씻김",
      "name": "Цзя Му",
      "nickName": "Глава Хунъюаня"
    },
    {
      "id": "가모롱다침",
      "name": "Цзя Му",
      "nickName": "Глава Хунъюаня"
    },
    {
      "id": "뇌횡다침2",
      "name": "Лэй Хэн",
      "nickName": "Капо Большого ⅠⅠⅠⅠ"
    },
    {
      "id": "마법소녀",
      "name": "",
      "nickName": ""
    },
    {
      "id": "티페리트",
      "name": "Тиферет",
      "nickName": ""
    },
    {
      "id": "퀴즈시춘",
      "name": "Цзя Сичунь",
      "nickName": "Глава Хунъюаня"
    },
    {
      "id": "퀴즈싱클",
      "name": "Синклер",
      "nickName": "Грешник №11"
    },
    {
      "id": "뿅망히스",
      "name": "Хитклиф",
      "nickName": "Грешник №7"
    },
    {
      "id": "폭주웨이",
      "name": "Вэй",
      "nickName": "???"
    },
    {
      "id": "왕청산2",
      "name": "Ван Циншань",
      "nickName": "Семья Ван"
    },
    {
      "id": "자로사복",
      "name": "Цзы Лу",
      "nickName": "Мизинец"
    },
    {
      "id": "불량시춘",
      "name": "Цзя Сичунь",
      "nickName": "Глава Хунъюаня"
    },
    {
      "id": "이상그림자",
      "name": "Аноним",
      "nickName": ""
    },
    {
      "id": "파우스트그림자",
      "name": "Аноним",
      "nickName": ""
    },
    {
      "id": "돈키호테그림자",
      "name": "Аноним",
      "nickName": ""
    },
    {
      "id": "료슈그림자",
      "name": "Аноним",
      "nickName": ""
    },
    {
      "id": "뫼르소그림자",
      "name": "Аноним",
      "nickName": ""
    },
    {
      "id": "홍루그림자",
      "name": "Аноним",
      "nickName": ""
    },
    {
      "id": "히스클리프그림자",
      "name": "Аноним",
      "nickName": ""
    },
    {
      "id": "이스마엘그림자",
      "name": "Аноним",
      "nickName": ""
    },
    {
      "id": "로쟈그림자",
      "name": "Аноним",
      "nickName": ""
    },
    {
      "id": "싱클레어그림자",
      "name": "Аноним",
      "nickName": ""
    },
    {
      "id": "오티스그림자",
      "name": "Аноним",
      "nickName": ""
    },
    {
      "id": "그레고르그림자",
      "name": "Аноним",
      "nickName": ""
    },
    {
      "id": "흑수사",
      "name": "Стая Хэйшоу - Ветвь Сы",
      "nickName": "???"
    },
    {
      "id": "료슈3",
      "name": "Рёшу",
      "nickName": "Грешница №4"
    },
    {
      "id": "왕씨아이",
      "name": "Ребёнок из семьи Ван",
      "nickName": "Семья Ван"
    },
    {
      "id": "쩔쩔이사",
      "name": "",
      "nickName": ""
    },
    {
      "id": "굽신이사",
      "name": "",
      "nickName": ""
    },
    {
      "id": "웨이다침2",
      "name": "Вэй",
      "nickName": "???"
    },
    {
      "id": "가주시춘",
      "name": "Цзя Сичунь",
      "nickName": "Глава Хунъюаня"
    },
    {
      "id": "라만차내레이션",
      "name": "",
      "nickName": ""
    }
  ]
}