﻿{
  "dataList": [
    {
      "id": 40000101,
      "levelList": [
        {
          "level": 1,
          "name": "Багровый удар",
          "desc": "[WhenUse] Сила в столкновении +1 против целей с 5 и более отрицательными эффектами\n[WhenUse] Базовая сила +1 за каждые 3 <sprite name=\"Burst\"><color=#e30000><u><link=\"Burst\">Зеленки</link></u></color> на цели (До 2)",
          "coinlist": [
            {
              "coindescs": [
                {
                  "desc": "[OnSucceedAttack] Повышает счетчик <sprite name=\"Burst\"><color=#e30000><u><link=\"Burst\">Зеленки</link></u></color> на 2"
                },
                {
                  "desc": "[OnSucceedAttackHead] Получает 1 <sprite name=\"AttackUp\"><color=#f8c200><u><link=\"AttackUp\">Повышение уровня атаки</link></u></color> на следующий ход"
                }
              ]
            },
            {
              "coindescs": [
                {
                  "desc": "[OnSucceedAttack] Повышает счетчик <sprite name=\"Burst\"><color=#e30000><u><link=\"Burst\">Зеленки</link></u></color> на 2"
                },
                {
                  "desc": "[OnSucceedAttackHead] Получает 1 <sprite name=\"AttackUp\"><color=#f8c200><u><link=\"AttackUp\">Повышение уровня атаки</link></u></color> на следующий ход"
                }
              ]
            }
          ]
        }
      ]
    },
    {
      "id": 40000102,
      "levelList": [
        {
          "level": 1,
          "name": "Багровый феникс",
          "desc": "[WhenUse] Сила монет +1 против целей с 5 и более отрицательными эффектами\n[WhenUse] Сила монет +1 за каждые 6 <sprite name=\"Burst\"><color=#e30000><u><link=\"Burst\">Зеленок</link></u></color> на цели (До 2)",
          "coinlist": [
            {
              "coindescs": [
                {
                  "desc": "[OnSucceedAttack] Повышает счетчик <sprite name=\"Burst\"><color=#e30000><u><link=\"Burst\">Зеленки</link></u></color> на 1"
                },
                {
                  "desc": "[OnSucceedAttack] Наносит 3 <sprite name=\"DefenseDown\"><color=#e30000><u><link=\"DefenseDown\">Понижения уровня защиты</link></u></color>"
                }
              ]
            },
            {
              "coindescs": [
                {
                  "desc": "[OnSucceedAttack] Повышает счетчик <sprite name=\"Burst\"><color=#e30000><u><link=\"Burst\">Зеленки</link></u></color> на 1"
                },
                {
                  "desc": "[OnSucceedAttack] Получает 3 <sprite name=\"AttackUp\"><color=#f8c200><u><link=\"AttackUp\">Повышения уровня атаки</link></u></color> следующий ход"
                }
              ]
            },
            {
              "coindescs": [
                {
                  "desc": "[OnSucceedAttack] Получает <sprite name=\"Breath\"><color=#f8c200><u><link=\"Breath\">Кумар</link></u></color> на силу <sprite name=\"Burst\"><color=#e30000><u><link=\"Burst\">Зеленки</link></u></color> цели (До 5)"
                },
                {
                  "desc": "[OnSucceedAttackHead] Повышает счетчик <sprite name=\"Breath\"><color=#f8c200><u><link=\"Breath\">Кумара</link></u></color> на счетчик <sprite name=\"Burst\"><color=#e30000><u><link=\"Burst\">Зеленки</link></u></color> цели (До 2)"
                }
              ]
            },
            {
              "coindescs": [
                {
                  "desc": "[CriticalOnSucceedAttack] Наносит на 50% больше урона"
                },
                {
                  "desc": "[CriticalEnemyTargetKillFail] Повышает счетчик <sprite name=\"Burst\"><color=#e30000><u><link=\"Burst\">Зеленки</link></u></color> на 2"
                },
                {
                  "desc": "[CriticalEnemyTargetKill] Получает 3 <sprite name=\"AttackUp\"><color=#f8c200><u><link=\"AttackUp\">Повышения уровня атаки</link></u></color> на следующий ход"
                }
              ]
            }
          ]
        }
      ]
    },
    {
      "id": 40000103,
      "levelList": [
        {
          "level": 1,
          "name": "Багровая весна",
          "desc": "[StartBattle] Вес атаки +1 за каждые 4 отрицательных эффекта на цели (До 2)\n[WhenUse] Базовая сила +5 против целей с 5 и более отрицательными эффектами\n[WhenUse] Если сумма силы и счетчика <sprite name=\"Burst\"><color=#e30000><u><link=\"Burst\">Зеленки</link></u></color> на цели 15 или более, Сила монет +5\n[WinDuel] Повышает счетчик <sprite name=\"Burst\"><color=#e30000><u><link=\"Burst\">Зеленки</link></u></color> на 2",
          "coinlist": [
            {
              "coindescs": [
                {
                  "desc": "[OnSucceedAttack] Наносит 7 <sprite name=\"Laceration\"><color=#e30000><u><link=\"Laceration\">Кетчупа</link></u></color>"
                },
                {
                  "desc": "[CriticalOnSucceedAttack] Наносит на 200% больше урона"
                },
                {
                  "desc": "[CriticalOnSucceedAttack] Повышает счетчик <sprite name=\"Laceration\"><color=#e30000><u><link=\"Laceration\">Кетчупа</link></u></color> на 3"
                },
                {
                  "desc": "[CriticalOnSucceedAttack] Получает 2 <sprite name=\"Breath\"><color=#f8c200><u><link=\"Breath\">Кумара</link></u></color> и повышает его счетчик на 1"
                }
              ]
            }
          ]
        }
      ]
    },
    {
      "id": 40000104,
      "levelList": [
        {
          "level": 1,
          "name": "Искусный уворот",
          "desc": "[OnSucceedEvade] Получает 1 <sprite name=\"Breath\"><color=#f8c200><u><link=\"Breath\">Кумара</link></u></color> на следующий ход (Трижды за ход)"
        }
      ]
    }
  ]
}