﻿{
  "dataList": [
    {
      "id": 108001,
      "levelList": [
        {
          "level": 1,
          "name": "Камнепад",
          "desc": "[WhenUse] Если цель имеет 5 и более <sprite name=\"Vibration\"><color=#e30000><u><link=\"Vibration\">Тряски</link></u></color>, Базовая сила +1",
          "coinlist": [
            {
              "coindescs": [
                {
                  "desc": "[OnSucceedAttack] Наносит 8 <sprite name=\"Vibration\"><color=#e30000><u><link=\"Vibration\">Тряски</link></u></color>"
                }
              ]
            },
            {
              "coindescs": [
                {
                  "desc": "[OnSucceedAttack] Повышает счетчик <sprite name=\"Vibration\"><color=#e30000><u><link=\"Vibration\">Тряски</link></u></color> на 3"
                }
              ]
            }
          ]
        }
      ]
    },
    {
      "id": 108002,
      "levelList": [
        {
          "level": 1,
          "name": "Сбор камней",
          "desc": "[WinDuel] Если цель имеет <sprite name=\"Vibration\"><color=#e30000><u><link=\"Vibration\">Тряска</link></u></color>, Базовая сила +2",
          "coinlist": [
            {
              "coindescs": [
                {
                  "desc": "[OnSucceedAttack] Наносит 8 <sprite name=\"Vibration\"><color=#e30000><u><link=\"Vibration\">Тряски</link></u></color>"
                },
                {
                  "desc": "[OnSucceedAttack] <sprite name=\"VibrationExplosion\"><color=#e30000><u><link=\"VibrationExplosion\">Трясет сучку</link></u></color> и снижает его счетчик на 1"
                }
              ]
            }
          ]
        }
      ]
    },
    {
      "id": 108003,
      "levelList": [
        {
          "level": 1,
          "name": "Восходящая леность",
          "desc": "[WhenUse] Сила монет +1 за каждые 3 <sprite name=\"Vibration\"><color=#e30000><u><link=\"Vibration\">Тряски</link></u></color> на цели (До 3)\n[WinDuel] Вес атаки +1 за каждые 5 <sprite name=\"Vibration\"><color=#e30000><u><link=\"Vibration\">Тряски</link></u></color> на цели (До 2)",
          "coinlist": [
            {
              "coindescs": [
                {
                  "desc": "[OnSucceedAttack] Производит <sprite name=\"Switch_Vibration\"><color=#9f6a3a><u><link=\"Switch_Vibration\">Преобразование амплитуды</link></u></color> в <sprite name=\"VibrationEcho\"><color=#e30000><u><link=\"VibrationEcho\">Тряска — Эхо</link></u></color>"
                },
                {
                  "desc": "[OnSucceedAttack] <sprite name=\"VibrationExplosion\"><color=#e30000><u><link=\"VibrationExplosion\">Трясет сучку</link></u></color> за каждый счетчик <sprite name=\"Vibration\"><color=#e30000><u><link=\"Vibration\">Тряски</link></u></color> на цели (До 2) и понижает его счетчик на 2"
                },
                {
                  "desc": "[OnSucceedAttack] Повышает счетчик <sprite name=\"Vibration\"><color=#e30000><u><link=\"Vibration\">Тряски</link></u></color> на 4"
                }
              ]
            }
          ]
        }
      ]
    },
    {
      "id": 108004,
      "levelList": [
        {
          "level": 1,
          "name": "Защита",
          "desc": "Наносит 2 <sprite name=\"Vibration\"><color=#e30000><u><link=\"Vibration\">Тряски</link></u></color> атаковавшему при получении удара, пока остается щит\n[WhenUse] Получает 3 <sprite name=\"Protection\"><color=#f8c200><u><link=\"Protection\">Защищенности</link></u></color>",
          "coinlist": [
            {
              "coindescs": [
                {
                  "desc": ""
                }
              ]
            }
          ]
        }
      ]
    },
    {
      "id": 108101,
      "levelList": [
        {
          "level": 1,
          "name": "Коллизия распада",
          "desc": "[WhenUse] Если цель имеет 5 и более <sprite name=\"Sinking\"><color=#e30000><u><link=\"Sinking\">Депрессии</link></u></color>, Сила монет +1",
          "coinlist": [
            {
              "coindescs": [
                {
                  "desc": "<sprite name=\"SuperCoin\"><color=#9f6a3a><u><link=\"SuperCoin\">Вечная монета</link></u></color>"
                },
                {
                  "desc": "[OnSucceedAttack] Наносит 2 <sprite name=\"Sinking\"><color=#e30000><u><link=\"Sinking\">Депрессии</link></u></color> и повышает его счетчик на 2"
                }
              ]
            }
          ]
        }
      ]
    },
    {
      "id": 108102,
      "levelList": [
        {
          "level": 1,
          "name": "Вихрь",
          "desc": "[WhenUse] Если цель имеет <sprite name=\"Sinking\"><color=#e30000><u><link=\"Sinking\">Депрессию</link></u></color>, Базовая сила +2",
          "coinlist": [
            {
              "coindescs": [
                {
                  "desc": "[OnSucceedAttack] Наносит 8 <sprite name=\"Sinking\"><color=#e30000><u><link=\"Sinking\">Депрессии</link></u></color> и повышает его счетчик на 2"
                },
                {
                  "desc": "[OnSucceedAttack] Наносит 4 <sprite name=\"Sinking\"><color=#e30000><u><link=\"Sinking\">Депрессии</link></u></color> и повышает его счетчик на 2 двум случайным противникам"
                }
              ]
            }
          ]
        }
      ]
    },
    {
      "id": 108103,
      "levelList": [
        {
          "level": 1,
          "name": "Каскад уныния",
          "desc": "[WhenUse] Сила монет +1 за каждые 3 <sprite name=\"Sinking\"><color=#e30000><u><link=\"Sinking\">Депрессии</link></u></color> на цели (До 3)\n[WinDuel] Вес атаки +1 за каждые 5 <sprite name=\"Sinking\"><color=#e30000><u><link=\"Sinking\">Депрессии</link></u></color> на цели (До 2)",
          "coinlist": [
            {
              "coindescs": [
                {
                  "desc": "[OnSucceedAttack] Наносит 5 <sprite name=\"Sinking\"><color=#e30000><u><link=\"Sinking\">Депрессии</link></u></color> и повышает его счетчик на 4"
                },
                {
                  "desc": "[OnSucceedAttack] Сила следующей монеты +1 за каждые 3 <sprite name=\"Sinking\"><color=#e30000><u><link=\"Sinking\">Депрессии</link></u></color> на цели (До 3)"
                }
              ]
            },
            {
              "coindescs": [
                {
                  "desc": "<sprite name=\"SuperCoin\"><color=#9f6a3a><u><link=\"SuperCoin\">Вечная монета</link></u></color>"
                },
                {
                  "desc": "[UnBrokenCoinOnSucceedAttack] Провоцирует <sprite name=\"SinkingSurge\"><color=#e30000><u><link=\"SinkingSurge\">Суицид</link></u></color>"
                }
              ]
            }
          ]
        }
      ]
    },
    {
      "id": 108104,
      "levelList": [
        {
          "level": 1,
          "name": "Уворот",
          "desc": "[OnSucceedEvade] Цель теряет 5 SP",
          "coinlist": [
            {
              "coindescs": [
                {
                  "desc": ""
                }
              ]
            }
          ]
        }
      ]
    },
    {
      "id": 107901,
      "levelList": [
        {
          "level": 1,
          "name": "Низвержение",
          "desc": "[WhenUse] Поглощает 20 <sprite name=\"BloodDinner\"><color=#9f6a3a><u><link=\"BloodDinner\">Борща</link></u></color> и получает 1 <sprite name=\"BloodArmor\"><color=#f8c200><u><link=\"BloodArmor\">Кровавую броню</link></u></color> за каждые 10 поглощенного <sprite name=\"BloodDinner\"><color=#9f6a3a><u><link=\"BloodDinner\">Борща</link></u></color>\n[WhenUse] Сила монет +1 за каждые 10 <sprite name=\"BloodArmor\"><color=#f8c200><u><link=\"BloodArmor\">Кровавой брони</link></u></color> (До 2)\n[WhenUse] Сила монет +1 за каждые 15 <sprite name=\"Laceration\"><color=#e30000><u><link=\"Laceration\">Кетчупа</link></u></color> на себе (До 3)",
          "coinlist": [
            {
              "coindescs": [
                {
                  "desc": "[OnSucceedAttack] Наносит 5 <sprite name=\"Laceration\"><color=#e30000><u><link=\"Laceration\">Кетчупа</link></u></color>"
                }
              ]
            },
            {
              "coindescs": [
                {
                  "desc": "[OnSucceedAttack] Наносит 5 <sprite name=\"Laceration\"><color=#e30000><u><link=\"Laceration\">Кетчупа</link></u></color>"
                }
              ]
            }
          ]
        }
      ]
    },
    {
      "id": 107902,
      "levelList": [
        {
          "level": 1,
          "name": "Рана",
          "desc": "[WhenUse] Поглощает 20 <sprite name=\"BloodDinner\"><color=#9f6a3a><u><link=\"BloodDinner\">Борща</link></u></color> и получает 1 <sprite name=\"BloodArmor\"><color=#f8c200><u><link=\"BloodArmor\">Кровавую броню</link></u></color> за каждые 10 поглощенного <sprite name=\"BloodDinner\"><color=#9f6a3a><u><link=\"BloodDinner\">Борща</link></u></color>\n[WhenUse] Сила монет +1 за каждые 10 <sprite name=\"BloodArmor\"><color=#f8c200><u><link=\"BloodArmor\">Кровавой брони</link></u></color> (До 2)\n[WhenUse] Сила монет +1 за каждые 15 <sprite name=\"Laceration\"><color=#e30000><u><link=\"Laceration\">Кетчуп</link></u></color> на себе (До 3)",
          "coinlist": [
            {
              "coindescs": [
                {
                  "desc": "[OnSucceedAttack] Повышает счетчик <sprite name=\"Laceration\"><color=#e30000><u><link=\"Laceration\">Кетчупа</link></u></color> на 2"
                }
              ]
            },
            {
              "coindescs": [
                {
                  "desc": "[OnSucceedAttack] Повышает счетчик <sprite name=\"Laceration\"><color=#e30000><u><link=\"Laceration\">Кетчупа</link></u></color> на 2"
                }
              ]
            }
          ]
        }
      ]
    },
    {
      "id": 107903,
      "levelList": [
        {
          "level": 1,
          "name": "Вариант искусства застывшей крови Дон Кихот 4 - Зеленкиние",
          "desc": "[WhenUse] Если цель имеет 6 и более <sprite name=\"Laceration\"><color=#e30000><u><link=\"Laceration\">Кетчупа</link></u></color>, Сила монет +1\n[WinDuel] Атака наносит на 20% больше урона за каждую Фазу <sprite name=\"BloodArmor\"><color=#f8c200><u><link=\"BloodArmor\">Кровавой брони</link></u></color> (До 60%)\n[DefeatDuel] Теряет 4 <sprite name=\"BloodArmor\"><color=#f8c200><u><link=\"BloodArmor\">Кровавой брони</link></u></color>",
          "coinlist": [
            {
              "coindescs": [
                {
                  "desc": "[OnSucceedAttack] Наносит 5 <sprite name=\"Laceration\"><color=#e30000><u><link=\"Laceration\">Кетчупа</link></u></color>"
                }
              ]
            },
            {
              "coindescs": [
                {
                  "desc": "[OnSucceedAttack] Наносит 5 <sprite name=\"Laceration\"><color=#e30000><u><link=\"Laceration\">Кетчупа</link></u></color>"
                }
              ]
            }
          ]
        }
      ]
    },
    {
      "id": 107904,
      "levelList": [
        {
          "level": 1,
          "name": "Вариант искусства застывшей крови Дон Кихот 11 - Пронзание",
          "desc": "[WhenUse] Базовая сила +1 за каждые 3 <sprite name=\"Laceration\"><color=#e30000><u><link=\"Laceration\">Кетчупа</link></u></color> на цели (До 3)\n[WinDuel] Атака наносит на 20% больше урона за каждую Фазу <sprite name=\"BloodArmor\"><color=#f8c200><u><link=\"BloodArmor\">Кровавой брони</link></u></color> (До 60%)\n[DefeatDuel] Теряет 4 <sprite name=\"BloodArmor\"><color=#f8c200><u><link=\"BloodArmor\">Кровавой брони</link></u></color>",
          "coinlist": [
            {
              "coindescs": [
                {
                  "desc": "[OnSucceedAttack] Повышает счетчик <sprite name=\"Laceration\"><color=#e30000><u><link=\"Laceration\">Кетчупа</link></u></color> на 2"
                }
              ]
            },
            {
              "coindescs": [
                {
                  "desc": "[OnSucceedAttack] Повышает счетчик <sprite name=\"Laceration\"><color=#e30000><u><link=\"Laceration\">Кетчупа</link></u></color> на 2"
                }
              ]
            },
            {
              "coindescs": [
                {
                  "desc": "[OnSucceedAttack] Активирует <sprite name=\"Laceration\"><color=#e30000><u><link=\"Laceration\">Кетчуп</link></u></color> цели на все его счетчики кроме последнего"
                }
              ]
            }
          ]
        }
      ]
    },
    {
      "id": 107905,
      "levelList": [
        {
          "level": 1,
          "name": "Вариант стиля Дон Кихот: Искусство Санчо 4 - Следование",
          "desc": "Нацеливается на противников с наибольшим <sprite name=\"Laceration\"><color=#e30000><u><link=\"Laceration\">Кетчупом</link></u></color>\n[BeforeAttack] Вес атаки +1 за каждые 10 <sprite name=\"BloodArmor\"><color=#f8c200><u><link=\"BloodArmor\">Кровавой брони</link></u></color> на себе (До 3)\n[WhenUse] Сила в столкновении +1 за каждые 5 <sprite name=\"Laceration\"><color=#e30000><u><link=\"Laceration\">Кетчупа</link></u></color> на цели (До 3)\n[WhenUse] Поглощает до 30 <sprite name=\"BloodDinner\"><color=#9f6a3a><u><link=\"BloodDinner\">Борща</link></u></color>, чтобы получить 1 <sprite name=\"BloodArmor\"><color=#f8c200><u><link=\"BloodArmor\">Кровавую броню</link></u></color> и +1 к Силе монет за каждые 15 поглощенного <sprite name=\"BloodDinner\"><color=#9f6a3a><u><link=\"BloodDinner\">Борща</link></u></color> (До 2)\n- Если не удалось поглотить <sprite name=\"BloodDinner\"><color=#9f6a3a><u><link=\"BloodDinner\">Борщ</link></u></color>, получает 10 урона <sprite name=\"Laceration\"><color=#e30000><u><link=\"Laceration\">Кетчупом</link></u></color> и теряет 1 его счетчик\n[EndSkill] Увеличивает <sprite name=\"BloodDinner\"><color=#9f6a3a><u><link=\"BloodDinner\">Борщ</link></u></color> на количество нанесенного этим навыком урона",
          "coinlist": [
            {
              "coindescs": [
                {
                  "desc": "[OnSucceedAttack] Наносит 8 <sprite name=\"Laceration\"><color=#e30000><u><link=\"Laceration\">Кетчупа</link></u></color>"
                }
              ]
            },
            {
              "coindescs": [
                {
                  "desc": "[OnSucceedAttack] Наносит 1 <sprite name=\"Binding\"><color=#e30000><u><link=\"Binding\">Понос</link></u></color> на следующий ход\n- Если удалось поглотить 30 <sprite name=\"BloodDinner\"><color=#9f6a3a><u><link=\"BloodDinner\">Борща</link></u></color>, наносит еще 2 <sprite name=\"Binding\"><color=#e30000><u><link=\"Binding\">Поноса</link></u></color>"
                }
              ]
            }
          ]
        }
      ]
    },
    {
      "id": 107906,
      "levelList": [
        {
          "level": 1,
          "name": "Вариант стиля Дон Кихот: Искусство Санчо 3 - Засада",
          "desc": "Нацеливается на противников с наибольшим <sprite name=\"Laceration\"><color=#e30000><u><link=\"Laceration\">Кетчупом</link></u></color>\n[BeforeAttack] Вес атаки +1 за каждые 10 <sprite name=\"BloodArmor\"><color=#f8c200><u><link=\"BloodArmor\">Кровавой брони</link></u></color> на себе (До 3)\n[WhenUse] Сила в столкновении +1 за каждые 5 <sprite name=\"Laceration\"><color=#e30000><u><link=\"Laceration\">Кетчупа</link></u></color> на цели (До 3)\n[WhenUse] Поглощает до 30 <sprite name=\"BloodDinner\"><color=#9f6a3a><u><link=\"BloodDinner\">Борща</link></u></color>, чтобы получить 1 <sprite name=\"BloodArmor\"><color=#f8c200><u><link=\"BloodArmor\">Кровавую броню</link></u></color> и +1 к Силе монет за каждые 15 поглощенного <sprite name=\"BloodDinner\"><color=#9f6a3a><u><link=\"BloodDinner\">Борща</link></u></color> (До 2)\n- Если не удалось поглотить <sprite name=\"BloodDinner\"><color=#9f6a3a><u><link=\"BloodDinner\">Борщ</link></u></color>, получает 10 урона <sprite name=\"Laceration\"><color=#e30000><u><link=\"Laceration\">Кетчупом</link></u></color> и теряет 1 его счетчик\n[EndSkill] Увеличивает <sprite name=\"BloodDinner\"><color=#9f6a3a><u><link=\"BloodDinner\">Борщ</link></u></color> на количество нанесенного этим навыком урона",
          "coinlist": [
            {
              "coindescs": [
                {
                  "desc": "[OnSucceedAttack] Повышает счетчик <sprite name=\"Laceration\"><color=#e30000><u><link=\"Laceration\">Кетчупа</link></u></color> на 2"
                }
              ]
            },
            {
              "coindescs": [
                {
                  "desc": "[OnSucceedAttack] Повышает счетчик <sprite name=\"Laceration\"><color=#e30000><u><link=\"Laceration\">Кетчупа</link></u></color> на 2"
                }
              ]
            },
            {
              "coindescs": [
                {
                  "desc": "[OnSucceedAttack] Наносит 1 <sprite name=\"Paralysis\"><color=#e30000><u><link=\"Paralysis\">Паралич</link></u></color> на следующий ход\n- Если удалось поглотить 30 <sprite name=\"BloodDinner\"><color=#9f6a3a><u><link=\"BloodDinner\">Борща</link></u></color>, наносит еще 2 <sprite name=\"Paralysis\"><color=#e30000><u><link=\"Paralysis\">Паралича</link></u></color>"
                }
              ]
            }
          ]
        }
      ]
    },
    {
      "id": 107907,
      "levelList": [
        {
          "level": 1,
          "name": "Вариант стиля Дон Кихот: Искусство Санчо 2 - Кровавая броня",
          "desc": "Можно столкнуться независимо от скорости\n\n[StartBattle] Получает 1 <sprite name=\"SwirlingBlood\"><color=#f8c200><u><link=\"SwirlingBlood\">Присутствие второго сородича</link></u></color>\n[StartBattle] Поглощает до 100 <sprite name=\"BloodDinner\"><color=#9f6a3a><u><link=\"BloodDinner\">Борща</link></u></color>, чтобы получить 1 <sprite name=\"BloodArmor\"><color=#f8c200><u><link=\"BloodArmor\">Кровавую броню</link></u></color> и 20 Щита за каждые 10 поглощенного <sprite name=\"BloodDinner\"><color=#9f6a3a><u><link=\"BloodDinner\">Борща</link></u></color>\n- Если <sprite name=\"BloodDinner\"><color=#9f6a3a><u><link=\"BloodDinner\">Борща</link></u></color> недостаточно, получает 50 урона <sprite name=\"Laceration\"><color=#e30000><u><link=\"Laceration\">Кетчупом</link></u></color> и теряет 2 его счетчика (Не может опустить HP ниже 1), а так же получает 200 Щита\n[DefeatDuel] Пока щит от этого эффекта остается, получает 3 <sprite name=\"Vulnerable\"><color=#e30000><u><link=\"Vulnerable\">Уязвимости</link></u></color>\n[DefeatDuel] Атака наносит на 50% меньше урона\n[EndSkill] Завершает ход",
          "coinlist": [
            {
              "coindescs": [
                {
                  "desc": "<sprite name=\"SuperCoin\"><color=#9f6a3a><u><link=\"SuperCoin\">Вечная монета</link></u></color>"
                }
              ]
            },
            {
              "coindescs": [
                {
                  "desc": "<sprite name=\"SuperCoin\"><color=#9f6a3a><u><link=\"SuperCoin\">Вечная монета</link></u></color>"
                }
              ]
            },
            {
              "coindescs": [
                {
                  "desc": "<sprite name=\"SuperCoin\"><color=#9f6a3a><u><link=\"SuperCoin\">Вечная монета</link></u></color>"
                }
              ]
            },
            {
              "coindescs": [
                {
                  "desc": "<sprite name=\"SuperCoin\"><color=#9f6a3a><u><link=\"SuperCoin\">Вечная монета</link></u></color>"
                },
                {
                  "desc": "[OnSucceedAttack] Наносит 5 <sprite name=\"Laceration\"><color=#e30000><u><link=\"Laceration\">Кетчупа</link></u></color> и повышает его счетчик на 3"
                }
              ]
            }
          ]
        }
      ]
    },
    {
      "id": 107908,
      "levelList": [
        {
          "level": 1,
          "name": "Ла Авентура Ха Терминадо",
          "desc": "Наносит на 10% больше урона за каждое <sprite name=\"Laceration\"><color=#e30000><u><link=\"Laceration\">Кетчуп</link></u></color> на цели (До 200%)\n- Урон повышается еще на 10% за каждые 3 <sprite name=\"BloodArmor\"><color=#f8c200><u><link=\"BloodArmor\">Кровавой брони</link></u></color> (До 100%)\n[StartBattle] Поглощает (45 - текущее SP) <sprite name=\"BloodDinner\"><color=#9f6a3a><u><link=\"BloodDinner\">Борща</link></u></color> и восстанавливает SP до 45\n- Если <sprite name=\"BloodDinner\"><color=#9f6a3a><u><link=\"BloodDinner\">Борща</link></u></color> недостаточно, получает 20 <sprite name=\"Laceration\"><color=#e30000><u><link=\"Laceration\">Кетчупа</link></u></color> и восстанавливает SP до 45\n- Получает щит, равный <sprite name=\"BloodDinner\"><color=#9f6a3a><u><link=\"BloodDinner\">Кровавому пиршеству</link></u></color> (До 100)\n[WinDuel] Наносит 10 <sprite name=\"Laceration\"><color=#e30000><u><link=\"Laceration\">Кетчупа</link></u></color>\n[EndSkill] Увеличивает <sprite name=\"BloodDinner\"><color=#9f6a3a><u><link=\"BloodDinner\">Борщ</link></u></color> на количество нанесенного цели урона\n[EndSkill] Если цель побеждена, увеличивает <sprite name=\"BloodDinner\"><color=#9f6a3a><u><link=\"BloodDinner\">Борщ</link></u></color> на количество макс. HP цели",
          "coinlist": [
            {
              "coindescs": [
                {
                  "desc": "<sprite name=\"SuperCoin\"><color=#9f6a3a><u><link=\"SuperCoin\">Вечная монета</link></u></color>"
                },
                {
                  "desc": "[UnBrokenCoinOnSucceedAttack] Наносит 10 <sprite name=\"Laceration\"><color=#e30000><u><link=\"Laceration\">Кетчупа</link></u></color> и повышает его счетчик на 3"
                },
                {
                  "desc": "[OnSucceedAttack] Наносит 10 <sprite name=\"Laceration\"><color=#e30000><u><link=\"Laceration\">Кетчупа</link></u></color> и повышает его счетчик на 3 всем целям кроме главной"
                }
              ]
            }
          ]
        }
      ]
    },
    {
      "id": 107909,
      "levelList": [
        {
          "level": 1,
          "name": "Ла Авентура Ха Терминадо...",
          "desc": "Наносит на 40% больше урона за каждые 10 (Сумма <sprite name=\"Laceration\"><color=#e30000><u><link=\"Laceration\">Кетчупа</link></u></color> на всех целях (До 200%)\n- Урон повышается еще на 10% за каждую единицу поглощенного <sprite name=\"BloodDinner\"><color=#9f6a3a><u><link=\"BloodDinner\">Борща</link></u></color> (До 100%)\n[StartBattle] Поглощает (45 - текущее SP) <sprite name=\"BloodDinner\"><color=#9f6a3a><u><link=\"BloodDinner\">Борща</link></u></color> и восстанавливает SP до 45\n- Если <sprite name=\"BloodDinner\"><color=#9f6a3a><u><link=\"BloodDinner\">Борща</link></u></color> недостаточно, получает 20 <sprite name=\"Laceration\"><color=#e30000><u><link=\"Laceration\">Кетчупа</link></u></color> и восстанавливает SP до 45\n- Получает щит, равный <sprite name=\"BloodDinner\"><color=#9f6a3a><u><link=\"BloodDinner\">Кровавому пиршеству</link></u></color> (До 100)\n[WinDuel] Наносит 10 <sprite name=\"Laceration\"><color=#e30000><u><link=\"Laceration\">Кетчупа</link></u></color>\n[EndSkill] Увеличивает <sprite name=\"BloodDinner\"><color=#9f6a3a><u><link=\"BloodDinner\">Борщ</link></u></color> на количество нанесенного цели урона\n[EndSkill] Если цель убита, увеличивает <sprite name=\"BloodDinner\"><color=#9f6a3a><u><link=\"BloodDinner\">Борщ</link></u></color> на количество макс. HP цели",
          "coinlist": [
            {
              "coindescs": [
                {
                  "desc": "<sprite name=\"SuperCoin\"><color=#9f6a3a><u><link=\"SuperCoin\">Вечная монета</link></u></color>"
                },
                {
                  "desc": "Наносит 10 <sprite name=\"Laceration\"><color=#e30000><u><link=\"Laceration\">Кетчупа</link></u></color> и повышает его счетчик на 3"
                }
              ]
            }
          ]
        }
      ]
    },
    {
      "id": 108201,
      "levelList": [
        {
          "level": 1,
          "name": "Сжатие",
          "desc": "[WhenUse] Итоговая сила +1 за каждые 5 <sprite name=\"Breath\"><color=#f8c200><u><link=\"Breath\">Кумара</link></u></color> (До 3)",
          "coinlist": [
            {
              "coindescs": [
                {
                  "desc": "[OnSucceedAttack] Наносит 2 <sprite name=\"Vibration\"><color=#e30000><u><link=\"Vibration\">Тряски</link></u></color>"
                },
                {
                  "desc": "[CriticalOnSucceedAttack] Наносит 3 <sprite name=\"Vibration\"><color=#e30000><u><link=\"Vibration\">Тряски</link></u></color> и повышает его счетчик на 2"
                }
              ]
            }
          ]
        }
      ]
    },
    {
      "id": 108202,
      "levelList": [
        {
          "level": 1,
          "name": "Демонтаж",
          "desc": "[WhenUse] Итоговая сила +1 за каждые 3 <sprite name=\"Breath\"><color=#f8c200><u><link=\"Breath\">Кумара</link></u></color> (До 5)",
          "coinlist": [
            {
              "coindescs": [
                {
                  "desc": "[OnSucceedAttack] Наносит 3 <sprite name=\"Vibration\"><color=#e30000><u><link=\"Vibration\">Тряски</link></u></color>"
                },
                {
                  "desc": "[WinDuelAttack] Повышает счетчик <sprite name=\"Vibration\"><color=#e30000><u><link=\"Vibration\">Тряски</link></u></color> на 3"
                },
                {
                  "desc": "[CriticalOnSucceedAttack] <sprite name=\"VibrationExplosion\"><color=#e30000><u><link=\"VibrationExplosion\">Трясет сучку</link></u></color>"
                }
              ]
            }
          ]
        }
      ]
    },
    {
      "id": 108203,
      "levelList": [
        {
          "level": 1,
          "name": "Проведение анализа",
          "desc": "[WhenUse] При 10 и более <sprite name=\"Breath\"><color=#f8c200><u><link=\"Breath\">Кумара</link></u></color>, тратит свое <sprite name=\"Breath\"><color=#f8c200><u><link=\"Breath\">Кумар</link></u></color>, что бы получить +2 к Итоговой силе за каждые 3 потраченных <sprite name=\"Breath\"><color=#f8c200><u><link=\"Breath\">Кумара</link></u></color> (До 4)",
          "coinlist": [
            {
              "coindescs": [
                {
                  "desc": "<sprite name=\"SuperCoin\"><color=#9f6a3a><u><link=\"SuperCoin\">Вечная монета</link></u></color>"
                },
                {
                  "desc": "[OnSucceedAttack] Если цель имеет 5 и более счетчиков <sprite name=\"Vibration\"><color=#e30000><u><link=\"Vibration\">Тряски</link></u></color>, <sprite name=\"VibrationExplosion\"><color=#e30000><u><link=\"VibrationExplosion\">Трясет сучку</link></u></color>"
                },
                {
                  "desc": "[WinDuelAttack] Наносит 5 <sprite name=\"Vibration\"><color=#e30000><u><link=\"Vibration\">Тряски</link></u></color> и повышает его счетчик на 3"
                },
                {
                  "desc": "[CriticalOnSucceedAttack] <sprite name=\"VibrationExplosion\"><color=#e30000><u><link=\"VibrationExplosion\">Трясет сучку</link></u></color> дважды"
                }
              ]
            }
          ]
        }
      ]
    },
    {
      "id": 108204,
      "levelList": [
        {
          "level": 1,
          "name": "Инициирующая последовательность угасания",
          "desc": "[WhenUse] Тратит половину своей силы и счетчика <sprite name=\"Breath\"><color=#f8c200><u><link=\"Breath\">Кумара</link></u></color>\n- Получает (Сумма потраченных силы и счетчика <sprite name=\"Breath\"><color=#f8c200><u><link=\"Breath\">Кумара</link></u></color> / 2) Итоговой силы (До 20)\n- Наносит на (Сумма потраченных силы и счетчика <sprite name=\"Breath\"><color=#f8c200><u><link=\"Breath\">Кумара</link></u></color> × 2)% больше урона (До 50%)\n- На (Сумма потраченных силы и счетчика <sprite name=\"Breath\"><color=#f8c200><u><link=\"Breath\">Кумара</link></u></color> × 4)% больше урона при раскумаре (До 100%)\n[DefeatDuel] Теряет половину оставшегося счетчика <sprite name=\"Breath\"><color=#f8c200><u><link=\"Breath\">Кумара</link></u></color>",
          "coinlist": [
            {
              "coindescs": [
                {
                  "desc": "<sprite name=\"SuperCoin\"><color=#9f6a3a><u><link=\"SuperCoin\">Вечная монета</link></u></color>"
                },
                {
                  "desc": "Если не было получено урона по HP в прошлом ходе, удар становится раскумаром"
                },
                {
                  "desc": "В ином случае урон понижается на 80% и удар не становится раскумаром"
                },
                {
                  "desc": "[CriticalOnSucceedAttack] <sprite name=\"VibrationExplosion\"><color=#e30000><u><link=\"VibrationExplosion\">Трясет сучку</link></u></color> трижды"
                }
              ]
            }
          ]
        }
      ]
    },
    {
      "id": 108205,
      "levelList": [
        {
          "level": 1,
          "name": "Созерцание",
          "desc": "[WhenUse] Итоговая сила +1 за каждое <sprite name=\"Breath\"><color=#f8c200><u><link=\"Breath\">Кумар</link></u></color> (До 5)\n[WhenUse] Получает 4 <sprite name=\"Breath\"><color=#f8c200><u><link=\"Breath\">Кумара</link></u></color>\n- Если имеется щит, так же повышает свой счетчик <sprite name=\"Breath\"><color=#f8c200><u><link=\"Breath\">Кумара</link></u></color> на 2",
          "coinlist": [
            {}
          ]
        }
      ]
    }
  ]
}