﻿{
  "dataList": [
    {
      "id": 808202,
      "levelList": [
        {
          "level": 1,
          "name": "Глубокий укол",
          "coinlist": [
            {},
            {
              "coindescs": [
                {
                  "desc": "[OnSucceedAttack] Наносит 6 <sprite name=\"Laceration\"><color=#e30000><u><link=\"Laceration\">Кетчупа</link></u></color> на следующий ход"
                }
              ]
            }
          ]
        }
      ]
    },
    {
      "id": 808203,
      "levelList": [
        {
          "level": 1,
          "name": "Держание",
          "desc": "[StartBattle] Кладет <sprite name=\"MarkOfHeresy\"><color=#e30000><u><link=\"MarkOfHeresy\">Взор</link></u></color> на цель в следующем ходу",
          "coinlist": [
            {
              "coindescs": [
                {
                  "desc": ""
                }
              ]
            }
          ]
        }
      ]
    },
    {
      "id": 808204,
      "levelList": [
        {
          "level": 1,
          "name": "Хихиканье",
          "desc": "[WhenUse] Цель теряет 10 SP",
          "coinlist": [
            {
              "coindescs": [
                {
                  "desc": "[OnSucceedAttack] Получает 1 <sprite name=\"Enhancement\"><color=#f8c200><u><link=\"Enhancement\">Повышение силы атаки</link></u></color> на следующий ход"
                }
              ]
            }
          ]
        }
      ]
    },
    {
      "id": 808205,
      "levelList": [
        {
          "level": 1,
          "name": "Гвоздь, пронзающий грех",
          "coinlist": [
            {
              "coindescs": [
                {
                  "desc": "[OnSucceedAttack] Наносит 1 <sprite name=\"Nail\"><color=#e30000><u><link=\"Nail\">Гвозди Корп. N</link></u></color> на следующий ход"
                }
              ]
            },
            {
              "coindescs": [
                {
                  "desc": "[OnSucceedAttack] Наносит 1 <sprite name=\"Nail\"><color=#e30000><u><link=\"Nail\">Гвозди Корп. N</link></u></color> на следующий ход"
                }
              ]
            },
            {
              "coindescs": [
                {
                  "desc": "[OnSucceedAttack] Наносит 1 <sprite name=\"Nail\"><color=#e30000><u><link=\"Nail\">Гвозди Корп. N</link></u></color> на следующий ход"
                }
              ]
            }
          ]
        }
      ]
    },
    {
      "id": 808206,
      "levelList": [
        {
          "level": 1,
          "name": "Очищение",
          "desc": "[WhenUse] Если HP цели ниже 30%, Сила навыка +2",
          "coinlist": [
            {
              "coindescs": [
                {
                  "desc": "[OnSucceedAttack] Наносит 1 <sprite name=\"Nail\"><color=#e30000><u><link=\"Nail\">Гвозди Корп. N</link></u></color>"
                }
              ]
            },
            {
              "coindescs": [
                {
                  "desc": "[OnSucceedAttack] Наносит 1 <sprite name=\"Nail\"><color=#e30000><u><link=\"Nail\">Гвозди Корп. N</link></u></color>"
                }
              ]
            },
            {
              "coindescs": [
                {
                  "desc": "[OnSucceedAttack] Наносит 1 <sprite name=\"Nail\"><color=#e30000><u><link=\"Nail\">Гвозди Корп. N</link></u></color>"
                }
              ]
            },
            {
              "coindescs": [
                {
                  "desc": "[OnSucceedAttack] Если у цели 5+ <sprite name=\"Nail\"><color=#e30000><u><link=\"Nail\">Гвозди Корп. N</link></u></color>, оглушает ее и убирает все <sprite name=\"NailPersonality\"><color=#e30000><u><link=\"NailPersonality\">Гвозди</link></u></color>"
                }
              ]
            }
          ]
        }
      ]
    },
    {
      "id": 808208,
      "levelList": [
        {
          "level": 1,
          "name": "Я должна забрать ваши жизни!",
          "desc": "[DefeatDuel] Оглушается",
          "coinlist": [
            {
              "coindescs": [
                {
                  "desc": "[OnSucceedAttack] Оглушает цель и наносит 10 <sprite name=\"Vulnerable\"><color=#e30000><u><link=\"Vulnerable\">Уязвимостей</link></u></color> на следующий ход"
                }
              ]
            }
          ]
        }
      ]
    },
    {
      "id": 808210,
      "levelList": [
        {
          "level": 1,
          "name": "Вы – ничто",
          "desc": "[OnSucceedEvade] Атакующий теряет 5 SP",
          "coinlist": [
            {}
          ]
        }
      ]
    },
    {
      "id": 808301,
      "levelList": [
        {
          "level": 1,
          "name": "Крылья первого человека",
          "coinlist": [
            {}
          ]
        }
      ]
    },
    {
      "id": 808302,
      "levelList": [
        {
          "level": 1,
          "name": "Крылья первого человека",
          "coinlist": [
            {},
            {}
          ]
        }
      ]
    },
    {
      "id": 808303,
      "levelList": [
        {
          "level": 1,
          "name": "Невинное порхание",
          "coinlist": [
            {
              "coindescs": [
                {
                  "desc": "[OnSucceedAttack] Наносит 1 <sprite name=\"Binding\"><color=#e30000><u><link=\"Binding\">Понос</link></u></color> на следующий ход"
                },
                {
                  "desc": "[OnSucceedAttack] Наносит 1 <sprite name=\"Paralysis\"><color=#e30000><u><link=\"Paralysis\">Паралич</link></u></color> на следующий ход"
                }
              ]
            },
            {
              "coindescs": [
                {
                  "desc": "[OnSucceedAttack] Наносит 1 <sprite name=\"Binding\"><color=#e30000><u><link=\"Binding\">Понос</link></u></color> на следующий ход"
                },
                {
                  "desc": "[OnSucceedAttack] Наносит 1 <sprite name=\"Paralysis\"><color=#e30000><u><link=\"Paralysis\">Паралич</link></u></color> на следующий ход"
                }
              ]
            },
            {
              "coindescs": [
                {
                  "desc": "[OnSucceedAttack] Наносит 1 <sprite name=\"Binding\"><color=#e30000><u><link=\"Binding\">Понос</link></u></color> на следующий ход"
                },
                {
                  "desc": "[OnSucceedAttack] Наносит 1 <sprite name=\"Paralysis\"><color=#e30000><u><link=\"Paralysis\">Паралич</link></u></color> на следующий ход"
                }
              ]
            },
            {
              "coindescs": [
                {
                  "desc": "[OnSucceedAttack] Наносит 1 <sprite name=\"Binding\"><color=#e30000><u><link=\"Binding\">Понос</link></u></color> на следующий ход"
                },
                {
                  "desc": "[OnSucceedAttack] Наносит 1 <sprite name=\"Paralysis\"><color=#e30000><u><link=\"Paralysis\">Паралич</link></u></color> на следующий ход"
                }
              ]
            }
          ]
        }
      ]
    },
    {
      "id": 808304,
      "levelList": [
        {
          "level": 1,
          "name": "Сломанные крылья",
          "coinlist": [
            {
              "coindescs": [
                {
                  "desc": "[OnSucceedAttack] Наносит 1 <sprite name=\"Binding\"><color=#e30000><u><link=\"Binding\">Понос</link></u></color> на следующий ход"
                },
                {
                  "desc": "[OnSucceedAttack] Наносит 1 <sprite name=\"Paralysis\"><color=#e30000><u><link=\"Paralysis\">Паралич</link></u></color> на следующий ход"
                }
              ]
            },
            {
              "coindescs": [
                {
                  "desc": "[OnSucceedAttack] Наносит 1 <sprite name=\"Binding\"><color=#e30000><u><link=\"Binding\">Понос</link></u></color> на следующий ход"
                },
                {
                  "desc": "[OnSucceedAttack] Наносит 1 <sprite name=\"Paralysis\"><color=#e30000><u><link=\"Paralysis\">Паралич</link></u></color> на следующий ход"
                }
              ]
            }
          ]
        }
      ]
    },
    {
      "id": 808305,
      "levelList": [
        {
          "level": 1,
          "name": "Сломанные крылья",
          "coinlist": [
            {
              "coindescs": [
                {
                  "desc": "[OnSucceedAttack] Наносит 1 <sprite name=\"Binding\"><color=#e30000><u><link=\"Binding\">Понос</link></u></color> на следующий ход"
                },
                {
                  "desc": "[OnSucceedAttack] Наносит 1 <sprite name=\"Paralysis\"><color=#e30000><u><link=\"Paralysis\">Паралич</link></u></color> на следующий ход"
                }
              ]
            },
            {
              "coindescs": [
                {
                  "desc": "[OnSucceedAttack] Наносит 1 <sprite name=\"Binding\"><color=#e30000><u><link=\"Binding\">Понос</link></u></color> на следующий ход"
                },
                {
                  "desc": "[OnSucceedAttack] Наносит 1 <sprite name=\"Paralysis\"><color=#e30000><u><link=\"Paralysis\">Паралич</link></u></color> на следующий ход"
                }
              ]
            }
          ]
        }
      ]
    },
    {
      "id": 808306,
      "levelList": [
        {
          "level": 1,
          "name": "Разъяренное порхание",
          "coinlist": [
            {}
          ]
        }
      ]
    },
    {
      "id": 808307,
      "levelList": [
        {
          "level": 1,
          "name": "Благородное очищение",
          "coinlist": [
            {
              "coindescs": [
                {
                  "desc": "[OnSucceedAttack] Наносит 1 <sprite name=\"Vulnerable\"><color=#e30000><u><link=\"Vulnerable\">Уязвимость</link></u></color> на следующий ход"
                },
                {
                  "desc": "[OnSucceedAttack] Наносит 2 <sprite name=\"Laceration\"><color=#e30000><u><link=\"Laceration\">Кетчупа</link></u></color> на следующий ход"
                }
              ]
            },
            {
              "coindescs": [
                {
                  "desc": "[OnSucceedAttack] Наносит 1 <sprite name=\"Vulnerable\"><color=#e30000><u><link=\"Vulnerable\">Уязвимость</link></u></color> на следующий ход"
                },
                {
                  "desc": "[OnSucceedAttack] Наносит 2 <sprite name=\"Laceration\"><color=#e30000><u><link=\"Laceration\">Кетчупа</link></u></color> на следующий ход"
                }
              ]
            },
            {
              "coindescs": [
                {
                  "desc": "[OnSucceedAttack] Наносит 1 <sprite name=\"Vulnerable\"><color=#e30000><u><link=\"Vulnerable\">Уязвимость</link></u></color> на следующий ход"
                },
                {
                  "desc": "[OnSucceedAttack] Наносит 2 <sprite name=\"Laceration\"><color=#e30000><u><link=\"Laceration\">Кетчупа</link></u></color> на следующий ход"
                }
              ]
            }
          ]
        }
      ]
    },
    {
      "id": 808308,
      "levelList": [
        {
          "level": 1,
          "name": "Почтенное держание",
          "desc": "[WhenUse] Если HP цели ниже 30%, на 100% больше урона",
          "coinlist": [
            {
              "coindescs": [
                {
                  "desc": "[OnSucceedAttackHead] Если HP цели ниже 30%, убивает ее и восстанавливает 30 HP\nПолучает 2 <sprite name=\"Enhancement\"><color=#f8c200><u><link=\"Enhancement\">Повышения силы атаки</link></u></color> на следующий ход"
                }
              ]
            }
          ]
        }
      ]
    },
    {
      "id": 808309,
      "levelList": [
        {
          "level": 1,
          "name": "Покайтесь!!",
          "desc": "[WhenUse] Если HP цели ниже 30%, на 100% больше урона",
          "coinlist": [
            {
              "coindescs": [
                {
                  "desc": "[OnSucceedAttack] Наносит 5 <sprite name=\"Vulnerable\"><color=#e30000><u><link=\"Vulnerable\">Уязвимостей</link></u></color> на следующий ход"
                },
                {
                  "desc": "[OnSucceedAttack] Наносит 5 <sprite name=\"Laceration\"><color=#e30000><u><link=\"Laceration\">Кетчупа</link></u></color> на следующий ход"
                }
              ]
            }
          ]
        }
      ]
    },
    {
      "id": 808310,
      "levelList": [
        {
          "level": 1,
          "name": "Непорочная плоть",
          "coinlist": [
            {
              "coindescs": [
                {}
              ]
            }
          ]
        }
      ]
    },
    {
      "id": 808401,
      "levelList": [
        {
          "level": 1,
          "name": "Хлоп",
          "keywords": [
            "Reduction"
          ],
          "coinlist": [
            {
              "coindescs": [
                {
                  "desc": "[OnSucceedAttack] Наносит 1 <sprite name=\"Reduction\"><color=#e30000><u><link=\"Reduction\">Понижение силы атаки</link></u></color> на следующий ход"
                }
              ]
            }
          ]
        }
      ]
    },
    {
      "id": 808402,
      "levelList": [
        {
          "level": 1,
          "name": "Мощный хлопок",
          "keywords": [
            "Reduction"
          ],
          "coinlist": [
            {
              "coindescs": [
                {
                  "desc": "[OnSucceedAttackHead] Наносит 3 <sprite name=\"Reduction\"><color=#e30000><u><link=\"Reduction\">Понижения силы атаки</link></u></color> на следующий ход"
                }
              ]
            }
          ]
        }
      ]
    },
    {
      "id": 808403,
      "levelList": [
        {
          "level": 1,
          "name": "Хлест хвостом",
          "keywords": [
            "Vulnerable"
          ],
          "coinlist": [
            {
              "coindescs": [
                {
                  "desc": "[OnSucceedAttack] Наносит 1 <sprite name=\"Vulnerable\"><color=#e30000><u><link=\"Vulnerable\">Уязвимость</link></u></color> на следующий ход"
                }
              ]
            },
            {
              "coindescs": [
                {
                  "desc": "[OnSucceedAttackHead] Наносит 3 <sprite name=\"Vulnerable\"><color=#e30000><u><link=\"Vulnerable\">Уязвимости</link></u></color> на следующий ход"
                }
              ]
            }
          ]
        }
      ]
    },
    {
      "id": 808404,
      "levelList": [
        {
          "level": 1,
          "name": "Мешочный пресс",
          "keywords": [
            "Binding"
          ],
          "coinlist": [
            {
              "coindescs": [
                {
                  "desc": "[OnSucceedAttack] Наносит 3 <sprite name=\"Binding\"><color=#e30000><u><link=\"Binding\">Поноса</link></u></color> на следующий ход"
                }
              ]
            }
          ]
        }
      ]
    },
    {
      "id": 808405,
      "levelList": [
        {
          "level": 1,
          "name": "Кровавый выстрел",
          "keywords": [
            "Bleeding"
          ],
          "coinlist": [
            {
              "coindescs": [
                {
                  "desc": "[OnSucceedAttack] Наносит 5 <sprite name=\"Laceration\"><color=#e30000><u><link=\"Laceration\">Кетчупа</link></u></color>"
                },
                {
                  "desc": "[OnSucceedAttackHead] Наносит 20 <sprite name=\"Laceration\"><color=#e30000><u><link=\"Laceration\">Кетчупа</link></u></color>"
                }
              ]
            }
          ]
        }
      ]
    },
    {
      "id": 808406,
      "levelList": [
        {
          "level": 1,
          "name": "Свертывание крови",
          "keywords": [
            "Bleeding"
          ],
          "desc": "",
          "coinlist": [
            {
              "coindescs": [
                {
                  "desc": "[OnSucceedAttackHead] Наносит 30 <sprite name=\"Laceration\"><color=#e30000><u><link=\"Laceration\">Кетчупа</link></u></color>"
                }
              ]
            }
          ]
        }
      ]
    },
    {
      "id": 808501,
      "levelList": [
        {
          "level": 1,
          "name": "Когти",
          "coinlist": [
            {
              "coindescs": [
                {
                  "desc": "[OnSucceedAttack] Наносит 2 <sprite name=\"Laceration\"><color=#e30000><u><link=\"Laceration\">Кетчупа</link></u></color> на следующий ход"
                }
              ]
            }
          ]
        }
      ]
    },
    {
      "id": 808502,
      "levelList": [
        {
          "level": 1,
          "name": "Непрерывное напряжение",
          "coinlist": [
            {
              "coindescs": [
                {
                  "desc": "[OnSucceedAttack] Наносит 1 <sprite name=\"Burst\"><color=#e30000><u><link=\"Burst\">Зеленка</link></u></color> на следующий ход"
                }
              ]
            }
          ]
        }
      ]
    },
    {
      "id": 808503,
      "levelList": [
        {
          "level": 1,
          "name": "Поток электродвижения",
          "coinlist": [
            {
              "coindescs": [
                {
                  "desc": "[OnSucceedAttack] Наносит 1 <sprite name=\"Burst\"><color=#e30000><u><link=\"Burst\">Зеленка</link></u></color> на следующий ход"
                }
              ]
            },
            {
              "coindescs": [
                {
                  "desc": "[OnSucceedAttackHead] Наносит 4 <sprite name=\"Burst\"><color=#e30000><u><link=\"Burst\">Зеленки</link></u></color> на следующий ход"
                }
              ]
            }
          ]
        }
      ]
    },
    {
      "id": 808504,
      "levelList": [
        {
          "level": 1,
          "name": "Вой",
          "coinlist": [
            {
              "coindescs": [
                {
                  "desc": "[OnSucceedAttack] Наносит 2 <sprite name=\"Binding\"><color=#e30000><u><link=\"Binding\">Поноса</link></u></color> на следующий ход"
                },
                {
                  "desc": "[OnSucceedAttackHead] Наносит 4 <sprite name=\"Disarming\"><color=#e30000><u><link=\"Disarming\">Понижения силы защиты</link></u></color>"
                }
              ]
            }
          ]
        }
      ]
    },
    {
      "id": 808505,
      "levelList": [
        {
          "level": 1,
          "name": "Электризованный вой",
          "coinlist": [
            {
              "coindescs": [
                {
                  "desc": "[OnSucceedAttackHead] Наносит 3 <sprite name=\"Burst\"><color=#e30000><u><link=\"Burst\">Зеленки</link></u></color> на следующий ход"
                }
              ]
            }
          ]
        }
      ]
    },
    {
      "id": 808506,
      "levelList": [
        {
          "level": 1,
          "name": "Молниеотвод",
          "coinlist": [
            {
              "coindescs": [
                {
                  "desc": "[OnSucceedAttack] Наносит 2 <sprite name=\"Burst\"><color=#e30000><u><link=\"Burst\">Зеленки</link></u></color> на следующий ход"
                },
                {
                  "desc": "[OnSucceedAttackHead] Наносит 5 <sprite name=\"Burst\"><color=#e30000><u><link=\"Burst\">Зеленок</link></u></color> на следующий ход"
                }
              ]
            },
            {
              "coindescs": [
                {
                  "desc": ""
                }
              ]
            }
          ]
        }
      ]
    },
    {
      "id": 808507,
      "levelList": [
        {
          "level": 1,
          "name": "Красные молнии",
          "coinlist": [
            {
              "coindescs": [
                {
                  "desc": "[OnSucceedAttack] Наносит 10 <sprite name=\"Burst\"><color=#e30000><u><link=\"Burst\">Зеленок</link></u></color> на следующий ход"
                }
              ]
            },
            {
              "coindescs": [
                {
                  "desc": ""
                }
              ]
            }
          ]
        }
      ]
    },
    {
      "id": 808508,
      "levelList": [
        {
          "level": 1,
          "name": "Вой",
          "coinlist": [
            {
              "coindescs": [
                {
                  "desc": "[OnSucceedAttack] Наносит 2 <sprite name=\"Binding\"><color=#e30000><u><link=\"Binding\">Поноса</link></u></color> на следующий ход"
                },
                {
                  "desc": "[OnSucceedAttackHead] Наносит 4 <sprite name=\"Disarming\"><color=#e30000><u><link=\"Disarming\">Понижения силы защиты</link></u></color>"
                }
              ]
            }
          ]
        }
      ]
    },
    {
      "id": 808601,
      "levelList": [
        {
          "level": 1,
          "name": "Укус",
          "desc": "[WhenUse] Получает 2 <sprite name=\"SelfCharge\"><color=#9f6a3a><u><link=\"SelfCharge\">ПодСолей</link></u></color>\n[DefeatDuel] Теряет 1 <sprite name=\"SelfCharge\"><color=#9f6a3a><u><link=\"SelfCharge\">Подзаряд</link></u></color>",
          "coinlist": [
            {
              "coindescs": [
                {
                  "desc": "[OnSucceedAttack] Наносит 3 <sprite name=\"Laceration\"><color=#e30000><u><link=\"Laceration\">Кетчупа</link></u></color> и повышает его счетчик на 2"
                }
              ]
            }
          ]
        }
      ]
    },
    {
      "id": 808602,
      "levelList": [
        {
          "level": 1,
          "name": "Укол хвостом",
          "desc": "[WhenUse] Получает 2 <sprite name=\"SelfCharge\"><color=#9f6a3a><u><link=\"SelfCharge\">ПодСолей</link></u></color>\n[DefeatDuel] Теряет 1 <sprite name=\"SelfCharge\"><color=#9f6a3a><u><link=\"SelfCharge\">Подзаряд</link></u></color>",
          "coinlist": [
            {
              "coindescs": [
                {
                  "desc": "[OnSucceedAttack] Наносит 3 <sprite name=\"Laceration\"><color=#e30000><u><link=\"Laceration\">Кетчупа</link></u></color> и повышает его счетчик на 2"
                }
              ]
            },
            {
              "coindescs": [
                {
                  "desc": "[OnSucceedAttack] Наносит 2 <sprite name=\"Binding\"><color=#e30000><u><link=\"Binding\">Поноса</link></u></color> на следующий ход"
                }
              ]
            }
          ]
        }
      ]
    },
    {
      "id": 808603,
      "levelList": [
        {
          "level": 1,
          "name": "Обмотка",
          "desc": "[WhenUse] Получает 2 <sprite name=\"SelfCharge\"><color=#9f6a3a><u><link=\"SelfCharge\">ПодСолей</link></u></color>\n[DefeatDuel] Теряет 1 <sprite name=\"SelfCharge\"><color=#9f6a3a><u><link=\"SelfCharge\">Подзаряд</link></u></color>",
          "coinlist": [
            {
              "coindescs": [
                {
                  "desc": "[OnSucceedAttack] Наносит 2 <sprite name=\"Vulnerable\"><color=#e30000><u><link=\"Vulnerable\">Уязвимости</link></u></color>"
                },
                {
                  "desc": "[OnSucceedAttackHead] Наносит 2 <sprite name=\"Binding\"><color=#e30000><u><link=\"Binding\">Поноса</link></u></color> на следующий ход"
                }
              ]
            }
          ]
        }
      ]
    },
    {
      "id": 808604,
      "levelList": [
        {
          "level": 1,
          "name": "Электрическая нагрузка",
          "desc": "[WhenUse] Получает 1 <sprite name=\"SelfCharge\"><color=#9f6a3a><u><link=\"SelfCharge\">Подзаряд</link></u></color>\nНаносит на 10% больше урона целям с <sprite name=\"Paralysis\"><color=#e30000><u><link=\"Paralysis\">Параличом</link></u></color>",
          "coinlist": [
            {},
            {
              "coindescs": [
                {
                  "desc": "[OnSucceedAttack] Наносит 3 <sprite name=\"Paralysis\"><color=#e30000><u><link=\"Paralysis\">Паралича</link></u></color>"
                }
              ]
            }
          ]
        }
      ]
    },
    {
      "id": 808605,
      "levelList": [
        {
          "level": 1,
          "name": "Выпуск электричества",
          "desc": "[WhenUse] Получает 1 <sprite name=\"SelfCharge\"><color=#9f6a3a><u><link=\"SelfCharge\">Подзаряд</link></u></color>\nНаносит на 10% больше урона целям с <sprite name=\"Paralysis\"><color=#e30000><u><link=\"Paralysis\">Параличом</link></u></color>",
          "coinlist": [
            {},
            {},
            {
              "coindescs": [
                {
                  "desc": "[OnSucceedAttack] Наносит 3 <sprite name=\"Paralysis\"><color=#e30000><u><link=\"Paralysis\">Паралича</link></u></color>"
                }
              ]
            }
          ]
        }
      ]
    },
    {
      "id": 808606,
      "levelList": [
        {
          "level": 1,
          "name": "Электрический разряд",
          "desc": "[WhenUse] Получает 1 <sprite name=\"SelfCharge\"><color=#9f6a3a><u><link=\"SelfCharge\">Подзаряд</link></u></color>\nНаносит на 20% больше урона целям с <sprite name=\"Paralysis\"><color=#e30000><u><link=\"Paralysis\">Параличом</link></u></color>",
          "coinlist": [
            {
              "coindescs": [
                {
                  "desc": "[OnSucceedAttack] Наносит 2 <sprite name=\"Vulnerable\"><color=#e30000><u><link=\"Vulnerable\">Уязвимости</link></u></color>"
                }
              ]
            },
            {
              "coindescs": [
                {
                  "desc": "[OnSucceedAttack] Наносит 5 <sprite name=\"Paralysis\"><color=#e30000><u><link=\"Paralysis\">Параличей</link></u></color>"
                }
              ]
            }
          ]
        }
      ]
    },
    {
      "id": 808607,
      "levelList": [
        {
          "level": 1,
          "name": "Высоковольтный электрический разряд",
          "desc": "При 11 и более <sprite name=\"SelfCharge\"><color=#9f6a3a><u><link=\"SelfCharge\">ПодСолях</link></u></color> наносит на 10% больше урона за каждый <sprite name=\"SelfCharge\"><color=#9f6a3a><u><link=\"SelfCharge\">Подзаряд</link></u></color> свыше 10\nТратит весь <sprite name=\"SelfCharge\"><color=#9f6a3a><u><link=\"SelfCharge\">Подзаряд</link></u></color>",
          "coinlist": [
            {
              "coindescs": [
                {
                  "desc": "[OnSucceedAttack] Наносит 2 <sprite name=\"Vulnerable\"><color=#e30000><u><link=\"Vulnerable\">Уязвимости</link></u></color>"
                }
              ]
            },
            {
              "coindescs": [
                {
                  "desc": "[OnSucceedAttack] Если у цели есть <sprite name=\"ElectricStorage\"><color=#9f6a3a><u><link=\"ElectricStorage\">Конденсатор</link></u></color>, наносит 40% от нанесенного урона фиксированным уроном"
                },
                {
                  "desc": "[OnSucceedAttack] Наносит 3 <sprite name=\"Paralysis\"><color=#e30000><u><link=\"Paralysis\">Паралича</link></u></color> и 1 <sprite name=\"ElectricStorage\"><color=#9f6a3a><u><link=\"ElectricStorage\">Конденсатор</link></u></color>"
                }
              ]
            }
          ]
        }
      ]
    },
    {
      "id": 808608,
      "levelList": [
        {
          "level": 1,
          "name": "Свернуться",
          "desc": "Если этот навык находится на слоте навыков, получает щит, равный текущим HP головы",
          "coinlist": [
            {}
          ]
        }
      ]
    },
    {
      "id": 808609,
      "levelList": [
        {
          "level": 1,
          "name": "Извивающаяся голова",
          "desc": "Нацеливается на противника с наименьшими HP\n[WhenUse] Тратит 2 <sprite name=\"SelfCharge\"><color=#9f6a3a><u><link=\"SelfCharge\">ПодСолей</link></u></color>\n[DefeatDuel] Теряет 2 <sprite name=\"SelfCharge\"><color=#9f6a3a><u><link=\"SelfCharge\">ПодСолей</link></u></color>",
          "coinlist": [
            {},
            {
              "coindescs": [
                {
                  "desc": "[OnSucceedAttack] Наносит 3 <sprite name=\"Paralysis\"><color=#e30000><u><link=\"Paralysis\">Паралича</link></u></color>"
                }
              ]
            }
          ]
        }
      ]
    },
    {
      "id": 808610,
      "levelList": [
        {
          "level": 1,
          "name": "Извивающийся хвост",
          "desc": "Нацеливается на противника с наименьшими HP\n[WhenUse] Тратит 2 <sprite name=\"SelfCharge\"><color=#9f6a3a><u><link=\"SelfCharge\">ПодСолей</link></u></color>\n[DefeatDuel] Теряет 2 <sprite name=\"SelfCharge\"><color=#9f6a3a><u><link=\"SelfCharge\">ПодСолей</link></u></color>",
          "coinlist": [
            {},
            {},
            {
              "coindescs": [
                {
                  "desc": "[OnSucceedAttack] Наносит 3 <sprite name=\"Paralysis\"><color=#e30000><u><link=\"Paralysis\">Паралича</link></u></color>"
                }
              ]
            }
          ]
        }
      ]
    },
    {
      "id": 808701,
      "levelList": [
        {
          "level": 1,
          "name": "Пасмурный стон",
          "desc": "",
          "coinlist": [
            {
              "coindescs": [
                {
                  "desc": "[OnSucceedAttack] Наносит 3 <sprite name=\"Sinking\"><color=#e30000><u><link=\"Sinking\">Депрессии</link></u></color>"
                }
              ]
            }
          ]
        }
      ]
    },
    {
      "id": 808702,
      "levelList": [
        {
          "level": 1,
          "name": "Разбушевавшееся укрытие",
          "desc": "",
          "coinlist": [
            {
              "coindescs": [
                {
                  "desc": "[OnSucceedAttack] Повышает счетчик <sprite name=\"Sinking\"><color=#e30000><u><link=\"Sinking\">Депрессии</link></u></color> на 2"
                }
              ]
            },
            {
              "coindescs": [
                {
                  "desc": "[OnSucceedAttack] Наносит 3 <sprite name=\"Sinking\"><color=#e30000><u><link=\"Sinking\">Депрессии</link></u></color>"
                }
              ]
            }
          ]
        }
      ]
    },
    {
      "id": 808703,
      "levelList": [
        {
          "level": 1,
          "name": "Скачок печали",
          "desc": "",
          "coinlist": [
            {
              "coindescs": [
                {
                  "desc": "[OnSucceedAttack] Повышает счетчик <sprite name=\"Burst\"><color=#e30000><u><link=\"Burst\">Зеленки</link></u></color> на 3"
                }
              ]
            },
            {
              "coindescs": [
                {
                  "desc": "[OnSucceedAttack] Наносит 2 <sprite name=\"Burst\"><color=#e30000><u><link=\"Burst\">Зеленки</link></u></color>"
                }
              ]
            }
          ]
        }
      ]
    },
    {
      "id": 808704,
      "levelList": [
        {
          "level": 1,
          "name": "Поток печали",
          "desc": "",
          "coinlist": [
            {
              "coindescs": [
                {
                  "desc": "[OnSucceedAttack] Повышает счетчик <sprite name=\"Burst\"><color=#e30000><u><link=\"Burst\">Зеленки</link></u></color> на 3"
                }
              ]
            },
            {
              "coindescs": [
                {
                  "desc": "[OnSucceedAttack] Наносит 3 <sprite name=\"Burst\"><color=#e30000><u><link=\"Burst\">Зеленки</link></u></color>"
                },
                {
                  "desc": "[OnSucceedAttackHead] Наносит 2 <sprite name=\"Burst\"><color=#e30000><u><link=\"Burst\">Зеленки</link></u></color>"
                }
              ]
            }
          ]
        }
      ]
    },
    {
      "id": 808705,
      "levelList": [
        {
          "level": 1,
          "name": "Плач в поисках чего-то",
          "desc": "[WhenUse] Призывает Старый зонт в следующем ходе",
          "coinlist": [
            {
              "coindescs": [
                {
                  "desc": "[OnSucceedAttack] Наносит 5 <sprite name=\"Sinking\"><color=#e30000><u><link=\"Sinking\">Депрессии</link></u></color>"
                },
                {
                  "desc": "[OnSucceedAttackHead] Наносит на 15% больше урона за каждый Старый зонт"
                }
              ]
            }
          ]
        }
      ]
    },
    {
      "id": 808706,
      "levelList": [
        {
          "level": 1,
          "name": "Ожидание",
          "desc": "[StartBattle] Все противники теряют 20 SP",
          "coinlist": [
            {}
          ]
        }
      ]
    },
    {
      "id": 808801,
      "levelList": [
        {
          "level": 1,
          "name": "Рассеивающаяся грусть",
          "desc": "[EndSkill] Повышает счетчик <sprite name=\"Burst\"><color=#e30000><u><link=\"Burst\">Зеленки</link></u></color> и <sprite name=\"Sinking\"><color=#e30000><u><link=\"Sinking\">Депрессии</link></u></color> на 2 всем противникам",
          "coinlist": [
            {}
          ]
        }
      ]
    },
    {
      "id": 808901,
      "levelList": [
        {
          "level": 1,
          "name": "Приклеенный оберег",
          "desc": "[WhenUse] Наносит 2 <sprite name=\"WrappedCurseTag\"><color=#9f6a3a><u><link=\"WrappedCurseTag\">Приклеенных оберега проклятия</link></u></color>",
          "coinlist": [
            {
              "coindescs": [
                {
                  "desc": "[OnSucceedAttack] Наносит 2 <sprite name=\"Burst\"><color=#e30000><u><link=\"Burst\">Зеленки</link></u></color> и +2 счетчика <sprite name=\"Burst\"><color=#e30000><u><link=\"Burst\">Зеленка</link></u></color> на следующий ход"
                }
              ]
            }
          ]
        }
      ]
    },
    {
      "id": 808902,
      "levelList": [
        {
          "level": 1,
          "name": "Накапливающееся проклятие",
          "desc": "[WhenUse] Наносит 1 <sprite name=\"WrappedCurseTag\"><color=#9f6a3a><u><link=\"WrappedCurseTag\">Приклеенный оберег проклятия</link></u></color>",
          "coinlist": [
            {
              "coindescs": [
                {
                  "desc": "[OnSucceedAttack] Удваивает <sprite name=\"WrappedCurseTagRe\"><color=#9f6a3a><u><link=\"WrappedCurseTag\">Приклеенные обереги проклятия</link></u></color> на цели"
                }
              ]
            },
            {
              "coindescs": [
                {
                  "desc": "[OnSucceedAttackHead] Наносит 5 <sprite name=\"Burst\"><color=#e30000><u><link=\"Burst\">Зеленок</link></u></color> на следующий ход"
                }
              ]
            },
            {
              "coindescs": [
                {
                  "desc": "[OnSucceedAttackHead] Наносит 2 <sprite name=\"Burst\"><color=#e30000><u><link=\"Burst\">Зеленки</link></u></color> и повышает его счетчик на 2 на следующий ход"
                }
              ]
            }
          ]
        }
      ]
    },
    {
      "id": 808903,
      "levelList": [
        {
          "level": 1,
          "name": "Чтобы никто не плакал",
          "desc": "[EndBattle] Убирает все <sprite name=\"ReattachedCurseTag_Re\"><color=#9f6a3a><u><link=\"ReattachedCurseTag\">Переклеенные обереги проклятия</link></u></color>",
          "coinlist": [
            {},
            {},
            {},
            {},
            {
              "coindescs": [
                {
                  "desc": "[OnSucceedAttack] Наносит 5 <sprite name=\"Paralysis\"><color=#e30000><u><link=\"Paralysis\">Паралича</link></u></color> на следующий ход"
                },
                {
                  "desc": "[OnSucceedAttackHead] Наносит 5 <sprite name=\"Binding\"><color=#e30000><u><link=\"Binding\">Связываний</link></u></color> на следующий ход"
                }
              ]
            }
          ]
        }
      ]
    },
    {
      "id": 808904,
      "levelList": [
        {
          "level": 1,
          "name": "Передача оберега",
          "desc": "[WhenUse] Переносит все <sprite name=\"WrappedCurseTag\"><color=#9f6a3a><u><link=\"WrappedCurseTag\">Приклеенные обереги проклятия</link></u></color> с цели на себя",
          "coinlist": [
            {}
          ]
        }
      ]
    },
    {
      "id": 808905,
      "levelList": [
        {
          "level": 1,
          "name": "Растущее проклятие",
          "desc": "[WhenUse] Удваивает <sprite name=\"WrappedCurseTagRe\"><color=#9f6a3a><u><link=\"WrappedCurseTagRe\">Приклеенные обереги проклятия</link></u></color> на цели",
          "coinlist": [
            {}
          ]
        }
      ]
    },
    {
      "id": 809001,
      "levelList": [
        {
          "level": 1,
          "name": "Хочешь выпить?",
          "desc": "В столкновении дает 1 <sprite name=\"Exalted\"><color=#9f6a3a><u><link=\"Exalted\">Повышение морали</link></u></color>",
          "coinlist": [
            {
              "coindescs": [
                {
                  "desc": "[OnSucceedAttack] Наносит 5 <sprite name=\"Vibration\"><color=#e30000><u><link=\"Vibration\">Тряски</link></u></color> и повышает его счетчик на 2"
                }
              ]
            }
          ]
        }
      ]
    },
    {
      "id": 809002,
      "levelList": [
        {
          "level": 1,
          "name": "Выпьем вместе!",
          "desc": "В столкновении дает 2 <sprite name=\"Exalted\"><color=#9f6a3a><u><link=\"Exalted\">Повышения морали</link></u></color>\n[WhenUse] Восстанавливает 5% HP",
          "coinlist": [
            {
              "coindescs": [
                {
                  "desc": "[OnSucceedAttack] Наносит 2 <sprite name=\"Binding\"><color=#e30000><u><link=\"Binding\">Поноса</link></u></color> на следующий ход"
                }
              ]
            }
          ]
        }
      ]
    },
    {
      "id": 809003,
      "levelList": [
        {
          "level": 1,
          "name": "На этом у меня все!",
          "desc": "В столкновении дает 2 <sprite name=\"Exalted\"><color=#9f6a3a><u><link=\"Exalted\">Повышения морали</link></u></color>\nВ приоритете противники <sprite name=\"Vibration\"><color=#e30000><u><link=\"Vibration\">Тряской</link></u></color>",
          "coinlist": [
            {},
            {
              "coindescs": [
                {
                  "desc": "[OnSucceedAttack] <sprite name=\"VibrationExplosion\"><color=#e30000><u><link=\"VibrationExplosion\">Трясет сучку</link></u></color> цели на все его счетчики"
                }
              ]
            }
          ]
        }
      ]
    },
    {
      "id": 809004,
      "levelList": [
        {
          "level": 1,
          "name": "Возьму-ка это!",
          "desc": "[CantDuel]\nНельзя перехватить атаку\nПриоритет на противников с <sprite name=\"Exalted\"><color=#9f6a3a><u><link=\"Exalted\">Повышением морали</link></u></color>\nЕсли у цели нет <sprite name=\"TipsinessRail\"><color=#9f6a3a><u><link=\"TipsinessRail\">Опьянения</link></u></color>, Сила в столкновении +5",
          "coinlist": [
            {
              "coindescs": [
                {
                  "desc": "[OnSucceedAttack] Если у цели есть <sprite name=\"Exalted\"><color=#9f6a3a><u><link=\"Exalted\">Повышение морали</link></u></color>, наносит на 10% больше урона за каждый счетчик"
                },
                {
                  "desc": "[OnSucceedAttack] Если у цели есть <sprite name=\"TipsinessRail\"><color=#9f6a3a><u><link=\"TipsinessRail\">Опьянение</link></u></color>, наносит 0 урона и теряет 50 HP"
                },
                {
                  "desc": "[OnSucceedAttack] Убирает все <sprite name=\"Exalted\"><color=#9f6a3a><u><link=\"Exalted\">Повышения морали</link></u></color> или <sprite name=\"TipsinessRail\"><color=#9f6a3a><u><link=\"TipsinessRail\">Опьянения</link></u></color>"
                }
              ]
            }
          ]
        }
      ]
    },
    {
      "id": 809005,
      "levelList": [
        {
          "level": 1,
          "name": "Возьму-ка это!",
          "desc": "Приоритет на противников с <sprite name=\"Exalted\"><color=#9f6a3a><u><link=\"Exalted\">Повышением морали</link></u></color>\nЕсли у цели нет <sprite name=\"TipsinessRail\"><color=#9f6a3a><u><link=\"TipsinessRail\">Опьянения</link></u></color>, Сила в столкновении +5",
          "coinlist": [
            {
              "coindescs": [
                {
                  "desc": "[OnSucceedAttack] Если у цели есть <sprite name=\"Exalted\"><color=#9f6a3a><u><link=\"Exalted\">Повышение морали</link></u></color>, наносит на 100% больше урона за каждый счетчик"
                },
                {
                  "desc": "[OnSucceedAttack] Если у цели есть <sprite name=\"TipsinessRail\"><color=#9f6a3a><u><link=\"TipsinessRail\">Опьянение</link></u></color>, наносит 0 урона и теряет 50 HP"
                },
                {
                  "desc": "[OnSucceedAttack] Убирает все <sprite name=\"Exalted\"><color=#9f6a3a><u><link=\"Exalted\">Повышения морали</link></u></color> или <sprite name=\"TipsinessRail\"><color=#9f6a3a><u><link=\"TipsinessRail\">Опьянения</link></u></color>"
                }
              ]
            }
          ]
        }
      ]
    },
    {
      "id": 809006,
      "levelList": [
        {
          "level": 1,
          "name": "Не в этот раз!",
          "desc": "Приоритет на Вино феи",
          "coinlist": [
            {
              "coindescs": [
                {
                  "desc": "[OnSucceedAttack] Если атакует Вино феи, восстанавливает 10% HP в следующем ходе и получает 2 <sprite name=\"Enhancement\"><color=#f8c200><u><link=\"Enhancement\">Повышения силы атаки</link></u></color>, 2 <sprite name=\"Agility\"><color=#f8c200><u><link=\"Agility\">Спешки</link></u></color> и 2 <sprite name=\"Protection\"><color=#f8c200><u><link=\"Protection\">Защищенности</link></u></color>"
                }
              ]
            }
          ]
        }
      ]
    },
    {
      "id": 809007,
      "levelList": [
        {
          "level": 1,
          "name": "Нравится это пойло?",
          "desc": "[WhenUse] Получает 1 <sprite name=\"Binding\"><color=#e30000><u><link=\"Binding\">Понос</link></u></color> на следующий ход",
          "coinlist": [
            {}
          ]
        }
      ]
    },
    {
      "id": 809101,
      "levelList": [
        {
          "level": 1,
          "name": "Вино феи",
          "desc": "[WhenUse] Превращает <sprite name=\"Exalted\"><color=#9f6a3a><u><link=\"Exalted\">Повышение морали</link></u></color> цели в <sprite name=\"TipsinessRail\"><color=#9f6a3a><u><link=\"TipsinessRail\">Опьянение</link></u></color>",
          "coinlist": [
            {}
          ]
        }
      ]
    },
    {
      "id": 809201,
      "levelList": [
        {
          "level": 1,
          "name": "Беглые раны",
          "desc": "",
          "coinlist": [
            {
              "coindescs": [
                {
                  "desc": "[OnSucceedAttack] Если на цели есть <sprite name=\"Laceration\"><color=#e30000><u><link=\"Laceration\">Кетчуп</link></u></color>, наносит 1 <sprite name=\"Paralysis\"><color=#e30000><u><link=\"Paralysis\">Паралич</link></u></color>"
                },
                {
                  "desc": "[OnSucceedAttack] Повышает счетчик <sprite name=\"Laceration\"><color=#e30000><u><link=\"Laceration\">Кетчупа</link></u></color> на 3"
                },
                {
                  "desc": "[OnSucceedAttack] Если на цели 2 и более счетчика <sprite name=\"Laceration\"><color=#e30000><u><link=\"Laceration\">Кетчупа</link></u></color>, наносит 5 <sprite name=\"Laceration\"><color=#e30000><u><link=\"Laceration\">Кетчупа</link></u></color>"
                }
              ]
            }
          ]
        }
      ]
    },
    {
      "id": 809202,
      "levelList": [
        {
          "level": 1,
          "name": "Тянущаяся травма",
          "desc": "",
          "coinlist": [
            {
              "coindescs": [
                {
                  "desc": "[OnSucceedAttack] Если на цели есть <sprite name=\"Laceration\"><color=#e30000><u><link=\"Laceration\">Кетчуп</link></u></color>, наносит 1 <sprite name=\"Binding\"><color=#e30000><u><link=\"Binding\">Понос</link></u></color> на следующий ход"
                },
                {
                  "desc": "[OnSucceedAttack] Наносит 3 <sprite name=\"Laceration\"><color=#e30000><u><link=\"Laceration\">Кетчупа</link></u></color>"
                }
              ]
            }
          ]
        }
      ]
    },
    {
      "id": 809203,
      "levelList": [
        {
          "level": 1,
          "name": "Измазанное тело",
          "desc": "",
          "coinlist": [
            {
              "coindescs": [
                {
                  "desc": "[OnSucceedAttack] Наносит 3 <sprite name=\"Laceration\"><color=#e30000><u><link=\"Laceration\">Кетчупа</link></u></color>"
                },
                {
                  "desc": "[OnSucceedAttack] Если у цели есть <sprite name=\"Laceration\"><color=#e30000><u><link=\"Laceration\">Кетчуп</link></u></color>, восстанавливает 20 HP"
                }
              ]
            },
            {
              "coindescs": [
                {
                  "desc": "[OnSucceedAttack] Если у цели 2 и более счетчика <sprite name=\"Laceration\"><color=#e30000><u><link=\"Laceration\">Кетчупа</link></u></color>, Наносит 5 <sprite name=\"Laceration\"><color=#e30000><u><link=\"Laceration\">Кетчупа</link></u></color>"
                }
              ]
            }
          ]
        }
      ]
    },
    {
      "id": 809204,
      "levelList": [
        {
          "level": 1,
          "name": "Отбрасывающий тень",
          "desc": "[WhenUse] Призывает Гигантский клевер в следующем ходе\n[WhenUse] Наносит на 5% больше урона за каждый счетчик <sprite name=\"Laceration\"><color=#e30000><u><link=\"Laceration\">Кетчупа</link></u></color> на цели\n[DefeatDuel] Гигантский клевер призывается с 70% HP",
          "coinlist": [
            {
              "coindescs": [
                {
                  "desc": "[OnSucceedAttack] Убирает все счетчики <sprite name=\"Laceration\"><color=#e30000><u><link=\"Laceration\">Кетчуп</link></u></color>"
                }
              ]
            }
          ]
        }
      ]
    },
    {
      "id": 809205,
      "levelList": [
        {
          "level": 1,
          "name": "Поглощение",
          "desc": "",
          "coinlist": [
            {
              "coindescs": [
                {
                  "desc": "[OnSucceedAttack] Восстанавливает 1% от максимальных HP за каждое <sprite name=\"Laceration\"><color=#e30000><u><link=\"Laceration\">Кетчуп</link></u></color> у цели\nУбирает все счетчики <sprite name=\"Laceration\"><color=#e30000><u><link=\"Laceration\">Кетчуп</link></u></color>"
                }
              ]
            }
          ]
        }
      ]
    },
    {
      "id": 809401,
      "levelList": [
        {
          "level": 1,
          "name": "Росток",
          "desc": ""
        }
      ]
    },
    {
      "id": 809402,
      "levelList": [
        {
          "level": 1,
          "name": "Золотой фрукт",
          "coinlist": [
            {
              "coindescs": [
                {
                  "desc": "[DefeatDuel] Получает 20 урона"
                },
                {
                  "desc": "[DefeatDuel] Теряет 1 <sprite name=\"BeingGolden\"><color=#f8c200><u><link=\"BeingGolden\">Золотой блеск</link></u></color>"
                }
              ]
            }
          ]
        }
      ]
    },
    {
      "id": 809403,
      "levelList": [
        {
          "level": 1,
          "name": "Чистое золото",
          "coinlist": [
            {}
          ]
        }
      ]
    },
    {
      "id": 809501,
      "levelList": [
        {
          "level": 1,
          "name": "Питательные вещества",
          "coinlist": [
            {},
            {
              "coindescs": [
                {
                  "desc": "[OnSucceedAttack] Тело восстанавливает 3 HP"
                }
              ]
            },
            {}
          ]
        }
      ]
    },
    {
      "id": 809502,
      "levelList": [
        {
          "level": 1,
          "name": "Разлагающаяся плоть",
          "coinlist": [
            {
              "coindescs": [
                {
                  "desc": "[OnSucceedAttack] Повышает счетчик <sprite name=\"Laceration\"><color=#e30000><u><link=\"Laceration\">Кетчупа</link></u></color> на 3 на следующий ход"
                },
                {
                  "desc": "[OnSucceedAttack] Наносит 2 <sprite name=\"Vulnerable\"><color=#e30000><u><link=\"Vulnerable\">Уязвимости</link></u></color> на следующий ход"
                }
              ]
            }
          ]
        }
      ]
    },
    {
      "id": 809503,
      "levelList": [
        {
          "level": 1,
          "name": "Опутать",
          "coinlist": [
            {},
            {
              "coindescs": [
                {
                  "desc": "[OnSucceedAttack] Тело восстанавливает 10 HP"
                },
                {
                  "desc": "[OnSucceedAttack] Наносит 5 <sprite name=\"Laceration\"><color=#e30000><u><link=\"Laceration\">Кетчупа</link></u></color> на следующий ход"
                }
              ]
            }
          ]
        }
      ]
    },
    {
      "id": 809601,
      "levelList": [
        {
          "level": 1,
          "name": "Таран",
          "desc": "",
          "coinlist": [
            {
              "coindescs": [
                {
                  "desc": "[OnSucceedAttack] Наносит 3 <sprite name=\"Combustion\"><color=#e30000><u><link=\"Combustion\">Изжоги</link></u></color>"
                }
              ]
            },
            {
              "coindescs": [
                {
                  "desc": "[OnSucceedAttack] Наносит 3 <sprite name=\"Combustion\"><color=#e30000><u><link=\"Combustion\">Изжоги</link></u></color>"
                }
              ]
            }
          ]
        }
      ]
    },
    {
      "id": 809602,
      "levelList": [
        {
          "level": 1,
          "name": "Зажать",
          "desc": "",
          "coinlist": [
            {
              "coindescs": [
                {
                  "desc": "[OnSucceedAttack] Повышает счетчик <sprite name=\"Combustion\"><color=#e30000><u><link=\"Combustion\">Изжоги</link></u></color> на 2"
                }
              ]
            }
          ]
        }
      ]
    },
    {
      "id": 809603,
      "levelList": [
        {
          "level": 1,
          "name": "Натиск",
          "desc": "",
          "coinlist": [
            {
              "coindescs": [
                {
                  "desc": "[OnSucceedAttack] Наносит 2 <sprite name=\"Combustion\"><color=#e30000><u><link=\"Combustion\">Изжоги</link></u></color>"
                },
                {
                  "desc": "[OnSucceedAttack] Повышает границы выносливости на 20% от нанесенного урона"
                }
              ]
            },
            {
              "coindescs": [
                {
                  "desc": "[OnSucceedAttack] Наносит 2 <sprite name=\"Combustion\"><color=#e30000><u><link=\"Combustion\">Изжоги</link></u></color>"
                },
                {
                  "desc": "[OnSucceedAttack] Повышает границы выносливости на 20% от нанесенного урона"
                }
              ]
            },
            {
              "coindescs": [
                {
                  "desc": "[OnSucceedAttack] Наносит 2 <sprite name=\"Combustion\"><color=#e30000><u><link=\"Combustion\">Изжоги</link></u></color>"
                },
                {
                  "desc": "[OnSucceedAttack] Повышает границы выносливости на 20% от нанесенного урона"
                }
              ]
            }
          ]
        }
      ]
    },
    {
      "id": 809604,
      "levelList": [
        {
          "level": 1,
          "name": "Переполняющая печаль",
          "desc": "[DefeatDuel] Получает 1 <sprite name=\"Bull_Sadness\"><color=#9f6a3a><u><link=\"Bull_Sadness\">Нерешенную печаль</link></u></color>",
          "coinlist": [
            {
              "coindescs": [
                {
                  "desc": "[OnSucceedAttack] Цель теряет 15 SP"
                },
                {
                  "desc": "[OnSucceedAttack] Повышает границы выносливости на 50% от нанесенного урона"
                }
              ]
            }
          ]
        }
      ]
    },
    {
      "id": 809605,
      "levelList": [
        {
          "level": 1,
          "name": "Обожженные крики",
          "desc": "[WinDuel] Получает 1 <sprite name=\"Agility\"><color=#f8c200><u><link=\"Agility\">Спешку</link></u></color> и 1 <sprite name=\"Enhancement\"><color=#f8c200><u><link=\"Enhancement\">Повышение силы атаки</link></u></color> на следующий ход",
          "coinlist": [
            {
              "coindescs": [
                {
                  "desc": "[OnSucceedAttack] Наносит 1 <sprite name=\"Bull_BuzzingEmotion\"><color=#9f6a3a><u><link=\"Bull_BuzzingEmotion\">Бурлящие эмоции</link></u></color>"
                },
                {
                  "desc": "[OnSucceedAttack] Повышает счетчик <sprite name=\"Sinking\"><color=#e30000><u><link=\"Sinking\">Депрессии</link></u></color> на 3"
                }
              ]
            }
          ]
        }
      ]
    },
    {
      "id": 809606,
      "levelList": [
        {
          "level": 1,
          "name": "Обожженные крики",
          "desc": "[WinDuel] Получает 1 <sprite name=\"Agility\"><color=#f8c200><u><link=\"Agility\">Спешку</link></u></color> и 1 <sprite name=\"Enhancement\"><color=#f8c200><u><link=\"Enhancement\">Повышение силы атаки</link></u></color> на следующий ход",
          "coinlist": [
            {
              "coindescs": [
                {
                  "desc": "[OnSucceedAttack] Наносит 1 <sprite name=\"Bull_BuzzingEmotion\"><color=#9f6a3a><u><link=\"Bull_BuzzingEmotion\">Бурлящие эмоции</link></u></color>"
                },
                {
                  "desc": "[OnSucceedAttack] Наносит 2 <sprite name=\"Sinking\"><color=#e30000><u><link=\"Sinking\">Депрессии</link></u></color>"
                }
              ]
            },
            {
              "coindescs": [
                {
                  "desc": "[OnSucceedAttack] Наносит 1 <sprite name=\"Bull_BuzzingEmotion\"><color=#9f6a3a><u><link=\"Bull_BuzzingEmotion\">Бурлящие эмоции</link></u></color>"
                },
                {
                  "desc": "[OnSucceedAttack] Наносит 2 <sprite name=\"Sinking\"><color=#e30000><u><link=\"Sinking\">Депрессии</link></u></color>"
                }
              ]
            }
          ]
        }
      ]
    }
  ]
}