{
  "dataList": [
    {
      "id": 2030511,
      "levelList": [
        {
          "level": 1,
          "name": "Пирамида Хеопса",
          "abName": "Хз при чем он тут",
          "desc": "",
          "coinlist": [
            {
              "coindescs": [
                {
                  "desc": "[OnSucceedAttack] Наносит +3 <sprite name=\"Laceration\"><color=#e30000><u><link=\"Laceration\">Кетчуп</link></u></color> Счетчика<style=\"highlight\"></style>"
                },
                {
                  "desc": "[OnSucceedAttack] Наносит 4 <sprite name=\"Vibration\"><color=#e30000><u><link=\"Vibration\">Тряска</link></u></color><style=\"highlight\"></style>"
                }
              ]
            }
          ]
        },
        {
          "level": 3,
          "name": "Пирамида Хеопса",
          "abName": "Хз при чем он тут",
          "desc": "",
          "coinlist": [
            {
              "coindescs": [
                {
                  "desc": "[OnSucceedAttack] Наносит +4 <sprite name=\"Laceration\"><color=#e30000><u><link=\"Laceration\">Кетчуп</link></u></color> Счетчика<style=\"highlight\"></style>"
                },
                {
                  "desc": "[OnSucceedAttack] Наносит 5 <sprite name=\"Vibration\"><color=#e30000><u><link=\"Vibration\">Тряска</link></u></color><style=\"highlight\"></style>"
                },
                {
                  "desc": "[OnSucceedAttackHead] Наносит 2 <sprite name=\"Paralysis\"><color=#e30000><u><link=\"Paralysis\">Паралич</link></u></color><style=\"highlight\"></style>"
                }
              ]
            }
          ]
        },
        {
          "level": 4,
          "name": "Пирамида Хеопса",
          "abName": "Хз при чем он тут",
          "desc": "",
          "coinlist": [
            {
              "coindescs": [
                {
                  "desc": "[OnSucceedAttack] Наносит +4 <sprite name=\"Laceration\"><color=#e30000><u><link=\"Laceration\">Кетчуп</link></u></color> Счетчика<style=\"highlight\"></style>"
                },
                {
                  "desc": "[OnSucceedAttack] Наносит 5 <sprite name=\"Vibration\"><color=#e30000><u><link=\"Vibration\">Тряска</link></u></color><style=\"highlight\"></style>"
                },
                {
                  "desc": "[OnSucceedAttackHead] Наносит 2 <sprite name=\"Paralysis\"><color=#e30000><u><link=\"Paralysis\">Паралич</link></u></color><style=\"highlight\"></style>"
                }
              ]
            }
          ]
        }
      ]
    },
    {
      "id": 2030521,
      "levelList": [
        {
          "level": 1,
          "name": "Пирамида Хеопса",
          "abName": "Хз при чем он тут",
          "desc": "[CantIdentify]\nЕбашит рандомно\n<style=\"highlight\"></style>",
          "coinlist": [
            {
              "coindescs": [
                {
                  "desc": "[CriticalOnSucceedAttack] Провоцирует <sprite name=\"VibrationExplosion\"><color=#e30000><u><link=\"VibrationExplosion\">Провокация Тряски</link></u></color><style=\"highlight\"></style>"
                },
                {
                  "desc": "[CriticalOnSucceedAttack] Наносит 4 <sprite name=\"Laceration\"><color=#e30000><u><link=\"Laceration\">Кетчуп</link></u></color><style=\"highlight\"></style>"
                },
                {
                  "desc": "[OnSucceedAttackTail] Провоцирует <sprite name=\"VibrationExplosion\"><color=#e30000><u><link=\"VibrationExplosion\">Провокация Тряски</link></u></color><style=\"highlight\"></style>"
                },
                {
                  "desc": "[OnSucceedAttack] Провоцирует <sprite name=\"VibrationExplosion\"><color=#e30000><u><link=\"VibrationExplosion\">Провокация Тряски</link></u></color>; потом, уменьшает на враге<sprite name=\"Vibration\"><color=#e30000><u><link=\"Vibration\">Тряска</link></u></color> Счетчик на 2<style=\"highlight\"></style>"
                }
              ]
            }
          ]
        },
        {
          "level": 3,
          "name": "Пирамида Хеопса",
          "abName": "Хз при чем он тут",
          "desc": "[CantIdentify]\nЕбашит рандомно<style=\"highlight\"></style>",
          "coinlist": [
            {
              "coindescs": [
                {
                  "desc": "[CriticalOnSucceedAttack] Провоцирует <sprite name=\"VibrationExplosion\"><color=#e30000><u><link=\"VibrationExplosion\">Провокация Тряски</link></u></color><style=\"highlight\"></style>"
                },
                {
                  "desc": "[CriticalOnSucceedAttack] Наносит 6 <sprite name=\"Laceration\"><color=#e30000><u><link=\"Laceration\">Кетчуп</link></u></color><style=\"highlight\"></style>"
                },
                {
                  "desc": "[OnSucceedAttackTail] Провоцирует <sprite name=\"VibrationExplosion\"><color=#e30000><u><link=\"VibrationExplosion\">Провокация Тряски</link></u></color><style=\"highlight\"></style>"
                },
                {
                  "desc": "[OnSucceedAttack] Провоцирует <sprite name=\"VibrationExplosion\"><color=#e30000><u><link=\"VibrationExplosion\">Провокация Тряски</link></u></color>; потом, уменьшает на враге<sprite name=\"Vibration\"><color=#e30000><u><link=\"Vibration\">Тряска</link></u></color> Счетчик на 2<style=\"highlight\"></style>"
                }
              ]
            }
          ]
        },
        {
          "level": 4,
          "name": "Пирамида Хеопса",
          "abName": "Хз при чем он тут",
          "desc": "[CantIdentify]\nЕбашит рандомно<style=\"highlight\"></style>",
          "coinlist": [
            {
              "coindescs": [
                {
                  "desc": "[CriticalOnSucceedAttack] Провоцирует <sprite name=\"VibrationExplosion\"><color=#e30000><u><link=\"VibrationExplosion\">Провокация Тряски</link></u></color><style=\"highlight\"></style>"
                },
                {
                  "desc": "[CriticalOnSucceedAttack] Наносит 8 <sprite name=\"Laceration\"><color=#e30000><u><link=\"Laceration\">Кетчуп</link></u></color><style=\"highlight\"></style>"
                },
                {
                  "desc": "[OnSucceedAttackTail] Провоцирует <sprite name=\"VibrationExplosion\"><color=#e30000><u><link=\"VibrationExplosion\">Провокация Тряски</link></u></color><style=\"highlight\"></style>"
                },
                {
                  "desc": "[OnSucceedAttack] Провоцирует <sprite name=\"VibrationExplosion\"><color=#e30000><u><link=\"VibrationExplosion\">Провокация Тряски</link></u></color>; потом, уменьшает на враге<sprite name=\"Vibration\"><color=#e30000><u><link=\"Vibration\">Тряска</link></u></color> Счетчик на 2<style=\"highlight\"></style>"
                }
              ]
            }
          ]
        }
      ]
    },
    {
      "id": 2030611,
      "levelList": [
        {
          "level": 1,
          "name": "Электрический визг",
          "abName": "Мечтающая электрическая овечка",
          "desc": "[BeforeAttack] Получает (Рез. зависти. - 2) Радиус атаки (Макс. 1)\n[BeforeAttack] Если данный союзник имеет 20+ <sprite name=\"Charge\"><color=#f8c200><u><link=\"Charge\">Солей</link></u></color> Счетчика, тратит 20 <sprite name=\"Charge\"><color=#f8c200><u><link=\"Charge\">Солей</link></u></color> Счетчика чтобы нанести на +30% больше урона<style=\"highlight\"></style>",
          "coinlist": [
            {
              "coindescs": [
                {
                  "desc": "[EnemyKill] Получает +2 <sprite name=\"Charge\"><color=#f8c200><u><link=\"Charge\">Соль</link></u></color> Счетчика<style=\"highlight\"></style>"
                }
              ]
            }
          ]
        },
        {
          "level": 3,
          "name": "Электрический визг",
          "abName": "Мечтающая электрическая овечка",
          "desc": "[BeforeAttack] Получает (Рез. зависти. - 2) Радиус атаки (Макс. 2)\n[BeforeAttack] Наносит ((Рез. зависти. - 3) x 5)% больше урона (Макс. 15%)\n[BeforeAttack] Если данный союзник имеет 20+ <sprite name=\"Charge\"><color=#f8c200><u><link=\"Charge\">Солей</link></u></color> Счетчика, тратит 20 <sprite name=\"Charge\"><color=#f8c200><u><link=\"Charge\">Солей</link></u></color> Счетчика чтобы нанести на +35% больше урона<style=\"highlight\"></style>",
          "coinlist": [
            {
              "coindescs": [
                {
                  "desc": "[EnemyKill] Получает +2 <sprite name=\"Charge\"><color=#f8c200><u><link=\"Charge\">Соль</link></u></color> Счетчика<style=\"highlight\"></style>"
                }
              ]
            }
          ]
        },
        {
          "level": 4,
          "name": "Электрический визг",
          "abName": "Мечтающая электрическая овечка",
          "desc": "[BeforeAttack] Получает (Рез. зависти. - 2) Радиус атаки (Макс. 3)\n[BeforeAttack] Наносит +((Рез. зависти. - 3) x 10)% больше урона (Макс. 30%)\n[BeforeAttack] Если данный союзник имеет 20+ <sprite name=\"Charge\"><color=#f8c200><u><link=\"Charge\">Солей</link></u></color> Счетчика, тратит 20 <sprite name=\"Charge\"><color=#f8c200><u><link=\"Charge\">Солей</link></u></color> Счетчика чтобы нанести на +40% больше урона<style=\"highlight\"></style>",
          "coinlist": [
            {
              "coindescs": [
                {
                  "desc": "[EnemyKill] Получает +2 <sprite name=\"Charge\"><color=#f8c200><u><link=\"Charge\">Соль</link></u></color> Счетчика<style=\"highlight\"></style>"
                }
              ]
            }
          ]
        }
      ]
    },
    {
      "id": 2030621,
      "levelList": [
        {
          "level": 1,
          "name": "Электрический визг",
          "abName": "Мечтающая электрическая овечка",
          "desc": "[CantIdentify]\nЕбашит рандомно\n[BeforeAttack] Получает (Рез. зависти. - 2) Радиус атаки (Макс. 1)\n[BeforeAttack] Наносит +((Рез. зависти. - 3) x 5)% больше урона (Макс. 15%)\n[BeforeAttack] При менее, чем 20 <sprite name=\"Charge\"><color=#f8c200><u><link=\"Charge\">Солей</link></u></color> Счетчика, тратит 1.5% своего хп за каждый недостающий <sprite name=\"Charge\"><color=#f8c200><u><link=\"Charge\">Соль</link></u></color> Счетчика чтобы увеличить его <sprite name=\"Charge\"><color=#f8c200><u><link=\"Charge\">Солей</link></u></color> Счетчика до 20\n[BeforeAttack] тратит до 20 <sprite name=\"Charge\"><color=#f8c200><u><link=\"Charge\">Солей</link></u></color> Счетчика чтобы нанести на +2.5% больше урона за каждый потраченный<sprite name=\"Charge\"><color=#f8c200><u><link=\"Charge\">Соль</link></u></color> Счетчика (Макс. 50%)<style=\"highlight\"></style>",
          "coinlist": [
            {
              "coindescs": [
                {
                  "desc": "[EnemyKill] Получает +3 <sprite name=\"Charge\"><color=#f8c200><u><link=\"Charge\">Солей</link></u></color> Счетчика<style=\"highlight\"></style>"
                }
              ]
            }
          ]
        },
        {
          "level": 3,
          "name": "Электрический визг",
          "abName": "Мечтающая электрическая овечка",
          "desc": "[CantIdentify]\nЕбашит рандомно\n[BeforeAttack] Получает (Рез. зависти. - 2) Радиус атаки (Макс. <style=\"highlight\">2</style>)\n[BeforeAttack] Наносит +((Рез. зависти. - 3) x <style=\"highlight\">8</style>)% больше урона (Макс. <style=\"highlight\">24</style>%)\n[BeforeAttack] При менее, чем 20 <sprite name=\"Charge\"><color=#f8c200><u><link=\"Charge\">Солей</link></u></color> Счетчика, тратит 1.5% своего хп за каждый недостающий <sprite name=\"Charge\"><color=#f8c200><u><link=\"Charge\">Соль</link></u></color> Счетчика чтобы увеличить его <sprite name=\"Charge\"><color=#f8c200><u><link=\"Charge\">Солей</link></u></color> Счетчика до 20\n[BeforeAttack] тратит до 20 <sprite name=\"Charge\"><color=#f8c200><u><link=\"Charge\">Солей</link></u></color> Счетчика чтобы нанести на +<style=\"highlight\">3.5</style>% больше урона за каждый потраченный<sprite name=\"Charge\"><color=#f8c200><u><link=\"Charge\">Соль</link></u></color> Счетчика (Макс. <style=\"highlight\">70</style>%)",
          "coinlist": [
            {
              "coindescs": [
                {
                  "desc": "[EnemyKill] Получает +3 <sprite name=\"Charge\"><color=#f8c200><u><link=\"Charge\">Солей</link></u></color> Счетчика<style=\"highlight\"></style>"
                }
              ]
            }
          ]
        },
        {
          "level": 4,
          "name": "Электрический визг",
          "abName": "Мечтающая электрическая овечка",
          "desc": "[CantIdentify]\nЕбашит рандомно\n[BeforeAttack] Получает (Рез. зависти. - 2) Радиус атаки (Макс. <style=\"highlight\">3</style>)\n[BeforeAttack] Наносит +((Рез. зависти. - 3) x <style=\"highlight\">12</style>)% больше урона (Макс. <style=\"highlight\">36</style>%)\n[BeforeAttack] При менее, чем 20 <sprite name=\"Charge\"><color=#f8c200><u><link=\"Charge\">Солей</link></u></color> Счетчика, тратит <style=\"highlight\">1</style>% своего хп за каждый недостающий <sprite name=\"Charge\"><color=#f8c200><u><link=\"Charge\">Соль</link></u></color> Счетчика чтобы увеличить его <sprite name=\"Charge\"><color=#f8c200><u><link=\"Charge\">Солей</link></u></color> Счетчика до 20\n[BeforeAttack] тратит до 20 <sprite name=\"Charge\"><color=#f8c200><u><link=\"Charge\">Солей</link></u></color> Счетчика чтобы нанести на +<style=\"highlight\">5</style>% больше урона за каждый потраченный<sprite name=\"Charge\"><color=#f8c200><u><link=\"Charge\">Соль</link></u></color> Счетчика (Макс. <style=\"highlight\">100</style>%)",
          "coinlist": [
            {
              "coindescs": [
                {
                  "desc": "[EnemyKill] Получает +3 <sprite name=\"Charge\"><color=#f8c200><u><link=\"Charge\">Солей</link></u></color> Счетчика<style=\"highlight\"></style>"
                }
              ]
            }
          ]
        }
      ]
    },
    {
      "id": 2030711,
      "levelList": [
        {
          "level": 1,
          "name": "Воющая-Миркалла",
          "abName": "Четыре сотни роз",
          "desc": "ХП этого союзника не падает ниже 1 во время данного скилла.\nСила клеша +1 за каждые 100 <sprite name=\"BloodDinner_Accumulation\"><color=#9f6a3a><u><link=\"BloodDinner_Accumulation\">Испитое пиршество</link></u></color> у этого союзника (Макс. 2)\n[BeforeAttack] При менее, чем 50 <sprite name=\"BloodDinner\"><color=#9f6a3a><u><link=\"BloodDinner\">Борщ</link></u></color>, Наносит 1 <sprite name=\"Laceration\"><color=#e30000><u><link=\"Laceration\">Кетчуп</link></u></color> каждым ударом\n[EndSkill] Следующие 3 хода, теряет 10 рассудка в конце хода.<style=\"highlight\"></style>",
          "coinlist": [
            {
              "coindescs": [
                {
                  "desc": "<sprite name=\"SuperCoin\"><color=#9f6a3a><u><link=\"SuperCoin\">Вечная монета</link></u></color><style=\"highlight\"></style>"
                },
                {
                  "desc": "Наносит +0.1% больше урона за каждый <sprite name=\"BloodDinner_Common_Accumulation\"><color=#9f6a3a><u><link=\"BloodDinner_Common_Accumulation\">Общеиспитое пиршество</link></u></color> (Макс. 10%)<style=\"highlight\"></style>"
                }
              ]
            },
            {
              "coindescs": [
                {
                  "desc": "<sprite name=\"SuperCoin\"><color=#9f6a3a><u><link=\"SuperCoin\">Вечная монета</link></u></color><style=\"highlight\"></style>"
                },
                {
                  "desc": "При 100+ <sprite name=\"BloodDinner_Common_Accumulation\"><color=#9f6a3a><u><link=\"BloodDinner_Common_Accumulation\">Общеиспитое пиршество</link></u></color>: Наносит +0.1% больше урона за каждый счетчик пиршества (Макс. 10%)<style=\"highlight\"></style>"
                }
              ]
            },
            {
              "coindescs": [
                {
                  "desc": "<sprite name=\"SuperCoin\"><color=#9f6a3a><u><link=\"SuperCoin\">Вечная монета</link></u></color><style=\"highlight\"></style>"
                },
                {
                  "desc": "При 200+ <sprite name=\"BloodDinner_Common_Accumulation\"><color=#9f6a3a><u><link=\"BloodDinner_Common_Accumulation\">Общеиспитое пиршество</link></u></color>: Наносит +0.1% больше урона за каждый счетчик пиршества (Макс. 20%)<style=\"highlight\"></style>"
                }
              ]
            },
            {
              "coindescs": [
                {
                  "desc": "<sprite name=\"SuperCoin\"><color=#9f6a3a><u><link=\"SuperCoin\">Вечная монета</link></u></color><style=\"highlight\"></style>"
                },
                {
                  "desc": "При 300+ <sprite name=\"BloodDinner_Common_Accumulation\"><color=#9f6a3a><u><link=\"BloodDinner_Common_Accumulation\">Общеиспитое пиршество</link></u></color>: Наносит +0.1% больше урона за каждый счетчик пиршества (Макс. 30%)<style=\"highlight\"></style>"
                },
                {
                  "desc": "[WinDuelAttack] Наносит <sprite name=\"ThirstyRose\"><color=#e30000><u><link=\"ThirstyRose\">Алчущие розы</link></u></color> равное числу абсолютного резонанса похоти. (Макс. 3)<style=\"highlight\"></style>"
                }
              ]
            }
          ]
        },
        {
          "level": 3,
          "name": "Воющая-Миркалла",
          "abName": "Четыре сотни роз",
          "desc": "ХП этого союзника не падает ниже 1 во время данного скилла.\n<style=\"highlight\">Если цель имеет 10+ <sprite name=\"Laceration\"><color=#e30000><u><link=\"Laceration\">Кетчуп</link></u></color>, Сила Монетки +1</style>\nСила клеша +1 за каждые 100 <sprite name=\"BloodDinner_Accumulation\"><color=#9f6a3a><u><link=\"BloodDinner_Accumulation\">Испитое пиршество</link></u></color> у этого союзника (Макс. <style=\"highlight\">3</style>)\n[BeforeAttack] При менее, чем <style=\"highlight\">75</style> <sprite name=\"BloodDinner\"><color=#9f6a3a><u><link=\"BloodDinner\">Борщ</link></u></color>, Наносит 1 <sprite name=\"Laceration\"><color=#e30000><u><link=\"Laceration\">Кетчуп</link></u></color> каждым ударом\n[EndSkill] Следующие 3 хода, теряет 10 рассудка в конце хода.",
          "coinlist": [
            {
              "coindescs": [
                {
                  "desc": "<sprite name=\"SuperCoin\"><color=#9f6a3a><u><link=\"SuperCoin\">Вечная монета</link></u></color><style=\"highlight\"></style>"
                },
                {
                  "desc": "Наносит +0.1% больше урона за каждый <sprite name=\"BloodDinner_Common_Accumulation\"><color=#9f6a3a><u><link=\"BloodDinner_Common_Accumulation\">Общеиспитое пиршество</link></u></color> (Макс. 10%)<style=\"highlight\"></style>"
                }
              ]
            },
            {
              "coindescs": [
                {
                  "desc": "<sprite name=\"SuperCoin\"><color=#9f6a3a><u><link=\"SuperCoin\">Вечная монета</link></u></color><style=\"highlight\"></style>"
                },
                {
                  "desc": "При 100+ <sprite name=\"BloodDinner_Common_Accumulation\"><color=#9f6a3a><u><link=\"BloodDinner_Common_Accumulation\">Общеиспитое пиршество</link></u></color>: Наносит +0.1% больше урона за каждый счетчик пиршества (Макс. <style=\"highlight\">15</style>%)"
                }
              ]
            },
            {
              "coindescs": [
                {
                  "desc": "<sprite name=\"SuperCoin\"><color=#9f6a3a><u><link=\"SuperCoin\">Вечная монета</link></u></color><style=\"highlight\"></style>"
                },
                {
                  "desc": "При 200+ <sprite name=\"BloodDinner_Common_Accumulation\"><color=#9f6a3a><u><link=\"BloodDinner_Common_Accumulation\">Общеиспитое пиршество</link></u></color>: Наносит +0.1% больше урона за каждый счетчик пиршества (Макс. <style=\"highlight\">25</style>%)"
                }
              ]
            },
            {
              "coindescs": [
                {
                  "desc": "<sprite name=\"SuperCoin\"><color=#9f6a3a><u><link=\"SuperCoin\">Вечная монета</link></u></color><style=\"highlight\"></style>"
                },
                {
                  "desc": "При 300+ <sprite name=\"BloodDinner_Common_Accumulation\"><color=#9f6a3a><u><link=\"BloodDinner_Common_Accumulation\">Общеиспитое пиршество</link></u></color>: Наносит +0.1% больше урона за каждый счетчик пиршества (Макс. <style=\"highlight\">40</style>%)"
                },
                {
                  "desc": "[WinDuelAttack] Наносит <sprite name=\"ThirstyRose\"><color=#e30000><u><link=\"ThirstyRose\">Алчущие розы</link></u></color> равное числу абсолютного резонанса похоти. (Макс. 3)<style=\"highlight\"></style>"
                }
              ]
            }
          ]
        },
        {
          "level": 4,
          "name": "Воющая-Миркалла",
          "abName": "Четыре сотни роз",
          "desc": "ХП этого союзника не падает ниже 1 во время данного скилла.\n<style=\"highlight\">Сила Монетки +1 за каждый 10 <sprite name=\"Laceration\"><color=#e30000><u><link=\"Laceration\">Кетчуп</link></u></color> on target (Макс. 2)</style>\nСила клеша +1 за каждые 100 <sprite name=\"BloodDinner_Accumulation\"><color=#9f6a3a><u><link=\"BloodDinner_Accumulation\">Испитое пиршество</link></u></color> у этого союзника (Макс. <style=\"highlight\">5</style>)\n[BeforeAttack] При менее, чем <style=\"highlight\">100</style> <sprite name=\"BloodDinner\"><color=#9f6a3a><u><link=\"BloodDinner\">Борщ</link></u></color>, Наносит 1 <sprite name=\"Laceration\"><color=#e30000><u><link=\"Laceration\">Кетчуп</link></u></color> каждым ударом\n[EndSkill] Следующие 3 хода, теряет 10 рассудка в конце хода.",
          "coinlist": [
            {
              "coindescs": [
                {
                  "desc": "<sprite name=\"SuperCoin\"><color=#9f6a3a><u><link=\"SuperCoin\">Вечная монета</link></u></color><style=\"highlight\"></style>"
                },
                {
                  "desc": "Наносит +0.1% больше урона за каждый <sprite name=\"BloodDinner_Common_Accumulation\"><color=#9f6a3a><u><link=\"BloodDinner_Common_Accumulation\">Общеиспитое пиршество</link></u></color> (Макс. 10%)<style=\"highlight\"></style>"
                }
              ]
            },
            {
              "coindescs": [
                {
                  "desc": "<sprite name=\"SuperCoin\"><color=#9f6a3a><u><link=\"SuperCoin\">Вечная монета</link></u></color><style=\"highlight\"></style>"
                },
                {
                  "desc": "При 100+ <sprite name=\"BloodDinner_Common_Accumulation\"><color=#9f6a3a><u><link=\"BloodDinner_Common_Accumulation\">Общеиспитое пиршество</link></u></color>: Наносит +0.1% больше урона за каждый счетчик пиршества (Макс. <style=\"highlight\">20</style>%)"
                }
              ]
            },
            {
              "coindescs": [
                {
                  "desc": "<sprite name=\"SuperCoin\"><color=#9f6a3a><u><link=\"SuperCoin\">Вечная монета</link></u></color><style=\"highlight\"></style>"
                },
                {
                  "desc": "При 200+ <sprite name=\"BloodDinner_Common_Accumulation\"><color=#9f6a3a><u><link=\"BloodDinner_Common_Accumulation\">Общеиспитое пиршество</link></u></color>: Наносит +0.1% больше урона за каждый счетчик пиршества (Макс. <style=\"highlight\">30</style>%)"
                }
              ]
            },
            {
              "coindescs": [
                {
                  "desc": "<sprite name=\"SuperCoin\"><color=#9f6a3a><u><link=\"SuperCoin\">Вечная монета</link></u></color><style=\"highlight\"></style>"
                },
                {
                  "desc": "При 300+ <sprite name=\"BloodDinner_Common_Accumulation\"><color=#9f6a3a><u><link=\"BloodDinner_Common_Accumulation\">Общеиспитое пиршество</link></u></color>: Наносит +0.1% больше урона за каждый счетчик пиршества (Макс. <style=\"highlight\">50</style>%)"
                },
                {
                  "desc": "[WinDuelAttack] Наносит <sprite name=\"ThirstyRose\"><color=#e30000><u><link=\"ThirstyRose\">Алчущие розы</link></u></color> равное числу абсолютного резонанса похоти. (Макс. <style=\"highlight\">4</style>)"
                }
              ]
            }
          ]
        }
      ]
    },
    {
      "id": 2030721,
      "levelList": [
        {
          "level": 1,
          "name": "Воющая-Миркалла",
          "abName": "Четыре сотни роз",
          "desc": "[CantIdentify]\nЕбашит рандомно\nХП этого союзника не падает ниже 1 во время данного скилла.\nЕсли цель имеет 10+ <sprite name=\"Laceration\"><color=#e30000><u><link=\"Laceration\">Кетчуп</link></u></color>, Сила Монетки -1\n[BeforeAttack] При менее, чем 150 <sprite name=\"BloodDinner\"><color=#9f6a3a><u><link=\"BloodDinner\">Борщ</link></u></color>, Наносит 1 <sprite name=\"Laceration\"><color=#e30000><u><link=\"Laceration\">Кетчуп</link></u></color> каждым ударом\n[BeforeAttack] Получает 20 <sprite name=\"Laceration\"><color=#e30000><u><link=\"Laceration\">Кетчуп</link></u></color>, и прокает <sprite name=\"Laceration\"><color=#e30000><u><link=\"Laceration\">Кетчуп</link></u></color> на себе незамедлительно. Теряет 2 <sprite name=\"Laceration\"><color=#e30000><u><link=\"Laceration\">Кетчуп</link></u></color> Счетчика<style=\"highlight\"></style>",
          "coinlist": [
            {
              "coindescs": [
                {
                  "desc": "[OnSucceedAttack] Наносит 1 <sprite name=\"Laceration\"><color=#e30000><u><link=\"Laceration\">Кетчуп</link></u></color> за каждый 50 <sprite name=\"BloodDinner_Common_Accumulation\"><color=#9f6a3a><u><link=\"BloodDinner_Common_Accumulation\">Общеиспитое пиршество</link></u></color> (Макс. 10)<style=\"highlight\"></style>"
                },
                {
                  "desc": "[OnSucceedAttack] При 100- <sprite name=\"BloodDinner\"><color=#9f6a3a><u><link=\"BloodDinner\">Борщ</link></u></color>, Наносит 10 <sprite name=\"Laceration\"><color=#e30000><u><link=\"Laceration\">Кетчуп</link></u></color><style=\"highlight\"></style>"
                }
              ]
            },
            {
              "coindescs": [
                {
                  "desc": "Наносит +5% больше урона за каждый 100 <sprite name=\"BloodDinner_Common_Accumulation\"><color=#9f6a3a><u><link=\"BloodDinner_Common_Accumulation\">Общеиспитое пиршество</link></u></color> (Макс. 25%)<style=\"highlight\"></style>"
                },
                {
                  "desc": "[WinDuelAttack] Наносит <sprite name=\"ThirstyRose\"><color=#e30000><u><link=\"ThirstyRose\">Алчущие розы</link></u></color> равное числу абсолютного резонанса похоти. (Макс. 3)<style=\"highlight\"></style>"
                },
                {
                  "desc": "[WinDuelAttack] Восстанавливает 50% своего хп от нанесенного урона (Макс. 10)<style=\"highlight\"></style>"
                }
              ]
            }
          ]
        },
        {
          "level": 3,
          "name": "Воющая-Миркалла",
          "abName": "Четыре сотни роз",
          "desc": "[CantIdentify]\nЕбашит рандомно\nХП этого союзника не падает ниже 1 во время данного скилла.\nЕсли цель имеет 10+ <sprite name=\"Laceration\"><color=#e30000><u><link=\"Laceration\">Кетчуп</link></u></color>, Сила Монетки -1\n<style=\"highlight\">При 200+ <sprite name=\"BloodDinner_Accumulation\"><color=#9f6a3a><u><link=\"BloodDinner_Accumulation\">Испитое пиршество</link></u></color> у этого союзника, Сила Монетки -1</style>\n[BeforeAttack] При менее, чем 150 <sprite name=\"BloodDinner\"><color=#9f6a3a><u><link=\"BloodDinner\">Борщ</link></u></color>, Наносит 1 <sprite name=\"Laceration\"><color=#e30000><u><link=\"Laceration\">Кетчуп</link></u></color> каждым ударом\n[BeforeAttack] Получает 20 <sprite name=\"Laceration\"><color=#e30000><u><link=\"Laceration\">Кетчуп</link></u></color>, и прокает <sprite name=\"Laceration\"><color=#e30000><u><link=\"Laceration\">Кетчуп</link></u></color> на себе незамедлительно. Теряет 2 <sprite name=\"Laceration\"><color=#e30000><u><link=\"Laceration\">Кетчуп</link></u></color> Счетчика",
          "coinlist": [
            {
              "coindescs": [
                {
                  "desc": "[OnSucceedAttack] Наносит 1 <sprite name=\"Laceration\"><color=#e30000><u><link=\"Laceration\">Кетчуп</link></u></color> за каждые 50 <sprite name=\"BloodDinner_Common_Accumulation\"><color=#9f6a3a><u><link=\"BloodDinner_Common_Accumulation\">Общеиспитое пиршество</link></u></color> (Макс. 10)<style=\"highlight\"></style>"
                },
                {
                  "desc": "[OnSucceedAttack] При 100- <sprite name=\"BloodDinner\"><color=#9f6a3a><u><link=\"BloodDinner\">Борщ</link></u></color>, Наносит 10 <sprite name=\"Laceration\"><color=#e30000><u><link=\"Laceration\">Кетчуп</link></u></color><style=\"highlight\"></style>"
                }
              ]
            },
            {
              "coindescs": [
                {
                  "desc": "Наносит +<style=\"highlight\">10</style>% больше урона за каждый 100 <sprite name=\"BloodDinner_Common_Accumulation\"><color=#9f6a3a><u><link=\"BloodDinner_Common_Accumulation\">Общеиспитое пиршество</link></u></color> (Макс. <style=\"highlight\">50</style>%)"
                },
                {
                  "desc": "[WinDuelAttack] Наносит <sprite name=\"ThirstyRose\"><color=#e30000><u><link=\"ThirstyRose\">Алчущие розы</link></u></color> равное числу абсолютного резонанса похоти. (Макс. <style=\"highlight\">4</style>)"
                },
                {
                  "desc": "[WinDuelAttack] Восстанавливает 50% своего хп от нанесенного урона (Макс. 10)<style=\"highlight\"></style>"
                }
              ]
            }
          ]
        },
        {
          "level": 4,
          "name": "Воющая-Миркалла",
          "abName": "Четыре сотни роз",
          "desc": "[CantIdentify]\nЕбашит рандомно\nХП этого союзника не падает ниже 1 во время данного скилла.\nЕсли цель имеет 10+ <sprite name=\"Laceration\"><color=#e30000><u><link=\"Laceration\">Кетчуп</link></u></color>, Сила Монетки -1\nПри 200+ <sprite name=\"BloodDinner_Accumulation\"><color=#9f6a3a><u><link=\"BloodDinner_Accumulation\">Испитое пиршество</link></u></color> у этого союзника, Сила Монетки -1\n[BeforeAttack] При менее, чем 150 <sprite name=\"BloodDinner\"><color=#9f6a3a><u><link=\"BloodDinner\">Борщ</link></u></color>, Наносит 1 <sprite name=\"Laceration\"><color=#e30000><u><link=\"Laceration\">Кетчуп</link></u></color> каждым ударом\n[BeforeAttack] Получает 20 <sprite name=\"Laceration\"><color=#e30000><u><link=\"Laceration\">Кетчуп</link></u></color>, и прокает <sprite name=\"Laceration\"><color=#e30000><u><link=\"Laceration\">Кетчуп</link></u></color> на себе незамедлительно. Теряет 2 <sprite name=\"Laceration\"><color=#e30000><u><link=\"Laceration\">Кетчуп</link></u></color> Счетчика<style=\"highlight\"></style>",
          "coinlist": [
            {
              "coindescs": [
                {
                  "desc": "[OnSucceedAttack] Наносит 1 <sprite name=\"Laceration\"><color=#e30000><u><link=\"Laceration\">Кетчуп</link></u></color> за каждые 50 <sprite name=\"BloodDinner_Common_Accumulation\"><color=#9f6a3a><u><link=\"BloodDinner_Common_Accumulation\">Общеиспитое пиршество</link></u></color> (Макс. 10)<style=\"highlight\"></style>"
                },
                {
                  "desc": "[OnSucceedAttack] При 100- <sprite name=\"BloodDinner\"><color=#9f6a3a><u><link=\"BloodDinner\">Борщ</link></u></color>, Наносит 10 <sprite name=\"Laceration\"><color=#e30000><u><link=\"Laceration\">Кетчуп</link></u></color><style=\"highlight\"></style>"
                }
              ]
            },
            {
              "coindescs": [
                {
                  "desc": "Наносит +<style=\"highlight\">20</style>% больше урона за каждый 100 <sprite name=\"BloodDinner_Common_Accumulation\"><color=#9f6a3a><u><link=\"BloodDinner_Common_Accumulation\">Общеиспитое пиршество</link></u></color> (Макс. <style=\"highlight\">100</style>%)"
                },
                {
                  "desc": "[WinDuelAttack] Наносит <sprite name=\"ThirstyRose\"><color=#e30000><u><link=\"ThirstyRose\">Алчущие розы</link></u></color> равное числу абсолютного резонанса похоти. (Макс. <style=\"highlight\">5</style>)"
                },
                {
                  "desc": "[WinDuelAttack] Восстанавливает 50% своего хп от нанесенного урона (Макс. 10)<style=\"highlight\"></style>"
                }
              ]
            }
          ]
        }
      ]
    },
    {
      "id": 2030811,
      "levelList": [
        {
          "level": 1,
          "name": "Я с ней хентай видел",
          "abName": "10 из 10",
          "desc": "",
          "coinlist": [
            {
              "coindescs": [
                {
                  "desc": "[OnSucceedAttack] Наносит (4 + число грехов в резонансе Чревоугодия) <sprite name=\"EntangledCurseTalisman\"><color=#e30000><u><link=\"EntangledCurseTalisman\">Нацепленных оберегов проклятия</link></u></color> (До 10)<style=\"highlight\"></style>"
                }
              ]
            },
            {
              "coindescs": [
                {
                  "desc": "[OnSucceedAttack] Наносит <sprite name=\"Burst\"><color=#e30000><u><link=\"Burst\">Зеленки</link></u></color> в количестве (<sprite name=\"EntangledCurseTalisman\"><color=#e30000><u><link=\"EntangledCurseTalisman\">Нацепленных оберегов проклятия</link></u></color> на цели / 2) (До 3; округляется вниз)<style=\"highlight\"></style>"
                },
                {
                  "desc": "[OnSucceedAttack] Повышает счетчик <sprite name=\"Burst\"><color=#e30000><u><link=\"Burst\">Зеленки</link></u></color> на (<sprite name=\"EntangledCurseTalisman\"><color=#e30000><u><link=\"EntangledCurseTalisman\">Нацепленных оберегов проклятия</link></u></color> на цели / 4) (До 2; округляется вниз)<style=\"highlight\"></style>"
                }
              ]
            }
          ]
        },
        {
          "level": 3,
          "name": "Я с ней хентай видел",
          "abName": "10 из 10",
          "desc": "",
          "coinlist": [
            {
              "coindescs": [
                {
                  "desc": "[OnSucceedAttack] Наносит (4 + число грехов в резонансе Чревоугодия) <sprite name=\"EntangledCurseTalisman\"><color=#e30000><u><link=\"EntangledCurseTalisman\">Нацепленных оберегов проклятия</link></u></color> (До 10)<style=\"highlight\"></style>"
                }
              ]
            },
            {
              "coindescs": [
                {
                  "desc": "<style=\"highlight\">На 3% больше урона за каждый <sprite name=\"EntangledCurseTalisman\"><color=#e30000><u><link=\"EntangledCurseTalisman\">Нацепленный оберег проклятия</link></u></color> на цели (До 30%)</style>"
                },
                {
                  "desc": "[OnSucceedAttack] Наносит <sprite name=\"Burst\"><color=#e30000><u><link=\"Burst\">Зеленки</link></u></color> в количестве (<sprite name=\"EntangledCurseTalisman\"><color=#e30000><u><link=\"EntangledCurseTalisman\">Нацепленных оберегов проклятия</link></u></color> на цели / 2) (До 3; округляется вниз)<style=\"highlight\"></style>"
                },
                {
                  "desc": "[OnSucceedAttack] Повышает счетчик <sprite name=\"Burst\"><color=#e30000><u><link=\"Burst\">Зеленки</link></u></color> на (<sprite name=\"EntangledCurseTalisman\"><color=#e30000><u><link=\"EntangledCurseTalisman\">Нацепленных оберегов проклятия</link></u></color> на цели / 4) (До 2; округляется вниз)<style=\"highlight\"></style>"
                }
              ]
            }
          ]
        },
        {
          "level": 4,
          "name": "Я с ней хентай видел",
          "abName": "10 из 10",
          "desc": "",
          "coinlist": [
            {
              "coindescs": [
                {
                  "desc": "[OnSucceedAttack] Наносит (4 + число грехов в резонансе Чревоугодия) <sprite name=\"EntangledCurseTalisman\"><color=#e30000><u><link=\"EntangledCurseTalisman\">Нацепленных оберегов проклятия</link></u></color> (До 10)<style=\"highlight\"></style>"
                }
              ]
            },
            {
              "coindescs": [
                {
                  "desc": "На <style=\"highlight\">5%</style> больше урона за каждый <sprite name=\"EntangledCurseTalisman\"><color=#e30000><u><link=\"EntangledCurseTalisman\">Нацепленный оберег проклятия</link></u></color> на цели (До <style=\"highlight\">50%</style>)"
                },
                {
                  "desc": "[OnSucceedAttack] Наносит <sprite name=\"Burst\"><color=#e30000><u><link=\"Burst\">Зеленки</link></u></color> в количестве (<sprite name=\"EntangledCurseTalisman\"><color=#e30000><u><link=\"EntangledCurseTalisman\">Нацепленных оберегов проклятия</link></u></color> на цели / 2) (До <style=\"highlight\">4</style>; округляется вниз)"
                },
                {
                  "desc": "[OnSucceedAttack] Повышает счетчик <sprite name=\"Burst\"><color=#e30000><u><link=\"Burst\">Зеленки</link></u></color> на (<sprite name=\"EntangledCurseTalisman\"><color=#e30000><u><link=\"EntangledCurseTalisman\">Нацепленных оберегов проклятия</link></u></color> на цели / 4) (До 2; округляется вниз)<style=\"highlight\"></style>"
                }
              ]
            }
          ]
        }
      ]
    },
    {
      "id": 2030821,
      "levelList": [
        {
          "level": 1,
          "name": "Я с ней хентай видел",
          "abName": "10 из 10",
          "desc": "[CantIdentify]\nСлучайная цель<style=\"highlight\"></style>",
          "coinlist": [
            {
              "coindescs": [
                {
                  "desc": "[OnSucceedAttack] Наносит (6 + число грехов в резонансе Чревоугодия) <sprite name=\"EntangledCurseTalisman\"><color=#e30000><u><link=\"EntangledCurseTalisman\">Нацепленных оберегов проклятия</link></u></color> (До 10)<style=\"highlight\"></style>"
                }
              ]
            },
            {
              "coindescs": [
                {
                  "desc": "На 5% больше урона за каждый <sprite name=\"EntangledCurseTalisman\"><color=#e30000><u><link=\"EntangledCurseTalisman\">Нацепленный оберег проклятия</link></u></color> на цели (До 50%)<style=\"highlight\"></style>"
                },
                {
                  "desc": "[OnSucceedAttack] Наносит <sprite name=\"Burst\"><color=#e30000><u><link=\"Burst\">Зеленки</link></u></color> в количестве (<sprite name=\"EntangledCurseTalisman\"><color=#e30000><u><link=\"EntangledCurseTalisman\">Нацепленных оберегов проклятия</link></u></color> на цели / 2) (До 3; округляется вниз)<style=\"highlight\"></style>"
                },
                {
                  "desc": "[OnSucceedAttack] Повышает счетчик <sprite name=\"Burst\"><color=#e30000><u><link=\"Burst\">Зеленки</link></u></color> на (<sprite name=\"EntangledCurseTalisman\"><color=#e30000><u><link=\"EntangledCurseTalisman\">Нацепленных оберегов проклятия</link></u></color> на цели / 3) (До 2; округляется вниз)<style=\"highlight\"></style>"
                }
              ]
            }
          ]
        },
        {
          "level": 3,
          "name": "Я с ней хентай видел",
          "abName": "10 из 10",
          "desc": "[CantIdentify]\nСлучайная цель<style=\"highlight\"></style>",
          "coinlist": [
            {
              "coindescs": [
                {
                  "desc": "[OnSucceedAttack] Наносит (6 + число грехов в резонансе Чревоугодия) <sprite name=\"EntangledCurseTalisman\"><color=#e30000><u><link=\"EntangledCurseTalisman\">Нацепленных оберегов проклятия</link></u></color> (До 10)<style=\"highlight\"></style>"
                }
              ]
            },
            {
              "coindescs": [
                {
                  "desc": "На <style=\"highlight\">10%</style> больше урона за каждый <sprite name=\"EntangledCurseTalisman\"><color=#e30000><u><link=\"EntangledCurseTalisman\">Нацепленный оберег проклятия</link></u></color> на цели (До <style=\"highlight\">100%</style>)"
                },
                {
                  "desc": "[OnSucceedAttack] Наносит <sprite name=\"Burst\"><color=#e30000><u><link=\"Burst\">Зеленки</link></u></color> в количестве (<sprite name=\"EntangledCurseTalisman\"><color=#e30000><u><link=\"EntangledCurseTalisman\">Нацепленных оберегов проклятия</link></u></color> на цели / 2) (До 3; округляется вниз)<style=\"highlight\"></style>"
                },
                {
                  "desc": "[OnSucceedAttack] Повышает счетчик <sprite name=\"Burst\"><color=#e30000><u><link=\"Burst\">Зеленки</link></u></color> на (<sprite name=\"EntangledCurseTalisman\"><color=#e30000><u><link=\"EntangledCurseTalisman\">Нацепленных оберегов проклятия</link></u></color> на цели / 3) (До 2; округляется вниз)<style=\"highlight\"></style>"
                }
              ]
            }
          ]
        },
        {
          "level": 4,
          "name": "Я с ней хентай видел",
          "abName": "10 из 10",
          "desc": "[CantIdentify]\nСлучайная цель<style=\"highlight\"></style>",
          "coinlist": [
            {
              "coindescs": [
                {
                  "desc": "[OnSucceedAttack] Наносит (6 + число грехов в резонансе Чревоугодия) <sprite name=\"EntangledCurseTalisman\"><color=#e30000><u><link=\"EntangledCurseTalisman\">Нацепленных оберегов проклятия</link></u></color> (До 10)<style=\"highlight\"></style>"
                }
              ]
            },
            {
              "coindescs": [
                {
                  "desc": "На 10% больше урона за каждый <sprite name=\"EntangledCurseTalisman\"><color=#e30000><u><link=\"EntangledCurseTalisman\">Нацепленный оберег проклятия</link></u></color> на цели (До 100%)<style=\"highlight\"></style>"
                },
                {
                  "desc": "[OnSucceedAttack] Наносит <sprite name=\"Burst\"><color=#e30000><u><link=\"Burst\">Зеленки</link></u></color> в количестве (<sprite name=\"EntangledCurseTalisman\"><color=#e30000><u><link=\"EntangledCurseTalisman\">Нацепленных оберегов проклятия</link></u></color> на цели / 2) (До <style=\"highlight\">4</style>; округляется вниз)"
                },
                {
                  "desc": "[OnSucceedAttack] Повышает счетчик <sprite name=\"Burst\"><color=#e30000><u><link=\"Burst\">Зеленки</link></u></color> на (<sprite name=\"EntangledCurseTalisman\"><color=#e30000><u><link=\"EntangledCurseTalisman\">Нацепленных оберегов проклятия</link></u></color> на цели / 3) (До 2; округляется вниз)<style=\"highlight\"></style>"
                }
              ]
            }
          ]
        }
      ]
    },
    {
      "id": 2030911,
      "levelList": [
        {
          "level": 1,
          "name": "Аркана свага - ГИГАНТСКАЯ АТАКА СВАГОЙ!!!",
          "abName": "Королева минетов",
          "desc": "[BeforeAttack] Дает 1 [MagicalGirlResponse] (1 + (Рез. Зависти / 3)) случайным другим союзникам (макс. 3 союзника)\n\n[BeforeAttack] Получает +([Charge] - 1) к весу атаки (макс. 3)\n\n[EndSkill] Тратит весь [Charge] Счетчика на себе чтобы похиллить (2 + (Рез. Зависти / 2)) союзником с наименьшим % ХП на ([Charge] Счетчика потрачено)% ХП (макс. 5 союзников, макс. 5%)\n\n[EndSkill] Если этот юзнит - Э.Г.О. «Лоботомии»: Во имя мочи и говна Член Кихот, получает 1 [ArcanaQueenOfHate]<style=\"highlight\"></style>",
          "coinlist": [
            {
              "coindescs": [
                {
                  "desc": "[SuperCoin]<style=\"highlight\"></style>"
                },
                {
                  "desc": "[OnSucceedAttack] Получает +1 [Charge] Счетчика (5 за ход)<style=\"highlight\"></style>"
                }
              ]
            },
            {
              "coindescs": [
                {
                  "desc": "[SuperCoin]<style=\"highlight\"></style>"
                },
                {
                  "desc": "[OnSucceedAttackHead] Наносит [VillainMark] против главной цели на следующий ход<style=\"highlight\"></style>"
                },
                {
                  "desc": "[OnSucceedAttack] Наносит ([Charge] - 1) [Burst] (макс. 2)<style=\"highlight\"></style>"
                }
              ]
            }
          ]
        },
        {
          "level": 3,
          "name": "Аркана свага - ГИГАНТСКАЯ АТАКА СВАГОЙ!!!",
          "abName": "Королева минетов",
          "desc": "[BeforeAttack] Дает 1 [MagicalGirlResponse] (1 + (Рез. Зависти / 3)) случайным другим союзникам (макс. 3 союзника)\n<style=\"highlight\">- Если этот юнит имел [MagicalGirlAppear], дает 2 [MagicalGirlResponse] (1 + (Рез. Зависти / 3)) случайным другим союзникам вместо этого (макс. 3 союзника)</style>\n\n[BeforeAttack] Получает +([Charge] - 1) к весу атаки (макс. <style=\"highlight\">5</style>)\n[EndSkill] Тратит весь [Charge] Счетчика на себе чтобы похиллить (2 + (Рез. Зависти / 2)) союзником с наименьшим % ХП на ([Charge] Счетчика потрачено)% ХП (макс. 5 союзников, макс. <style=\"highlight\">8</style>%)\n\n[EndSkill] Если этот юзнит - Э.Г.О. «Лоботомии»: Во имя мочи и говна Член Кихот, получает 1 [ArcanaQueenOfHate]",
          "coinlist": [
            {
              "coindescs": [
                {
                  "desc": "[SuperCoin]<style=\"highlight\"></style>"
                },
                {
                  "desc": "[OnSucceedAttack] Получает +1 [Charge] Счетчика (5 за ход)<style=\"highlight\"></style>"
                }
              ]
            },
            {
              "coindescs": [
                {
                  "desc": "[SuperCoin]<style=\"highlight\"></style>"
                },
                {
                  "desc": "[OnSucceedAttackHead] Наносит [VillainMark] против главной цели на следующий ход<style=\"highlight\"></style>"
                },
                {
                  "desc": "[OnSucceedAttack] Наносит ([Charge] - 1) [Burst] (макс. <style=\"highlight\">3</style>)"
                }
              ]
            }
          ]
        },
        {
          "level": 4,
          "name": "Аркана свага - ГИГАНТСКАЯ АТАКА СВАГОЙ!!!",
          "abName": "Королева минетов",
          "desc": "[BeforeAttack] Дает 1 [MagicalGirlResponse] (1 + (Рез. Зависти / <style=\"highlight\">2</style>)) случайным союзникам (макс. <style=\"highlight\">4</style> союзника)\n- Если этот юнит имел [MagicalGirlAppear], дает 2 [MagicalGirlResponse] (1 + (Рез. Зависти / <style=\"highlight\">2</style>)) случайным союзникам вместо этого (макс. <style=\"highlight\">4</style> союзника)\n\n[BeforeAttack] Получает +([Charge] - 1) к весу атаки (макс. 5)\n<style=\"highlight\">- Если этот юнит имел [MagicalGirlAppear], получает +([Charge]) к весу атаки вместо этого (макс. 5)</style>\n\n[EndSkill] Тратит весь [Charge] Счетчика на себе чтобы похиллить (2 + (Рез. Зависти / 2)) союзником с наименьшим % ХП на ([Charge] Счетчика потрачено)% ХП (макс. 5 союзников, макс. <style=\"highlight\">10</style>%)\n\n[EndSkill] Если этот юзнит - Э.Г.О. «Лоботомии»: Во имя мочи и говна Член Кихот, получает 1 [ArcanaQueenOfHate]",
          "coinlist": [
            {
              "coindescs": [
                {
                  "desc": "[SuperCoin]<style=\"highlight\"></style>"
                },
                {
                  "desc": "[OnSucceedAttack] Получает +<style=\"highlight\">2</style> [Charge] Счетчика (<style=\"highlight\">10</style> раз за ход)"
                }
              ]
            },
            {
              "coindescs": [
                {
                  "desc": "[SuperCoin]<style=\"highlight\"></style>"
                },
                {
                  "desc": "[OnSucceedAttack] Наносит [VillainMark] против главной цели на следующий ход<style=\"highlight\"></style>"
                },
                {
                  "desc": "[OnSucceedAttack] Наносит ([Charge] - 1) [Burst] (макс. <style=\"highlight\">4</style>)"
                },
                {
                  "desc": "<style=\"highlight\">- Если этот юнит имел [MagicalGirlAppear], наносит +1 счетчика [Burst]</style>"
                }
              ]
            }
          ]
        }
      ]
    },
    {
      "id": 2030921,
      "levelList": [
        {
          "level": 1,
          "name": "Максимальная Обратная Большая Свага - АННИГИЛЯЦИЯ СВАГОЙ",
          "abName": "Королева минетов",
          "desc": "[CantIdentify]\nЕбашит рандомно\n[BeforeAttack] Получает +([Charge]) к весу атаки (макс. 5)\n\n[BeforeAttack] Тратит все [Charge] Счетчика и наносит +1% больше урона за каждый потраченный счетчик [Charge] (макс. 20%)\n\n[BeforeAttack] Если основная цель имела [VillainMark], наносит +3% урона за каждый [Charge] (макс. 15%)\n\n[BeforeAttack] Наносит +5% урона за каждый 3 Рез. Зависти (макс. 10%, округляется в меньш. сторону)\n\n[BeforeAttack] Базовая Сила -12 за каждую сломанную монетку (макс. -24)\n\n[EndSkill] Если этот юнит - Э.Г.О. «Лоботомии»: Во имя мочи и говна Член Кихот, получает 1 [HystericGauge]<style=\"highlight\"></style>",
          "coinlist": [
            {
              "coindescs": [
                {
                  "desc": "[SuperCoin]<style=\"highlight\"></style>"
                },
                {
                  "desc": "[OnSucceedAttack] Получает +1 [Charge] Счетчика (7 раз за ход)<style=\"highlight\"></style>"
                }
              ]
            },
            {
              "coindescs": [
                {
                  "desc": "[SuperCoin]<style=\"highlight\"></style>"
                },
                {
                  "desc": "[OnSucceedAttackTail] Наносит [VillainMark] против главной цели на следующий ход<style=\"highlight\"></style>"
                },
                {
                  "desc": "[OnSucceedAttack] Наносит ([Charge] - 1) [Sinking] (макс. 2)<style=\"highlight\"></style>"
                }
              ]
            }
          ]
        },
        {
          "level": 3,
          "name": "Максимальная Обратная Большая Свага - АННИГИЛЯЦИЯ СВАГОЙ",
          "abName": "Королева минетов",
          "desc": "[CantIdentify]\nЕбашит рандомно\n[BeforeAttack] Получает +([Charge]) к весу атаки (макс. 5)\n<style=\"highlight\">- Если этот юнит имел [NoVillain], получает +([Charge] + 1) к весу атаки вместо этого (макс. 5)</style>\n\n[BeforeAttack] Тратит все [Charge] Счетчика и наносит +<style=\"highlight\">2</style>% больше урона за каждый потраченный счетчик [Charge] (макс. <style=\"highlight\">40</style>%)\n\n[BeforeAttack] Если основная цель имела [VillainMark], наносит +<style=\"highlight\">5</style>% урона за каждый [Charge] (макс. <style=\"highlight\">25</style>%)\n<style=\"highlight\">- Если этот юнит имел [HystericGauge], наносит +7% урона за каждый [Charge] вместо этого (макс. 35%)</style>\n\n[BeforeAttack] Наносит +<style=\"highlight\">7</style>% урона за каждый 2 Рез. Зависти (макс. <style=\"highlight\">21</style>%, округляется в меньш. сторону)\n\n[BeforeAttack] Базовая Сила -12 за каждую сломанную монетку (макс. -24)\n\n[EndSkill] Если этот юнит - Э.Г.О. «Лоботомии»: Во имя мочи и говна Член Кихот, получает 1 [HystericGauge]",
          "coinlist": [
            {
              "coindescs": [
                {
                  "desc": "[SuperCoin]<style=\"highlight\"></style>"
                },
                {
                  "desc": "[OnSucceedAttack] Получает +2 [Charge] Счетчика (<style=\"highlight\">10</style> раз за ход)"
                }
              ]
            },
            {
              "coindescs": [
                {
                  "desc": "[SuperCoin]<style=\"highlight\"></style>"
                },
                {
                  "desc": "[OnSucceedAttackTail] Наносит [VillainMark] против главной цели на следующий ход<style=\"highlight\"></style>"
                },
                {
                  "desc": "[OnSucceedAttack] Наносит ([Charge] - 1) [Sinking] (макс. <style=\"highlight\">3</style>)"
                }
              ]
            }
          ]
        },
        {
          "level": 4,
          "name": "Максимальная Обратная Большая Свага - АННИГИЛЯЦИЯ СВАГОЙ",
          "abName": "Королева минетов",
          "desc": "[CantIdentify]\nЕбашит рандомно\n[BeforeAttack] Получает +([Charge]) к весу атаки (макс. 5)\n- Если этот юнит имел [NoVillain], получает +([Charge] + 1) к весу атаки вместо этого (макс. 5)\n\n[BeforeAttack] Тратит все [Charge] Счетчика и наносит <style=\"highlight\">+2.5%</style> больше урона за каждый потраченный счетчик [Charge] (макс. <style=\"highlight\">50</style>%)\n\n[BeforeAttack] Если основная цель имела [VillainMark], наносит +5% урона за каждый [Charge] (макс. 25%)\n- Если этот юнит имел [HystericGauge], наносит +<style=\"highlight\">10</style>% урона за каждый [Charge] вместо этого (макс. <style=\"highlight\">50</style>%)\n\n[BeforeAttack] Наносит+<style=\"highlight\">10</style>% урона за каждый 2 Рез. Зависти (макс. <style=\"highlight\">30</style>%, округляется в меньш. сторону)\n\n[BeforeAttack] Базовая Сила -12 за каждую сломанную монетку (макс. -24)\n\n[EndSkill] Если этот юнит - Э.Г.О. «Лоботомии»: Во имя мочи и говна Член Кихот, получает 1 [HystericGauge]",
          "coinlist": [
            {
              "coindescs": [
                {
                  "desc": "[SuperCoin]<style=\"highlight\"></style>"
                },
                {
                  "desc": "[OnSucceedAttack] Получает +2 [Charge] Счетчика (<style=\"highlight\">14</style> раз за ход)"
                }
              ]
            },
            {
              "coindescs": [
                {
                  "desc": "[SuperCoin]<style=\"highlight\"></style>"
                },
                {
                  "desc": "<style=\"highlight\">[OnSucceedAttack]</style> Наносит [VillainMark] против главной цели на следующий ход"
                },
                {
                  "desc": "[OnSucceedAttack] Наносит ([Charge] - 1) [Sinking] (макс. <style=\"highlight\">4</style>)"
                },
                {
                  "desc": "<style=\"highlight\">- Если этот юнит имел [NoVillain], наносит +1 счетчика [Sinking]</style>"
                }
              ]
            }
          ]
        }
      ]
    }
  ]
}