﻿{
  "dataList": [
    {
      "id": 112204,
      "levelList": [
        {
          "level": 1,
          "name": "Низвержение",
          "desc": "[WhenUse] Повышает свой счетчик <sprite name=\"Breath\"><color=#f8c200><u><link=\"Breath\">Кумара</link></u></color> на 3\nМонеты теряют 10 Итоговой силы, если они расколоты",
          "coinlist": [
            {
              "coindescs": [
                {
                  "desc": "<sprite name=\"SuperCoin\"><color=#9f6a3a><u><link=\"SuperCoin\">Вечная монета</link></u></color>"
                },
                {
                  "desc": "[OnSucceedAttack] Получает 3 <sprite name=\"Breath\"><color=#f8c200><u><link=\"Breath\">Кумара</link></u></color> и повышает его счетчик на 1"
                },
                {
                  "desc": "[UnBrokenCoinOnSucceedAttack] Повышает счетчик <sprite name=\"Laceration\"><color=#e30000><u><link=\"Laceration\">Кетчупа</link></u></color> на 1"
                }
              ]
            },
            {
              "coindescs": [
                {
                  "desc": "<sprite name=\"SuperCoin\"><color=#9f6a3a><u><link=\"SuperCoin\">Вечная монета</link></u></color>"
                },
                {
                  "desc": "[OnSucceedAttack] Получает 2 <sprite name=\"SlashDamageUp\"><color=#f8c200><u><link=\"SlashDamageUp\">Повышения Рубящего урона</link></u></color> на следующий ход"
                },
                {
                  "desc": "[UnBrokenCoinOnSucceedAttack] Наносит 2 <sprite name=\"SlashResistDown\"><color=#e30000><u><link=\"SlashResistDown\">Понижения сопротивления к Рубящему урону</link></u></color>"
                }
              ]
            },
            {
              "coindescs": [
                {
                  "desc": "<sprite name=\"SuperCoin\"><color=#9f6a3a><u><link=\"SuperCoin\">Вечная монета</link></u></color>"
                },
                {
                  "desc": "[UnBrokenCoinOnSucceedAttack] Наносит 5 <sprite name=\"Laceration\"><color=#e30000><u><link=\"Laceration\">Кетчупа</link></u></color>"
                },
                {
                  "desc": "[UnBrokenCoinOnSucceedAttack] Наносит 2 <sprite name=\"Paralysis\"><color=#e30000><u><link=\"Paralysis\">Паралича</link></u></color> на следующий ход"
                },
                {
                  "desc": "[UnBrokenCoinOnSucceedAttack] Повышает счетчик <sprite name=\"Laceration\"><color=#e30000><u><link=\"Laceration\">Кетчупа</link></u></color> на 3"
                }
              ]
            }
          ]
        }
      ]
    },
    {
      "id": 112205,
      "levelList": [
        {
          "level": 1,
          "name": "Дабы забрать их кости",
          "desc": "[StartBattle] Получает 100 щита\n[WhenUse] Сила в столкновении +5 с оставшимся щитом\nМонеты теряют 20 Итоговой силы, если они расколоты",
          "coinlist": [
            {
              "coindescs": [
                {
                  "desc": "<sprite name=\"SuperCoin\"><color=#9f6a3a><u><link=\"SuperCoin\">Вечная монета</link></u></color>"
                },
                {
                  "desc": "[UnBrokenCoinOnSucceedAttack] Наносит 3 <sprite name=\"SlashResistDown\"><color=#e30000><u><link=\"SlashResistDown\">Понижения сопротивления Рубящему урону</link></u></color>"
                }
              ]
            },
            {
              "coindescs": [
                {
                  "desc": "<sprite name=\"SuperCoin\"><color=#9f6a3a><u><link=\"SuperCoin\">Вечная монета</link></u></color>"
                },
                {
                  "desc": "[UnBrokenCoinOnSucceedAttack] На 100% больше урона раскумаром"
                },
                {
                  "desc": "[UnBrokenCoinOnSucceedAttack] Наносит 10 <sprite name=\"Laceration\"><color=#e30000><u><link=\"Laceration\">Кетчупа</link></u></color> и повышает его счетчик на 2"
                }
              ]
            },
            {
              "coindescs": [
                {
                  "desc": "<sprite name=\"SuperCoin\"><color=#9f6a3a><u><link=\"SuperCoin\">Вечная монета</link></u></color>"
                },
                {
                  "desc": "[UnBrokenCoinOnSucceedAttack] Если щит не был снят, разделяет <sprite name=\"Grudge\"><color=#4b679d><u><link=\"Grudge\">Растущую горечь</link></u></color> между целями атаки фиксированным уроном"
                }
              ]
            }
          ]
        }
      ]
    },
    {
      "id": 112305,
      "levelList": [
        {
          "level": 1,
          "name": "Дабы забрать их кости",
          "desc": "[StartBattle] Получает 250 щита\n[WhenUse] Повышает свой счетчик <sprite name=\"Breath\"><color=#f8c200><u><link=\"Breath\">Кумара</link></u></color> на 3\n[WhenUse] Сила в столкновении +10 с оставшимся щитом\nМонеты теряют 23 Итоговой силы, если они расколоты",
          "coinlist": [
            {
              "coindescs": [
                {
                  "desc": "<sprite name=\"SuperCoin\"><color=#9f6a3a><u><link=\"SuperCoin\">Вечная монета</link></u></color>"
                },
                {
                  "desc": "[OnSucceedAttack] Наносит 3 <sprite name=\"SlashResistDown\"><color=#e30000><u><link=\"SlashResistDown\">Понижения сопротивления Рубящему урону</link></u></color>"
                }
              ]
            },
            {
              "coindescs": [
                {
                  "desc": "<sprite name=\"SuperCoin\"><color=#9f6a3a><u><link=\"SuperCoin\">Вечная монета</link></u></color>"
                },
                {
                  "desc": "[UnBrokenCoinOnSucceedAttack] На 100% больше урона раскумаром"
                },
                {
                  "desc": "[UnBrokenCoinOnSucceedAttack] Наносит 2 <sprite name=\"Paralysis\"><color=#e30000><u><link=\"Paralysis\">Паралича</link></u></color> на следующий ход"
                },
                {
                  "desc": "[UnBrokenCoinOnSucceedAttack] Наносит 10 <sprite name=\"Laceration\"><color=#e30000><u><link=\"Laceration\">Кетчупа</link></u></color> и повышает его счетчик на 2"
                }
              ]
            },
            {
              "coindescs": [
                {
                  "desc": "<sprite name=\"SuperCoin\"><color=#9f6a3a><u><link=\"SuperCoin\">Вечная монета</link></u></color>"
                },
                {
                  "desc": "[UnBrokenCoinOnSucceedAttack] Если щит не был снят, разделяет <sprite name=\"Grudge\"><color=#4b679d><u><link=\"Grudge\">Растущую горечь</link></u></color> между целями атаки фиксированным уроном"
                }
              ]
            }
          ]
        }
      ]
    },
    {
      "id": 112309,
      "levelList": [
        {
          "level": 1,
          "name": "Дабы забрать их кости",
          "desc": "[CantChangeTarget]\nАтакует цель с наименьшими HP\n[EnemyKill] Удваивает <sprite name=\"Grudge\"><color=#4b679d><u><link=\"Grudge\">Растущую горечь</link></u></color>\n[EnemyKill] Восстанавливает HP на количество <sprite name=\"Grudge\"><color=#4b679d><u><link=\"Grudge\">Растущей горечи</link></u></color>\nМонеты теряют 25 Итоговой силы, если они расколоты",
          "coinlist": [
            {
              "coindescs": [
                {
                  "desc": "<sprite name=\"SuperCoin\"><color=#9f6a3a><u><link=\"SuperCoin\">Вечная монета</link></u></color>"
                }
              ]
            },
            {
              "coindescs": [
                {
                  "desc": "<sprite name=\"SuperCoin\"><color=#9f6a3a><u><link=\"SuperCoin\">Вечная монета</link></u></color>"
                }
              ]
            },
            {
              "coindescs": [
                {
                  "desc": "<sprite name=\"SuperCoin\"><color=#9f6a3a><u><link=\"SuperCoin\">Вечная монета</link></u></color>"
                },
                {
                  "desc": "[OnSucceedAttack] Наносит фиксированный урон в количестве своей <sprite name=\"Grudge\"><color=#4b679d><u><link=\"Grudge\">Растущей горечи</link></u></color>"
                }
              ]
            }
          ]
        }
      ]
    }
  ]
}