﻿{
  "dataList": [
    {
      "id": 838101,
      "levelList": [
        {
          "level": 1,
          "name": "Идти с грацией...",
          "desc": "Приоритет отдается союзнику без оглушения: если цель — союзник, Сила в столкновении +10 и урон не наносится\nСила в столкновении +1 за каждые 3 <sprite name=\"Laceration\"><color=#e30000><u><link=\"Laceration\">Кетчупа</link></u></color> на цели (До 3)",
          "coinlist": [
            {
              "coindescs": [
                {
                  "desc": "[OnSucceedAttack] Наносит 3 <sprite name=\"Laceration\"><color=#e30000><u><link=\"Laceration\">Кетчупа</link></u></color>\nЕсли цель — союзник, заменяет эффект на 3 <sprite name=\"AttackUp\"><color=#f8c200><u><link=\"AttackUp\">Повышения уровня атаки</link></u></color> до следующего хода"
                }
              ]
            }
          ]
        }
      ]
    },
    {
      "id": 838102,
      "levelList": [
        {
          "level": 1,
          "name": "Двигаться с красотой...",
          "desc": "Приоритет отдается союзнику без оглушения: если цель — союзник, Сила в столкновении +10 и урон не наносится\nСила в столкновении +1 за каждые 3 <sprite name=\"Laceration\"><color=#e30000><u><link=\"Laceration\">Кетчупа</link></u></color> на цели (До 3)",
          "coinlist": [
            {
              "coindescs": [
                {
                  "desc": "[OnSucceedAttack] Повышает счетчик <sprite name=\"Laceration\"><color=#e30000><u><link=\"Laceration\">Кетчупа</link></u></color> на 3\nЕсли цель — союзник, заменяет эффект на 3 <sprite name=\"DefenseUp\"><color=#f8c200><u><link=\"DefenseUp\">Повышения уровня защиты</link></u></color> до следующего хода"
                }
              ]
            }
          ]
        }
      ]
    },
    {
      "id": 838103,
      "levelList": [
        {
          "level": 1,
          "name": "Поманить публику сюда...",
          "desc": "[WhenUse] Итоговая сила +1 за каждые 5 <sprite name=\"FestivalFever\"><color=#f8c200><u><link=\"FestivalFever\">Праздничной горячки</link></u></color> на себе или каждые 6 <sprite name=\"Laceration\"><color=#e30000><u><link=\"Laceration\">Кетчупа</link></u></color> на цели (До 4)\n[WhenUse] При менее 15 <sprite name=\"BloodDinner\"><color=#9f6a3a><u><link=\"BloodDinner\">Борща</link></u></color>, получает 15 урона <sprite name=\"Laceration\"><color=#e30000><u><link=\"Laceration\">Кетчупом</link></u></color> и теряет 1 его счетчик (При HP менее 10% только получает 15 <sprite name=\"Laceration\"><color=#e30000><u><link=\"Laceration\">Кетчупа</link></u></color>)\n[EndSkill] Поглощает 15 <sprite name=\"BloodDinner\"><color=#9f6a3a><u><link=\"BloodDinner\">Борща</link></u></color>",
          "coinlist": [
            {
              "coindescs": [
                {
                  "desc": "[OnSucceedAttack] Получает 1 <sprite name=\"AttackUp\"><color=#f8c200><u><link=\"AttackUp\">Повышение уровня атаки</link></u></color> и 1 <sprite name=\"DefenseUp\"><color=#f8c200><u><link=\"DefenseUp\">Повышение уровня защиты</link></u></color> за каждые 6 <sprite name=\"Laceration\"><color=#e30000><u><link=\"Laceration\">Кетчупа</link></u></color> на цели (До 3 каждого)"
                }
              ]
            },
            {
              "coindescs": [
                {
                  "desc": "<sprite name=\"SuperCoin\"><color=#9f6a3a><u><link=\"SuperCoin\">Вечная монета</link></u></color>"
                },
                {
                  "desc": "[WinDuelAttack] Повышает счетчик <sprite name=\"Laceration\"><color=#e30000><u><link=\"Laceration\">Кетчупа</link></u></color> на 5"
                },
                {
                  "desc": "[OnSucceedAttack] Получает 3 <sprite name=\"BloomingThorns\"><color=#f8c200><u><link=\"BloomingThorns\">Цветущих шипа</link></u></color>"
                }
              ]
            }
          ]
        }
      ]
    },
    {
      "id": 838104,
      "levelList": [
        {
          "level": 1,
          "name": "Парад чудес",
          "desc": "[CantIdentify]\nГлавной целью становятся противники, а союзники дополнительными: если цель — союзник, Сила в столкновении +10 и урон не наносится\n[WhenUse] Сила в столкновении +1 за каждые 20 <sprite name=\"BloodDinner_Accumulation\"><color=#9f6a3a><u><link=\"BloodDinner_Accumulation\">Поглощенного собой борща</link></u></color> (До 10)\n[WhenUse] При менее 25 <sprite name=\"BloodDinner\"><color=#9f6a3a><u><link=\"BloodDinner\">Борща</link></u></color>, получает 25 урона <sprite name=\"Laceration\"><color=#e30000><u><link=\"Laceration\">Кетчупом</link></u></color> и теряет 1 его счетчик (При HP менее 10% только получает 25 <sprite name=\"Laceration\"><color=#e30000><u><link=\"Laceration\">Кетчупа</link></u></color>)\n[EndSkill] Поглощает 25 <sprite name=\"BloodDinner\"><color=#9f6a3a><u><link=\"BloodDinner\">Борща</link></u></color>\n[EndBattle] Тратит всю <sprite name=\"FestivalFever\"><color=#f8c200><u><link=\"FestivalFever\">Праздничную горячку</link></u></color>",
          "coinlist": [
            {
              "coindescs": [
                {
                  "desc": "[OnSucceedAttack] Дает 1 <sprite name=\"AttackUp\"><color=#f8c200><u><link=\"AttackUp\">Повышение уровня атаки</link></u></color> и <sprite name=\"DefenseUp\"><color=#f8c200><u><link=\"DefenseUp\">Повышение уровня защиты</link></u></color> до следующего хода за каждые 3 <sprite name=\"FestivalFever\"><color=#f8c200><u><link=\"FestivalFever\">Праздничной горячки</link></u></color> (До 3 каждого)"
                }
              ]
            },
            {
              "coindescs": [
                {
                  "desc": "<sprite name=\"SuperCoin\"><color=#9f6a3a><u><link=\"SuperCoin\">Вечная монета</link></u></color>"
                },
                {
                  "desc": "[OnSucceedAttack] Повышает счетчик <sprite name=\"Laceration\"><color=#e30000><u><link=\"Laceration\">Кетчупа</link></u></color> на 3\nЕсли цель — союзник, заменяет эффект на 5 <sprite name=\"BloomingThorns\"><color=#f8c200><u><link=\"BloomingThorns\">Цветущих шипов</link></u></color>"
                }
              ]
            }
          ]
        }
      ]
    },
    {
      "id": 838105,
      "levelList": [
        {
          "level": 1,
          "name": "Вечный парад",
          "desc": "[WhenUse] Сила в столкновении +1 за каждые 20 <sprite name=\"BloodDinner_Accumulation\"><color=#9f6a3a><u><link=\"BloodDinner_Accumulation\">Поглощенного собой борща</link></u></color> (До 10)\n[WhenUse] При менее 50 <sprite name=\"BloodDinner\"><color=#9f6a3a><u><link=\"BloodDinner\">Борща</link></u></color>, дважды получает 25 урона <sprite name=\"Laceration\"><color=#e30000><u><link=\"Laceration\">Кетчупом</link></u></color> (При HP менее 10% только получает 25 <sprite name=\"Laceration\"><color=#e30000><u><link=\"Laceration\">Кетчупа</link></u></color> и 2 его счетчика)\n[WhenUse] Поглощает половину <sprite name=\"BloodDinner\"><color=#9f6a3a><u><link=\"BloodDinner\">Борща</link></u></color>\n[EndBattle] Тратит весь <sprite name=\"IncompleteParade\"><color=#e30000><u><link=\"IncompleteParade\">Несовершенный парад</link></u></color>\n[EndBattle] Получает 10 <sprite name=\"FestivalFever\"><color=#f8c200><u><link=\"FestivalFever\">Праздничной горячки</link></u></color>",
          "coinlist": [
            {
              "coindescs": [
                {
                  "desc": "[OnSucceedAttack] Восстанавливает HP на 25% от нанесенного урона"
                }
              ]
            },
            {
              "coindescs": [
                {
                  "desc": "[OnSucceedAttack] Восстанавливает HP на 25% от нанесенного урона"
                }
              ]
            },
            {
              "coindescs": [
                {
                  "desc": "<sprite name=\"SuperCoin\"><color=#9f6a3a><u><link=\"SuperCoin\">Вечная монета</link></u></color>"
                },
                {
                  "desc": "[OnSucceedAttack] Восстанавливает HP на 50% от нанесенного урона"
                },
                {
                  "desc": "[OnSucceedAttack] Наносит 5 <sprite name=\"Laceration\"><color=#e30000><u><link=\"Laceration\">Кетчупа</link></u></color> и 5 <sprite name=\"Burst\"><color=#e30000><u><link=\"Burst\">Зеленки</link></u></color>"
                },
                {
                  "desc": "[EndCoin] Получает 1 <sprite name=\"BloomingThorns\"><color=#f8c200><u><link=\"BloomingThorns\">Цветущий шип</link></u></color> за каждые 10 <sprite name=\"BloodDinner\"><color=#9f6a3a><u><link=\"BloodDinner\">Борща</link></u></color>, поглощенного этой атакой (До 10)"
                }
              ]
            }
          ]
        }
      ]
    },
    {
      "id": 838106,
      "levelList": [
        {
          "level": 1,
          "name": "И это все, что нужно...",
          "desc": "[DuelCounter]\n[WhenUse] При 5 и более <sprite name=\"FestivalFever\"><color=#f8c200><u><link=\"FestivalFever\">Праздничной горячки</link></u></color>, Сила в столкновении +3\n[StartBattle] Получает 5 <sprite name=\"BloomingThorns\"><color=#f8c200><u><link=\"BloomingThorns\">Цветущего шипа</link></u></color>\n[DefeatDuel] Теряет 5 <sprite name=\"BloomingThorns\"><color=#f8c200><u><link=\"BloomingThorns\">Цветущего шипа</link></u></color>",
          "coinlist": [
            {
              "coindescs": [
                {
                  "desc": "[OnSucceedAttack] Наносит 2 <sprite name=\"Laceration\"><color=#e30000><u><link=\"Laceration\">Кетчупа</link></u></color>"
                }
              ]
            },
            {
              "coindescs": [
                {
                  "desc": "[OnSucceedAttack] Повышает счетчик <sprite name=\"Laceration\"><color=#e30000><u><link=\"Laceration\">Кетчупа</link></u></color> на 2"
                }
              ]
            }
          ]
        }
      ]
    },
    {
      "id": 838107,
      "levelList": [
        {
          "level": 1,
          "name": "Финал",
          "desc": "[WhenUse] Поглощает половину <sprite name=\"BloodDinner\"><color=#9f6a3a><u><link=\"BloodDinner\">Борща</link></u></color>\n[WinDuel] Наносит на (Поглощенное атакой <sprite name=\"BloodDinner\"><color=#9f6a3a><u><link=\"BloodDinner\">Борщ</link></u></color>)% больше урона (До 150%)\n[DefeatDuel] Атака наносит на 50% меньше урона и не может оглушить\n[EndSkill] SP падает до -45",
          "coinlist": [
            {
              "coindescs": [
                {
                  "desc": "<sprite name=\"SuperCoin\"><color=#9f6a3a><u><link=\"SuperCoin\">Вечная монета</link></u></color>"
                },
                {
                  "desc": "[OnSucceedAttack] Наносит 6 <sprite name=\"Laceration\"><color=#e30000><u><link=\"Laceration\">Кетчупа</link></u></color>"
                },
                {
                  "desc": "[OnSucceedAttack] Повышает счетчик <sprite name=\"Laceration\"><color=#e30000><u><link=\"Laceration\">Кетчупа</link></u></color> на 6"
                }
              ]
            },
            {
              "coindescs": [
                {
                  "desc": "<sprite name=\"SuperCoin\"><color=#9f6a3a><u><link=\"SuperCoin\">Вечная монета</link></u></color>"
                },
                {
                  "desc": "[WinDuelAttack] Наносит 6 <sprite name=\"Burst\"><color=#e30000><u><link=\"Burst\">Зеленки</link></u></color>"
                },
                {
                  "desc": "[WinDuelAttack] Повышает счетчик <sprite name=\"Burst\"><color=#e30000><u><link=\"Burst\">Зеленки</link></u></color> на 6"
                }
              ]
            },
            {
              "coindescs": [
                {
                  "desc": "<sprite name=\"SuperCoin\"><color=#9f6a3a><u><link=\"SuperCoin\">Вечная монета</link></u></color>"
                },
                {
                  "desc": "[EndCoin] Получает 1 <sprite name=\"BloomingThorns\"><color=#f8c200><u><link=\"BloomingThorns\">Цветущий шип</link></u></color> за каждые 10 <sprite name=\"BloodDinner\"><color=#9f6a3a><u><link=\"BloodDinner\">Борща</link></u></color>, поглощенного этой атакой (До 10)"
                }
              ]
            }
          ]
        }
      ]
    },
    {
      "id": 838901,
      "levelList": [
        {
          "level": 1,
          "name": "Весенний дракон",
          "desc": "[WhenUse] Получает 2 <sprite name=\"Agility\"><color=#f8c200><u><link=\"Agility\">Спешки</link></u></color> на следующий ход",
          "coinlist": [
            {
              "coindescs": [
                {
                  "desc": "[OnSucceedAttack] Получает 1 <sprite name=\"Agility\"><color=#f8c200><u><link=\"Agility\">Спешку</link></u></color> на следующий ход"
                }
              ]
            },
            {
              "coindescs": [
                {
                  "desc": "[OnSucceedAttack] Наносит 2 <sprite name=\"Vulnerable\"><color=#e30000><u><link=\"Vulnerable\">Уязвимости</link></u></color> на следующий ход"
                }
              ]
            }
          ]
        }
      ]
    },
    {
      "id": 838902,
      "levelList": [
        {
          "level": 1,
          "name": "Осенний лотос",
          "desc": "[WhenUse] Получает 2 <sprite name=\"Agility\"><color=#f8c200><u><link=\"Agility\">Спешки</link></u></color> на следующий ход",
          "coinlist": [
            {
              "coindescs": [
                {
                  "desc": "[OnSucceedAttack] Получает 1 <sprite name=\"Agility\"><color=#f8c200><u><link=\"Agility\">Спешку</link></u></color> на следующий ход"
                }
              ]
            },
            {
              "coindescs": [
                {
                  "desc": "[OnSucceedAttack] Наносит 2 <sprite name=\"Vulnerable\"><color=#e30000><u><link=\"Vulnerable\">Уязвимости</link></u></color> на следующий ход"
                }
              ]
            }
          ]
        }
      ]
    },
    {
      "id": 838903,
      "levelList": [
        {
          "level": 1,
          "name": "Слабый след",
          "desc": "[WhenUse] Получает 3 <sprite name=\"Agility\"><color=#f8c200><u><link=\"Agility\">Спешки</link></u></color> на следующий ход",
          "coinlist": [
            {
              "coindescs": [
                {
                  "desc": "<sprite name=\"SuperCoin\"><color=#9f6a3a><u><link=\"SuperCoin\">Вечная монета</link></u></color>"
                }
              ]
            },
            {
              "coindescs": [
                {
                  "desc": "[OnSucceedAttack] Наносит 3 <sprite name=\"SlashTakeDamageUp\"><color=#e30000><u><link=\"SlashTakeDamageUp\">Уязвимости к Рубящему урону</link></u></color>"
                }
              ]
            }
          ]
        }
      ]
    },
    {
      "id": 838904,
      "levelList": [
        {
          "level": 1,
          "name": "Бледный след",
          "desc": "Сила в столкновении +5, если скорость выше скорости цели на 5 или более",
          "coinlist": [
            {
              "coindescs": [
                {
                  "desc": "<sprite name=\"SuperCoin\"><color=#9f6a3a><u><link=\"SuperCoin\">Вечная монета</link></u></color>"
                }
              ]
            },
            {
              "coindescs": [
                {
                  "desc": "[OnSucceedAttack] Наносит 100 дополнительного урона"
                }
              ]
            }
          ]
        }
      ]
    },
    {
      "id": 838905,
      "levelList": [
        {
          "level": 1,
          "name": "Красная стрела",
          "desc": "[WhenUse] Получает 2 <sprite name=\"Agility\"><color=#f8c200><u><link=\"Agility\">Спешки</link></u></color> на следующий ход",
          "coinlist": [
            {
              "coindescs": [
                {
                  "desc": "[OnSucceedAttack] Наносит 50 дополнительного урона"
                }
              ]
            },
            {
              "coindescs": [
                {
                  "desc": "[OnSucceedAttack] Наносит 50 дополнительного урона"
                }
              ]
            }
          ]
        }
      ]
    },
    {
      "id": 838906,
      "levelList": [
        {
          "level": 1,
          "name": "Черная стрела",
          "desc": "[WhenUse] Получает 2 <sprite name=\"Agility\"><color=#f8c200><u><link=\"Agility\">Спешки</link></u></color> на следующий ход",
          "coinlist": [
            {
              "coindescs": [
                {
                  "desc": "[OnSucceedAttack] Наносит 2 <sprite name=\"MentalCrack\"><color=#e30000><u><link=\"MentalCrack\">Ментального разлома</link></u></color>"
                }
              ]
            },
            {
              "coindescs": [
                {
                  "desc": "[OnSucceedAttack] Наносит 2 <sprite name=\"MentalCrack\"><color=#e30000><u><link=\"MentalCrack\">Ментального разлома</link></u></color>"
                }
              ]
            }
          ]
        }
      ]
    },
    {
      "id": 838907,
      "levelList": [
        {
          "level": 1,
          "name": "Водное зеркало",
          "desc": "<sprite name=\"CanDuelGuard\"><color=#9f6a3a><u><link=\"CanDuelGuard\">Блок с поединком</link></u></color>\n[WhenUse] Получает 3 <sprite name=\"Protection\"><color=#f8c200><u><link=\"Protection\">Защищенности</link></u></color>\n[WinDuel] Наносит урон по HP, равный Итоговой силе этого навыка",
          "coinlist": [
            {
              "coindescs": [
                {
                  "desc": "<sprite name=\"SuperCoin\"><color=#9f6a3a><u><link=\"SuperCoin\">Вечная монета</link></u></color>"
                }
              ]
            }
          ]
        }
      ]
    },
    {
      "id": 838908,
      "levelList": [
        {
          "level": 1,
          "name": "Активация рельсотронного-ускорителя электронов",
          "desc": "[StartBattle] Получает 10 <sprite name=\"Enhancement\"><color=#f8c200><u><link=\"Enhancement\">Повышений силы атаки</link></u></color> и 10 <sprite name=\"Agility\"><color=#f8c200><u><link=\"Agility\">Спешки</link></u></color> на следующий ход",
          "coinlist": [
            {
              "coindescs": [
                {
                  "desc": ""
                }
              ]
            }
          ]
        }
      ]
    },
    {
      "id": 838909,
      "levelList": [
        {
          "level": 1,
          "name": "Стрела",
          "desc": "[WhenUse] Получает 5 <sprite name=\"PenetrateDamageUp\"><color=#f8c200><u><link=\"PenetrateDamageUp\">Повышений Пронзающего урона</link></u></color>",
          "coinlist": [
            {
              "coindescs": [
                {
                  "desc": ""
                }
              ]
            }
          ]
        }
      ]
    }
  ]
}