﻿{
  "dataList": [
    {
      "id": 806301,
      "levelList": [
        {
          "level": 1,
          "name": "Зверское избиение",
          "desc": "",
          "coinlist": [
            {
              "coindescs": [
                {
                  "desc": "[OnSucceedAttack] Наносит 2 <sprite name=\"Burst\"><color=#e30000><u><link=\"Burst\">Зеленки</link></u></color>"
                }
              ]
            },
            {
              "coindescs": [
                {
                  "desc": "[OnSucceedAttack] Наносит 2 <sprite name=\"Burst\"><color=#e30000><u><link=\"Burst\">Зеленки</link></u></color>"
                }
              ]
            },
            {
              "coindescs": [
                {
                  "desc": "[OnSucceedAttack] Наносит 2 <sprite name=\"Burst\"><color=#e30000><u><link=\"Burst\">Зеленки</link></u></color>"
                }
              ]
            }
          ]
        }
      ]
    },
    {
      "id": 806302,
      "levelList": [
        {
          "level": 1,
          "name": "Мощное! Крушение",
          "desc": "",
          "coinlist": [
            {
              "coindescs": [
                {
                  "desc": "[OnSucceedAttack] Повышает счетчик <sprite name=\"Burst\"><color=#e30000><u><link=\"Burst\">Зеленки</link></u></color> на 4"
                }
              ]
            }
          ]
        }
      ]
    },
    {
      "id": 806303,
      "levelList": [
        {
          "level": 1,
          "name": "Крабовая пена",
          "desc": "[CantIdentify]",
          "coinlist": [
            {
              "coindescs": [
                {
                  "desc": "[OnSucceedAttack] Повышает счетчик <sprite name=\"Burst\"><color=#e30000><u><link=\"Burst\">Зеленки</link></u></color> на 5"
                }
              ]
            },
            {
              "coindescs": [
                {
                  "desc": "[OnSucceedAttack] Повышает счетчик <sprite name=\"Burst\"><color=#e30000><u><link=\"Burst\">Зеленки</link></u></color> на 5"
                }
              ]
            }
          ]
        }
      ]
    },
    {
      "id": 806304,
      "levelList": [
        {
          "level": 1,
          "name": "Ракушечная атака!!!",
          "desc": "[CantIdentify] Наносит на 20% больше урона за каждые 5 счетчиков <sprite name=\"Burst\"><color=#e30000><u><link=\"Burst\">Зеленки</link></u></color> на цели",
          "coinlist": [
            {
              "coindescs": [
                {
                  "desc": "[OnSucceedAttack] Наносит 5 <sprite name=\"Burst\"><color=#e30000><u><link=\"Burst\">Зеленок</link></u></color>"
                },
                {
                  "desc": "[OnSucceedAttack] Повышает счетчик <sprite name=\"Burst\"><color=#e30000><u><link=\"Burst\">Зеленки</link></u></color> на 5"
                }
              ]
            }
          ]
        }
      ]
    },
    {
      "id": 806305,
      "levelList": [
        {
          "level": 1,
          "name": "Крабовый рейв",
          "desc": "[CantIdentify] На 20% больше урона за каждые 5 счетчиков <sprite name=\"Burst\"><color=#e30000><u><link=\"Burst\">Зеленки</link></u></color> на цели\n[EndSkill] Призывает 3 Краба при наличии на поле боя менее 5 Крабов к концу хода (До 5)",
          "coinlist": [
            {
              "coindescs": [
                {
                  "desc": "[OnSucceedAttack] Наносит 5 <sprite name=\"Burst\"><color=#e30000><u><link=\"Burst\">Зеленок</link></u></color>"
                }
              ]
            }
          ]
        }
      ]
    },
    {
      "id": 806306,
      "levelList": [
        {
          "level": 1,
          "name": "Пенная броня",
          "desc": "[StartBattle] При получении атаки при наличии HP щита, наносит 7 урона атаковавшему и 1 <sprite name=\"Burst\"><color=#e30000><u><link=\"Burst\">Зеленка</link></u></color>",
          "coinlist": [
            {}
          ]
        }
      ]
    },
    {
      "id": 806307,
      "levelList": [
        {
          "level": 1,
          "name": "Пенная броня",
          "desc": "[StartBattle] При получении атаки при наличии HP щита, наносит 7 урона атаковавшему и 1 <sprite name=\"Burst\"><color=#e30000><u><link=\"Burst\">Зеленка</link></u></color>",
          "coinlist": [
            {}
          ]
        }
      ]
    }
  ]
}