{
  "dataList": [
    {
      "id": 40000501,
      "levelList": [
        {
          "level": 1,
          "name": "Багровое рассечение",
          "desc": "[WhenUse] Базовая сила +1 за каждые 3 <sprite name=\"Burst\"><color=#e30000><u><link=\"Burst\">Разрыва</link></u></color> на цели (До 2)",
          "coinlist": [
            {
              "coindescs": [
                {
                  "desc": "[OnSucceedAttack] Наносит 3 <sprite name=\"Laceration\"><color=#e30000><u><link=\"Laceration\">Кровотечения</link></u></color>"
                },
                {
                  "desc": "[OnSucceedAttack] Наносит 3 <sprite name=\"DefenseDown\"><color=#e30000><u><link=\"DefenseDown\">Понижения уровня защиты</link></u></color>"
                },
                {
                  "desc": "[CriticalOnSucceedAttack] Повышает свой счётчик <sprite name=\"Breath\"><color=#f8c200><u><link=\"Breath\">Дыхания</link></u></color> <nobr>на 2</nobr>"
                }
              ]
            },
            {
              "coindescs": [
                {
                  "desc": "[OnSucceedAttackHead] Повышает счётчик <sprite name=\"Laceration\"><color=#e30000><u><link=\"Laceration\">Кровотечения</link></u></color> <nobr>на 2</nobr>"
                },
                {
                  "desc": "[OnSucceedAttack] Наносит 3 <sprite name=\"DefenseDown\"><color=#e30000><u><link=\"DefenseDown\">Понижения уровня защиты</link></u></color>"
                },
                {
                  "desc": "[CriticalOnSucceedAttack] Повышает свой счётчик <sprite name=\"Breath\"><color=#f8c200><u><link=\"Breath\">Дыхания</link></u></color> <nobr>на 2</nobr>"
                }
              ]
            }
          ]
        }
      ]
    },
    {
      "id": 40000502,
      "levelList": [
        {
          "level": 1,
          "name": "Пьяный сон, безудержная рябь",
          "desc": "Может перехватить любые атаки независимо от скорости\n[WhenUse] Базовая сила +1 за каждые 3 <sprite name=\"Breath\"><color=#f8c200><u><link=\"Breath\">Дыхания</link></u></color> (До 3)\n[WhenUse] Базовая сила +3 за каждый тип негативных эффектов на цели (До 9)\n[WhenUse] Получает 5 <sprite name=\"Agility\"><color=#f8c200><u><link=\"Agility\">Спешки</link></u></color> на следующий ход (Единожды за ход)\n[WhenUse] Получает 10 <sprite name=\"Breath\"><color=#f8c200><u><link=\"Breath\">Дыхания</link></u></color> и повышает его счётчик на 2",
          "coinlist": [
            {
              "coindescs": [
                {
                  "desc": "На 300% больше урона при критическом попадании"
                },
                {
                  "desc": "[OnSucceedAttack] Наносит 7 <sprite name=\"Laceration\"><color=#e30000><u><link=\"Laceration\">Кровотечения</link></u></color> и повышает его счётчик на 2"
                },
                {
                  "desc": "[OnSucceedAttack] Наносит 3 <sprite name=\"Paralysis\"><color=#e30000><u><link=\"Paralysis\">Паралича</link></u></color> на следующий ход"
                }
              ]
            }
          ]
        }
      ]
    }
  ]
}