{
  "dataList": [
    {
      "id": 2020511,
      "levelList": [
        {
          "level": 1,
          "name": "1000 - 7",
          "abName": "Подкожный жир",
          "desc": "",
          "coinlist": [
            {
              "coindescs": [
                {
                  "desc": "[OnSucceedAttack] Конвертирует 2 Горения на цели в 1 понижение уровня защиты (Макс. 10)<style=\"highlight\"></style>"
                }
              ]
            }
          ]
        },
        {
          "level": 3,
          "name": "1000 - 7",
          "abName": "Подкожный жир",
          "desc": "[BeforeAttack] На 4+ (Наивысш. рез. похоти.), Радиус атаки +1<style=\"highlight\"></style>",
          "coinlist": [
            {
              "coindescs": [
                {
                  "desc": "[OnSucceedAttackHead] Наносит 3 Горения<style=\"highlight\"></style>"
                },
                {
                  "desc": "[OnSucceedAttack] Конвертирует 2 Горения на цели в 1 понижение уровня защиты (Макс. 10)<style=\"highlight\"></style>"
                }
              ]
            }
          ]
        },
        {
          "level": 4,
          "name": "1000 - 7",
          "abName": "Подкожный жир",
          "desc": "[BeforeAttack] На 4+ (Наивысш. рез. похоти.), Радиус атаки +1\nAt 6+ (Наивысш. рез. похоти.), дополнительно радиус атаки +1<style=\"highlight\"></style>",
          "coinlist": [
            {
              "coindescs": [
                {
                  "desc": "[OnSucceedAttack] Наносит 3 Горения<style=\"highlight\"></style>"
                },
                {
                  "desc": "[OnSucceedAttack] Конвертирует 2 Горения на цели в 1 понижение уровня защиты (Макс. 10)<style=\"highlight\"></style>"
                }
              ]
            }
          ]
        }
      ]
    },
    {
      "id": 2020521,
      "levelList": [
        {
          "level": 1,
          "name": "1000 - 7",
          "abName": "Подкожный жир",
          "desc": "[CantIdentify]\nЕбашит рандомно<style=\"highlight\"></style>",
          "coinlist": [
            {
              "coindescs": [
                {
                  "desc": "[OnSucceedAttackTail] Наносит 4 Горения<style=\"highlight\"></style>"
                },
                {
                  "desc": "[OnSucceedAttack] Конвертирует 2 Горения на цели в 1 понижение уровня защиты (Макс. 10)<style=\"highlight\"></style>"
                }
              ]
            }
          ]
        },
        {
          "level": 3,
          "name": "1000 - 7",
          "abName": "Подкожный жир",
          "desc": "[CantIdentify]\nЕбашит рандомно\n[BeforeAttack] На 4+ (Наивысш. рез. похоти.), Радиус атаки +1<style=\"highlight\"></style>",
          "coinlist": [
            {
              "coindescs": [
                {
                  "desc": "[OnSucceedAttackTail] Наносит 2 Поноса следующим ходом<style=\"highlight\"></style>"
                },
                {
                  "desc": "[OnSucceedAttack] Наносит 4 Горения<style=\"highlight\"></style>"
                },
                {
                  "desc": "[OnSucceedAttack] Конвертирует 2 Горения на цели в 1 понижение уровня защиты (Макс. 10)<style=\"highlight\"></style>"
                }
              ]
            }
          ]
        },
        {
          "level": 4,
          "name": "1000 - 7",
          "abName": "Подкожный жир",
          "desc": "[CantIdentify]\nЕбашит рандомно\n[BeforeAttack] На 4+ (Наивысш. рез. похоти.), Радиус атаки +1\nНа 6+ (Наивысш. рез. похоти.), дополнительно радиус атаки +1<style=\"highlight\"></style>",
          "coinlist": [
            {
              "coindescs": [
                {
                  "desc": "[OnSucceedAttackTail] Наносит 2 Поноса следующим ходом<style=\"highlight\"></style>"
                },
                {
                  "desc": "[OnSucceedAttack] Наносит 4 Горения<style=\"highlight\"></style>"
                },
                {
                  "desc": "[OnSucceedAttack] Конвертирует 2 Горения на цели в 1 понижение уровня защиты (Макс. 10)<style=\"highlight\"></style>"
                }
              ]
            }
          ]
        }
      ]
    },
    {
      "id": 2020611,
      "levelList": [
        {
          "level": 1,
          "name": "Жена",
          "abName": "Таймс Дак",
          "desc": "Если скорость врага меньше, чем у данного союзника, наносит +(2.5 x (Разница в скорости))% больше урона (Макс. 25%)\n[BeforeAttack] На 3+ наивысш. резон., Наносит <sprite name=\"Vibration\"><color=#e30000><u><link=\"Vibration\">Тряска</link></u></color> потенциала по наивысш. резонансу. (Макс. 5)\n[EndSkill] На след. 3 хода, теряет 10 рассудка в конце хода.<style=\"highlight\"></style>",
          "coinlist": [
            {
              "coindescs": [
                {
                  "desc": "[OnSucceedAttack] Наносит 5 <sprite name=\"Vibration\"><color=#e30000><u><link=\"Vibration\">Тряска</link></u></color> и +5 <sprite name=\"Vibration\"><color=#e30000><u><link=\"Vibration\">Тряска</link></u></color> счетчика<style=\"highlight\"></style>"
                },
                {
                  "desc": "[OnSucceedAttack] Провоцирует <sprite name=\"FusionVibration\"><color=#9f6a3a><u><link=\"FusionVibration\">Наложение амплитуд</link></u></color> в <sprite name=\"VibrationContinue\"><color=#e30000><u><link=\"VibrationContinue\">Тряска: Вечность</link></u></color><style=\"highlight\"></style>"
                }
              ]
            },
            {
              "coindescs": [
                {
                  "desc": "[OnSucceedAttack] Провоцирует <sprite name=\"VibrationExplosion\"><color=#e30000><u><link=\"VibrationExplosion\">Провокация Тряски</link></u></color>; затем, уменьшает у врага <sprite name=\"Vibration\"><color=#e30000><u><link=\"Vibration\">Тряска</link></u></color> счетчик на 1<style=\"highlight\"></style>"
                }
              ]
            },
            {
              "coindescs": [
                {
                  "desc": "[OnSucceedAttack] Провоцирует <sprite name=\"VibrationExplosion\"><color=#e30000><u><link=\"VibrationExplosion\">Провокация Тряски</link></u></color>; затем, уменьшает у врага <sprite name=\"Vibration\"><color=#e30000><u><link=\"Vibration\">Тряска</link></u></color> счетчик на 1<style=\"highlight\"></style>"
                }
              ]
            },
            {
              "coindescs": [
                {
                  "desc": "[OnSucceedAttack] Провоцирует <sprite name=\"VibrationExplosion\"><color=#e30000><u><link=\"VibrationExplosion\">Провокация Тряски</link></u></color>; затем, уменьшает у врага <sprite name=\"Vibration\"><color=#e30000><u><link=\"Vibration\">Тряска</link></u></color> счетчик на 1<style=\"highlight\"></style>"
                },
                {
                  "desc": "[OnSucceedAttack] Уменьшает макс. Скорость наполовину следующим ходом<style=\"highlight\"></style>"
                }
              ]
            }
          ]
        },
        {
          "level": 3,
          "name": "Жена",
          "abName": "Таймс Дак",
          "desc": "Если скорость врага меньше, чем у данного союзника, наносит +(<style=\"highlight\">3.5</style> x (Разница в скорости))% больше урона (Макс. <style=\"highlight\">35%</style>)\n[BeforeAttack] На 3+ наивысш. резон., Наносит <sprite name=\"Vibration\"><color=#e30000><u><link=\"Vibration\">Тряска</link></u></color> потенциала по наивысш. резонансу. (Макс. 5)\n<style=\"highlight\">- Если наивысший резонанс был резонансом Лени, Наносит <sprite name=\"Vibration\"><color=#e30000><u><link=\"Vibration\">Тряска</link></u></color> счетчика равный <sprite name=\"Vibration\"><color=#e30000><u><link=\"Vibration\">Тряска</link></u></color> потенциалу. (Макс. 5)</style>\n[EndSkill] На след. 3 хода, теряет 10 рассудка в конце хода.",
          "coinlist": [
            {
              "coindescs": [
                {
                  "desc": "[OnSucceedAttack] Наносит 5 <sprite name=\"Vibration\"><color=#e30000><u><link=\"Vibration\">Тряска</link></u></color> и +5 <sprite name=\"Vibration\"><color=#e30000><u><link=\"Vibration\">Тряска</link></u></color> счетчика<style=\"highlight\"></style>"
                },
                {
                  "desc": "[OnSucceedAttack] Провоцирует <sprite name=\"FusionVibration\"><color=#9f6a3a><u><link=\"FusionVibration\">Наложение амплитуд</link></u></color> в <sprite name=\"VibrationContinue\"><color=#e30000><u><link=\"VibrationContinue\">Тряска: Вечность</link></u></color><style=\"highlight\"></style>"
                }
              ]
            },
            {
              "coindescs": [
                {
                  "desc": "[OnSucceedAttack] Провоцирует <sprite name=\"VibrationExplosion\"><color=#e30000><u><link=\"VibrationExplosion\">Провокация Тряски</link></u></color>; затем, уменьшает у врага <sprite name=\"Vibration\"><color=#e30000><u><link=\"Vibration\">Тряска</link></u></color> счетчик на 1<style=\"highlight\"></style>"
                }
              ]
            },
            {
              "coindescs": [
                {
                  "desc": "[OnSucceedAttack] Провоцирует <sprite name=\"VibrationExplosion\"><color=#e30000><u><link=\"VibrationExplosion\">Провокация Тряски</link></u></color>; затем, уменьшает у врага <sprite name=\"Vibration\"><color=#e30000><u><link=\"Vibration\">Тряска</link></u></color> счетчик на 1<style=\"highlight\"></style>"
                }
              ]
            },
            {
              "coindescs": [
                {
                  "desc": "[OnSucceedAttack] Провоцирует <sprite name=\"VibrationExplosion\"><color=#e30000><u><link=\"VibrationExplosion\">Провокация Тряски</link></u></color>; затем, уменьшает у врага <sprite name=\"Vibration\"><color=#e30000><u><link=\"Vibration\">Тряска</link></u></color> счетчик на 1<style=\"highlight\"></style>"
                },
                {
                  "desc": "[OnSucceedAttack] Уменьшает Макс. Скорость наполовину следующим ходом<style=\"highlight\"></style>"
                }
              ]
            }
          ]
        },
        {
          "level": 4,
          "name": "Жена",
          "abName": "Таймс Дак",
          "desc": "Если скорость врага меньше, чем у данного союзника, наносит +(<style=\"highlight\">5</style> x (Разница в скорости))% больше урона (Макс. <style=\"highlight\">50%</style>)\n[BeforeAttack] На 3+ наивысш. резон., Наносит <sprite name=\"Vibration\"><color=#e30000><u><link=\"Vibration\">Тряска</link></u></color> потенциал на (<style=\"highlight\">2</style> x (наивысш. резонанс)) (Макс. <style=\"highlight\">10</style>)\n- Если наивысший резонанс был резонансом Лени, Наносит <sprite name=\"Vibration\"><color=#e30000><u><link=\"Vibration\">Тряска</link></u></color> счетчика равный <sprite name=\"Vibration\"><color=#e30000><u><link=\"Vibration\">Тряска</link></u></color> потенциалу. (Макс. <style=\"highlight\">10</style>)\n[EndSkill] На след. 3 хода, теряет 10 рассудка в конце хода.",
          "coinlist": [
            {
              "coindescs": [
                {
                  "desc": "[OnSucceedAttack] Наносит <style=\"highlight\">10</style> <sprite name=\"Vibration\"><color=#e30000><u><link=\"Vibration\">Тряска</link></u></color> и <style=\"highlight\">+10</style> <sprite name=\"Vibration\"><color=#e30000><u><link=\"Vibration\">Тряска</link></u></color> счетчика"
                },
                {
                  "desc": "[OnSucceedAttack] Провоцирует <sprite name=\"FusionVibration\"><color=#9f6a3a><u><link=\"FusionVibration\">Наложение амплитуд</link></u></color> в <sprite name=\"VibrationContinue\"><color=#e30000><u><link=\"VibrationContinue\">Тряска: Вечность</link></u></color><style=\"highlight\"></style>"
                },
                {
                  "desc": "<style=\"highlight\">[OnSucceedAttack] Провоцирует <sprite name=\"VibrationExplosion\"><color=#e30000><u><link=\"VibrationExplosion\">Провокация Тряски</link></u></color>; затем, уменьшает у врага <sprite name=\"Vibration\"><color=#e30000><u><link=\"Vibration\">Тряска</link></u></color> счетчик на 1</style>"
                }
              ]
            },
            {
              "coindescs": [
                {
                  "desc": "[OnSucceedAttack] Провоцирует <sprite name=\"VibrationExplosion\"><color=#e30000><u><link=\"VibrationExplosion\">Провокация Тряски</link></u></color>; затем, уменьшает у врага <sprite name=\"Vibration\"><color=#e30000><u><link=\"Vibration\">Тряска</link></u></color> счетчик на 1<style=\"highlight\"></style>"
                }
              ]
            },
            {
              "coindescs": [
                {
                  "desc": "[OnSucceedAttack] Провоцирует <sprite name=\"VibrationExplosion\"><color=#e30000><u><link=\"VibrationExplosion\">Провокация Тряски</link></u></color>; затем, уменьшает у врага <sprite name=\"Vibration\"><color=#e30000><u><link=\"Vibration\">Тряска</link></u></color> счетчик на 1<style=\"highlight\"></style>"
                }
              ]
            },
            {
              "coindescs": [
                {
                  "desc": "[OnSucceedAttack] Провоцирует <sprite name=\"VibrationExplosion\"><color=#e30000><u><link=\"VibrationExplosion\">Провокация Тряски</link></u></color>; затем, уменьшает у врага <sprite name=\"Vibration\"><color=#e30000><u><link=\"Vibration\">Тряска</link></u></color> счетчик на 1<style=\"highlight\"></style>"
                },
                {
                  "desc": "[OnSucceedAttack] Уменьшает Макс. Скорость наполовину следующим ходом<style=\"highlight\"></style>"
                }
              ]
            }
          ]
        }
      ]
    },
    {
      "id": 2020621,
      "levelList": [
        {
          "level": 1,
          "name": "Жена",
          "abName": "Таймс Дак",
          "desc": "[CantIdentify]\nЕбашит рандомно\nЕсли скорость основной цели ниже, чем у данного союзника, наносит +(1.5 x (Разница в скорости))% больше урона (Макс. 12%)\n[BeforeAttack] На 3+ наивысш. резон., Наносит 3 <sprite name=\"Vibration\"><color=#e30000><u><link=\"Vibration\">Тряска</link></u></color> потенциал<style=\"highlight\"></style>",
          "coinlist": [
            {
              "coindescs": [
                {
                  "desc": "[OnSucceedAttack] Наносит 3 <sprite name=\"Vibration\"><color=#e30000><u><link=\"Vibration\">Тряска</link></u></color> и +3 <sprite name=\"Vibration\"><color=#e30000><u><link=\"Vibration\">Тряска</link></u></color> счетчика<style=\"highlight\"></style>"
                },
                {
                  "desc": "[OnSucceedAttack] Провоцирует <sprite name=\"FusionVibration\"><color=#9f6a3a><u><link=\"FusionVibration\">Наложение амплитуд</link></u></color> в <sprite name=\"VibrationContinue\"><color=#e30000><u><link=\"VibrationContinue\">Тряска: Вечность</link></u></color><style=\"highlight\"></style>"
                },
                {
                  "desc": "[OnSucceedAttack] Провоцирует <sprite name=\"VibrationExplosion\"><color=#e30000><u><link=\"VibrationExplosion\">Провокация Тряски</link></u></color>; затем, уменьшает у врага <sprite name=\"Vibration\"><color=#e30000><u><link=\"Vibration\">Тряска</link></u></color> счетчик на 1<style=\"highlight\"></style>"
                },
                {
                  "desc": "[OnSucceedAttack] Провоцирует <sprite name=\"VibrationExplosion\"><color=#e30000><u><link=\"VibrationExplosion\">Провокация Тряски</link></u></color>; затем, уменьшает у врага <sprite name=\"Vibration\"><color=#e30000><u><link=\"Vibration\">Тряска</link></u></color> счетчик на 1<style=\"highlight\"></style>"
                },
                {
                  "desc": "[OnSucceedAttack] Уменьшает Макс. Скорость наполовину следующим ходом<style=\"highlight\"></style>"
                }
              ]
            }
          ]
        },
        {
          "level": 3,
          "name": "Жена",
          "abName": "Таймс Дак",
          "desc": "[CantIdentify]\nЕбашит рандомно\nЕсли скорость основной цели ниже, чем у данного союзника, наносит +(<style=\"highlight\">2</style> x (Разница в скорости))% больше урона (Макс. <style=\"highlight\">16%</style>)\n[BeforeAttack] На 3+ наивысш. резон., Наносит <sprite name=\"Vibration\"><color=#e30000><u><link=\"Vibration\">Тряска</link></u></color> потенциала по наивысш. резонансу. (Макс. 4)\n<style=\"highlight\">- [BeforeAttack] Если наивысший резонанс был резонансом Лени, Наносит +2 <sprite name=\"Vibration\"><color=#e30000><u><link=\"Vibration\">Тряска</link></u></color> счетчика</style>",
          "coinlist": [
            {
              "coindescs": [
                {
                  "desc": "[OnSucceedAttack] Наносит 3 <sprite name=\"Vibration\"><color=#e30000><u><link=\"Vibration\">Тряска</link></u></color> и +3 <sprite name=\"Vibration\"><color=#e30000><u><link=\"Vibration\">Тряска</link></u></color> счетчика<style=\"highlight\"></style>"
                },
                {
                  "desc": "[OnSucceedAttack] Провоцирует <sprite name=\"FusionVibration\"><color=#9f6a3a><u><link=\"FusionVibration\">Наложение амплитуд</link></u></color> в <sprite name=\"VibrationContinue\"><color=#e30000><u><link=\"VibrationContinue\">Тряска: Вечность</link></u></color><style=\"highlight\"></style>"
                },
                {
                  "desc": "[OnSucceedAttack] Провоцирует <sprite name=\"VibrationExplosion\"><color=#e30000><u><link=\"VibrationExplosion\">Провокация Тряски</link></u></color>; затем, уменьшает у врага <sprite name=\"Vibration\"><color=#e30000><u><link=\"Vibration\">Тряска</link></u></color> счетчик на 1<style=\"highlight\"></style>"
                },
                {
                  "desc": "[OnSucceedAttack] Провоцирует <sprite name=\"VibrationExplosion\"><color=#e30000><u><link=\"VibrationExplosion\">Провокация Тряски</link></u></color>; затем, уменьшает у врага <sprite name=\"Vibration\"><color=#e30000><u><link=\"Vibration\">Тряска</link></u></color> счетчик на 1<style=\"highlight\"></style>"
                },
                {
                  "desc": "[OnSucceedAttack] Уменьшает Макс. Скорость наполовину следующим ходом<style=\"highlight\"></style>"
                }
              ]
            }
          ]
        },
        {
          "level": 4,
          "name": "Жена",
          "abName": "Таймс Дак",
          "desc": "[CantIdentify]\nЕбашит рандомно\nЕсли скорость основной цели ниже, чем у данного союзника, наносит +(<style=\"highlight\">2.5</style> x (Разница в скорости))% больше урона (Макс. <style=\"highlight\">20%</style>)\n[BeforeAttack] На 3+ наивысш. резон., Наносит <sprite name=\"Vibration\"><color=#e30000><u><link=\"Vibration\">Тряска</link></u></color> потенциала по наивысш. резонансу. (Макс. <style=\"highlight\">5</style>)\n- [BeforeAttack] Если наивысший резонанс был резонансом Лени, <style=\"highlight\">Наносит <sprite name=\"Vibration\"><color=#e30000><u><link=\"Vibration\">Тряска</link></u></color> счетчика равный <sprite name=\"Vibration\"><color=#e30000><u><link=\"Vibration\">Тряска</link></u></color> потенциалу. (Макс. 5)</style>",
          "coinlist": [
            {
              "coindescs": [
                {
                  "desc": "[OnSucceedAttack] Наносит <style=\"highlight\">5</style> <sprite name=\"Vibration\"><color=#e30000><u><link=\"Vibration\">Тряска</link></u></color> и <style=\"highlight\">+5</style> <sprite name=\"Vibration\"><color=#e30000><u><link=\"Vibration\">Тряска</link></u></color> счетчика"
                },
                {
                  "desc": "[OnSucceedAttack] Провоцирует <sprite name=\"FusionVibration\"><color=#9f6a3a><u><link=\"FusionVibration\">Наложение амплитуд</link></u></color> в <sprite name=\"VibrationContinue\"><color=#e30000><u><link=\"VibrationContinue\">Тряска: Вечность</link></u></color><style=\"highlight\"></style>"
                },
                {
                  "desc": "[OnSucceedAttack] Провоцирует <sprite name=\"VibrationExplosion\"><color=#e30000><u><link=\"VibrationExplosion\">Провокация Тряски</link></u></color>; затем, уменьшает у врага <sprite name=\"Vibration\"><color=#e30000><u><link=\"Vibration\">Тряска</link></u></color> счетчик на 1<style=\"highlight\"></style>"
                },
                {
                  "desc": "[OnSucceedAttack] Провоцирует <sprite name=\"VibrationExplosion\"><color=#e30000><u><link=\"VibrationExplosion\">Провокация Тряски</link></u></color>; затем, уменьшает у врага <sprite name=\"Vibration\"><color=#e30000><u><link=\"Vibration\">Тряска</link></u></color> счетчик на 1<style=\"highlight\"></style>"
                },
                {
                  "desc": "<style=\"highlight\">[OnSucceedAttack] Провоцирует <sprite name=\"VibrationExplosion\"><color=#e30000><u><link=\"VibrationExplosion\">Провокация Тряски</link></u></color>; затем, уменьшает у врага <sprite name=\"Vibration\"><color=#e30000><u><link=\"Vibration\">Тряска</link></u></color> счетчик на 1</style>"
                },
                {
                  "desc": "[OnSucceedAttack] Уменьшает Макс. Скорость наполовину следующим ходом<style=\"highlight\"></style>"
                }
              ]
            }
          ]
        }
      ]
    },
    {
      "id": 2020711,
      "levelList": [
        {
          "level": 1,
          "name": "Лассо",
          "abName": "Охотник за розочками",
          "desc": "Сила монетки +1 за каждые 7 <sprite name=\"Burst\"><color=#e30000><u><link=\"Burst\">Зеленка</link></u></color> на цели (Макс. 2)<style=\"highlight\"></style>",
          "coinlist": [
            {
              "coindescs": [
                {
                  "desc": "[OnSucceedAttack] Наносит +1 <sprite name=\"Burst\"><color=#e30000><u><link=\"Burst\">Зеленка</link></u></color> счетчика<style=\"highlight\"></style>"
                }
              ]
            },
            {
              "coindescs": [
                {
                  "desc": "[OnSucceedAttack] Наносит 1 <sprite name=\"Burst\"><color=#e30000><u><link=\"Burst\">Зеленка</link></u></color><style=\"highlight\"></style>"
                }
              ]
            },
            {
              "coindescs": [
                {
                  "desc": "[OnSucceedAttack] Наносит 1 <sprite name=\"Burst\"><color=#e30000><u><link=\"Burst\">Зеленка</link></u></color><style=\"highlight\"></style>"
                }
              ]
            }
          ]
        },
        {
          "level": 3,
          "name": "Лассо",
          "abName": "Охотник за розочками",
          "desc": "<style=\"highlight\">Если сумма скоростей союзника и цели 6 или выше, Сила монетки +1</style>\nСила монетки +1 за каждые 7 <sprite name=\"Burst\"><color=#e30000><u><link=\"Burst\">Зеленка</link></u></color> на цели (Макс. 2)\n<style=\"highlight\">[BeforeAttack] Получает2 <sprite name=\"Agility\"><color=#f8c200><u><link=\"Agility\">Спешка</link></u></color> следующим ходом\n[BeforeAttack] За 4+ резонанса чревоуг. или похоти, Получает +1 Радиус атаки</style>",
          "coinlist": [
            {
              "coindescs": [
                {
                  "desc": "[OnSucceedAttack] Наносит +2 <sprite name=\"Burst\"><color=#e30000><u><link=\"Burst\">Зеленка</link></u></color> счетчика<style=\"highlight\"></style>"
                }
              ]
            },
            {
              "coindescs": [
                {
                  "desc": "[OnSucceedAttack] Наносит 2 <sprite name=\"Burst\"><color=#e30000><u><link=\"Burst\">Зеленка</link></u></color><style=\"highlight\"></style>"
                }
              ]
            },
            {
              "coindescs": [
                {
                  "desc": "[OnSucceedAttack] Наносит 2 <sprite name=\"Burst\"><color=#e30000><u><link=\"Burst\">Зеленка</link></u></color><style=\"highlight\"></style>"
                }
              ]
            }
          ]
        },
        {
          "level": 4,
          "name": "Лассо",
          "abName": "Охотник за розочками",
          "desc": "Если сумма скоростей союзника и цели 6 или выше, Сила монетки +1\nСила монетки +1 за каждые 7 <sprite name=\"Burst\"><color=#e30000><u><link=\"Burst\">Зеленка</link></u></color> на цели (Макс. 2)\n[BeforeAttack] Получает2 <sprite name=\"Agility\"><color=#f8c200><u><link=\"Agility\">Спешка</link></u></color> следующим ходом\n[BeforeAttack] На 4+ наивысш. резонанс, Радиус атаки +1\n<style=\"highlight\">- Если резонанс был резонансом чревоугодия, Радиус атаки +1</style>",
          "coinlist": [
            {
              "coindescs": [
                {
                  "desc": "[OnSucceedAttack] Наносит +2 <sprite name=\"Burst\"><color=#e30000><u><link=\"Burst\">Зеленка</link></u></color> счетчика<style=\"highlight\"></style>"
                }
              ]
            },
            {
              "coindescs": [
                {
                  "desc": "[OnSucceedAttack] Наносит 2 <sprite name=\"Burst\"><color=#e30000><u><link=\"Burst\">Зеленка</link></u></color><style=\"highlight\"></style>"
                }
              ]
            },
            {
              "coindescs": [
                {
                  "desc": "[OnSucceedAttack] Наносит 2 <sprite name=\"Burst\"><color=#e30000><u><link=\"Burst\">Зеленка</link></u></color><style=\"highlight\"></style>"
                }
              ]
            }
          ]
        }
      ]
    },
    {
      "id": 2020721,
      "levelList": [
        {
          "level": 1,
          "name": "Лассо",
          "abName": "Охотник за розочками",
          "desc": "[CantIdentify]\nЕбашит рандомно\nСила монетки +1 за каждые 7 <sprite name=\"Burst\"><color=#e30000><u><link=\"Burst\">Зеленка</link></u></color> на цели (Макс. 2)<style=\"highlight\"></style>",
          "coinlist": [
            {
              "coindescs": [
                {
                  "desc": "[OnSucceedAttack] Наносит +1 <sprite name=\"Burst\"><color=#e30000><u><link=\"Burst\">Зеленка</link></u></color> счетчика<style=\"highlight\"></style>"
                }
              ]
            },
            {
              "coindescs": [
                {
                  "desc": "[OnSucceedAttack] Наносит 2 <sprite name=\"Burst\"><color=#e30000><u><link=\"Burst\">Зеленка</link></u></color><style=\"highlight\"></style>"
                }
              ]
            },
            {
              "coindescs": [
                {
                  "desc": "[OnSucceedAttack] Наносит 1 <sprite name=\"Snare\"><color=#e30000><u><link=\"Snare\">Силки</link></u></color><style=\"highlight\"></style>"
                }
              ]
            }
          ]
        },
        {
          "level": 3,
          "name": "Лассо",
          "abName": "Охотник за розочками",
          "desc": "[CantIdentify]\nЕбашит рандомно\n<style=\"highlight\">Если сумма скоростей союзника и цели 6 или выше, Сила монетки +1</style>\nСила монетки +1 за каждые 7 <sprite name=\"Burst\"><color=#e30000><u><link=\"Burst\">Зеленка</link></u></color> на цели (Макс. 2)\n<style=\"highlight\">[BeforeAttack] Получает2 <sprite name=\"Agility\"><color=#f8c200><u><link=\"Agility\">Спешка</link></u></color> следующим ходом</style>",
          "coinlist": [
            {
              "coindescs": [
                {
                  "desc": "[OnSucceedAttack] Наносит +1 <sprite name=\"Burst\"><color=#e30000><u><link=\"Burst\">Зеленка</link></u></color> счетчика<style=\"highlight\"></style>"
                }
              ]
            },
            {
              "coindescs": [
                {
                  "desc": "[OnSucceedAttack] Наносит 2 <sprite name=\"Burst\"><color=#e30000><u><link=\"Burst\">Зеленка</link></u></color><style=\"highlight\"></style>"
                }
              ]
            },
            {
              "coindescs": [
                {
                  "desc": "[OnSucceedAttack] Наносит 1 <sprite name=\"Snare\"><color=#e30000><u><link=\"Snare\">Силки</link></u></color><style=\"highlight\"></style>"
                },
                {
                  "desc": "[OnSucceedAttack] наносит +2% больше урона за каждый <sprite name=\"Burst\"><color=#e30000><u><link=\"Burst\">Зеленка</link></u></color> на цели (Макс. 30%)<style=\"highlight\"></style>"
                }
              ]
            }
          ]
        },
        {
          "level": 4,
          "name": "Лассо",
          "abName": "Охотник за розочками",
          "desc": "[CantIdentify]\nЕбашит рандомно\nЕсли сумма скоростей союзника и цели 6 или выше, Сила монетки +1\nСила монетки +1 за каждые 7 <sprite name=\"Burst\"><color=#e30000><u><link=\"Burst\">Зеленка</link></u></color> на цели (Макс. 2)\n[BeforeAttack] Получает2 <sprite name=\"Agility\"><color=#f8c200><u><link=\"Agility\">Спешка</link></u></color> следующим ходом\n<style=\"highlight\">[EndSkill] Если цель в стаггере или победжена, Получает 1 <sprite name=\"ShamrockResultUp\"><color=#f8c200><u><link=\"ShamrockResultUp\">Повышение силы Чревоугодия</link></u></color> следующим ходом</style>",
          "coinlist": [
            {
              "coindescs": [
                {
                  "desc": "[OnSucceedAttack] Наносит +2 <sprite name=\"Burst\"><color=#e30000><u><link=\"Burst\">Зеленка</link></u></color> счетчика<style=\"highlight\"></style>"
                }
              ]
            },
            {
              "coindescs": [
                {
                  "desc": "[OnSucceedAttack] Наносит 4 <sprite name=\"Burst\"><color=#e30000><u><link=\"Burst\">Зеленка</link></u></color><style=\"highlight\"></style>"
                }
              ]
            },
            {
              "coindescs": [
                {
                  "desc": "[OnSucceedAttack] Наносит 2 <sprite name=\"Snare\"><color=#e30000><u><link=\"Snare\">Силки</link></u></color><style=\"highlight\"></style>"
                },
                {
                  "desc": "[OnSucceedAttack] Наносит +2% больше урона за каждый <sprite name=\"Burst\"><color=#e30000><u><link=\"Burst\">Зеленка</link></u></color> на цели (Макс. 60%)<style=\"highlight\"></style>"
                }
              ]
            }
          ]
        }
      ]
    },
    {
      "id": 2020811,
      "levelList": [
        {
          "level": 1,
          "name": "Рак легких",
          "abName": "Спящий мешок прошлых дней",
          "desc": "[BeforeAttack] Раздает (наивысш. резонанс) <sprite name=\"Breath\"><color=#f8c200><u><link=\"Breath\">Кумар</link></u></color> потенциал всем союзникам (Макс. 4)\n- На 3+ рез. гордыни, раздает +1 <sprite name=\"Breath\"><color=#f8c200><u><link=\"Breath\">Кумар</link></u></color> счетчика затронутым союзникам, а также раздает 1 <sprite name=\"ReleaseBreath\"><color=#9f6a3a><u><link=\"ReleaseBreath\">Тяжелый выдох</link></u></color> следующим ходом<style=\"highlight\"></style>",
          "coinlist": [
            {
              "coindescs": [
                {
                  "desc": ""
                }
              ]
            },
            {
              "coindescs": [
                {
                  "desc": ""
                }
              ]
            }
          ]
        },
        {
          "level": 3,
          "name": "Рак легких",
          "abName": "Спящий мешок прошлых дней",
          "desc": "[BeforeAttack] Раздает (наивысш. резонанс) <sprite name=\"Breath\"><color=#f8c200><u><link=\"Breath\">Кумар</link></u></color> потенциал всем союзникам (Макс. <style=\"highlight\">6</style>)\n- На 3+ рез. гордыни, раздает +1 <sprite name=\"Breath\"><color=#f8c200><u><link=\"Breath\">Кумар</link></u></color> счетчика затронутым союзникам, а также раздает 1 <sprite name=\"ReleaseBreath\"><color=#9f6a3a><u><link=\"ReleaseBreath\">Тяжелый выдох</link></u></color> следующим ходом",
          "coinlist": [
            {
              "coindescs": [
                {
                  "desc": "<style=\"highlight\">[OnSucceedAttack] Получает +1 <sprite name=\"Breath\"><color=#f8c200><u><link=\"Breath\">Кумар</link></u></color> счетчика</style>"
                }
              ]
            },
            {
              "coindescs": [
                {
                  "desc": "<style=\"highlight\">Наносит +(<sprite name=\"Breath\"><color=#f8c200><u><link=\"Breath\">Кумар</link></u></color> потенциал + <sprite name=\"Breath\"><color=#f8c200><u><link=\"Breath\">Кумар</link></u></color> счетчика)% больше урона при раскумаре(Макс. 20%)</style>"
                }
              ]
            }
          ]
        },
        {
          "level": 4,
          "name": "Рак легких",
          "abName": "Спящий мешок прошлых дней",
          "desc": "[BeforeAttack] Раздает (наивысш. резонанс) <sprite name=\"Breath\"><color=#f8c200><u><link=\"Breath\">Кумар</link></u></color> потенциал всем союзникам (Макс. 6)\n- На 3+ рез. гордыни, раздает +1 <sprite name=\"Breath\"><color=#f8c200><u><link=\"Breath\">Кумар</link></u></color> счетчика затронутым союзникам, а также раздает 1 <sprite name=\"ReleaseBreath\"><color=#9f6a3a><u><link=\"ReleaseBreath\">Тяжелый выдох</link></u></color> следующим ходом<style=\"highlight\"></style>",
          "coinlist": [
            {
              "coindescs": [
                {
                  "desc": "[OnSucceedAttack] Получает +1 <sprite name=\"Breath\"><color=#f8c200><u><link=\"Breath\">Кумар</link></u></color> счетчика<style=\"highlight\"></style>"
                }
              ]
            },
            {
              "coindescs": [
                {
                  "desc": "Наносит +(<sprite name=\"Breath\"><color=#f8c200><u><link=\"Breath\">Кумар</link></u></color> потенциал + <sprite name=\"Breath\"><color=#f8c200><u><link=\"Breath\">Кумар</link></u></color> счетчика)% больше урона при раскумаре(Макс. <style=\"highlight\">40%</style>)"
                }
              ]
            }
          ]
        }
      ]
    },
    {
      "id": 2020821,
      "levelList": [
        {
          "level": 1,
          "name": "Рак легких",
          "abName": "Спящий мешок прошлых дней",
          "desc": "[CantIdentify]\nЕбашит рандомно\n[BeforeAttack] При менее, чем 20 <sprite name=\"Breath\"><color=#f8c200><u><link=\"Breath\">Кумар</link></u></color> потенциал, получает до 20 <sprite name=\"Breath\"><color=#f8c200><u><link=\"Breath\">Кумар</link></u></color> потенциал и потребляет (<sprite name=\"Breath\"><color=#f8c200><u><link=\"Breath\">Кумар</link></u></color> полученного потенциала x 2)% своего ХП\n- Союзник не может быть застаггерен или убит во время этого\n[BeforeAttack] Раздает (наивысш. резонанс) <sprite name=\"Breath\"><color=#f8c200><u><link=\"Breath\">Кумар</link></u></color> потенциал всем союзникам (Макс. 4)\n- На 3+ рез. гордыни, раздает +1 <sprite name=\"Breath\"><color=#f8c200><u><link=\"Breath\">Кумар</link></u></color> счетчика затронутым союзникам, а также раздает 1 <sprite name=\"ReleaseBreath\"><color=#9f6a3a><u><link=\"ReleaseBreath\">Тяжелый выдох</link></u></color> и 1 <sprite name=\"IndigoDamageUp\"><color=#f8c200><u><link=\"IndigoDamageUp\">Повышение урона Гордыней</link></u></color> следующим ходом<style=\"highlight\"></style>",
          "coinlist": [
            {
              "coindescs": [
                {
                  "desc": ""
                }
              ]
            },
            {
              "coindescs": [
                {
                  "desc": ""
                }
              ]
            }
          ]
        },
        {
          "level": 3,
          "name": "Рак легких",
          "abName": "Спящий мешок прошлых дней",
          "desc": "[CantIdentify]\nЕбашит рандомно\n[BeforeAttack] При менее, чем 20 <sprite name=\"Breath\"><color=#f8c200><u><link=\"Breath\">Кумар</link></u></color> потенциал, получает до 20 <sprite name=\"Breath\"><color=#f8c200><u><link=\"Breath\">Кумар</link></u></color> потенциал и потребляет (<sprite name=\"Breath\"><color=#f8c200><u><link=\"Breath\">Кумар</link></u></color> полученного потенциала x 2)% своего ХП\n- Союзник не может быть застаггерен или убит во время этого\n[BeforeAttack] Раздает (наивысш. резонанс) <sprite name=\"Breath\"><color=#f8c200><u><link=\"Breath\">Кумар</link></u></color> потенциал всем союзникам (Макс. <style=\"highlight\">6</style>)\n- На 3+ рез. гордыни, раздает +1 <sprite name=\"Breath\"><color=#f8c200><u><link=\"Breath\">Кумар</link></u></color> счетчика затронутым союзникам, а также раздает 1 <sprite name=\"ReleaseBreath\"><color=#9f6a3a><u><link=\"ReleaseBreath\">Тяжелый выдох</link></u></color> и 1 <sprite name=\"IndigoDamageUp\"><color=#f8c200><u><link=\"IndigoDamageUp\">Повышение урона Гордыней</link></u></color> следующим ходом",
          "coinlist": [
            {
              "coindescs": [
                {
                  "desc": "<style=\"highlight\">[OnSucceedAttack] Получает +1 <sprite name=\"Breath\"><color=#f8c200><u><link=\"Breath\">Кумар</link></u></color> счетчика</style>"
                }
              ]
            },
            {
              "coindescs": [
                {
                  "desc": "<style=\"highlight\">Наносит +(<sprite name=\"Breath\"><color=#f8c200><u><link=\"Breath\">Кумар</link></u></color> потенциал + <sprite name=\"Breath\"><color=#f8c200><u><link=\"Breath\">Кумар</link></u></color> счетчика)% больше урона при раскумаре(Макс. 20%)</style>"
                }
              ]
            }
          ]
        },
        {
          "level": 4,
          "name": "Рак легких",
          "abName": "Спящий мешок прошлых дней",
          "desc": "[CantIdentify]\nЕбашит рандомно\n[BeforeAttack] При менее, чем 20 <sprite name=\"Breath\"><color=#f8c200><u><link=\"Breath\">Кумар</link></u></color> потенциал, получает до 20 <sprite name=\"Breath\"><color=#f8c200><u><link=\"Breath\">Кумар</link></u></color> потенциал и потребляет (<sprite name=\"Breath\"><color=#f8c200><u><link=\"Breath\">Кумар</link></u></color> полученного потенциала x 2)% своего ХП\n- Союзник не может быть застаггерен или убит во время этого\n[BeforeAttack] Раздает (наивысш. резонанс) <sprite name=\"Breath\"><color=#f8c200><u><link=\"Breath\">Кумар</link></u></color> потенциал всем союзникам (Макс. 6)\n- На 3+ рез. гордыни, раздает +1 <sprite name=\"Breath\"><color=#f8c200><u><link=\"Breath\">Кумар</link></u></color> счетчика затронутым союзникам, а также раздает 1 <sprite name=\"ReleaseBreath\"><color=#9f6a3a><u><link=\"ReleaseBreath\">Тяжелый выдох</link></u></color> и 1 <sprite name=\"IndigoDamageUp\"><color=#f8c200><u><link=\"IndigoDamageUp\">Повышение урона Гордыней</link></u></color> следующим ходом<style=\"highlight\"></style>",
          "coinlist": [
            {
              "coindescs": [
                {
                  "desc": "[OnSucceedAttack] Получает +1 <sprite name=\"Breath\"><color=#f8c200><u><link=\"Breath\">Кумар</link></u></color> счетчика<style=\"highlight\"></style>"
                }
              ]
            },
            {
              "coindescs": [
                {
                  "desc": "Наносит +(<sprite name=\"Breath\"><color=#f8c200><u><link=\"Breath\">Кумар</link></u></color> потенциал + <sprite name=\"Breath\"><color=#f8c200><u><link=\"Breath\">Кумар</link></u></color> счетчика)% больше урона при раскумаре(Макс. <style=\"highlight\">40%</style>)"
                }
              ]
            }
          ]
        }
      ]
    }
  ]
}