﻿{
  "dataList": [
    {
      "id": 860501,
      "levelList": [
        {
          "level": 1,
          "name": "Прочь отсюда",
          "desc": "[WhenUse] Если у цели 4+ <sprite name=\"Sinking\"><color=#e30000><u><link=\"Sinking\">Депрессии</link></u></color>, Сила столкновения +1",
          "coinlist": [
            {
              "coindescs": [
                {
                  "desc": "[OnSucceedAttack] Повышает счетчик <sprite name=\"Sinking\"><color=#e30000><u><link=\"Sinking\">Депрессии</link></u></color> на 3"
                }
              ]
            }
          ]
        }
      ]
    },
    {
      "id": 860502,
      "levelList": [
        {
          "level": 1,
          "name": "Не корчи такое лицо",
          "desc": "[WhenUse] Если у цели счетчик <sprite name=\"Sinking\"><color=#e30000><u><link=\"Sinking\">Депрессии</link></u></color> 3+, Сила столкновения +1",
          "coinlist": [
            {
              "coindescs": [
                {
                  "desc": "[OnSucceedAttack] Накладывает 3 <sprite name=\"Sinking\"><color=#e30000><u><link=\"Sinking\">Депрессии</link></u></color>"
                }
              ]
            },
            {
              "coindescs": [
                {
                  "desc": "[OnSucceedAttack] Накладывает 3 <sprite name=\"Sinking\"><color=#e30000><u><link=\"Sinking\">Депрессии</link></u></color>"
                }
              ]
            }
          ]
        }
      ]
    },
    {
      "id": 860503,
      "levelList": [
        {
          "level": 1,
          "name": "Кто же вы такой?",
          "desc": "Нацеливается в первую очередь на <sprite name=\"UninvitedGuest\"><color=#9f6a3a><u><link=\"UninvitedGuest\">Вторженца</link></u></color>\nЕсли у цели есть <sprite name=\"UninvitedGuest\"><color=#9f6a3a><u><link=\"UninvitedGuest\">Вторженец</link></u></color>, увеличивает потенциал и счетчик <sprite name=\"Sinking\"><color=#e30000><u><link=\"Sinking\">Депрессии</link></u></color> на 1",
          "coinlist": [
            {
              "coindescs": [
                {
                  "desc": "[OnSucceedAttack] Увеличивает счетчик <sprite name=\"Sinking\"><color=#e30000><u><link=\"Sinking\">Депрессии</link></u></color> на 2"
                }
              ]
            },
            {
              "coindescs": [
                {
                  "desc": "[OnSucceedAttack] Увеличивает счетчик <sprite name=\"Sinking\"><color=#e30000><u><link=\"Sinking\">Депрессии</link></u></color> на 2"
                }
              ]
            },
            {
              "coindescs": [
                {
                  "desc": "[OnSucceedAttack] Наносит 3 <sprite name=\"Sinking\"><color=#e30000><u><link=\"Sinking\">Депрессии</link></u></color>"
                }
              ]
            },
            {
              "coindescs": [
                {
                  "desc": "[OnSucceedAttack] Наносит 3 <sprite name=\"Sinking\"><color=#e30000><u><link=\"Sinking\">Депрессии</link></u></color>"
                },
                {
                  "desc": "[OnSucceedAttack] Если у цели есть <sprite name=\"UninvitedGuest\"><color=#9f6a3a><u><link=\"UninvitedGuest\">Вторженец</link></u></color>, наносит 2 <sprite name=\"Paralysis\"><color=#e30000><u><link=\"Paralysis\">Паралича</link></u></color> на следующий ход"
                }
              ]
            }
          ]
        }
      ]
    },
    {
      "id": 860504,
      "levelList": [
        {
          "level": 1,
          "name": "Так вы незваный гость?",
          "desc": "Нацеливается в первую очередь на <sprite name=\"UninvitedGuest\"><color=#9f6a3a><u><link=\"UninvitedGuest\">Вторженца</link></u></color>\nЕсли у цели есть <sprite name=\"UninvitedGuest\"><color=#9f6a3a><u><link=\"UninvitedGuest\">Вторженец</link></u></color>, увеличивает потенциал и счетчик <sprite name=\"Sinking\"><color=#e30000><u><link=\"Sinking\">Депрессии</link></u></color> на 1",
          "coinlist": [
            {
              "coindescs": [
                {
                  "desc": "[OnSucceedAttack] Наносит 5 <sprite name=\"Sinking\"><color=#e30000><u><link=\"Sinking\">Депрессии</link></u></color>"
                },
                {
                  "desc": "[OnSucceedAttackHead] Увеличивает счетчик <sprite name=\"Sinking\"><color=#e30000><u><link=\"Sinking\">Депрессии</link></u></color> на 2"
                }
              ]
            },
            {
              "coindescs": [
                {
                  "desc": "[OnSucceedAttack] Наносит 5 <sprite name=\"Sinking\"><color=#e30000><u><link=\"Sinking\">Депрессии</link></u></color>"
                },
                {
                  "desc": "[OnSucceedAttack] Если у цели есть <sprite name=\"UninvitedGuest\"><color=#9f6a3a><u><link=\"UninvitedGuest\">Вторженец</link></u></color>, наносит 2 <sprite name=\"Paralysis\"><color=#e30000><u><link=\"Paralysis\">Паралича</link></u></color> на следующий ход"
                },
                {
                  "desc": "[OnSucceedAttackHead] Увеличивает счетчик <sprite name=\"Sinking\"><color=#e30000><u><link=\"Sinking\">Депрессии</link></u></color> на 2"
                }
              ]
            }
          ]
        }
      ]
    },
    {
      "id": 860505,
      "levelList": [
        {
          "level": 1,
          "name": "Уходи, незваный гость",
          "desc": "Нацеливается в первую очередь на <sprite name=\"UninvitedGuest\"><color=#9f6a3a><u><link=\"UninvitedGuest\">Вторженца</link></u></color>\nПолучает вес атаки, равный количеству врагов с <sprite name=\"UninvitedGuest\"><color=#9f6a3a><u><link=\"UninvitedGuest\">Вторженец</link></u></color>\n[WhenUse] Получает силу столкновения, равную количеству врагов с <sprite name=\"UninvitedGuest\"><color=#9f6a3a><u><link=\"UninvitedGuest\">Вторженец</link></u></color>",
          "coinlist": [
            {
              "coindescs": [
                {
                  "desc": "[OnSucceedAttack] Наносит 5 <sprite name=\"Sinking\"><color=#e30000><u><link=\"Sinking\">Депрессии</link></u></color>"
                },
                {
                  "desc": "[OnSucceedAttack] Увеличивает счетчик <sprite name=\"Sinking\"><color=#e30000><u><link=\"Sinking\">Депрессии</link></u></color> на 3"
                }
              ]
            },
            {
              "coindescs": [
                {
                  "desc": "[OnSucceedAttack] Вызывает <sprite name=\"SinkingSurge\"><color=#e30000><u><link=\"SinkingSurge\">Суицид</link></u></color>"
                }
              ]
            }
          ]
        }
      ]
    },
    {
      "id": 860506,
      "levelList": [
        {
          "level": 1,
          "name": "Мой мастер",
          "desc": "[DefeatDuel] Открывает Портрет, прикрепленный к этому слоту навыка",
          "coinlist": [
            {
              "coindescs": [
                {
                  "desc": "[OnSucceedAttack] Повышает счетчик <sprite name=\"Sinking\"><color=#e30000><u><link=\"Sinking\">Депрессии</link></u></color> на 3"
                }
              ]
            }
          ]
        }
      ]
    },
    {
      "id": 860507,
      "levelList": [
        {
          "level": 1,
          "name": "Мой трагичный мастер",
          "desc": "[DefeatDuel] Открывает Портрет, прикрепленный к этому слоту навыка",
          "coinlist": [
            {
              "coindescs": [
                {
                  "desc": "[OnSucceedAttack] Наносит 3 <sprite name=\"Sinking\"><color=#e30000><u><link=\"Sinking\">Депрессии</link></u></color>"
                }
              ]
            }
          ]
        }
      ]
    },
    {
      "id": 860601,
      "levelList": [
        {
          "level": 1,
          "name": "Мастер...?",
          "desc": "",
          "coinlist": [
            {
              "coindescs": [
                {
                  "desc": ""
                }
              ]
            }
          ]
        }
      ]
    },
    {
      "id": 860701,
      "levelList": [
        {
          "level": 1,
          "name": "Уворот",
          "desc": "",
          "coinlist": [
            {
              "coindescs": [
                {
                  "desc": ""
                }
              ]
            }
          ]
        }
      ]
    },
    {
      "id": 860801,
      "levelList": [
        {
          "level": 1,
          "name": "Рогатый натиск",
          "desc": "[WhenUse] Получает +1 счетчик <sprite name=\"Charge\"><color=#f8c200><u><link=\"Charge\">Солей</link></u></color>",
          "coinlist": [
            {
              "coindescs": [
                {
                  "desc": "[OnSucceedAttack] Накладывает 2 <sprite name=\"DefenseDown\"><color=#e30000><u><link=\"DefenseDown\">Понижения уровня защиты</link></u></color> в следующем ходу"
                }
              ]
            }
          ]
        }
      ]
    },
    {
      "id": 860802,
      "levelList": [
        {
          "level": 1,
          "name": "Таранный натиск",
          "desc": "[WhenUse] Получает +1 счетчик <sprite name=\"Charge\"><color=#f8c200><u><link=\"Charge\">Солей</link></u></color>",
          "coinlist": [
            {
              "coindescs": [
                {
                  "desc": "[OnSucceedAttack] Накладывает 1 <sprite name=\"AttackDown\"><color=#e30000><u><link=\"AttackDown\">Понижение уровня атаки</link></u></color> в следующем ходу"
                }
              ]
            },
            {
              "coindescs": [
                {
                  "desc": "[OnSucceedAttack] Накладывает 2 <sprite name=\"AttackDown\"><color=#e30000><u><link=\"AttackDown\">Понижения уровня атаки</link></u></color> в следующем ходу"
                }
              ]
            }
          ]
        }
      ]
    },
    {
      "id": 860803,
      "levelList": [
        {
          "level": 1,
          "name": "Плач агнца",
          "desc": "[WhenUse] Получает +2 счетчика <sprite name=\"Charge\"><color=#f8c200><u><link=\"Charge\">Солей</link></u></color>",
          "coinlist": [
            {
              "coindescs": [
                {
                  "desc": "[OnSucceedAttack] Накладывает 1 <sprite name=\"Paralysis\"><color=#e30000><u><link=\"Paralysis\">Паралич</link></u></color> в следующем ходу"
                }
              ]
            }
          ]
        }
      ]
    },
    {
      "id": 860804,
      "levelList": [
        {
          "level": 1,
          "name": "Управление молнией",
          "desc": "[WhenUse] Получает +2 <sprite name=\"Charge\"><color=#f8c200><u><link=\"Charge\">Соль</link></u></color> Счетчик",
          "coinlist": [
            {
              "coindescs": [
                {
                  "desc": "[OnSucceedAttack] Наносит 2 <sprite name=\"Paralysis\"><color=#e30000><u><link=\"Paralysis\">Паралича</link></u></color> в следующий ход"
                }
              ]
            },
            {
              "coindescs": [
                {
                  "desc": "[OnSucceedAttack] Наносит 2 <sprite name=\"AttackDown\"><color=#e30000><u><link=\"AttackDown\">Понижения уровня атаки</link></u></color> в следующий ход"
                }
              ]
            }
          ]
        }
      ]
    },
    {
      "id": 860805,
      "levelList": [
        {
          "level": 1,
          "name": "Электрическое блеяние",
          "desc": "[WhenUse] Вес атаки +1 за каждые 4 счетчика <sprite name=\"Charge\"><color=#f8c200><u><link=\"Charge\">Солей</link></u></color> на себе (макс. 5)\n[WhenUse] Сила столкновения +3 за каждые 5 счетчиков <sprite name=\"Charge\"><color=#f8c200><u><link=\"Charge\">Солей</link></u></color> на себе (макс. 4)\n[WhenUse] Получает 1 <sprite name=\"VioletDamageUp\"><color=#f8c200><u><link=\"VioletDamageUp\">Повышение урона Завистью</link></u></color> за каждые 6 счетчиков <sprite name=\"Charge\"><color=#f8c200><u><link=\"Charge\">Солей</link></u></color> на себе (макс. 3)\n[EndBattle] Все счетчики <sprite name=\"Charge\"><color=#f8c200><u><link=\"Charge\">Солей</link></u></color> на себе истекают. Теряет <sprite name=\"ConnectedPlug\"><color=#e30000><u><link=\"ConnectedPlug\">Подключение</link></u></color>",
          "coinlist": [
            {
              "coindescs": [
                {
                  "desc": "[OnSucceedAttack] Наносит 4 <sprite name=\"DefenseDown\"><color=#e30000><u><link=\"DefenseDown\">Понижения уровня защиты</link></u></color> на следующий ход"
                }
              ]
            },
            {
              "coindescs": [
                {
                  "desc": "[OnSucceedAttack] Наносит 4 <sprite name=\"AttackDown\"><color=#e30000><u><link=\"AttackDown\">Понижения уровня атаки</link></u></color> на следующий ход"
                }
              ]
            },
            {
              "coindescs": [
                {
                  "desc": "[OnSucceedAttack] Наносит 3 <sprite name=\"Paralysis\"><color=#e30000><u><link=\"Paralysis\">Паралича</link></u></color> на следующий ход"
                }
              ]
            }
          ]
        }
      ]
    },
    {
      "id": 860806,
      "levelList": [
        {
          "level": 1,
          "name": "Электрическое блеяние",
          "desc": "[CantDuel]\n[WhenUse] Получает 10 <sprite name=\"Protection\"><color=#f8c200><u><link=\"Protection\">Защищенности</link></u></color>\n[WhenUse] Вес атаки +1 за каждые 4 счетчика <sprite name=\"Charge\"><color=#f8c200><u><link=\"Charge\">Солей</link></u></color> на себе (макс. 5)\n[WhenUse] Сила столкновения +3 за каждые 5 счетчиков <sprite name=\"Charge\"><color=#f8c200><u><link=\"Charge\">Солей</link></u></color> на себе (макс. 4)\n[WhenUse] Получает 1 <sprite name=\"VioletDamageUp\"><color=#f8c200><u><link=\"VioletDamageUp\">Повышение урона Завистью</link></u></color> за каждые 6 счетчиков <sprite name=\"Charge\"><color=#f8c200><u><link=\"Charge\">Солей</link></u></color> на себе (макс. 3)",
          "coinlist": [
            {
              "coindescs": [
                {
                  "desc": ""
                }
              ]
            }
          ]
        }
      ]
    },
    {
      "id": 860807,
      "levelList": [
        {
          "level": 1,
          "name": "Отказ от заземления",
          "desc": "Выбирает цели с <sprite name=\"AntiSheepGround\"><color=#f8c200><u><link=\"AntiSheepGround\">Антиовечьим заземляющим штекером</link></u></color>\nСила столкновения +1 за каждое <sprite name=\"ConnectedPlug\"><color=#e30000><u><link=\"ConnectedPlug\">Подключение</link></u></color>\n[StartBattle] Получает 2(3 - <sprite name=\"ConnectedPlug\"><color=#e30000><u><link=\"ConnectedPlug\">Подключение</link></u></color>) <sprite name=\"Protection\"><color=#f8c200><u><link=\"Protection\">Защищенности</link></u></color>\n[WhenUse] Получает +1 счетчик <sprite name=\"Charge\"><color=#f8c200><u><link=\"Charge\">Солей</link></u></color>\n[DefeatDuel] Если у цели есть <sprite name=\"AntiSheepGround\"><color=#f8c200><u><link=\"AntiSheepGround\">Антиовечий заземляющий штекер</link></u></color>, получает 1 <sprite name=\"ConnectedPlug\"><color=#e30000><u><link=\"ConnectedPlug\">Подключение</link></u></color>",
          "coinlist": [
            {
              "coindescs": [
                {
                  "desc": "[OnSucceedAttack] Наносит 1 <sprite name=\"Paralysis\"><color=#e30000><u><link=\"Paralysis\">Паралича</link></u></color> на следующий ход"
                }
              ]
            },
            {
              "coindescs": [
                {
                  "desc": "[OnSucceedAttack] Наносит 2 <sprite name=\"DefenseDown\"><color=#e30000><u><link=\"DefenseDown\">Понижения уровня защиты</link></u></color> на следующий ход"
                }
              ]
            }
          ]
        }
      ]
    },
    {
      "id": 862801,
      "levelList": [
        {
          "level": 1,
          "name": "Выпуск переСолей",
          "desc": "",
          "coinlist": [
            {
              "coindescs": [
                {
                  "desc": "[OnSucceedAttack] Наносит 2 <sprite name=\"Paralysis\"><color=#e30000><u><link=\"Paralysis\">Паралич</link></u></color> в следующем ходу"
                }
              ]
            }
          ]
        }
      ]
    },
    {
      "id": 862901,
      "levelList": [
        {
          "level": 1,
          "name": "Всепоглощающая покорность",
          "desc": "Если у цели 6+ <sprite name=\"Sinking\"><color=#e30000><u><link=\"Sinking\">Депрессии</link></u></color>, Сила монеты +1\n[WinDuel] Повышает счетчик <sprite name=\"Sinking\"><color=#e30000><u><link=\"Sinking\">Депрессии</link></u></color> на 3",
          "coinlist": [
            {
              "coindescs": [
                {
                  "desc": "[OnSucceedAttack] Наносит 2 <sprite name=\"Sinking\"><color=#e30000><u><link=\"Sinking\">Депрессии</link></u></color>"
                }
              ]
            },
            {
              "coindescs": [
                {
                  "desc": "[OnSucceedAttack] Наносит 2 <sprite name=\"Sinking\"><color=#e30000><u><link=\"Sinking\">Депрессии</link></u></color>"
                }
              ]
            }
          ]
        }
      ]
    },
    {
      "id": 862902,
      "levelList": [
        {
          "level": 1,
          "name": "Удушающее отчаяние",
          "desc": "Сила монеты +1 за каждые 6 <sprite name=\"Sinking\"><color=#e30000><u><link=\"Sinking\">Депрессии</link></u></color> на цели (макс. 2)\n[WinDuel] Повышает счетчик <sprite name=\"Sinking\"><color=#e30000><u><link=\"Sinking\">Депрессии</link></u></color> на 3\n[DefeatDuel] Уменьшает счетчик <sprite name=\"Sinking\"><color=#e30000><u><link=\"Sinking\">Депрессии</link></u></color> на 1",
          "coinlist": [
            {
              "coindescs": [
                {
                  "desc": "[OnSucceedAttack] Повышает счетчик <sprite name=\"Sinking\"><color=#e30000><u><link=\"Sinking\">Депрессии</link></u></color> на 2"
                }
              ]
            },
            {
              "coindescs": [
                {
                  "desc": "[OnSucceedAttack] Наносит 3 <sprite name=\"Sinking\"><color=#e30000><u><link=\"Sinking\">Депрессии</link></u></color>"
                }
              ]
            },
            {
              "coindescs": [
                {
                  "desc": "[OnSucceedAttack] Наносит 3 <sprite name=\"Sinking\"><color=#e30000><u><link=\"Sinking\">Депрессии</link></u></color>"
                }
              ]
            }
          ]
        }
      ]
    },
    {
      "id": 862903,
      "levelList": [
        {
          "level": 1,
          "name": "Разрушитель цепей",
          "desc": "Если у цели есть <sprite name=\"Binding\"><color=#e30000><u><link=\"Binding\">Понос</link></u></color>, Сила столкновения +1\n[WinDuel] Повышает счетчик <sprite name=\"Sinking\"><color=#e30000><u><link=\"Sinking\">Депрессии</link></u></color> на 4\n[DefeatDuel] Уменьшает потенциал <sprite name=\"Sinking\"><color=#e30000><u><link=\"Sinking\">Депрессии</link></u></color> на 2",
          "coinlist": [
            {
              "coindescs": [
                {
                  "desc": "[OnSucceedAttack] Наносит 2 <sprite name=\"Sinking\"><color=#e30000><u><link=\"Sinking\">Депрессии</link></u></color>"
                }
              ]
            },
            {
              "coindescs": [
                {
                  "desc": "[OnSucceedAttack] Наносит 2 <sprite name=\"Sinking\"><color=#e30000><u><link=\"Sinking\">Депрессии</link></u></color>"
                }
              ]
            },
            {
              "coindescs": [
                {
                  "desc": "[OnSucceedAttack] Наносит 2 <sprite name=\"Sinking\"><color=#e30000><u><link=\"Sinking\">Депрессии</link></u></color>"
                }
              ]
            },
            {
              "coindescs": [
                {
                  "desc": "[OnSucceedAttack] Наносит 2 <sprite name=\"Sinking\"><color=#e30000><u><link=\"Sinking\">Депрессии</link></u></color>"
                }
              ]
            }
          ]
        }
      ]
    },
    {
      "id": 862904,
      "levelList": [
        {
          "level": 1,
          "name": "Цепи Поноса",
          "desc": "Сила монеты + за каждые 6 <sprite name=\"Sinking\"><color=#e30000><u><link=\"Sinking\">Депрессии</link></u></color> у цели (максимум 2)\n[DefeatDuel] Уменьшает счетчик <sprite name=\"Sinking\"><color=#e30000><u><link=\"Sinking\">Депрессии</link></u></color> на 2\n[DefeatDuel] Применяет <sprite name=\"BandageOfTheBoundKing\"><color=#f8c200><u><link=\"BandageOfTheBoundKing\">Повязки Связанного короля</link></u></color>",
          "coinlist": [
            {
              "coindescs": [
                {
                  "desc": "[OnSucceedAttack] Наносит 3 <sprite name=\"Binding\"><color=#e30000><u><link=\"Binding\">Поноса</link></u></color> на следующий ход\n[OnSucceedAttack] Наносит <sprite name=\"Vibration\"><color=#e30000><u><link=\"Vibration\">Тряска</link></u></color> равный <sprite name=\"Sinking\"><color=#e30000><u><link=\"Sinking\">Депрессии</link></u></color> цели"
                }
              ]
            },
            {
              "coindescs": [
                {
                  "desc": "[OnSucceedAttack] Активирует <sprite name=\"VibrationExplosion\"><color=#e30000><u><link=\"VibrationExplosion\">Провокацию Тряски</link></u></color>"
                }
              ]
            }
          ]
        }
      ]
    },
    {
      "id": 862905,
      "levelList": [
        {
          "level": 1,
          "name": "Ты утонешь",
          "desc": "Если у цели есть <sprite name=\"Binding\"><color=#e30000><u><link=\"Binding\">Понос</link></u></color>, Сила столкновения +1\n[WinDuel] Повышает счетчик <sprite name=\"Sinking\"><color=#e30000><u><link=\"Sinking\">Депрессии</link></u></color> на 2\n[DefeatDuel] Уменьшает потенциал <sprite name=\"Sinking\"><color=#e30000><u><link=\"Sinking\">Депрессии</link></u></color> на 4",
          "coinlist": [
            {
              "coindescs": [
                {
                  "desc": "[OnSucceedAttack] Вызывает <sprite name=\"SinkingSurge\"><color=#e30000><u><link=\"SinkingSurge\">Суицид</link></u></color>"
                }
              ]
            }
          ]
        }
      ]
    },
    {
      "id": 862906,
      "levelList": [
        {
          "level": 1,
          "name": "Предстань пред королем",
          "desc": "[CantDuel]\n[StartBattle] Получает 5 <sprite name=\"Binding\"><color=#e30000><u><link=\"Binding\">Поноса</link></u></color>, 1 <sprite name=\"ComeForwardToTheKing\"><color=#f8c200><u><link=\"ComeForwardToTheKing\">Момент Внимания</link></u></color> и 2 <sprite name=\"Enhancement\"><color=#f8c200><u><link=\"Enhancement\">Повышения силы атаки</link></u></color> на следующий ход\n[WhenUse] Применяет 300 Защиты к целям с <sprite name=\"BandageOfTheBoundKing\"><color=#f8c200><u><link=\"BandageOfTheBoundKing\">Повязками Связанного короля</link></u></color>",
          "coinlist": [
            {
              "coindescs": [
                {
                  "desc": "[OnSucceedAttack] Если этот персонаж нанес урон цели, наносит <sprite name=\"Vibration\"><color=#e30000><u><link=\"Vibration\">Тряска</link></u></color> равный <sprite name=\"Sinking\"><color=#e30000><u><link=\"Sinking\">Депрессии</link></u></color> цели"
                },
                {
                  "desc": "[OnSucceedAttack] Активирует <sprite name=\"VibrationExplosion\"><color=#e30000><u><link=\"VibrationExplosion\">Провокацию Тряски</link></u></color>"
                }
              ]
            }
          ]
        }
      ]
    },
    {
      "id": 860602,
      "levelList": [
        {
          "level": 1,
          "name": "Портрет мастера",
          "desc": "",
          "coinlist": [
            {
              "coindescs": [
                {
                  "desc": ""
                }
              ]
            }
          ]
        }
      ]
    }
  ]
}