{
  "dataList": [
    {
      "id": 122801,
      "levelList": [
        {
          "level": 1,
          "name": "Тебе страшно?",
          "desc": "Сила в столкновении +1, пока в состоянии <sprite name=\"TimeAcceleration\"><color=#f0a200><u><link=\"TimeAcceleration\">Ускоренного времени</link></u></color>\n[DefeatDuel] Если свои ОЗ ниже 75%, тратит 40 <sprite name=\"LimitedTime\"><color=#cc9901><u><link=\"LimitedTime\">Украденного времени</link></u></color> для получения 1 <sprite name=\"Protection\"><color=#f8c200><u><link=\"Protection\">Защищенности</link></u></color> (Единожды ход)",
          "coinlist": [
            {
              "coindescs": [
                {
                  "desc": "[OnSucceedAttack] Наносит 3 <sprite name=\"Laceration\"><color=#e30000><u><link=\"Laceration\">Кровотечения</link></u></color>"
                }
              ]
            },
            {
              "coindescs": [
                {
                  "desc": "[OnSucceedAttack] Наносит 3 <sprite name=\"Laceration\"><color=#e30000><u><link=\"Laceration\">Кровотечения</link></u></color>"
                }
              ]
            }
          ]
        }
      ]
    },
    {
      "id": 122802,
      "levelList": [
        {
          "level": 1,
          "name": "Наказание за убийство времени",
          "desc": "Сила в столкновении +2, пока в состоянии <sprite name=\"TimeAcceleration\"><color=#f0a200><u><link=\"TimeAcceleration\">Ускоренного времени</link></u></color>\n[WhenUse] При 700 и более <sprite name=\"LimitedTime\"><color=#cc9901><u><link=\"LimitedTime\">Украденного времени</link></u></color> повышает счетчик <sprite name=\"Laceration\"><color=#e30000><u><link=\"Laceration\">Кровотечения</link></u></color> цели на 3\n[WhenUse] При 500 и более <sprite name=\"LimitedTime\"><color=#cc9901><u><link=\"LimitedTime\">Украденного времени</link></u></color> повышает счетчик <sprite name=\"Laceration\"><color=#e30000><u><link=\"Laceration\">Кровотечения</link></u></color> цели еще на 1\n[WhenUse] При 400 и более <sprite name=\"LimitedTime\"><color=#cc9901><u><link=\"LimitedTime\">Украденного времени</link></u></color> \nтратит 20 <sprite name=\"LimitedTime\"><color=#cc9901><u><link=\"LimitedTime\">Украденного времени</link></u></color>, чтобы повысить наносимые этой атакой силу и счетчик <sprite name=\"Laceration\"><color=#e30000><u><link=\"Laceration\">Кровотечения</link></u></color> на 1",
          "coinlist": [
            {
              "coindescs": [
                {
                  "desc": "[OnSucceedAttack] Наносит 4 <sprite name=\"Laceration\"><color=#e30000><u><link=\"Laceration\">Кровотечения</link></u></color>"
                }
              ]
            },
            {
              "coindescs": [
                {
                  "desc": "[OnSucceedAttack] Повышает счетчик <sprite name=\"Laceration\"><color=#e30000><u><link=\"Laceration\">Кровотечения</link></u></color> на 2"
                }
              ]
            },
            {
              "coindescs": [
                {
                  "desc": "[OnSucceedAttack] Повышает счетчик <sprite name=\"Laceration\"><color=#e30000><u><link=\"Laceration\">Кровотечения</link></u></color> на 2"
                }
              ]
            }
          ]
        }
      ]
    },
    {
      "id": 122803,
      "levelList": [
        {
          "level": 1,
          "name": "Экстракция",
          "desc": "Сила монет +1, пока в состоянии <sprite name=\"TimeAcceleration\"><color=#f0a200><u><link=\"TimeAcceleration\">Ускоренного времени</link></u></color>\n[WhenUse] Если свои ОЗ ниже 75%, тратит 40 <sprite name=\"LimitedTime\"><color=#f0a200><u><link=\"LimitedTime\">Украденного времени</link></u></color> для получения +2 к Силе в столкновении (Единожды за ход)\n[DefeatDuel] Наносит на 80% меньше урона и не может оглушить цель",
          "coinlist": [
            {
              "coindescs": [
                {
                  "desc": "<sprite name=\"SuperCoin\"><color=#9f6a3a><u><link=\"SuperCoin\">Вечная монета</link></u></color>"
                },
                {
                  "desc": "[OnSucceedAttack] Наносит 3 <sprite name=\"Laceration\"><color=#e30000><u><link=\"Laceration\">Кровотечения</link></u></color>"
                }
              ]
            },
            {
              "coindescs": [
                {
                  "desc": "<sprite name=\"SuperCoin\"><color=#9f6a3a><u><link=\"SuperCoin\">Вечная монета</link></u></color>"
                },
                {
                  "desc": "[UnBrokenCoinOnSucceedAttack] Наносит 3 <sprite name=\"Laceration\"><color=#e30000><u><link=\"Laceration\">Кровотечения</link></u></color>"
                }
              ]
            },
            {
              "coindescs": [
                {
                  "desc": "<sprite name=\"SuperCoin\"><color=#9f6a3a><u><link=\"SuperCoin\">Вечная монета</link></u></color>"
                },
                {
                  "desc": "[UnBrokenCoinOnSucceedAttack] Наносит 3 <sprite name=\"Laceration\"><color=#e30000><u><link=\"Laceration\">Кровотечения</link></u></color>"
                }
              ]
            },
            {
              "coindescs": [
                {
                  "desc": "<sprite name=\"SuperCoin\"><color=#9f6a3a><u><link=\"SuperCoin\">Вечная монета</link></u></color>"
                },
                {
                  "desc": "[OnSucceedAttack] Повышает счетчик <sprite name=\"Laceration\"><color=#e30000><u><link=\"Laceration\">Кровотечения</link></u></color> на 2"
                }
              ]
            }
          ]
        }
      ]
    },
    {
      "id": 122804,
      "levelList": [
        {
          "level": 1,
          "name": "Рассечение",
          "desc": "[WhenUse] Если свои ОЗ ниже 75%, тратит 60 <sprite name=\"LimitedTime\"><color=#cc9901><u><link=\"LimitedTime\">Украденного времени</link></u></color> для получения +2 к Силе в столкновении\n[BeforeAttack] Количество целей повышается на 1, пока в состоянии <sprite name=\"TimeAcceleration\"><color=#f0a200><u><link=\"TimeAcceleration\">Ускоренного времени</link></u></color> ",
          "coinlist": [
            {
              "coindescs": [
                {
                  "desc": "<sprite name=\"SuperCoin\"><color=#9f6a3a><u><link=\"SuperCoin\">Вечная монета</link></u></color>"
                },
                {
                  "desc": "[OnSucceedAttack] Повышает счетчик <sprite name=\"Laceration\"><color=#e30000><u><link=\"Laceration\">Кровотечения</link></u></color> на 1"
                }
              ]
            },
            {
              "coindescs": [
                {
                  "desc": "<sprite name=\"SuperCoin\"><color=#9f6a3a><u><link=\"SuperCoin\">Вечная монета</link></u></color>"
                },
                {
                  "desc": "[OnSucceedAttack] Наносит 5 <sprite name=\"Laceration\"><color=#e30000><u><link=\"Laceration\">Кровотечения</link></u></color>"
                }
              ]
            }
          ]
        }
      ]
    },
    {
      "id": 122805,
      "levelList": [
        {
          "level": 1,
          "name": "Время спасения",
          "desc": "[CantDuel]\nВыбирает <sprite name=\"TimeKillerWatch\"><color=#c57609><u><link=\"TimeKillerWatch\">Целью спасения времени</link></u></color> противника, использовавшего атакующий навык против Потрошителя времени\n[StartBattle] Тратит 200 <sprite name=\"LimitedTime\"><color=#cc9901><u><link=\"LimitedTime\">Украденного времени</link></u></color> и переходит в состояние <sprite name=\"TimeAcceleration\"><color=#f0a200><u><link=\"TimeAcceleration\">Ускоренного времени</link></u></color> в следующем ходе",
          "coinlist": [
            {
              "coindescs": [
                {
                  "desc": ""
                }
              ]
            }
          ]
        }
      ]
    },
    {
      "id": 122806,
      "levelList": [
        {
          "level": 1,
          "name": "Уворот",
          "desc": "[WhenUse] Базовая сила +1 за каждые 100 <sprite name=\"LimitedTime\"><color=#cc9901><u><link=\"LimitedTime\">Украденного времени</link></u></color> (До 3)",
          "coinlist": [
            {
              "coindescs": [
                {
                  "desc": ""
                }
              ]
            }
          ]
        }
      ]
    },
    {
      "id": 122807,
      "levelList": [
        {
          "level": 1,
          "name": "Как же так...",
          "desc": "[DefeatDuel] Получает 1 <sprite name=\"Vulnerable\"><color=#e30000><u><link=\"Vulnerable\">Уязвимость</link></u></color>",
          "coinlist": [
            {
              "coindescs": [
                {
                  "desc": "[OnSucceedAttack] Наносит 3 <sprite name=\"Laceration\"><color=#e30000><u><link=\"Laceration\">Кровотечения</link></u></color>"
                }
              ]
            },
            {
              "coindescs": [
                {
                  "desc": "[OnSucceedAttack] Наносит 3 <sprite name=\"Laceration\"><color=#e30000><u><link=\"Laceration\">Кровотечения</link></u></color>"
                }
              ]
            }
          ]
        }
      ]
    },
    {
      "id": 122808,
      "levelList": [
        {
          "level": 1,
          "name": "У нас нехватка времени!",
          "desc": "[DefeatDuel] Получает 1 <sprite name=\"Vulnerable\"><color=#e30000><u><link=\"Vulnerable\">Уязвимость</link></u></color>",
          "coinlist": [
            {
              "coindescs": [
                {
                  "desc": "[OnSucceedAttack] Наносит 3 <sprite name=\"Laceration\"><color=#e30000><u><link=\"Laceration\">Кровотечения</link></u></color>"
                }
              ]
            },
            {
              "coindescs": [
                {
                  "desc": "[OnSucceedAttack] Наносит 3 <sprite name=\"Laceration\"><color=#e30000><u><link=\"Laceration\">Кровотечения</link></u></color>"
                }
              ]
            },
            {
              "coindescs": [
                {
                  "desc": "[OnSucceedAttack] Наносит 3 <sprite name=\"Laceration\"><color=#e30000><u><link=\"Laceration\">Кровотечения</link></u></color>"
                }
              ]
            },
            {
              "coindescs": [
                {
                  "desc": "[OnSucceedAttack] Повышает счетчик <sprite name=\"Laceration\"><color=#e30000><u><link=\"Laceration\">Кровотечения</link></u></color> на 2"
                }
              ]
            }
          ]
        }
      ]
    },
    {
      "id": 122901,
      "levelList": [
        {
          "level": 1,
          "name": "Тебе страшно?",
          "desc": "Сила в столкновении +1, пока в состоянии <sprite name=\"TimeAcceleration\"><color=#f0a200><u><link=\"TimeAcceleration\">Ускоренного времени</link></u></color>\n[DefeatDuel] Если свои ОЗ ниже 75%, тратит 40 <sprite name=\"OwnTime\"><color=#f5be14><u><link=\"OwnTime\">Распределенного времени</link></u></color> для получения 1 <sprite name=\"Protection\"><color=#f8c200><u><link=\"Protection\">Защищенности</link></u></color> (Единожды ход)",
          "coinlist": [
            {
              "coindescs": [
                {
                  "desc": "[OnSucceedAttack] Наносит 3 <sprite name=\"Laceration\"><color=#e30000><u><link=\"Laceration\">Кровотечения</link></u></color>"
                }
              ]
            },
            {
              "coindescs": [
                {
                  "desc": "[OnSucceedAttack] Наносит 3 <sprite name=\"Laceration\"><color=#e30000><u><link=\"Laceration\">Кровотечения</link></u></color>"
                }
              ]
            }
          ]
        }
      ]
    },
    {
      "id": 122902,
      "levelList": [
        {
          "level": 1,
          "name": "Наказание за убийство времени",
          "desc": "Сила в столкновении +2, пока в состоянии <sprite name=\"TimeAcceleration\"><color=#f0a200><u><link=\"TimeAcceleration\">Ускоренного времени</link></u></color>\n[WhenUse] Если сумма <sprite name=\"OwnTime\"><color=#f5be14><u><link=\"OwnTime\">Распределенного времени</link></u></color> всех частей составляет 600 и более, повышает счетчик <sprite name=\"Laceration\"><color=#e30000><u><link=\"Laceration\">Кровотечения</link></u></color> цели на 3\n[WhenUse] Если сумма <sprite name=\"OwnTime\"><color=#f5be14><u><link=\"OwnTime\">Распределенного времени</link></u></color> всех частей составляет 500 и более, повышает счетчик <sprite name=\"Laceration\"><color=#e30000><u><link=\"Laceration\">Кровотечения</link></u></color> цели еще на 1\n[WhenUse] Если сумма <sprite name=\"OwnTime\"><color=#f5be14><u><link=\"OwnTime\">Распределенного времени</link></u></color> всех частей составляет 400 и более, тратит 20 <sprite name=\"OwnTime\"><color=#f5be14><u><link=\"OwnTime\">Распределенного времени</link></u></color> для повышения наносимых этой атакой силы и счетчика <sprite name=\"Laceration\"><color=#e30000><u><link=\"Laceration\">Кровотечения</link></u></color> на 1",
          "coinlist": [
            {
              "coindescs": [
                {
                  "desc": "[OnSucceedAttack] Наносит 4 <sprite name=\"Laceration\"><color=#e30000><u><link=\"Laceration\">Кровотечения</link></u></color>"
                }
              ]
            },
            {
              "coindescs": [
                {
                  "desc": "[OnSucceedAttack] Повышает счетчик <sprite name=\"Laceration\"><color=#e30000><u><link=\"Laceration\">Кровотечения</link></u></color> на 2"
                }
              ]
            },
            {
              "coindescs": [
                {
                  "desc": "[OnSucceedAttack] Повышает счетчик <sprite name=\"Laceration\"><color=#e30000><u><link=\"Laceration\">Кровотечения</link></u></color> на 2"
                }
              ]
            }
          ]
        }
      ]
    },
    {
      "id": 122903,
      "levelList": [
        {
          "level": 1,
          "name": "Экстракция",
          "desc": "Сила монет +1, пока в состоянии <sprite name=\"TimeAcceleration\"><color=#f0a200><u><link=\"TimeAcceleration\">Ускоренного времени</link></u></color>\n[WhenUse] Если свои ОЗ ниже 75%, тратит 40 <sprite name=\"OwnTime\"><color=#f5be14><u><link=\"OwnTime\">Распределенного времени</link></u></color> для получения +2 к Силе в столкновении (Единожды за ход)\n[DefeatDuel] Наносит на 80% меньше урона и не может оглушить цель",
          "coinlist": [
            {
              "coindescs": [
                {
                  "desc": "<sprite name=\"SuperCoin\"><color=#9f6a3a><u><link=\"SuperCoin\">Вечная монета</link></u></color>"
                },
                {
                  "desc": "[OnSucceedAttack] Наносит 3 <sprite name=\"Laceration\"><color=#e30000><u><link=\"Laceration\">Кровотечения</link></u></color>"
                }
              ]
            },
            {
              "coindescs": [
                {
                  "desc": "<sprite name=\"SuperCoin\"><color=#9f6a3a><u><link=\"SuperCoin\">Вечная монета</link></u></color>"
                },
                {
                  "desc": "[UnBrokenCoinOnSucceedAttack] Наносит 3 <sprite name=\"Laceration\"><color=#e30000><u><link=\"Laceration\">Кровотечения</link></u></color>"
                }
              ]
            },
            {
              "coindescs": [
                {
                  "desc": "<sprite name=\"SuperCoin\"><color=#9f6a3a><u><link=\"SuperCoin\">Вечная монета</link></u></color>"
                },
                {
                  "desc": "[UnBrokenCoinOnSucceedAttack] Наносит 3 <sprite name=\"Laceration\"><color=#e30000><u><link=\"Laceration\">Кровотечения</link></u></color>"
                }
              ]
            },
            {
              "coindescs": [
                {
                  "desc": "<sprite name=\"SuperCoin\"><color=#9f6a3a><u><link=\"SuperCoin\">Вечная монета</link></u></color>"
                },
                {
                  "desc": "[OnSucceedAttack] Повышает счетчик <sprite name=\"Laceration\"><color=#e30000><u><link=\"Laceration\">Кровотечения</link></u></color> на 2"
                }
              ]
            }
          ]
        }
      ]
    },
    {
      "id": 122904,
      "levelList": [
        {
          "level": 1,
          "name": "Рассечение",
          "desc": "[WhenUse] Если свои ОЗ ниже 75%, тратит 60 <sprite name=\"OwnTime\"><color=#f5be14><u><link=\"OwnTime\">Распределенного времени</link></u></color> для получения +2 к Силе в столкновении\n[BeforeAttack] Количество целей повышается на 3, пока в состоянии <sprite name=\"TimeAcceleration\"><color=#f0a200><u><link=\"TimeAcceleration\">Ускоренного времени</link></u></color>\n[BeforeAttack] Если свои ОЗ ниже 60%, тратит 10 <sprite name=\"OwnTime\"><color=#f5be14><u><link=\"OwnTime\">Распределенного времени</link></u></color> для повышения Количества целей на 1",
          "coinlist": [
            {
              "coindescs": [
                {
                  "desc": "<sprite name=\"SuperCoin\"><color=#9f6a3a><u><link=\"SuperCoin\">Вечная монета</link></u></color>"
                },
                {
                  "desc": "[OnSucceedAttack] Повышает счетчик <sprite name=\"Laceration\"><color=#e30000><u><link=\"Laceration\">Кровотечения</link></u></color> на 1"
                }
              ]
            },
            {
              "coindescs": [
                {
                  "desc": "<sprite name=\"SuperCoin\"><color=#9f6a3a><u><link=\"SuperCoin\">Вечная монета</link></u></color>"
                },
                {
                  "desc": "[OnSucceedAttack] Наносит 5 <sprite name=\"Laceration\"><color=#e30000><u><link=\"Laceration\">Кровотечения</link></u></color>"
                }
              ]
            }
          ]
        }
      ]
    },
    {
      "id": 122905,
      "levelList": [
        {
          "level": 1,
          "name": "Время спасения",
          "desc": "[CantDuel]\nВыбирает <sprite name=\"TimeKillerWatch\"><color=#c57609><u><link=\"TimeKillerWatch\">Целью спасения времени</link></u></color> противника, использовавшего атакующий навык против Потрошителя времени\n[StartBattle] Тратит 200 <sprite name=\"OwnTime\"><color=#f5be14><u><link=\"OwnTime\">Распределенного времени</link></u></color> и переходит в состояние <sprite name=\"TimeAcceleration\"><color=#f0a200><u><link=\"TimeAcceleration\">Ускоренного времени</link></u></color> в следующем ходе",
          "coinlist": [
            {
              "coindescs": [
                {
                  "desc": ""
                }
              ]
            }
          ]
        }
      ]
    },
    {
      "id": 122906,
      "levelList": [
        {
          "level": 1,
          "name": "Уворот",
          "desc": "[WhenUse] Базовая сила +1 за каждые 50 в сумме <sprite name=\"OwnTime\"><color=#f5be14><u><link=\"OwnTime\">Распределенного времени</link></u></color> всех частей (До 3)",
          "coinlist": [
            {
              "coindescs": [
                {
                  "desc": ""
                }
              ]
            }
          ]
        }
      ]
    },
    {
      "id": 122907,
      "levelList": [
        {
          "level": 1,
          "name": "Время, убивающее время",
          "desc": "[CantDuel]\nСкорость Потрошителя времени фиксируется на 24\nПотрошителя времени нельзя оглушить в этом ходе\n[WhenUse] Тратит в общей сложности 400 <sprite name=\"OwnTime\"><color=#f5be14><u><link=\"OwnTime\">Распределенного времени</link></u></color> со всех частей",
          "coinlist": [
            {
              "coindescs": [
                {
                  "desc": "[OnSucceedAttack] Стирает время цели. Если время цели стерто, все части полностью восстанавливают <sprite name=\"OwnTime\"><color=#f5be14><u><link=\"OwnTime\">Распределенное время</link></u></color>, а также получают 10 <sprite name=\"Agility\"><color=#f8c200><u><link=\"Agility\">Спешки</link></u></color> и 10 <sprite name=\"Enhancement\"><color=#f8c200><u><link=\"Enhancement\">Повышений силы атаки</link></u></color> на следующий ход"
                }
              ]
            }
          ]
        }
      ]
    },
    {
      "id": 122908,
      "levelList": [
        {
          "level": 1,
          "name": "Мне нужно больше времени!",
          "desc": "",
          "coinlist": [
            {}
          ]
        }
      ]
    }
  ]
}